:: loading settings :: url = jar:file:/opt/spark/jars/ivy-2.5.1.jar!/org/apache/ivy/core/settings/ivysettings.xml
Ivy Default Cache set to: /tmp/.ivy2/cache
The jars for the packages stored in: /tmp/.ivy2/jars
org.apache.spark#spark-sql-kafka-0-10_2.12 added as a dependency
io.delta#delta-spark_2.12 added as a dependency
:: resolving dependencies :: org.apache.spark#spark-submit-parent-f4e9e96b-6314-41c5-af97-b85acf5fc9c6;1.0
	confs: [default]
	found org.apache.spark#spark-sql-kafka-0-10_2.12;3.5.1 in central
	found org.apache.spark#spark-token-provider-kafka-0-10_2.12;3.5.1 in central
	found org.apache.kafka#kafka-clients;3.4.1 in central
	found org.lz4#lz4-java;1.8.0 in central
	found org.xerial.snappy#snappy-java;1.1.10.3 in central
	found org.slf4j#slf4j-api;2.0.7 in central
	found org.apache.hadoop#hadoop-client-runtime;3.3.4 in central
	found org.apache.hadoop#hadoop-client-api;3.3.4 in central
	found commons-logging#commons-logging;1.1.3 in central
	found com.google.code.findbugs#jsr305;3.0.0 in central
	found org.apache.commons#commons-pool2;2.11.1 in central
	found io.delta#delta-spark_2.12;3.1.0 in central
	found io.delta#delta-storage;3.1.0 in central
	found org.antlr#antlr4-runtime;4.9.3 in central
:: resolution report :: resolve 582ms :: artifacts dl 20ms
	:: modules in use:
	com.google.code.findbugs#jsr305;3.0.0 from central in [default]
	commons-logging#commons-logging;1.1.3 from central in [default]
	io.delta#delta-spark_2.12;3.1.0 from central in [default]
	io.delta#delta-storage;3.1.0 from central in [default]
	org.antlr#antlr4-runtime;4.9.3 from central in [default]
	org.apache.commons#commons-pool2;2.11.1 from central in [default]
	org.apache.hadoop#hadoop-client-api;3.3.4 from central in [default]
	org.apache.hadoop#hadoop-client-runtime;3.3.4 from central in [default]
	org.apache.kafka#kafka-clients;3.4.1 from central in [default]
	org.apache.spark#spark-sql-kafka-0-10_2.12;3.5.1 from central in [default]
	org.apache.spark#spark-token-provider-kafka-0-10_2.12;3.5.1 from central in [default]
	org.lz4#lz4-java;1.8.0 from central in [default]
	org.slf4j#slf4j-api;2.0.7 from central in [default]
	org.xerial.snappy#snappy-java;1.1.10.3 from central in [default]
	---------------------------------------------------------------------
	|                  |            modules            ||   artifacts   |
	|       conf       | number| search|dwnlded|evicted|| number|dwnlded|
	---------------------------------------------------------------------
	|      default     |   14  |   0   |   0   |   0   ||   14  |   0   |
	---------------------------------------------------------------------
:: retrieving :: org.apache.spark#spark-submit-parent-f4e9e96b-6314-41c5-af97-b85acf5fc9c6
	confs: [default]
	0 artifacts copied, 14 already retrieved (0kB/12ms)
26/07/02 18:19:47 WARN NativeCodeLoader: Unable to load native-hadoop library for your platform... using builtin-java classes where applicable
redpanda:9092 ad-stream-topic gs://ads-deltalake
gs://ads-deltalake/bronze/ gs://ads-deltalake/checkpoints/bronze/
26/07/02 18:19:48 INFO SparkContext: Running Spark version 3.5.1
26/07/02 18:19:48 INFO SparkContext: OS info Linux, 6.1.0-49-cloud-amd64, amd64
26/07/02 18:19:48 INFO SparkContext: Java version 11.0.22
26/07/02 18:19:48 INFO ResourceUtils: ==============================================================
26/07/02 18:19:48 INFO ResourceUtils: No custom resources configured for spark.driver.
26/07/02 18:19:48 INFO ResourceUtils: ==============================================================
26/07/02 18:19:48 INFO SparkContext: Submitted application: Ads_bronze
26/07/02 18:19:48 INFO ResourceProfile: Default ResourceProfile created, executor resources: Map(cores -> name: cores, amount: 1, script: , vendor: , memory -> name: memory, amount: 1024, script: , vendor: , offHeap -> name: offHeap, amount: 0, script: , vendor: ), task resources: Map(cpus -> name: cpus, amount: 1.0)
26/07/02 18:19:48 INFO ResourceProfile: Limiting resource is cpu
26/07/02 18:19:48 INFO ResourceProfileManager: Added ResourceProfile id: 0
26/07/02 18:19:48 INFO SecurityManager: Changing view acls to: spark
26/07/02 18:19:48 INFO SecurityManager: Changing modify acls to: spark
26/07/02 18:19:48 INFO SecurityManager: Changing view acls groups to: 
26/07/02 18:19:48 INFO SecurityManager: Changing modify acls groups to: 
26/07/02 18:19:48 INFO SecurityManager: SecurityManager: authentication disabled; ui acls disabled; users with view permissions: spark; groups with view permissions: EMPTY; users with modify permissions: spark; groups with modify permissions: EMPTY
26/07/02 18:19:48 INFO Utils: Successfully started service 'sparkDriver' on port 38475.
26/07/02 18:19:48 INFO SparkEnv: Registering MapOutputTracker
26/07/02 18:19:49 INFO SparkEnv: Registering BlockManagerMaster
26/07/02 18:19:49 INFO BlockManagerMasterEndpoint: Using org.apache.spark.storage.DefaultTopologyMapper for getting topology information
26/07/02 18:19:49 INFO BlockManagerMasterEndpoint: BlockManagerMasterEndpoint up
26/07/02 18:19:49 INFO SparkEnv: Registering BlockManagerMasterHeartbeat
26/07/02 18:19:49 INFO DiskBlockManager: Created local directory at /tmp/blockmgr-8d099c36-1b5b-467b-b304-624d81344091
26/07/02 18:19:49 INFO MemoryStore: MemoryStore started with capacity 434.4 MiB
26/07/02 18:19:49 INFO SparkEnv: Registering OutputCommitCoordinator
26/07/02 18:19:49 INFO JettyUtils: Start Jetty 0.0.0.0:4040 for SparkUI
26/07/02 18:19:49 INFO Utils: Successfully started service 'SparkUI' on port 4040.
26/07/02 18:19:49 INFO SparkContext: Added JAR file:///tmp/.ivy2/gcs-connector-hadoop3-2.2.16-shaded.jar at spark://spark-master:38475/jars/gcs-connector-hadoop3-2.2.16-shaded.jar with timestamp 1783016388327
26/07/02 18:19:49 INFO SparkContext: Added JAR file:///tmp/.ivy2/jars/org.apache.spark_spark-sql-kafka-0-10_2.12-3.5.1.jar at spark://spark-master:38475/jars/org.apache.spark_spark-sql-kafka-0-10_2.12-3.5.1.jar with timestamp 1783016388327
26/07/02 18:19:49 INFO SparkContext: Added JAR file:///tmp/.ivy2/jars/io.delta_delta-spark_2.12-3.1.0.jar at spark://spark-master:38475/jars/io.delta_delta-spark_2.12-3.1.0.jar with timestamp 1783016388327
26/07/02 18:19:49 INFO SparkContext: Added JAR file:///tmp/.ivy2/jars/org.apache.spark_spark-token-provider-kafka-0-10_2.12-3.5.1.jar at spark://spark-master:38475/jars/org.apache.spark_spark-token-provider-kafka-0-10_2.12-3.5.1.jar with timestamp 1783016388327
26/07/02 18:19:49 INFO SparkContext: Added JAR file:///tmp/.ivy2/jars/org.apache.kafka_kafka-clients-3.4.1.jar at spark://spark-master:38475/jars/org.apache.kafka_kafka-clients-3.4.1.jar with timestamp 1783016388327
26/07/02 18:19:49 INFO SparkContext: Added JAR file:///tmp/.ivy2/jars/com.google.code.findbugs_jsr305-3.0.0.jar at spark://spark-master:38475/jars/com.google.code.findbugs_jsr305-3.0.0.jar with timestamp 1783016388327
26/07/02 18:19:49 INFO SparkContext: Added JAR file:///tmp/.ivy2/jars/org.apache.commons_commons-pool2-2.11.1.jar at spark://spark-master:38475/jars/org.apache.commons_commons-pool2-2.11.1.jar with timestamp 1783016388327
26/07/02 18:19:49 INFO SparkContext: Added JAR file:///tmp/.ivy2/jars/org.apache.hadoop_hadoop-client-runtime-3.3.4.jar at spark://spark-master:38475/jars/org.apache.hadoop_hadoop-client-runtime-3.3.4.jar with timestamp 1783016388327
26/07/02 18:19:49 INFO SparkContext: Added JAR file:///tmp/.ivy2/jars/org.lz4_lz4-java-1.8.0.jar at spark://spark-master:38475/jars/org.lz4_lz4-java-1.8.0.jar with timestamp 1783016388327
26/07/02 18:19:49 INFO SparkContext: Added JAR file:///tmp/.ivy2/jars/org.xerial.snappy_snappy-java-1.1.10.3.jar at spark://spark-master:38475/jars/org.xerial.snappy_snappy-java-1.1.10.3.jar with timestamp 1783016388327
26/07/02 18:19:49 INFO SparkContext: Added JAR file:///tmp/.ivy2/jars/org.slf4j_slf4j-api-2.0.7.jar at spark://spark-master:38475/jars/org.slf4j_slf4j-api-2.0.7.jar with timestamp 1783016388327
26/07/02 18:19:49 INFO SparkContext: Added JAR file:///tmp/.ivy2/jars/org.apache.hadoop_hadoop-client-api-3.3.4.jar at spark://spark-master:38475/jars/org.apache.hadoop_hadoop-client-api-3.3.4.jar with timestamp 1783016388327
26/07/02 18:19:49 INFO SparkContext: Added JAR file:///tmp/.ivy2/jars/commons-logging_commons-logging-1.1.3.jar at spark://spark-master:38475/jars/commons-logging_commons-logging-1.1.3.jar with timestamp 1783016388327
26/07/02 18:19:49 INFO SparkContext: Added JAR file:///tmp/.ivy2/jars/io.delta_delta-storage-3.1.0.jar at spark://spark-master:38475/jars/io.delta_delta-storage-3.1.0.jar with timestamp 1783016388327
26/07/02 18:19:49 INFO SparkContext: Added JAR file:///tmp/.ivy2/jars/org.antlr_antlr4-runtime-4.9.3.jar at spark://spark-master:38475/jars/org.antlr_antlr4-runtime-4.9.3.jar with timestamp 1783016388327
26/07/02 18:19:49 INFO SparkContext: Added file file:///tmp/.ivy2/jars/org.apache.spark_spark-sql-kafka-0-10_2.12-3.5.1.jar at file:///tmp/.ivy2/jars/org.apache.spark_spark-sql-kafka-0-10_2.12-3.5.1.jar with timestamp 1783016388327
26/07/02 18:19:49 INFO Utils: Copying /tmp/.ivy2/jars/org.apache.spark_spark-sql-kafka-0-10_2.12-3.5.1.jar to /tmp/spark-707a64f3-c277-4fd2-98cb-c4dadf55e757/userFiles-b7e263a2-9947-4e4e-b456-71880f5fcf7f/org.apache.spark_spark-sql-kafka-0-10_2.12-3.5.1.jar
26/07/02 18:19:49 INFO SparkContext: Added file file:///tmp/.ivy2/jars/io.delta_delta-spark_2.12-3.1.0.jar at file:///tmp/.ivy2/jars/io.delta_delta-spark_2.12-3.1.0.jar with timestamp 1783016388327
26/07/02 18:19:49 INFO Utils: Copying /tmp/.ivy2/jars/io.delta_delta-spark_2.12-3.1.0.jar to /tmp/spark-707a64f3-c277-4fd2-98cb-c4dadf55e757/userFiles-b7e263a2-9947-4e4e-b456-71880f5fcf7f/io.delta_delta-spark_2.12-3.1.0.jar
26/07/02 18:19:49 INFO SparkContext: Added file file:///tmp/.ivy2/jars/org.apache.spark_spark-token-provider-kafka-0-10_2.12-3.5.1.jar at file:///tmp/.ivy2/jars/org.apache.spark_spark-token-provider-kafka-0-10_2.12-3.5.1.jar with timestamp 1783016388327
26/07/02 18:19:49 INFO Utils: Copying /tmp/.ivy2/jars/org.apache.spark_spark-token-provider-kafka-0-10_2.12-3.5.1.jar to /tmp/spark-707a64f3-c277-4fd2-98cb-c4dadf55e757/userFiles-b7e263a2-9947-4e4e-b456-71880f5fcf7f/org.apache.spark_spark-token-provider-kafka-0-10_2.12-3.5.1.jar
26/07/02 18:19:49 INFO SparkContext: Added file file:///tmp/.ivy2/jars/org.apache.kafka_kafka-clients-3.4.1.jar at file:///tmp/.ivy2/jars/org.apache.kafka_kafka-clients-3.4.1.jar with timestamp 1783016388327
26/07/02 18:19:49 INFO Utils: Copying /tmp/.ivy2/jars/org.apache.kafka_kafka-clients-3.4.1.jar to /tmp/spark-707a64f3-c277-4fd2-98cb-c4dadf55e757/userFiles-b7e263a2-9947-4e4e-b456-71880f5fcf7f/org.apache.kafka_kafka-clients-3.4.1.jar
26/07/02 18:19:49 INFO SparkContext: Added file file:///tmp/.ivy2/jars/com.google.code.findbugs_jsr305-3.0.0.jar at file:///tmp/.ivy2/jars/com.google.code.findbugs_jsr305-3.0.0.jar with timestamp 1783016388327
26/07/02 18:19:49 INFO Utils: Copying /tmp/.ivy2/jars/com.google.code.findbugs_jsr305-3.0.0.jar to /tmp/spark-707a64f3-c277-4fd2-98cb-c4dadf55e757/userFiles-b7e263a2-9947-4e4e-b456-71880f5fcf7f/com.google.code.findbugs_jsr305-3.0.0.jar
26/07/02 18:19:49 INFO SparkContext: Added file file:///tmp/.ivy2/jars/org.apache.commons_commons-pool2-2.11.1.jar at file:///tmp/.ivy2/jars/org.apache.commons_commons-pool2-2.11.1.jar with timestamp 1783016388327
26/07/02 18:19:49 INFO Utils: Copying /tmp/.ivy2/jars/org.apache.commons_commons-pool2-2.11.1.jar to /tmp/spark-707a64f3-c277-4fd2-98cb-c4dadf55e757/userFiles-b7e263a2-9947-4e4e-b456-71880f5fcf7f/org.apache.commons_commons-pool2-2.11.1.jar
26/07/02 18:19:49 INFO SparkContext: Added file file:///tmp/.ivy2/jars/org.apache.hadoop_hadoop-client-runtime-3.3.4.jar at file:///tmp/.ivy2/jars/org.apache.hadoop_hadoop-client-runtime-3.3.4.jar with timestamp 1783016388327
26/07/02 18:19:49 INFO Utils: Copying /tmp/.ivy2/jars/org.apache.hadoop_hadoop-client-runtime-3.3.4.jar to /tmp/spark-707a64f3-c277-4fd2-98cb-c4dadf55e757/userFiles-b7e263a2-9947-4e4e-b456-71880f5fcf7f/org.apache.hadoop_hadoop-client-runtime-3.3.4.jar
26/07/02 18:19:49 INFO SparkContext: Added file file:///tmp/.ivy2/jars/org.lz4_lz4-java-1.8.0.jar at file:///tmp/.ivy2/jars/org.lz4_lz4-java-1.8.0.jar with timestamp 1783016388327
26/07/02 18:19:49 INFO Utils: Copying /tmp/.ivy2/jars/org.lz4_lz4-java-1.8.0.jar to /tmp/spark-707a64f3-c277-4fd2-98cb-c4dadf55e757/userFiles-b7e263a2-9947-4e4e-b456-71880f5fcf7f/org.lz4_lz4-java-1.8.0.jar
26/07/02 18:19:49 INFO SparkContext: Added file file:///tmp/.ivy2/jars/org.xerial.snappy_snappy-java-1.1.10.3.jar at file:///tmp/.ivy2/jars/org.xerial.snappy_snappy-java-1.1.10.3.jar with timestamp 1783016388327
26/07/02 18:19:49 INFO Utils: Copying /tmp/.ivy2/jars/org.xerial.snappy_snappy-java-1.1.10.3.jar to /tmp/spark-707a64f3-c277-4fd2-98cb-c4dadf55e757/userFiles-b7e263a2-9947-4e4e-b456-71880f5fcf7f/org.xerial.snappy_snappy-java-1.1.10.3.jar
26/07/02 18:19:49 INFO SparkContext: Added file file:///tmp/.ivy2/jars/org.slf4j_slf4j-api-2.0.7.jar at file:///tmp/.ivy2/jars/org.slf4j_slf4j-api-2.0.7.jar with timestamp 1783016388327
26/07/02 18:19:49 INFO Utils: Copying /tmp/.ivy2/jars/org.slf4j_slf4j-api-2.0.7.jar to /tmp/spark-707a64f3-c277-4fd2-98cb-c4dadf55e757/userFiles-b7e263a2-9947-4e4e-b456-71880f5fcf7f/org.slf4j_slf4j-api-2.0.7.jar
26/07/02 18:19:49 INFO SparkContext: Added file file:///tmp/.ivy2/jars/org.apache.hadoop_hadoop-client-api-3.3.4.jar at file:///tmp/.ivy2/jars/org.apache.hadoop_hadoop-client-api-3.3.4.jar with timestamp 1783016388327
26/07/02 18:19:49 INFO Utils: Copying /tmp/.ivy2/jars/org.apache.hadoop_hadoop-client-api-3.3.4.jar to /tmp/spark-707a64f3-c277-4fd2-98cb-c4dadf55e757/userFiles-b7e263a2-9947-4e4e-b456-71880f5fcf7f/org.apache.hadoop_hadoop-client-api-3.3.4.jar
26/07/02 18:19:49 INFO SparkContext: Added file file:///tmp/.ivy2/jars/commons-logging_commons-logging-1.1.3.jar at file:///tmp/.ivy2/jars/commons-logging_commons-logging-1.1.3.jar with timestamp 1783016388327
26/07/02 18:19:49 INFO Utils: Copying /tmp/.ivy2/jars/commons-logging_commons-logging-1.1.3.jar to /tmp/spark-707a64f3-c277-4fd2-98cb-c4dadf55e757/userFiles-b7e263a2-9947-4e4e-b456-71880f5fcf7f/commons-logging_commons-logging-1.1.3.jar
26/07/02 18:19:49 INFO SparkContext: Added file file:///tmp/.ivy2/jars/io.delta_delta-storage-3.1.0.jar at file:///tmp/.ivy2/jars/io.delta_delta-storage-3.1.0.jar with timestamp 1783016388327
26/07/02 18:19:49 INFO Utils: Copying /tmp/.ivy2/jars/io.delta_delta-storage-3.1.0.jar to /tmp/spark-707a64f3-c277-4fd2-98cb-c4dadf55e757/userFiles-b7e263a2-9947-4e4e-b456-71880f5fcf7f/io.delta_delta-storage-3.1.0.jar
26/07/02 18:19:49 INFO SparkContext: Added file file:///tmp/.ivy2/jars/org.antlr_antlr4-runtime-4.9.3.jar at file:///tmp/.ivy2/jars/org.antlr_antlr4-runtime-4.9.3.jar with timestamp 1783016388327
26/07/02 18:19:49 INFO Utils: Copying /tmp/.ivy2/jars/org.antlr_antlr4-runtime-4.9.3.jar to /tmp/spark-707a64f3-c277-4fd2-98cb-c4dadf55e757/userFiles-b7e263a2-9947-4e4e-b456-71880f5fcf7f/org.antlr_antlr4-runtime-4.9.3.jar
26/07/02 18:19:50 INFO Executor: Starting executor ID driver on host spark-master
26/07/02 18:19:50 INFO Executor: OS info Linux, 6.1.0-49-cloud-amd64, amd64
26/07/02 18:19:50 INFO Executor: Java version 11.0.22
26/07/02 18:19:50 INFO Executor: Starting executor with user classpath (userClassPathFirst = false): ''
26/07/02 18:19:50 INFO Executor: Created or updated repl class loader org.apache.spark.util.MutableURLClassLoader@3f2a3140 for default.
26/07/02 18:19:50 INFO Executor: Fetching file:///tmp/.ivy2/jars/org.apache.hadoop_hadoop-client-runtime-3.3.4.jar with timestamp 1783016388327
26/07/02 18:19:50 INFO Utils: /tmp/.ivy2/jars/org.apache.hadoop_hadoop-client-runtime-3.3.4.jar has been previously copied to /tmp/spark-707a64f3-c277-4fd2-98cb-c4dadf55e757/userFiles-b7e263a2-9947-4e4e-b456-71880f5fcf7f/org.apache.hadoop_hadoop-client-runtime-3.3.4.jar
26/07/02 18:19:50 INFO Executor: Fetching file:///tmp/.ivy2/jars/com.google.code.findbugs_jsr305-3.0.0.jar with timestamp 1783016388327
26/07/02 18:19:50 INFO Utils: /tmp/.ivy2/jars/com.google.code.findbugs_jsr305-3.0.0.jar has been previously copied to /tmp/spark-707a64f3-c277-4fd2-98cb-c4dadf55e757/userFiles-b7e263a2-9947-4e4e-b456-71880f5fcf7f/com.google.code.findbugs_jsr305-3.0.0.jar
26/07/02 18:19:50 INFO Executor: Fetching file:///tmp/.ivy2/jars/org.apache.spark_spark-token-provider-kafka-0-10_2.12-3.5.1.jar with timestamp 1783016388327
26/07/02 18:19:50 INFO Utils: /tmp/.ivy2/jars/org.apache.spark_spark-token-provider-kafka-0-10_2.12-3.5.1.jar has been previously copied to /tmp/spark-707a64f3-c277-4fd2-98cb-c4dadf55e757/userFiles-b7e263a2-9947-4e4e-b456-71880f5fcf7f/org.apache.spark_spark-token-provider-kafka-0-10_2.12-3.5.1.jar
26/07/02 18:19:50 INFO Executor: Fetching file:///tmp/.ivy2/jars/org.apache.commons_commons-pool2-2.11.1.jar with timestamp 1783016388327
26/07/02 18:19:50 INFO Utils: /tmp/.ivy2/jars/org.apache.commons_commons-pool2-2.11.1.jar has been previously copied to /tmp/spark-707a64f3-c277-4fd2-98cb-c4dadf55e757/userFiles-b7e263a2-9947-4e4e-b456-71880f5fcf7f/org.apache.commons_commons-pool2-2.11.1.jar
26/07/02 18:19:50 INFO Executor: Fetching file:///tmp/.ivy2/jars/org.apache.kafka_kafka-clients-3.4.1.jar with timestamp 1783016388327
26/07/02 18:19:50 INFO Utils: /tmp/.ivy2/jars/org.apache.kafka_kafka-clients-3.4.1.jar has been previously copied to /tmp/spark-707a64f3-c277-4fd2-98cb-c4dadf55e757/userFiles-b7e263a2-9947-4e4e-b456-71880f5fcf7f/org.apache.kafka_kafka-clients-3.4.1.jar
26/07/02 18:19:50 INFO Executor: Fetching file:///tmp/.ivy2/jars/io.delta_delta-storage-3.1.0.jar with timestamp 1783016388327
26/07/02 18:19:50 INFO Utils: /tmp/.ivy2/jars/io.delta_delta-storage-3.1.0.jar has been previously copied to /tmp/spark-707a64f3-c277-4fd2-98cb-c4dadf55e757/userFiles-b7e263a2-9947-4e4e-b456-71880f5fcf7f/io.delta_delta-storage-3.1.0.jar
26/07/02 18:19:50 INFO Executor: Fetching file:///tmp/.ivy2/jars/org.lz4_lz4-java-1.8.0.jar with timestamp 1783016388327
26/07/02 18:19:50 INFO Utils: /tmp/.ivy2/jars/org.lz4_lz4-java-1.8.0.jar has been previously copied to /tmp/spark-707a64f3-c277-4fd2-98cb-c4dadf55e757/userFiles-b7e263a2-9947-4e4e-b456-71880f5fcf7f/org.lz4_lz4-java-1.8.0.jar
26/07/02 18:19:50 INFO Executor: Fetching file:///tmp/.ivy2/jars/org.apache.hadoop_hadoop-client-api-3.3.4.jar with timestamp 1783016388327
26/07/02 18:19:50 INFO Utils: /tmp/.ivy2/jars/org.apache.hadoop_hadoop-client-api-3.3.4.jar has been previously copied to /tmp/spark-707a64f3-c277-4fd2-98cb-c4dadf55e757/userFiles-b7e263a2-9947-4e4e-b456-71880f5fcf7f/org.apache.hadoop_hadoop-client-api-3.3.4.jar
26/07/02 18:19:50 INFO Executor: Fetching file:///tmp/.ivy2/jars/org.antlr_antlr4-runtime-4.9.3.jar with timestamp 1783016388327
26/07/02 18:19:50 INFO Utils: /tmp/.ivy2/jars/org.antlr_antlr4-runtime-4.9.3.jar has been previously copied to /tmp/spark-707a64f3-c277-4fd2-98cb-c4dadf55e757/userFiles-b7e263a2-9947-4e4e-b456-71880f5fcf7f/org.antlr_antlr4-runtime-4.9.3.jar
26/07/02 18:19:50 INFO Executor: Fetching file:///tmp/.ivy2/jars/org.xerial.snappy_snappy-java-1.1.10.3.jar with timestamp 1783016388327
26/07/02 18:19:50 INFO Utils: /tmp/.ivy2/jars/org.xerial.snappy_snappy-java-1.1.10.3.jar has been previously copied to /tmp/spark-707a64f3-c277-4fd2-98cb-c4dadf55e757/userFiles-b7e263a2-9947-4e4e-b456-71880f5fcf7f/org.xerial.snappy_snappy-java-1.1.10.3.jar
26/07/02 18:19:50 INFO Executor: Fetching file:///tmp/.ivy2/jars/org.slf4j_slf4j-api-2.0.7.jar with timestamp 1783016388327
26/07/02 18:19:50 INFO Utils: /tmp/.ivy2/jars/org.slf4j_slf4j-api-2.0.7.jar has been previously copied to /tmp/spark-707a64f3-c277-4fd2-98cb-c4dadf55e757/userFiles-b7e263a2-9947-4e4e-b456-71880f5fcf7f/org.slf4j_slf4j-api-2.0.7.jar
26/07/02 18:19:50 INFO Executor: Fetching file:///tmp/.ivy2/jars/commons-logging_commons-logging-1.1.3.jar with timestamp 1783016388327
26/07/02 18:19:50 INFO Utils: /tmp/.ivy2/jars/commons-logging_commons-logging-1.1.3.jar has been previously copied to /tmp/spark-707a64f3-c277-4fd2-98cb-c4dadf55e757/userFiles-b7e263a2-9947-4e4e-b456-71880f5fcf7f/commons-logging_commons-logging-1.1.3.jar
26/07/02 18:19:50 INFO Executor: Fetching file:///tmp/.ivy2/jars/org.apache.spark_spark-sql-kafka-0-10_2.12-3.5.1.jar with timestamp 1783016388327
26/07/02 18:19:50 INFO Utils: /tmp/.ivy2/jars/org.apache.spark_spark-sql-kafka-0-10_2.12-3.5.1.jar has been previously copied to /tmp/spark-707a64f3-c277-4fd2-98cb-c4dadf55e757/userFiles-b7e263a2-9947-4e4e-b456-71880f5fcf7f/org.apache.spark_spark-sql-kafka-0-10_2.12-3.5.1.jar
26/07/02 18:19:50 INFO Executor: Fetching file:///tmp/.ivy2/jars/io.delta_delta-spark_2.12-3.1.0.jar with timestamp 1783016388327
26/07/02 18:19:50 INFO Utils: /tmp/.ivy2/jars/io.delta_delta-spark_2.12-3.1.0.jar has been previously copied to /tmp/spark-707a64f3-c277-4fd2-98cb-c4dadf55e757/userFiles-b7e263a2-9947-4e4e-b456-71880f5fcf7f/io.delta_delta-spark_2.12-3.1.0.jar
26/07/02 18:19:50 INFO Executor: Fetching spark://spark-master:38475/jars/com.google.code.findbugs_jsr305-3.0.0.jar with timestamp 1783016388327
26/07/02 18:19:50 INFO TransportClientFactory: Successfully created connection to spark-master/172.18.0.3:38475 after 36 ms (0 ms spent in bootstraps)
26/07/02 18:19:50 INFO Utils: Fetching spark://spark-master:38475/jars/com.google.code.findbugs_jsr305-3.0.0.jar to /tmp/spark-707a64f3-c277-4fd2-98cb-c4dadf55e757/userFiles-b7e263a2-9947-4e4e-b456-71880f5fcf7f/fetchFileTemp3520666439731076120.tmp
26/07/02 18:19:50 INFO Utils: /tmp/spark-707a64f3-c277-4fd2-98cb-c4dadf55e757/userFiles-b7e263a2-9947-4e4e-b456-71880f5fcf7f/fetchFileTemp3520666439731076120.tmp has been previously copied to /tmp/spark-707a64f3-c277-4fd2-98cb-c4dadf55e757/userFiles-b7e263a2-9947-4e4e-b456-71880f5fcf7f/com.google.code.findbugs_jsr305-3.0.0.jar
26/07/02 18:19:50 INFO Executor: Adding file:/tmp/spark-707a64f3-c277-4fd2-98cb-c4dadf55e757/userFiles-b7e263a2-9947-4e4e-b456-71880f5fcf7f/com.google.code.findbugs_jsr305-3.0.0.jar to class loader default
26/07/02 18:19:50 INFO Executor: Fetching spark://spark-master:38475/jars/io.delta_delta-storage-3.1.0.jar with timestamp 1783016388327
26/07/02 18:19:50 INFO Utils: Fetching spark://spark-master:38475/jars/io.delta_delta-storage-3.1.0.jar to /tmp/spark-707a64f3-c277-4fd2-98cb-c4dadf55e757/userFiles-b7e263a2-9947-4e4e-b456-71880f5fcf7f/fetchFileTemp16373516118156425987.tmp
26/07/02 18:19:50 INFO Utils: /tmp/spark-707a64f3-c277-4fd2-98cb-c4dadf55e757/userFiles-b7e263a2-9947-4e4e-b456-71880f5fcf7f/fetchFileTemp16373516118156425987.tmp has been previously copied to /tmp/spark-707a64f3-c277-4fd2-98cb-c4dadf55e757/userFiles-b7e263a2-9947-4e4e-b456-71880f5fcf7f/io.delta_delta-storage-3.1.0.jar
26/07/02 18:19:50 INFO Executor: Adding file:/tmp/spark-707a64f3-c277-4fd2-98cb-c4dadf55e757/userFiles-b7e263a2-9947-4e4e-b456-71880f5fcf7f/io.delta_delta-storage-3.1.0.jar to class loader default
26/07/02 18:19:50 INFO Executor: Fetching spark://spark-master:38475/jars/org.apache.spark_spark-sql-kafka-0-10_2.12-3.5.1.jar with timestamp 1783016388327
26/07/02 18:19:50 INFO Utils: Fetching spark://spark-master:38475/jars/org.apache.spark_spark-sql-kafka-0-10_2.12-3.5.1.jar to /tmp/spark-707a64f3-c277-4fd2-98cb-c4dadf55e757/userFiles-b7e263a2-9947-4e4e-b456-71880f5fcf7f/fetchFileTemp13167683959170551378.tmp
26/07/02 18:19:50 INFO Utils: /tmp/spark-707a64f3-c277-4fd2-98cb-c4dadf55e757/userFiles-b7e263a2-9947-4e4e-b456-71880f5fcf7f/fetchFileTemp13167683959170551378.tmp has been previously copied to /tmp/spark-707a64f3-c277-4fd2-98cb-c4dadf55e757/userFiles-b7e263a2-9947-4e4e-b456-71880f5fcf7f/org.apache.spark_spark-sql-kafka-0-10_2.12-3.5.1.jar
26/07/02 18:19:50 INFO Executor: Adding file:/tmp/spark-707a64f3-c277-4fd2-98cb-c4dadf55e757/userFiles-b7e263a2-9947-4e4e-b456-71880f5fcf7f/org.apache.spark_spark-sql-kafka-0-10_2.12-3.5.1.jar to class loader default
26/07/02 18:19:50 INFO Executor: Fetching spark://spark-master:38475/jars/io.delta_delta-spark_2.12-3.1.0.jar with timestamp 1783016388327
26/07/02 18:19:50 INFO Utils: Fetching spark://spark-master:38475/jars/io.delta_delta-spark_2.12-3.1.0.jar to /tmp/spark-707a64f3-c277-4fd2-98cb-c4dadf55e757/userFiles-b7e263a2-9947-4e4e-b456-71880f5fcf7f/fetchFileTemp9790311020145050711.tmp
26/07/02 18:19:50 INFO Utils: /tmp/spark-707a64f3-c277-4fd2-98cb-c4dadf55e757/userFiles-b7e263a2-9947-4e4e-b456-71880f5fcf7f/fetchFileTemp9790311020145050711.tmp has been previously copied to /tmp/spark-707a64f3-c277-4fd2-98cb-c4dadf55e757/userFiles-b7e263a2-9947-4e4e-b456-71880f5fcf7f/io.delta_delta-spark_2.12-3.1.0.jar
26/07/02 18:19:50 INFO Executor: Adding file:/tmp/spark-707a64f3-c277-4fd2-98cb-c4dadf55e757/userFiles-b7e263a2-9947-4e4e-b456-71880f5fcf7f/io.delta_delta-spark_2.12-3.1.0.jar to class loader default
26/07/02 18:19:50 INFO Executor: Fetching spark://spark-master:38475/jars/org.apache.hadoop_hadoop-client-runtime-3.3.4.jar with timestamp 1783016388327
26/07/02 18:19:50 INFO Utils: Fetching spark://spark-master:38475/jars/org.apache.hadoop_hadoop-client-runtime-3.3.4.jar to /tmp/spark-707a64f3-c277-4fd2-98cb-c4dadf55e757/userFiles-b7e263a2-9947-4e4e-b456-71880f5fcf7f/fetchFileTemp4881960629672546731.tmp
26/07/02 18:19:50 INFO Utils: /tmp/spark-707a64f3-c277-4fd2-98cb-c4dadf55e757/userFiles-b7e263a2-9947-4e4e-b456-71880f5fcf7f/fetchFileTemp4881960629672546731.tmp has been previously copied to /tmp/spark-707a64f3-c277-4fd2-98cb-c4dadf55e757/userFiles-b7e263a2-9947-4e4e-b456-71880f5fcf7f/org.apache.hadoop_hadoop-client-runtime-3.3.4.jar
26/07/02 18:19:50 INFO Executor: Adding file:/tmp/spark-707a64f3-c277-4fd2-98cb-c4dadf55e757/userFiles-b7e263a2-9947-4e4e-b456-71880f5fcf7f/org.apache.hadoop_hadoop-client-runtime-3.3.4.jar to class loader default
26/07/02 18:19:50 INFO Executor: Fetching spark://spark-master:38475/jars/org.antlr_antlr4-runtime-4.9.3.jar with timestamp 1783016388327
26/07/02 18:19:50 INFO Utils: Fetching spark://spark-master:38475/jars/org.antlr_antlr4-runtime-4.9.3.jar to /tmp/spark-707a64f3-c277-4fd2-98cb-c4dadf55e757/userFiles-b7e263a2-9947-4e4e-b456-71880f5fcf7f/fetchFileTemp17352256225826334174.tmp
26/07/02 18:19:50 INFO Utils: /tmp/spark-707a64f3-c277-4fd2-98cb-c4dadf55e757/userFiles-b7e263a2-9947-4e4e-b456-71880f5fcf7f/fetchFileTemp17352256225826334174.tmp has been previously copied to /tmp/spark-707a64f3-c277-4fd2-98cb-c4dadf55e757/userFiles-b7e263a2-9947-4e4e-b456-71880f5fcf7f/org.antlr_antlr4-runtime-4.9.3.jar
26/07/02 18:19:50 INFO Executor: Adding file:/tmp/spark-707a64f3-c277-4fd2-98cb-c4dadf55e757/userFiles-b7e263a2-9947-4e4e-b456-71880f5fcf7f/org.antlr_antlr4-runtime-4.9.3.jar to class loader default
26/07/02 18:19:50 INFO Executor: Fetching spark://spark-master:38475/jars/org.slf4j_slf4j-api-2.0.7.jar with timestamp 1783016388327
26/07/02 18:19:50 INFO Utils: Fetching spark://spark-master:38475/jars/org.slf4j_slf4j-api-2.0.7.jar to /tmp/spark-707a64f3-c277-4fd2-98cb-c4dadf55e757/userFiles-b7e263a2-9947-4e4e-b456-71880f5fcf7f/fetchFileTemp7681565574635880224.tmp
26/07/02 18:19:50 INFO Utils: /tmp/spark-707a64f3-c277-4fd2-98cb-c4dadf55e757/userFiles-b7e263a2-9947-4e4e-b456-71880f5fcf7f/fetchFileTemp7681565574635880224.tmp has been previously copied to /tmp/spark-707a64f3-c277-4fd2-98cb-c4dadf55e757/userFiles-b7e263a2-9947-4e4e-b456-71880f5fcf7f/org.slf4j_slf4j-api-2.0.7.jar
26/07/02 18:19:50 INFO Executor: Adding file:/tmp/spark-707a64f3-c277-4fd2-98cb-c4dadf55e757/userFiles-b7e263a2-9947-4e4e-b456-71880f5fcf7f/org.slf4j_slf4j-api-2.0.7.jar to class loader default
26/07/02 18:19:50 INFO Executor: Fetching spark://spark-master:38475/jars/commons-logging_commons-logging-1.1.3.jar with timestamp 1783016388327
26/07/02 18:19:50 INFO Utils: Fetching spark://spark-master:38475/jars/commons-logging_commons-logging-1.1.3.jar to /tmp/spark-707a64f3-c277-4fd2-98cb-c4dadf55e757/userFiles-b7e263a2-9947-4e4e-b456-71880f5fcf7f/fetchFileTemp18096062054052603597.tmp
26/07/02 18:19:50 INFO Utils: /tmp/spark-707a64f3-c277-4fd2-98cb-c4dadf55e757/userFiles-b7e263a2-9947-4e4e-b456-71880f5fcf7f/fetchFileTemp18096062054052603597.tmp has been previously copied to /tmp/spark-707a64f3-c277-4fd2-98cb-c4dadf55e757/userFiles-b7e263a2-9947-4e4e-b456-71880f5fcf7f/commons-logging_commons-logging-1.1.3.jar
26/07/02 18:19:50 INFO Executor: Adding file:/tmp/spark-707a64f3-c277-4fd2-98cb-c4dadf55e757/userFiles-b7e263a2-9947-4e4e-b456-71880f5fcf7f/commons-logging_commons-logging-1.1.3.jar to class loader default
26/07/02 18:19:50 INFO Executor: Fetching spark://spark-master:38475/jars/org.apache.hadoop_hadoop-client-api-3.3.4.jar with timestamp 1783016388327
26/07/02 18:19:50 INFO Utils: Fetching spark://spark-master:38475/jars/org.apache.hadoop_hadoop-client-api-3.3.4.jar to /tmp/spark-707a64f3-c277-4fd2-98cb-c4dadf55e757/userFiles-b7e263a2-9947-4e4e-b456-71880f5fcf7f/fetchFileTemp4745559380864168556.tmp
26/07/02 18:19:50 INFO Utils: /tmp/spark-707a64f3-c277-4fd2-98cb-c4dadf55e757/userFiles-b7e263a2-9947-4e4e-b456-71880f5fcf7f/fetchFileTemp4745559380864168556.tmp has been previously copied to /tmp/spark-707a64f3-c277-4fd2-98cb-c4dadf55e757/userFiles-b7e263a2-9947-4e4e-b456-71880f5fcf7f/org.apache.hadoop_hadoop-client-api-3.3.4.jar
26/07/02 18:19:50 INFO Executor: Adding file:/tmp/spark-707a64f3-c277-4fd2-98cb-c4dadf55e757/userFiles-b7e263a2-9947-4e4e-b456-71880f5fcf7f/org.apache.hadoop_hadoop-client-api-3.3.4.jar to class loader default
26/07/02 18:19:50 INFO Executor: Fetching spark://spark-master:38475/jars/org.lz4_lz4-java-1.8.0.jar with timestamp 1783016388327
26/07/02 18:19:50 INFO Utils: Fetching spark://spark-master:38475/jars/org.lz4_lz4-java-1.8.0.jar to /tmp/spark-707a64f3-c277-4fd2-98cb-c4dadf55e757/userFiles-b7e263a2-9947-4e4e-b456-71880f5fcf7f/fetchFileTemp10593699791220601354.tmp
26/07/02 18:19:50 INFO Utils: /tmp/spark-707a64f3-c277-4fd2-98cb-c4dadf55e757/userFiles-b7e263a2-9947-4e4e-b456-71880f5fcf7f/fetchFileTemp10593699791220601354.tmp has been previously copied to /tmp/spark-707a64f3-c277-4fd2-98cb-c4dadf55e757/userFiles-b7e263a2-9947-4e4e-b456-71880f5fcf7f/org.lz4_lz4-java-1.8.0.jar
26/07/02 18:19:50 INFO Executor: Adding file:/tmp/spark-707a64f3-c277-4fd2-98cb-c4dadf55e757/userFiles-b7e263a2-9947-4e4e-b456-71880f5fcf7f/org.lz4_lz4-java-1.8.0.jar to class loader default
26/07/02 18:19:50 INFO Executor: Fetching spark://spark-master:38475/jars/org.apache.spark_spark-token-provider-kafka-0-10_2.12-3.5.1.jar with timestamp 1783016388327
26/07/02 18:19:50 INFO Utils: Fetching spark://spark-master:38475/jars/org.apache.spark_spark-token-provider-kafka-0-10_2.12-3.5.1.jar to /tmp/spark-707a64f3-c277-4fd2-98cb-c4dadf55e757/userFiles-b7e263a2-9947-4e4e-b456-71880f5fcf7f/fetchFileTemp6003910393971250107.tmp
26/07/02 18:19:50 INFO Utils: /tmp/spark-707a64f3-c277-4fd2-98cb-c4dadf55e757/userFiles-b7e263a2-9947-4e4e-b456-71880f5fcf7f/fetchFileTemp6003910393971250107.tmp has been previously copied to /tmp/spark-707a64f3-c277-4fd2-98cb-c4dadf55e757/userFiles-b7e263a2-9947-4e4e-b456-71880f5fcf7f/org.apache.spark_spark-token-provider-kafka-0-10_2.12-3.5.1.jar
26/07/02 18:19:50 INFO Executor: Adding file:/tmp/spark-707a64f3-c277-4fd2-98cb-c4dadf55e757/userFiles-b7e263a2-9947-4e4e-b456-71880f5fcf7f/org.apache.spark_spark-token-provider-kafka-0-10_2.12-3.5.1.jar to class loader default
26/07/02 18:19:50 INFO Executor: Fetching spark://spark-master:38475/jars/org.apache.kafka_kafka-clients-3.4.1.jar with timestamp 1783016388327
26/07/02 18:19:50 INFO Utils: Fetching spark://spark-master:38475/jars/org.apache.kafka_kafka-clients-3.4.1.jar to /tmp/spark-707a64f3-c277-4fd2-98cb-c4dadf55e757/userFiles-b7e263a2-9947-4e4e-b456-71880f5fcf7f/fetchFileTemp1663746403036110795.tmp
26/07/02 18:19:50 INFO Utils: /tmp/spark-707a64f3-c277-4fd2-98cb-c4dadf55e757/userFiles-b7e263a2-9947-4e4e-b456-71880f5fcf7f/fetchFileTemp1663746403036110795.tmp has been previously copied to /tmp/spark-707a64f3-c277-4fd2-98cb-c4dadf55e757/userFiles-b7e263a2-9947-4e4e-b456-71880f5fcf7f/org.apache.kafka_kafka-clients-3.4.1.jar
26/07/02 18:19:50 INFO Executor: Adding file:/tmp/spark-707a64f3-c277-4fd2-98cb-c4dadf55e757/userFiles-b7e263a2-9947-4e4e-b456-71880f5fcf7f/org.apache.kafka_kafka-clients-3.4.1.jar to class loader default
26/07/02 18:19:50 INFO Executor: Fetching spark://spark-master:38475/jars/org.xerial.snappy_snappy-java-1.1.10.3.jar with timestamp 1783016388327
26/07/02 18:19:50 INFO Utils: Fetching spark://spark-master:38475/jars/org.xerial.snappy_snappy-java-1.1.10.3.jar to /tmp/spark-707a64f3-c277-4fd2-98cb-c4dadf55e757/userFiles-b7e263a2-9947-4e4e-b456-71880f5fcf7f/fetchFileTemp13514364810801194917.tmp
26/07/02 18:19:50 INFO Utils: /tmp/spark-707a64f3-c277-4fd2-98cb-c4dadf55e757/userFiles-b7e263a2-9947-4e4e-b456-71880f5fcf7f/fetchFileTemp13514364810801194917.tmp has been previously copied to /tmp/spark-707a64f3-c277-4fd2-98cb-c4dadf55e757/userFiles-b7e263a2-9947-4e4e-b456-71880f5fcf7f/org.xerial.snappy_snappy-java-1.1.10.3.jar
26/07/02 18:19:50 INFO Executor: Adding file:/tmp/spark-707a64f3-c277-4fd2-98cb-c4dadf55e757/userFiles-b7e263a2-9947-4e4e-b456-71880f5fcf7f/org.xerial.snappy_snappy-java-1.1.10.3.jar to class loader default
26/07/02 18:19:50 INFO Executor: Fetching spark://spark-master:38475/jars/gcs-connector-hadoop3-2.2.16-shaded.jar with timestamp 1783016388327
26/07/02 18:19:50 INFO Utils: Fetching spark://spark-master:38475/jars/gcs-connector-hadoop3-2.2.16-shaded.jar to /tmp/spark-707a64f3-c277-4fd2-98cb-c4dadf55e757/userFiles-b7e263a2-9947-4e4e-b456-71880f5fcf7f/fetchFileTemp9372128370895904186.tmp
26/07/02 18:19:50 INFO Executor: Adding file:/tmp/spark-707a64f3-c277-4fd2-98cb-c4dadf55e757/userFiles-b7e263a2-9947-4e4e-b456-71880f5fcf7f/gcs-connector-hadoop3-2.2.16-shaded.jar to class loader default
26/07/02 18:19:50 INFO Executor: Fetching spark://spark-master:38475/jars/org.apache.commons_commons-pool2-2.11.1.jar with timestamp 1783016388327
26/07/02 18:19:50 INFO Utils: Fetching spark://spark-master:38475/jars/org.apache.commons_commons-pool2-2.11.1.jar to /tmp/spark-707a64f3-c277-4fd2-98cb-c4dadf55e757/userFiles-b7e263a2-9947-4e4e-b456-71880f5fcf7f/fetchFileTemp13895384843916343147.tmp
26/07/02 18:19:50 INFO Utils: /tmp/spark-707a64f3-c277-4fd2-98cb-c4dadf55e757/userFiles-b7e263a2-9947-4e4e-b456-71880f5fcf7f/fetchFileTemp13895384843916343147.tmp has been previously copied to /tmp/spark-707a64f3-c277-4fd2-98cb-c4dadf55e757/userFiles-b7e263a2-9947-4e4e-b456-71880f5fcf7f/org.apache.commons_commons-pool2-2.11.1.jar
26/07/02 18:19:51 INFO Executor: Adding file:/tmp/spark-707a64f3-c277-4fd2-98cb-c4dadf55e757/userFiles-b7e263a2-9947-4e4e-b456-71880f5fcf7f/org.apache.commons_commons-pool2-2.11.1.jar to class loader default
26/07/02 18:19:51 INFO Utils: Successfully started service 'org.apache.spark.network.netty.NettyBlockTransferService' on port 43505.
26/07/02 18:19:51 INFO NettyBlockTransferService: Server created on spark-master:43505
26/07/02 18:19:51 INFO BlockManager: Using org.apache.spark.storage.RandomBlockReplicationPolicy for block replication policy
26/07/02 18:19:51 INFO BlockManagerMaster: Registering BlockManager BlockManagerId(driver, spark-master, 43505, None)
26/07/02 18:19:51 INFO BlockManagerMasterEndpoint: Registering block manager spark-master:43505 with 434.4 MiB RAM, BlockManagerId(driver, spark-master, 43505, None)
26/07/02 18:19:51 INFO BlockManagerMaster: Registered BlockManager BlockManagerId(driver, spark-master, 43505, None)
26/07/02 18:19:51 INFO BlockManager: Initialized BlockManager: BlockManagerId(driver, spark-master, 43505, None)
26/07/02 18:19:56 WARN GhfsStorageStatistics: Detected potential high latency for operation op_open. latencyMs=268; previousMaxLatencyMs=0; operationCount=1; context=gs://ads-deltalake/bronze/_delta_log/_last_checkpoint
26/07/02 18:19:56 WARN DeltaLog: Failed to parse gs://ads-deltalake/bronze/_delta_log/_last_checkpoint. This may happen if there was an error during read operation, or a file appears to be partial. Sleeping and trying again.
java.io.IOException: Error accessing gs://ads-deltalake/bronze/_delta_log/_last_checkpoint
	at com.google.cloud.hadoop.repackaged.gcs.com.google.cloud.hadoop.gcsio.GoogleCloudStorageImpl.getObject(GoogleCloudStorageImpl.java:2235)
	at com.google.cloud.hadoop.repackaged.gcs.com.google.cloud.hadoop.gcsio.GoogleCloudStorageImpl.getItemInfo(GoogleCloudStorageImpl.java:2122)
	at com.google.cloud.hadoop.repackaged.gcs.com.google.cloud.hadoop.gcsio.GoogleCloudStorageImpl.open(GoogleCloudStorageImpl.java:824)
	at com.google.cloud.hadoop.repackaged.gcs.com.google.cloud.hadoop.gcsio.GoogleCloudStorageFileSystem.open(GoogleCloudStorageFileSystem.java:338)
	at com.google.cloud.hadoop.fs.gcs.GoogleHadoopFSInputStream.<init>(GoogleHadoopFSInputStream.java:106)
	at com.google.cloud.hadoop.fs.gcs.GoogleHadoopFileSystemBase.lambda$open$2(GoogleHadoopFileSystemBase.java:578)
	at com.google.cloud.hadoop.fs.gcs.GhfsStorageStatistics.trackDuration(GhfsStorageStatistics.java:77)
	at com.google.cloud.hadoop.fs.gcs.GoogleHadoopFileSystemBase.open(GoogleHadoopFileSystemBase.java:564)
	at org.apache.hadoop.fs.FileSystem.open(FileSystem.java:976)
	at io.delta.storage.HadoopFileSystemLogStore.read(HadoopFileSystemLogStore.java:46)
	at org.apache.spark.sql.delta.storage.LogStoreAdaptor.read(LogStore.scala:412)
	at org.apache.spark.sql.delta.storage.DelegatingLogStore.read(DelegatingLogStore.scala:96)
	at org.apache.spark.sql.delta.Checkpoints.$anonfun$loadMetadataFromFile$1(Checkpoints.scala:361)
	at org.apache.spark.sql.delta.metering.DeltaLogging.recordFrameProfile(DeltaLogging.scala:140)
	at org.apache.spark.sql.delta.metering.DeltaLogging.recordFrameProfile$(DeltaLogging.scala:138)
	at org.apache.spark.sql.delta.DeltaLog.recordFrameProfile(DeltaLog.scala:72)
	at org.apache.spark.sql.delta.metering.DeltaLogging.$anonfun$recordDeltaOperationInternal$1(DeltaLogging.scala:133)
	at com.databricks.spark.util.DatabricksLogging.recordOperation(DatabricksLogging.scala:128)
	at com.databricks.spark.util.DatabricksLogging.recordOperation$(DatabricksLogging.scala:117)
	at org.apache.spark.sql.delta.DeltaLog.recordOperation(DeltaLog.scala:72)
	at org.apache.spark.sql.delta.metering.DeltaLogging.recordDeltaOperationInternal(DeltaLogging.scala:132)
	at org.apache.spark.sql.delta.metering.DeltaLogging.recordDeltaOperation(DeltaLogging.scala:122)
	at org.apache.spark.sql.delta.metering.DeltaLogging.recordDeltaOperation$(DeltaLogging.scala:112)
	at org.apache.spark.sql.delta.DeltaLog.recordDeltaOperation(DeltaLog.scala:72)
	at org.apache.spark.sql.delta.Checkpoints.loadMetadataFromFile(Checkpoints.scala:360)
	at org.apache.spark.sql.delta.Checkpoints.readLastCheckpointFile(Checkpoints.scala:354)
	at org.apache.spark.sql.delta.Checkpoints.readLastCheckpointFile$(Checkpoints.scala:353)
	at org.apache.spark.sql.delta.DeltaLog.readLastCheckpointFile(DeltaLog.scala:72)
	at org.apache.spark.sql.delta.SnapshotManagement.$anonfun$getSnapshotAtInit$1(SnapshotManagement.scala:436)
	at org.apache.spark.sql.delta.metering.DeltaLogging.recordFrameProfile(DeltaLogging.scala:140)
	at org.apache.spark.sql.delta.metering.DeltaLogging.recordFrameProfile$(DeltaLogging.scala:138)
	at org.apache.spark.sql.delta.DeltaLog.recordFrameProfile(DeltaLog.scala:72)
	at org.apache.spark.sql.delta.SnapshotManagement.getSnapshotAtInit(SnapshotManagement.scala:434)
	at org.apache.spark.sql.delta.SnapshotManagement.getSnapshotAtInit$(SnapshotManagement.scala:433)
	at org.apache.spark.sql.delta.DeltaLog.getSnapshotAtInit(DeltaLog.scala:72)
	at org.apache.spark.sql.delta.SnapshotManagement.$init$(SnapshotManagement.scala:60)
	at org.apache.spark.sql.delta.DeltaLog.<init>(DeltaLog.scala:78)
	at org.apache.spark.sql.delta.DeltaLog$.$anonfun$apply$4(DeltaLog.scala:779)
	at org.apache.spark.sql.catalyst.plans.logical.AnalysisHelper$.allowInvokingTransformsInAnalyzer(AnalysisHelper.scala:323)
	at org.apache.spark.sql.delta.DeltaLog$.$anonfun$apply$3(DeltaLog.scala:774)
	at org.apache.spark.sql.delta.metering.DeltaLogging.recordFrameProfile(DeltaLogging.scala:140)
	at org.apache.spark.sql.delta.metering.DeltaLogging.recordFrameProfile$(DeltaLogging.scala:138)
	at org.apache.spark.sql.delta.DeltaLog$.recordFrameProfile(DeltaLog.scala:598)
	at org.apache.spark.sql.delta.metering.DeltaLogging.$anonfun$recordDeltaOperationInternal$1(DeltaLogging.scala:133)
	at com.databricks.spark.util.DatabricksLogging.recordOperation(DatabricksLogging.scala:128)
	at com.databricks.spark.util.DatabricksLogging.recordOperation$(DatabricksLogging.scala:117)
	at org.apache.spark.sql.delta.DeltaLog$.recordOperation(DeltaLog.scala:598)
	at org.apache.spark.sql.delta.metering.DeltaLogging.recordDeltaOperationInternal(DeltaLogging.scala:132)
	at org.apache.spark.sql.delta.metering.DeltaLogging.recordDeltaOperation(DeltaLogging.scala:122)
	at org.apache.spark.sql.delta.metering.DeltaLogging.recordDeltaOperation$(DeltaLogging.scala:112)
	at org.apache.spark.sql.delta.DeltaLog$.recordDeltaOperation(DeltaLog.scala:598)
	at org.apache.spark.sql.delta.DeltaLog$.createDeltaLog$1(DeltaLog.scala:773)
	at org.apache.spark.sql.delta.DeltaLog$.$anonfun$apply$5(DeltaLog.scala:791)
	at com.google.common.cache.LocalCache$LocalManualCache$1.load(LocalCache.java:4792)
	at com.google.common.cache.LocalCache$LoadingValueReference.loadFuture(LocalCache.java:3599)
	at com.google.common.cache.LocalCache$Segment.loadSync(LocalCache.java:2379)
	at com.google.common.cache.LocalCache$Segment.lockedGetOrLoad(LocalCache.java:2342)
	at com.google.common.cache.LocalCache$Segment.get(LocalCache.java:2257)
	at com.google.common.cache.LocalCache.get(LocalCache.java:4000)
	at com.google.common.cache.LocalCache$LocalManualCache.get(LocalCache.java:4789)
	at org.apache.spark.sql.delta.DeltaLog$.getDeltaLogFromCache$1(DeltaLog.scala:790)
	at org.apache.spark.sql.delta.DeltaLog$.apply(DeltaLog.scala:800)
	at org.apache.spark.sql.delta.DeltaLog$.apply(DeltaLog.scala:710)
	at org.apache.spark.sql.delta.DeltaLog$.forTable(DeltaLog.scala:672)
	at org.apache.spark.sql.delta.sources.DeltaSink.<init>(DeltaSink.scala:54)
	at org.apache.spark.sql.delta.sources.DeltaDataSource.createSink(DeltaDataSource.scala:174)
	at org.apache.spark.sql.execution.datasources.DataSource.createSink(DataSource.scala:313)
	at org.apache.spark.sql.streaming.DataStreamWriter.createV1Sink(DataStreamWriter.scala:442)
	at org.apache.spark.sql.streaming.DataStreamWriter.startInternal(DataStreamWriter.scala:404)
	at org.apache.spark.sql.streaming.DataStreamWriter.start(DataStreamWriter.scala:233)
	at java.base/jdk.internal.reflect.NativeMethodAccessorImpl.invoke0(Native Method)
	at java.base/jdk.internal.reflect.NativeMethodAccessorImpl.invoke(Unknown Source)
	at java.base/jdk.internal.reflect.DelegatingMethodAccessorImpl.invoke(Unknown Source)
	at java.base/java.lang.reflect.Method.invoke(Unknown Source)
	at py4j.reflection.MethodInvoker.invoke(MethodInvoker.java:244)
	at py4j.reflection.ReflectionEngine.invoke(ReflectionEngine.java:374)
	at py4j.Gateway.invoke(Gateway.java:282)
	at py4j.commands.AbstractCommand.invokeMethod(AbstractCommand.java:132)
	at py4j.commands.CallCommand.execute(CallCommand.java:79)
	at py4j.ClientServerConnection.waitForCommands(ClientServerConnection.java:182)
	at py4j.ClientServerConnection.run(ClientServerConnection.java:106)
	at java.base/java.lang.Thread.run(Unknown Source)
Caused by: com.google.cloud.hadoop.repackaged.gcs.com.google.api.client.googleapis.json.GoogleJsonResponseException: 403 Forbidden
GET https://storage.googleapis.com/storage/v1/b/ads-deltalake/o/bronze%2F_delta_log%2F_last_checkpoint?fields=bucket,name,timeCreated,updated,generation,metageneration,size,contentType,contentEncoding,md5Hash,crc32c,metadata
{
  "code" : 403,
  "errors" : [ {
    "domain" : "global",
    "message" : "178833885315-compute@developer.gserviceaccount.com does not have storage.objects.get access to the Google Cloud Storage object. Permission 'storage.objects.get' denied on resource '//storage.googleapis.com/projects/_/buckets/ads-deltalake/objects/bronze/_delta_log/_last_checkpoint' (or it may not exist). Remediate access with this Troubleshooter URL or share it with your administrator - https://console.cloud.google.com/iam-admin/troubleshooter/summary;errorId=CiQwMTlmMjQwZi0xNTkyLTcwMzMtODlkZS1lYzM0NWViOGU3NzUSS3Byb2plY3RzL18vYnVja2V0cy9hZHMtZGVsdGFsYWtlL29iamVjdHMvYnJvbnplL19kZWx0YV9sb2cvX2xhc3RfY2hlY2twb2ludA%3D%3D .",
    "reason" : "forbidden"
  } ],
  "message" : "178833885315-compute@developer.gserviceaccount.com does not have storage.objects.get access to the Google Cloud Storage object. Permission 'storage.objects.get' denied on resource '//storage.googleapis.com/projects/_/buckets/ads-deltalake/objects/bronze/_delta_log/_last_checkpoint' (or it may not exist). Remediate access with this Troubleshooter URL or share it with your administrator - https://console.cloud.google.com/iam-admin/troubleshooter/summary;errorId=CiQwMTlmMjQwZi0xNTkyLTcwMzMtODlkZS1lYzM0NWViOGU3NzUSS3Byb2plY3RzL18vYnVja2V0cy9hZHMtZGVsdGFsYWtlL29iamVjdHMvYnJvbnplL19kZWx0YV9sb2cvX2xhc3RfY2hlY2twb2ludA%3D%3D ."
}
	at com.google.cloud.hadoop.repackaged.gcs.com.google.api.client.googleapis.json.GoogleJsonResponseException.from(GoogleJsonResponseException.java:146)
	at com.google.cloud.hadoop.repackaged.gcs.com.google.api.client.googleapis.services.json.AbstractGoogleJsonClientRequest.newExceptionOnError(AbstractGoogleJsonClientRequest.java:118)
	at com.google.cloud.hadoop.repackaged.gcs.com.google.api.client.googleapis.services.json.AbstractGoogleJsonClientRequest.newExceptionOnError(AbstractGoogleJsonClientRequest.java:37)
	at com.google.cloud.hadoop.repackaged.gcs.com.google.api.client.googleapis.services.AbstractGoogleClientRequest$1.interceptResponse(AbstractGoogleClientRequest.java:439)
	at com.google.cloud.hadoop.repackaged.gcs.com.google.api.client.http.HttpRequest.execute(HttpRequest.java:1111)
	at com.google.cloud.hadoop.repackaged.gcs.com.google.api.client.googleapis.services.AbstractGoogleClientRequest.executeUnparsed(AbstractGoogleClientRequest.java:525)
	at com.google.cloud.hadoop.repackaged.gcs.com.google.api.client.googleapis.services.AbstractGoogleClientRequest.executeUnparsed(AbstractGoogleClientRequest.java:466)
	at com.google.cloud.hadoop.repackaged.gcs.com.google.api.client.googleapis.services.AbstractGoogleClientRequest.execute(AbstractGoogleClientRequest.java:576)
	at com.google.cloud.hadoop.repackaged.gcs.com.google.cloud.hadoop.gcsio.GoogleCloudStorageImpl.getObject(GoogleCloudStorageImpl.java:2229)
	... 81 more
26/07/02 18:19:57 WARN DeltaLog: Failed to parse gs://ads-deltalake/bronze/_delta_log/_last_checkpoint. This may happen if there was an error during read operation, or a file appears to be partial. Sleeping and trying again.
java.io.IOException: Error accessing gs://ads-deltalake/bronze/_delta_log/_last_checkpoint
	at com.google.cloud.hadoop.repackaged.gcs.com.google.cloud.hadoop.gcsio.GoogleCloudStorageImpl.getObject(GoogleCloudStorageImpl.java:2235)
	at com.google.cloud.hadoop.repackaged.gcs.com.google.cloud.hadoop.gcsio.GoogleCloudStorageImpl.getItemInfo(GoogleCloudStorageImpl.java:2122)
	at com.google.cloud.hadoop.repackaged.gcs.com.google.cloud.hadoop.gcsio.GoogleCloudStorageImpl.open(GoogleCloudStorageImpl.java:824)
	at com.google.cloud.hadoop.repackaged.gcs.com.google.cloud.hadoop.gcsio.GoogleCloudStorageFileSystem.open(GoogleCloudStorageFileSystem.java:338)
	at com.google.cloud.hadoop.fs.gcs.GoogleHadoopFSInputStream.<init>(GoogleHadoopFSInputStream.java:106)
	at com.google.cloud.hadoop.fs.gcs.GoogleHadoopFileSystemBase.lambda$open$2(GoogleHadoopFileSystemBase.java:578)
	at com.google.cloud.hadoop.fs.gcs.GhfsStorageStatistics.trackDuration(GhfsStorageStatistics.java:77)
	at com.google.cloud.hadoop.fs.gcs.GoogleHadoopFileSystemBase.open(GoogleHadoopFileSystemBase.java:564)
	at org.apache.hadoop.fs.FileSystem.open(FileSystem.java:976)
	at io.delta.storage.HadoopFileSystemLogStore.read(HadoopFileSystemLogStore.java:46)
	at org.apache.spark.sql.delta.storage.LogStoreAdaptor.read(LogStore.scala:412)
	at org.apache.spark.sql.delta.storage.DelegatingLogStore.read(DelegatingLogStore.scala:96)
	at org.apache.spark.sql.delta.Checkpoints.$anonfun$loadMetadataFromFile$1(Checkpoints.scala:361)
	at org.apache.spark.sql.delta.metering.DeltaLogging.recordFrameProfile(DeltaLogging.scala:140)
	at org.apache.spark.sql.delta.metering.DeltaLogging.recordFrameProfile$(DeltaLogging.scala:138)
	at org.apache.spark.sql.delta.DeltaLog.recordFrameProfile(DeltaLog.scala:72)
	at org.apache.spark.sql.delta.metering.DeltaLogging.$anonfun$recordDeltaOperationInternal$1(DeltaLogging.scala:133)
	at com.databricks.spark.util.DatabricksLogging.recordOperation(DatabricksLogging.scala:128)
	at com.databricks.spark.util.DatabricksLogging.recordOperation$(DatabricksLogging.scala:117)
	at org.apache.spark.sql.delta.DeltaLog.recordOperation(DeltaLog.scala:72)
	at org.apache.spark.sql.delta.metering.DeltaLogging.recordDeltaOperationInternal(DeltaLogging.scala:132)
	at org.apache.spark.sql.delta.metering.DeltaLogging.recordDeltaOperation(DeltaLogging.scala:122)
	at org.apache.spark.sql.delta.metering.DeltaLogging.recordDeltaOperation$(DeltaLogging.scala:112)
	at org.apache.spark.sql.delta.DeltaLog.recordDeltaOperation(DeltaLog.scala:72)
	at org.apache.spark.sql.delta.Checkpoints.loadMetadataFromFile(Checkpoints.scala:360)
	at org.apache.spark.sql.delta.Checkpoints.$anonfun$loadMetadataFromFile$1(Checkpoints.scala:371)
	at org.apache.spark.sql.delta.metering.DeltaLogging.recordFrameProfile(DeltaLogging.scala:140)
	at org.apache.spark.sql.delta.metering.DeltaLogging.recordFrameProfile$(DeltaLogging.scala:138)
	at org.apache.spark.sql.delta.DeltaLog.recordFrameProfile(DeltaLog.scala:72)
	at org.apache.spark.sql.delta.metering.DeltaLogging.$anonfun$recordDeltaOperationInternal$1(DeltaLogging.scala:133)
	at com.databricks.spark.util.DatabricksLogging.recordOperation(DatabricksLogging.scala:128)
	at com.databricks.spark.util.DatabricksLogging.recordOperation$(DatabricksLogging.scala:117)
	at org.apache.spark.sql.delta.DeltaLog.recordOperation(DeltaLog.scala:72)
	at org.apache.spark.sql.delta.metering.DeltaLogging.recordDeltaOperationInternal(DeltaLogging.scala:132)
	at org.apache.spark.sql.delta.metering.DeltaLogging.recordDeltaOperation(DeltaLogging.scala:122)
	at org.apache.spark.sql.delta.metering.DeltaLogging.recordDeltaOperation$(DeltaLogging.scala:112)
	at org.apache.spark.sql.delta.DeltaLog.recordDeltaOperation(DeltaLog.scala:72)
	at org.apache.spark.sql.delta.Checkpoints.loadMetadataFromFile(Checkpoints.scala:360)
	at org.apache.spark.sql.delta.Checkpoints.readLastCheckpointFile(Checkpoints.scala:354)
	at org.apache.spark.sql.delta.Checkpoints.readLastCheckpointFile$(Checkpoints.scala:353)
	at org.apache.spark.sql.delta.DeltaLog.readLastCheckpointFile(DeltaLog.scala:72)
	at org.apache.spark.sql.delta.SnapshotManagement.$anonfun$getSnapshotAtInit$1(SnapshotManagement.scala:436)
	at org.apache.spark.sql.delta.metering.DeltaLogging.recordFrameProfile(DeltaLogging.scala:140)
	at org.apache.spark.sql.delta.metering.DeltaLogging.recordFrameProfile$(DeltaLogging.scala:138)
	at org.apache.spark.sql.delta.DeltaLog.recordFrameProfile(DeltaLog.scala:72)
	at org.apache.spark.sql.delta.SnapshotManagement.getSnapshotAtInit(SnapshotManagement.scala:434)
	at org.apache.spark.sql.delta.SnapshotManagement.getSnapshotAtInit$(SnapshotManagement.scala:433)
	at org.apache.spark.sql.delta.DeltaLog.getSnapshotAtInit(DeltaLog.scala:72)
	at org.apache.spark.sql.delta.SnapshotManagement.$init$(SnapshotManagement.scala:60)
	at org.apache.spark.sql.delta.DeltaLog.<init>(DeltaLog.scala:78)
	at org.apache.spark.sql.delta.DeltaLog$.$anonfun$apply$4(DeltaLog.scala:779)
	at org.apache.spark.sql.catalyst.plans.logical.AnalysisHelper$.allowInvokingTransformsInAnalyzer(AnalysisHelper.scala:323)
	at org.apache.spark.sql.delta.DeltaLog$.$anonfun$apply$3(DeltaLog.scala:774)
	at org.apache.spark.sql.delta.metering.DeltaLogging.recordFrameProfile(DeltaLogging.scala:140)
	at org.apache.spark.sql.delta.metering.DeltaLogging.recordFrameProfile$(DeltaLogging.scala:138)
	at org.apache.spark.sql.delta.DeltaLog$.recordFrameProfile(DeltaLog.scala:598)
	at org.apache.spark.sql.delta.metering.DeltaLogging.$anonfun$recordDeltaOperationInternal$1(DeltaLogging.scala:133)
	at com.databricks.spark.util.DatabricksLogging.recordOperation(DatabricksLogging.scala:128)
	at com.databricks.spark.util.DatabricksLogging.recordOperation$(DatabricksLogging.scala:117)
	at org.apache.spark.sql.delta.DeltaLog$.recordOperation(DeltaLog.scala:598)
	at org.apache.spark.sql.delta.metering.DeltaLogging.recordDeltaOperationInternal(DeltaLogging.scala:132)
	at org.apache.spark.sql.delta.metering.DeltaLogging.recordDeltaOperation(DeltaLogging.scala:122)
	at org.apache.spark.sql.delta.metering.DeltaLogging.recordDeltaOperation$(DeltaLogging.scala:112)
	at org.apache.spark.sql.delta.DeltaLog$.recordDeltaOperation(DeltaLog.scala:598)
	at org.apache.spark.sql.delta.DeltaLog$.createDeltaLog$1(DeltaLog.scala:773)
	at org.apache.spark.sql.delta.DeltaLog$.$anonfun$apply$5(DeltaLog.scala:791)
	at com.google.common.cache.LocalCache$LocalManualCache$1.load(LocalCache.java:4792)
	at com.google.common.cache.LocalCache$LoadingValueReference.loadFuture(LocalCache.java:3599)
	at com.google.common.cache.LocalCache$Segment.loadSync(LocalCache.java:2379)
	at com.google.common.cache.LocalCache$Segment.lockedGetOrLoad(LocalCache.java:2342)
	at com.google.common.cache.LocalCache$Segment.get(LocalCache.java:2257)
	at com.google.common.cache.LocalCache.get(LocalCache.java:4000)
	at com.google.common.cache.LocalCache$LocalManualCache.get(LocalCache.java:4789)
	at org.apache.spark.sql.delta.DeltaLog$.getDeltaLogFromCache$1(DeltaLog.scala:790)
	at org.apache.spark.sql.delta.DeltaLog$.apply(DeltaLog.scala:800)
	at org.apache.spark.sql.delta.DeltaLog$.apply(DeltaLog.scala:710)
	at org.apache.spark.sql.delta.DeltaLog$.forTable(DeltaLog.scala:672)
	at org.apache.spark.sql.delta.sources.DeltaSink.<init>(DeltaSink.scala:54)
	at org.apache.spark.sql.delta.sources.DeltaDataSource.createSink(DeltaDataSource.scala:174)
	at org.apache.spark.sql.execution.datasources.DataSource.createSink(DataSource.scala:313)
	at org.apache.spark.sql.streaming.DataStreamWriter.createV1Sink(DataStreamWriter.scala:442)
	at org.apache.spark.sql.streaming.DataStreamWriter.startInternal(DataStreamWriter.scala:404)
	at org.apache.spark.sql.streaming.DataStreamWriter.start(DataStreamWriter.scala:233)
	at java.base/jdk.internal.reflect.NativeMethodAccessorImpl.invoke0(Native Method)
	at java.base/jdk.internal.reflect.NativeMethodAccessorImpl.invoke(Unknown Source)
	at java.base/jdk.internal.reflect.DelegatingMethodAccessorImpl.invoke(Unknown Source)
	at java.base/java.lang.reflect.Method.invoke(Unknown Source)
	at py4j.reflection.MethodInvoker.invoke(MethodInvoker.java:244)
	at py4j.reflection.ReflectionEngine.invoke(ReflectionEngine.java:374)
	at py4j.Gateway.invoke(Gateway.java:282)
	at py4j.commands.AbstractCommand.invokeMethod(AbstractCommand.java:132)
	at py4j.commands.CallCommand.execute(CallCommand.java:79)
	at py4j.ClientServerConnection.waitForCommands(ClientServerConnection.java:182)
	at py4j.ClientServerConnection.run(ClientServerConnection.java:106)
	at java.base/java.lang.Thread.run(Unknown Source)
Caused by: com.google.cloud.hadoop.repackaged.gcs.com.google.api.client.googleapis.json.GoogleJsonResponseException: 403 Forbidden
GET https://storage.googleapis.com/storage/v1/b/ads-deltalake/o/bronze%2F_delta_log%2F_last_checkpoint?fields=bucket,name,timeCreated,updated,generation,metageneration,size,contentType,contentEncoding,md5Hash,crc32c,metadata
{
  "code" : 403,
  "errors" : [ {
    "domain" : "global",
    "message" : "178833885315-compute@developer.gserviceaccount.com does not have storage.objects.get access to the Google Cloud Storage object. Permission 'storage.objects.get' denied on resource '//storage.googleapis.com/projects/_/buckets/ads-deltalake/objects/bronze/_delta_log/_last_checkpoint' (or it may not exist). Remediate access with this Troubleshooter URL or share it with your administrator - https://console.cloud.google.com/iam-admin/troubleshooter/summary;errorId=CiQwMTlmMjQwZi0xOWQ5LTcwNGEtOGJmYi1jYTg3ZDYyMzc4MmUSS3Byb2plY3RzL18vYnVja2V0cy9hZHMtZGVsdGFsYWtlL29iamVjdHMvYnJvbnplL19kZWx0YV9sb2cvX2xhc3RfY2hlY2twb2ludA%3D%3D .",
    "reason" : "forbidden"
  } ],
  "message" : "178833885315-compute@developer.gserviceaccount.com does not have storage.objects.get access to the Google Cloud Storage object. Permission 'storage.objects.get' denied on resource '//storage.googleapis.com/projects/_/buckets/ads-deltalake/objects/bronze/_delta_log/_last_checkpoint' (or it may not exist). Remediate access with this Troubleshooter URL or share it with your administrator - https://console.cloud.google.com/iam-admin/troubleshooter/summary;errorId=CiQwMTlmMjQwZi0xOWQ5LTcwNGEtOGJmYi1jYTg3ZDYyMzc4MmUSS3Byb2plY3RzL18vYnVja2V0cy9hZHMtZGVsdGFsYWtlL29iamVjdHMvYnJvbnplL19kZWx0YV9sb2cvX2xhc3RfY2hlY2twb2ludA%3D%3D ."
}
	at com.google.cloud.hadoop.repackaged.gcs.com.google.api.client.googleapis.json.GoogleJsonResponseException.from(GoogleJsonResponseException.java:146)
	at com.google.cloud.hadoop.repackaged.gcs.com.google.api.client.googleapis.services.json.AbstractGoogleJsonClientRequest.newExceptionOnError(AbstractGoogleJsonClientRequest.java:118)
	at com.google.cloud.hadoop.repackaged.gcs.com.google.api.client.googleapis.services.json.AbstractGoogleJsonClientRequest.newExceptionOnError(AbstractGoogleJsonClientRequest.java:37)
	at com.google.cloud.hadoop.repackaged.gcs.com.google.api.client.googleapis.services.AbstractGoogleClientRequest$1.interceptResponse(AbstractGoogleClientRequest.java:439)
	at com.google.cloud.hadoop.repackaged.gcs.com.google.api.client.http.HttpRequest.execute(HttpRequest.java:1111)
	at com.google.cloud.hadoop.repackaged.gcs.com.google.api.client.googleapis.services.AbstractGoogleClientRequest.executeUnparsed(AbstractGoogleClientRequest.java:525)
	at com.google.cloud.hadoop.repackaged.gcs.com.google.api.client.googleapis.services.AbstractGoogleClientRequest.executeUnparsed(AbstractGoogleClientRequest.java:466)
	at com.google.cloud.hadoop.repackaged.gcs.com.google.api.client.googleapis.services.AbstractGoogleClientRequest.execute(AbstractGoogleClientRequest.java:576)
	at com.google.cloud.hadoop.repackaged.gcs.com.google.cloud.hadoop.gcsio.GoogleCloudStorageImpl.getObject(GoogleCloudStorageImpl.java:2229)
	... 94 more
26/07/02 18:19:58 WARN DeltaLog: Failed to parse gs://ads-deltalake/bronze/_delta_log/_last_checkpoint. This may happen if there was an error during read operation, or a file appears to be partial. Sleeping and trying again.
java.io.IOException: Error accessing gs://ads-deltalake/bronze/_delta_log/_last_checkpoint
	at com.google.cloud.hadoop.repackaged.gcs.com.google.cloud.hadoop.gcsio.GoogleCloudStorageImpl.getObject(GoogleCloudStorageImpl.java:2235)
	at com.google.cloud.hadoop.repackaged.gcs.com.google.cloud.hadoop.gcsio.GoogleCloudStorageImpl.getItemInfo(GoogleCloudStorageImpl.java:2122)
	at com.google.cloud.hadoop.repackaged.gcs.com.google.cloud.hadoop.gcsio.GoogleCloudStorageImpl.open(GoogleCloudStorageImpl.java:824)
	at com.google.cloud.hadoop.repackaged.gcs.com.google.cloud.hadoop.gcsio.GoogleCloudStorageFileSystem.open(GoogleCloudStorageFileSystem.java:338)
	at com.google.cloud.hadoop.fs.gcs.GoogleHadoopFSInputStream.<init>(GoogleHadoopFSInputStream.java:106)
	at com.google.cloud.hadoop.fs.gcs.GoogleHadoopFileSystemBase.lambda$open$2(GoogleHadoopFileSystemBase.java:578)
	at com.google.cloud.hadoop.fs.gcs.GhfsStorageStatistics.trackDuration(GhfsStorageStatistics.java:77)
	at com.google.cloud.hadoop.fs.gcs.GoogleHadoopFileSystemBase.open(GoogleHadoopFileSystemBase.java:564)
	at org.apache.hadoop.fs.FileSystem.open(FileSystem.java:976)
	at io.delta.storage.HadoopFileSystemLogStore.read(HadoopFileSystemLogStore.java:46)
	at org.apache.spark.sql.delta.storage.LogStoreAdaptor.read(LogStore.scala:412)
	at org.apache.spark.sql.delta.storage.DelegatingLogStore.read(DelegatingLogStore.scala:96)
	at org.apache.spark.sql.delta.Checkpoints.$anonfun$loadMetadataFromFile$1(Checkpoints.scala:361)
	at org.apache.spark.sql.delta.metering.DeltaLogging.recordFrameProfile(DeltaLogging.scala:140)
	at org.apache.spark.sql.delta.metering.DeltaLogging.recordFrameProfile$(DeltaLogging.scala:138)
	at org.apache.spark.sql.delta.DeltaLog.recordFrameProfile(DeltaLog.scala:72)
	at org.apache.spark.sql.delta.metering.DeltaLogging.$anonfun$recordDeltaOperationInternal$1(DeltaLogging.scala:133)
	at com.databricks.spark.util.DatabricksLogging.recordOperation(DatabricksLogging.scala:128)
	at com.databricks.spark.util.DatabricksLogging.recordOperation$(DatabricksLogging.scala:117)
	at org.apache.spark.sql.delta.DeltaLog.recordOperation(DeltaLog.scala:72)
	at org.apache.spark.sql.delta.metering.DeltaLogging.recordDeltaOperationInternal(DeltaLogging.scala:132)
	at org.apache.spark.sql.delta.metering.DeltaLogging.recordDeltaOperation(DeltaLogging.scala:122)
	at org.apache.spark.sql.delta.metering.DeltaLogging.recordDeltaOperation$(DeltaLogging.scala:112)
	at org.apache.spark.sql.delta.DeltaLog.recordDeltaOperation(DeltaLog.scala:72)
	at org.apache.spark.sql.delta.Checkpoints.loadMetadataFromFile(Checkpoints.scala:360)
	at org.apache.spark.sql.delta.Checkpoints.$anonfun$loadMetadataFromFile$1(Checkpoints.scala:371)
	at org.apache.spark.sql.delta.metering.DeltaLogging.recordFrameProfile(DeltaLogging.scala:140)
	at org.apache.spark.sql.delta.metering.DeltaLogging.recordFrameProfile$(DeltaLogging.scala:138)
	at org.apache.spark.sql.delta.DeltaLog.recordFrameProfile(DeltaLog.scala:72)
	at org.apache.spark.sql.delta.metering.DeltaLogging.$anonfun$recordDeltaOperationInternal$1(DeltaLogging.scala:133)
	at com.databricks.spark.util.DatabricksLogging.recordOperation(DatabricksLogging.scala:128)
	at com.databricks.spark.util.DatabricksLogging.recordOperation$(DatabricksLogging.scala:117)
	at org.apache.spark.sql.delta.DeltaLog.recordOperation(DeltaLog.scala:72)
	at org.apache.spark.sql.delta.metering.DeltaLogging.recordDeltaOperationInternal(DeltaLogging.scala:132)
	at org.apache.spark.sql.delta.metering.DeltaLogging.recordDeltaOperation(DeltaLogging.scala:122)
	at org.apache.spark.sql.delta.metering.DeltaLogging.recordDeltaOperation$(DeltaLogging.scala:112)
	at org.apache.spark.sql.delta.DeltaLog.recordDeltaOperation(DeltaLog.scala:72)
	at org.apache.spark.sql.delta.Checkpoints.loadMetadataFromFile(Checkpoints.scala:360)
	at org.apache.spark.sql.delta.Checkpoints.$anonfun$loadMetadataFromFile$1(Checkpoints.scala:371)
	at org.apache.spark.sql.delta.metering.DeltaLogging.recordFrameProfile(DeltaLogging.scala:140)
	at org.apache.spark.sql.delta.metering.DeltaLogging.recordFrameProfile$(DeltaLogging.scala:138)
	at org.apache.spark.sql.delta.DeltaLog.recordFrameProfile(DeltaLog.scala:72)
	at org.apache.spark.sql.delta.metering.DeltaLogging.$anonfun$recordDeltaOperationInternal$1(DeltaLogging.scala:133)
	at com.databricks.spark.util.DatabricksLogging.recordOperation(DatabricksLogging.scala:128)
	at com.databricks.spark.util.DatabricksLogging.recordOperation$(DatabricksLogging.scala:117)
	at org.apache.spark.sql.delta.DeltaLog.recordOperation(DeltaLog.scala:72)
	at org.apache.spark.sql.delta.metering.DeltaLogging.recordDeltaOperationInternal(DeltaLogging.scala:132)
	at org.apache.spark.sql.delta.metering.DeltaLogging.recordDeltaOperation(DeltaLogging.scala:122)
	at org.apache.spark.sql.delta.metering.DeltaLogging.recordDeltaOperation$(DeltaLogging.scala:112)
	at org.apache.spark.sql.delta.DeltaLog.recordDeltaOperation(DeltaLog.scala:72)
	at org.apache.spark.sql.delta.Checkpoints.loadMetadataFromFile(Checkpoints.scala:360)
	at org.apache.spark.sql.delta.Checkpoints.readLastCheckpointFile(Checkpoints.scala:354)
	at org.apache.spark.sql.delta.Checkpoints.readLastCheckpointFile$(Checkpoints.scala:353)
	at org.apache.spark.sql.delta.DeltaLog.readLastCheckpointFile(DeltaLog.scala:72)
	at org.apache.spark.sql.delta.SnapshotManagement.$anonfun$getSnapshotAtInit$1(SnapshotManagement.scala:436)
	at org.apache.spark.sql.delta.metering.DeltaLogging.recordFrameProfile(DeltaLogging.scala:140)
	at org.apache.spark.sql.delta.metering.DeltaLogging.recordFrameProfile$(DeltaLogging.scala:138)
	at org.apache.spark.sql.delta.DeltaLog.recordFrameProfile(DeltaLog.scala:72)
	at org.apache.spark.sql.delta.SnapshotManagement.getSnapshotAtInit(SnapshotManagement.scala:434)
	at org.apache.spark.sql.delta.SnapshotManagement.getSnapshotAtInit$(SnapshotManagement.scala:433)
	at org.apache.spark.sql.delta.DeltaLog.getSnapshotAtInit(DeltaLog.scala:72)
	at org.apache.spark.sql.delta.SnapshotManagement.$init$(SnapshotManagement.scala:60)
	at org.apache.spark.sql.delta.DeltaLog.<init>(DeltaLog.scala:78)
	at org.apache.spark.sql.delta.DeltaLog$.$anonfun$apply$4(DeltaLog.scala:779)
	at org.apache.spark.sql.catalyst.plans.logical.AnalysisHelper$.allowInvokingTransformsInAnalyzer(AnalysisHelper.scala:323)
	at org.apache.spark.sql.delta.DeltaLog$.$anonfun$apply$3(DeltaLog.scala:774)
	at org.apache.spark.sql.delta.metering.DeltaLogging.recordFrameProfile(DeltaLogging.scala:140)
	at org.apache.spark.sql.delta.metering.DeltaLogging.recordFrameProfile$(DeltaLogging.scala:138)
	at org.apache.spark.sql.delta.DeltaLog$.recordFrameProfile(DeltaLog.scala:598)
	at org.apache.spark.sql.delta.metering.DeltaLogging.$anonfun$recordDeltaOperationInternal$1(DeltaLogging.scala:133)
	at com.databricks.spark.util.DatabricksLogging.recordOperation(DatabricksLogging.scala:128)
	at com.databricks.spark.util.DatabricksLogging.recordOperation$(DatabricksLogging.scala:117)
	at org.apache.spark.sql.delta.DeltaLog$.recordOperation(DeltaLog.scala:598)
	at org.apache.spark.sql.delta.metering.DeltaLogging.recordDeltaOperationInternal(DeltaLogging.scala:132)
	at org.apache.spark.sql.delta.metering.DeltaLogging.recordDeltaOperation(DeltaLogging.scala:122)
	at org.apache.spark.sql.delta.metering.DeltaLogging.recordDeltaOperation$(DeltaLogging.scala:112)
	at org.apache.spark.sql.delta.DeltaLog$.recordDeltaOperation(DeltaLog.scala:598)
	at org.apache.spark.sql.delta.DeltaLog$.createDeltaLog$1(DeltaLog.scala:773)
	at org.apache.spark.sql.delta.DeltaLog$.$anonfun$apply$5(DeltaLog.scala:791)
	at com.google.common.cache.LocalCache$LocalManualCache$1.load(LocalCache.java:4792)
	at com.google.common.cache.LocalCache$LoadingValueReference.loadFuture(LocalCache.java:3599)
	at com.google.common.cache.LocalCache$Segment.loadSync(LocalCache.java:2379)
	at com.google.common.cache.LocalCache$Segment.lockedGetOrLoad(LocalCache.java:2342)
	at com.google.common.cache.LocalCache$Segment.get(LocalCache.java:2257)
	at com.google.common.cache.LocalCache.get(LocalCache.java:4000)
	at com.google.common.cache.LocalCache$LocalManualCache.get(LocalCache.java:4789)
	at org.apache.spark.sql.delta.DeltaLog$.getDeltaLogFromCache$1(DeltaLog.scala:790)
	at org.apache.spark.sql.delta.DeltaLog$.apply(DeltaLog.scala:800)
	at org.apache.spark.sql.delta.DeltaLog$.apply(DeltaLog.scala:710)
	at org.apache.spark.sql.delta.DeltaLog$.forTable(DeltaLog.scala:672)
	at org.apache.spark.sql.delta.sources.DeltaSink.<init>(DeltaSink.scala:54)
	at org.apache.spark.sql.delta.sources.DeltaDataSource.createSink(DeltaDataSource.scala:174)
	at org.apache.spark.sql.execution.datasources.DataSource.createSink(DataSource.scala:313)
	at org.apache.spark.sql.streaming.DataStreamWriter.createV1Sink(DataStreamWriter.scala:442)
	at org.apache.spark.sql.streaming.DataStreamWriter.startInternal(DataStreamWriter.scala:404)
	at org.apache.spark.sql.streaming.DataStreamWriter.start(DataStreamWriter.scala:233)
	at java.base/jdk.internal.reflect.NativeMethodAccessorImpl.invoke0(Native Method)
	at java.base/jdk.internal.reflect.NativeMethodAccessorImpl.invoke(Unknown Source)
	at java.base/jdk.internal.reflect.DelegatingMethodAccessorImpl.invoke(Unknown Source)
	at java.base/java.lang.reflect.Method.invoke(Unknown Source)
	at py4j.reflection.MethodInvoker.invoke(MethodInvoker.java:244)
	at py4j.reflection.ReflectionEngine.invoke(ReflectionEngine.java:374)
	at py4j.Gateway.invoke(Gateway.java:282)
	at py4j.commands.AbstractCommand.invokeMethod(AbstractCommand.java:132)
	at py4j.commands.CallCommand.execute(CallCommand.java:79)
	at py4j.ClientServerConnection.waitForCommands(ClientServerConnection.java:182)
	at py4j.ClientServerConnection.run(ClientServerConnection.java:106)
	at java.base/java.lang.Thread.run(Unknown Source)
Caused by: com.google.cloud.hadoop.repackaged.gcs.com.google.api.client.googleapis.json.GoogleJsonResponseException: 403 Forbidden
GET https://storage.googleapis.com/storage/v1/b/ads-deltalake/o/bronze%2F_delta_log%2F_last_checkpoint?fields=bucket,name,timeCreated,updated,generation,metageneration,size,contentType,contentEncoding,md5Hash,crc32c,metadata
{
  "code" : 403,
  "errors" : [ {
    "domain" : "global",
    "message" : "178833885315-compute@developer.gserviceaccount.com does not have storage.objects.get access to the Google Cloud Storage object. Permission 'storage.objects.get' denied on resource '//storage.googleapis.com/projects/_/buckets/ads-deltalake/objects/bronze/_delta_log/_last_checkpoint' (or it may not exist). Remediate access with this Troubleshooter URL or share it with your administrator - https://console.cloud.google.com/iam-admin/troubleshooter/summary;errorId=CiQwMTlmMjQwZi0xZGVkLTczZTctOGQwMi0xMDk1Y2FhMmFhNDgSS3Byb2plY3RzL18vYnVja2V0cy9hZHMtZGVsdGFsYWtlL29iamVjdHMvYnJvbnplL19kZWx0YV9sb2cvX2xhc3RfY2hlY2twb2ludA%3D%3D .",
    "reason" : "forbidden"
  } ],
  "message" : "178833885315-compute@developer.gserviceaccount.com does not have storage.objects.get access to the Google Cloud Storage object. Permission 'storage.objects.get' denied on resource '//storage.googleapis.com/projects/_/buckets/ads-deltalake/objects/bronze/_delta_log/_last_checkpoint' (or it may not exist). Remediate access with this Troubleshooter URL or share it with your administrator - https://console.cloud.google.com/iam-admin/troubleshooter/summary;errorId=CiQwMTlmMjQwZi0xZGVkLTczZTctOGQwMi0xMDk1Y2FhMmFhNDgSS3Byb2plY3RzL18vYnVja2V0cy9hZHMtZGVsdGFsYWtlL29iamVjdHMvYnJvbnplL19kZWx0YV9sb2cvX2xhc3RfY2hlY2twb2ludA%3D%3D ."
}
	at com.google.cloud.hadoop.repackaged.gcs.com.google.api.client.googleapis.json.GoogleJsonResponseException.from(GoogleJsonResponseException.java:146)
	at com.google.cloud.hadoop.repackaged.gcs.com.google.api.client.googleapis.services.json.AbstractGoogleJsonClientRequest.newExceptionOnError(AbstractGoogleJsonClientRequest.java:118)
	at com.google.cloud.hadoop.repackaged.gcs.com.google.api.client.googleapis.services.json.AbstractGoogleJsonClientRequest.newExceptionOnError(AbstractGoogleJsonClientRequest.java:37)
	at com.google.cloud.hadoop.repackaged.gcs.com.google.api.client.googleapis.services.AbstractGoogleClientRequest$1.interceptResponse(AbstractGoogleClientRequest.java:439)
	at com.google.cloud.hadoop.repackaged.gcs.com.google.api.client.http.HttpRequest.execute(HttpRequest.java:1111)
	at com.google.cloud.hadoop.repackaged.gcs.com.google.api.client.googleapis.services.AbstractGoogleClientRequest.executeUnparsed(AbstractGoogleClientRequest.java:525)
	at com.google.cloud.hadoop.repackaged.gcs.com.google.api.client.googleapis.services.AbstractGoogleClientRequest.executeUnparsed(AbstractGoogleClientRequest.java:466)
	at com.google.cloud.hadoop.repackaged.gcs.com.google.api.client.googleapis.services.AbstractGoogleClientRequest.execute(AbstractGoogleClientRequest.java:576)
	at com.google.cloud.hadoop.repackaged.gcs.com.google.cloud.hadoop.gcsio.GoogleCloudStorageImpl.getObject(GoogleCloudStorageImpl.java:2229)
	... 107 more
26/07/02 18:19:59 WARN DeltaLog: gs://ads-deltalake/bronze/_delta_log/_last_checkpoint is corrupted. Will search the checkpoint files directly
java.io.IOException: Error accessing gs://ads-deltalake/bronze/_delta_log/_last_checkpoint
	at com.google.cloud.hadoop.repackaged.gcs.com.google.cloud.hadoop.gcsio.GoogleCloudStorageImpl.getObject(GoogleCloudStorageImpl.java:2235)
	at com.google.cloud.hadoop.repackaged.gcs.com.google.cloud.hadoop.gcsio.GoogleCloudStorageImpl.getItemInfo(GoogleCloudStorageImpl.java:2122)
	at com.google.cloud.hadoop.repackaged.gcs.com.google.cloud.hadoop.gcsio.GoogleCloudStorageImpl.open(GoogleCloudStorageImpl.java:824)
	at com.google.cloud.hadoop.repackaged.gcs.com.google.cloud.hadoop.gcsio.GoogleCloudStorageFileSystem.open(GoogleCloudStorageFileSystem.java:338)
	at com.google.cloud.hadoop.fs.gcs.GoogleHadoopFSInputStream.<init>(GoogleHadoopFSInputStream.java:106)
	at com.google.cloud.hadoop.fs.gcs.GoogleHadoopFileSystemBase.lambda$open$2(GoogleHadoopFileSystemBase.java:578)
	at com.google.cloud.hadoop.fs.gcs.GhfsStorageStatistics.trackDuration(GhfsStorageStatistics.java:77)
	at com.google.cloud.hadoop.fs.gcs.GoogleHadoopFileSystemBase.open(GoogleHadoopFileSystemBase.java:564)
	at org.apache.hadoop.fs.FileSystem.open(FileSystem.java:976)
	at io.delta.storage.HadoopFileSystemLogStore.read(HadoopFileSystemLogStore.java:46)
	at org.apache.spark.sql.delta.storage.LogStoreAdaptor.read(LogStore.scala:412)
	at org.apache.spark.sql.delta.storage.DelegatingLogStore.read(DelegatingLogStore.scala:96)
	at org.apache.spark.sql.delta.Checkpoints.$anonfun$loadMetadataFromFile$1(Checkpoints.scala:361)
	at org.apache.spark.sql.delta.metering.DeltaLogging.recordFrameProfile(DeltaLogging.scala:140)
	at org.apache.spark.sql.delta.metering.DeltaLogging.recordFrameProfile$(DeltaLogging.scala:138)
	at org.apache.spark.sql.delta.DeltaLog.recordFrameProfile(DeltaLog.scala:72)
	at org.apache.spark.sql.delta.metering.DeltaLogging.$anonfun$recordDeltaOperationInternal$1(DeltaLogging.scala:133)
	at com.databricks.spark.util.DatabricksLogging.recordOperation(DatabricksLogging.scala:128)
	at com.databricks.spark.util.DatabricksLogging.recordOperation$(DatabricksLogging.scala:117)
	at org.apache.spark.sql.delta.DeltaLog.recordOperation(DeltaLog.scala:72)
	at org.apache.spark.sql.delta.metering.DeltaLogging.recordDeltaOperationInternal(DeltaLogging.scala:132)
	at org.apache.spark.sql.delta.metering.DeltaLogging.recordDeltaOperation(DeltaLogging.scala:122)
	at org.apache.spark.sql.delta.metering.DeltaLogging.recordDeltaOperation$(DeltaLogging.scala:112)
	at org.apache.spark.sql.delta.DeltaLog.recordDeltaOperation(DeltaLog.scala:72)
	at org.apache.spark.sql.delta.Checkpoints.loadMetadataFromFile(Checkpoints.scala:360)
	at org.apache.spark.sql.delta.Checkpoints.$anonfun$loadMetadataFromFile$1(Checkpoints.scala:371)
	at org.apache.spark.sql.delta.metering.DeltaLogging.recordFrameProfile(DeltaLogging.scala:140)
	at org.apache.spark.sql.delta.metering.DeltaLogging.recordFrameProfile$(DeltaLogging.scala:138)
	at org.apache.spark.sql.delta.DeltaLog.recordFrameProfile(DeltaLog.scala:72)
	at org.apache.spark.sql.delta.metering.DeltaLogging.$anonfun$recordDeltaOperationInternal$1(DeltaLogging.scala:133)
	at com.databricks.spark.util.DatabricksLogging.recordOperation(DatabricksLogging.scala:128)
	at com.databricks.spark.util.DatabricksLogging.recordOperation$(DatabricksLogging.scala:117)
	at org.apache.spark.sql.delta.DeltaLog.recordOperation(DeltaLog.scala:72)
	at org.apache.spark.sql.delta.metering.DeltaLogging.recordDeltaOperationInternal(DeltaLogging.scala:132)
	at org.apache.spark.sql.delta.metering.DeltaLogging.recordDeltaOperation(DeltaLogging.scala:122)
	at org.apache.spark.sql.delta.metering.DeltaLogging.recordDeltaOperation$(DeltaLogging.scala:112)
	at org.apache.spark.sql.delta.DeltaLog.recordDeltaOperation(DeltaLog.scala:72)
	at org.apache.spark.sql.delta.Checkpoints.loadMetadataFromFile(Checkpoints.scala:360)
	at org.apache.spark.sql.delta.Checkpoints.$anonfun$loadMetadataFromFile$1(Checkpoints.scala:371)
	at org.apache.spark.sql.delta.metering.DeltaLogging.recordFrameProfile(DeltaLogging.scala:140)
	at org.apache.spark.sql.delta.metering.DeltaLogging.recordFrameProfile$(DeltaLogging.scala:138)
	at org.apache.spark.sql.delta.DeltaLog.recordFrameProfile(DeltaLog.scala:72)
	at org.apache.spark.sql.delta.metering.DeltaLogging.$anonfun$recordDeltaOperationInternal$1(DeltaLogging.scala:133)
	at com.databricks.spark.util.DatabricksLogging.recordOperation(DatabricksLogging.scala:128)
	at com.databricks.spark.util.DatabricksLogging.recordOperation$(DatabricksLogging.scala:117)
	at org.apache.spark.sql.delta.DeltaLog.recordOperation(DeltaLog.scala:72)
	at org.apache.spark.sql.delta.metering.DeltaLogging.recordDeltaOperationInternal(DeltaLogging.scala:132)
	at org.apache.spark.sql.delta.metering.DeltaLogging.recordDeltaOperation(DeltaLogging.scala:122)
	at org.apache.spark.sql.delta.metering.DeltaLogging.recordDeltaOperation$(DeltaLogging.scala:112)
	at org.apache.spark.sql.delta.DeltaLog.recordDeltaOperation(DeltaLog.scala:72)
	at org.apache.spark.sql.delta.Checkpoints.loadMetadataFromFile(Checkpoints.scala:360)
	at org.apache.spark.sql.delta.Checkpoints.$anonfun$loadMetadataFromFile$1(Checkpoints.scala:371)
	at org.apache.spark.sql.delta.metering.DeltaLogging.recordFrameProfile(DeltaLogging.scala:140)
	at org.apache.spark.sql.delta.metering.DeltaLogging.recordFrameProfile$(DeltaLogging.scala:138)
	at org.apache.spark.sql.delta.DeltaLog.recordFrameProfile(DeltaLog.scala:72)
	at org.apache.spark.sql.delta.metering.DeltaLogging.$anonfun$recordDeltaOperationInternal$1(DeltaLogging.scala:133)
	at com.databricks.spark.util.DatabricksLogging.recordOperation(DatabricksLogging.scala:128)
	at com.databricks.spark.util.DatabricksLogging.recordOperation$(DatabricksLogging.scala:117)
	at org.apache.spark.sql.delta.DeltaLog.recordOperation(DeltaLog.scala:72)
	at org.apache.spark.sql.delta.metering.DeltaLogging.recordDeltaOperationInternal(DeltaLogging.scala:132)
	at org.apache.spark.sql.delta.metering.DeltaLogging.recordDeltaOperation(DeltaLogging.scala:122)
	at org.apache.spark.sql.delta.metering.DeltaLogging.recordDeltaOperation$(DeltaLogging.scala:112)
	at org.apache.spark.sql.delta.DeltaLog.recordDeltaOperation(DeltaLog.scala:72)
	at org.apache.spark.sql.delta.Checkpoints.loadMetadataFromFile(Checkpoints.scala:360)
	at org.apache.spark.sql.delta.Checkpoints.readLastCheckpointFile(Checkpoints.scala:354)
	at org.apache.spark.sql.delta.Checkpoints.readLastCheckpointFile$(Checkpoints.scala:353)
	at org.apache.spark.sql.delta.DeltaLog.readLastCheckpointFile(DeltaLog.scala:72)
	at org.apache.spark.sql.delta.SnapshotManagement.$anonfun$getSnapshotAtInit$1(SnapshotManagement.scala:436)
	at org.apache.spark.sql.delta.metering.DeltaLogging.recordFrameProfile(DeltaLogging.scala:140)
	at org.apache.spark.sql.delta.metering.DeltaLogging.recordFrameProfile$(DeltaLogging.scala:138)
	at org.apache.spark.sql.delta.DeltaLog.recordFrameProfile(DeltaLog.scala:72)
	at org.apache.spark.sql.delta.SnapshotManagement.getSnapshotAtInit(SnapshotManagement.scala:434)
	at org.apache.spark.sql.delta.SnapshotManagement.getSnapshotAtInit$(SnapshotManagement.scala:433)
	at org.apache.spark.sql.delta.DeltaLog.getSnapshotAtInit(DeltaLog.scala:72)
	at org.apache.spark.sql.delta.SnapshotManagement.$init$(SnapshotManagement.scala:60)
	at org.apache.spark.sql.delta.DeltaLog.<init>(DeltaLog.scala:78)
	at org.apache.spark.sql.delta.DeltaLog$.$anonfun$apply$4(DeltaLog.scala:779)
	at org.apache.spark.sql.catalyst.plans.logical.AnalysisHelper$.allowInvokingTransformsInAnalyzer(AnalysisHelper.scala:323)
	at org.apache.spark.sql.delta.DeltaLog$.$anonfun$apply$3(DeltaLog.scala:774)
	at org.apache.spark.sql.delta.metering.DeltaLogging.recordFrameProfile(DeltaLogging.scala:140)
	at org.apache.spark.sql.delta.metering.DeltaLogging.recordFrameProfile$(DeltaLogging.scala:138)
	at org.apache.spark.sql.delta.DeltaLog$.recordFrameProfile(DeltaLog.scala:598)
	at org.apache.spark.sql.delta.metering.DeltaLogging.$anonfun$recordDeltaOperationInternal$1(DeltaLogging.scala:133)
	at com.databricks.spark.util.DatabricksLogging.recordOperation(DatabricksLogging.scala:128)
	at com.databricks.spark.util.DatabricksLogging.recordOperation$(DatabricksLogging.scala:117)
	at org.apache.spark.sql.delta.DeltaLog$.recordOperation(DeltaLog.scala:598)
	at org.apache.spark.sql.delta.metering.DeltaLogging.recordDeltaOperationInternal(DeltaLogging.scala:132)
	at org.apache.spark.sql.delta.metering.DeltaLogging.recordDeltaOperation(DeltaLogging.scala:122)
	at org.apache.spark.sql.delta.metering.DeltaLogging.recordDeltaOperation$(DeltaLogging.scala:112)
	at org.apache.spark.sql.delta.DeltaLog$.recordDeltaOperation(DeltaLog.scala:598)
	at org.apache.spark.sql.delta.DeltaLog$.createDeltaLog$1(DeltaLog.scala:773)
	at org.apache.spark.sql.delta.DeltaLog$.$anonfun$apply$5(DeltaLog.scala:791)
	at com.google.common.cache.LocalCache$LocalManualCache$1.load(LocalCache.java:4792)
	at com.google.common.cache.LocalCache$LoadingValueReference.loadFuture(LocalCache.java:3599)
	at com.google.common.cache.LocalCache$Segment.loadSync(LocalCache.java:2379)
	at com.google.common.cache.LocalCache$Segment.lockedGetOrLoad(LocalCache.java:2342)
	at com.google.common.cache.LocalCache$Segment.get(LocalCache.java:2257)
	at com.google.common.cache.LocalCache.get(LocalCache.java:4000)
	at com.google.common.cache.LocalCache$LocalManualCache.get(LocalCache.java:4789)
	at org.apache.spark.sql.delta.DeltaLog$.getDeltaLogFromCache$1(DeltaLog.scala:790)
	at org.apache.spark.sql.delta.DeltaLog$.apply(DeltaLog.scala:800)
	at org.apache.spark.sql.delta.DeltaLog$.apply(DeltaLog.scala:710)
	at org.apache.spark.sql.delta.DeltaLog$.forTable(DeltaLog.scala:672)
	at org.apache.spark.sql.delta.sources.DeltaSink.<init>(DeltaSink.scala:54)
	at org.apache.spark.sql.delta.sources.DeltaDataSource.createSink(DeltaDataSource.scala:174)
	at org.apache.spark.sql.execution.datasources.DataSource.createSink(DataSource.scala:313)
	at org.apache.spark.sql.streaming.DataStreamWriter.createV1Sink(DataStreamWriter.scala:442)
	at org.apache.spark.sql.streaming.DataStreamWriter.startInternal(DataStreamWriter.scala:404)
	at org.apache.spark.sql.streaming.DataStreamWriter.start(DataStreamWriter.scala:233)
	at java.base/jdk.internal.reflect.NativeMethodAccessorImpl.invoke0(Native Method)
	at java.base/jdk.internal.reflect.NativeMethodAccessorImpl.invoke(Unknown Source)
	at java.base/jdk.internal.reflect.DelegatingMethodAccessorImpl.invoke(Unknown Source)
	at java.base/java.lang.reflect.Method.invoke(Unknown Source)
	at py4j.reflection.MethodInvoker.invoke(MethodInvoker.java:244)
	at py4j.reflection.ReflectionEngine.invoke(ReflectionEngine.java:374)
	at py4j.Gateway.invoke(Gateway.java:282)
	at py4j.commands.AbstractCommand.invokeMethod(AbstractCommand.java:132)
	at py4j.commands.CallCommand.execute(CallCommand.java:79)
	at py4j.ClientServerConnection.waitForCommands(ClientServerConnection.java:182)
	at py4j.ClientServerConnection.run(ClientServerConnection.java:106)
	at java.base/java.lang.Thread.run(Unknown Source)
Caused by: com.google.cloud.hadoop.repackaged.gcs.com.google.api.client.googleapis.json.GoogleJsonResponseException: 403 Forbidden
GET https://storage.googleapis.com/storage/v1/b/ads-deltalake/o/bronze%2F_delta_log%2F_last_checkpoint?fields=bucket,name,timeCreated,updated,generation,metageneration,size,contentType,contentEncoding,md5Hash,crc32c,metadata
{
  "code" : 403,
  "errors" : [ {
    "domain" : "global",
    "message" : "178833885315-compute@developer.gserviceaccount.com does not have storage.objects.get access to the Google Cloud Storage object. Permission 'storage.objects.get' denied on resource '//storage.googleapis.com/projects/_/buckets/ads-deltalake/objects/bronze/_delta_log/_last_checkpoint' (or it may not exist). Remediate access with this Troubleshooter URL or share it with your administrator - https://console.cloud.google.com/iam-admin/troubleshooter/summary;errorId=CiQwMTlmMjQwZi0yMjFlLTdmNTctODhmZi1jMzUyN2YyZTA4NTcSS3Byb2plY3RzL18vYnVja2V0cy9hZHMtZGVsdGFsYWtlL29iamVjdHMvYnJvbnplL19kZWx0YV9sb2cvX2xhc3RfY2hlY2twb2ludA%3D%3D .",
    "reason" : "forbidden"
  } ],
  "message" : "178833885315-compute@developer.gserviceaccount.com does not have storage.objects.get access to the Google Cloud Storage object. Permission 'storage.objects.get' denied on resource '//storage.googleapis.com/projects/_/buckets/ads-deltalake/objects/bronze/_delta_log/_last_checkpoint' (or it may not exist). Remediate access with this Troubleshooter URL or share it with your administrator - https://console.cloud.google.com/iam-admin/troubleshooter/summary;errorId=CiQwMTlmMjQwZi0yMjFlLTdmNTctODhmZi1jMzUyN2YyZTA4NTcSS3Byb2plY3RzL18vYnVja2V0cy9hZHMtZGVsdGFsYWtlL29iamVjdHMvYnJvbnplL19kZWx0YV9sb2cvX2xhc3RfY2hlY2twb2ludA%3D%3D ."
}
	at com.google.cloud.hadoop.repackaged.gcs.com.google.api.client.googleapis.json.GoogleJsonResponseException.from(GoogleJsonResponseException.java:146)
	at com.google.cloud.hadoop.repackaged.gcs.com.google.api.client.googleapis.services.json.AbstractGoogleJsonClientRequest.newExceptionOnError(AbstractGoogleJsonClientRequest.java:118)
	at com.google.cloud.hadoop.repackaged.gcs.com.google.api.client.googleapis.services.json.AbstractGoogleJsonClientRequest.newExceptionOnError(AbstractGoogleJsonClientRequest.java:37)
	at com.google.cloud.hadoop.repackaged.gcs.com.google.api.client.googleapis.services.AbstractGoogleClientRequest$1.interceptResponse(AbstractGoogleClientRequest.java:439)
	at com.google.cloud.hadoop.repackaged.gcs.com.google.api.client.http.HttpRequest.execute(HttpRequest.java:1111)
	at com.google.cloud.hadoop.repackaged.gcs.com.google.api.client.googleapis.services.AbstractGoogleClientRequest.executeUnparsed(AbstractGoogleClientRequest.java:525)
	at com.google.cloud.hadoop.repackaged.gcs.com.google.api.client.googleapis.services.AbstractGoogleClientRequest.executeUnparsed(AbstractGoogleClientRequest.java:466)
	at com.google.cloud.hadoop.repackaged.gcs.com.google.api.client.googleapis.services.AbstractGoogleClientRequest.execute(AbstractGoogleClientRequest.java:576)
	at com.google.cloud.hadoop.repackaged.gcs.com.google.cloud.hadoop.gcsio.GoogleCloudStorageImpl.getObject(GoogleCloudStorageImpl.java:2229)
	... 120 more
Traceback (most recent call last):
  File "/opt/spark/scripts/consumer.py", line 56, in <module>
    query = df_parsed.writeStream \
  File "/opt/spark/python/lib/pyspark.zip/pyspark/sql/streaming/readwriter.py", line 1529, in start
  File "/opt/spark/python/lib/py4j-0.10.9.7-src.zip/py4j/java_gateway.py", line 1322, in __call__
  File "/opt/spark/python/lib/pyspark.zip/pyspark/errors/exceptions/captured.py", line 179, in deco
  File "/opt/spark/python/lib/py4j-0.10.9.7-src.zip/py4j/protocol.py", line 326, in get_return_value
py4j.protocol.Py4JJavaError: An error occurred while calling o60.start.
: java.io.IOException: Error accessing gs://ads-deltalake/bronze/_delta_log
	at com.google.cloud.hadoop.repackaged.gcs.com.google.cloud.hadoop.gcsio.GoogleCloudStorageImpl.getObject(GoogleCloudStorageImpl.java:2235)
	at com.google.cloud.hadoop.repackaged.gcs.com.google.cloud.hadoop.gcsio.GoogleCloudStorageImpl.getItemInfo(GoogleCloudStorageImpl.java:2122)
	at com.google.cloud.hadoop.repackaged.gcs.com.google.cloud.hadoop.gcsio.GoogleCloudStorageFileSystem.getFileInfoInternal(GoogleCloudStorageFileSystem.java:1104)
	at com.google.cloud.hadoop.repackaged.gcs.com.google.cloud.hadoop.gcsio.GoogleCloudStorageFileSystem.getFileInfo(GoogleCloudStorageFileSystem.java:1078)
	at com.google.cloud.hadoop.fs.gcs.GoogleHadoopFileSystemBase.lambda$getFileStatus$9(GoogleHadoopFileSystemBase.java:1031)
	at com.google.cloud.hadoop.fs.gcs.GhfsStorageStatistics.trackDuration(GhfsStorageStatistics.java:77)
	at com.google.cloud.hadoop.fs.gcs.GoogleHadoopFileSystemBase.getFileStatus(GoogleHadoopFileSystemBase.java:1021)
	at org.apache.hadoop.fs.FileSystem.exists(FileSystem.java:1760)
	at io.delta.storage.HadoopFileSystemLogStore.listFrom(HadoopFileSystemLogStore.java:54)
	at org.apache.spark.sql.delta.storage.LogStoreAdaptor.listFrom(LogStore.scala:452)
	at org.apache.spark.sql.delta.storage.DelegatingLogStore.listFrom(DelegatingLogStore.scala:127)
	at org.apache.spark.sql.delta.Checkpoints.findLastCompleteCheckpointBefore(Checkpoints.scala:428)
	at org.apache.spark.sql.delta.Checkpoints.findLastCompleteCheckpointBefore$(Checkpoints.scala:416)
	at org.apache.spark.sql.delta.DeltaLog.findLastCompleteCheckpointBefore(DeltaLog.scala:72)
	at org.apache.spark.sql.delta.Checkpoints.$anonfun$loadMetadataFromFile$1(Checkpoints.scala:383)
	at org.apache.spark.sql.delta.metering.DeltaLogging.recordFrameProfile(DeltaLogging.scala:140)
	at org.apache.spark.sql.delta.metering.DeltaLogging.recordFrameProfile$(DeltaLogging.scala:138)
	at org.apache.spark.sql.delta.DeltaLog.recordFrameProfile(DeltaLog.scala:72)
	at org.apache.spark.sql.delta.metering.DeltaLogging.$anonfun$recordDeltaOperationInternal$1(DeltaLogging.scala:133)
	at com.databricks.spark.util.DatabricksLogging.recordOperation(DatabricksLogging.scala:128)
	at com.databricks.spark.util.DatabricksLogging.recordOperation$(DatabricksLogging.scala:117)
	at org.apache.spark.sql.delta.DeltaLog.recordOperation(DeltaLog.scala:72)
	at org.apache.spark.sql.delta.metering.DeltaLogging.recordDeltaOperationInternal(DeltaLogging.scala:132)
	at org.apache.spark.sql.delta.metering.DeltaLogging.recordDeltaOperation(DeltaLogging.scala:122)
	at org.apache.spark.sql.delta.metering.DeltaLogging.recordDeltaOperation$(DeltaLogging.scala:112)
	at org.apache.spark.sql.delta.DeltaLog.recordDeltaOperation(DeltaLog.scala:72)
	at org.apache.spark.sql.delta.Checkpoints.loadMetadataFromFile(Checkpoints.scala:360)
	at org.apache.spark.sql.delta.Checkpoints.$anonfun$loadMetadataFromFile$1(Checkpoints.scala:371)
	at org.apache.spark.sql.delta.metering.DeltaLogging.recordFrameProfile(DeltaLogging.scala:140)
	at org.apache.spark.sql.delta.metering.DeltaLogging.recordFrameProfile$(DeltaLogging.scala:138)
	at org.apache.spark.sql.delta.DeltaLog.recordFrameProfile(DeltaLog.scala:72)
	at org.apache.spark.sql.delta.metering.DeltaLogging.$anonfun$recordDeltaOperationInternal$1(DeltaLogging.scala:133)
	at com.databricks.spark.util.DatabricksLogging.recordOperation(DatabricksLogging.scala:128)
	at com.databricks.spark.util.DatabricksLogging.recordOperation$(DatabricksLogging.scala:117)
	at org.apache.spark.sql.delta.DeltaLog.recordOperation(DeltaLog.scala:72)
	at org.apache.spark.sql.delta.metering.DeltaLogging.recordDeltaOperationInternal(DeltaLogging.scala:132)
	at org.apache.spark.sql.delta.metering.DeltaLogging.recordDeltaOperation(DeltaLogging.scala:122)
	at org.apache.spark.sql.delta.metering.DeltaLogging.recordDeltaOperation$(DeltaLogging.scala:112)
	at org.apache.spark.sql.delta.DeltaLog.recordDeltaOperation(DeltaLog.scala:72)
	at org.apache.spark.sql.delta.Checkpoints.loadMetadataFromFile(Checkpoints.scala:360)
	at org.apache.spark.sql.delta.Checkpoints.$anonfun$loadMetadataFromFile$1(Checkpoints.scala:371)
	at org.apache.spark.sql.delta.metering.DeltaLogging.recordFrameProfile(DeltaLogging.scala:140)
	at org.apache.spark.sql.delta.metering.DeltaLogging.recordFrameProfile$(DeltaLogging.scala:138)
	at org.apache.spark.sql.delta.DeltaLog.recordFrameProfile(DeltaLog.scala:72)
	at org.apache.spark.sql.delta.metering.DeltaLogging.$anonfun$recordDeltaOperationInternal$1(DeltaLogging.scala:133)
	at com.databricks.spark.util.DatabricksLogging.recordOperation(DatabricksLogging.scala:128)
	at com.databricks.spark.util.DatabricksLogging.recordOperation$(DatabricksLogging.scala:117)
	at org.apache.spark.sql.delta.DeltaLog.recordOperation(DeltaLog.scala:72)
	at org.apache.spark.sql.delta.metering.DeltaLogging.recordDeltaOperationInternal(DeltaLogging.scala:132)
	at org.apache.spark.sql.delta.metering.DeltaLogging.recordDeltaOperation(DeltaLogging.scala:122)
	at org.apache.spark.sql.delta.metering.DeltaLogging.recordDeltaOperation$(DeltaLogging.scala:112)
	at org.apache.spark.sql.delta.DeltaLog.recordDeltaOperation(DeltaLog.scala:72)
	at org.apache.spark.sql.delta.Checkpoints.loadMetadataFromFile(Checkpoints.scala:360)
	at org.apache.spark.sql.delta.Checkpoints.$anonfun$loadMetadataFromFile$1(Checkpoints.scala:371)
	at org.apache.spark.sql.delta.metering.DeltaLogging.recordFrameProfile(DeltaLogging.scala:140)
	at org.apache.spark.sql.delta.metering.DeltaLogging.recordFrameProfile$(DeltaLogging.scala:138)
	at org.apache.spark.sql.delta.DeltaLog.recordFrameProfile(DeltaLog.scala:72)
	at org.apache.spark.sql.delta.metering.DeltaLogging.$anonfun$recordDeltaOperationInternal$1(DeltaLogging.scala:133)
	at com.databricks.spark.util.DatabricksLogging.recordOperation(DatabricksLogging.scala:128)
	at com.databricks.spark.util.DatabricksLogging.recordOperation$(DatabricksLogging.scala:117)
	at org.apache.spark.sql.delta.DeltaLog.recordOperation(DeltaLog.scala:72)
	at org.apache.spark.sql.delta.metering.DeltaLogging.recordDeltaOperationInternal(DeltaLogging.scala:132)
	at org.apache.spark.sql.delta.metering.DeltaLogging.recordDeltaOperation(DeltaLogging.scala:122)
	at org.apache.spark.sql.delta.metering.DeltaLogging.recordDeltaOperation$(DeltaLogging.scala:112)
	at org.apache.spark.sql.delta.DeltaLog.recordDeltaOperation(DeltaLog.scala:72)
	at org.apache.spark.sql.delta.Checkpoints.loadMetadataFromFile(Checkpoints.scala:360)
	at org.apache.spark.sql.delta.Checkpoints.readLastCheckpointFile(Checkpoints.scala:354)
	at org.apache.spark.sql.delta.Checkpoints.readLastCheckpointFile$(Checkpoints.scala:353)
	at org.apache.spark.sql.delta.DeltaLog.readLastCheckpointFile(DeltaLog.scala:72)
	at org.apache.spark.sql.delta.SnapshotManagement.$anonfun$getSnapshotAtInit$1(SnapshotManagement.scala:436)
	at org.apache.spark.sql.delta.metering.DeltaLogging.recordFrameProfile(DeltaLogging.scala:140)
	at org.apache.spark.sql.delta.metering.DeltaLogging.recordFrameProfile$(DeltaLogging.scala:138)
	at org.apache.spark.sql.delta.DeltaLog.recordFrameProfile(DeltaLog.scala:72)
	at org.apache.spark.sql.delta.SnapshotManagement.getSnapshotAtInit(SnapshotManagement.scala:434)
	at org.apache.spark.sql.delta.SnapshotManagement.getSnapshotAtInit$(SnapshotManagement.scala:433)
	at org.apache.spark.sql.delta.DeltaLog.getSnapshotAtInit(DeltaLog.scala:72)
	at org.apache.spark.sql.delta.SnapshotManagement.$init$(SnapshotManagement.scala:60)
	at org.apache.spark.sql.delta.DeltaLog.<init>(DeltaLog.scala:78)
	at org.apache.spark.sql.delta.DeltaLog$.$anonfun$apply$4(DeltaLog.scala:779)
	at org.apache.spark.sql.catalyst.plans.logical.AnalysisHelper$.allowInvokingTransformsInAnalyzer(AnalysisHelper.scala:323)
	at org.apache.spark.sql.delta.DeltaLog$.$anonfun$apply$3(DeltaLog.scala:774)
	at org.apache.spark.sql.delta.metering.DeltaLogging.recordFrameProfile(DeltaLogging.scala:140)
	at org.apache.spark.sql.delta.metering.DeltaLogging.recordFrameProfile$(DeltaLogging.scala:138)
	at org.apache.spark.sql.delta.DeltaLog$.recordFrameProfile(DeltaLog.scala:598)
	at org.apache.spark.sql.delta.metering.DeltaLogging.$anonfun$recordDeltaOperationInternal$1(DeltaLogging.scala:133)
	at com.databricks.spark.util.DatabricksLogging.recordOperation(DatabricksLogging.scala:128)
	at com.databricks.spark.util.DatabricksLogging.recordOperation$(DatabricksLogging.scala:117)
	at org.apache.spark.sql.delta.DeltaLog$.recordOperation(DeltaLog.scala:598)
	at org.apache.spark.sql.delta.metering.DeltaLogging.recordDeltaOperationInternal(DeltaLogging.scala:132)
	at org.apache.spark.sql.delta.metering.DeltaLogging.recordDeltaOperation(DeltaLogging.scala:122)
	at org.apache.spark.sql.delta.metering.DeltaLogging.recordDeltaOperation$(DeltaLogging.scala:112)
	at org.apache.spark.sql.delta.DeltaLog$.recordDeltaOperation(DeltaLog.scala:598)
	at org.apache.spark.sql.delta.DeltaLog$.createDeltaLog$1(DeltaLog.scala:773)
	at org.apache.spark.sql.delta.DeltaLog$.$anonfun$apply$5(DeltaLog.scala:791)
	at com.google.common.cache.LocalCache$LocalManualCache$1.load(LocalCache.java:4792)
	at com.google.common.cache.LocalCache$LoadingValueReference.loadFuture(LocalCache.java:3599)
	at com.google.common.cache.LocalCache$Segment.loadSync(LocalCache.java:2379)
	at com.google.common.cache.LocalCache$Segment.lockedGetOrLoad(LocalCache.java:2342)
	at com.google.common.cache.LocalCache$Segment.get(LocalCache.java:2257)
	at com.google.common.cache.LocalCache.get(LocalCache.java:4000)
	at com.google.common.cache.LocalCache$LocalManualCache.get(LocalCache.java:4789)
	at org.apache.spark.sql.delta.DeltaLog$.getDeltaLogFromCache$1(DeltaLog.scala:790)
	at org.apache.spark.sql.delta.DeltaLog$.apply(DeltaLog.scala:800)
	at org.apache.spark.sql.delta.DeltaLog$.apply(DeltaLog.scala:710)
	at org.apache.spark.sql.delta.DeltaLog$.forTable(DeltaLog.scala:672)
	at org.apache.spark.sql.delta.sources.DeltaSink.<init>(DeltaSink.scala:54)
	at org.apache.spark.sql.delta.sources.DeltaDataSource.createSink(DeltaDataSource.scala:174)
	at org.apache.spark.sql.execution.datasources.DataSource.createSink(DataSource.scala:313)
	at org.apache.spark.sql.streaming.DataStreamWriter.createV1Sink(DataStreamWriter.scala:442)
	at org.apache.spark.sql.streaming.DataStreamWriter.startInternal(DataStreamWriter.scala:404)
	at org.apache.spark.sql.streaming.DataStreamWriter.start(DataStreamWriter.scala:233)
	at java.base/jdk.internal.reflect.NativeMethodAccessorImpl.invoke0(Native Method)
	at java.base/jdk.internal.reflect.NativeMethodAccessorImpl.invoke(Unknown Source)
	at java.base/jdk.internal.reflect.DelegatingMethodAccessorImpl.invoke(Unknown Source)
	at java.base/java.lang.reflect.Method.invoke(Unknown Source)
	at py4j.reflection.MethodInvoker.invoke(MethodInvoker.java:244)
	at py4j.reflection.ReflectionEngine.invoke(ReflectionEngine.java:374)
	at py4j.Gateway.invoke(Gateway.java:282)
	at py4j.commands.AbstractCommand.invokeMethod(AbstractCommand.java:132)
	at py4j.commands.CallCommand.execute(CallCommand.java:79)
	at py4j.ClientServerConnection.waitForCommands(ClientServerConnection.java:182)
	at py4j.ClientServerConnection.run(ClientServerConnection.java:106)
	at java.base/java.lang.Thread.run(Unknown Source)
Caused by: com.google.cloud.hadoop.repackaged.gcs.com.google.api.client.googleapis.json.GoogleJsonResponseException: 403 Forbidden
GET https://storage.googleapis.com/storage/v1/b/ads-deltalake/o/bronze%2F_delta_log?fields=bucket,name,timeCreated,updated,generation,metageneration,size,contentType,contentEncoding,md5Hash,crc32c,metadata
{
  "code" : 403,
  "errors" : [ {
    "domain" : "global",
    "message" : "178833885315-compute@developer.gserviceaccount.com does not have storage.objects.get access to the Google Cloud Storage object. Permission 'storage.objects.get' denied on resource '//storage.googleapis.com/projects/_/buckets/ads-deltalake/objects/bronze/_delta_log' (or it may not exist). Remediate access with this Troubleshooter URL or share it with your administrator - https://console.cloud.google.com/iam-admin/troubleshooter/summary;errorId=CiQwMTlmMjQwZi0yMmY1LTdjNjYtYTIxZi00NWY5NThkMGFjYmMSOnByb2plY3RzL18vYnVja2V0cy9hZHMtZGVsdGFsYWtlL29iamVjdHMvYnJvbnplL19kZWx0YV9sb2c%3D .",
    "reason" : "forbidden"
  } ],
  "message" : "178833885315-compute@developer.gserviceaccount.com does not have storage.objects.get access to the Google Cloud Storage object. Permission 'storage.objects.get' denied on resource '//storage.googleapis.com/projects/_/buckets/ads-deltalake/objects/bronze/_delta_log' (or it may not exist). Remediate access with this Troubleshooter URL or share it with your administrator - https://console.cloud.google.com/iam-admin/troubleshooter/summary;errorId=CiQwMTlmMjQwZi0yMmY1LTdjNjYtYTIxZi00NWY5NThkMGFjYmMSOnByb2plY3RzL18vYnVja2V0cy9hZHMtZGVsdGFsYWtlL29iamVjdHMvYnJvbnplL19kZWx0YV9sb2c%3D ."
}
	at com.google.cloud.hadoop.repackaged.gcs.com.google.api.client.googleapis.json.GoogleJsonResponseException.from(GoogleJsonResponseException.java:146)
	at com.google.cloud.hadoop.repackaged.gcs.com.google.api.client.googleapis.services.json.AbstractGoogleJsonClientRequest.newExceptionOnError(AbstractGoogleJsonClientRequest.java:118)
	at com.google.cloud.hadoop.repackaged.gcs.com.google.api.client.googleapis.services.json.AbstractGoogleJsonClientRequest.newExceptionOnError(AbstractGoogleJsonClientRequest.java:37)
	at com.google.cloud.hadoop.repackaged.gcs.com.google.api.client.googleapis.services.AbstractGoogleClientRequest$1.interceptResponse(AbstractGoogleClientRequest.java:439)
	at com.google.cloud.hadoop.repackaged.gcs.com.google.api.client.http.HttpRequest.execute(HttpRequest.java:1111)
	at com.google.cloud.hadoop.repackaged.gcs.com.google.api.client.googleapis.services.AbstractGoogleClientRequest.executeUnparsed(AbstractGoogleClientRequest.java:525)
	at com.google.cloud.hadoop.repackaged.gcs.com.google.api.client.googleapis.services.AbstractGoogleClientRequest.executeUnparsed(AbstractGoogleClientRequest.java:466)
	at com.google.cloud.hadoop.repackaged.gcs.com.google.api.client.googleapis.services.AbstractGoogleClientRequest.execute(AbstractGoogleClientRequest.java:576)
	at com.google.cloud.hadoop.repackaged.gcs.com.google.cloud.hadoop.gcsio.GoogleCloudStorageImpl.getObject(GoogleCloudStorageImpl.java:2229)
	... 122 more

