[2026-07-07 08:32:13,119] main-instance/INFO/locust.main: Starting Locust 2.44.4
producer start
127.0.0.1:19092, ad-stream-topic
producer creating
created
pd-user_9499346
pd-user_1842554
pd-user_6016918
pd-user_7350092
pd-user_4930564
pd-user_6575036
pd-user_1305306
pd-user_3344570
pd-user_3892416
pd-user_1954589
pd-user_9505010
pd-user_4147773
pd-user_5903039
pd-user_5450092
pd-user_4437449
pd-user_5366257
pd-user_4430255
pd-user_3325533
pd-user_8109614
pd-user_4282405
pd-user_532548
pd-user_4222649
pd-user_3084699
pd-user_5139588
pd-user_5572567
pd-user_5504435
pd-user_4191615
pd-user_9724361
pd-user_1672427
pd-user_9673786
pd-user_6306567
pd-user_269409
pd-user_8244877
pd-user_254819
pd-user_9427722
pd-user_6675440
pd-user_5814109
pd-user_3789205
pd-user_1810791
pd-user_1241096
pd-user_6197921
pd-user_5017481
pd-user_642115
pd-user_5017442
pd-user_9863883
pd-user_3368656
pd-user_8259359
pd-user_7569550
pd-user_5844710
pd-user_3040112
pd-user_5663391
pd-user_8503820
pd-user_4067305
pd-user_6472554
pd-user_5191487
pd-user_3224744
pd-user_396102
pd-user_2495490
pd-user_7493515
pd-user_9780357
pd-user_2933366
pd-user_552434
pd-user_8900338
pd-user_5593101
pd-user_96425
pd-user_7739679
pd-user_1794556
pd-user_5411665
pd-user_2949072
pd-user_4422603
pd-user_9396118
pd-user_1637489
pd-user_4804212
pd-user_511773
pd-user_5231426
pd-user_7198555
pd-user_5130368
pd-user_6591705
pd-user_8661811
pd-user_6728334
pd-user_8944371
pd-user_556710
pd-user_5433032
pd-user_2348228
pd-user_9668508
pd-user_485789
pd-user_535559
pd-user_3285039
pd-user_8378994
pd-user_3005174
pd-user_8287929
pd-user_4236531
pd-user_9654453
pd-user_3835157
pd-user_4616098
pd-user_9738017
pd-user_7645780
pd-user_4827236
pd-user_4971639
pd-user_8675338
pd-user_1285419
pd-user_9179427
pd-user_358472
pd-user_573662
pd-user_6982995
pd-user_2109184
pd-user_1660581
pd-user_8485910
pd-user_4707219
pd-user_6116796
pd-user_250595
pd-user_132420
pd-user_4234188
pd-user_6563130
pd-user_2299763
pd-user_4883152
pd-user_3333632
pd-user_7996200
pd-user_9154683
pd-user_1525270
pd-user_8749956
pd-user_1087548
pd-user_734408
pd-user_3923281
pd-user_1720658
pd-user_3422837
pd-user_1998357
pd-user_2064842
pd-user_5401693
pd-user_2131775
pd-user_4881144
pd-user_5334795
pd-user_7228066
pd-user_8289452
pd-user_2306948
pd-user_9014930
pd-user_4415224
pd-user_8217228
pd-user_1820740
pd-user_8943564
pd-user_3001944
pd-user_3833799
pd-user_8375510
pd-user_704628
pd-user_5302031
pd-user_8208221
pd-user_1232747
pd-user_3704409
pd-user_4639369
pd-user_3370603
pd-user_8675824
pd-user_8205858
pd-user_8814421
pd-user_9366276
pd-user_8065201
pd-user_3599087
pd-user_5461374
pd-user_4651424
pd-user_4408626
pd-user_6499466
pd-user_1183355
pd-user_1137355
pd-user_5078023
pd-user_195939
pd-user_7201068
pd-user_1380543
pd-user_2604569
pd-user_597878
pd-user_8787657
pd-user_2619684
pd-user_8591415
pd-user_310093
pd-user_9592515
pd-user_9295879
pd-user_811617
pd-user_6155040
pd-user_2558460
pd-user_2978460
pd-user_3547147
pd-user_512347
pd-user_4343782
pd-user_1849776
pd-user_6057056
pd-user_5476271
pd-user_5076790
pd-user_3026905
pd-user_1327304
pd-user_9304528
pd-user_2231344
pd-user_1900605
pd-user_9385344
pd-user_7719920
pd-user_7147808
pd-user_1442575
pd-user_9528589
pd-user_4101190
pd-user_2172636
pd-user_279159
pd-user_8399406
pd-user_8658390
pd-user_1678498
pd-user_1724860
pd-user_5323037
pd-user_7183826
pd-user_5961435
pd-user_5106780
pd-user_3726075
pd-user_6425123
pd-user_2787536
pd-user_136251
pd-user_1168597
pd-user_6180474
pd-user_9791979
pd-user_6086272
pd-user_9278437
pd-user_1698516
pd-user_2862666
pd-user_2688862
pd-user_5146013
pd-user_6066879
pd-user_1774457
pd-user_1235804
pd-user_3128915
pd-user_6440570
pd-user_4747109
pd-user_4844488
pd-user_4150455
pd-user_7250330
pd-user_8731870
pd-user_305356
pd-user_7183245
pd-user_7974236
pd-user_1588399
pd-user_7712851
pd-user_9644229
pd-user_6981685
pd-user_9380898
pd-user_6876710
pd-user_9015828
pd-user_9834479
pd-user_7640670
pd-user_8712630
pd-user_9350866
pd-user_6838308
pd-user_8367064
pd-user_2582910
pd-user_2520834
pd-user_7519995
pd-user_363160
pd-user_339382
pd-user_199472
pd-user_2046188
pd-user_2517691
pd-user_4889157
pd-user_90532
pd-user_7636915
pd-user_8623329
pd-user_8305548
pd-user_4703793
pd-user_7144389
pd-user_2439157
pd-user_6832566
pd-user_1764806
pd-user_3962299
pd-user_1105256
pd-user_178708
pd-user_3761018
pd-user_3941955
pd-user_9783863
pd-user_3706364
pd-user_2784168
pd-user_1022461
pd-user_5184511
pd-user_6008445
pd-user_7936683
pd-user_4508042
pd-user_3783985
pd-user_1588842
pd-user_6494349
pd-user_7693558
pd-user_9319976
pd-user_6957033
pd-user_6766305
pd-user_8256908
pd-user_3822571
pd-user_7256297
pd-user_7453946
pd-user_703569
pd-user_8968308
pd-user_4279994
pd-user_6462813
pd-user_4385747
pd-user_1014485
pd-user_4485603
pd-user_2061245
pd-user_5522726
pd-user_3843598
pd-user_4085833
pd-user_828129
pd-user_1525651
pd-user_8217567
pd-user_9004535
pd-user_5786726
pd-user_4617040
pd-user_525202
pd-user_1002083
pd-user_6001903
pd-user_7194055
pd-user_8467153
pd-user_9856933
pd-user_9673416
pd-user_1102846
pd-user_7459810
pd-user_1717082
pd-user_1963820
pd-user_6615671
pd-user_1071365
pd-user_4979958
pd-user_1494565
pd-user_4369261
pd-user_6278144
pd-user_4190543
pd-user_1927805
pd-user_390828
pd-user_9755837
pd-user_71395
pd-user_43586
pd-user_7899821
pd-user_5815619
pd-user_830815
pd-user_5190800
pd-user_2154759
pd-user_7708251
pd-user_8920505
pd-user_8893274
pd-user_5488678
pd-user_2446937
pd-user_6925234
pd-user_3398417
pd-user_689796
pd-user_2787542
pd-user_2295772
pd-user_5157098
pd-user_6226956
pd-user_4658965
pd-user_9407071
pd-user_6682208
pd-user_5853209
pd-user_3932438
pd-user_1481369
pd-user_5417751
pd-user_5450699
pd-user_7698523
pd-user_7500058
pd-user_2308050
pd-user_4762949
pd-user_8866322
pd-user_5090685
pd-user_8256026
pd-user_2102991
pd-user_8416551
pd-user_7564201
pd-user_4612303
pd-user_6896202
pd-user_9035727
pd-user_1757608
pd-user_1801468
pd-user_6998568
pd-user_3484997
pd-user_3609162
pd-user_2480427
pd-user_7763472
pd-user_1906476
pd-user_9380468
pd-user_8583309
pd-user_9588175
pd-user_6738067
pd-user_6743086
pd-user_7397300
pd-user_128456
pd-user_5173306
pd-user_5533078
pd-user_1829344
pd-user_6062229
pd-user_1278215
pd-user_5795767
pd-user_2514825
pd-user_5113080
pd-user_2806939
pd-user_7758
pd-user_1992445
pd-user_8577572
pd-user_4191878
pd-user_5057292
pd-user_5580956
pd-user_2200604
pd-user_2251938
pd-user_1406691
pd-user_8919347
pd-user_5466700
pd-user_4592848
pd-user_1052342
pd-user_2679416
pd-user_8358088
pd-user_8943972
pd-user_8107410
pd-user_5402877
pd-user_2202870
pd-user_9381082
pd-user_5787817
pd-user_2995171
pd-user_1672784
pd-user_4947196
pd-user_539099
pd-user_4269227
pd-user_6809448
pd-user_5793411
pd-user_8939069
pd-user_6010438
pd-user_5246749
pd-user_4033888
pd-user_8844972
pd-user_2037683
pd-user_2575981
pd-user_1618643
pd-user_2316450
pd-user_919639
pd-user_5069389
pd-user_1825807
pd-user_640548
pd-user_5035158
pd-user_9114944
pd-user_8644330
pd-user_2557751
pd-user_4123096
pd-user_3048595
pd-user_1962359
pd-user_6374893
pd-user_884284
pd-user_7479325
pd-user_5137878
pd-user_2172854
pd-user_4321947
pd-user_8021963
pd-user_8836855
pd-user_6289208
pd-user_4558550
pd-user_7683943
pd-user_1519128
pd-user_7953971
pd-user_6486826
pd-user_1752307
pd-user_8442278
pd-user_5623108
pd-user_3971815
pd-user_685471
pd-user_3392745
pd-user_3061542
pd-user_1903589
pd-user_2649724
pd-user_9818994
pd-user_3580209
pd-user_5872439
pd-user_3513518
pd-user_3419785
pd-user_1354557
pd-user_6580789
pd-user_7347527
pd-user_677195
pd-user_6755524
pd-user_4471390
pd-user_1406665
pd-user_582600
pd-user_6797720
pd-user_1615212
pd-user_8335821
pd-user_3018212
pd-user_8285928
pd-user_9429499
pd-user_1228249
pd-user_2454784
pd-user_3515611
pd-user_3343211
pd-user_4950301
pd-user_8805471
pd-user_3812291
pd-user_1487271
pd-user_951768
pd-user_3513020
pd-user_5624623
pd-user_1766239
pd-user_7926139
pd-user_8436294
pd-user_9514111
pd-user_1199491
pd-user_5627912
pd-user_7110533
pd-user_681506
pd-user_3814286
pd-user_567914
pd-user_561765
pd-user_2465371
pd-user_9362765
pd-user_7921662
pd-user_4194038
pd-user_3166044
pd-user_2898683
pd-user_8166733
pd-user_863840
pd-user_1016207
pd-user_8872926
pd-user_8809374
pd-user_5393434
pd-user_9937244
pd-user_8067446
pd-user_2096854
pd-user_6466022
pd-user_3388726
pd-user_8680611
pd-user_4671441
pd-user_9038138
pd-user_9833088
pd-user_4678391
pd-user_2717731
pd-user_2960570
pd-user_3142194
pd-user_2992487
pd-user_3224746
pd-user_9664952
pd-user_3294941
pd-user_7542345
pd-user_9933534
pd-user_29077
pd-user_2385502
pd-user_6320611
pd-user_2448294
pd-user_4320852
pd-user_2408978
pd-user_3153040
pd-user_5872919
pd-user_8138096
pd-user_2918572
pd-user_4855849
pd-user_5412041
pd-user_3870672
pd-user_5388972
pd-user_8055429
pd-user_5181771
pd-user_4000730
pd-user_4978562
pd-user_2903852
pd-user_2444169
pd-user_5296413
pd-user_9989417
pd-user_872586
pd-user_1840180
pd-user_418761
pd-user_2160214
pd-user_9900901
pd-user_3622268
pd-user_1917040
pd-user_5500502
pd-user_2024520
pd-user_9955645
pd-user_9731090
pd-user_7641218
pd-user_9543932
pd-user_7685524
pd-user_7524508
pd-user_719110
pd-user_4651725
pd-user_9802008
pd-user_5423059
pd-user_1636801
pd-user_3829653
pd-user_2405513
pd-user_7921873
pd-user_8690139
pd-user_5306568
pd-user_5790287
pd-user_2982896
pd-user_4321103
pd-user_5061478
pd-user_9306910
pd-user_186820
pd-user_3399936
pd-user_678794
pd-user_4034241
pd-user_5906332
pd-user_4320812
pd-user_9219298
pd-user_8195422
pd-user_9671332
pd-user_8560699
pd-user_1005760
pd-user_3596337
pd-user_7214791
pd-user_1151662
pd-user_4306411
pd-user_7696947
pd-user_2250100
pd-user_5988476
pd-user_6555149
pd-user_3720782
pd-user_6117404
pd-user_3981731
pd-user_1901780
pd-user_5574113
pd-user_3774946
pd-user_7734674
pd-user_1002276
pd-user_7623085
pd-user_8017649
pd-user_1688497
pd-user_8702789
pd-user_2759366
pd-user_614018
pd-user_8516808
pd-user_3803258
pd-user_176613
pd-user_9361156
pd-user_7924053
pd-user_9582233
pd-user_5153488
pd-user_4914885
pd-user_1478451
pd-user_7525128
pd-user_9292766
pd-user_4770632
pd-user_5369889
pd-user_8937649
pd-user_9308136
pd-user_5436097
pd-user_7276072
pd-user_7304419
pd-user_7305998
pd-user_4368413
pd-user_336171
pd-user_2341928
pd-user_4912301
pd-user_7158822
pd-user_1138687
pd-user_2532257
pd-user_8320647
pd-user_8864936
pd-user_9183843
pd-user_3167136
pd-user_4170521
pd-user_5586071
pd-user_681268
pd-user_7725582
pd-user_4400718
pd-user_8745798
pd-user_839878
pd-user_8938313
pd-user_2149332
pd-user_770817
pd-user_6575369
pd-user_8938130
pd-user_4976429
pd-user_1762771
pd-user_9420484
pd-user_5743789
pd-user_1667662
pd-user_9039489
pd-user_9508257
pd-user_3775253
pd-user_8761014
pd-user_7961293
pd-user_9084234
pd-user_6658560
pd-user_5715375
pd-user_7915257
pd-user_8485058
pd-user_6448307
pd-user_3618721
pd-user_4574956
pd-user_4384282
pd-user_1176533
pd-user_3242532
pd-user_5426893
pd-user_8595080
pd-user_6430914
pd-user_9622339
pd-user_5579741
pd-user_323040
pd-user_9310042
pd-user_8208
pd-user_5076999
pd-user_1969858
pd-user_8777865
pd-user_6289232
pd-user_9161491
pd-user_358588
pd-user_8070789
pd-user_149481
pd-user_3030949
pd-user_8593123
pd-user_1183584
pd-user_9603320
pd-user_5944557
pd-user_6455590
pd-user_6283048
pd-user_2249288
pd-user_450614
pd-user_6831567
pd-user_7435389
pd-user_4762587
pd-user_5077430
pd-user_2762729
pd-user_8907560
pd-user_1971101
pd-user_8282150
pd-user_6551320
pd-user_7291898
pd-user_7471872
pd-user_8389364
pd-user_8257296
pd-user_4992096
pd-user_9914341
pd-user_1510741
pd-user_4174724
pd-user_9930696
pd-user_2435556
pd-user_63938
pd-user_1717790
pd-user_4770378
pd-user_593196
pd-user_48619
pd-user_5223937
pd-user_6821001
pd-user_1776576
pd-user_5520765
pd-user_1653996
pd-user_2822899
pd-user_9841042
pd-user_1617723
pd-user_2081878
pd-user_145095
pd-user_5741257
pd-user_5903367
pd-user_7556303
pd-user_7297153
pd-user_7344353
pd-user_3576495
pd-user_5287731
pd-user_2125686
pd-user_7251119
pd-user_6704567
pd-user_8041593
pd-user_1416726
pd-user_3777298
pd-user_6310247
pd-user_2342269
pd-user_1181984
pd-user_7905477
pd-user_1421160
pd-user_3930455
pd-user_9110499
pd-user_4432217
pd-user_2416014
pd-user_590242
pd-user_3878538
pd-user_6172572
pd-user_5411053
pd-user_2758626
pd-user_3532884
pd-user_3232854
pd-user_9173407
pd-user_1162042
pd-user_8318516
pd-user_3026781
pd-user_4368193
pd-user_4629725
pd-user_5456660
pd-user_9114546
pd-user_5451583
pd-user_8193190
pd-user_7170251
pd-user_6749240
pd-user_8826130
pd-user_6970990
pd-user_941270
pd-user_219933
pd-user_6098872
pd-user_8994402
pd-user_7155348
pd-user_2649316
pd-user_7957741
pd-user_9370129
pd-user_3230367
pd-user_8659312
pd-user_7486780
pd-user_5391419
pd-user_9669548
pd-user_2760809
pd-user_2867749
pd-user_4602591
pd-user_694476
pd-user_2535830
pd-user_2990065
pd-user_9707480
pd-user_4284500
pd-user_5475911
pd-user_5653788
pd-user_1226403
pd-user_8771955
pd-user_6839036
pd-user_4381829
pd-user_1042296
pd-user_3719834
pd-user_9443443
pd-user_7385563
pd-user_1686825
pd-user_2140348
pd-user_4229241
pd-user_3489827
pd-user_1465066
pd-user_4550132
pd-user_7503389
pd-user_4582297
pd-user_2526510
pd-user_5044325
pd-user_9200952
pd-user_2558340
pd-user_1889574
pd-user_9422313
pd-user_9762662
pd-user_7885898
pd-user_5387906
pd-user_628333
pd-user_9448085
pd-user_1863916
pd-user_8742346
pd-user_2879957
pd-user_7464641
pd-user_202013
pd-user_5722963
pd-user_8119467
pd-user_6799013
pd-user_9640791
pd-user_313304
pd-user_2193021
pd-user_5488802
pd-user_2664285
pd-user_9496948
pd-user_3154638
pd-user_7879412
pd-user_4441641
pd-user_1079304
pd-user_6108226
pd-user_8152662
pd-user_4584403
pd-user_1217797
pd-user_6067681
pd-user_1917485
pd-user_1526376
pd-user_7884967
pd-user_5011509
pd-user_4959291
pd-user_5755936
pd-user_675053
pd-user_2643643
pd-user_1138580
pd-user_3995462
pd-user_2238163
pd-user_5571287
pd-user_4028533
pd-user_3804138
pd-user_6486179
pd-user_4529658
pd-user_8669208
pd-user_1581451
pd-user_4634678
pd-user_9871401
pd-user_5099671
pd-user_5703943
pd-user_1211471
pd-user_7273012
pd-user_5703156
pd-user_5712786
pd-user_4480265
pd-user_5922355
pd-user_8359733
pd-user_5568068
pd-user_4964975
pd-user_9150562
pd-user_7914227
pd-user_9048650
pd-user_1913221
pd-user_3796619
pd-user_4420763
pd-user_6813831
pd-user_6678224
pd-user_1480334
pd-user_3682760
pd-user_6565495
pd-user_6279992
pd-user_8478590
pd-user_9734384
pd-user_4371509
pd-user_1211659
pd-user_3563777
pd-user_7621103
pd-user_3574707
pd-user_6683454
pd-user_7997567
pd-user_4093497
pd-user_725209
pd-user_3859151
pd-user_3998577
pd-user_3340623
pd-user_4832825
pd-user_758382
pd-user_7203165
pd-user_6558365
pd-user_5876998
pd-user_7099734
pd-user_9525
pd-user_6119841
pd-user_7444954
pd-user_9318308
pd-user_3660488
pd-user_8099155
pd-user_3649440
pd-user_963457
pd-user_852462
pd-user_4516120
pd-user_9931206
pd-user_6210761
pd-user_2034679
pd-user_6387287
pd-user_7793832
pd-user_8314425
pd-user_2826803
pd-user_2530621
pd-user_9479799
pd-user_4201054
pd-user_7731831
pd-user_7761450
pd-user_5016079
pd-user_6099056
pd-user_6005758
pd-user_5671859
pd-user_5665813
pd-user_2095858
pd-user_9801216
pd-user_3806382
pd-user_9453929
pd-user_1224076
pd-user_7123580
pd-user_3528199
pd-user_7706671
pd-user_4497692
pd-user_455514
pd-user_3061597
pd-user_5737529
pd-user_4520885
pd-user_9054704
pd-user_3235616
pd-user_323277
pd-user_7027082
pd-user_5354074
pd-user_3920589
pd-user_9567610
pd-user_6679180
pd-user_6010381
pd-user_7469803
pd-user_1103123
pd-user_4870229
pd-user_9142936
pd-user_7965864
pd-user_3139351
pd-user_333394
pd-user_5512158
pd-user_4371939
pd-user_3612124
pd-user_1643288
pd-user_9478690
pd-user_6222527
pd-user_2555118
pd-user_6024787
pd-user_2415696
pd-user_8456851
pd-user_946673
pd-user_5701361
pd-user_928252
pd-user_4640759
pd-user_5022666
pd-user_5334386
pd-user_4117321
pd-user_3484131
pd-user_4121237
pd-user_8893109
pd-user_6603704
pd-user_9157534
pd-user_8135861
pd-user_9570439
pd-user_9122926
pd-user_912357
pd-user_973934
pd-user_8177908
pd-user_7636845
pd-user_8914910
pd-user_284122
pd-user_62314
pd-user_3749197
pd-user_5290322
pd-user_4701605
pd-user_388964
pd-user_1055833
pd-user_9394089
pd-user_8819772
pd-user_5309600
pd-user_5194048
pd-user_4156542
pd-user_4691009
pd-user_1841971
pd-user_635488
pd-user_8076557
pd-user_5313772
pd-user_6513696
pd-user_8242792
pd-user_8193098
pd-user_5637568
pd-user_8220066
pd-user_674622
pd-user_5946164
pd-user_4147117
pd-user_3812557
pd-user_9633985
pd-user_1308685
pd-user_1801953
pd-user_2384909
pd-user_9201147
pd-user_220248
pd-user_9675173
pd-user_1025091
pd-user_2720588
pd-user_2503073
pd-user_2672026
pd-user_5781505
pd-user_292348
pd-user_6690414
pd-user_6346119
pd-user_7053743
pd-user_9996410
pd-user_1063197
pd-user_8839365
pd-user_1051160
pd-user_4776671
pd-user_96545
pd-user_4026640
pd-user_4833667
pd-user_1187683
pd-user_1962896
pd-user_3589448
pd-user_750169
pd-user_4596187
pd-user_1088888
pd-user_2965672
pd-user_4896800
pd-user_7041283
pd-user_4931837
pd-user_8476705
pd-user_6255423
pd-user_3119745
pd-user_837390
pd-user_8277601
pd-user_5334981
pd-user_5274594
pd-user_3998049
pd-user_201628
pd-user_3065217
pd-user_5918114
pd-user_6235661
pd-user_147883
pd-user_9195824
pd-user_6211226
pd-user_2784426
pd-user_8965003
pd-user_3463311
pd-user_4707086
pd-user_7621482
pd-user_5374567
pd-user_3776318
pd-user_7421168
pd-user_5562014
pd-user_7460421
pd-user_2002296
pd-user_1135150
pd-user_4301114
pd-user_4613656
pd-user_2524089
pd-user_8579315
pd-user_9977841
pd-user_4685349
pd-user_1446120
pd-user_6358034
pd-user_1499818
pd-user_9453084
pd-user_5930548
pd-user_5735156
pd-user_5564882
pd-user_8135870
pd-user_3770604
pd-user_4291830
pd-user_307219
pd-user_1073305
pd-user_1322958
pd-user_1060906
pd-user_7620969
pd-user_2348113
pd-user_584646
pd-user_1916106
pd-user_1323772
pd-user_3838112
pd-user_8598992
pd-user_5675445
pd-user_773315
pd-user_6895958
pd-user_9390795
pd-user_6840225
pd-user_2175490
pd-user_5513653
pd-user_7180888
pd-user_9215059
pd-user_2934842
pd-user_5873322
pd-user_3045101
pd-user_9479526
pd-user_1799791
pd-user_5500607
pd-user_5863610
pd-user_4693881
pd-user_1540466
pd-user_8762427
pd-user_5827117
pd-user_421949
pd-user_5795670
pd-user_1680841
pd-user_9155293
pd-user_2257799
pd-user_4279026
pd-user_3636877
pd-user_1706846
pd-user_1311451
pd-user_8395200
pd-user_9027313
pd-user_7202490
pd-user_5306218
pd-user_488717
pd-user_5669501
pd-user_9857970
pd-user_1920795
pd-user_3601078
pd-user_7382101
pd-user_1480821
pd-user_6939747
pd-user_2486280
pd-user_9516966
pd-user_8348240
pd-user_6988497
pd-user_7994943
pd-user_8437158
pd-user_6879964
pd-user_1772602
pd-user_7105347
pd-user_9277179
pd-user_3873684
pd-user_5595142
pd-user_8905073
pd-user_3928714
pd-user_3451566
pd-user_6425143
pd-user_1587765
pd-user_3545906
pd-user_1190790
pd-user_9975970
pd-user_698195
pd-user_1399877
pd-user_519486
pd-user_4411509
pd-user_2202320
pd-user_1479030
pd-user_412547
pd-user_4385523
pd-user_8342846
pd-user_489380
pd-user_5489548
pd-user_4574620
pd-user_8244275
pd-user_6834970
pd-user_4786164
pd-user_8934280
pd-user_8694356
pd-user_2444274
pd-user_5797599
pd-user_197016
pd-user_77972
pd-user_4508040
pd-user_4782209
pd-user_5940108
pd-user_7530277
pd-user_2840935
pd-user_6566376
pd-user_5773961
pd-user_4706360
pd-user_5368389
pd-user_4650742
pd-user_2518669
pd-user_1943358
pd-user_2019046
pd-user_7479091
pd-user_9649692
pd-user_9411957
pd-user_6415770
pd-user_1746097
pd-user_7530905
pd-user_6715833
pd-user_4342703
pd-user_925742
pd-user_2738834
pd-user_2987081
pd-user_1448017
pd-user_8411569
pd-user_4007023
pd-user_7066495
pd-user_3711699
pd-user_9627268
pd-user_6644741
pd-user_9689064
pd-user_57136
pd-user_8330575
pd-user_6821455
pd-user_6718388
pd-user_417989
pd-user_5312016
pd-user_327966
pd-user_162936
pd-user_8487198
pd-user_7425749
pd-user_1821789
pd-user_1313256
pd-user_8357108
pd-user_558307
pd-user_7906558
pd-user_8152547
pd-user_4107278
pd-user_4517312
pd-user_6011952
pd-user_5888412
pd-user_5390565
pd-user_7021219
pd-user_3829368
pd-user_6914206
pd-user_2442212
pd-user_6566065
pd-user_5143762
pd-user_5174594
pd-user_4569970
pd-user_3335746
pd-user_3725299
pd-user_4314602
pd-user_6796831
pd-user_9590935
pd-user_9145629
pd-user_8212345
pd-user_6783435
pd-user_8177352
pd-user_9884695
pd-user_2896112
pd-user_8018604
pd-user_1941607
pd-user_3560846
pd-user_9159060
pd-user_4942704
pd-user_1794305
pd-user_9146187
pd-user_7513974
pd-user_6488225
pd-user_4364805
pd-user_5210840
pd-user_1241034
pd-user_2892055
pd-user_9835612
pd-user_6011510
pd-user_632882
pd-user_3314957
pd-user_9764929
pd-user_8144912
pd-user_8730417
pd-user_6829202
pd-user_5309286
pd-user_8126612
pd-user_8521839
pd-user_4453400
pd-user_2160966
pd-user_6419499
pd-user_2595520
pd-user_2225279
pd-user_9710797
pd-user_754564
pd-user_6154143
pd-user_2266912
pd-user_4947696
pd-user_5402536
pd-user_9044447
pd-user_2587859
pd-user_4346440
pd-user_2882101
pd-user_7768356
pd-user_9970492
pd-user_4945377
pd-user_5681693
pd-user_6695807
pd-user_4266475
pd-user_3207558
pd-user_7284680
pd-user_329149
pd-user_4650305
pd-user_8162259
pd-user_7647624
pd-user_818240
pd-user_1700230
pd-user_4059978
pd-user_1094597
pd-user_2763939
pd-user_4317625
pd-user_1656509
pd-user_5482044
pd-user_8041140
pd-user_664243
pd-user_1328472
pd-user_3450109
pd-user_7860760
pd-user_1185222
pd-user_7904631
pd-user_8360112
pd-user_5910394
pd-user_9526144
pd-user_3457642
pd-user_2115301
pd-user_8322879
pd-user_3333828
pd-user_555563
pd-user_2605365
pd-user_4527348
pd-user_661505
pd-user_3086016
pd-user_1459214
pd-user_6237572
pd-user_5824880
pd-user_1061599
pd-user_8876782
pd-user_9335213
pd-user_239581
pd-user_5293869
pd-user_3084241
pd-user_5557176
pd-user_1411447
pd-user_601094
pd-user_5407613
pd-user_7471257
pd-user_9726627
pd-user_9839674
pd-user_9979440
pd-user_853719
pd-user_2390625
pd-user_6009443
pd-user_5697190
pd-user_9511067
pd-user_1069245
pd-user_2646780
pd-user_1963708
pd-user_2155050
pd-user_672599
pd-user_2453160
pd-user_1456142
pd-user_3081878
pd-user_466007
pd-user_1105268
pd-user_9355002
pd-user_8182102
pd-user_5457127
pd-user_8541502
pd-user_5614366
pd-user_1988996
pd-user_3042578
pd-user_8823108
pd-user_1154105
pd-user_5980913
pd-user_8180244
pd-user_3111184
pd-user_3700315
pd-user_4023090
pd-user_8799274
pd-user_1576159
pd-user_8650705
pd-user_7163882
pd-user_5031999
pd-user_121750
pd-user_109436
pd-user_7915349
pd-user_6961644
pd-user_5656824
pd-user_1506582
pd-user_2831493
pd-user_400506
pd-user_953800
pd-user_2223499
pd-user_577629
pd-user_3119194
pd-user_8391763
pd-user_1270989
pd-user_279735
pd-user_979934
pd-user_8584516
pd-user_1747788
pd-user_1040165
pd-user_9358467
pd-user_5382714
pd-user_5887444
pd-user_2562348
pd-user_3007852
pd-user_8487820
pd-user_7411431
pd-user_357212
pd-user_7408051
pd-user_4584163
pd-user_4365827
pd-user_9262161
pd-user_4910620
pd-user_2940024
pd-user_4479198
pd-user_9955114
pd-user_1166246
pd-user_8350830
pd-user_4623988
pd-user_6056765
pd-user_6811523
pd-user_7198164
pd-user_6688765
pd-user_6166913
pd-user_5145555
pd-user_7902198
pd-user_171459
pd-user_2741987
pd-user_9496735
pd-user_6257519
pd-user_7757665
pd-user_2988510
pd-user_6024680
pd-user_9080487
pd-user_1115808
pd-user_8377916
pd-user_2309814
pd-user_1030065
pd-user_1200342
pd-user_4960079
pd-user_4650357
pd-user_8058135
pd-user_1062912
pd-user_8377690
pd-user_3916459
pd-user_6474987
pd-user_4409612
pd-user_5627656
pd-user_3065041
pd-user_7981693
pd-user_8304434
pd-user_7059770
pd-user_6344428
pd-user_2479157
pd-user_611820
pd-user_9166503
pd-user_8649928
pd-user_7912374
pd-user_7207818
pd-user_8024621
pd-user_8986406
pd-user_4123831
pd-user_1971887
pd-user_1478825
pd-user_6464806
pd-user_4766858
pd-user_4869784
pd-user_7319995
pd-user_8734585
pd-user_3940192
pd-user_5840468
pd-user_2066632
pd-user_1599532
pd-user_5669418
pd-user_2892166
pd-user_568980
pd-user_8672603
pd-user_9216661
pd-user_3946699
pd-user_4849944
pd-user_6999506
pd-user_9508582
pd-user_7035662
pd-user_4043011
pd-user_9909085
pd-user_4566023
pd-user_7403698
pd-user_9978309
pd-user_8302825
pd-user_5054786
pd-user_9763659
pd-user_7035595
pd-user_9722732
pd-user_3524947
pd-user_8251109
pd-user_986778
pd-user_1514090
pd-user_3715523
pd-user_3851338
pd-user_9873363
pd-user_6531636
pd-user_6717250
pd-user_5659250
pd-user_7193650
pd-user_9246308
pd-user_3477800
pd-user_3635933
pd-user_2081033
pd-user_1948377
pd-user_3160493
pd-user_7746331
pd-user_621681
pd-user_6752916
pd-user_2390321
pd-user_739052
pd-user_937484
pd-user_7693
pd-user_6946994
pd-user_2971519
pd-user_4397395
pd-user_9250714
pd-user_8744268
pd-user_5884775
pd-user_1913073
pd-user_68686
pd-user_4823214
pd-user_3681918
pd-user_6093377
pd-user_3446836
pd-user_2564942
pd-user_9928285
pd-user_9205512
pd-user_9737300
pd-user_8278649
pd-user_9398912
pd-user_8413492
pd-user_8511537
pd-user_2581332
pd-user_2893632
pd-user_4955839
pd-user_6021408
pd-user_5629183
pd-user_6585373
pd-user_4242455
pd-user_890703
pd-user_7571585
pd-user_5246722
pd-user_459660
pd-user_9157465
pd-user_1434925
pd-user_2487833
pd-user_3269203
pd-user_6882779
pd-user_1534327
pd-user_8217658
pd-user_8610918
pd-user_654643
pd-user_2812340
pd-user_9782996
pd-user_7204113
pd-user_3605472
pd-user_9505219
pd-user_7022054
pd-user_5269352
pd-user_3467238
pd-user_9205666
pd-user_8189353
pd-user_5552809
pd-user_7488560
pd-user_4090346
pd-user_1929200
pd-user_575430
pd-user_6604558
pd-user_9105812
pd-user_8882795
pd-user_2085782
pd-user_4097641
pd-user_310790
pd-user_5120293
pd-user_3406768
pd-user_4694955
pd-user_4771213
pd-user_399232
pd-user_8570223
pd-user_7132064
pd-user_3583320
pd-user_3261053
pd-user_7990025
pd-user_3016848
pd-user_3836526
pd-user_7113277
pd-user_6774292
pd-user_4403885
pd-user_2627439
pd-user_9057756
pd-user_9939486
pd-user_6023592
pd-user_2568751
pd-user_6323519
pd-user_5647964
pd-user_8388399
pd-user_8332177
pd-user_9407331
pd-user_3184120
pd-user_372774
pd-user_7576207
pd-user_9055140
pd-user_5777185
pd-user_5757951
pd-user_1866193
pd-user_4477331
pd-user_39000
pd-user_1569156
pd-user_913093
pd-user_6043396
pd-user_3159421
pd-user_6957272
pd-user_7187154
pd-user_4955115
pd-user_5417529
pd-user_1704014
pd-user_6958506
pd-user_9859107
pd-user_7225057
pd-user_9888555
pd-user_3887549
pd-user_5944555
pd-user_5852002
pd-user_1191926
pd-user_9181015
pd-user_6276804
pd-user_1841178
pd-user_162258
pd-user_6453124
pd-user_3988037
pd-user_2229511
pd-user_3761689
pd-user_8298353
pd-user_4363029
pd-user_8243998
pd-user_7338145
pd-user_864150
pd-user_7988958
pd-user_3553402
pd-user_8200953
pd-user_7268867
pd-user_7027428
pd-user_1734452
pd-user_7568901
pd-user_4580658
pd-user_9121801
pd-user_4267172
pd-user_6037558
pd-user_9641027
pd-user_4224768
pd-user_4871480
pd-user_2433998
pd-user_1055338
pd-user_4768687
pd-user_8716461
pd-user_8472675
pd-user_9854233
pd-user_5603951
pd-user_4369150
pd-user_3373412
pd-user_4047926
pd-user_6566050
pd-user_3956984
pd-user_9643083
pd-user_2727978
pd-user_1303301
pd-user_1860967
pd-user_8426219
pd-user_1888458
pd-user_2538635
pd-user_9162091
pd-user_7178713
pd-user_4631353
pd-user_7796723
pd-user_4902729
pd-user_5841277
pd-user_2504335
pd-user_2282108
pd-user_2783414
pd-user_1216091
pd-user_8529758
pd-user_7505628
pd-user_6975656
pd-user_3928158
pd-user_8211077
pd-user_6067831
pd-user_5352061
pd-user_6041580
pd-user_8283198
pd-user_6925898
pd-user_2120477
pd-user_5128065
pd-user_5919778
pd-user_4688884
pd-user_8945945
pd-user_1873220
pd-user_6019350
pd-user_5372869
pd-user_5586762
pd-user_5305512
pd-user_463306
pd-user_3108516
pd-user_8534669
pd-user_7964229
pd-user_9770310
pd-user_7898674
pd-user_3804191
pd-user_8554514
pd-user_1935940
pd-user_1705233
pd-user_3207334
pd-user_5928689
pd-user_9026634
pd-user_6003471
pd-user_442221
pd-user_7550650
pd-user_9353560
pd-user_3467671
pd-user_4757218
pd-user_3444162
pd-user_5770604
pd-user_5143962
pd-user_250048
pd-user_5149979
pd-user_8094473
pd-user_29434
pd-user_2429869
pd-user_5653901
pd-user_9616538
pd-user_2487112
pd-user_2235869
pd-user_256677
pd-user_6112443
pd-user_9374204
pd-user_534478
pd-user_2190205
pd-user_865840
pd-user_2976066
pd-user_7603920
pd-user_8765980
pd-user_5074681
pd-user_9254328
pd-user_89150
pd-user_9422450
pd-user_3303033
pd-user_3066645
pd-user_202348
pd-user_6848151
pd-user_8183219
pd-user_3348866
pd-user_3913373
pd-user_2081488
pd-user_962632
pd-user_4369907
pd-user_7434359
pd-user_2391655
pd-user_3156076
pd-user_4273224
pd-user_1726093
pd-user_390138
pd-user_8743465
pd-user_8299594
pd-user_4347563
pd-user_7581002
pd-user_5793969
pd-user_3015998
pd-user_8938267
pd-user_3204177
pd-user_7733346
pd-user_556280
pd-user_7288142
pd-user_8246730
pd-user_8498330
pd-user_6655021
pd-user_7439436
pd-user_2532853
pd-user_9545121
pd-user_1259100
pd-user_2444118
pd-user_49138
pd-user_5222085
pd-user_6838756
pd-user_3157030
pd-user_3514397
pd-user_2516027
pd-user_5304875
pd-user_8007131
pd-user_8817370
pd-user_698345
pd-user_9567675
pd-user_5204122
pd-user_6996596
pd-user_6711388
pd-user_7619295
pd-user_9012892
pd-user_4672249
pd-user_9844334
pd-user_8684905
pd-user_8247479
pd-user_2828796
pd-user_7118593
pd-user_3533301
pd-user_2152576
pd-user_6028021
pd-user_7612098
pd-user_8051133
pd-user_8789875
pd-user_4133028
pd-user_3013975
pd-user_2610796
pd-user_4238432
pd-user_8651418
pd-user_5484523
pd-user_128121
pd-user_9257767
pd-user_9626441
pd-user_6414612
pd-user_68557
pd-user_3939436
pd-user_6053883
pd-user_3581661
pd-user_2658686
pd-user_1481217
pd-user_8796254
pd-user_9700655
pd-user_3238835
pd-user_905451
pd-user_4037130
pd-user_6794806
pd-user_1150678
pd-user_9961474
pd-user_6919011
pd-user_5081689
pd-user_7629339
pd-user_2610205
pd-user_6356411
pd-user_1518034
pd-user_1448739
pd-user_7367673
pd-user_633693
pd-user_2655403
pd-user_4119914
pd-user_2333695
pd-user_8801539
pd-user_471082
pd-user_9482467
pd-user_4559381
pd-user_4466350
pd-user_4050186
pd-user_9319739
pd-user_2142865
pd-user_2719205
pd-user_6040024
pd-user_4883573
pd-user_7591282
pd-user_4500751
pd-user_4143422
pd-user_6585680
pd-user_6393394
pd-user_2722430
pd-user_8315651
pd-user_8948870
pd-user_8371659
pd-user_9096639
pd-user_6774168
pd-user_2856614
pd-user_2082313
pd-user_2786806
pd-user_9371938
pd-user_9690698
pd-user_1110587
pd-user_4302782
pd-user_3171935
pd-user_4120
pd-user_9414803
pd-user_2394393
pd-user_4370344
pd-user_8124486
pd-user_2225554
pd-user_5390636
pd-user_467987
pd-user_799586
pd-user_5129244
pd-user_616325
pd-user_713715
pd-user_412827
pd-user_8425196
pd-user_4065592
pd-user_6458116
pd-user_4990101
pd-user_1985736
pd-user_3905212
pd-user_125419
pd-user_8585794
pd-user_2922372
pd-user_6088850
pd-user_4977274
pd-user_5452501
pd-user_656080
pd-user_1498621
pd-user_5302724
pd-user_9821400
pd-user_5921905
pd-user_8281353
pd-user_9361932
pd-user_3047385
pd-user_8894996
pd-user_2507229
pd-user_7185745
pd-user_5168310
pd-user_6021386
pd-user_7440206
pd-user_8325693
pd-user_9907452
pd-user_3059190
pd-user_6471912
pd-user_4406144
pd-user_4573144
pd-user_29548
pd-user_9118160
pd-user_6791114
pd-user_3301913
pd-user_421626
pd-user_330298
pd-user_8284463
pd-user_6666973
pd-user_2074290
pd-user_1092808
pd-user_7867620
pd-user_2090389
pd-user_2202026
pd-user_8812967
pd-user_9735950
pd-user_7299799
pd-user_6417902
pd-user_2950010
pd-user_789863
pd-user_8770302
pd-user_8103351
pd-user_5599654
pd-user_1422654
pd-user_9625590
pd-user_6736449
pd-user_4392959
pd-user_4030616
pd-user_7750876
pd-user_6254122
pd-user_3099280
pd-user_1047084
pd-user_5554284
pd-user_712972
pd-user_2108623
pd-user_3596327
pd-user_9318828
pd-user_8717454
pd-user_5083667
pd-user_5658716
pd-user_9509764
pd-user_2003364
pd-user_2106936
pd-user_3850809
pd-user_2103821
pd-user_7490550
pd-user_3235385
pd-user_5520340
pd-user_7932393
pd-user_1547656
pd-user_2185079
pd-user_373733
pd-user_8931766
pd-user_6487247
pd-user_4692571
pd-user_6206064
pd-user_2106341
pd-user_8488804
pd-user_1643576
pd-user_9488183
pd-user_8513090
pd-user_3509690
pd-user_4484612
pd-user_1178215
pd-user_4368927
pd-user_8212929
pd-user_1981327
pd-user_7986742
pd-user_9956770
pd-user_3058566
pd-user_7141669
pd-user_9200768
pd-user_7446508
pd-user_2651134
pd-user_1977450
pd-user_5616769
pd-user_1615326
pd-user_2189082
pd-user_1490666
pd-user_1574045
pd-user_9642226
pd-user_4656533
pd-user_1004622
pd-user_7507253
pd-user_7401974
pd-user_5371078
pd-user_9955269
pd-user_2039682
pd-user_8747882
pd-user_2039728
pd-user_2685694
pd-user_9961610
pd-user_9975561
pd-user_8977043
pd-user_3759230
pd-user_264624
pd-user_5413915
pd-user_1465592
pd-user_4298362
pd-user_606876
pd-user_9751023
pd-user_3898486
pd-user_6829352
pd-user_4311431
pd-user_6243401
pd-user_1684009
pd-user_9513283
pd-user_4296014
pd-user_3515889
pd-user_1314838
pd-user_8339361
pd-user_1453148
pd-user_6854724
pd-user_1797876
pd-user_8956721
pd-user_9357895
pd-user_8414925
pd-user_430792
pd-user_6494906
pd-user_8380050
pd-user_1965429
pd-user_751278
pd-user_3334593
pd-user_6611925
pd-user_5829808
pd-user_1791186
pd-user_4403021
pd-user_8290470
pd-user_7510683
pd-user_7256258
pd-user_9338167
pd-user_2710013
pd-user_3899411
pd-user_8873511
pd-user_5752382
pd-user_8219582
pd-user_9709699
pd-user_2531639
pd-user_5838940
pd-user_1206654
pd-user_142542
pd-user_6813351
pd-user_3347408
pd-user_4349339
pd-user_1139595
pd-user_714800
pd-user_9031615
pd-user_3139709
pd-user_3932268
pd-user_1312139
pd-user_2213817
pd-user_7442697
pd-user_969702
pd-user_2942769
pd-user_70842
pd-user_9184275
pd-user_152538
pd-user_9631043
pd-user_647318
pd-user_6513880
pd-user_199738
pd-user_4440100
pd-user_1326956
pd-user_7969309
pd-user_2027482
pd-user_1851384
pd-user_3657669
pd-user_7600297
pd-user_3377157
pd-user_5599650
pd-user_242006
pd-user_432160
pd-user_4209871
pd-user_316425
pd-user_9827946
pd-user_6136306
pd-user_2022805
pd-user_1448907
pd-user_3603952
pd-user_4190989
pd-user_5468319
pd-user_2185283
pd-user_90823
pd-user_8964253
pd-user_8597121
pd-user_1267811
pd-user_5004791
pd-user_6784543
pd-user_7113382
pd-user_2974347
pd-user_5501809
pd-user_8887950
pd-user_4886826
pd-user_5205121
pd-user_838628
pd-user_165301
pd-user_4576606
pd-user_6355413
pd-user_7571911
pd-user_2131190
pd-user_5633139
pd-user_4890886
pd-user_2316641
pd-user_8503686
pd-user_5121454
pd-user_2009493
pd-user_5453430
pd-user_2663828
pd-user_6516678
pd-user_5550362
pd-user_2139601
pd-user_6473214
pd-user_1675783
pd-user_3230585
pd-user_3220559
pd-user_6478679
pd-user_9218210
pd-user_5632800
pd-user_7760339
pd-user_7595146
pd-user_4055052
pd-user_5352655
pd-user_9729008
pd-user_3135130
pd-user_5187971
pd-user_3778622
pd-user_1305110
pd-user_8561761
pd-user_1712668
pd-user_5557479
pd-user_9760439
pd-user_6429329
pd-user_9291242
pd-user_3671857
pd-user_8984029
pd-user_6488957
pd-user_2960156
pd-user_8058775
pd-user_3011913
pd-user_628557
pd-user_2775764
pd-user_8866105
pd-user_2573763
pd-user_3695351
pd-user_7125833
pd-user_5594076
pd-user_2903542
pd-user_5710700
pd-user_6666196
pd-user_6833464
pd-user_1973733
pd-user_426170
pd-user_6744898
pd-user_6535108
pd-user_8027074
pd-user_6228420
pd-user_3377505
pd-user_9623821
pd-user_3844042
pd-user_9112416
pd-user_1434348
pd-user_9623630
pd-user_9129020
pd-user_399493
pd-user_2479990
pd-user_2367095
pd-user_2849430
pd-user_4990240
pd-user_5172045
pd-user_4705143
pd-user_4570111
pd-user_4989481
pd-user_3069284
pd-user_7356656
pd-user_9756804
pd-user_1436419
pd-user_4305075
pd-user_7068062
pd-user_5627714
pd-user_8070714
pd-user_9508963
pd-user_2575873
pd-user_3528262
pd-user_135409
pd-user_4970776
pd-user_4097415
pd-user_3460824
pd-user_1772471
pd-user_3710043
pd-user_7929724
pd-user_2134346
pd-user_546293
pd-user_5313191
pd-user_1372779
pd-user_6576210
pd-user_3107035
pd-user_5491636
pd-user_1217333
pd-user_2817619
pd-user_2696249
pd-user_1698609
pd-user_972725
pd-user_8208791
pd-user_7455155
pd-user_9869647
pd-user_8047509
pd-user_9236950
pd-user_8960805
pd-user_8916263
pd-user_2300530
pd-user_9957064
pd-user_1559426
pd-user_6614078
pd-user_1323659
pd-user_7636777
pd-user_2835361
pd-user_8113201
pd-user_4248701
pd-user_5498089
pd-user_1452445
pd-user_5009761
pd-user_7284096
pd-user_4171495
pd-user_8689520
pd-user_6905360
pd-user_94119
pd-user_3708009
pd-user_2853516
pd-user_869731
pd-user_7113456
pd-user_992576
pd-user_5783258
pd-user_7871428
pd-user_1909656
pd-user_1255171
pd-user_1873005
pd-user_5174533
pd-user_2101075
pd-user_1720487
pd-user_6154329
pd-user_6665933
pd-user_7493351
pd-user_8442344
pd-user_6227569
pd-user_4280254
pd-user_9540277
pd-user_4126848
pd-user_1026696
pd-user_9446491
pd-user_1113732
pd-user_4456147
pd-user_5412845
pd-user_9337185
pd-user_6748076
pd-user_5983334
pd-user_6740400
pd-user_6554511
pd-user_5042891
pd-user_3765272
pd-user_2352328
pd-user_272917
pd-user_1704644
pd-user_157056
pd-user_3143814
pd-user_2738977
pd-user_176790
pd-user_1208057
pd-user_8525447
pd-user_9639104
pd-user_270977
pd-user_6746965
pd-user_2208840
pd-user_3675114
pd-user_367986
pd-user_4034439
pd-user_2927264
pd-user_3234902
pd-user_925564
pd-user_374823
pd-user_1894911
pd-user_3936036
pd-user_7974594
pd-user_9506995
pd-user_2361517
pd-user_691733
pd-user_7237467
pd-user_607627
pd-user_524933
pd-user_4967753
pd-user_962915
pd-user_890346
pd-user_2583737
pd-user_7897474
pd-user_768322
pd-user_7939493
pd-user_2065427
pd-user_4339933
pd-user_1596598
pd-user_9608249
pd-user_1910008
pd-user_1105973
pd-user_6594555
pd-user_3500157
pd-user_145164
pd-user_1304282
pd-user_5891131
pd-user_8289502
pd-user_1095518
pd-user_3952811
pd-user_1213917
pd-user_3933803
pd-user_6035525
pd-user_3675439
pd-user_1878433
pd-user_4882606
pd-user_8834005
pd-user_9823088
pd-user_1402933
pd-user_1875705
pd-user_3388210
pd-user_1729710
pd-user_8415006
pd-user_2963173
pd-user_7636748
pd-user_4900408
pd-user_8402155
pd-user_6880725
pd-user_8405782
pd-user_2535129
pd-user_2095186
pd-user_285567
pd-user_6009965
pd-user_7341874
pd-user_5250457
pd-user_6348534
pd-user_9040064
pd-user_667893
pd-user_2916129
pd-user_1820142
pd-user_2202701
pd-user_7088329
pd-user_2881615
pd-user_5730578
pd-user_1339266
pd-user_3777717
pd-user_3741553
pd-user_7287122
pd-user_1613882
pd-user_8302828
pd-user_2722546
pd-user_8100563
pd-user_3012783
pd-user_8747980
pd-user_878397
pd-user_2617177
pd-user_4228846
pd-user_2194194
pd-user_4782424
pd-user_6971980
pd-user_1279068
pd-user_1085315
pd-user_290750
pd-user_9690412
pd-user_4591243
pd-user_308144
pd-user_1473044
pd-user_5997095
pd-user_4783814
pd-user_5114470
pd-user_3091009
pd-user_9377326
pd-user_6223944
pd-user_4913796
pd-user_1311556
pd-user_4655865
pd-user_1420628
pd-user_6383219
pd-user_7640237
pd-user_600906
pd-user_5155293
pd-user_979415
pd-user_9546369
pd-user_7186439
pd-user_525859
pd-user_4932131
pd-user_7907912
pd-user_8581061
pd-user_9749003
pd-user_6076756
pd-user_5899769
pd-user_2480677
pd-user_5160023
pd-user_8676750
pd-user_1381312
pd-user_6292133
pd-user_4392058
pd-user_1634112
pd-user_8681145
pd-user_82642
pd-user_7662903
pd-user_5953422
pd-user_1368124
pd-user_7086184
pd-user_1713578
pd-user_3346514
pd-user_9549204
pd-user_3390548
pd-user_1409973
pd-user_3386636
pd-user_6724384
pd-user_9406212
pd-user_4039880
pd-user_7438927
pd-user_8131342
pd-user_4758976
pd-user_7632990
pd-user_7592319
pd-user_4614072
pd-user_2147185
pd-user_3982830
pd-user_1908197
pd-user_5866836
pd-user_3387047
pd-user_8044277
pd-user_323226
pd-user_6586860
pd-user_1248685
pd-user_2442426
pd-user_2125708
pd-user_9567907
pd-user_4761301
pd-user_7904563
pd-user_9577293
pd-user_7257821
pd-user_5452901
pd-user_9166446
pd-user_3751900
pd-user_582888
pd-user_5153272
pd-user_3559981
pd-user_1340852
pd-user_7378933
pd-user_736014
pd-user_6762249
pd-user_4982365
pd-user_9630175
pd-user_6081481
pd-user_8096666
pd-user_8244403
pd-user_9041663
pd-user_9668154
pd-user_5342108
pd-user_740418
pd-user_7318049
pd-user_1999389
pd-user_3949326
pd-user_7409799
pd-user_6682663
pd-user_2977146
pd-user_1860726
pd-user_2911064
pd-user_6538523
pd-user_9236076
pd-user_3813784
pd-user_7426864
pd-user_3844294
pd-user_7530947
pd-user_5062044
pd-user_2940020
pd-user_7517076
pd-user_195746
pd-user_531198
pd-user_135124
pd-user_6821494
pd-user_356304
pd-user_9625712
pd-user_6358958
pd-user_2375142
pd-user_8316981
pd-user_2614732
pd-user_3055289
pd-user_7464932
pd-user_2635865
pd-user_8380517
pd-user_7388817
pd-user_8203582
pd-user_7731710
pd-user_8658572
pd-user_6411519
pd-user_4185165
pd-user_9103541
pd-user_6446260
pd-user_1206175
pd-user_9903772
pd-user_6285915
pd-user_9886069
pd-user_9303167
pd-user_2800519
pd-user_4826183
pd-user_4595853
pd-user_3300928
pd-user_2330490
pd-user_1776999
pd-user_7010821
pd-user_7984994
pd-user_5154044
pd-user_2335144
pd-user_1834701
pd-user_5154511
pd-user_4125048
pd-user_3630339
pd-user_1142922
pd-user_2431379
pd-user_9788513
pd-user_2576017
pd-user_4869666
pd-user_6763992
pd-user_3293693
pd-user_7307337
pd-user_271970
pd-user_5805375
pd-user_5820463
pd-user_9128857
pd-user_2356304
pd-user_6749390
pd-user_2783638
pd-user_7170485
pd-user_462738
pd-user_7159958
pd-user_3553446
pd-user_5182224
pd-user_1473875
pd-user_5280468
pd-user_8309758
pd-user_2655187
pd-user_212782
pd-user_7738232
pd-user_2944896
pd-user_4522462
pd-user_8651892
pd-user_59493
pd-user_6165812
pd-user_8081949
pd-user_7486410
pd-user_1222026
pd-user_2890771
pd-user_5168801
pd-user_4029196
pd-user_916060
pd-user_3744473
pd-user_519851
pd-user_5247869
pd-user_8108348
pd-user_3144450
pd-user_8570019
pd-user_2704300
pd-user_3020214
pd-user_5422746
pd-user_7980378
pd-user_7757312
pd-user_8256770
pd-user_5618845
pd-user_155768
pd-user_7929079
pd-user_198406
pd-user_6371093
pd-user_1918636
pd-user_303450
pd-user_3732210
pd-user_1933228
pd-user_1416962
pd-user_7347769
pd-user_5586321
pd-user_8666546
pd-user_2176618
pd-user_119379
pd-user_9599088
pd-user_3805346
pd-user_7874050
pd-user_9443140
pd-user_7788662
pd-user_2886708
pd-user_7417576
pd-user_2505583
pd-user_4525837
pd-user_8946004
pd-user_5870468
pd-user_8756052
pd-user_6156816
pd-user_9663149
pd-user_7867855
pd-user_8673199
pd-user_5376572
pd-user_5820006
pd-user_5749278
pd-user_867367
pd-user_8673972
pd-user_5302298
pd-user_3876732
pd-user_4139231
pd-user_7013952
pd-user_2724530
pd-user_1496265
pd-user_1618690
pd-user_3910697
pd-user_9121293
pd-user_5102910
pd-user_1871285
pd-user_6836707
pd-user_4139446
pd-user_3420018
pd-user_7461625
pd-user_1116148
pd-user_5918877
pd-user_9495807
pd-user_2298401
pd-user_6406368
pd-user_3417475
pd-user_5977946
pd-user_7279293
pd-user_8599190
pd-user_3516544
pd-user_6113316
pd-user_6238636
pd-user_2139829
pd-user_1459166
pd-user_6037831
pd-user_3504467
pd-user_8864618
pd-user_8557110
pd-user_7786823
pd-user_9578483
pd-user_8203314
pd-user_6952754
pd-user_122015
pd-user_7636638
pd-user_5759454
pd-user_4580536
pd-user_1244565
pd-user_8914468
pd-user_466985
pd-user_5836009
pd-user_8049238
pd-user_698817
pd-user_1922348
pd-user_3694009
pd-user_5485342
pd-user_2922480
pd-user_6052605
pd-user_7527606
pd-user_3772888
pd-user_9079882
pd-user_8973654
pd-user_9022112
pd-user_71120
pd-user_5089501
pd-user_6972318
pd-user_9804579
pd-user_711760
pd-user_9106999
pd-user_7923122
pd-user_2843708
pd-user_5849877
pd-user_4185884
pd-user_9665711
pd-user_1818749
pd-user_5776909
pd-user_1549039
pd-user_8812663
pd-user_1551209
pd-user_1972869
pd-user_9340172
pd-user_9418408
pd-user_7982791
pd-user_1100792
pd-user_1148923
pd-user_9638540
pd-user_6550405
pd-user_9015204
pd-user_7440683
pd-user_9533181
pd-user_6239755
pd-user_8497313
pd-user_4294443
pd-user_3242211
pd-user_7209239
pd-user_2496735
pd-user_3262913
pd-user_2208726
pd-user_3385793
pd-user_453357
pd-user_3819797
pd-user_9136258
pd-user_1761801
pd-user_4458850
pd-user_1083193
pd-user_1726701
pd-user_2984635
pd-user_1740024
pd-user_5631847
pd-user_7072514
pd-user_4753768
pd-user_9032954
pd-user_3403792
pd-user_9031610
pd-user_3379123
pd-user_5043678
pd-user_3757889
pd-user_5739510
pd-user_8040037
pd-user_6951925
pd-user_4070570
pd-user_227179
pd-user_5173339
pd-user_4679603
pd-user_5930802
pd-user_4333671
pd-user_605781
pd-user_5363094
pd-user_5801644
pd-user_9831523
pd-user_2524530
pd-user_7109561
pd-user_9891136
pd-user_1136765
pd-user_6868404
pd-user_8244278
pd-user_3161897
pd-user_6008263
pd-user_7304371
pd-user_3248830
pd-user_1526311
pd-user_9499532
pd-user_4017303
pd-user_308587
pd-user_2004157
pd-user_7547152
pd-user_3125120
pd-user_5671553
pd-user_3602354
pd-user_412626
pd-user_215718
pd-user_5552230
pd-user_7728336
pd-user_5522012
pd-user_1749706
pd-user_5438036
pd-user_6765382
pd-user_7553964
pd-user_4595988
pd-user_8294047
pd-user_6590761
pd-user_3174522
pd-user_2801473
pd-user_154639
pd-user_1674640
pd-user_1006747
pd-user_1168423
pd-user_2047566
pd-user_2805323
pd-user_3748881
pd-user_6610078
pd-user_166132
pd-user_3381032
pd-user_9503922
pd-user_2055292
pd-user_6117539
pd-user_5684916
pd-user_2270815
pd-user_4906737
pd-user_9191605
pd-user_6955411
pd-user_5495590
pd-user_1328380
pd-user_849247
pd-user_20409
pd-user_8746211
pd-user_646055
pd-user_1708874
pd-user_8160931
pd-user_7023974
pd-user_8944641
pd-user_946920
pd-user_4925884
pd-user_3643878
pd-user_4447454
pd-user_4579480
pd-user_1934600
pd-user_785050
pd-user_8045031
pd-user_423717
pd-user_6819419
pd-user_1876609
pd-user_1835079
pd-user_8565592
pd-user_8416604
pd-user_4241215
pd-user_1903576
pd-user_2050767
pd-user_7906194
pd-user_378844
pd-user_1887725
pd-user_9915774
pd-user_3590619
pd-user_9977541
pd-user_1731036
pd-user_169033
pd-user_5524645
pd-user_5311186
pd-user_18062
pd-user_6520106
pd-user_9781252
pd-user_7075061
pd-user_9171286
pd-user_6435697
pd-user_6735518
pd-user_9077026
pd-user_7082247
pd-user_5067877
pd-user_479685
pd-user_2391365
pd-user_76991
pd-user_2543115
pd-user_4837264
pd-user_4416136
pd-user_4974385
pd-user_1478000
pd-user_3147023
pd-user_4527802
pd-user_7711006
pd-user_2293798
pd-user_8702984
pd-user_37987
pd-user_2035804
pd-user_6345286
pd-user_8344276
pd-user_2791409
pd-user_5313455
pd-user_9982282
pd-user_120705
pd-user_6939491
pd-user_5365205
pd-user_7645886
pd-user_9722933
pd-user_6354881
pd-user_2930622
pd-user_5691974
pd-user_7472990
pd-user_4819201
pd-user_8603042
pd-user_5877014
pd-user_5097163
pd-user_4845731
pd-user_5918899
pd-user_5809583
pd-user_526970
pd-user_6099632
pd-user_4241849
pd-user_6838155
pd-user_1908267
pd-user_2674242
pd-user_4157577
pd-user_1797432
pd-user_97775
pd-user_5812286
pd-user_2079883
pd-user_995024
pd-user_5194743
pd-user_8642626
pd-user_8213561
pd-user_8799151
pd-user_7430906
pd-user_2152929
pd-user_8896982
pd-user_6053470
pd-user_7967584
pd-user_3293769
pd-user_8859345
pd-user_9237371
pd-user_2760609
pd-user_8313392
pd-user_3463655
pd-user_7936063
pd-user_786713
pd-user_788979
pd-user_8413416
pd-user_4161572
pd-user_8351921
pd-user_197802
pd-user_4534217
pd-user_7768275
pd-user_5717723
pd-user_8548562
pd-user_1696799
pd-user_763424
pd-user_2271088
pd-user_4357497
pd-user_436929
pd-user_113428
pd-user_6836036
pd-user_7027515
pd-user_7392394
pd-user_8273635
pd-user_5223450
pd-user_6185761
pd-user_5878523
pd-user_7443066
pd-user_6543294
pd-user_3689393
pd-user_2858075
pd-user_550786
pd-user_1021998
pd-user_2444158
pd-user_6317984
pd-user_1065501
pd-user_7712837
pd-user_465802
pd-user_2369723
pd-user_3445860
pd-user_2189027
pd-user_7828491
pd-user_7517903
pd-user_632345
pd-user_6377031
pd-user_7663587
pd-user_6790006
pd-user_2569321
pd-user_4849262
pd-user_7970825
pd-user_9317048
pd-user_6261026
pd-user_6520024
pd-user_67940
pd-user_5553935
pd-user_4072020
pd-user_1545642
pd-user_2794332
pd-user_9176565
pd-user_1098965
pd-user_4938630
pd-user_4695491
pd-user_8052458
pd-user_4855096
pd-user_4595022
pd-user_3419507
pd-user_8245949
pd-user_7042429
pd-user_824774
pd-user_1933536
pd-user_2019195
pd-user_9892599
pd-user_2899219
pd-user_2495333
pd-user_9185016
pd-user_9000591
pd-user_694525
pd-user_5823451
pd-user_5333113
pd-user_6432140
pd-user_3772980
pd-user_2163744
pd-user_2287020
pd-user_4989480
pd-user_4012994
pd-user_1360436
pd-user_5948817
pd-user_6005340
pd-user_469739
pd-user_9462901
pd-user_5431852
pd-user_4792749
pd-user_7613310
pd-user_1836699
pd-user_1759698
pd-user_8262092
pd-user_6252977
pd-user_1300648
pd-user_9288968
pd-user_6114931
pd-user_4907885
pd-user_2197057
pd-user_8731918
pd-user_9605465
pd-user_2528637
pd-user_4458026
pd-user_2935064
pd-user_9821487
pd-user_4860627
pd-user_4699644
pd-user_2739813
pd-user_6355652
pd-user_4171426
pd-user_1904043
pd-user_8880060
pd-user_5442902
pd-user_5166100
pd-user_1873808
pd-user_4405991
pd-user_2556091
pd-user_8851799
pd-user_1430423
pd-user_8808307
pd-user_8503414
pd-user_8984310
pd-user_7860206
pd-user_8506728
pd-user_7185229
pd-user_6914534
pd-user_7595307
pd-user_325437
pd-user_6179625
pd-user_690777
pd-user_9830089
pd-user_5114767
pd-user_1330721
pd-user_4768443
pd-user_5099906
pd-user_993600
pd-user_3974328
pd-user_3187179
pd-user_691232
pd-user_2893501
pd-user_5080969
pd-user_6670771
pd-user_460558
pd-user_272934
pd-user_8622076
pd-user_4141206
pd-user_8159709
pd-user_1460380
pd-user_4088683
pd-user_4958239
pd-user_5711418
pd-user_8628376
pd-user_1352524
pd-user_6509877
pd-user_1331496
pd-user_1961025
pd-user_5844497
pd-user_382365
pd-user_7461680
pd-user_8338044
pd-user_5221799
pd-user_6616339
pd-user_9044416
pd-user_8268624
pd-user_5924418
pd-user_2170840
pd-user_7036852
pd-user_4706425
pd-user_9656715
pd-user_7741548
pd-user_1303859
pd-user_4094989
pd-user_3530162
pd-user_2624983
pd-user_2853987
pd-user_1192614
pd-user_4001048
pd-user_4497851
pd-user_2889329
pd-user_7079323
pd-user_6184206
pd-user_4788624
pd-user_2438283
pd-user_6107217
pd-user_7950357
pd-user_20907
pd-user_4649014
pd-user_7925667
pd-user_4597147
pd-user_2880018
pd-user_1974838
pd-user_5017139
pd-user_8427423
pd-user_687558
pd-user_8484050
pd-user_165400
pd-user_8980986
pd-user_1919705
pd-user_438542
pd-user_8400666
pd-user_6685441
pd-user_9933388
pd-user_934526
pd-user_8384279
pd-user_2511900
pd-user_2285417
pd-user_4586437
pd-user_7352437
pd-user_7046527
pd-user_5338212
pd-user_819711
pd-user_1486031
pd-user_8052958
pd-user_3325622
pd-user_5300420
pd-user_4590296
pd-user_5862848
pd-user_7559255
pd-user_1816870
pd-user_3444332
pd-user_2073641
pd-user_7287050
pd-user_1515603
pd-user_3460887
pd-user_6505474
pd-user_9545929
pd-user_9953115
pd-user_5792071
pd-user_1004547
pd-user_7421122
pd-user_6807345
pd-user_176078
pd-user_8691949
pd-user_6112967
pd-user_3549179
pd-user_3073927
pd-user_7948566
pd-user_4478389
pd-user_2612506
pd-user_8557398
pd-user_5854824
pd-user_6100202
pd-user_57541
pd-user_5227275
pd-user_7551606
pd-user_2564092
pd-user_4964166
pd-user_2317669
pd-user_859115
pd-user_3023863
pd-user_922932
pd-user_3184807
pd-user_8686682
pd-user_7121318
pd-user_3729775
pd-user_9077214
pd-user_2060032
pd-user_2583001
pd-user_5898603
pd-user_3089753
pd-user_4857287
pd-user_1302409
pd-user_4270339
pd-user_9329980
pd-user_4660016
pd-user_7601136
pd-user_8084265
pd-user_7675106
pd-user_1879402
pd-user_1352297
pd-user_6958898
pd-user_4827221
pd-user_4401394
pd-user_6110078
pd-user_2061318
pd-user_9671954
pd-user_2435996
pd-user_3801020
pd-user_5920447
pd-user_5960956
pd-user_8337730
pd-user_3255392
pd-user_2928994
pd-user_5203955
pd-user_8768100
pd-user_2274854
pd-user_5785795
pd-user_4718566
pd-user_9762160
pd-user_2926849
pd-user_6892470
pd-user_1708449
pd-user_6797685
pd-user_8563726
pd-user_8531999
pd-user_2554580
pd-user_4954312
pd-user_2869359
pd-user_5060875
pd-user_2223386
pd-user_2427904
pd-user_9719417
pd-user_1558248
pd-user_3795763
pd-user_1759096
pd-user_1058416
pd-user_6588438
pd-user_4125830
pd-user_722602
pd-user_9932133
pd-user_9393063
pd-user_4503937
pd-user_162428
pd-user_9473782
pd-user_9516742
pd-user_1309365
pd-user_7876135
pd-user_1927505
pd-user_7598755
pd-user_2194126
pd-user_7701724
pd-user_6653965
pd-user_1145449
pd-user_9881547
pd-user_9589665
pd-user_2613527
pd-user_7345707
pd-user_3671516
pd-user_6791319
pd-user_8839878
pd-user_1170218
pd-user_5974254
pd-user_2457671
pd-user_5143502
pd-user_2662836
pd-user_6333339
pd-user_1626139
pd-user_7609209
pd-user_7274545
pd-user_4750606
pd-user_8887373
pd-user_1371708
pd-user_6550898
pd-user_938002
pd-user_8507448
pd-user_5825848
pd-user_5521023
pd-user_2230097
pd-user_6968788
pd-user_7639539
pd-user_4940536
pd-user_1345700
pd-user_1161415
pd-user_2509876
pd-user_9800675
pd-user_5135759
pd-user_6987475
pd-user_8095829
pd-user_6660770
pd-user_4435993
pd-user_6165445
pd-user_9677887
pd-user_6255876
pd-user_8780085
pd-user_1763489
pd-user_4738081
pd-user_4193767
pd-user_8300734
pd-user_9026491
pd-user_5502240
pd-user_4277578
pd-user_423305
pd-user_2383457
pd-user_935722
pd-user_8765345
pd-user_5018948
pd-user_4882685
pd-user_5111008
pd-user_3159927
pd-user_8752116
pd-user_3910156
pd-user_9953913
pd-user_9117902
pd-user_3262231
pd-user_6529059
pd-user_9658038
pd-user_8874310
pd-user_9017207
pd-user_3025403
pd-user_7867883
pd-user_9965884
pd-user_1189360
pd-user_2665683
pd-user_4747743
pd-user_8712694
pd-user_4184113
pd-user_6783547
pd-user_5723795
pd-user_8276492
pd-user_8794870
pd-user_4356726
pd-user_8081809
pd-user_131964
pd-user_8044471
pd-user_8939346
pd-user_1336260
pd-user_7465251
pd-user_4465813
pd-user_3945900
pd-user_3545261
pd-user_7425075
pd-user_983857
pd-user_7552722
pd-user_49861
pd-user_7813697
pd-user_1473826
pd-user_907171
pd-user_1254395
pd-user_6040246
pd-user_3407011
pd-user_8478019
pd-user_5139387
pd-user_7408696
pd-user_1398740
pd-user_9703148
pd-user_6884029
pd-user_2738347
pd-user_4067972
pd-user_1844191
pd-user_400952
pd-user_6804338
pd-user_1938262
pd-user_1091816
pd-user_3239666
pd-user_1664427
pd-user_3385982
pd-user_8884712
pd-user_1637279
pd-user_27572
pd-user_171475
pd-user_1737948
pd-user_1089729
pd-user_775920
pd-user_9978948
pd-user_5481097
pd-user_2158710
pd-user_96184
pd-user_6498865
pd-user_8358246
pd-user_3706338
pd-user_1895217
pd-user_5923249
pd-user_4124444
pd-user_3998523
pd-user_6012778
pd-user_865457
pd-user_3932502
pd-user_8318366
pd-user_8495083
pd-user_1155088
pd-user_6481136
pd-user_6234295
pd-user_9393506
pd-user_4877054
pd-user_1264882
pd-user_9673154
pd-user_7849687
pd-user_7817670
pd-user_4979843
pd-user_2674455
pd-user_2984259
pd-user_5588004
pd-user_4815808
pd-user_6063819
pd-user_1848055
pd-user_1090637
pd-user_4812152
pd-user_8612509
pd-user_5488767
pd-user_3069467
pd-user_7109369
pd-user_5932945
pd-user_9836875
pd-user_7683227
pd-user_7137174
pd-user_9967909
pd-user_2835943
pd-user_3764279
pd-user_5320211
pd-user_9944898
pd-user_6401092
pd-user_7434095
pd-user_483987
pd-user_5646225
pd-user_6184001
pd-user_2494599
pd-user_9445861
pd-user_4205895
pd-user_8556760
pd-user_3250608
pd-user_2590670
pd-user_7570166
pd-user_1474971
pd-user_2654577
pd-user_9285690
pd-user_8486515
pd-user_2922848
pd-user_1807439
pd-user_4637429
pd-user_9461489
pd-user_3529432
pd-user_7513003
pd-user_4987569
pd-user_3165586
pd-user_1985485
pd-user_5999499
pd-user_1329269
pd-user_9396046
pd-user_4925801
pd-user_5753343
pd-user_5607272
pd-user_5380684
pd-user_2761665
pd-user_2815216
pd-user_6080814
pd-user_9171606
pd-user_7836911
pd-user_9069430
pd-user_8913632
pd-user_2268217
pd-user_9974830
pd-user_846599
pd-user_1378562
pd-user_1704341
pd-user_5087903
pd-user_2737540
pd-user_5069102
pd-user_6623030
pd-user_2897118
pd-user_8646497
pd-user_1018793
pd-user_8478704
pd-user_3891456
pd-user_7573061
pd-user_1791986
pd-user_8241383
pd-user_3151373
pd-user_9088328
pd-user_8787939
pd-user_656993
pd-user_1416408
pd-user_8473732
pd-user_9921567
pd-user_3510238
pd-user_7843534
pd-user_299195
pd-user_3645677
pd-user_3615578
pd-user_6439619
pd-user_590004
pd-user_684155
pd-user_9489034
pd-user_3908199
pd-user_7889671
pd-user_9781338
pd-user_7769547
pd-user_4237784
pd-user_1934451
pd-user_9060317
pd-user_226849
pd-user_780234
pd-user_3402458
pd-user_5339293
pd-user_7569008
pd-user_7433182
pd-user_6185394
pd-user_3313359
pd-user_3554848
pd-user_3055187
pd-user_717975
pd-user_8356028
pd-user_4985766
pd-user_3065888
pd-user_3571842
pd-user_6734401
pd-user_450623
pd-user_820237
pd-user_8703270
pd-user_3653830
pd-user_1602632
pd-user_5553619
pd-user_7351966
pd-user_3359044
pd-user_1034912
pd-user_3648472
pd-user_4742192
pd-user_6469257
pd-user_3391563
pd-user_5556281
pd-user_9081880
pd-user_8428453
pd-user_6641136
pd-user_5354860
pd-user_6411725
pd-user_9837286
pd-user_2218559
pd-user_742564
pd-user_9974755
pd-user_4664313
pd-user_4222555
pd-user_8509703
pd-user_8892023
pd-user_6379432
pd-user_7171194
pd-user_7798891
pd-user_5302359
pd-user_8617270
pd-user_3556580
pd-user_6619739
pd-user_8622488
pd-user_7960030
pd-user_4716635
pd-user_4799918
pd-user_2462826
pd-user_2259243
pd-user_5428101
pd-user_1649884
pd-user_3820695
pd-user_6094733
pd-user_7268447
pd-user_4887980
pd-user_9077441
pd-user_3298980
pd-user_1735739
pd-user_2230893
pd-user_1513906
pd-user_6084421
pd-user_1294165
pd-user_6860119
pd-user_8415616
pd-user_866986
pd-user_5312837
pd-user_3228662
pd-user_9683183
pd-user_7466365
pd-user_7112239
pd-user_7656529
pd-user_447571
pd-user_2246447
pd-user_2399169
pd-user_9802652
pd-user_4073429
pd-user_302741
pd-user_3736198
pd-user_8016500
pd-user_8392791
pd-user_2467691
pd-user_7707498
pd-user_9383140
pd-user_308417
pd-user_2400847
pd-user_8335827
pd-user_9720785
pd-user_4172689
pd-user_3098707
pd-user_185469
pd-user_7001203
pd-user_3523877
pd-user_5802273
pd-user_9115528
pd-user_8490848
pd-user_8410059
pd-user_5021924
pd-user_5477884
pd-user_9300758
pd-user_6897743
pd-user_3605768
pd-user_3903751
pd-user_8590133
pd-user_1047159
pd-user_9280779
pd-user_1485782
pd-user_3274760
pd-user_1072773
pd-user_1953649
pd-user_4894991
pd-user_1155504
pd-user_7623536
pd-user_7780109
pd-user_4710553
pd-user_1759035
pd-user_6462934
pd-user_5744814
pd-user_1326531
pd-user_7275906
pd-user_2209915
pd-user_5750043
pd-user_1365879
pd-user_8981883
pd-user_6920520
pd-user_2697933
pd-user_1688746
pd-user_1733449
pd-user_4437657
pd-user_4222962
pd-user_6575160
pd-user_2686839
pd-user_2591168
pd-user_5826268
pd-user_296879
pd-user_2877088
pd-user_1202757
pd-user_8246448
pd-user_2007378
pd-user_6699239
pd-user_1075358
pd-user_1883248
pd-user_3677789
pd-user_2057861
pd-user_3056750
pd-user_2536207
pd-user_3777428
pd-user_9950061
pd-user_4713847
pd-user_3242870
pd-user_8615138
pd-user_8502657
pd-user_5503207
pd-user_1201574
pd-user_8795448
pd-user_3046202
pd-user_3089941
pd-user_676559
pd-user_5310729
pd-user_2654256
pd-user_8804454
pd-user_5793134
pd-user_3222330
pd-user_4568094
pd-user_6483677
pd-user_738224
pd-user_4471381
pd-user_1814493
pd-user_2919591
pd-user_2631833
pd-user_2085089
pd-user_4343052
pd-user_6951702
pd-user_7477440
pd-user_5012760
pd-user_7824240
pd-user_5971752
pd-user_9704109
pd-user_6389535
pd-user_6745214
pd-user_8543594
pd-user_3221495
pd-user_9457612
pd-user_4895998
pd-user_4419071
pd-user_3696824
pd-user_6964396
pd-user_162576
pd-user_4513754
pd-user_741301
pd-user_4764506
pd-user_2574371
pd-user_2188932
pd-user_6693992
pd-user_2005618
pd-user_7073324
pd-user_6333578
pd-user_1245363
pd-user_2138952
pd-user_4049600
pd-user_1023418
pd-user_8117170
pd-user_9097834
pd-user_4274741
pd-user_4824276
pd-user_5172691
pd-user_2529179
pd-user_3460521
pd-user_2744498
pd-user_9124542
pd-user_9067563
pd-user_2815344
pd-user_2937200
pd-user_962216
pd-user_1277322
pd-user_9422486
pd-user_5302563
pd-user_1127649
pd-user_4860489
pd-user_6107893
pd-user_3974509
pd-user_2002091
pd-user_4428240
pd-user_749982
pd-user_9623705
pd-user_149783
pd-user_2493356
pd-user_6675163
pd-user_2602895
pd-user_2680984
pd-user_3986732
pd-user_8987447
pd-user_2650088
pd-user_7448201
pd-user_5103193
pd-user_1155252
pd-user_9165881
pd-user_3295384
pd-user_5726631
pd-user_4154705
pd-user_9346137
pd-user_3338395
pd-user_2940209
pd-user_7950773
pd-user_2480637
pd-user_2302132
pd-user_4188969
pd-user_6893260
pd-user_1520238
pd-user_9559679
pd-user_1078540
pd-user_7901244
pd-user_3356575
pd-user_4773923
pd-user_1574387
pd-user_1533011
pd-user_1231424
pd-user_8466506
pd-user_7301870
pd-user_9877717
pd-user_900440
pd-user_255074
pd-user_8255793
pd-user_4655672
pd-user_5140239
pd-user_3987366
pd-user_8009079
pd-user_918995
pd-user_3870863
pd-user_9213849
pd-user_587428
pd-user_9790838
pd-user_4066160
pd-user_7978616
pd-user_7510510
pd-user_8002361
pd-user_4633845
pd-user_2893047
pd-user_9763144
pd-user_3534415
pd-user_7438329
pd-user_1469354
pd-user_7293011
pd-user_8747290
pd-user_9329571
pd-user_4560487
pd-user_8401809
pd-user_894077
pd-user_8523561
pd-user_5741249
pd-user_6714660
pd-user_4705930
pd-user_1820772
pd-user_2809306
pd-user_8384305
pd-user_4466284
pd-user_6386223
pd-user_9675360
pd-user_1984658
pd-user_9299035
pd-user_5073831
pd-user_783805
pd-user_5846121
pd-user_3028189
pd-user_1180063
pd-user_4694753
pd-user_3059510
pd-user_1022554
pd-user_2653373
pd-user_4618291
pd-user_7581073
pd-user_5547693
pd-user_4449151
pd-user_6296386
pd-user_5934939
pd-user_1268344
pd-user_5381124
pd-user_3148750
pd-user_2694244
pd-user_3940059
pd-user_7594340
pd-user_7686468
pd-user_7469403
pd-user_1199083
pd-user_5444044
pd-user_8834076
pd-user_779854
pd-user_5648935
pd-user_5905156
pd-user_3051586
pd-user_4649621
pd-user_2641310
pd-user_4584195
pd-user_2714161
pd-user_6420868
pd-user_1455311
pd-user_1521727
pd-user_8343054
pd-user_3392137
pd-user_7457387
pd-user_4337060
pd-user_3062552
pd-user_8193684
pd-user_1921356
pd-user_6266449
pd-user_561705
pd-user_7218786
pd-user_6405053
pd-user_8027688
pd-user_8979083
pd-user_2190011
pd-user_5556583
pd-user_659427
pd-user_9981347
pd-user_3512111
pd-user_9161576
pd-user_6752312
pd-user_9006227
pd-user_7998829
pd-user_6594348
pd-user_5603480
pd-user_7467094
pd-user_8111338
pd-user_6252127
pd-user_2704539
pd-user_3481892
pd-user_2491498
pd-user_9893824
pd-user_9160251
pd-user_9288593
pd-user_850634
pd-user_4215178
pd-user_2781816
pd-user_8278836
pd-user_7305988
pd-user_4497084
pd-user_519290
pd-user_7842319
pd-user_4148750
pd-user_1291240
pd-user_284299
pd-user_2257669
pd-user_9518521
pd-user_3531869
pd-user_3940023
pd-user_9524802
pd-user_5777503
pd-user_7432785
pd-user_9655214
pd-user_8819220
pd-user_6627478
pd-user_9378830
pd-user_6109820
pd-user_3585415
pd-user_9738738
pd-user_2215480
pd-user_3027088
pd-user_9304083
pd-user_7439
pd-user_9532030
pd-user_7422134
pd-user_6878267
pd-user_8107754
pd-user_1062511
pd-user_5014350
pd-user_6628238
pd-user_3386202
pd-user_6772648
pd-user_9261152
pd-user_2346585
pd-user_5342146
pd-user_8877021
pd-user_6380226
pd-user_4071201
pd-user_5945523
pd-user_1314925
pd-user_1493797
pd-user_7626143
pd-user_4749466
pd-user_1632090
pd-user_9606651
pd-user_2187121
pd-user_21066
pd-user_7055991
pd-user_7127700
pd-user_7731076
pd-user_2772079
pd-user_6859141
pd-user_2646118
pd-user_5831459
pd-user_2340567
pd-user_207635
pd-user_7058091
pd-user_2069890
pd-user_2237821
pd-user_6818903
pd-user_7008298
pd-user_7914409
pd-user_9695922
pd-user_7757012
pd-user_7780755
pd-user_2428095
pd-user_8981693
pd-user_4845833
pd-user_5988463
pd-user_3826770
pd-user_4581395
pd-user_2483346
pd-user_3261009
pd-user_9185956
pd-user_5439588
pd-user_3908428
pd-user_274221
pd-user_4858446
pd-user_5073485
pd-user_9103635
pd-user_147610
pd-user_449260
pd-user_82255
pd-user_5325904
pd-user_235128
pd-user_6059186
pd-user_4237074
pd-user_5052058
pd-user_332887
pd-user_933492
pd-user_8469207
pd-user_9060585
pd-user_6919792
pd-user_8609657
pd-user_9179986
pd-user_6443610
pd-user_9870385
pd-user_479750
pd-user_9303843
pd-user_6425830
pd-user_5573489
pd-user_5272626
pd-user_101008
pd-user_1960322
pd-user_7424118
pd-user_5214537
pd-user_6952141
pd-user_7384689
pd-user_1729249
pd-user_5517402
pd-user_7518884
pd-user_2462486
pd-user_9983027
pd-user_8425454
pd-user_4198460
pd-user_1839867
pd-user_3859308
pd-user_9805369
pd-user_2753191
pd-user_8835760
pd-user_758253
pd-user_3219228
pd-user_2192570
pd-user_1780968
pd-user_9280389
pd-user_3477906
pd-user_3965973
pd-user_3963485
pd-user_6651857
pd-user_9230299
pd-user_5408073
pd-user_8079797
pd-user_2845803
pd-user_1948359
pd-user_9434686
pd-user_2126888
pd-user_9093097
pd-user_5452954
pd-user_4546541
pd-user_5039872
pd-user_9462451
pd-user_4167275
pd-user_1507655
pd-user_3430665
pd-user_1743765
pd-user_669378
pd-user_2359295
pd-user_1311383
pd-user_9203793
pd-user_7665937
pd-user_5045291
pd-user_1276962
pd-user_1684059
pd-user_9421739
pd-user_7400606
pd-user_7713303
pd-user_5896851
pd-user_7558349
pd-user_1864848
pd-user_5654034
pd-user_1675893
pd-user_2776872
pd-user_9745045
pd-user_7693389
pd-user_7481758
pd-user_9180263
pd-user_7948535
pd-user_6138989
pd-user_8014768
pd-user_4572258
pd-user_1285457
pd-user_1221219
pd-user_9128056
pd-user_1684128
pd-user_4373854
pd-user_1764576
pd-user_7411387
pd-user_1687400
pd-user_1380816
pd-user_420821
pd-user_307745
pd-user_426580
pd-user_2754679
pd-user_7072845
pd-user_4375978
pd-user_160849
pd-user_2388423
pd-user_1574509
pd-user_2524523
pd-user_3849307
pd-user_4526601
pd-user_4809473
pd-user_8696313
pd-user_3374762
pd-user_493520
pd-user_4102224
pd-user_3827231
pd-user_1457300
pd-user_1451333
pd-user_796106
pd-user_6247982
pd-user_3354261
pd-user_6071855
pd-user_480242
pd-user_7783569
pd-user_9694889
pd-user_9652747
pd-user_3443152
pd-user_4202509
pd-user_1648292
pd-user_3453738
pd-user_5780535
pd-user_7019057
pd-user_2059908
pd-user_2441074
pd-user_9368880
pd-user_5206054
pd-user_6356773
pd-user_2844456
pd-user_7596699
pd-user_9335108
pd-user_4730940
pd-user_1494390
pd-user_4694431
pd-user_2300378
pd-user_7970773
pd-user_8984175
pd-user_3700779
pd-user_3203400
pd-user_7088702
pd-user_5190259
pd-user_6554702
pd-user_1327581
pd-user_8281411
pd-user_1066221
pd-user_5334042
pd-user_7384829
pd-user_6041980
pd-user_3087488
pd-user_869356
pd-user_3793376
pd-user_3644448
pd-user_111989
pd-user_925780
pd-user_3492671
pd-user_9937256
pd-user_1491303
pd-user_1719633
pd-user_8538714
pd-user_1055073
pd-user_191083
pd-user_1188480
pd-user_5053236
pd-user_3895871
pd-user_8353929
pd-user_4494639
pd-user_5831804
pd-user_8958749
pd-user_1349332
pd-user_2272212
pd-user_631153
pd-user_7372455
pd-user_4659846
pd-user_6307303
pd-user_5887848
pd-user_8858026
pd-user_3824712
pd-user_1789031
pd-user_1583824
pd-user_7540821
pd-user_2344713
pd-user_7034617
pd-user_82892
pd-user_5211188
pd-user_4475075
pd-user_3631095
pd-user_9243165
pd-user_9031
pd-user_7314619
pd-user_6668458
pd-user_8045771
pd-user_1556279
pd-user_6476077
pd-user_2642292
pd-user_6211608
pd-user_1968677
pd-user_7299369
pd-user_8955461
pd-user_8711523
pd-user_4836519
pd-user_6866950
pd-user_9366982
pd-user_9947896
pd-user_6830659
pd-user_6774228
pd-user_5724412
pd-user_1858877
pd-user_6572503
pd-user_5231232
pd-user_8275487
pd-user_1061424
pd-user_6728424
pd-user_4218532
pd-user_5355575
pd-user_7132324
pd-user_6887089
pd-user_1623076
pd-user_8727693
pd-user_6170392
pd-user_5098155
pd-user_6802104
pd-user_6479439
pd-user_4288729
pd-user_8561802
pd-user_7249804
pd-user_7584151
pd-user_9460049
pd-user_8512030
pd-user_4817020
pd-user_3016747
pd-user_5195234
pd-user_563235
pd-user_199310
pd-user_6360963
pd-user_8165165
pd-user_9577389
pd-user_4822691
pd-user_6381035
pd-user_2345356
pd-user_918773
pd-user_5099836
pd-user_5161006
pd-user_1544320
pd-user_4809121
pd-user_265025
pd-user_6041733
pd-user_2911717
pd-user_7377969
pd-user_6713686
pd-user_7597531
pd-user_2151764
pd-user_5342324
pd-user_3556256
pd-user_2352792
pd-user_7793977
pd-user_8891708
pd-user_4597743
pd-user_46256
pd-user_9120178
pd-user_945403
pd-user_4978315
pd-user_5421319
pd-user_1316706
pd-user_6115495
pd-user_9184745
pd-user_2251076
pd-user_5544763
pd-user_811952
pd-user_8571705
pd-user_5119031
pd-user_28847
pd-user_5581803
pd-user_4604821
pd-user_8526800
pd-user_8037675
pd-user_5120623
pd-user_4794524
pd-user_7202010
pd-user_1429194
pd-user_2242364
pd-user_4710054
pd-user_4593911
pd-user_9352282
pd-user_3297069
pd-user_6511819
pd-user_3396188
pd-user_2917263
pd-user_1348293
pd-user_8389013
pd-user_3708627
pd-user_6901093
pd-user_260390
pd-user_5908205
pd-user_4554813
pd-user_8902595
pd-user_7604533
pd-user_7683080
pd-user_7277570
pd-user_9300134
pd-user_3036975
pd-user_7746581
pd-user_113205
pd-user_3261871
pd-user_679942
pd-user_2040077
pd-user_4946459
pd-user_349444
pd-user_721825
pd-user_1969166
pd-user_3880620
pd-user_3373262
pd-user_5552725
pd-user_3682726
pd-user_8729391
pd-user_775403
pd-user_3832994
pd-user_4338527
pd-user_5108933
pd-user_7258911
pd-user_7827627
pd-user_9455641
pd-user_5625225
pd-user_8751747
pd-user_9455395
pd-user_5467909
pd-user_7784070
pd-user_2250434
pd-user_8185904
pd-user_8589622
pd-user_5508343
pd-user_2529402
pd-user_7250970
pd-user_5764827
pd-user_441667
pd-user_6772479
pd-user_898973
pd-user_3464548
pd-user_3747824
pd-user_8136586
pd-user_2278088
pd-user_6824816
pd-user_9455406
pd-user_3305873
pd-user_9936322
pd-user_4173930
pd-user_3949525
pd-user_7407837
pd-user_184861
pd-user_3489789
pd-user_3738889
pd-user_412393
pd-user_1690511
pd-user_454883
pd-user_9807299
pd-user_643138
pd-user_2015983
pd-user_8280225
pd-user_2224362
pd-user_5237023
pd-user_611411
pd-user_7497700
pd-user_162256
pd-user_5821369
pd-user_4163324
pd-user_3999998
pd-user_138428
pd-user_4675368
pd-user_3174611
pd-user_1126901
pd-user_4912238
pd-user_9206837
pd-user_9645891
pd-user_7641552
pd-user_1285519
pd-user_3364354
pd-user_6527423
pd-user_9704891
pd-user_2291820
pd-user_1518202
pd-user_5541224
pd-user_9040501
pd-user_3293737
pd-user_6930718
pd-user_1888419
pd-user_9456856
pd-user_8466274
pd-user_9525748
pd-user_3372637
pd-user_1535106
pd-user_489623
pd-user_734297
pd-user_3036173
pd-user_496180
pd-user_7126165
pd-user_777650
pd-user_5452087
pd-user_1453681
pd-user_394038
pd-user_2044113
pd-user_8660461
pd-user_5761974
pd-user_3044303
pd-user_9204440
pd-user_4974483
pd-user_1704726
pd-user_7692422
pd-user_8523895
pd-user_9495381
pd-user_8889565
pd-user_4128004
pd-user_7246453
pd-user_4410247
pd-user_4701917
pd-user_421940
pd-user_9098688
pd-user_7414265
pd-user_9302548
pd-user_8716454
pd-user_4822654
pd-user_9840828
pd-user_6969449
pd-user_638167
pd-user_1243799
pd-user_9645738
pd-user_3590585
pd-user_560205
pd-user_4946218
pd-user_3025674
pd-user_6052881
pd-user_2427999
pd-user_9231040
pd-user_6185240
pd-user_9969542
pd-user_852721
pd-user_4360512
pd-user_8389264
pd-user_4440447
pd-user_9601142
pd-user_6908274
pd-user_7090278
pd-user_7856350
pd-user_6423043
pd-user_6036892
pd-user_8412963
pd-user_4788228
pd-user_1710018
pd-user_5307428
pd-user_3995089
pd-user_5069526
pd-user_7753269
pd-user_6755362
pd-user_8736242
pd-user_3231403
pd-user_6787267
pd-user_2873481
pd-user_1867188
pd-user_5411410
pd-user_9272067
pd-user_2485560
pd-user_7998150
pd-user_7278039
pd-user_9476111
pd-user_5297947
pd-user_3362617
pd-user_4405679
pd-user_4361316
pd-user_1212692
pd-user_1942892
pd-user_2142296
pd-user_9920913
pd-user_3822723
pd-user_9352151
pd-user_8802947
pd-user_3977970
pd-user_6563937
pd-user_3621009
pd-user_199709
pd-user_6156083
pd-user_6350445
pd-user_1119258
pd-user_2390927
pd-user_4002101
pd-user_251455
pd-user_1058722
pd-user_3573642
pd-user_4552831
pd-user_9320280
pd-user_9936264
pd-user_7095114
pd-user_180289
pd-user_319535
pd-user_1353320
pd-user_4306268
pd-user_8017848
pd-user_4899377
pd-user_7079346
pd-user_6275481
pd-user_6209728
pd-user_2847311
pd-user_5601680
pd-user_1508893
pd-user_1836194
pd-user_8658475
pd-user_5667418
pd-user_5022246
pd-user_8323737
pd-user_7652705
pd-user_8388094
pd-user_6492194
pd-user_9229027
pd-user_3726417
pd-user_2777189
pd-user_4823211
pd-user_6702907
pd-user_4695797
pd-user_8142050
pd-user_1767807
pd-user_3927891
pd-user_2856926
pd-user_273569
pd-user_5057299
pd-user_3869744
pd-user_7898871
pd-user_8823912
pd-user_2487413
pd-user_3552113
pd-user_903967
pd-user_4826112
pd-user_2630757
pd-user_6453221
pd-user_290693
pd-user_9440676
pd-user_8974862
pd-user_794588
pd-user_2638181
pd-user_4472620
pd-user_5584380
pd-user_8858834
pd-user_9224957
pd-user_1112217
pd-user_7682330
pd-user_5379164
pd-user_9685328
pd-user_7843995
pd-user_7042273
pd-user_1567753
pd-user_2376173
pd-user_7701106
pd-user_9301818
pd-user_1934764
pd-user_8209194
pd-user_551660
pd-user_5873977
pd-user_4409431
pd-user_2025754
pd-user_1732894
pd-user_7151745
pd-user_2548887
pd-user_4226058
pd-user_5393362
pd-user_3268264
pd-user_6810246
pd-user_9807763
pd-user_886918
pd-user_2358927
pd-user_2691796
pd-user_8537514
pd-user_4989996
pd-user_3134281
pd-user_2084810
pd-user_5265732
pd-user_4669320
pd-user_5783157
pd-user_3768135
pd-user_4652654
pd-user_8881794
pd-user_7242151
pd-user_8840452
pd-user_4327671
pd-user_1033682
pd-user_8628175
pd-user_727901
pd-user_4577990
pd-user_602037
pd-user_983975
pd-user_5293890
pd-user_9050719
pd-user_5495096
pd-user_5811602
pd-user_5546714
pd-user_9808333
pd-user_808898
pd-user_3729946
pd-user_4586434
pd-user_1836471
pd-user_1652128
pd-user_1804208
pd-user_6347582
pd-user_8000615
pd-user_6593543
pd-user_6367976
pd-user_7274617
pd-user_8592513
pd-user_1356367
pd-user_124915
pd-user_4631084
pd-user_478340
pd-user_3365413
pd-user_6344027
pd-user_714348
pd-user_2363196
pd-user_4721923
pd-user_2576809
pd-user_4888913
pd-user_614983
pd-user_2144289
pd-user_4777
pd-user_5518439
pd-user_5772164
pd-user_8957338
pd-user_1676086
pd-user_2785670
pd-user_2990326
pd-user_4904383
pd-user_9229094
pd-user_7111484
pd-user_3082449
pd-user_9774333
pd-user_6797991
pd-user_5659351
pd-user_6283999
pd-user_3930842
pd-user_2291796
pd-user_5502294
pd-user_7005806
pd-user_5381367
pd-user_9901326
pd-user_2295766
pd-user_9394343
pd-user_3131892
pd-user_527179
pd-user_3155908
pd-user_546602
pd-user_9814093
pd-user_4503206
pd-user_30703
pd-user_5410707
pd-user_5944588
pd-user_8134062
pd-user_3950172
pd-user_4181238
pd-user_6079242
pd-user_898186
pd-user_6416322
pd-user_8526607
pd-user_9488593
pd-user_8581775
pd-user_2767651
pd-user_591800
pd-user_7831045
pd-user_947032
pd-user_5745053
pd-user_6150608
pd-user_6672898
pd-user_1469356
pd-user_8055788
pd-user_3436400
pd-user_1986403
pd-user_280286
pd-user_4132312
pd-user_1045308
pd-user_5662532
pd-user_3928822
pd-user_1957164
pd-user_2553424
pd-user_6779668
pd-user_567676
pd-user_1410799
pd-user_2188802
pd-user_2485389
pd-user_2526690
pd-user_296262
pd-user_2658707
pd-user_808337
pd-user_1792636
pd-user_9354462
pd-user_5514999
pd-user_6133487
pd-user_1397647
pd-user_3889760
pd-user_4772862
pd-user_2875270
pd-user_9393067
pd-user_6131584
pd-user_1819688
pd-user_4465722
pd-user_6148962
pd-user_2754427
pd-user_1204068
pd-user_1476454
pd-user_1573488
pd-user_4217927
pd-user_9212799
pd-user_1727977
pd-user_1451734
pd-user_2611167
pd-user_9861276
pd-user_7669810
pd-user_6524179
pd-user_5999061
pd-user_546196
pd-user_4575437
pd-user_7749115
pd-user_4033615
pd-user_488672
pd-user_5223694
pd-user_1302154
pd-user_3866692
pd-user_6216542
pd-user_1734915
pd-user_3124430
pd-user_3860531
pd-user_3140371
pd-user_3018610
pd-user_6130400
pd-user_3833736
pd-user_3831366
pd-user_5801663
pd-user_3836252
pd-user_9412665
pd-user_4898745
pd-user_2373770
pd-user_854334
pd-user_8455584
pd-user_6444829
pd-user_8126091
pd-user_5652505
pd-user_517252
pd-user_1145466
pd-user_5064884
pd-user_8408875
pd-user_5659796
pd-user_7736004
pd-user_4516256
pd-user_4388799
pd-user_6987033
pd-user_2063645
pd-user_1627452
pd-user_2479227
pd-user_9924495
pd-user_9600683
pd-user_3276786
pd-user_8615919
pd-user_7937265
pd-user_6487677
pd-user_6408220
pd-user_4747028
pd-user_6717821
pd-user_6838230
pd-user_5873702
pd-user_5812020
pd-user_7181961
pd-user_2085816
pd-user_8043146
pd-user_9359479
pd-user_4208567
pd-user_8650392
pd-user_7436605
pd-user_731686
pd-user_555666
pd-user_2314882
pd-user_9250228
pd-user_1671502
pd-user_5949649
pd-user_9778148
pd-user_5906734
pd-user_2896871
pd-user_369416
pd-user_8991824
pd-user_6211769
pd-user_478956
pd-user_1839042
pd-user_7425906
pd-user_8670358
pd-user_3386364
pd-user_3167734
pd-user_783866
pd-user_3210105
pd-user_4247499
pd-user_6413267
pd-user_3547558
pd-user_3366194
pd-user_5656719
pd-user_752041
pd-user_2657891
pd-user_9436782
pd-user_7675247
pd-user_2611094
pd-user_5654232
pd-user_7912433
pd-user_6815807
pd-user_4465810
pd-user_1648626
pd-user_4744867
pd-user_4857461
pd-user_7749387
pd-user_2460823
pd-user_9040461
pd-user_9413827
pd-user_1043455
pd-user_7210067
pd-user_5270972
pd-user_438341
pd-user_1095077
pd-user_1729380
pd-user_8582145
pd-user_7863077
pd-user_5503741
pd-user_6478999
pd-user_32816
pd-user_8313416
pd-user_7288997
pd-user_8860530
pd-user_4197535
pd-user_5321473
pd-user_7395203
pd-user_9900970
pd-user_7601489
pd-user_189938
pd-user_7664864
pd-user_2379433
pd-user_8671176
pd-user_4243194
pd-user_8264430
pd-user_8587923
pd-user_7554016
pd-user_5493049
pd-user_2073117
pd-user_518179
pd-user_4226350
pd-user_3735419
pd-user_2476519
pd-user_1323215
pd-user_5077044
pd-user_9496991
pd-user_2779530
pd-user_403695
pd-user_3305072
pd-user_8762820
pd-user_9256887
pd-user_1802228
pd-user_7997316
pd-user_3918827
pd-user_654221
pd-user_2458504
pd-user_620861
pd-user_8385441
pd-user_4943743
pd-user_8793112
pd-user_4006237
pd-user_1336936
pd-user_6950112
pd-user_4110461
pd-user_4421717
pd-user_5712610
pd-user_9612812
pd-user_9991714
pd-user_3101209
pd-user_5715969
pd-user_4372396
pd-user_4321635
pd-user_9780263
pd-user_5798975
pd-user_7973056
pd-user_5878470
pd-user_6092992
pd-user_1765363
pd-user_9794477
pd-user_3860993
pd-user_4544886
pd-user_6274675
pd-user_5165821
pd-user_1525988
pd-user_2883967
pd-user_6992686
pd-user_1287984
pd-user_416151
pd-user_4165931
pd-user_7258729
pd-user_5110170
pd-user_8110500
pd-user_5402777
pd-user_3378476
pd-user_6439519
pd-user_6889062
pd-user_2413807
pd-user_8374393
pd-user_6388299
pd-user_7070016
pd-user_647812
pd-user_4469396
pd-user_7751904
pd-user_3365418
pd-user_9714846
pd-user_7611252
pd-user_3223986
pd-user_7543091
pd-user_7486619
pd-user_491769
pd-user_4850272
pd-user_5460881
pd-user_2078321
pd-user_4765058
pd-user_3739160
pd-user_2747685
pd-user_3945794
pd-user_434488
pd-user_9207377
pd-user_9988016
pd-user_238680
pd-user_9376837
pd-user_6884599
pd-user_9282448
pd-user_6114989
pd-user_2291472
pd-user_6159391
pd-user_4678293
pd-user_7640223
pd-user_2722655
pd-user_8155526
pd-user_3343027
pd-user_5875038
pd-user_4114288
pd-user_5675096
pd-user_4227890
pd-user_1210406
pd-user_3819951
pd-user_8140206
pd-user_7174379
pd-user_7168105
pd-user_8149363
pd-user_900716
pd-user_860598
pd-user_7147424
pd-user_2218162
pd-user_1060999
pd-user_2902041
pd-user_4128643
pd-user_9063870
pd-user_1772021
pd-user_9313090
pd-user_7658694
pd-user_877494
pd-user_6636029
pd-user_9091371
pd-user_4539046
pd-user_8141452
pd-user_1200387
pd-user_646802
pd-user_9616939
pd-user_8416488
pd-user_749827
pd-user_2220589
pd-user_3792988
pd-user_826322
pd-user_1607666
pd-user_2560694
pd-user_4579780
pd-user_5741711
pd-user_8095304
pd-user_6041289
pd-user_2165883
pd-user_719413
pd-user_4955616
pd-user_9722244
pd-user_4564853
pd-user_1524411
pd-user_1635480
pd-user_3848172
pd-user_6721464
pd-user_9793706
pd-user_5669892
pd-user_7804693
pd-user_9019303
pd-user_671362
pd-user_6231506
pd-user_4814441
pd-user_9126154
pd-user_2244450
pd-user_235601
pd-user_8233855
pd-user_49916
pd-user_8124791
pd-user_2241219
pd-user_6189008
pd-user_9045765
pd-user_3779637
pd-user_3486290
pd-user_493376
pd-user_7582301
pd-user_9041634
pd-user_9415571
pd-user_2822174
pd-user_2188425
pd-user_3720065
pd-user_8906411
pd-user_8734154
pd-user_4868852
pd-user_4112935
pd-user_4466730
pd-user_2906718
pd-user_1031131
pd-user_8082828
pd-user_7611202
pd-user_2341598
pd-user_7625470
pd-user_5047405
pd-user_3429482
pd-user_2398371
pd-user_3981167
pd-user_7091273
pd-user_3510510
pd-user_3898723
pd-user_1026417
pd-user_8205308
pd-user_31836
pd-user_5120901
pd-user_3138615
pd-user_7444961
pd-user_2042333
pd-user_9297128
pd-user_7062536
pd-user_8288675
pd-user_9147215
pd-user_1342968
pd-user_3752982
pd-user_5548005
pd-user_960289
pd-user_2567621
pd-user_8759216
pd-user_926098
pd-user_519273
pd-user_8573891
pd-user_1044997
pd-user_9553388
pd-user_7233466
pd-user_1863708
pd-user_8034801
pd-user_1794118
pd-user_196498
pd-user_6181152
pd-user_3847584
pd-user_654701
pd-user_4973516
pd-user_6305710
pd-user_1239647
pd-user_9195231
pd-user_8063770
pd-user_9153084
pd-user_4408736
pd-user_5889903
pd-user_1238192
pd-user_4005725
pd-user_1856689
pd-user_8813693
pd-user_7315636
pd-user_1569887
pd-user_3629246
pd-user_5268842
pd-user_5980056
pd-user_1501268
pd-user_8186988
pd-user_4837070
pd-user_1705116
pd-user_1543356
pd-user_1025952
pd-user_9877448
pd-user_7753480
pd-user_9823486
pd-user_6388023
pd-user_198169
pd-user_9756510
pd-user_9269470
pd-user_8006104
pd-user_7151076
pd-user_2427070
pd-user_6733116
pd-user_3176514
pd-user_441551
pd-user_1340848
pd-user_6272810
pd-user_6379617
pd-user_8829881
pd-user_7486984
pd-user_6807019
pd-user_7831877
pd-user_141198
pd-user_7096798
pd-user_7288693
pd-user_4365955
pd-user_9863979
pd-user_9758931
pd-user_1396640
pd-user_279782
pd-user_5845628
pd-user_7941356
pd-user_1615545
pd-user_8620170
pd-user_339335
pd-user_8966542
pd-user_4629198
pd-user_4671163
pd-user_6592519
pd-user_2190395
pd-user_2729346
pd-user_9713911
pd-user_1089365
pd-user_3925315
pd-user_3331630
pd-user_5976825
pd-user_2697805
pd-user_2140671
pd-user_3739144
pd-user_5638312
pd-user_6347620
pd-user_4655241
pd-user_269260
pd-user_7373663
pd-user_4634576
pd-user_9604743
pd-user_2912232
pd-user_4661757
pd-user_9151991
pd-user_278704
pd-user_8062746
pd-user_3178407
pd-user_838311
pd-user_5028074
pd-user_2333226
pd-user_9452400
pd-user_1081107
pd-user_2238583
pd-user_8317158
pd-user_1121465
pd-user_5182697
pd-user_4241775
pd-user_7796618
pd-user_2725384
pd-user_8165628
pd-user_3003590
pd-user_7306030
pd-user_2666356
pd-user_1962205
pd-user_4482397
pd-user_1674030
pd-user_1836379
pd-user_9353131
pd-user_8719268
pd-user_5539950
pd-user_6443182
pd-user_2862481
pd-user_8690577
pd-user_7205238
pd-user_1448799
pd-user_9598762
pd-user_957115
pd-user_9511663
pd-user_2648749
pd-user_9787856
pd-user_1966599
pd-user_3737537
pd-user_9385779
pd-user_4047718
pd-user_6880202
pd-user_3058516
pd-user_5498257
pd-user_2591845
pd-user_3255895
pd-user_4502531
pd-user_3377525
pd-user_8432318
pd-user_2893622
pd-user_7337047
pd-user_3262602
pd-user_7422534
pd-user_1661507
pd-user_3911769
pd-user_7612353
pd-user_8606726
pd-user_7081456
pd-user_3514302
pd-user_8741980
pd-user_1450104
pd-user_5137038
pd-user_3425695
pd-user_7990904
pd-user_5592504
pd-user_4783853
pd-user_2825353
pd-user_4244133
pd-user_2895050
pd-user_4351420
pd-user_5835977
pd-user_3426355
pd-user_9887333
pd-user_9482035
pd-user_9454591
pd-user_4762930
pd-user_6163305
pd-user_1198178
pd-user_6938045
pd-user_6740458
pd-user_9361852
pd-user_7074
pd-user_2942435
pd-user_6790534
pd-user_1167976
pd-user_3752681
pd-user_7797143
pd-user_6088936
pd-user_7328211
pd-user_3958539
pd-user_2676555
pd-user_9796695
pd-user_9217665
pd-user_7700683
pd-user_822654
pd-user_9366403
pd-user_3116402
pd-user_9316467
pd-user_9508836
pd-user_9260035
pd-user_9689418
pd-user_1762617
pd-user_7155247
pd-user_8760909
pd-user_8556398
pd-user_9287648
pd-user_7366481
pd-user_7869295
pd-user_3018665
pd-user_4642076
pd-user_9279565
pd-user_2449653
pd-user_2146724
pd-user_4165156
pd-user_9681982
pd-user_6683468
pd-user_4603326
pd-user_6881
pd-user_773409
pd-user_7559126
pd-user_3451661
pd-user_3410740
pd-user_9685602
pd-user_382591
pd-user_4877501
pd-user_1356574
pd-user_120850
pd-user_8087490
pd-user_776468
pd-user_5884492
pd-user_4486636
pd-user_9062938
pd-user_4294630
pd-user_2563830
pd-user_2177639
pd-user_9049571
pd-user_8243231
pd-user_5595775
pd-user_1241448
pd-user_363659
pd-user_6680420
pd-user_7042726
pd-user_491127
pd-user_5362182
pd-user_8802362
pd-user_9326976
pd-user_7496107
pd-user_2435425
pd-user_9629365
pd-user_424856
pd-user_1044148
pd-user_6332126
pd-user_4279013
pd-user_6398823
pd-user_4093445
pd-user_8440982
pd-user_5494247
pd-user_5384190
pd-user_5020144
pd-user_9053977
pd-user_8870710
pd-user_8081414
pd-user_363441
pd-user_1047861
pd-user_2802046
pd-user_1421322
pd-user_9574297
pd-user_5801157
pd-user_1441667
pd-user_2795953
pd-user_9502591
pd-user_4905677
pd-user_8444702
pd-user_9109289
pd-user_1371945
pd-user_9917268
pd-user_4453358
pd-user_6089982
pd-user_5739255
pd-user_7524432
pd-user_1954634
pd-user_1272302
pd-user_2090274
pd-user_2399115
pd-user_3992273
pd-user_8572983
pd-user_4569224
pd-user_7584373
pd-user_3275149
pd-user_734734
pd-user_7314672
pd-user_9394525
pd-user_9472391
pd-user_2669079
pd-user_3808152
pd-user_2798770
pd-user_6369265
pd-user_3878183
pd-user_6672719
pd-user_7121323
pd-user_2251861
pd-user_2514085
pd-user_8846061
pd-user_7208789
pd-user_1856592
pd-user_2498575
pd-user_2988201
pd-user_68360
pd-user_1593503
pd-user_2429531
pd-user_5058135
pd-user_6509590
pd-user_907889
pd-user_4679418
pd-user_6632920
pd-user_5611167
pd-user_9943135
pd-user_4720965
pd-user_3923391
pd-user_4794576
pd-user_4683410
pd-user_5379515
pd-user_3977338
pd-user_2751681
pd-user_5874445
pd-user_7553352
pd-user_9366055
pd-user_4113116
pd-user_8209969
pd-user_3955315
pd-user_8356526
pd-user_701790
pd-user_5667815
pd-user_5521675
pd-user_6010889
pd-user_5611675
pd-user_9246776
pd-user_4693901
pd-user_4621710
pd-user_7708784
pd-user_5643357
pd-user_7092550
pd-user_6006500
pd-user_8453380
pd-user_5887331
pd-user_5292995
pd-user_4918834
pd-user_8382707
pd-user_775671
pd-user_8884261
pd-user_7529795
pd-user_3528750
pd-user_3904228
pd-user_1060235
pd-user_2011370
pd-user_5297322
pd-user_2078240
pd-user_1020188
pd-user_8260908
pd-user_5886960
pd-user_152434
pd-user_1913657
pd-user_2079244
pd-user_9528527
pd-user_7280266
pd-user_4853522
pd-user_1409305
pd-user_9818380
pd-user_1239832
pd-user_9600577
pd-user_9782106
pd-user_5644128
pd-user_7122819
pd-user_990318
pd-user_2561481
pd-user_8759898
pd-user_4326863
pd-user_7928583
pd-user_9253165
pd-user_6233774
pd-user_3535800
pd-user_1202890
pd-user_292466
pd-user_8598181
pd-user_6115523
pd-user_6309939
pd-user_6657786
pd-user_6689387
pd-user_8639936
pd-user_2237234
pd-user_4434695
pd-user_8235101
pd-user_7484361
pd-user_3217808
pd-user_9892930
pd-user_8430128
pd-user_8155564
pd-user_6525838
pd-user_121195
pd-user_5048681
pd-user_4623821
pd-user_2023488
pd-user_2770150
pd-user_2939759
pd-user_7134220
pd-user_554458
pd-user_4964555
pd-user_6741814
pd-user_8186290
pd-user_4970772
pd-user_7420255
pd-user_3522139
pd-user_2238265
pd-user_2487248
pd-user_3809014
pd-user_8212836
pd-user_6075830
pd-user_128488
pd-user_9137038
pd-user_2509880
pd-user_7530978
pd-user_8953926
pd-user_6695938
pd-user_8054719
pd-user_5014230
pd-user_9281557
pd-user_4604354
pd-user_8166390
pd-user_753907
pd-user_672294
pd-user_7957524
pd-user_7875022
pd-user_4846013
pd-user_7428025
pd-user_6727186
pd-user_928226
pd-user_1052694
pd-user_6901348
pd-user_9268413
pd-user_648466
pd-user_7848678
pd-user_8612835
pd-user_9439958
pd-user_5993397
pd-user_93190
pd-user_4188701
pd-user_9361061
pd-user_1904879
pd-user_7767330
pd-user_9534570
pd-user_4709495
pd-user_8665101
pd-user_8622642
pd-user_3009884
pd-user_6986303
pd-user_6516174
pd-user_8055410
pd-user_3292853
pd-user_8090198
pd-user_9152912
pd-user_4824096
pd-user_8378915
pd-user_3942055
pd-user_3053089
pd-user_4154012
pd-user_7821280
pd-user_5077042
pd-user_9839112
pd-user_2582566
pd-user_8520327
pd-user_9923495
pd-user_541116
pd-user_7383262
pd-user_8724746
pd-user_4063984
pd-user_4887575
pd-user_2899806
pd-user_3682285
pd-user_4146207
pd-user_8699983
pd-user_1349284
pd-user_818361
pd-user_1527551
pd-user_5679082
pd-user_813810
pd-user_6413622
pd-user_5453493
pd-user_9052420
pd-user_6721127
pd-user_3508267
pd-user_3989124
pd-user_7597545
pd-user_1541965
pd-user_1573837
pd-user_1317198
pd-user_8619353
pd-user_5140617
pd-user_3449425
pd-user_5698079
pd-user_8194977
pd-user_9687918
pd-user_9069360
pd-user_6191222
pd-user_7118282
pd-user_5326534
pd-user_7898933
pd-user_1936723
pd-user_6952486
pd-user_3079181
pd-user_1635677
pd-user_4200386
pd-user_7140937
pd-user_1803766
pd-user_4588384
pd-user_95374
pd-user_1853158
pd-user_3606522
pd-user_8558220
pd-user_569614
pd-user_9753654
pd-user_6433511
pd-user_3899714
pd-user_3064153
pd-user_2997924
pd-user_3020062
pd-user_9842243
pd-user_2107624
pd-user_2300954
pd-user_2442330
pd-user_4830586
pd-user_281171
pd-user_437110
pd-user_8228311
pd-user_9532124
pd-user_6480328
pd-user_9003263
pd-user_7812448
pd-user_9052763
pd-user_7186507
pd-user_191249
pd-user_3715138
pd-user_4534999
pd-user_6898671
pd-user_4887818
pd-user_162266
pd-user_8586652
pd-user_5491326
pd-user_8034409
pd-user_672047
pd-user_1629292
pd-user_1755901
pd-user_7224883
pd-user_2537065
pd-user_1350184
pd-user_97452
pd-user_3680240
pd-user_7956443
pd-user_8679857
pd-user_6599135
pd-user_9599929
pd-user_1214184
pd-user_4109168
pd-user_544367
pd-user_1362769
pd-user_7510184
pd-user_5578844
pd-user_2854593
pd-user_7698758
pd-user_492755
pd-user_1673492
pd-user_2834184
pd-user_1870797
pd-user_1242711
pd-user_8054612
pd-user_8007161
pd-user_9311324
pd-user_7368194
pd-user_9279438
pd-user_7297581
pd-user_8367575
pd-user_4606143
pd-user_5404676
pd-user_6999479
pd-user_6994107
pd-user_6314216
pd-user_3342165
pd-user_4736377
pd-user_7016765
pd-user_5224857
pd-user_535226
pd-user_6504223
pd-user_5621088
pd-user_2675826
pd-user_3278820
pd-user_7808376
pd-user_8376134
pd-user_9108884
pd-user_6292404
pd-user_2073535
pd-user_7918652
pd-user_9694469
pd-user_8969711
pd-user_5636094
pd-user_5806711
pd-user_7403048
pd-user_8273194
pd-user_1636484
pd-user_9402236
pd-user_9164046
pd-user_8642589
pd-user_6965693
pd-user_9721393
pd-user_8218693
pd-user_5862941
pd-user_5419265
pd-user_9525681
pd-user_2271687
pd-user_4719037
pd-user_5356723
pd-user_362936
pd-user_8086361
pd-user_3011440
pd-user_7445242
pd-user_6832449
pd-user_356019
pd-user_413461
pd-user_2726571
pd-user_4659198
pd-user_1681911
pd-user_8525577
pd-user_595391
pd-user_3139415
pd-user_5659986
pd-user_7538429
pd-user_4071615
pd-user_5848744
pd-user_532964
pd-user_8169886
pd-user_2713974
pd-user_7545595
pd-user_5255890
pd-user_7404777
pd-user_4721886
pd-user_1771846
pd-user_4234341
pd-user_941082
pd-user_7582068
pd-user_9975740
pd-user_2717373
pd-user_6799582
pd-user_6448028
pd-user_4872887
pd-user_9125959
pd-user_9256941
pd-user_4507124
pd-user_6044050
pd-user_2112351
pd-user_5718982
pd-user_6838655
pd-user_4522331
pd-user_7562436
pd-user_1165292
pd-user_2761449
pd-user_9473872
pd-user_4451343
pd-user_8987186
pd-user_6621929
pd-user_8572415
pd-user_6437089
pd-user_1043396
pd-user_928535
pd-user_1281519
pd-user_8469343
pd-user_5339539
pd-user_8580583
pd-user_1226608
pd-user_9481543
pd-user_8657654
pd-user_2181706
pd-user_3787789
pd-user_7617208
pd-user_196004
pd-user_9540370
pd-user_8364544
pd-user_9456705
pd-user_8006889
pd-user_4538989
pd-user_8696955
pd-user_3268490
pd-user_8321229
pd-user_6382049
pd-user_5858425
pd-user_7002226
pd-user_1934765
pd-user_6224253
pd-user_3311681
pd-user_8950117
pd-user_4959586
pd-user_9263496
pd-user_1268709
pd-user_3718639
pd-user_9962778
pd-user_5564909
pd-user_3032563
pd-user_4098909
pd-user_6228544
pd-user_1433696
pd-user_468023
pd-user_4234662
pd-user_8919598
pd-user_1767617
pd-user_9977239
pd-user_5503199
pd-user_5667603
pd-user_7096093
pd-user_1975548
pd-user_704531
pd-user_8597042
pd-user_5365566
pd-user_6046074
pd-user_7112592
pd-user_6171742
pd-user_6906587
pd-user_2221967
pd-user_9512744
pd-user_1170998
pd-user_7041309
pd-user_6469784
pd-user_2258739
pd-user_6741943
pd-user_5555236
pd-user_6940635
pd-user_9648182
pd-user_8551744
pd-user_6923027
pd-user_1932370
pd-user_4145407
pd-user_1766551
pd-user_2983692
pd-user_4337543
pd-user_8497435
pd-user_4075724
pd-user_2641736
pd-user_2914396
pd-user_7947396
pd-user_9983374
pd-user_2709876
pd-user_9338067
pd-user_7185918
pd-user_701345
pd-user_8916570
pd-user_611496
pd-user_703551
pd-user_530430
pd-user_3140989
pd-user_2490521
pd-user_9451836
pd-user_2243480
pd-user_8594589
pd-user_3582042
pd-user_3357361
pd-user_3769880
pd-user_1268233
pd-user_2839711
pd-user_9593263
pd-user_8298448
pd-user_6539001
pd-user_9847734
pd-user_7910891
pd-user_2347882
pd-user_7150361
pd-user_7121234
pd-user_2633670
pd-user_9109501
pd-user_5338320
pd-user_3728144
pd-user_3075102
pd-user_7724354
pd-user_5966835
pd-user_2229661
pd-user_4265587
pd-user_6920899
pd-user_3531703
pd-user_1487114
pd-user_994341
pd-user_8242059
pd-user_9499657
pd-user_7167328
pd-user_2657753
pd-user_5095221
pd-user_8869408
pd-user_4531289
pd-user_848954
pd-user_7276066
pd-user_9746535
pd-user_9194213
pd-user_4999346
pd-user_3869544
pd-user_3956336
pd-user_8229477
pd-user_3139292
pd-user_3354541
pd-user_5740703
pd-user_1202732
pd-user_3688322
pd-user_5513645
pd-user_2081375
pd-user_6721261
pd-user_7310503
pd-user_5852195
pd-user_5052047
pd-user_9089279
pd-user_5044019
pd-user_889262
pd-user_9217331
pd-user_1954054
pd-user_3475681
pd-user_226179
pd-user_7931826
pd-user_2803341
pd-user_8901083
pd-user_3645824
pd-user_8115740
pd-user_8589575
pd-user_7835990
pd-user_6051202
pd-user_3413644
pd-user_2034984
pd-user_4599668
pd-user_9371870
pd-user_656668
pd-user_2404317
pd-user_4820798
pd-user_8636386
pd-user_3212811
pd-user_8641314
pd-user_2407534
pd-user_8900071
pd-user_2689195
pd-user_5166062
pd-user_8582549
pd-user_3264599
pd-user_51991
pd-user_311871
pd-user_9633748
pd-user_6479138
pd-user_1795252
pd-user_5674491
pd-user_2441504
pd-user_8457181
pd-user_9980291
pd-user_4259765
pd-user_824752
pd-user_1549091
pd-user_8000912
pd-user_8990336
pd-user_7211521
pd-user_1478648
pd-user_5279852
pd-user_6175875
pd-user_147543
pd-user_9166311
pd-user_5675932
pd-user_2263713
pd-user_7149712
pd-user_272692
pd-user_7134131
pd-user_4644890
pd-user_8003217
pd-user_7097354
pd-user_1070041
pd-user_3585717
pd-user_4450012
pd-user_1978088
pd-user_5297319
pd-user_4072456
pd-user_8216680
pd-user_334137
pd-user_320439
pd-user_3157394
pd-user_8229933
pd-user_3866099
pd-user_6823195
pd-user_9222751
pd-user_4456329
pd-user_7129344
pd-user_343173
pd-user_4711882
pd-user_7149006
pd-user_7801738
pd-user_8632936
pd-user_9619492
pd-user_7938185
pd-user_719782
pd-user_8547391
pd-user_5773960
pd-user_3755439
pd-user_1717178
pd-user_8578338
pd-user_6317236
pd-user_9896285
pd-user_7023970
pd-user_4438413
pd-user_2454136
pd-user_8508171
pd-user_5081389
pd-user_8410623
pd-user_1487800
pd-user_9050995
pd-user_7235121
pd-user_3951747
pd-user_3707440
pd-user_2644540
pd-user_2028540
pd-user_6215623
pd-user_7843713
pd-user_739902
pd-user_9899180
pd-user_5930311
pd-user_3128814
pd-user_8742044
pd-user_3088647
pd-user_2544721
pd-user_9356479
pd-user_7746230
pd-user_7897248
pd-user_2659762
pd-user_9460120
pd-user_8409430
pd-user_3483462
pd-user_6638820
pd-user_5923965
pd-user_3092647
pd-user_2228211
pd-user_9611734
pd-user_983918
pd-user_6564434
pd-user_6857485
pd-user_925827
pd-user_1859826
pd-user_3208058
pd-user_5378065
pd-user_538255
pd-user_3592579
pd-user_1191365
pd-user_7857377
pd-user_2733243
pd-user_8292053
pd-user_7123690
pd-user_5283628
pd-user_6489470
pd-user_1181491
pd-user_618402
pd-user_8702575
pd-user_9354966
pd-user_8284357
pd-user_2375513
pd-user_4265344
pd-user_1657125
pd-user_2330141
pd-user_8850093
pd-user_3099134
pd-user_6606562
pd-user_2149725
pd-user_6784497
pd-user_1946378
pd-user_8464053
pd-user_3755616
pd-user_7427069
pd-user_1876999
pd-user_1747872
pd-user_350034
pd-user_5206179
pd-user_8779068
pd-user_3013670
pd-user_3703091
pd-user_9466857
pd-user_8648956
pd-user_311833
pd-user_555485
pd-user_7419095
pd-user_84365
pd-user_7899087
pd-user_5638550
pd-user_7618679
pd-user_441294
pd-user_1959474
pd-user_6652522
pd-user_1081807
pd-user_138760
pd-user_4546245
pd-user_9968125
pd-user_2275135
pd-user_3598317
pd-user_3375312
pd-user_9185451
pd-user_2391742
pd-user_5245685
pd-user_2314989
pd-user_8335598
pd-user_3343242
pd-user_2031992
pd-user_5716074
pd-user_8326718
pd-user_1296064
pd-user_2312795
pd-user_1836472
pd-user_4271519
pd-user_2927118
pd-user_7571683
pd-user_7285109
pd-user_6780565
pd-user_3229805
pd-user_4557002
pd-user_1599436
pd-user_649468
pd-user_1331592
pd-user_6284128
pd-user_2513849
pd-user_1688629
pd-user_1367573
pd-user_5921503
pd-user_3870330
pd-user_6727
pd-user_9657617
pd-user_1018764
pd-user_3038127
pd-user_657877
pd-user_2123684
pd-user_6715654
pd-user_6530623
pd-user_6614525
pd-user_2777657
pd-user_6255581
pd-user_7622212
pd-user_1188463
pd-user_7820014
pd-user_6573038
pd-user_6533182
pd-user_4182174
pd-user_4481656
pd-user_1202450
pd-user_2942953
pd-user_6227817
pd-user_2455483
pd-user_9392431
pd-user_9195446
pd-user_3262699
pd-user_7167850
pd-user_2565256
pd-user_2613077
pd-user_5096378
pd-user_9188070
pd-user_6343857
pd-user_8700000
pd-user_9174240
pd-user_3473319
pd-user_6337976
pd-user_5848006
pd-user_3472641
pd-user_2415010
pd-user_303129
pd-user_4053848
pd-user_655956
pd-user_6306383
pd-user_6140127
pd-user_2370025
pd-user_4081719
pd-user_733889
pd-user_5179071
pd-user_2304751
pd-user_3016424
pd-user_5892388
pd-user_1390172
pd-user_3628158
pd-user_4850115
pd-user_3564567
pd-user_255137
pd-user_4165334
pd-user_8560802
pd-user_238421
pd-user_1919832
pd-user_8310423
pd-user_978102
pd-user_9653644
pd-user_7057274
pd-user_7302073
pd-user_4686889
pd-user_6077975
pd-user_8737638
pd-user_2431061
pd-user_3856000
pd-user_2939499
pd-user_7367430
pd-user_4213215
pd-user_1245070
pd-user_1578558
pd-user_2033003
pd-user_5158447
pd-user_2133401
pd-user_8693832
pd-user_848395
pd-user_6365022
pd-user_4167993
pd-user_2684367
pd-user_7949071
pd-user_2973347
pd-user_7630960
pd-user_556966
pd-user_5830066
pd-user_6372472
pd-user_3756883
pd-user_113725
pd-user_9381630
pd-user_541267
pd-user_5427072
pd-user_6265096
pd-user_7610393
pd-user_3656956
pd-user_3954972
pd-user_9760661
pd-user_1427943
pd-user_1697972
pd-user_4979786
pd-user_5368983
pd-user_9607501
pd-user_4669376
pd-user_470585
pd-user_2954078
pd-user_4654531
pd-user_9669900
pd-user_568353
pd-user_6656021
pd-user_8997671
pd-user_6572498
pd-user_5597929
pd-user_62040
pd-user_3902655
pd-user_4942452
pd-user_3524129
pd-user_3741016
pd-user_7754661
pd-user_6623611
pd-user_4269032
pd-user_4824710
pd-user_2906159
pd-user_4743664
pd-user_8006948
pd-user_7072805
pd-user_451971
pd-user_2017631
pd-user_5660972
pd-user_704228
pd-user_8059976
pd-user_3393975
pd-user_7643977
pd-user_2194464
pd-user_7346920
pd-user_8860811
pd-user_1684376
pd-user_2555469
pd-user_5003114
pd-user_2312764
pd-user_3494833
pd-user_2370391
pd-user_855809
pd-user_8972677
pd-user_493118
pd-user_8573843
pd-user_7649187
pd-user_8855082
pd-user_1245207
pd-user_1539228
pd-user_9296870
pd-user_928117
pd-user_1704288
pd-user_30828
pd-user_7831005
pd-user_4354656
pd-user_2097601
pd-user_3020241
pd-user_1748207
pd-user_5924721
pd-user_2216146
pd-user_1315507
pd-user_3033304
pd-user_2274119
pd-user_971878
pd-user_7185842
pd-user_7517129
pd-user_7566669
pd-user_4124238
pd-user_6529210
pd-user_7340771
pd-user_5589121
pd-user_6981509
pd-user_3716765
pd-user_4067937
pd-user_3913060
pd-user_7350159
pd-user_1428233
pd-user_6122802
pd-user_9381247
pd-user_9062715
pd-user_6084015
pd-user_1598998
pd-user_1346990
pd-user_612609
pd-user_8267963
pd-user_2267283
pd-user_6942793
pd-user_8687092
pd-user_3241667
pd-user_2918620
pd-user_8001490
pd-user_5344254
pd-user_5310417
pd-user_7314134
pd-user_8433143
pd-user_9568336
pd-user_550343
pd-user_8583843
pd-user_907174
pd-user_3237025
pd-user_8062126
pd-user_5494532
pd-user_9821554
pd-user_7404107
pd-user_8255162
pd-user_8993020
pd-user_291131
pd-user_8980412
pd-user_6781254
pd-user_4324680
pd-user_3462615
pd-user_7498863
pd-user_3833713
pd-user_5426939
pd-user_5763528
pd-user_5720716
pd-user_8463703
pd-user_1392323
pd-user_3087582
pd-user_2851068
pd-user_8791036
pd-user_2086206
pd-user_8133718
pd-user_6567479
pd-user_7025193
pd-user_746722
pd-user_8698661
pd-user_9455842
pd-user_6975379
pd-user_8950249
pd-user_510387
pd-user_5346899
pd-user_1815068
pd-user_3419117
pd-user_994180
pd-user_4835876
pd-user_8507924
pd-user_5209234
pd-user_8927252
pd-user_2384193
pd-user_3279525
pd-user_1223352
pd-user_7498974
pd-user_4718153
pd-user_4108203
pd-user_3670008
pd-user_6482088
pd-user_2356571
pd-user_7109705
pd-user_221627
pd-user_7599887
pd-user_5140872
pd-user_7459303
pd-user_3747695
pd-user_7173048
pd-user_4057660
pd-user_3563071
pd-user_4670253
pd-user_1427907
pd-user_1317165
pd-user_5812233
pd-user_6649137
pd-user_1843720
pd-user_7339140
pd-user_4931447
pd-user_6625594
pd-user_6322126
pd-user_2048278
pd-user_1277268
pd-user_8110639
pd-user_3709835
pd-user_9471310
pd-user_6621602
pd-user_4234758
pd-user_3036119
pd-user_7975775
pd-user_9089783
pd-user_2297610
pd-user_783857
pd-user_4447810
pd-user_5377150
pd-user_2941543
pd-user_5009414
pd-user_183245
pd-user_8884007
pd-user_4836807
pd-user_1999997
pd-user_600236
pd-user_1078422
pd-user_1395229
pd-user_946046
pd-user_3985626
pd-user_9480141
pd-user_4860631
pd-user_8281340
pd-user_1152660
pd-user_7850749
pd-user_3754607
pd-user_3967578
pd-user_2534978
pd-user_4166490
pd-user_5588710
pd-user_7537247
pd-user_1277385
pd-user_4250178
pd-user_8312706
pd-user_4952866
pd-user_2378984
pd-user_3020349
pd-user_4543060
pd-user_4055050
pd-user_6941374
pd-user_4415000
pd-user_8704710
pd-user_661920
pd-user_8087241
pd-user_6038747
pd-user_3608054
pd-user_581227
pd-user_5643475
pd-user_9318362
pd-user_4397931
pd-user_794537
pd-user_2050105
pd-user_6983083
pd-user_9469571
pd-user_1157929
pd-user_2730933
pd-user_3667741
pd-user_5412353
pd-user_9166561
pd-user_6706169
pd-user_7408772
pd-user_50875
pd-user_6868928
pd-user_6524859
pd-user_1848921
pd-user_5331149
pd-user_1612268
pd-user_4672362
pd-user_5084098
pd-user_731657
pd-user_6522402
pd-user_1202053
pd-user_6598026
pd-user_9102148
pd-user_7441469
pd-user_9130341
pd-user_4529363
pd-user_4267154
pd-user_4817879
pd-user_8090718
pd-user_6316677
pd-user_1461231
pd-user_8826785
pd-user_2835119
pd-user_9981790
pd-user_362486
pd-user_8206030
pd-user_2807167
pd-user_1860518
pd-user_8620530
pd-user_6504946
pd-user_3444764
pd-user_5091448
pd-user_8451905
pd-user_8972392
pd-user_8026
pd-user_6932764
pd-user_5398828
pd-user_8475422
pd-user_9514308
pd-user_4329257
pd-user_5428224
pd-user_5946732
pd-user_3255356
pd-user_3959920
pd-user_8711943
pd-user_6894960
pd-user_9521089
pd-user_984916
pd-user_9537883
pd-user_7552075
pd-user_6044854
pd-user_506700
pd-user_7716714
pd-user_5467112
pd-user_8729694
pd-user_7437820
pd-user_1837071
pd-user_4132490
pd-user_1914642
pd-user_6514098
pd-user_3416766
pd-user_6975286
pd-user_3007196
pd-user_6799181
pd-user_4185766
pd-user_8031281
pd-user_7406830
pd-user_8599404
pd-user_7664081
pd-user_3637882
pd-user_3611341
pd-user_3432442
pd-user_3641307
pd-user_4288673
pd-user_529827
pd-user_5953948
pd-user_2534695
pd-user_8012901
pd-user_9087156
pd-user_2275918
pd-user_6337532
pd-user_9337422
pd-user_5886922
pd-user_1963809
pd-user_5243363
pd-user_8134949
pd-user_3084710
pd-user_3719722
pd-user_1805284
pd-user_4653147
pd-user_3267961
pd-user_7152671
pd-user_4240466
pd-user_9054164
pd-user_7210303
pd-user_4829428
pd-user_3274353
pd-user_9578372
pd-user_8049804
pd-user_4938291
pd-user_6585890
pd-user_465177
pd-user_6133098
pd-user_8862333
pd-user_7904393
pd-user_6040145
pd-user_7799417
pd-user_3096579
pd-user_9921659
pd-user_4170477
pd-user_9766190
pd-user_4817253
pd-user_1150720
pd-user_6786020
pd-user_2024984
pd-user_8071756
pd-user_818528
pd-user_1523188
pd-user_3728161
pd-user_816958
pd-user_7406297
pd-user_8133661
pd-user_79398
pd-user_8306506
pd-user_4838011
pd-user_7304601
pd-user_5763181
pd-user_5884553
pd-user_2070482
pd-user_8070752
pd-user_2513322
pd-user_2111901
pd-user_1144169
pd-user_3912632
pd-user_1285605
pd-user_4065955
pd-user_5638640
pd-user_5641973
pd-user_8361292
pd-user_689057
pd-user_2854721
pd-user_3761897
pd-user_6569646
pd-user_7080085
pd-user_7982485
pd-user_3237917
pd-user_8806649
pd-user_7748904
pd-user_7415980
pd-user_4621286
pd-user_6226929
pd-user_5508211
pd-user_8519536
pd-user_4003320
pd-user_5239539
pd-user_4020557
pd-user_3093550
pd-user_3689877
pd-user_3843374
pd-user_5145026
pd-user_5672442
pd-user_9820115
pd-user_9880479
pd-user_1884610
pd-user_367977
pd-user_7790870
pd-user_7237143
pd-user_6637468
pd-user_8455333
pd-user_6293874
pd-user_4554515
pd-user_5816972
pd-user_8337453
pd-user_6000279
pd-user_4253889
pd-user_581296
pd-user_7808709
pd-user_550005
pd-user_3199995
pd-user_7937792
pd-user_6533941
pd-user_6539387
pd-user_4052277
pd-user_2817511
pd-user_7532481
pd-user_12371
pd-user_258701
pd-user_6699608
pd-user_8443094
pd-user_8837203
pd-user_487586
pd-user_6708041
pd-user_8249384
pd-user_434857
pd-user_9241659
pd-user_6361855
pd-user_2791857
pd-user_6367542
pd-user_4121622
pd-user_8359942
pd-user_2805622
pd-user_9326574
pd-user_3602537
pd-user_7762129
pd-user_7511639
pd-user_9839925
pd-user_1350998
pd-user_9535566
pd-user_7951120
pd-user_5354864
pd-user_44398
pd-user_6295312
pd-user_9485997
pd-user_8544416
pd-user_6664409
pd-user_2951540
pd-user_5087830
pd-user_2913862
pd-user_1180339
pd-user_7499967
pd-user_9524747
pd-user_1181507
pd-user_8845607
pd-user_7426554
pd-user_6784654
pd-user_2477823
pd-user_2421535
pd-user_5924255
pd-user_1152261
pd-user_8911547
pd-user_8731946
pd-user_2593362
pd-user_4113531
pd-user_7212071
pd-user_540052
pd-user_3695527
pd-user_5049785
pd-user_5339967
pd-user_8935055
pd-user_1220659
pd-user_4888159
pd-user_8307176
pd-user_5203659
pd-user_9457335
pd-user_767056
pd-user_7667065
pd-user_7903504
pd-user_8499425
pd-user_8821830
pd-user_7087012
pd-user_6181177
pd-user_4608294
pd-user_6510955
pd-user_4911280
pd-user_7936389
pd-user_291418
pd-user_1414808
pd-user_251967
pd-user_8236697
pd-user_5687116
pd-user_2311763
pd-user_2850735
pd-user_1120341
pd-user_9283636
pd-user_6057459
pd-user_1753659
pd-user_2565513
pd-user_785168
pd-user_6884880
pd-user_3746526
pd-user_1029237
pd-user_4031374
pd-user_628850
pd-user_2186752
pd-user_2397545
pd-user_7573142
pd-user_6133095
pd-user_4019186
pd-user_5989132
pd-user_9202063
pd-user_9870929
pd-user_5844422
pd-user_5921192
pd-user_5218788
pd-user_6233106
pd-user_3399929
pd-user_9395237
pd-user_636635
pd-user_3500186
pd-user_2938545
pd-user_8703225
pd-user_1230343
pd-user_2329426
pd-user_2995670
pd-user_5564120
pd-user_9461678
pd-user_653088
pd-user_3420101
pd-user_3724897
pd-user_8820389
pd-user_7078215
pd-user_5174117
pd-user_8904112
pd-user_8755230
pd-user_4215860
pd-user_7445277
pd-user_5119189
pd-user_4165919
pd-user_560457
pd-user_5841794
pd-user_8377451
pd-user_8155958
pd-user_2653753
pd-user_9764189
pd-user_1298394
pd-user_7964322
pd-user_4106379
pd-user_8356678
pd-user_5842395
pd-user_1125271
pd-user_1072621
pd-user_7272475
pd-user_7489227
pd-user_2529786
pd-user_8766528
pd-user_4854124
pd-user_7405088
pd-user_437194
pd-user_7075178
pd-user_2037065
pd-user_5651889
pd-user_8860492
pd-user_4504888
pd-user_1083914
pd-user_3332465
pd-user_5423775
pd-user_3458998
pd-user_8774712
pd-user_2111574
pd-user_1948132
pd-user_8183600
pd-user_3182007
pd-user_8696766
pd-user_5157730
pd-user_4931921
pd-user_1257467
pd-user_7143822
pd-user_7163930
pd-user_2312723
pd-user_4003451
pd-user_7645923
pd-user_1359783
pd-user_9023245
pd-user_5204040
pd-user_8178169
pd-user_805158
pd-user_8994163
pd-user_7426872
pd-user_126067
pd-user_8566770
pd-user_3654111
pd-user_6904878
pd-user_9036751
pd-user_4125408
pd-user_1459198
pd-user_2766484
pd-user_888657
pd-user_8375652
pd-user_5567936
pd-user_2673639
pd-user_2861601
pd-user_6266716
pd-user_1168291
pd-user_9146323
pd-user_6575440
pd-user_893488
pd-user_5036107
pd-user_6007392
pd-user_7935167
pd-user_8862464
pd-user_4525664
pd-user_6731295
pd-user_4639279
pd-user_2619621
pd-user_3578029
pd-user_1911696
pd-user_6474030
pd-user_9117177
pd-user_8449162
pd-user_5893201
pd-user_6232143
pd-user_539717
pd-user_7297234
pd-user_422184
pd-user_3314537
pd-user_3891583
pd-user_6016316
pd-user_332919
pd-user_2647276
pd-user_2884778
pd-user_2067910
pd-user_3577410
pd-user_8755070
pd-user_5104622
pd-user_1140647
pd-user_8169783
pd-user_8147728
pd-user_5592026
pd-user_398462
pd-user_2877555
pd-user_6645827
pd-user_2283848
pd-user_3208979
pd-user_9539523
pd-user_4216558
pd-user_3387286
pd-user_8024205
pd-user_6933340
pd-user_5512835
pd-user_7486103
pd-user_9946230
pd-user_4518629
pd-user_1453254
pd-user_9498161
pd-user_7492851
pd-user_3741937
pd-user_6513697
pd-user_9672595
pd-user_1323950
pd-user_2838166
pd-user_1777554
pd-user_5256926
pd-user_964744
pd-user_2374768
pd-user_2435399
pd-user_5329732
pd-user_5550126
pd-user_2679353
pd-user_1504410
pd-user_1971634
pd-user_9529066
pd-user_7832152
pd-user_2146899
pd-user_4408372
pd-user_9169044
pd-user_5411180
pd-user_6184635
pd-user_4099117
pd-user_6553544
pd-user_2179191
pd-user_8303816
pd-user_4588061
pd-user_6920734
pd-user_8522905
pd-user_7084433
pd-user_6588533
pd-user_9389421
pd-user_3344295
pd-user_3342870
pd-user_8952569
pd-user_8790799
pd-user_3675904
pd-user_1199110
pd-user_9071590
pd-user_5617228
pd-user_4377360
pd-user_1303185
pd-user_5126508
pd-user_1148048
pd-user_3682055
pd-user_7992414
pd-user_2533517
pd-user_6061015
pd-user_4505176
pd-user_3260069
pd-user_3373291
pd-user_3459411
pd-user_6757901
pd-user_4297350
pd-user_2053157
pd-user_9359135
pd-user_909636
pd-user_5623219
pd-user_8171633
pd-user_4915613
pd-user_8738430
pd-user_7055275
pd-user_3437137
pd-user_4055805
pd-user_4591453
pd-user_4651298
pd-user_6724455
pd-user_8747752
pd-user_5217225
pd-user_6089232
pd-user_3619254
pd-user_5347470
pd-user_2720312
pd-user_3024375
pd-user_1789987
pd-user_9553493
pd-user_840274
pd-user_9223703
pd-user_8871261
pd-user_4100960
pd-user_9985488
pd-user_1795697
pd-user_1037880
pd-user_5490217
pd-user_1684165
pd-user_7271108
pd-user_1812693
pd-user_8262035
pd-user_8679061
pd-user_9045563
pd-user_2024855
pd-user_473988
pd-user_6720086
pd-user_6008914
pd-user_3053635
pd-user_3722379
pd-user_7655250
pd-user_8972803
pd-user_3349572
pd-user_765187
pd-user_9713420
pd-user_1894130
pd-user_5573795
pd-user_2756819
pd-user_7891711
pd-user_361033
pd-user_5135123
pd-user_6051382
pd-user_4457622
pd-user_4928260
pd-user_7578526
pd-user_2851429
pd-user_4581629
pd-user_9935252
pd-user_4348895
pd-user_3982705
pd-user_1684619
pd-user_7314016
pd-user_749348
pd-user_4238317
pd-user_4053839
pd-user_7316137
pd-user_1228235
pd-user_5334799
pd-user_5710858
pd-user_1678464
pd-user_1702462
pd-user_9987267
pd-user_4467085
pd-user_6099184
pd-user_4803022
pd-user_4890904
pd-user_1329341
pd-user_474240
pd-user_5405029
pd-user_4000934
pd-user_1623962
pd-user_6287780
pd-user_4479284
pd-user_205445
pd-user_28159
pd-user_5486685
pd-user_1553482
pd-user_52570
pd-user_3189824
pd-user_3128771
pd-user_3437448
pd-user_8661506
pd-user_590189
pd-user_4405945
pd-user_1077426
pd-user_5754755
pd-user_621940
pd-user_5912012
pd-user_3360799
pd-user_3235168
pd-user_6269637
pd-user_4647017
pd-user_8892875
pd-user_9290726
pd-user_4810446
pd-user_8533227
pd-user_4781476
pd-user_6558782
pd-user_9900797
pd-user_2602132
pd-user_3153580
pd-user_7274311
pd-user_7386402
pd-user_4416624
pd-user_4525550
pd-user_960872
pd-user_1006687
pd-user_4059537
pd-user_1395741
pd-user_5664521
pd-user_90787
pd-user_6407135
pd-user_4327722
pd-user_3944719
pd-user_7973333
pd-user_7023399
pd-user_8904192
pd-user_7701632
pd-user_3364158
pd-user_7032523
pd-user_738892
pd-user_8948169
pd-user_9332570
pd-user_7539651
pd-user_7316242
pd-user_7156858
pd-user_2598220
pd-user_822556
pd-user_8437426
pd-user_2445378
pd-user_9421927
pd-user_1364846
pd-user_6855542
pd-user_4919263
pd-user_5150683
pd-user_7643852
pd-user_8368666
pd-user_3087765
pd-user_8187695
pd-user_15852
pd-user_1405918
pd-user_3758629
pd-user_2129325
pd-user_7380127
pd-user_2477212
pd-user_1465021
pd-user_9156613
pd-user_3856355
pd-user_6009789
pd-user_2460093
pd-user_5289560
pd-user_2896742
pd-user_7784264
pd-user_8747090
pd-user_1718670
pd-user_3430083
pd-user_2838416
pd-user_4267992
pd-user_389882
pd-user_943218
pd-user_2699105
pd-user_267712
pd-user_8368876
pd-user_6557890
pd-user_5077085
pd-user_6406789
pd-user_717362
pd-user_3779965
pd-user_473834
pd-user_6518926
pd-user_2275933
pd-user_2184685
pd-user_5264800
pd-user_7831507
pd-user_3793696
pd-user_119306
pd-user_2540810
pd-user_3285448
pd-user_5786620
pd-user_7762371
pd-user_4997249
pd-user_6022707
pd-user_5119119
pd-user_2302835
pd-user_2421105
pd-user_2135476
pd-user_9428576
pd-user_8870360
pd-user_2635765
pd-user_7765189
pd-user_5865344
pd-user_6819201
pd-user_6962622
pd-user_64268
pd-user_3817622
pd-user_970709
pd-user_5757666
pd-user_3511319
pd-user_6842856
pd-user_2508123
pd-user_7337621
pd-user_3294004
pd-user_1569704
pd-user_2539962
pd-user_5562465
pd-user_477029
pd-user_6012575
pd-user_1167305
pd-user_9900074
pd-user_2852200
pd-user_1557484
pd-user_8584772
pd-user_5358810
pd-user_6669023
pd-user_8993356
pd-user_1073864
pd-user_3434761
pd-user_6786110
pd-user_2271209
pd-user_886438
pd-user_6419532
pd-user_3734561
pd-user_4821377
pd-user_3554880
pd-user_8625701
pd-user_7140567
pd-user_1155150
pd-user_7620886
pd-user_9396343
pd-user_2309322
pd-user_1170567
pd-user_2638436
pd-user_6438070
pd-user_2413422
pd-user_9685517
pd-user_2524693
pd-user_8967896
pd-user_7524966
pd-user_8347708
pd-user_836087
pd-user_3154745
pd-user_1226585
pd-user_2498140
pd-user_5400744
pd-user_558984
pd-user_6581619
pd-user_1329305
pd-user_6813789
pd-user_4841853
pd-user_7056249
pd-user_3789554
pd-user_2507948
pd-user_5035060
pd-user_4379977
pd-user_1676841
pd-user_2308048
pd-user_6677772
pd-user_8220000
pd-user_7297840
pd-user_8040662
pd-user_2552025
pd-user_1088180
pd-user_3472599
pd-user_2511810
pd-user_9037614
pd-user_7391359
pd-user_6427155
pd-user_7526771
pd-user_2183844
pd-user_9058692
pd-user_6767909
pd-user_4893347
pd-user_5936740
pd-user_1359028
pd-user_9947191
pd-user_2358668
pd-user_5012180
pd-user_9067298
pd-user_1992731
pd-user_8642383
pd-user_2505588
pd-user_5944527
pd-user_1939452
pd-user_7625644
pd-user_4816759
pd-user_4156542
pd-user_5136558
pd-user_3917642
pd-user_1659409
pd-user_272953
pd-user_5398669
pd-user_9250348
pd-user_5559961
pd-user_7875530
pd-user_2329782
pd-user_1220536
pd-user_2457401
pd-user_3970567
pd-user_8290719
pd-user_2952791
pd-user_3283713
pd-user_1918253
pd-user_8968858
pd-user_1611313
pd-user_1668929
pd-user_4068044
pd-user_6223169
pd-user_1712762
pd-user_1779607
pd-user_4414503
pd-user_3684124
pd-user_8838561
pd-user_8616462
pd-user_3937564
pd-user_1385300
pd-user_1070931
pd-user_6796863
pd-user_7814988
pd-user_5979120
pd-user_921730
pd-user_3962852
pd-user_4885170
pd-user_2370467
pd-user_9867153
pd-user_6701708
pd-user_2444243
pd-user_9509851
pd-user_9916906
pd-user_9898887
pd-user_7977317
pd-user_9822445
pd-user_3488788
pd-user_8125583
pd-user_1766276
pd-user_1670847
pd-user_9212281
pd-user_537879
pd-user_7958561
pd-user_1671880
pd-user_6832244
pd-user_9010869
pd-user_9382132
pd-user_5690698
pd-user_6319988
pd-user_5698209
pd-user_3020287
pd-user_7803434
pd-user_1639877
pd-user_5309265
pd-user_9799120
pd-user_4589229
pd-user_2088467
pd-user_1007088
pd-user_9420575
pd-user_7589086
pd-user_8837148
pd-user_6419522
pd-user_9322953
pd-user_7498994
pd-user_7118088
pd-user_3257500
pd-user_8882029
pd-user_8329152
pd-user_6705832
pd-user_1956355
pd-user_7495961
pd-user_7619050
pd-user_9593930
pd-user_248839
pd-user_5694625
pd-user_2637611
pd-user_7395291
pd-user_5896926
pd-user_9872860
pd-user_5638178
pd-user_6886682
pd-user_9162285
pd-user_6031090
pd-user_8785722
pd-user_5682227
pd-user_7110091
pd-user_6652454
pd-user_6500508
pd-user_1811823
pd-user_1044444
pd-user_6827360
pd-user_6481960
pd-user_5511016
pd-user_9412953
pd-user_257597
pd-user_4232310
pd-user_6134271
pd-user_8888769
pd-user_6768337
pd-user_8361905
pd-user_9627692
pd-user_9141334
pd-user_1168801
pd-user_8414743
pd-user_963270
pd-user_7019667
pd-user_2672942
pd-user_2788129
pd-user_3922245
pd-user_4125494
pd-user_9491764
pd-user_4031600
pd-user_6109265
pd-user_7044747
pd-user_1116351
pd-user_6514195
pd-user_2434464
pd-user_135382
pd-user_3562925
pd-user_4854015
pd-user_3741537
pd-user_3885840
pd-user_2496513
pd-user_4536563
pd-user_7836443
pd-user_192087
pd-user_8658775
pd-user_2463756
pd-user_1298781
pd-user_2299053
pd-user_614910
pd-user_7648274
pd-user_9103949
pd-user_326861
pd-user_2138473
pd-user_266473
pd-user_5658094
pd-user_6699522
pd-user_5423362
pd-user_577700
pd-user_6585480
pd-user_6721148
pd-user_2394502
pd-user_3367357
pd-user_3378920
pd-user_3879126
pd-user_5731709
pd-user_5389360
pd-user_3214148
pd-user_3003666
pd-user_5059465
pd-user_5672067
pd-user_8839744
pd-user_2623859
pd-user_5058028
pd-user_2278660
pd-user_7652528
pd-user_5992846
pd-user_3201824
pd-user_3230485
pd-user_7391745
pd-user_7361827
pd-user_3619718
pd-user_2207346
pd-user_6134713
pd-user_6133408
pd-user_1563555
pd-user_6871890
pd-user_9542894
pd-user_8902764
pd-user_6839604
pd-user_5467355
pd-user_1060358
pd-user_3308872
pd-user_311820
pd-user_9439809
pd-user_4750401
pd-user_7726881
pd-user_6966784
pd-user_1762785
pd-user_3561808
pd-user_9902717
pd-user_8004742
pd-user_1769183
pd-user_4553944
pd-user_4713239
pd-user_2904941
pd-user_6209744
pd-user_8648879
pd-user_4014151
pd-user_4272461
pd-user_8487758
pd-user_4137616
pd-user_4529035
pd-user_238928
pd-user_8710041
pd-user_5593845
pd-user_6050420
pd-user_1530595
pd-user_8500674
pd-user_4227110
pd-user_4303595
pd-user_6669809
pd-user_7765412
pd-user_8415176
pd-user_3400457
pd-user_4410724
pd-user_3065706
pd-user_1780058
pd-user_9525172
pd-user_5562114
pd-user_5090679
pd-user_1371217
pd-user_8783258
pd-user_6238961
pd-user_4134230
pd-user_4576101
pd-user_770566
pd-user_2473593
pd-user_4638349
pd-user_5092729
pd-user_1924748
pd-user_4820684
pd-user_954042
pd-user_1645216
pd-user_1306517
pd-user_5058979
pd-user_4836083
pd-user_6808735
pd-user_8252129
pd-user_5368139
pd-user_6128170
pd-user_7420189
pd-user_3821291
pd-user_4900370
pd-user_1609225
pd-user_781248
pd-user_9914874
pd-user_4613055
pd-user_1893561
pd-user_5881382
pd-user_9843832
pd-user_9697146
pd-user_867312
pd-user_4538629
pd-user_9175977
pd-user_9481496
pd-user_7598936
pd-user_9817566
pd-user_8943800
pd-user_6756859
pd-user_9705223
pd-user_7622498
pd-user_739425
pd-user_8079300
pd-user_1729985
pd-user_7083687
pd-user_6100591
pd-user_4072343
pd-user_5981539
pd-user_4546181
pd-user_9609076
pd-user_9279873
pd-user_2410146
pd-user_8741181
pd-user_1096615
pd-user_4308979
pd-user_196323
pd-user_7724407
pd-user_1030073
pd-user_6538413
pd-user_3407782
pd-user_4997795
pd-user_6621460
pd-user_6853297
pd-user_8371143
pd-user_7483059
pd-user_8755449
pd-user_4421723
pd-user_1452592
pd-user_1950696
pd-user_7368223
pd-user_9118793
pd-user_4946363
pd-user_4145778
pd-user_3682584
pd-user_3507142
pd-user_6053834
pd-user_5555844
pd-user_7087713
pd-user_6275957
pd-user_6793784
pd-user_8241482
pd-user_2530850
pd-user_1352220
pd-user_1801111
pd-user_3047323
pd-user_6618425
pd-user_3683903
pd-user_3566651
pd-user_6025865
pd-user_1317728
pd-user_3735198
pd-user_3817141
pd-user_815874
pd-user_6777283
pd-user_5226103
pd-user_552044
pd-user_7199206
pd-user_472767
pd-user_7401072
pd-user_4753044
pd-user_1893273
pd-user_1225606
pd-user_3233488
pd-user_6076247
pd-user_5787055
pd-user_6393644
pd-user_9045776
pd-user_2088208
pd-user_887319
pd-user_6068762
pd-user_3043375
pd-user_544362
pd-user_9533484
pd-user_5761815
pd-user_8869036
pd-user_5611617
pd-user_8454665
pd-user_5345261
pd-user_7722697
pd-user_4457406
pd-user_3344636
pd-user_2639120
pd-user_8693790
pd-user_9098398
pd-user_64309
pd-user_2829714
pd-user_3557077
pd-user_5641461
pd-user_4471870
pd-user_8010996
pd-user_7564092
pd-user_7974006
pd-user_9554602
pd-user_3822558
pd-user_8036425
pd-user_7997356
pd-user_8593396
pd-user_720888
pd-user_5834515
pd-user_5072199
pd-user_2056138
pd-user_8626101
pd-user_8595285
pd-user_5476567
pd-user_190479
pd-user_2501907
pd-user_5657009
pd-user_9357860
pd-user_2390551
pd-user_6944921
pd-user_3523954
pd-user_2398239
pd-user_3454029
pd-user_1018320
pd-user_987651
pd-user_1191661
pd-user_5797641
pd-user_9539639
pd-user_9464830
pd-user_2257991
pd-user_3350560
pd-user_8422380
pd-user_4894427
pd-user_4786321
pd-user_4899453
pd-user_4539096
pd-user_7717882
pd-user_9607157
pd-user_8499832
pd-user_3050639
pd-user_2625624
pd-user_8636482
pd-user_7212602
pd-user_3672161
pd-user_6267969
pd-user_9296826
pd-user_1663828
pd-user_8880691
pd-user_4939940
pd-user_4332359
pd-user_1515948
pd-user_1072688
pd-user_8162940
pd-user_1391109
pd-user_6455248
pd-user_4721308
pd-user_4035146
pd-user_3537473
pd-user_4154410
pd-user_6622022
pd-user_9210783
pd-user_6604442
pd-user_4393807
pd-user_1037406
pd-user_1706388
pd-user_9571337
pd-user_8520641
pd-user_2743614
pd-user_2557755
pd-user_2000789
pd-user_2911401
pd-user_2753574
pd-user_8486517
pd-user_2121332
pd-user_2471344
pd-user_9437398
pd-user_9061672
pd-user_4868922
pd-user_4058082
pd-user_8440386
pd-user_8359403
pd-user_4120536
pd-user_8222823
pd-user_8201430
pd-user_2092226
pd-user_7039478
pd-user_1333781
pd-user_1343008
pd-user_4904309
pd-user_1597400
pd-user_4713971
pd-user_2633519
pd-user_8585138
pd-user_6411876
pd-user_3440550
pd-user_5849624
pd-user_2336796
pd-user_7784867
pd-user_3416840
pd-user_6771425
pd-user_5306560
pd-user_3619001
pd-user_5702021
pd-user_314056
pd-user_5458191
pd-user_4608770
pd-user_7094964
pd-user_3429783
pd-user_6748099
pd-user_2152205
pd-user_6908960
pd-user_2694043
pd-user_8165376
pd-user_5482038
pd-user_4573152
pd-user_257395
pd-user_6295487
pd-user_2524233
pd-user_6503163
pd-user_4338198
pd-user_3741492
pd-user_1014412
pd-user_2332194
pd-user_2331469
pd-user_3556940
pd-user_7670497
pd-user_635593
pd-user_1143474
pd-user_750335
pd-user_1884970
pd-user_5111762
pd-user_123777
pd-user_2536189
pd-user_6390118
pd-user_9500721
pd-user_9674090
pd-user_1374560
pd-user_1171375
pd-user_1805883
pd-user_5598859
pd-user_9292249
pd-user_9070359
pd-user_9223229
pd-user_8293915
pd-user_3978819
pd-user_2415155
pd-user_2851233
pd-user_5007028
pd-user_2424716
pd-user_1565340
pd-user_1063654
pd-user_7488058
pd-user_867191
pd-user_8432248
pd-user_5584968
pd-user_8960054
pd-user_2595852
pd-user_8020471
pd-user_6641762
pd-user_3316750
pd-user_217276
pd-user_9705801
pd-user_3797572
pd-user_9101201
pd-user_7074402
pd-user_6465747
pd-user_5105482
pd-user_3250585
pd-user_8229524
pd-user_5451819
pd-user_2320240
pd-user_4745041
pd-user_1051681
pd-user_7579399
pd-user_1954521
pd-user_2337472
pd-user_7876378
pd-user_914042
pd-user_3967486
pd-user_7110663
pd-user_3768682
pd-user_7555825
pd-user_7915787
pd-user_563682
pd-user_3372085
pd-user_5611540
pd-user_4970193
pd-user_2488568
pd-user_4377809
pd-user_1361034
pd-user_9643228
pd-user_9228495
pd-user_2941989
pd-user_2436062
pd-user_2725428
pd-user_9365219
pd-user_7130895
pd-user_5052151
pd-user_9414049
pd-user_5106937
pd-user_2469039
pd-user_8787109
pd-user_8474542
pd-user_7639238
pd-user_2221139
pd-user_5051271
pd-user_9628299
pd-user_8786536
pd-user_6430257
pd-user_5183245
pd-user_6113198
pd-user_1057624
pd-user_958193
pd-user_3823546
pd-user_7054721
pd-user_9059864
pd-user_911752
pd-user_5727172
pd-user_2284449
pd-user_6281179
pd-user_3292840
pd-user_1209091
pd-user_4430543
pd-user_708022
pd-user_6651326
pd-user_7699811
pd-user_3476437
pd-user_2814053
pd-user_3265217
pd-user_2033402
pd-user_1352091
pd-user_2529264
pd-user_6175889
pd-user_928720
pd-user_3978438
pd-user_394376
pd-user_5769421
pd-user_7764889
pd-user_5471652
pd-user_7196264
pd-user_8380816
pd-user_4212399
pd-user_4087784
pd-user_5671973
pd-user_1410776
pd-user_6149227
pd-user_1284201
pd-user_5906500
pd-user_6471313
pd-user_7410505
pd-user_9175543
pd-user_209932
pd-user_3304864
pd-user_9531371
pd-user_9678306
pd-user_1999759
pd-user_5765763
pd-user_7316327
pd-user_7020630
pd-user_2908007
pd-user_6385628
pd-user_6223761
pd-user_2454351
pd-user_5791765
pd-user_3061551
pd-user_8204999
pd-user_5572725
pd-user_3373636
pd-user_2367264
pd-user_7881364
pd-user_4750580
pd-user_8181572
pd-user_6875782
pd-user_7189430
pd-user_522535
pd-user_5829009
pd-user_1171064
pd-user_8229819
pd-user_6588747
pd-user_6149940
pd-user_4705631
pd-user_4666071
pd-user_1977334
pd-user_6225465
pd-user_4720627
pd-user_7431049
pd-user_854771
pd-user_9978620
pd-user_3782693
pd-user_2467556
pd-user_1756003
pd-user_3789109
pd-user_728406
pd-user_2097337
pd-user_5922866
pd-user_1581841
pd-user_8639836
pd-user_9281171
pd-user_9305877
pd-user_3473793
pd-user_1463169
pd-user_923510
pd-user_3714880
pd-user_5147917
pd-user_3188015
pd-user_1651807
pd-user_2833020
pd-user_7534203
pd-user_5788243
pd-user_2957464
pd-user_1683548
pd-user_8762751
pd-user_8653191
pd-user_7791987
pd-user_9156100
pd-user_5110623
pd-user_3474531
pd-user_140969
pd-user_4262888
pd-user_4189396
pd-user_6720642
pd-user_9501690
pd-user_3352347
pd-user_8096309
pd-user_3092083
pd-user_8157832
pd-user_7045815
pd-user_54749
pd-user_6393693
pd-user_1547107
pd-user_6262668
pd-user_1452422
pd-user_8323785
pd-user_1780815
pd-user_9689783
pd-user_7201589
pd-user_9027238
pd-user_2011488
pd-user_9960219
pd-user_9126519
pd-user_3763865
pd-user_8532822
pd-user_4161277
pd-user_3520255
pd-user_4481621
pd-user_6963545
pd-user_5739941
pd-user_5492311
pd-user_5586225
pd-user_6090876
pd-user_6280132
pd-user_4227077
pd-user_9090292
pd-user_9008340
pd-user_4575438
pd-user_1479170
pd-user_442734
pd-user_4745378
pd-user_9672051
pd-user_4592641
pd-user_3337629
pd-user_282746
pd-user_7193034
pd-user_4609356
pd-user_2870551
pd-user_943044
pd-user_7115824
pd-user_1977494
pd-user_7035125
pd-user_6448591
pd-user_4470678
pd-user_4397610
pd-user_3153128
pd-user_4187656
pd-user_6185034
pd-user_9288098
pd-user_8283766
pd-user_7920490
pd-user_6144870
pd-user_9724199
pd-user_8702593
pd-user_1033347
pd-user_1238212
pd-user_8884886
pd-user_5992412
pd-user_8502542
pd-user_3744152
pd-user_4577826
pd-user_9197010
pd-user_8696706
pd-user_7100659
pd-user_7628022
pd-user_1859412
pd-user_6236722
pd-user_3789844
pd-user_8004039
pd-user_4838959
pd-user_758149
pd-user_9728432
pd-user_9317178
pd-user_2542984
pd-user_3660124
pd-user_5405143
pd-user_8526625
pd-user_6916804
pd-user_4312013
pd-user_1042365
pd-user_7183203
pd-user_5588813
pd-user_638043
pd-user_3328924
pd-user_2294405
pd-user_5236266
pd-user_9100807
pd-user_6035801
pd-user_4002184
pd-user_4499718
pd-user_8819077
pd-user_6600341
pd-user_5808084
pd-user_1111557
pd-user_1365114
pd-user_9375006
pd-user_284884
pd-user_2818062
pd-user_225626
pd-user_4182217
pd-user_181686
pd-user_3345722
pd-user_1467475
pd-user_3626409
pd-user_3353214
pd-user_6493313
pd-user_5945703
pd-user_7064269
pd-user_2539553
pd-user_1941604
pd-user_4827505
pd-user_5988997
pd-user_7270177
pd-user_3371573
pd-user_1696177
pd-user_7573358
pd-user_7200702
pd-user_8797156
pd-user_553951
pd-user_316994
pd-user_3102423
pd-user_7158257
pd-user_8380994
pd-user_147587
pd-user_6647220
pd-user_5843760
pd-user_5181464
pd-user_3135379
pd-user_2105219
pd-user_5732890
pd-user_9034317
pd-user_9042295
pd-user_7417412
pd-user_6386890
pd-user_2568607
pd-user_6512549
pd-user_6818365
pd-user_6337393
pd-user_5828025
pd-user_109665
pd-user_5217382
pd-user_5060092
pd-user_1572488
pd-user_2167376
pd-user_3484117
pd-user_8968479
pd-user_2576906
pd-user_1454932
pd-user_1310015
pd-user_5126375
pd-user_6381952
pd-user_5602805
pd-user_102519
pd-user_5495514
pd-user_2917632
pd-user_6859368
pd-user_1530844
pd-user_3207600
pd-user_256451
pd-user_8102884
pd-user_9849160
pd-user_5377760
pd-user_5620782
pd-user_760708
pd-user_5596172
pd-user_6344364
pd-user_2995791
pd-user_4623016
pd-user_2682242
pd-user_615085
pd-user_5719385
pd-user_1907480
pd-user_2051639
pd-user_8419284
pd-user_9769888
pd-user_284789
pd-user_223710
pd-user_439704
pd-user_4381680
pd-user_4465996
pd-user_6003246
pd-user_7224188
pd-user_4682380
pd-user_5707549
pd-user_9994761
pd-user_7087391
pd-user_5522447
pd-user_8346058
pd-user_7754637
pd-user_1685889
pd-user_5927224
pd-user_1212649
pd-user_818948
pd-user_3897571
pd-user_4894799
pd-user_6478685
pd-user_5790063
pd-user_7326570
pd-user_3954711
pd-user_4289786
pd-user_94021
pd-user_6104197
pd-user_8117509
pd-user_1134182
pd-user_5818809
pd-user_5500760
pd-user_4899286
pd-user_6415134
pd-user_6285229
pd-user_4022451
pd-user_4331489
pd-user_1197912
pd-user_1680894
pd-user_4445202
pd-user_7129857
pd-user_7512695
pd-user_4801014
pd-user_8366168
pd-user_5251264
pd-user_8896394
pd-user_8006139
pd-user_3365685
pd-user_6873115
pd-user_1402065
pd-user_1135199
pd-user_924580
pd-user_3466483
pd-user_9413340
pd-user_6982157
pd-user_5451149
pd-user_8634302
pd-user_3891565
pd-user_3570866
pd-user_7774795
pd-user_8091453
pd-user_9489428
pd-user_9748311
pd-user_4673812
pd-user_1574327
pd-user_3223746
pd-user_7324661
pd-user_7878900
pd-user_8108551
pd-user_8596135
pd-user_3598266
pd-user_1222287
pd-user_5763796
pd-user_6940789
pd-user_4043088
pd-user_2493631
pd-user_1809950
pd-user_4256173
pd-user_3479572
pd-user_7429371
pd-user_494580
pd-user_9078549
pd-user_5301746
pd-user_5484826
pd-user_6386395
pd-user_3555949
pd-user_6217781
pd-user_4752959
pd-user_7027343
pd-user_2292298
pd-user_3514067
pd-user_8893497
pd-user_9319898
pd-user_9072692
pd-user_1582134
pd-user_3795969
pd-user_9976366
pd-user_1576278
pd-user_8162352
pd-user_5377552
pd-user_423468
pd-user_503861
pd-user_9122915
pd-user_8783252
pd-user_4308233
pd-user_8652828
pd-user_2633039
pd-user_1694780
pd-user_5504212
pd-user_5425030
pd-user_2692994
pd-user_6876439
pd-user_3954004
pd-user_2029372
pd-user_2846219
pd-user_3001079
pd-user_999325
pd-user_8650851
pd-user_7528326
pd-user_8132686
pd-user_1006453
pd-user_6617074
pd-user_8743629
pd-user_9464828
pd-user_7992793
pd-user_3532907
pd-user_6039854
pd-user_9040709
pd-user_9590586
pd-user_1881519
pd-user_1691339
pd-user_6335491
pd-user_218955
pd-user_7427041
pd-user_7740642
pd-user_4545848
pd-user_8545965
pd-user_1288125
pd-user_8412610
pd-user_6763576
pd-user_1490632
pd-user_9080187
pd-user_9582516
pd-user_170983
pd-user_3309132
pd-user_7080061
pd-user_4433093
pd-user_2491425
pd-user_7584404
pd-user_8475120
pd-user_5424100
pd-user_1650449
pd-user_6781289
pd-user_7908208
pd-user_4352724
pd-user_294066
pd-user_1035965
pd-user_1038743
pd-user_9655384
pd-user_6582779
pd-user_1221755
pd-user_9514993
pd-user_7154336
pd-user_9017197
pd-user_2848648
pd-user_4574562
pd-user_6980348
pd-user_6260955
pd-user_4308889
pd-user_9366513
pd-user_9732622
pd-user_2785568
pd-user_2163860
pd-user_6085
pd-user_7754443
pd-user_7105713
pd-user_4785077
pd-user_7064435
pd-user_5075730
pd-user_1845087
pd-user_4119350
pd-user_3141375
pd-user_5164749
pd-user_5529641
pd-user_1211566
pd-user_9375547
pd-user_5129086
pd-user_1196881
pd-user_3314872
pd-user_4808245
pd-user_4118923
pd-user_2002128
pd-user_6444517
pd-user_355831
pd-user_4039703
pd-user_6636811
pd-user_2394189
pd-user_1250598
pd-user_4739819
pd-user_1351665
pd-user_6043109
pd-user_5034196
pd-user_3148307
pd-user_4641103
pd-user_9212867
pd-user_3260707
pd-user_4582665
pd-user_6553915
pd-user_9578416
pd-user_1032691
pd-user_3386763
pd-user_3530997
pd-user_882446
pd-user_3256341
pd-user_599257
pd-user_4483140
pd-user_2898369
pd-user_2118415
pd-user_6706503
pd-user_44776
pd-user_493088
pd-user_1666824
pd-user_1283625
pd-user_8030906
pd-user_3452993
pd-user_6991130
pd-user_9462139
pd-user_9288948
pd-user_6145299
pd-user_1623696
pd-user_8627943
pd-user_6447713
pd-user_3585329
pd-user_3624054
pd-user_5751946
pd-user_9694687
pd-user_7285324
pd-user_1269325
pd-user_5441673
pd-user_4751972
pd-user_7465475
pd-user_642487
pd-user_7430645
pd-user_5420088
pd-user_4525453
pd-user_4547033
pd-user_1668833
pd-user_7266503
pd-user_4865270
pd-user_8950587
pd-user_8231237
pd-user_1055292
pd-user_9328360
pd-user_9422029
pd-user_7428961
pd-user_3877559
pd-user_6191090
pd-user_1548936
pd-user_6844399
pd-user_5801796
pd-user_1154336
pd-user_2938119
pd-user_9933008
pd-user_7120804
pd-user_4777643
pd-user_8508550
pd-user_9195811
pd-user_9484876
pd-user_4089054
pd-user_8988295
pd-user_5705877
pd-user_7884997
pd-user_8203035
pd-user_4126203
pd-user_7146200
pd-user_2889935
pd-user_3815094
pd-user_4871561
pd-user_4704015
pd-user_6519385
pd-user_7695870
pd-user_9225893
pd-user_7262080
pd-user_9181872
pd-user_6727341
pd-user_3545812
pd-user_7307180
pd-user_7338454
pd-user_1546752
pd-user_2355923
pd-user_2497415
pd-user_9180274
pd-user_7449565
pd-user_515751
pd-user_7124301
pd-user_2917230
pd-user_6029958
pd-user_9297410
pd-user_4346567
pd-user_8442355
pd-user_161247
pd-user_4848956
pd-user_8485395
pd-user_5588058
pd-user_4032269
pd-user_6994449
pd-user_1022288
pd-user_1032944
pd-user_8666365
pd-user_4261717
pd-user_4474616
pd-user_5629493
pd-user_5152864
pd-user_2526909
pd-user_8411458
pd-user_8801466
pd-user_8629193
pd-user_7797784
pd-user_7911517
pd-user_5814348
pd-user_7971923
pd-user_3416821
pd-user_6543563
pd-user_8901291
pd-user_215526
pd-user_6559055
pd-user_8891329
pd-user_1140941
pd-user_9864727
pd-user_4257702
pd-user_5234898
pd-user_4018440
pd-user_2529182
pd-user_4456027
pd-user_2886550
pd-user_3369792
pd-user_23603
pd-user_3085320
pd-user_9623328
pd-user_2570529
pd-user_6600680
pd-user_2524892
pd-user_8058226
pd-user_1388538
pd-user_8110660
pd-user_6585240
pd-user_3502865
pd-user_2608171
pd-user_6217856
pd-user_8849648
pd-user_1505590
pd-user_2495152
pd-user_2052496
pd-user_1068320
pd-user_7444058
pd-user_5689868
pd-user_3185024
pd-user_708160
pd-user_4081033
pd-user_6174979
pd-user_969475
pd-user_1614522
pd-user_4448082
pd-user_9729495
pd-user_3091277
pd-user_8707938
pd-user_9634156
pd-user_9297715
pd-user_2952575
pd-user_5465326
pd-user_454720
pd-user_487053
pd-user_9681601
pd-user_8844881
pd-user_3185873
pd-user_6109911
pd-user_1791198
pd-user_9265384
pd-user_6976626
pd-user_8424273
pd-user_6246350
pd-user_1873777
pd-user_5872868
pd-user_8038921
pd-user_2518424
pd-user_9875199
pd-user_4636773
pd-user_8722242
pd-user_4978359
pd-user_3605049
pd-user_5377711
pd-user_1194910
pd-user_6673359
pd-user_4726201
pd-user_3672960
pd-user_1552518
pd-user_8212954
pd-user_6343559
pd-user_6833120
pd-user_9571338
pd-user_166625
pd-user_4380777
pd-user_3750348
pd-user_4308535
pd-user_9883332
pd-user_3821213
pd-user_7882068
pd-user_5701221
pd-user_836259
pd-user_9138622
pd-user_3851861
pd-user_3370107
pd-user_1696514
pd-user_7677115
pd-user_8445704
pd-user_8449147
pd-user_4102244
pd-user_1768824
pd-user_1186610
pd-user_3883063
pd-user_868835
pd-user_7562558
pd-user_7349048
pd-user_4564126
pd-user_4648267
pd-user_6435464
pd-user_3101967
pd-user_6928766
pd-user_8479763
pd-user_1380064
pd-user_2806604
pd-user_8582274
pd-user_493434
pd-user_9971111
pd-user_4400676
pd-user_6225530
pd-user_5869064
pd-user_5946952
pd-user_1276014
pd-user_3980432
pd-user_5871068
pd-user_3206298
pd-user_11638
pd-user_1725906
pd-user_3213648
pd-user_5153728
pd-user_689277
pd-user_8897430
pd-user_5583707
pd-user_3251929
pd-user_2607660
pd-user_8827414
pd-user_3193444
pd-user_1464487
pd-user_3727880
pd-user_473066
pd-user_6432066
pd-user_7055002
pd-user_9869873
pd-user_4437189
pd-user_8187450
pd-user_688122
pd-user_5772710
pd-user_7532081
pd-user_3173753
pd-user_5114184
pd-user_7505804
pd-user_4403110
pd-user_5866323
pd-user_1526847
pd-user_5897273
pd-user_716922
pd-user_5519653
pd-user_8537385
pd-user_6691620
pd-user_8120874
pd-user_5006
pd-user_1318659
pd-user_8255386
pd-user_5414894
pd-user_2930791
pd-user_8934095
pd-user_9049294
pd-user_5719162
pd-user_7550601
pd-user_1847006
pd-user_1585922
pd-user_502873
pd-user_9091349
pd-user_7303461
pd-user_3776818
pd-user_1295802
pd-user_2959198
pd-user_5300069
pd-user_6021468
pd-user_9962199
pd-user_2088864
pd-user_9567868
pd-user_8545498
pd-user_8366850
pd-user_6816120
pd-user_6553213
pd-user_109844
pd-user_1303150
pd-user_8812236
pd-user_9513377
pd-user_2523505
pd-user_3017588
pd-user_7346983
pd-user_235416
pd-user_9610472
pd-user_3372643
pd-user_8387994
pd-user_1266702
pd-user_6848974
pd-user_2551372
pd-user_1445870
pd-user_6986458
pd-user_8616416
pd-user_731290
pd-user_5193194
pd-user_2003000
pd-user_7758001
pd-user_3784591
pd-user_4871136
pd-user_9791988
pd-user_5480197
pd-user_4869425
pd-user_1116270
pd-user_513587
pd-user_7858307
pd-user_5333253
pd-user_23327
pd-user_6797609
pd-user_8386373
pd-user_5418115
pd-user_6858710
pd-user_8914843
pd-user_808250
pd-user_9927338
pd-user_5856991
pd-user_7352146
pd-user_4624502
pd-user_7360070
pd-user_2706255
pd-user_3816196
pd-user_1005558
pd-user_2870556
pd-user_1085163
pd-user_6255206
pd-user_9235023
pd-user_396311
pd-user_5163495
pd-user_1740031
pd-user_1810099
pd-user_7154900
pd-user_945325
pd-user_5466019
pd-user_6531058
pd-user_6256124
pd-user_5571878
pd-user_1864753
pd-user_39274
pd-user_6614452
pd-user_3490548
pd-user_1807734
pd-user_7996198
pd-user_6560098
pd-user_3709695
pd-user_9568380
pd-user_4941926
pd-user_9250095
pd-user_8499889
pd-user_3649171
pd-user_4949270
pd-user_7176134
pd-user_9427442
pd-user_8217587
pd-user_7980308
pd-user_1613918
pd-user_3499986
pd-user_8283473
pd-user_4877452
pd-user_8095556
pd-user_9666165
pd-user_1331492
pd-user_6690187
pd-user_3848263
pd-user_2503670
pd-user_1655965
pd-user_959418
pd-user_3285437
pd-user_4519476
pd-user_5677707
pd-user_640614
pd-user_478206
pd-user_7331193
pd-user_7619883
pd-user_1837245
pd-user_2399845
pd-user_3896395
pd-user_5308051
pd-user_4294483
pd-user_4565406
pd-user_9056828
pd-user_6163370
pd-user_5347628
pd-user_8671833
pd-user_8997512
pd-user_1396117
pd-user_8726274
pd-user_8790742
pd-user_8406543
pd-user_4548905
pd-user_4415296
pd-user_6501996
pd-user_2669625
pd-user_6006085
pd-user_7611509
pd-user_2038203
pd-user_773924
pd-user_5154196
pd-user_7687266
pd-user_6779057
pd-user_7332462
pd-user_4280831
pd-user_8237082
pd-user_5847218
pd-user_1727458
pd-user_5552343
pd-user_7480289
pd-user_579151
pd-user_5780778
pd-user_7586353
pd-user_2425070
pd-user_5209443
pd-user_1471927
pd-user_2999486
pd-user_419164
pd-user_9769955
pd-user_9773916
pd-user_6567767
pd-user_3813956
pd-user_9945595
pd-user_9888528
pd-user_6712623
pd-user_1490116
pd-user_6842801
pd-user_6405589
pd-user_9701986
pd-user_156241
pd-user_9035946
pd-user_5599370
pd-user_9568013
pd-user_9734432
pd-user_5111880
pd-user_2146880
pd-user_8398171
pd-user_3831801
pd-user_9944077
pd-user_7546618
pd-user_6094074
pd-user_4904284
pd-user_2379482
pd-user_9548857
pd-user_7770538
pd-user_5945546
pd-user_1621544
pd-user_9891656
pd-user_49338
pd-user_9800950
pd-user_2312973
pd-user_6114955
pd-user_6547762
pd-user_7040010
pd-user_2347061
pd-user_9067934
pd-user_3604751
pd-user_9886087
pd-user_3207098
pd-user_4471320
pd-user_8720628
pd-user_9465913
pd-user_2161339
pd-user_4976158
pd-user_2264066
pd-user_114848
pd-user_1315011
pd-user_181350
pd-user_10801
pd-user_5649972
pd-user_5321319
pd-user_1795000
pd-user_7009147
pd-user_6050894
pd-user_6595326
pd-user_2460088
pd-user_9048259
pd-user_3493630
pd-user_6148753
pd-user_9796920
pd-user_6848666
pd-user_1314223
pd-user_5550591
pd-user_2990188
pd-user_1008922
pd-user_1176252
pd-user_6921644
pd-user_8552606
pd-user_6556120
pd-user_6831931
pd-user_3552101
pd-user_8282515
pd-user_3514703
pd-user_4893941
pd-user_4626587
pd-user_2606796
pd-user_8346909
pd-user_3575486
pd-user_7307461
pd-user_4790803
pd-user_7073953
pd-user_1427941
pd-user_1901924
pd-user_1184446
pd-user_7059953
pd-user_269041
pd-user_5075992
pd-user_8541267
pd-user_9546569
pd-user_2743314
pd-user_8893501
pd-user_4704403
pd-user_3495427
pd-user_2861610
pd-user_5405898
pd-user_7349437
pd-user_4563111
pd-user_3746250
pd-user_3861398
pd-user_9536064
pd-user_7035015
pd-user_5009299
pd-user_9675838
pd-user_128326
pd-user_8937515
pd-user_3688582
pd-user_3956344
pd-user_3298021
pd-user_4204164
pd-user_9715917
pd-user_6959320
pd-user_4509966
pd-user_4678016
pd-user_6477984
pd-user_7064844
pd-user_1941431
pd-user_3374987
pd-user_3507848
pd-user_836972
pd-user_8699097
pd-user_3247814
pd-user_8082287
pd-user_9463760
pd-user_9882857
pd-user_3511481
pd-user_9767281
pd-user_6038499
pd-user_5524246
pd-user_8742877
pd-user_3134392
pd-user_5366971
pd-user_4054404
pd-user_6319053
pd-user_1335098
pd-user_6592549
pd-user_9776219
pd-user_8131132
pd-user_386623
pd-user_8192024
pd-user_2875234
pd-user_327565
pd-user_9401139
pd-user_1684628
pd-user_8709517
pd-user_3965223
pd-user_9066708
pd-user_3939569
pd-user_5366299
pd-user_6539479
pd-user_6459902
pd-user_6062460
pd-user_9341644
pd-user_8754545
pd-user_5581387
pd-user_5051917
pd-user_1417047
pd-user_3255994
pd-user_3728392
pd-user_3791214
pd-user_7802149
pd-user_2731100
pd-user_3061516
pd-user_4873554
pd-user_7026211
pd-user_7121642
pd-user_2826231
pd-user_6553142
pd-user_150296
pd-user_9812181
pd-user_6735757
pd-user_6084889
pd-user_2757643
pd-user_7114635
pd-user_8155710
pd-user_769969
pd-user_5989970
pd-user_6742781
pd-user_5321604
pd-user_2853368
pd-user_6553770
pd-user_9103079
pd-user_1417862
pd-user_6626416
pd-user_6085895
pd-user_9660021
pd-user_5178874
pd-user_1217016
pd-user_239645
pd-user_8797913
pd-user_1049583
pd-user_9688148
pd-user_2091307
pd-user_4172570
pd-user_2790968
pd-user_4046132
pd-user_4506441
pd-user_7742048
pd-user_4077315
pd-user_2376149
pd-user_4160474
pd-user_8622154
pd-user_9801393
pd-user_2696197
pd-user_2328018
pd-user_3110303
pd-user_9281934
pd-user_6039262
pd-user_1200222
pd-user_9695643
pd-user_7310654
pd-user_7220460
pd-user_4676670
pd-user_1574337
pd-user_6887143
pd-user_3269389
pd-user_7637587
pd-user_3809833
pd-user_456044
pd-user_1374993
pd-user_6236349
pd-user_4100498
pd-user_4070061
pd-user_3843589
pd-user_9056418
pd-user_6592399
pd-user_9339355
pd-user_1474507
pd-user_3769339
pd-user_5570170
pd-user_3328242
pd-user_4837875
pd-user_1484324
pd-user_666780
pd-user_102356
pd-user_4599696
pd-user_8752049
pd-user_230549
pd-user_8958738
pd-user_89133
pd-user_4460970
pd-user_1299027
pd-user_6088462
pd-user_9221154
pd-user_3897888
pd-user_1807147
pd-user_3896310
pd-user_7818687
pd-user_2667390
pd-user_5769569
pd-user_9512360
pd-user_6512274
pd-user_7598974
pd-user_3046137
pd-user_9417472
pd-user_7643863
pd-user_4372762
pd-user_7713592
pd-user_4322599
pd-user_8855894
pd-user_415408
pd-user_620386
pd-user_9423940
pd-user_3129951
pd-user_360344
pd-user_2813630
pd-user_547037
pd-user_3561461
pd-user_2396861
pd-user_6481260
pd-user_6910380
pd-user_1676750
pd-user_519578
pd-user_3692163
pd-user_6127739
pd-user_8830629
pd-user_4545660
pd-user_3840082
pd-user_2279999
pd-user_9454849
pd-user_879046
pd-user_9997853
pd-user_566551
pd-user_960320
pd-user_8475998
pd-user_2667400
pd-user_9092261
pd-user_6778552
pd-user_4286829
pd-user_5272201
pd-user_9814610
pd-user_5790805
pd-user_7399854
pd-user_7070363
pd-user_8732125
pd-user_5211040
pd-user_1931036
pd-user_1269389
pd-user_1995376
pd-user_3595779
pd-user_1856485
pd-user_7697364
pd-user_1247962
pd-user_2681467
pd-user_6959925
pd-user_8990804
pd-user_3812433
pd-user_3198056
pd-user_4718540
pd-user_8613373
pd-user_3373188
pd-user_5496047
pd-user_8036839
pd-user_6543547
pd-user_7849570
pd-user_9473447
pd-user_747098
pd-user_4698120
pd-user_7767376
pd-user_9597250
pd-user_7230739
pd-user_6318881
pd-user_6289566
pd-user_6621979
pd-user_3119352
pd-user_1746010
pd-user_3182885
pd-user_2458694
pd-user_1410900
pd-user_7290213
pd-user_7995427
pd-user_6894336
pd-user_5908003
pd-user_1503086
pd-user_7025012
pd-user_5873843
pd-user_4370221
pd-user_6580747
pd-user_8985995
pd-user_7200968
pd-user_4737871
pd-user_8361483
pd-user_1059560
pd-user_2391747
pd-user_8815951
pd-user_473569
pd-user_5173017
pd-user_2232097
pd-user_1219715
pd-user_7605521
pd-user_6025166
pd-user_2853899
pd-user_4410560
pd-user_6444169
pd-user_5875473
pd-user_2095961
pd-user_6255681
pd-user_1009468
pd-user_3468292
pd-user_1721398
pd-user_3634443
pd-user_2019303
pd-user_3149615
pd-user_9306913
pd-user_5381419
pd-user_788502
pd-user_2628293
pd-user_7286798
pd-user_3086871
pd-user_2246319
pd-user_2733480
pd-user_1748444
pd-user_9822544
pd-user_9424646
pd-user_3975581
pd-user_3376760
pd-user_4351482
pd-user_1791742
pd-user_244677
pd-user_4313941
pd-user_9912020
pd-user_9659613
pd-user_4802462
pd-user_2535631
pd-user_8991729
pd-user_9049187
pd-user_4570185
pd-user_5127503
pd-user_7380182
pd-user_6990805
pd-user_1247835
pd-user_8032646
pd-user_5489010
pd-user_9238690
pd-user_2334448
pd-user_2999175
pd-user_9101306
pd-user_8801117
pd-user_6439003
pd-user_9711577
pd-user_8844079
pd-user_9407720
pd-user_2196649
pd-user_3179894
pd-user_5483605
pd-user_7621205
pd-user_1459541
pd-user_1669880
pd-user_5358871
pd-user_5680953
pd-user_1917962
pd-user_630999
pd-user_8149663
pd-user_3347978
pd-user_7656004
pd-user_1330309
pd-user_1422460
pd-user_7888339
pd-user_8155631
pd-user_6276538
pd-user_2758208
pd-user_5490150
pd-user_5868287
pd-user_9582044
pd-user_7750112
pd-user_1565351
pd-user_1331633
pd-user_6481728
pd-user_4634267
pd-user_8320135
pd-user_1123292
pd-user_1086287
pd-user_8722478
pd-user_7242816
pd-user_4184679
pd-user_6817516
pd-user_4228728
pd-user_7446226
pd-user_4222266
pd-user_9532740
pd-user_7536620
pd-user_5908149
pd-user_9686527
pd-user_7957539
pd-user_9700175
pd-user_6228538
pd-user_1565441
pd-user_7362081
pd-user_5313673
pd-user_2207293
pd-user_9465188
pd-user_6824809
pd-user_8079742
pd-user_3301602
pd-user_5273887
pd-user_3423369
pd-user_3796817
pd-user_741014
pd-user_3681496
pd-user_536518
pd-user_2746313
pd-user_4058034
pd-user_3714277
pd-user_4543305
pd-user_5652100
pd-user_694528
pd-user_1302199
pd-user_1312854
pd-user_6463537
pd-user_4147448
pd-user_591971
pd-user_4670413
pd-user_719466
pd-user_2740367
pd-user_4625433
pd-user_7736507
pd-user_1063349
pd-user_7211499
pd-user_1057216
pd-user_8086848
pd-user_4115518
pd-user_5237503
pd-user_4962236
pd-user_8117143
pd-user_7163182
pd-user_9176399
pd-user_5967316
pd-user_8020323
pd-user_3956656
pd-user_2868221
pd-user_7259301
pd-user_3038736
pd-user_730488
pd-user_4640931
pd-user_43152
pd-user_9617537
pd-user_3253322
pd-user_2285043
pd-user_4475495
pd-user_9055265
pd-user_2303976
pd-user_5633262
pd-user_3430135
pd-user_7776291
pd-user_5663755
pd-user_2745853
pd-user_3467944
pd-user_8110645
pd-user_4885284
pd-user_4772876
pd-user_3347825
pd-user_8324561
pd-user_1798820
pd-user_6254644
pd-user_502753
pd-user_4203035
pd-user_3999193
pd-user_4885996
pd-user_880212
pd-user_9572648
pd-user_1334864
pd-user_9144892
pd-user_9267721
pd-user_121480
pd-user_7447474
pd-user_887163
pd-user_7875317
pd-user_6456538
pd-user_8338057
pd-user_7178580
pd-user_567020
pd-user_6421014
pd-user_5355606
pd-user_3725408
pd-user_9808799
pd-user_1672178
pd-user_2296850
pd-user_2309462
pd-user_5699883
pd-user_2762564
pd-user_406705
pd-user_5630990
pd-user_9387021
pd-user_1475068
pd-user_3572028
pd-user_6333775
pd-user_5597494
pd-user_8307443
pd-user_534516
pd-user_981861
pd-user_8182120
pd-user_6071663
pd-user_3790591
pd-user_9762656
pd-user_3989833
pd-user_3556311
pd-user_7413136
pd-user_950353
pd-user_9728342
pd-user_9959987
pd-user_8666683
pd-user_2956460
pd-user_6036970
pd-user_9252415
pd-user_9885899
pd-user_3207917
pd-user_2510781
pd-user_5869849
pd-user_143803
pd-user_4269300
pd-user_3005147
pd-user_8282452
pd-user_8849942
pd-user_9324936
pd-user_1280143
pd-user_473433
pd-user_7494789
pd-user_2202043
pd-user_7809094
pd-user_3482588
pd-user_7325275
pd-user_2852511
pd-user_8181048
pd-user_7652969
pd-user_2544469
pd-user_7122408
pd-user_1101801
pd-user_5957357
pd-user_1623132
pd-user_6291982
pd-user_7483352
pd-user_8363922
pd-user_4195388
pd-user_2960726
pd-user_642922
pd-user_5852252
pd-user_3695021
pd-user_9525664
pd-user_2938688
pd-user_9272785
pd-user_2743582
pd-user_6679087
pd-user_1793961
pd-user_9269477
pd-user_3241028
pd-user_400222
pd-user_8724685
pd-user_8517737
pd-user_6963262
pd-user_2044200
pd-user_1043762
pd-user_9219190
pd-user_5352030
pd-user_1342862
pd-user_7790546
pd-user_8916582
pd-user_5917716
pd-user_9195117
pd-user_3641830
pd-user_5357797
pd-user_1957743
pd-user_9237797
pd-user_7279911
pd-user_8832674
pd-user_9937827
pd-user_5883174
pd-user_6283218
pd-user_1577494
pd-user_3648286
pd-user_4578878
pd-user_8201138
pd-user_6932767
pd-user_1717195
pd-user_7757937
pd-user_5385474
pd-user_8292610
pd-user_4573423
pd-user_9363820
pd-user_4638227
pd-user_2163594
pd-user_705367
pd-user_176794
pd-user_8251790
pd-user_356870
pd-user_5026445
pd-user_3784960
pd-user_4649879
pd-user_1809731
pd-user_5158132
pd-user_5791599
pd-user_7822301
pd-user_2803663
pd-user_4862741
pd-user_1339707
pd-user_7650808
pd-user_530979
pd-user_5528918
pd-user_4172959
pd-user_9553948
pd-user_7090639
pd-user_2830205
pd-user_9867849
pd-user_180580
pd-user_4565308
pd-user_6566240
pd-user_7246302
pd-user_5757768
pd-user_5351785
pd-user_1263197
pd-user_5544887
pd-user_1357724
pd-user_6022992
pd-user_6835529
pd-user_6242502
pd-user_8992253
pd-user_4381847
pd-user_5279887
pd-user_212369
pd-user_7117551
pd-user_7008898
pd-user_6715741
pd-user_4653869
pd-user_8747688
pd-user_3604657
pd-user_6955760
pd-user_2758574
pd-user_1256905
pd-user_8472210
pd-user_5125528
pd-user_6837535
pd-user_528741
pd-user_5969260
pd-user_4277122
pd-user_9714977
pd-user_6035391
pd-user_3499705
pd-user_290686
pd-user_7874326
pd-user_7349492
pd-user_775134
pd-user_2540246
pd-user_5683942
pd-user_8380575
pd-user_7879346
pd-user_7685
pd-user_3370565
pd-user_5607126
pd-user_7494639
pd-user_2691142
pd-user_8512459
pd-user_3240594
pd-user_4642270
pd-user_4956982
pd-user_1862217
pd-user_6562894
pd-user_2754613
pd-user_2487145
pd-user_2779221
pd-user_7534660
pd-user_8107885
pd-user_7422253
pd-user_2588247
pd-user_5026066
pd-user_4389138
pd-user_1755113
pd-user_1161245
pd-user_1408256
pd-user_254379
pd-user_3423431
pd-user_9831235
pd-user_268867
pd-user_2247381
pd-user_9360203
pd-user_5137754
pd-user_3972741
pd-user_9002898
pd-user_7986388
pd-user_5834454
pd-user_9802621
pd-user_3326051
pd-user_1940729
pd-user_6629260
pd-user_8413656
pd-user_9530520
pd-user_1499584
pd-user_8024787
pd-user_9863369
pd-user_877953
pd-user_8507864
pd-user_3160523
pd-user_1529273
pd-user_8931947
pd-user_8897578
pd-user_2325634
pd-user_6350221
pd-user_3263710
pd-user_1310344
pd-user_8553205
pd-user_5545128
pd-user_8070558
pd-user_1628644
pd-user_2078689
pd-user_1725093
pd-user_8841751
pd-user_4834436
pd-user_1424813
pd-user_5155019
pd-user_7882371
pd-user_2684284
pd-user_3478766
pd-user_8996501
pd-user_2442165
pd-user_6312005
pd-user_7736430
pd-user_5907286
pd-user_93468
pd-user_6389112
pd-user_1485695
pd-user_426518
pd-user_3991023
pd-user_9404429
pd-user_7970923
pd-user_8535261
pd-user_3063999
pd-user_6439916
pd-user_7224160
pd-user_1323943
pd-user_2993655
pd-user_3527387
pd-user_2500921
pd-user_5074134
pd-user_3280251
pd-user_4083844
pd-user_4733512
pd-user_1173220
pd-user_6180064
pd-user_2219421
pd-user_1905503
pd-user_6493852
pd-user_778204
pd-user_8749313
pd-user_2313972
pd-user_6041347
pd-user_4017714
pd-user_7098571
pd-user_85184
pd-user_6487967
pd-user_212194
pd-user_8255705
pd-user_6141325
pd-user_7884453
pd-user_669972
pd-user_3404023
pd-user_1281651
pd-user_4735748
pd-user_4924309
pd-user_3723453
pd-user_1176876
pd-user_2093090
pd-user_9931857
pd-user_3570747
pd-user_3575083
pd-user_1986306
pd-user_9117602
pd-user_4746351
pd-user_6950299
pd-user_4015360
pd-user_1040614
pd-user_3025597
pd-user_3898324
pd-user_2430701
pd-user_3020933
pd-user_7843331
pd-user_4096404
pd-user_517659
pd-user_4211887
pd-user_533858
pd-user_8296192
pd-user_960704
pd-user_7851417
pd-user_1866665
pd-user_8486460
pd-user_1096613
pd-user_3489637
pd-user_9326745
pd-user_6719671
pd-user_3499328
pd-user_1446474
pd-user_1113314
pd-user_2190818
pd-user_6967634
pd-user_2818029
pd-user_6342883
pd-user_4340741
pd-user_4747859
pd-user_2095113
pd-user_5634559
pd-user_2463364
pd-user_383488
pd-user_8093266
pd-user_5221085
pd-user_479751
pd-user_5077779
pd-user_8295164
pd-user_7627643
pd-user_4550921
pd-user_7526811
pd-user_6947732
pd-user_4612850
pd-user_2579464
pd-user_5821499
pd-user_8958826
pd-user_6270059
pd-user_7811175
pd-user_2239663
pd-user_5136814
pd-user_4616627
pd-user_4550262
pd-user_5194844
pd-user_1721920
pd-user_6632263
pd-user_4108184
pd-user_2693981
pd-user_7386337
pd-user_2909028
pd-user_5448243
pd-user_9111072
pd-user_6227652
pd-user_4690769
pd-user_4406907
pd-user_9238086
pd-user_6144928
pd-user_9788463
pd-user_2258041
pd-user_6880922
pd-user_2503213
pd-user_895186
pd-user_1370725
pd-user_3522646
pd-user_7041980
pd-user_1295772
pd-user_1380971
pd-user_3527527
pd-user_1017808
pd-user_2711441
pd-user_1532011
pd-user_8563856
pd-user_6710869
pd-user_5904734
pd-user_8005047
pd-user_6720239
pd-user_4883101
pd-user_1300784
pd-user_9131366
pd-user_8979218
pd-user_7334374
pd-user_3533079
pd-user_1281617
pd-user_8459705
pd-user_2905777
pd-user_6442912
pd-user_8431461
pd-user_7615838
pd-user_8762751
pd-user_8488216
pd-user_2870827
pd-user_7066007
pd-user_2516808
pd-user_5042603
pd-user_7961257
pd-user_786333
pd-user_3998828
pd-user_4943458
pd-user_9055307
pd-user_3580595
pd-user_8875460
pd-user_5718785
pd-user_6701327
pd-user_9739534
pd-user_5370466
pd-user_2275670
pd-user_3645167
pd-user_6992844
pd-user_255326
pd-user_557335
pd-user_2556780
pd-user_655763
pd-user_616659
pd-user_1984990
pd-user_9035980
pd-user_7399993
pd-user_5913801
pd-user_2460604
pd-user_2917331
pd-user_5251003
pd-user_2723482
pd-user_7873147
pd-user_6137966
pd-user_6126128
pd-user_7081129
pd-user_8531530
pd-user_1789542
pd-user_9431327
pd-user_9183648
pd-user_6726120
pd-user_4867104
pd-user_1754389
pd-user_2131137
pd-user_3192686
pd-user_1739461
pd-user_3220519
pd-user_9989650
pd-user_4593317
pd-user_7956125
pd-user_9492884
pd-user_321478
pd-user_4012542
pd-user_2526536
pd-user_612429
pd-user_3399902
pd-user_4787927
pd-user_5147755
pd-user_5393212
pd-user_8179926
pd-user_790515
pd-user_8796954
pd-user_8199933
pd-user_6346047
pd-user_5974648
pd-user_498672
pd-user_596406
pd-user_8354697
pd-user_5598054
pd-user_2275587
pd-user_5792755
pd-user_5338464
pd-user_1132835
pd-user_9093897
pd-user_4134618
pd-user_7457828
pd-user_1437356
pd-user_1254376
pd-user_1758051
pd-user_6640435
pd-user_3828877
pd-user_662242
pd-user_5607870
pd-user_5850626
pd-user_851521
pd-user_6098000
pd-user_3506280
pd-user_5461962
pd-user_5109253
pd-user_7041046
pd-user_4800551
pd-user_1391278
pd-user_1567938
pd-user_6719329
pd-user_4302103
pd-user_6907300
pd-user_6883159
pd-user_8481068
pd-user_9851897
pd-user_2621766
pd-user_1345498
pd-user_5462584
pd-user_4131710
pd-user_6601718
pd-user_493077
pd-user_2367271
pd-user_9128408
pd-user_418301
pd-user_236196
pd-user_2030046
pd-user_5992172
pd-user_793922
pd-user_3699147
pd-user_4159165
pd-user_3282888
pd-user_1731881
pd-user_1278032
pd-user_6634989
pd-user_258224
pd-user_4701943
pd-user_5159607
pd-user_4866314
pd-user_1912515
pd-user_6550997
pd-user_8901243
pd-user_5294884
pd-user_4094426
pd-user_7327856
pd-user_4075690
pd-user_6963434
pd-user_3783682
pd-user_1430166
pd-user_241568
pd-user_5491589
pd-user_9727404
pd-user_4470803
pd-user_1631913
pd-user_9148839
pd-user_2211608
pd-user_1048786
pd-user_3596593
pd-user_7136749
pd-user_5944781
pd-user_339751
pd-user_6165373
pd-user_6328713
pd-user_9693697
pd-user_9582479
pd-user_3453074
pd-user_1812793
pd-user_5151109
pd-user_3658239
pd-user_3785907
pd-user_2368334
pd-user_4517155
pd-user_1392974
pd-user_9450578
pd-user_8730017
pd-user_1738072
pd-user_5905091
pd-user_9900487
pd-user_6167190
pd-user_5599515
pd-user_5305643
pd-user_8350760
pd-user_7359633
pd-user_7133370
pd-user_2267275
pd-user_5214273
pd-user_3596530
pd-user_8562569
pd-user_5708549
pd-user_6545126
pd-user_354921
pd-user_9158073
pd-user_8192363
pd-user_9967767
pd-user_4541812
pd-user_3338922
pd-user_2370781
pd-user_1287177
pd-user_7497622
pd-user_794506
pd-user_7022459
pd-user_9029842
pd-user_5795320
pd-user_1575423
pd-user_46311
pd-user_3025825
pd-user_984154
pd-user_2995727
pd-user_1162646
pd-user_6495061
pd-user_9840592
pd-user_777197
pd-user_6660098
pd-user_5683386
pd-user_4321873
pd-user_1584373
pd-user_5319270
pd-user_2636554
pd-user_4365108
pd-user_3263882
pd-user_426010
pd-user_5973385
pd-user_9690629
pd-user_7106279
pd-user_2570432
pd-user_827913
pd-user_7344942
pd-user_3299956
pd-user_9739636
pd-user_1414050
pd-user_3659595
pd-user_7213550
pd-user_5636682
pd-user_63410
pd-user_4863593
pd-user_3163731
pd-user_5526564
pd-user_4499625
pd-user_7699259
pd-user_8716181
pd-user_8072995
pd-user_4367109
pd-user_6396890
pd-user_2088416
pd-user_707791
pd-user_5670768
pd-user_786885
pd-user_5059230
pd-user_4480044
pd-user_8085244
pd-user_8201628
pd-user_4164383
pd-user_8313529
pd-user_4735374
pd-user_2606509
pd-user_6403578
pd-user_3119788
pd-user_4521368
pd-user_8572060
pd-user_6230810
pd-user_8957151
pd-user_2849381
pd-user_6287041
pd-user_132861
pd-user_1403691
pd-user_3394892
pd-user_7928739
pd-user_2333138
pd-user_1481981
pd-user_8607553
pd-user_7129428
pd-user_3972679
pd-user_7791248
pd-user_8932838
pd-user_7811432
pd-user_4565886
pd-user_6056949
pd-user_3825393
pd-user_675605
pd-user_3401483
pd-user_2707368
pd-user_8766316
pd-user_8302194
pd-user_9365634
pd-user_6957055
pd-user_9965274
pd-user_6884162
pd-user_7858798
pd-user_2569325
pd-user_9002128
pd-user_580771
pd-user_9187217
pd-user_792923
pd-user_6866924
pd-user_6297664
pd-user_9181713
pd-user_7487464
pd-user_7125449
pd-user_6411098
pd-user_6271906
pd-user_4527592
pd-user_8605517
pd-user_9645813
pd-user_5589751
pd-user_8452584
pd-user_6113123
pd-user_6860714
pd-user_8306772
pd-user_6643432
pd-user_9311503
pd-user_8999624
pd-user_6287427
pd-user_5123453
pd-user_6388485
pd-user_9397734
pd-user_4990406
pd-user_6798835
pd-user_8976281
pd-user_6990924
pd-user_9666535
pd-user_4650027
pd-user_7581548
pd-user_504483
pd-user_2297249
pd-user_9700551
pd-user_1758376
pd-user_1870579
pd-user_3688570
pd-user_3424296
pd-user_7129228
pd-user_4373856
pd-user_5620988
pd-user_378418
pd-user_5910177
pd-user_1795035
pd-user_7655476
pd-user_2656659
pd-user_6866745
pd-user_7845450
pd-user_2628247
pd-user_3213547
pd-user_5099557
pd-user_4385100
pd-user_2683042
pd-user_9173473
pd-user_8767517
pd-user_6523013
pd-user_1306104
pd-user_3415624
pd-user_596349
pd-user_6391703
pd-user_1851663
pd-user_7009304
pd-user_272857
pd-user_4258237
pd-user_2431219
pd-user_4780061
pd-user_888373
pd-user_3171534
pd-user_8857701
pd-user_9056312
pd-user_9928763
pd-user_1298499
pd-user_8527227
pd-user_9874993
pd-user_1229258
pd-user_3454654
pd-user_3815864
pd-user_5629163
pd-user_465129
pd-user_7210318
pd-user_3779376
pd-user_1079306
pd-user_8739205
pd-user_6235740
pd-user_637394
pd-user_2314865
pd-user_329922
pd-user_4502673
pd-user_6345415
pd-user_17405
pd-user_1722569
pd-user_5035574
pd-user_9012057
pd-user_5766027
pd-user_3637327
pd-user_9478191
pd-user_9324610
pd-user_9040332
pd-user_898643
pd-user_8474618
pd-user_6541824
pd-user_7932047
pd-user_5038715
pd-user_443057
pd-user_8075325
pd-user_4303238
pd-user_7740164
pd-user_2456893
pd-user_6936021
pd-user_2063528
pd-user_5410427
pd-user_238169
pd-user_5939826
pd-user_1156165
pd-user_6476541
pd-user_2160765
pd-user_6094372
pd-user_7500829
pd-user_622265
pd-user_4159902
pd-user_9062051
pd-user_512268
pd-user_5191018
pd-user_5235923
pd-user_3393384
pd-user_7140459
pd-user_5015415
pd-user_7693015
pd-user_3268577
pd-user_2297743
pd-user_6288718
pd-user_6467042
pd-user_7825182
pd-user_3675385
pd-user_1071031
pd-user_9888073
pd-user_8634393
pd-user_2250087
pd-user_5584398
pd-user_8897761
pd-user_3277662
pd-user_502990
pd-user_9599136
pd-user_6137680
pd-user_5608000
pd-user_7817063
pd-user_5069575
pd-user_3473648
pd-user_7192876
pd-user_6022596
pd-user_8901772
pd-user_6163568
pd-user_1090290
pd-user_7178611
pd-user_2984953
pd-user_9131094
pd-user_4478057
pd-user_3211746
pd-user_1064307
pd-user_1894460
pd-user_2623872
pd-user_7497754
pd-user_4387968
pd-user_2257592
pd-user_7037252
pd-user_7728238
pd-user_1817210
pd-user_7890884
pd-user_6188428
pd-user_9979513
pd-user_3841376
pd-user_4747083
pd-user_5069321
pd-user_2812408
pd-user_699303
pd-user_1506886
pd-user_6563927
pd-user_8990675
pd-user_1202113
pd-user_3046976
pd-user_5774783
pd-user_6486063
pd-user_7000962
pd-user_4791736
pd-user_2445375
pd-user_5959898
pd-user_6990542
pd-user_5094135
pd-user_8897187
pd-user_9437444
pd-user_5690348
pd-user_8995171
pd-user_3967353
pd-user_2450191
pd-user_3766442
pd-user_1024980
pd-user_637311
pd-user_4390613
pd-user_3693503
pd-user_1926572
pd-user_6063773
pd-user_4945068
pd-user_8015275
pd-user_9985860
pd-user_5477414
pd-user_2062394
pd-user_1081772
pd-user_4643642
pd-user_9329033
pd-user_7479118
pd-user_4342180
pd-user_1354040
pd-user_9114889
pd-user_8924701
pd-user_5017608
pd-user_6022877
pd-user_8900713
pd-user_255955
pd-user_8572271
pd-user_9144185
pd-user_210421
pd-user_3636407
pd-user_3241786
pd-user_9486755
pd-user_4537469
pd-user_2083670
pd-user_2638309
pd-user_3356725
pd-user_1384185
pd-user_60760
pd-user_9501466
pd-user_6371902
pd-user_1197989
pd-user_7664592
pd-user_1017579
pd-user_9444063
pd-user_5555948
pd-user_3889091
pd-user_9826625
pd-user_9356038
pd-user_6588451
pd-user_6765337
pd-user_6918771
pd-user_3707621
pd-user_5473526
pd-user_6111647
pd-user_9263387
pd-user_9385011
pd-user_8868554
pd-user_7256795
pd-user_3021534
pd-user_6131662
pd-user_6447863
pd-user_7020555
pd-user_1865722
pd-user_2571547
pd-user_3858972
pd-user_9314326
pd-user_5650560
pd-user_3260124
pd-user_9789935
pd-user_8201462
pd-user_2076077
pd-user_9963590
pd-user_523144
pd-user_2217651
pd-user_7405918
pd-user_3824516
pd-user_7583623
pd-user_4026716
pd-user_3274068
pd-user_4377207
pd-user_1438406
pd-user_4521494
pd-user_8358597
pd-user_5562895
pd-user_2588747
pd-user_1323321
pd-user_7153571
pd-user_6324591
pd-user_1825966
pd-user_458641
pd-user_2246040
pd-user_3662067
pd-user_1457957
pd-user_2547117
pd-user_7205471
pd-user_3171573
pd-user_2265329
pd-user_6348832
pd-user_9955518
pd-user_7952655
pd-user_1735794
pd-user_3786598
pd-user_9698264
pd-user_4253194
pd-user_2474007
pd-user_6731200
pd-user_1186264
pd-user_9446857
pd-user_2468515
pd-user_8195999
pd-user_7184016
pd-user_9958059
pd-user_1252688
pd-user_8555120
pd-user_989973
pd-user_1047813
pd-user_2940144
pd-user_8176221
pd-user_4614785
pd-user_8998061
pd-user_4895607
pd-user_5313891
pd-user_7803690
pd-user_2630593
pd-user_2067108
pd-user_2812837
pd-user_3587979
pd-user_3503267
pd-user_2913585
pd-user_3137627
pd-user_9993836
pd-user_2079291
pd-user_2369940
pd-user_5925254
pd-user_3691520
pd-user_1632897
pd-user_8391324
pd-user_8748427
pd-user_4167579
pd-user_1320052
pd-user_2728836
pd-user_2411112
pd-user_5472803
pd-user_3799128
pd-user_520502
pd-user_6131474
pd-user_3466670
pd-user_941892
pd-user_1703181
pd-user_4254102
pd-user_8868853
pd-user_9752841
pd-user_6726725
pd-user_7062792
pd-user_9530507
pd-user_38092
pd-user_4683383
pd-user_6146755
pd-user_1667396
pd-user_7491207
pd-user_9521999
pd-user_8047464
pd-user_4665055
pd-user_6601142
pd-user_9795275
pd-user_4233400
pd-user_7432786
pd-user_6501795
pd-user_9841025
pd-user_6054908
pd-user_8561265
pd-user_4267582
pd-user_6355120
pd-user_8247730
pd-user_9942241
pd-user_5148604
pd-user_9005824
pd-user_737552
pd-user_3458351
pd-user_6667436
pd-user_8926203
pd-user_977810
pd-user_5605208
pd-user_6535805
pd-user_9698013
pd-user_2048985
pd-user_5780386
pd-user_5383130
pd-user_1574590
pd-user_7054680
pd-user_7338684
pd-user_3739829
pd-user_2618047
pd-user_7565414
pd-user_6740430
pd-user_9973515
pd-user_5030003
pd-user_6365004
pd-user_4368804
pd-user_8058049
pd-user_9196509
pd-user_2925177
pd-user_4648681
pd-user_4142157
pd-user_1776779
pd-user_6578530
pd-user_1851158
pd-user_4731285
pd-user_9822341
pd-user_1288965
pd-user_6495342
pd-user_5958162
pd-user_587613
pd-user_7998739
pd-user_4617677
pd-user_6863990
pd-user_3388763
pd-user_4847408
pd-user_8828321
pd-user_8016615
pd-user_2814342
pd-user_8820602
pd-user_9585446
pd-user_6299658
pd-user_3527986
pd-user_881393
pd-user_7344706
pd-user_379143
pd-user_2216740
pd-user_9186788
pd-user_6429904
pd-user_5447640
pd-user_6545401
pd-user_7787865
pd-user_9082462
pd-user_1772003
pd-user_9954895
pd-user_4088337
pd-user_9811552
pd-user_3725704
pd-user_4965531
pd-user_3736884
pd-user_8575012
pd-user_6646820
pd-user_2453971
pd-user_2202052
pd-user_1672482
pd-user_610833
pd-user_3628163
pd-user_4804046
pd-user_434595
pd-user_864187
pd-user_6260604
pd-user_96362
pd-user_904690
pd-user_4777598
pd-user_8519948
pd-user_2153257
pd-user_6616452
pd-user_8468098
pd-user_3653757
pd-user_8036584
pd-user_6738033
pd-user_5639950
pd-user_8354393
pd-user_3003095
pd-user_3526856
pd-user_9521502
pd-user_3097629
pd-user_2903361
pd-user_4053060
pd-user_3981547
pd-user_4367783
pd-user_8242346
pd-user_5060832
pd-user_9955598
pd-user_8313953
pd-user_8660736
pd-user_1488266
pd-user_636619
pd-user_3674096
pd-user_8303918
pd-user_1000627
pd-user_249664
pd-user_7649019
pd-user_8955392
pd-user_7859815
pd-user_9260391
pd-user_6097360
pd-user_9596486
pd-user_8380684
pd-user_559235
pd-user_225070
pd-user_477814
pd-user_2080644
pd-user_936378
pd-user_4291085
pd-user_981464
pd-user_2983035
pd-user_5573964
pd-user_4488266
pd-user_2628163
pd-user_4166130
pd-user_4430220
pd-user_6443611
pd-user_1392419
pd-user_7311801
pd-user_8400511
pd-user_417027
pd-user_5777807
pd-user_3346534
pd-user_3309729
pd-user_6967432
pd-user_6997696
pd-user_7292523
pd-user_7450281
pd-user_958856
pd-user_1696408
pd-user_7123878
pd-user_8456073
pd-user_5642611
pd-user_8662750
pd-user_6826450
pd-user_2337616
pd-user_2112827
pd-user_77126
pd-user_6611579
pd-user_2287141
pd-user_8513668
pd-user_3687820
pd-user_1016108
pd-user_2084441
pd-user_4551201
pd-user_3918297
pd-user_5295366
pd-user_3799682
pd-user_7673085
pd-user_5761212
pd-user_8664128
pd-user_9927431
pd-user_4344307
pd-user_3904670
pd-user_502409
pd-user_1632817
pd-user_6394880
pd-user_7398532
pd-user_8704725
pd-user_8079858
pd-user_3687236
pd-user_9329821
pd-user_7482454
pd-user_4140140
pd-user_746421
pd-user_3552754
pd-user_6855370
pd-user_2420605
pd-user_8075029
pd-user_3131314
pd-user_9870109
pd-user_251872
pd-user_1409616
pd-user_6285654
pd-user_2647040
pd-user_1808432
pd-user_6327279
pd-user_6014472
pd-user_5059100
pd-user_2413158
pd-user_7457903
pd-user_4492579
pd-user_8230899
pd-user_8908346
pd-user_6459603
pd-user_601012
pd-user_1924318
pd-user_8080830
pd-user_1324274
pd-user_7831450
pd-user_6153958
pd-user_6990174
pd-user_4709778
pd-user_7098637
pd-user_3488705
pd-user_3299501
pd-user_7609468
pd-user_3790234
pd-user_6985256
pd-user_5245076
pd-user_7753616
pd-user_7457483
pd-user_9460967
pd-user_4067295
pd-user_5909026
pd-user_5277701
pd-user_220667
pd-user_8653147
pd-user_3069235
pd-user_9498982
pd-user_2787745
pd-user_946889
pd-user_4918706
pd-user_9195675
pd-user_7326929
pd-user_1274433
pd-user_1483520
pd-user_2880487
pd-user_5795077
pd-user_868041
pd-user_9727205
pd-user_7795935
pd-user_2025348
pd-user_5961900
pd-user_1415737
pd-user_7879067
pd-user_8517978
pd-user_7417903
pd-user_4525611
pd-user_7715994
pd-user_7868546
pd-user_3672415
pd-user_1750508
pd-user_5730230
pd-user_9841604
pd-user_5004939
pd-user_9711328
pd-user_1751267
pd-user_6496715
pd-user_2244014
pd-user_9294600
pd-user_1985998
pd-user_5884065
pd-user_1346459
pd-user_1668908
pd-user_3426569
pd-user_6541266
pd-user_2794077
pd-user_3586932
pd-user_4950330
pd-user_5654588
pd-user_6389343
pd-user_1334853
pd-user_4378512
pd-user_812504
pd-user_8359293
pd-user_2625617
pd-user_5678618
pd-user_2575929
pd-user_1488764
pd-user_7044442
pd-user_6843620
pd-user_845257
pd-user_3135556
pd-user_6275413
pd-user_1826679
pd-user_2857365
pd-user_786965
pd-user_5837309
pd-user_1616026
pd-user_5370521
pd-user_869630
pd-user_1887838
pd-user_9371356
pd-user_4517954
pd-user_7897738
pd-user_5701371
pd-user_2816738
pd-user_2944512
pd-user_9099189
pd-user_4950005
pd-user_1245764
pd-user_6728332
pd-user_812510
pd-user_7945196
pd-user_4858056
pd-user_3253583
pd-user_3664581
pd-user_432120
pd-user_8658226
pd-user_4579941
pd-user_9377179
pd-user_7524713
pd-user_368834
pd-user_7393094
pd-user_84774
pd-user_8624664
pd-user_5858231
pd-user_6276315
pd-user_9442171
pd-user_4286750
pd-user_4604393
pd-user_1795241
pd-user_6545483
pd-user_7427118
pd-user_4549818
pd-user_8890479
pd-user_9486066
pd-user_5976977
pd-user_9460637
pd-user_3828893
pd-user_9331048
pd-user_3651543
pd-user_9895038
pd-user_952720
pd-user_8419671
pd-user_5595856
pd-user_3610709
pd-user_6486221
pd-user_3303727
pd-user_907796
pd-user_1229676
pd-user_3247244
pd-user_1682595
pd-user_3579869
pd-user_9375241
pd-user_6712683
pd-user_3958507
pd-user_4514250
pd-user_2145807
pd-user_6153177
pd-user_8405641
pd-user_8486744
pd-user_7399927
pd-user_1213401
pd-user_9514461
pd-user_7207175
pd-user_6504091
pd-user_6711010
pd-user_5965876
pd-user_4204779
pd-user_2147444
pd-user_5966523
pd-user_5523345
pd-user_5015991
pd-user_795611
pd-user_7537042
pd-user_1708382
pd-user_3610655
pd-user_1910521
pd-user_386894
pd-user_180363
pd-user_7292818
pd-user_5672484
pd-user_7367161
pd-user_9067906
pd-user_8006726
pd-user_7089888
pd-user_3609326
pd-user_8624734
pd-user_3853906
pd-user_2570265
pd-user_1542662
pd-user_5062240
pd-user_9464090
pd-user_2795423
pd-user_1736083
pd-user_1710403
pd-user_2160026
pd-user_8193848
pd-user_7503183
pd-user_7649824
pd-user_5696564
pd-user_8896934
pd-user_6808133
pd-user_4990188
pd-user_5721446
pd-user_9165013
pd-user_8728385
pd-user_5644074
pd-user_781673
pd-user_8260939
pd-user_6493787
pd-user_4461128
pd-user_7274030
pd-user_7569458
pd-user_9462969
pd-user_4363564
pd-user_16510
pd-user_5448353
pd-user_780366
pd-user_8306363
pd-user_3489907
pd-user_7539853
pd-user_7989462
pd-user_4302483
pd-user_2806883
pd-user_4668528
pd-user_6796520
pd-user_9893760
pd-user_5947407
pd-user_668549
pd-user_8464335
pd-user_4015810
pd-user_3590969
pd-user_1173622
pd-user_8758809
pd-user_3293743
pd-user_7908076
pd-user_2284909
pd-user_6840478
pd-user_8485027
pd-user_9566893
pd-user_6119814
pd-user_1084089
pd-user_3229336
pd-user_8322248
pd-user_6082753
pd-user_5045773
pd-user_3636352
pd-user_7551607
pd-user_8685958
pd-user_4345523
pd-user_4453061
pd-user_4089556
pd-user_2806589
pd-user_9290123
pd-user_9721309
pd-user_6422910
pd-user_5623419
pd-user_3995287
pd-user_7108300
pd-user_7959971
pd-user_1077362
pd-user_5892318
pd-user_2295581
pd-user_5667300
pd-user_7677061
pd-user_7092268
pd-user_8746526
pd-user_6430512
pd-user_5722978
pd-user_1783294
pd-user_6204278
pd-user_6010182
pd-user_5408045
pd-user_6620947
pd-user_1802977
pd-user_4453065
pd-user_9873263
pd-user_871858
pd-user_738125
pd-user_2643826
pd-user_3166579
pd-user_5173264
pd-user_7245417
pd-user_5417772
pd-user_5821304
pd-user_9664267
pd-user_311211
pd-user_9932540
pd-user_7611227
pd-user_5672331
pd-user_9169651
pd-user_7467987
pd-user_953838
pd-user_7042611
pd-user_5905200
pd-user_3905974
pd-user_3129339
pd-user_6040622
pd-user_4048464
pd-user_8679776
pd-user_5364518
pd-user_9849227
pd-user_6602725
pd-user_2032299
pd-user_1522383
pd-user_5376823
pd-user_6111333
pd-user_1554860
pd-user_5744891
pd-user_728681
pd-user_9228034
pd-user_7944679
pd-user_6128967
pd-user_9315126
pd-user_4640159
pd-user_4074784
pd-user_3637686
pd-user_8394823
pd-user_394604
pd-user_167231
pd-user_7904300
pd-user_1591748
pd-user_5220852
pd-user_1543144
pd-user_8091138
pd-user_292948
pd-user_9822696
pd-user_8005072
pd-user_4855972
pd-user_8647613
pd-user_340176
pd-user_8436621
pd-user_122393
pd-user_6800300
pd-user_7199177
pd-user_6376567
pd-user_5469921
pd-user_4442861
pd-user_5425199
pd-user_7147848
pd-user_6762448
pd-user_9383487
pd-user_6728993
pd-user_5267378
pd-user_4039998
pd-user_273213
pd-user_8667817
pd-user_719763
pd-user_8989423
pd-user_3611958
pd-user_2127654
pd-user_2392825
pd-user_9907863
pd-user_2616147
pd-user_8790288
pd-user_4243237
pd-user_9639439
pd-user_3051875
pd-user_5326730
pd-user_2295232
pd-user_2124564
pd-user_1182494
pd-user_4586179
pd-user_2863363
pd-user_7807068
pd-user_3228285
pd-user_3842052
pd-user_3637517
pd-user_4216299
pd-user_9565393
pd-user_8048168
pd-user_974467
pd-user_3208998
pd-user_930067
pd-user_1179517
pd-user_5848845
pd-user_3335390
pd-user_723378
pd-user_2491238
pd-user_2672705
pd-user_1704338
pd-user_9044844
pd-user_1738773
pd-user_7792094
pd-user_1242013
pd-user_4130813
pd-user_6070369
pd-user_2829881
pd-user_8942341
pd-user_8937308
pd-user_8783485
pd-user_7507820
pd-user_6350914
pd-user_3632516
pd-user_6271073
pd-user_1272686
pd-user_9494112
pd-user_1087255
pd-user_4408650
pd-user_3940378
pd-user_7566535
pd-user_1642880
pd-user_2025849
pd-user_1185994
pd-user_5539260
pd-user_2465404
pd-user_562709
pd-user_1965317
pd-user_2381435
pd-user_9999992
pd-user_7296893
pd-user_3798270
pd-user_2579602
pd-user_7707191
pd-user_9595913
pd-user_3746345
pd-user_2103927
pd-user_2349175
pd-user_6100444
pd-user_6939552
pd-user_9935580
pd-user_8072211
pd-user_9463988
pd-user_2969639
pd-user_6851559
pd-user_5042446
pd-user_9148255
pd-user_354764
pd-user_9764594
pd-user_6568719
pd-user_6427123
pd-user_5776323
pd-user_4132429
pd-user_5865302
pd-user_1120992
pd-user_9115194
pd-user_4213550
pd-user_9709873
pd-user_3813659
pd-user_6426801
pd-user_7034711
pd-user_4774452
pd-user_3431551
pd-user_3593222
pd-user_8682818
pd-user_1395360
pd-user_839450
pd-user_3188306
pd-user_979415
pd-user_9676477
pd-user_478244
pd-user_6365750
pd-user_3522108
pd-user_3986131
pd-user_3095859
pd-user_6931122
pd-user_2231669
pd-user_5609315
pd-user_2226659
pd-user_2711653
pd-user_9171576
pd-user_3452954
pd-user_5912051
pd-user_7596207
pd-user_9844305
pd-user_6785573
pd-user_5274610
pd-user_1634004
pd-user_1549478
pd-user_8481540
pd-user_9283047
pd-user_4567315
pd-user_3772759
pd-user_3838734
pd-user_9580364
pd-user_2502883
pd-user_1932879
pd-user_6618948
pd-user_8020422
pd-user_6625042
pd-user_8321022
pd-user_5237275
pd-user_6549174
pd-user_5250951
pd-user_7971022
pd-user_2846276
pd-user_38920
pd-user_9608911
pd-user_3193632
pd-user_7793258
pd-user_914076
pd-user_5474064
pd-user_4162612
pd-user_9414022
pd-user_7008953
pd-user_9988790
pd-user_1608291
pd-user_4843501
pd-user_3789275
pd-user_5945983
pd-user_9346519
pd-user_835299
pd-user_4587527
pd-user_5205646
pd-user_4600742
pd-user_6658725
pd-user_242585
pd-user_6693453
pd-user_794000
pd-user_377454
pd-user_8373336
pd-user_1118771
pd-user_8870364
pd-user_6112270
pd-user_1757139
pd-user_2832157
pd-user_2727683
pd-user_7251476
pd-user_3440292
pd-user_8214596
pd-user_3257854
pd-user_461451
pd-user_8963250
pd-user_6307501
pd-user_3644935
pd-user_3025502
pd-user_2887834
pd-user_8514627
pd-user_9073577
pd-user_3425761
pd-user_7621962
pd-user_8512797
pd-user_5045873
pd-user_1932138
pd-user_3608492
pd-user_338624
pd-user_8462628
pd-user_68094
pd-user_7920607
pd-user_5864915
pd-user_89718
pd-user_2717364
pd-user_4659447
pd-user_5630658
pd-user_5871814
pd-user_4944517
pd-user_9377483
pd-user_5693318
pd-user_7130018
pd-user_4094638
pd-user_3871899
pd-user_9974394
pd-user_1255344
pd-user_3788804
pd-user_5342535
pd-user_1278711
pd-user_2499026
pd-user_6816838
pd-user_7885156
pd-user_122076
pd-user_5645413
pd-user_659321
pd-user_6588359
pd-user_150675
pd-user_967849
pd-user_7507417
pd-user_5683016
pd-user_7458707
pd-user_6878489
pd-user_6091193
pd-user_700775
pd-user_6596452
pd-user_826669
pd-user_9897051
pd-user_4090608
pd-user_3141602
pd-user_1608755
pd-user_3525137
pd-user_7714528
pd-user_8755599
pd-user_2534840
pd-user_5993784
pd-user_4501056
pd-user_334866
pd-user_6939571
pd-user_8157678
pd-user_2131329
pd-user_8732796
pd-user_4219739
pd-user_9716570
pd-user_3846708
pd-user_445383
pd-user_7992629
pd-user_4153330
pd-user_5934350
pd-user_8486871
pd-user_8049251
pd-user_8552302
pd-user_5301688
pd-user_6957970
pd-user_2201354
pd-user_1939513
pd-user_252632
pd-user_8158833
pd-user_211669
pd-user_8644415
pd-user_7507177
pd-user_1132124
pd-user_5656087
pd-user_2566018
pd-user_3479363
pd-user_2511918
pd-user_6296820
pd-user_5238111
pd-user_4863604
pd-user_2847582
pd-user_7848488
pd-user_6498672
pd-user_895092
pd-user_6202928
pd-user_5837047
pd-user_7814766
pd-user_6317951
pd-user_8821032
pd-user_8666096
pd-user_4774278
pd-user_8884340
pd-user_1206352
pd-user_4956008
pd-user_6454545
pd-user_36846
pd-user_320106
pd-user_3119354
pd-user_1978480
pd-user_1839846
pd-user_2337580
pd-user_1081363
pd-user_9306244
pd-user_7261534
pd-user_7752051
pd-user_2731668
pd-user_5981745
pd-user_9030779
pd-user_6076486
pd-user_3330284
pd-user_3515855
pd-user_9166061
pd-user_6095778
pd-user_6625483
pd-user_6770256
pd-user_126678
pd-user_1593873
pd-user_9308178
pd-user_8502110
pd-user_563933
pd-user_8803923
pd-user_3561179
pd-user_7875967
pd-user_212894
pd-user_2290779
pd-user_706704
pd-user_9883189
pd-user_7041002
pd-user_6046085
pd-user_2409556
pd-user_1110239
pd-user_177018
pd-user_9481736
pd-user_2610061
pd-user_9967004
pd-user_5806072
pd-user_1640086
pd-user_426327
pd-user_7042320
pd-user_833155
pd-user_6560539
pd-user_961979
pd-user_5684830
pd-user_3520414
pd-user_9657556
pd-user_1019224
pd-user_2790256
pd-user_9598044
pd-user_2737775
pd-user_3252090
pd-user_2429472
pd-user_5997366
pd-user_5750965
pd-user_2776377
pd-user_1482369
pd-user_289172
pd-user_2951416
pd-user_5099295
pd-user_5658528
pd-user_4792815
pd-user_2765910
pd-user_8887721
pd-user_4047092
pd-user_7901496
pd-user_9314814
pd-user_7849091
pd-user_1721058
pd-user_298427
pd-user_9481215
pd-user_4622059
pd-user_7012280
pd-user_733940
pd-user_8525925
pd-user_6650250
pd-user_3591690
pd-user_3279545
pd-user_1011856
pd-user_569302
pd-user_8404188
pd-user_3944023
pd-user_3779883
pd-user_6048893
pd-user_1103930
pd-user_598596
pd-user_9799910
pd-user_9278900
pd-user_2354437
pd-user_8982630
pd-user_2190246
pd-user_9848828
pd-user_9958771
pd-user_1147390
pd-user_9091422
pd-user_9984886
pd-user_6114266
pd-user_8063677
pd-user_633267
pd-user_2599912
pd-user_6258549
pd-user_3274532
pd-user_9464657
pd-user_9607006
pd-user_1353900
pd-user_3620462
pd-user_221725
pd-user_3526291
pd-user_2158793
pd-user_889102
pd-user_154047
pd-user_7478638
pd-user_262710
pd-user_6142082
pd-user_392295
pd-user_1673851
pd-user_1469057
pd-user_7948578
pd-user_6864650
pd-user_5672650
pd-user_4301698
pd-user_951666
pd-user_6247020
pd-user_182839
pd-user_7170125
pd-user_5740043
pd-user_3860374
pd-user_5791077
pd-user_5739676
pd-user_7232131
pd-user_6346019
pd-user_6690871
pd-user_3210941
pd-user_2628726
pd-user_4447065
pd-user_7725
pd-user_4138
pd-user_9253117
pd-user_5389138
pd-user_1792658
pd-user_468014
pd-user_3059093
pd-user_6924206
pd-user_1454109
pd-user_410279
pd-user_7169375
pd-user_1612041
pd-user_2955355
pd-user_3932400
pd-user_387388
pd-user_7603555
pd-user_8163866
pd-user_3852836
pd-user_2589733
pd-user_9010821
pd-user_6691173
pd-user_3943576
pd-user_6200597
pd-user_825379
pd-user_861717
pd-user_6695238
pd-user_1975990
pd-user_1838182
pd-user_5118984
pd-user_2437993
pd-user_6285662
pd-user_6819556
pd-user_9312412
pd-user_9609671
pd-user_3100930
pd-user_6934348
pd-user_6921455
pd-user_2412057
pd-user_9022518
pd-user_195350
pd-user_7061625
pd-user_8433805
pd-user_9879969
pd-user_3893041
pd-user_4086572
pd-user_7580329
pd-user_6348559
pd-user_4025545
pd-user_5763228
pd-user_4808616
pd-user_5171165
pd-user_3502683
pd-user_3406757
pd-user_9362619
pd-user_1721775
pd-user_5517708
pd-user_6931964
pd-user_9367285
pd-user_328815
pd-user_754344
pd-user_8942948
pd-user_2378314
pd-user_3867601
pd-user_642900
pd-user_1606205
pd-user_7470665
pd-user_7342407
pd-user_5852228
pd-user_5171664
pd-user_2206102
pd-user_1627923
pd-user_1069079
pd-user_4442740
pd-user_5624907
pd-user_2420387
pd-user_205044
pd-user_8194926
pd-user_5951687
pd-user_6152697
pd-user_724668
pd-user_7360484
pd-user_1686264
pd-user_1768300
pd-user_5814993
pd-user_122896
pd-user_5741250
pd-user_8729513
pd-user_7994492
pd-user_7328778
pd-user_7037275
pd-user_5392657
pd-user_9619140
pd-user_5933295
pd-user_8040746
pd-user_1973672
pd-user_5592055
pd-user_4581448
pd-user_5040530
pd-user_269008
pd-user_2587626
pd-user_369223
pd-user_5914523
pd-user_3849433
pd-user_4254784
pd-user_6727061
pd-user_6601008
pd-user_948826
pd-user_4448082
pd-user_7546200
pd-user_8012267
pd-user_8253626
pd-user_6703784
pd-user_8423949
pd-user_9932116
pd-user_822390
pd-user_252086
pd-user_6690014
pd-user_4681172
pd-user_324726
pd-user_2572076
pd-user_3164473
pd-user_5273180
pd-user_5912531
pd-user_6506300
pd-user_6698202
pd-user_4105460
pd-user_601819
pd-user_9674757
pd-user_7568301
pd-user_7733534
pd-user_451857
pd-user_2896839
pd-user_1533803
pd-user_3958656
pd-user_4616479
pd-user_251547
pd-user_4045699
pd-user_7456226
pd-user_5499796
pd-user_1763965
pd-user_4391033
pd-user_5040357
pd-user_4339157
pd-user_1575059
pd-user_5120187
pd-user_5355135
pd-user_45457
pd-user_8990692
pd-user_6769293
pd-user_2999672
pd-user_1303428
pd-user_3658203
pd-user_4934377
pd-user_1433496
pd-user_2015066
pd-user_9395151
pd-user_1928231
pd-user_1531318
pd-user_9934693
pd-user_100940
pd-user_869264
pd-user_7822647
pd-user_8781969
pd-user_4931023
pd-user_8022937
pd-user_734044
pd-user_499731
pd-user_1990579
pd-user_5894458
pd-user_2153429
pd-user_376984
pd-user_894405
pd-user_6181771
pd-user_8808719
pd-user_4221870
pd-user_8553313
pd-user_4903085
pd-user_9185917
pd-user_1133136
pd-user_9965003
pd-user_1891146
pd-user_769996
pd-user_8029241
pd-user_3529056
pd-user_2807471
pd-user_7397625
pd-user_6938652
pd-user_255187
pd-user_5746900
pd-user_4507897
pd-user_8487491
pd-user_6246488
pd-user_7175729
pd-user_2271591
pd-user_6028216
pd-user_5402931
pd-user_625961
pd-user_8647205
pd-user_4925160
pd-user_8304583
pd-user_1629018
pd-user_8288501
pd-user_4932841
pd-user_106154
pd-user_5140423
pd-user_7490909
pd-user_289930
pd-user_796230
pd-user_1532879
pd-user_5673387
pd-user_339257
pd-user_4624260
pd-user_5633957
pd-user_5130657
pd-user_2180665
pd-user_1889588
pd-user_4730963
pd-user_7185378
pd-user_6396234
pd-user_4337966
pd-user_8106047
pd-user_1463851
pd-user_4362629
pd-user_2033621
pd-user_4887946
pd-user_6796707
pd-user_1937357
pd-user_3273289
pd-user_7066711
pd-user_3220309
pd-user_2581085
pd-user_2365228
pd-user_2240070
pd-user_1184701
pd-user_6607343
pd-user_1994822
pd-user_4504577
pd-user_3650385
pd-user_9014094
pd-user_7302020
pd-user_4959525
pd-user_7771594
pd-user_535469
pd-user_3884050
pd-user_4866222
pd-user_4736260
pd-user_2036183
pd-user_3803185
pd-user_1487024
pd-user_5433567
pd-user_1558489
pd-user_1397001
pd-user_7704325
pd-user_2257629
pd-user_906231
pd-user_6248487
pd-user_273546
pd-user_2212176
pd-user_1313438
pd-user_6351424
pd-user_9686854
pd-user_6437141
pd-user_8889675
pd-user_9414988
pd-user_3484081
pd-user_6666263
pd-user_8286434
pd-user_8535677
pd-user_8325918
pd-user_9727723
pd-user_9663360
pd-user_2789297
pd-user_435385
pd-user_7535844
pd-user_2342991
pd-user_9685155
pd-user_6822414
pd-user_8961222
pd-user_7172496
pd-user_8604170
pd-user_807778
pd-user_7104965
pd-user_4286046
pd-user_7685432
pd-user_2083753
pd-user_1886366
pd-user_3211480
pd-user_4579296
pd-user_7959579
pd-user_9416021
pd-user_5743757
pd-user_3978510
pd-user_2673255
pd-user_6351799
pd-user_4515359
pd-user_6093345
pd-user_739917
pd-user_5310302
pd-user_2380373
pd-user_9452552
pd-user_561630
pd-user_2211247
pd-user_6318760
pd-user_8150991
pd-user_1531215
pd-user_9806608
pd-user_2469043
pd-user_2240848
pd-user_6386218
pd-user_15635
pd-user_4711110
pd-user_4305112
pd-user_5537175
pd-user_3144093
pd-user_4768864
pd-user_2626242
pd-user_6324317
pd-user_4786578
pd-user_2303749
pd-user_267532
pd-user_5671792
pd-user_8813742
pd-user_8141641
pd-user_9132019
pd-user_7864792
pd-user_3682859
pd-user_8824585
pd-user_5722270
pd-user_3101218
pd-user_4188548
pd-user_6291809
pd-user_989623
pd-user_3297885
pd-user_3963672
pd-user_8959594
pd-user_5581708
pd-user_7629978
pd-user_2000481
pd-user_4367888
pd-user_7190480
pd-user_3613470
pd-user_2320797
pd-user_3927842
pd-user_3872874
pd-user_9230526
pd-user_6768721
pd-user_5021669
pd-user_989196
pd-user_7174125
pd-user_8043927
pd-user_6035608
pd-user_562047
pd-user_9253772
pd-user_2816373
pd-user_3352259
pd-user_786026
pd-user_9338983
pd-user_1348400
pd-user_2020273
pd-user_2646361
pd-user_2340072
pd-user_3922008
pd-user_3882864
pd-user_4718349
pd-user_6136790
pd-user_1189909
pd-user_6508772
pd-user_3047163
pd-user_5027044
pd-user_9786500
pd-user_3943689
pd-user_1726958
pd-user_5377563
pd-user_5544080
pd-user_6505718
pd-user_9605716
pd-user_9809280
pd-user_6054286
pd-user_7361220
pd-user_8396357
pd-user_3354850
pd-user_2336019
pd-user_2661807
pd-user_3208341
pd-user_4123179
pd-user_1283742
pd-user_1417608
pd-user_3642794
pd-user_8983321
pd-user_8986814
pd-user_5736657
pd-user_5160764
pd-user_4847907
pd-user_3492949
pd-user_5404872
pd-user_8568293
pd-user_3187614
pd-user_4735597
pd-user_7879503
pd-user_6762106
pd-user_3890018
pd-user_687462
pd-user_3299334
pd-user_18105
pd-user_8791108
pd-user_5048904
pd-user_3272683
pd-user_5521494
pd-user_6081256
pd-user_1253858
pd-user_6564543
pd-user_16818
pd-user_2076313
pd-user_8698758
pd-user_7390536
pd-user_1194161
pd-user_304256
pd-user_9946925
pd-user_2044086
pd-user_7645914
pd-user_295970
pd-user_6203070
pd-user_7981054
pd-user_7265766
pd-user_1702468
pd-user_1790539
pd-user_5353252
pd-user_3482354
pd-user_3298605
pd-user_3925862
pd-user_250625
pd-user_104293
pd-user_6815274
pd-user_7757200
pd-user_9654101
pd-user_428249
pd-user_95165
pd-user_7418342
pd-user_54664
pd-user_7674166
pd-user_2940319
pd-user_9315807
pd-user_5689762
pd-user_4885527
pd-user_9978520
pd-user_6982652
pd-user_3002675
pd-user_6820300
pd-user_9126990
pd-user_8608898
pd-user_4709258
pd-user_8501812
pd-user_7212843
pd-user_4364498
pd-user_1858297
pd-user_7993269
pd-user_8999084
pd-user_4154546
pd-user_3800795
pd-user_9794811
pd-user_4323676
pd-user_9889686
pd-user_1082758
pd-user_6149324
pd-user_6499755
pd-user_5579591
pd-user_7464616
pd-user_8806360
pd-user_6354517
pd-user_8115462
pd-user_6982270
pd-user_8757736
pd-user_8934578
pd-user_3856456
pd-user_2762727
pd-user_34829
pd-user_4191423
pd-user_8005964
pd-user_885870
pd-user_7416532
pd-user_2222721
pd-user_6320341
pd-user_2363399
pd-user_6577852
pd-user_1995202
pd-user_4313753
pd-user_2386717
pd-user_636440
pd-user_9851810
pd-user_5515671
pd-user_2924139
pd-user_4425382
pd-user_8995836
pd-user_6389893
pd-user_3233432
pd-user_2133907
pd-user_6226381
pd-user_2293699
pd-user_9452634
pd-user_1770232
pd-user_3519026
pd-user_9449843
pd-user_8739313
pd-user_1804694
pd-user_4787405
pd-user_3551316
pd-user_3848417
pd-user_1857428
pd-user_8230301
pd-user_856151
pd-user_9954601
pd-user_6738921
pd-user_8739184
pd-user_2735522
pd-user_5540127
pd-user_5448792
pd-user_3667962
pd-user_9704591
pd-user_6816721
pd-user_194073
pd-user_4487401
pd-user_8706704
pd-user_4779715
pd-user_2570182
pd-user_3357470
pd-user_4343706
pd-user_1132456
pd-user_4324878
pd-user_5196174
pd-user_7483835
pd-user_241846
pd-user_9865276
pd-user_9285115
pd-user_7635871
pd-user_2463318
pd-user_2832405
pd-user_1148514
pd-user_1857228
pd-user_2180344
pd-user_2418084
pd-user_9351679
pd-user_3472046
pd-user_8662941
pd-user_776244
pd-user_1394461
pd-user_4069456
pd-user_4481531
pd-user_1729691
pd-user_3470478
pd-user_8259666
pd-user_7808398
pd-user_7134251
pd-user_7710453
pd-user_320418
pd-user_9402138
pd-user_1240525
pd-user_2072453
pd-user_7762693
pd-user_5585636
pd-user_5306969
pd-user_7361177
pd-user_9926982
pd-user_6882596
pd-user_9015785
pd-user_8329549
pd-user_4305240
pd-user_3355181
pd-user_8546920
pd-user_9733809
pd-user_3294966
pd-user_7472909
pd-user_8856890
pd-user_6863831
pd-user_4769429
pd-user_5479343
pd-user_6122018
pd-user_1881091
pd-user_1159358
pd-user_5083393
pd-user_6226869
pd-user_8649146
pd-user_3741412
pd-user_9919207
pd-user_5065146
pd-user_2431707
pd-user_6466960
pd-user_762424
pd-user_4535113
pd-user_9342982
pd-user_593462
pd-user_8970422
pd-user_5615411
pd-user_8793315
pd-user_988012
pd-user_5857513
pd-user_6712207
pd-user_9944142
pd-user_9281479
pd-user_9882782
pd-user_8076930
pd-user_1460787
pd-user_1218813
pd-user_4871666
pd-user_8356778
pd-user_1224007
pd-user_4020405
pd-user_5611076
pd-user_7956251
pd-user_5863818
pd-user_1339281
pd-user_9147815
pd-user_1508277
pd-user_6491984
pd-user_1059952
pd-user_3906348
pd-user_3362180
pd-user_8396706
pd-user_3079547
pd-user_5138215
pd-user_1891472
pd-user_4054406
pd-user_3357149
pd-user_1376664
pd-user_7072555
pd-user_7144040
pd-user_1110805
pd-user_2639001
pd-user_7434387
pd-user_1424561
pd-user_7303221
pd-user_8835728
pd-user_5037207
pd-user_5583418
pd-user_9824571
pd-user_6645096
pd-user_6310184
pd-user_4016518
pd-user_1818414
pd-user_9334006
pd-user_7575359
pd-user_6326440
pd-user_6592929
pd-user_2818289
pd-user_8397590
pd-user_2959360
pd-user_5961612
pd-user_4104981
pd-user_1790555
pd-user_4706015
pd-user_1614304
pd-user_8039633
pd-user_6043316
pd-user_5020819
pd-user_7211541
pd-user_8848940
pd-user_5184108
pd-user_8016192
pd-user_1271443
pd-user_4752002
pd-user_6756467
pd-user_4086677
pd-user_3677121
pd-user_7162971
pd-user_4391460
pd-user_9992531
pd-user_8103082
pd-user_8701048
pd-user_2212664
pd-user_6322822
pd-user_5270959
pd-user_4952316
pd-user_991433
pd-user_268607
pd-user_1507698
pd-user_6633970
pd-user_6239806
pd-user_5476684
pd-user_3661984
pd-user_8618830
pd-user_5609930
pd-user_287269
pd-user_338706
pd-user_5954676
pd-user_2624848
pd-user_8564274
pd-user_3244885
pd-user_3466220
pd-user_6345975
pd-user_9371398
pd-user_6080629
pd-user_7167279
pd-user_9974401
pd-user_6531094
pd-user_1151284
pd-user_4429448
pd-user_7197970
pd-user_1369007
pd-user_728768
pd-user_8018897
pd-user_1826686
pd-user_930106
pd-user_181921
pd-user_3320337
pd-user_3119738
pd-user_9022514
pd-user_2376661
pd-user_3362878
pd-user_4726126
pd-user_774356
pd-user_7360742
pd-user_4202608
pd-user_2995795
pd-user_2496190
pd-user_757944
pd-user_5902068
pd-user_3343191
pd-user_8431257
pd-user_5080348
pd-user_8701807
pd-user_864678
pd-user_679510
pd-user_8996453
pd-user_9687632
pd-user_1288375
pd-user_1186849
pd-user_6461118
pd-user_4373922
pd-user_2745942
pd-user_8235866
pd-user_833531
pd-user_5150574
pd-user_935358
pd-user_2790498
pd-user_292163
pd-user_8360476
pd-user_6085218
pd-user_2654613
pd-user_9005021
pd-user_5399850
pd-user_4708227
pd-user_7353478
pd-user_3844413
pd-user_4591913
pd-user_7158238
pd-user_9802435
pd-user_1537488
pd-user_978443
pd-user_6543892
pd-user_4113748
pd-user_1436480
pd-user_9829558
pd-user_5684160
pd-user_2816544
pd-user_9589526
pd-user_4921028
pd-user_8635330
pd-user_3296232
pd-user_181861
pd-user_9505304
pd-user_2333706
pd-user_3196114
pd-user_5837728
pd-user_6482385
pd-user_2036599
pd-user_2669262
pd-user_6312834
pd-user_8556079
pd-user_2039589
pd-user_6411238
pd-user_7663013
pd-user_9291995
pd-user_8734166
pd-user_3891998
pd-user_6906084
pd-user_2992689
pd-user_3356534
pd-user_9311009
pd-user_4253849
pd-user_5801966
pd-user_722970
pd-user_1950196
pd-user_2003150
pd-user_3772868
pd-user_3865985
pd-user_2627817
pd-user_7834452
pd-user_1482685
pd-user_2126840
pd-user_8271827
pd-user_3030903
pd-user_942695
pd-user_3692696
pd-user_3306618
pd-user_8269247
pd-user_4672309
pd-user_7597754
pd-user_3819882
pd-user_623713
pd-user_7732109
pd-user_7003747
pd-user_1927478
pd-user_7070977
pd-user_6002016
pd-user_6243353
pd-user_5473171
pd-user_6828778
pd-user_9771291
pd-user_8909587
pd-user_5557992
pd-user_2564240
pd-user_4912644
pd-user_9935046
pd-user_6821928
pd-user_1041649
pd-user_9254747
pd-user_652136
pd-user_2893588
pd-user_6102254
pd-user_4203460
pd-user_3129817
pd-user_66478
pd-user_8398215
pd-user_5767911
pd-user_7877428
pd-user_2793007
pd-user_5505786
pd-user_8653487
pd-user_6846839
pd-user_3733638
pd-user_1988903
pd-user_2367482
pd-user_9211966
pd-user_1582393
pd-user_2677330
pd-user_9026245
pd-user_7369867
pd-user_5477296
pd-user_2126508
pd-user_3100849
pd-user_1450421
pd-user_3533591
pd-user_2226084
pd-user_8900434
pd-user_1199727
pd-user_246023
pd-user_487139
pd-user_5600822
pd-user_6125251
pd-user_4213448
pd-user_1158171
pd-user_1740207
pd-user_8958448
pd-user_1670692
pd-user_6033702
pd-user_1538328
pd-user_6288741
pd-user_8873257
pd-user_7307265
pd-user_3133035
pd-user_3735002
pd-user_9616289
pd-user_5355111
pd-user_1706837
pd-user_2363813
pd-user_6013333
pd-user_5367942
pd-user_4801999
pd-user_5938655
pd-user_2260322
pd-user_8559481
pd-user_5194969
pd-user_6581210
pd-user_2818563
pd-user_2876852
pd-user_7197051
pd-user_684367
pd-user_2338608
pd-user_7232983
pd-user_7367091
pd-user_4692024
pd-user_426148
pd-user_8716631
pd-user_3846364
pd-user_4074945
pd-user_7548075
pd-user_8316157
pd-user_5810556
pd-user_1762237
pd-user_2316539
pd-user_978751
pd-user_4803386
pd-user_4901387
pd-user_2104803
pd-user_6319804
pd-user_6891071
pd-user_2120871
pd-user_7670237
pd-user_2945084
pd-user_8059920
pd-user_5203949
pd-user_9962056
pd-user_4119834
pd-user_6212901
pd-user_4969152
pd-user_3053708
pd-user_9505575
pd-user_5588371
pd-user_5028197
pd-user_8971909
pd-user_6838489
pd-user_6775885
pd-user_2846268
pd-user_6373652
pd-user_3927695
pd-user_2207914
pd-user_41307
pd-user_9302272
pd-user_3943294
pd-user_7087872
pd-user_1336249
pd-user_5451541
pd-user_3183251
pd-user_2725127
pd-user_6688325
pd-user_8302750
pd-user_7239949
pd-user_7346279
pd-user_9385557
pd-user_1322729
pd-user_3126214
pd-user_8372254
pd-user_7324277
pd-user_6534582
pd-user_4777931
pd-user_5457296
pd-user_2316230
pd-user_3204512
pd-user_3268831
pd-user_18317
pd-user_5137394
pd-user_6860119
pd-user_8898035
pd-user_6666732
pd-user_6419696
pd-user_7809339
pd-user_3542910
pd-user_2306913
pd-user_7500130
pd-user_1838908
pd-user_4111407
pd-user_7520389
pd-user_4054802
pd-user_9950211
pd-user_4397210
pd-user_6413468
pd-user_5443574
pd-user_3885829
pd-user_4706381
pd-user_4502118
pd-user_2329591
pd-user_3808661
pd-user_5448078
pd-user_2128584
pd-user_3833454
pd-user_5719519
pd-user_3556343
pd-user_147748
pd-user_5269280
pd-user_4252117
pd-user_4819272
pd-user_4981097
pd-user_6366606
pd-user_9088375
pd-user_9544466
pd-user_3352055
pd-user_7435096
pd-user_1373757
pd-user_6745507
pd-user_2642837
pd-user_1338884
pd-user_563830
pd-user_7620447
pd-user_9795734
pd-user_7879724
pd-user_1443156
pd-user_7196925
pd-user_6132039
pd-user_7876119
pd-user_8502931
pd-user_4314816
pd-user_5698805
pd-user_8640111
pd-user_3831319
pd-user_4364424
pd-user_274695
pd-user_9899452
pd-user_5182270
pd-user_2353846
pd-user_7767468
pd-user_1670200
pd-user_2775323
pd-user_9148825
pd-user_9575228
pd-user_6333530
pd-user_1184135
pd-user_4432471
pd-user_37156
pd-user_6712327
pd-user_2701292
pd-user_3798738
pd-user_1632586
pd-user_9284988
pd-user_6052803
pd-user_9980148
pd-user_4220405
pd-user_8733577
pd-user_7353469
pd-user_2030826
pd-user_5693181
pd-user_9297368
pd-user_8803661
pd-user_7568639
pd-user_5734576
pd-user_1267639
pd-user_4816154
pd-user_9580088
pd-user_7905153
pd-user_7990431
pd-user_5582044
pd-user_155069
pd-user_98575
pd-user_2245282
pd-user_2693820
pd-user_1152986
pd-user_7300332
pd-user_2770958
pd-user_8804859
pd-user_5748278
pd-user_6393323
pd-user_1132564
pd-user_7890002
pd-user_5719435
pd-user_9174144
pd-user_617394
pd-user_856546
pd-user_197818
pd-user_9159465
pd-user_5407854
pd-user_3461774
pd-user_7201020
pd-user_533527
pd-user_3929819
pd-user_7227379
pd-user_7145404
pd-user_9427570
pd-user_138556
pd-user_6440773
pd-user_4998220
pd-user_6357583
pd-user_7870424
pd-user_9715340
pd-user_476402
pd-user_7843310
pd-user_3740438
pd-user_5249510
pd-user_3404240
pd-user_1656984
pd-user_8683952
pd-user_7977020
pd-user_8503352
pd-user_5489853
pd-user_7351571
pd-user_4992936
pd-user_2119665
pd-user_3468745
pd-user_9453852
pd-user_6836061
pd-user_6812165
pd-user_505819
pd-user_5166168
pd-user_9641745
pd-user_9224111
pd-user_8795839
pd-user_6257632
pd-user_2125292
pd-user_5012581
pd-user_2007415
pd-user_7346253
pd-user_5979090
pd-user_3444853
pd-user_9575536
pd-user_6780426
pd-user_40548
pd-user_3300660
pd-user_9432349
pd-user_165246
pd-user_100162
pd-user_9411166
pd-user_4089908
pd-user_962421
pd-user_2161224
pd-user_7227046
pd-user_2257552
pd-user_5224694
pd-user_3632906
pd-user_4409050
pd-user_3840097
pd-user_5162617
pd-user_988607
pd-user_118201
pd-user_482063
pd-user_7999275
pd-user_6877926
pd-user_8636605
pd-user_5177692
pd-user_2403227
pd-user_1864138
pd-user_7068678
pd-user_2599965
pd-user_1728611
pd-user_7091748
pd-user_8609023
pd-user_8311077
pd-user_3528775
pd-user_6436234
pd-user_4204305
pd-user_9411101
pd-user_2633643
pd-user_8783458
pd-user_4573757
pd-user_6334820
pd-user_8708149
pd-user_6855885
pd-user_252366
pd-user_8764150
pd-user_1788769
pd-user_4055241
pd-user_9347004
pd-user_4177769
pd-user_5299761
pd-user_5454359
pd-user_2913364
pd-user_5410508
pd-user_4366252
pd-user_2263249
pd-user_7824889
pd-user_7632877
pd-user_2014014
pd-user_6678971
pd-user_3211372
pd-user_5885042
pd-user_1409983
pd-user_8224246
pd-user_4744468
pd-user_3269279
pd-user_610501
pd-user_8829542
pd-user_250020
pd-user_2867907
pd-user_6648901
pd-user_7327926
pd-user_4368083
pd-user_9859677
pd-user_4210858
pd-user_220314
pd-user_9466649
pd-user_434420
pd-user_7673610
pd-user_4855738
pd-user_2675663
pd-user_1801878
pd-user_6209139
pd-user_2993774
pd-user_7888294
pd-user_3134719
pd-user_3551
pd-user_6374005
pd-user_2064237
pd-user_222702
pd-user_401070
pd-user_5355219
pd-user_8418403
pd-user_3282092
pd-user_4931319
pd-user_5190508
pd-user_3319885
pd-user_5277604
pd-user_3433750
pd-user_1196999
pd-user_6204144
pd-user_497482
pd-user_8555497
pd-user_3811075
pd-user_8945065
pd-user_2843190
pd-user_505995
pd-user_1126779
pd-user_6150807
pd-user_2073230
pd-user_1476351
pd-user_2975216
pd-user_83098
pd-user_3102338
pd-user_462977
pd-user_2263941
pd-user_8228229
pd-user_61174
pd-user_5731370
pd-user_6824219
pd-user_877787
pd-user_6931265
pd-user_1978639
pd-user_2064401
pd-user_5004589
pd-user_2243510
pd-user_9142018
pd-user_2273236
pd-user_8011151
pd-user_3381997
pd-user_5006301
pd-user_9589336
pd-user_5446817
pd-user_6167797
pd-user_6545909
pd-user_286011
pd-user_9763058
pd-user_2266053
pd-user_2791018
pd-user_7066218
pd-user_3824094
pd-user_7823493
pd-user_5957329
pd-user_6645095
pd-user_8280076
pd-user_3017050
pd-user_718960
pd-user_2388622
pd-user_9051811
pd-user_6611089
pd-user_8018506
pd-user_5901050
pd-user_9928357
pd-user_4951265
pd-user_3878049
pd-user_6260150
pd-user_537867
pd-user_3109261
pd-user_9135019
pd-user_9021151
pd-user_419170
pd-user_8694682
pd-user_5540785
pd-user_3239271
pd-user_4702184
pd-user_2488123
pd-user_2785474
pd-user_4259159
pd-user_9549228
pd-user_1191444
pd-user_3853655
pd-user_7707110
pd-user_1554284
pd-user_5251780
pd-user_6206174
pd-user_3333158
pd-user_118442
pd-user_8057415
pd-user_8061433
pd-user_983178
pd-user_7426139
pd-user_1466212
pd-user_479178
pd-user_8255277
pd-user_2346971
pd-user_6799431
pd-user_3228394
pd-user_9010342
pd-user_820767
pd-user_9199119
pd-user_8026959
pd-user_6191394
pd-user_3889690
pd-user_8007244
pd-user_4477362
pd-user_7190262
pd-user_1560251
pd-user_1064617
pd-user_3924898
pd-user_72690
pd-user_4549263
pd-user_7098145
pd-user_6788539
pd-user_1376843
pd-user_2143502
pd-user_775782
pd-user_8478108
pd-user_7999486
pd-user_2167539
pd-user_7545432
pd-user_384608
pd-user_6517964
pd-user_2639944
pd-user_677600
pd-user_6595743
pd-user_7282885
pd-user_4233757
pd-user_418165
pd-user_9468695
pd-user_7751177
pd-user_9948018
pd-user_8789588
pd-user_2720301
pd-user_7758946
pd-user_8429736
pd-user_8453836
pd-user_9797349
pd-user_6896126
pd-user_4513636
pd-user_8170148
pd-user_7448866
pd-user_9699078
pd-user_6648751
pd-user_11267
pd-user_4436211
pd-user_6238893
pd-user_6892578
pd-user_4571667
pd-user_4955815
pd-user_7622319
pd-user_4625647
pd-user_9600758
pd-user_4852293
pd-user_2184059
pd-user_1027260
pd-user_3774125
pd-user_6614935
pd-user_8352776
pd-user_6792362
pd-user_305853
pd-user_1486714
pd-user_1077078
pd-user_9979803
pd-user_7077484
pd-user_9110334
pd-user_8199622
pd-user_2146213
pd-user_2178125
pd-user_2562732
pd-user_2059837
pd-user_4801987
pd-user_8369554
pd-user_5648815
pd-user_5286719
pd-user_3925824
pd-user_6429440
pd-user_9031475
pd-user_3781130
pd-user_2488413
pd-user_2330001
pd-user_9829477
pd-user_5573568
pd-user_2826644
pd-user_3206859
pd-user_7142457
pd-user_9700078
pd-user_9147498
pd-user_3231386
pd-user_4142515
pd-user_421653
pd-user_5036286
pd-user_9654495
pd-user_3321790
pd-user_7863083
pd-user_7466513
pd-user_2358004
pd-user_1806631
pd-user_1786089
pd-user_5585125
pd-user_3774466
pd-user_7410833
pd-user_5961529
pd-user_7709484
pd-user_3644261
pd-user_6858662
pd-user_8558931
pd-user_8156393
pd-user_3023143
pd-user_1691188
pd-user_2931889
pd-user_4209857
pd-user_70226
pd-user_8881597
pd-user_4789918
pd-user_2180702
pd-user_9628107
pd-user_9811833
pd-user_3137774
pd-user_377530
pd-user_8903343
pd-user_9526440
pd-user_3791293
pd-user_970260
pd-user_8511635
pd-user_5428242
pd-user_5699131
pd-user_2454456
pd-user_4345457
pd-user_8220309
pd-user_5289686
pd-user_8921202
pd-user_9711975
pd-user_5736228
pd-user_4638784
pd-user_3219825
pd-user_8835388
pd-user_6728142
pd-user_376886
pd-user_2159316
pd-user_2852363
pd-user_3474281
pd-user_4599368
pd-user_5683619
pd-user_569340
pd-user_6439486
pd-user_1525343
pd-user_2540409
pd-user_989355
pd-user_4824497
pd-user_7515608
pd-user_5446658
pd-user_4373822
pd-user_1053056
pd-user_5263740
pd-user_7428264
pd-user_6536566
pd-user_5200676
pd-user_4478635
pd-user_629181
pd-user_119151
pd-user_209263
pd-user_8506098
pd-user_440984
pd-user_3653233
pd-user_5778536
pd-user_1796980
pd-user_9807981
pd-user_7367590
pd-user_2584390
pd-user_2477138
pd-user_4176729
pd-user_5306601
pd-user_8682946
pd-user_8045611
pd-user_964945
pd-user_6919763
pd-user_7555246
pd-user_932736
pd-user_245045
pd-user_9390996
pd-user_5314505
pd-user_1741855
pd-user_6523257
pd-user_9654241
pd-user_1480653
pd-user_2851370
pd-user_1235602
pd-user_794710
pd-user_6859082
pd-user_231773
pd-user_4829935
pd-user_9623124
pd-user_601428
pd-user_2274169
pd-user_8427110
pd-user_3943875
pd-user_5273877
pd-user_3245661
pd-user_8914185
pd-user_7957419
pd-user_3056698
pd-user_2728092
pd-user_2207115
pd-user_2661564
pd-user_1678708
pd-user_7706391
pd-user_7423186
pd-user_1530302
pd-user_5620439
pd-user_3191444
pd-user_4448108
pd-user_3013054
pd-user_7599795
pd-user_6677719
pd-user_4456997
pd-user_2189295
pd-user_1589415
pd-user_4971218
pd-user_1355394
pd-user_7809308
pd-user_8582454
pd-user_6304733
pd-user_7110848
pd-user_6513033
pd-user_8014114
pd-user_8604287
pd-user_1498831
pd-user_3754540
pd-user_5316664
pd-user_5935247
pd-user_8703470
pd-user_8097312
pd-user_4154602
pd-user_2226482
pd-user_2789316
pd-user_194274
pd-user_2246978
pd-user_3191950
pd-user_3089383
pd-user_542136
pd-user_2401077
pd-user_5225653
pd-user_3349406
pd-user_2363654
pd-user_326021
pd-user_2849916
pd-user_2587820
pd-user_5180674
pd-user_689009
pd-user_6432810
pd-user_2228392
pd-user_6383646
pd-user_8885034
pd-user_9579823
pd-user_6419365
pd-user_4501119
pd-user_8992944
pd-user_629814
pd-user_9939271
pd-user_821295
pd-user_8403989
pd-user_3465542
pd-user_8380275
pd-user_552582
pd-user_8825756
pd-user_1114962
pd-user_4830581
pd-user_2564149
pd-user_7309850
pd-user_7699745
pd-user_9568293
pd-user_1742260
pd-user_2897078
pd-user_4232368
pd-user_7041778
pd-user_9193013
pd-user_3377923
pd-user_5971506
pd-user_151374
pd-user_8966223
pd-user_4348371
pd-user_6815366
pd-user_2995932
pd-user_431856
pd-user_1287840
pd-user_7501105
pd-user_6049283
pd-user_1909835
pd-user_272813
pd-user_1924027
pd-user_2176319
pd-user_6407602
pd-user_5808897
pd-user_7186287
pd-user_5911271
pd-user_649797
pd-user_180429
pd-user_441254
pd-user_9390195
pd-user_6970903
pd-user_7995341
pd-user_5833845
pd-user_5041198
pd-user_3085369
pd-user_7185711
pd-user_9290847
pd-user_7024629
pd-user_2841460
pd-user_6902263
pd-user_8612339
pd-user_9680436
pd-user_3871406
pd-user_5927046
pd-user_6480355
pd-user_9498110
pd-user_4412518
pd-user_1291003
pd-user_9463196
pd-user_6259998
pd-user_2665918
pd-user_8335253
pd-user_4325907
pd-user_2846422
pd-user_9337458
pd-user_8740200
pd-user_8693728
pd-user_7475453
pd-user_4917489
pd-user_7268578
pd-user_10629
pd-user_2052012
pd-user_6465644
pd-user_262321
pd-user_5228302
pd-user_8512569
pd-user_5408347
pd-user_1087958
pd-user_8454877
pd-user_8349051
pd-user_3789961
pd-user_4624143
pd-user_4782574
pd-user_4256680
pd-user_6734954
pd-user_659378
pd-user_4050558
pd-user_1945265
pd-user_5207187
pd-user_1499092
pd-user_8826008
pd-user_2660827
pd-user_9476364
pd-user_3282225
pd-user_142485
pd-user_7926267
pd-user_9696434
pd-user_9243412
pd-user_681027
pd-user_6882195
pd-user_654950
pd-user_9559655
pd-user_272545
pd-user_9714725
pd-user_9470037
pd-user_2865218
pd-user_1051190
pd-user_352856
pd-user_5798321
pd-user_3099153
pd-user_4949472
pd-user_9297269
pd-user_1050245
pd-user_7690566
pd-user_8510663
pd-user_3360108
pd-user_5752352
pd-user_9599288
pd-user_9839138
pd-user_590949
pd-user_731748
pd-user_1235597
pd-user_6964629
pd-user_758979
pd-user_3241252
pd-user_2414807
pd-user_9268939
pd-user_5352956
pd-user_5524579
pd-user_3278451
pd-user_6904609
pd-user_7938477
pd-user_7229704
pd-user_862001
pd-user_1050131
pd-user_1593387
pd-user_8993659
pd-user_1947105
pd-user_4006686
pd-user_3276590
pd-user_6704377
pd-user_8997008
pd-user_3306217
pd-user_6353214
pd-user_1671789
pd-user_2037674
pd-user_9020085
pd-user_9685930
pd-user_6694826
pd-user_9797414
pd-user_7003348
pd-user_4977728
pd-user_8881620
pd-user_7925531
pd-user_994302
pd-user_1749271
pd-user_1957878
pd-user_5559430
pd-user_7062201
pd-user_2818242
pd-user_9667402
pd-user_2418930
pd-user_9533796
pd-user_7592894
pd-user_6542416
pd-user_2780711
pd-user_3764914
pd-user_4810241
pd-user_1472213
pd-user_4507145
pd-user_9482062
pd-user_680239
pd-user_7609466
pd-user_4495398
pd-user_9838610
pd-user_8202087
pd-user_1805523
pd-user_20583
pd-user_6218874
pd-user_4354639
pd-user_104716
pd-user_7380176
pd-user_3689893
pd-user_5213803
pd-user_890384
pd-user_7197243
pd-user_7902742
pd-user_3894561
pd-user_3714778
pd-user_8886913
pd-user_9433981
pd-user_9452965
pd-user_1257568
pd-user_7761259
pd-user_3825178
pd-user_1993157
pd-user_6644677
pd-user_9525938
pd-user_5753223
pd-user_9124316
pd-user_6888479
pd-user_8383246
pd-user_8605944
pd-user_8871194
pd-user_6369603
pd-user_2514211
pd-user_6484443
pd-user_9470943
pd-user_1551696
pd-user_7004455
pd-user_7919689
pd-user_793311
pd-user_4811358
pd-user_2383104
pd-user_8600055
pd-user_7387014
pd-user_9995587
pd-user_8307384
pd-user_572893
pd-user_4066112
pd-user_2792167
pd-user_2430664
pd-user_4403840
pd-user_2461953
pd-user_8533208
pd-user_3834211
pd-user_1161435
pd-user_7386252
pd-user_7938064
pd-user_9048197
pd-user_2084696
pd-user_67673
pd-user_2865759
pd-user_3615537
pd-user_8350993
pd-user_3412527
pd-user_2834482
pd-user_2918323
pd-user_9850417
pd-user_2170114
pd-user_2374507
pd-user_927604
pd-user_7754332
pd-user_6521640
pd-user_343100
pd-user_4900500
pd-user_6357221
pd-user_690896
pd-user_6033968
pd-user_4265731
pd-user_1044941
pd-user_3998689
pd-user_6434780
pd-user_6860886
pd-user_4823788
pd-user_7774202
pd-user_9930935
pd-user_2227570
pd-user_7309405
pd-user_7658773
pd-user_6062253
pd-user_16268
pd-user_3403715
pd-user_3895501
pd-user_3100197
pd-user_6578658
pd-user_3832678
pd-user_8927869
pd-user_9683182
pd-user_6827680
pd-user_5549627
pd-user_8305416
pd-user_3739716
pd-user_4900611
pd-user_5632010
pd-user_2419358
pd-user_558028
pd-user_1209103
pd-user_6897126
pd-user_9004098
pd-user_2325246
pd-user_1884526
pd-user_2764766
pd-user_3593251
pd-user_7921864
pd-user_5502774
pd-user_3449229
pd-user_2374294
pd-user_3098037
pd-user_9848989
pd-user_2187362
pd-user_3328013
pd-user_6010934
pd-user_6336854
pd-user_6703480
pd-user_7338911
pd-user_1813187
pd-user_4607979
pd-user_6235007
pd-user_4745036
pd-user_5637788
pd-user_561606
pd-user_6585188
pd-user_5934630
pd-user_7146889
pd-user_7505266
pd-user_5034801
pd-user_2181770
pd-user_7557385
pd-user_6519558
pd-user_7603379
pd-user_931946
pd-user_2907192
pd-user_5600401
pd-user_8910893
pd-user_5945690
pd-user_7523271
pd-user_9088450
pd-user_3794794
pd-user_4517139
pd-user_4050856
pd-user_2788942
pd-user_7218194
pd-user_3585367
pd-user_9069873
pd-user_5987012
pd-user_6390626
pd-user_4087383
pd-user_5606552
pd-user_9322989
pd-user_3358714
pd-user_7981472
pd-user_4379954
pd-user_6738674
pd-user_1915857
pd-user_5646483
pd-user_3667121
pd-user_8733814
pd-user_7768232
pd-user_7348845
pd-user_3527817
pd-user_4687242
pd-user_3171065
pd-user_3251900
pd-user_870070
pd-user_7448940
pd-user_7369602
pd-user_2206540
pd-user_6427637
pd-user_8149284
pd-user_8225611
pd-user_3599329
pd-user_6142188
pd-user_2924081
pd-user_4448287
pd-user_3077661
pd-user_3504744
pd-user_6462110
pd-user_1752207
pd-user_1031353
pd-user_3183999
pd-user_7449918
pd-user_2478616
pd-user_2591302
pd-user_8760327
pd-user_958951
pd-user_3244481
pd-user_6120332
pd-user_1986966
pd-user_7195143
pd-user_8011203
pd-user_1160047
pd-user_5852859
pd-user_483417
pd-user_2218875
pd-user_2031037
pd-user_1438404
pd-user_9535584
pd-user_1345477
pd-user_9997876
pd-user_1172531
pd-user_6833483
pd-user_9935939
pd-user_5645939
pd-user_3203899
pd-user_3431101
pd-user_6924368
pd-user_6775752
pd-user_2454006
pd-user_1219041
pd-user_4931056
pd-user_2801045
pd-user_8255679
pd-user_2885173
pd-user_3052745
pd-user_2679753
pd-user_6943574
pd-user_5426302
pd-user_9514125
pd-user_1364052
pd-user_9066218
pd-user_2085324
pd-user_6991203
pd-user_5362557
pd-user_150717
pd-user_2383334
pd-user_1412091
pd-user_3629554
pd-user_5824701
pd-user_6040628
pd-user_9479812
pd-user_6191436
pd-user_9744090
pd-user_6511690
pd-user_4280367
pd-user_8529128
pd-user_2861842
pd-user_2592103
pd-user_8413605
pd-user_1801214
pd-user_6727267
pd-user_7603843
pd-user_9813255
pd-user_5709955
pd-user_9068816
pd-user_5395573
pd-user_4408357
pd-user_293015
pd-user_8773484
pd-user_9316150
pd-user_2237779
pd-user_4876972
pd-user_9861184
pd-user_1288319
pd-user_8057054
pd-user_3402439
pd-user_4966332
pd-user_1952611
pd-user_5316980
pd-user_3772351
pd-user_9029118
pd-user_2964151
pd-user_8991542
pd-user_1905782
pd-user_6623494
pd-user_9993330
pd-user_3823173
pd-user_2985807
pd-user_2765024
pd-user_3926537
pd-user_9120811
pd-user_2221927
pd-user_3060230
pd-user_7052070
pd-user_632974
pd-user_1085904
pd-user_7385930
pd-user_6647875
pd-user_4902010
pd-user_5897715
pd-user_2363664
pd-user_9118434
pd-user_7298530
pd-user_5704827
pd-user_472269
pd-user_8129918
pd-user_4414216
pd-user_2767369
pd-user_6175009
pd-user_5743849
pd-user_78271
pd-user_3310729
pd-user_2364225
pd-user_5403104
pd-user_3858771
pd-user_5731875
pd-user_8941461
pd-user_1918441
pd-user_9735214
pd-user_3615971
pd-user_6429641
pd-user_611313
pd-user_2914073
pd-user_8945646
pd-user_5987299
pd-user_2276588
pd-user_1699803
pd-user_1339904
pd-user_6901300
pd-user_3574405
pd-user_1436487
pd-user_3449111
pd-user_2648005
pd-user_4735479
pd-user_7307690
pd-user_1116052
pd-user_8587614
pd-user_4117423
pd-user_4806942
pd-user_5688008
pd-user_3689343
pd-user_8450939
pd-user_8628521
pd-user_6582024
pd-user_1197959
pd-user_6051560
pd-user_1424854
pd-user_3826752
pd-user_6468013
pd-user_1966554
pd-user_8092596
pd-user_4587065
pd-user_978431
pd-user_4384280
pd-user_1509030
pd-user_458655
pd-user_268580
pd-user_2689654
pd-user_2338022
pd-user_1440943
pd-user_9378350
pd-user_702351
pd-user_392865
pd-user_3126327
pd-user_4638816
pd-user_4828660
pd-user_5448244
pd-user_7774902
pd-user_343843
pd-user_919654
pd-user_9550224
pd-user_558188
pd-user_3521533
pd-user_311771
pd-user_3371474
pd-user_1102921
pd-user_7372844
pd-user_4934524
pd-user_9991086
pd-user_890868
pd-user_6528378
pd-user_5192976
pd-user_4555903
pd-user_5802425
pd-user_3302257
pd-user_3950450
pd-user_4243053
pd-user_1485006
pd-user_86906
pd-user_1184324
pd-user_7570653
pd-user_1337931
pd-user_8593878
pd-user_5063764
pd-user_6356484
pd-user_8089410
pd-user_6469667
pd-user_5376402
pd-user_5729600
pd-user_6956901
pd-user_1484133
pd-user_5798642
pd-user_5152527
pd-user_8764316
pd-user_2280599
pd-user_2316128
pd-user_8658834
pd-user_7813749
pd-user_9307421
pd-user_7537265
pd-user_3967288
pd-user_3661090
pd-user_9159849
pd-user_2892299
pd-user_2016285
pd-user_767393
pd-user_7007940
pd-user_5991785
pd-user_8671425
pd-user_3983524
pd-user_4740299
pd-user_7406443
pd-user_7656807
pd-user_9499781
pd-user_9179159
pd-user_5923189
pd-user_2110122
pd-user_6604691
pd-user_314113
pd-user_1516674
pd-user_4228024
pd-user_2982560
pd-user_7204072
pd-user_1791377
pd-user_6829845
pd-user_2250677
pd-user_5034314
pd-user_2172056
pd-user_3227496
pd-user_6396216
pd-user_4190826
pd-user_6483897
pd-user_6054058
pd-user_1926713
pd-user_9835531
pd-user_1418926
pd-user_9416002
pd-user_9684093
pd-user_8620222
pd-user_1230145
pd-user_7686901
pd-user_3565330
pd-user_1235708
pd-user_371197
pd-user_2062019
pd-user_6181866
pd-user_1294068
pd-user_1772477
pd-user_6138606
pd-user_2829574
pd-user_9137136
pd-user_5497129
pd-user_5803521
pd-user_6843847
pd-user_95095
pd-user_236024
pd-user_6154222
pd-user_8693880
pd-user_3069477
pd-user_3085598
pd-user_9150379
pd-user_280035
pd-user_569725
pd-user_3716712
pd-user_8172211
pd-user_1801719
pd-user_9546076
pd-user_8508671
pd-user_9303476
pd-user_4182639
pd-user_7683188
pd-user_277949
pd-user_5499204
pd-user_5753035
pd-user_9146873
pd-user_4679422
pd-user_8286694
pd-user_841652
pd-user_1719927
pd-user_1524346
pd-user_6678393
pd-user_1451647
pd-user_3408226
pd-user_9955777
pd-user_7554394
pd-user_949567
pd-user_7499009
pd-user_3007910
pd-user_1048738
pd-user_6553480
pd-user_5234479
pd-user_7591776
pd-user_5230979
pd-user_1600206
pd-user_6414448
pd-user_7411101
pd-user_5398267
pd-user_9556823
pd-user_8539851
pd-user_9422432
pd-user_8701849
pd-user_5218279
pd-user_2623827
pd-user_1145987
pd-user_3803031
pd-user_3267824
pd-user_8336157
pd-user_1802528
pd-user_9342390
pd-user_3076789
pd-user_786877
pd-user_8638214
pd-user_6623725
pd-user_5407915
pd-user_8294024
pd-user_9647799
pd-user_9212860
pd-user_9014086
pd-user_6844347
pd-user_151518
pd-user_2161513
pd-user_8671006
pd-user_9297285
pd-user_2878185
pd-user_414027
pd-user_9211881
pd-user_6145717
pd-user_7995113
pd-user_1202370
pd-user_7858685
pd-user_1071482
pd-user_8116695
pd-user_9552018
pd-user_2538875
pd-user_714962
pd-user_3314489
pd-user_5488473
pd-user_2971068
pd-user_1769483
pd-user_6850344
pd-user_3614155
pd-user_5816802
pd-user_748829
pd-user_588092
pd-user_9082946
pd-user_8260168
pd-user_8049727
pd-user_1294516
pd-user_5226660
pd-user_4524354
pd-user_8754108
pd-user_1103165
pd-user_1931836
pd-user_4683114
pd-user_690352
pd-user_1697506
pd-user_2154235
pd-user_7869955
pd-user_1782431
pd-user_4990000
pd-user_1251572
pd-user_3072711
pd-user_7142002
pd-user_8108672
pd-user_7651571
pd-user_6022425
pd-user_4999817
pd-user_3891675
pd-user_5051242
pd-user_3103643
pd-user_3200107
pd-user_9499169
pd-user_999577
pd-user_3989191
pd-user_4862528
pd-user_4420791
pd-user_2350
pd-user_3298503
pd-user_9580960
pd-user_1154983
pd-user_4330221
pd-user_4320054
pd-user_4340664
pd-user_7708442
pd-user_3445015
pd-user_7411126
pd-user_4319168
pd-user_8104665
pd-user_3902092
pd-user_978935
pd-user_1866443
pd-user_9990672
pd-user_4663566
pd-user_4620333
pd-user_3439243
pd-user_4025809
pd-user_4766011
pd-user_3618642
pd-user_9317888
pd-user_3139645
pd-user_1397638
pd-user_8827590
pd-user_2379670
pd-user_3036621
pd-user_3236745
pd-user_1096254
pd-user_5672012
pd-user_9570262
pd-user_6358737
pd-user_4752324
pd-user_3478429
pd-user_1096578
pd-user_8774014
pd-user_1237853
pd-user_2794509
pd-user_5069148
pd-user_5933158
pd-user_1379429
pd-user_7481240
pd-user_1446697
pd-user_3835901
pd-user_8074596
pd-user_1244586
pd-user_6461504
pd-user_2320863
pd-user_5665078
pd-user_5632454
pd-user_499026
pd-user_8183301
pd-user_704042
pd-user_1617624
pd-user_8992658
pd-user_9823493
pd-user_1575636
pd-user_4205579
pd-user_4106433
pd-user_4511510
pd-user_9561117
pd-user_7724021
pd-user_2869293
pd-user_8300238
pd-user_9286390
pd-user_9167291
pd-user_5439971
pd-user_8101734
pd-user_5120700
pd-user_6243520
pd-user_5747371
pd-user_3942269
pd-user_5875385
pd-user_7253794
pd-user_6643667
pd-user_7012305
pd-user_6990483
pd-user_3703722
pd-user_6140677
pd-user_4936633
pd-user_3260062
pd-user_4444836
pd-user_681536
pd-user_7293321
pd-user_5133423
pd-user_5263748
pd-user_5219528
pd-user_6846683
pd-user_1899554
pd-user_2079583
pd-user_5723102
pd-user_6717329
pd-user_9078465
pd-user_9196271
pd-user_6633065
pd-user_7561376
pd-user_2675798
pd-user_2596851
pd-user_8319270
pd-user_1084939
pd-user_1332986
pd-user_3529020
pd-user_1778070
pd-user_6092091
pd-user_2682209
pd-user_8369203
pd-user_1359786
pd-user_3835621
pd-user_9850585
pd-user_9326697
pd-user_3922602
pd-user_4447364
pd-user_2608549
pd-user_7860550
pd-user_5813041
pd-user_2995094
pd-user_1537115
pd-user_7282259
pd-user_2178363
pd-user_7082737
pd-user_9049452
pd-user_1511641
pd-user_8012452
pd-user_6322394
pd-user_5100621
pd-user_8185001
pd-user_5599062
pd-user_7933027
pd-user_5764422
pd-user_3637509
pd-user_6764127
pd-user_1614043
pd-user_7221234
pd-user_6275845
pd-user_394507
pd-user_744814
pd-user_8240243
pd-user_9906739
pd-user_4610974
pd-user_8459886
pd-user_6747957
pd-user_6444609
pd-user_972592
pd-user_1832425
pd-user_3729950
pd-user_5273670
pd-user_6258172
pd-user_159959
pd-user_5856819
pd-user_4243553
pd-user_7841685
pd-user_3491454
pd-user_2643788
pd-user_8254010
pd-user_3008871
pd-user_4962005
pd-user_8176068
pd-user_6510464
pd-user_8370716
pd-user_3455509
pd-user_5989064
pd-user_6214392
pd-user_4079980
pd-user_8041492
pd-user_7023286
pd-user_8525694
pd-user_8084342
pd-user_35721
pd-user_9258571
pd-user_7599763
pd-user_3646515
pd-user_9942460
pd-user_158411
pd-user_5459437
pd-user_6477248
pd-user_9725960
pd-user_8400573
pd-user_4427346
pd-user_1231419
pd-user_2866574
pd-user_1370456
pd-user_2195592
pd-user_2455414
pd-user_399636
pd-user_3023623
pd-user_8145241
pd-user_3197573
pd-user_6151105
pd-user_8715498
pd-user_4478848
pd-user_9975083
pd-user_1961230
pd-user_9935138
pd-user_6864001
pd-user_1855119
pd-user_5998019
pd-user_7121458
pd-user_4996197
pd-user_7374535
pd-user_3464542
pd-user_4058679
pd-user_8941941
pd-user_1585235
pd-user_2725187
pd-user_9670299
pd-user_1843015
pd-user_9219939
pd-user_4254678
pd-user_4017777
pd-user_7399342
pd-user_1827252
pd-user_8249870
pd-user_9242829
pd-user_6785458
pd-user_5987171
pd-user_2007659
pd-user_8220409
pd-user_7330198
pd-user_9599753
pd-user_5091291
pd-user_4059121
pd-user_1742716
pd-user_6032646
pd-user_3156815
pd-user_7386586
pd-user_7326473
pd-user_2133339
pd-user_3817523
pd-user_5369695
pd-user_2531681
pd-user_1037720
pd-user_4051608
pd-user_1613186
pd-user_9039606
pd-user_7680505
pd-user_933364
pd-user_4821794
pd-user_8201962
pd-user_6019410
pd-user_53166
pd-user_7149740
pd-user_3892429
pd-user_5492713
pd-user_9529980
pd-user_2182404
pd-user_4961953
pd-user_4443146
pd-user_7982226
pd-user_7015761
pd-user_2004991
pd-user_6940206
pd-user_923196
pd-user_5654128
pd-user_5320647
pd-user_8791398
pd-user_4883093
pd-user_8131680
pd-user_1288921
pd-user_9855350
pd-user_5415980
pd-user_6026670
pd-user_5461854
pd-user_1983021
pd-user_9290127
pd-user_7919161
pd-user_209367
pd-user_2572463
pd-user_7933039
pd-user_925030
pd-user_6979715
pd-user_8662807
pd-user_3093201
pd-user_2267320
pd-user_6200840
pd-user_989666
pd-user_9040039
pd-user_2490987
pd-user_8611586
pd-user_7093033
pd-user_3116195
pd-user_292230
pd-user_3448922
pd-user_2817447
pd-user_4964453
pd-user_9142181
pd-user_640144
pd-user_42051
pd-user_153855
pd-user_6897615
pd-user_1817409
pd-user_7591417
pd-user_5141146
pd-user_7566558
pd-user_3917739
pd-user_1519849
pd-user_6641721
pd-user_5944744
pd-user_854576
pd-user_3632640
pd-user_3248471
pd-user_7501333
pd-user_4015186
pd-user_7168067
pd-user_3320948
pd-user_2654165
pd-user_9708923
pd-user_6904042
pd-user_1626942
pd-user_6198582
pd-user_2040739
pd-user_2662913
pd-user_6217095
pd-user_6211488
pd-user_4573758
pd-user_2062192
pd-user_9041625
pd-user_3667110
pd-user_3290068
pd-user_6065317
pd-user_1875736
pd-user_7668855
pd-user_4272496
pd-user_7177793
pd-user_9581441
pd-user_4285099
pd-user_3551040
pd-user_9633589
pd-user_2781360
pd-user_3062110
pd-user_7864509
pd-user_272334
pd-user_7226988
pd-user_533622
pd-user_9000256
pd-user_4419218
pd-user_5311806
pd-user_4800227
pd-user_3307246
pd-user_7861738
pd-user_1870003
pd-user_9743288
pd-user_640302
pd-user_4958009
pd-user_1318852
pd-user_6826076
pd-user_4631356
pd-user_9474481
pd-user_6628834
pd-user_6538154
pd-user_7789286
pd-user_6747610
pd-user_1917942
pd-user_4614764
pd-user_9415941
pd-user_5136492
pd-user_7468418
pd-user_8983200
pd-user_9817735
pd-user_6860976
pd-user_3793366
pd-user_9370049
pd-user_8676194
pd-user_4270360
pd-user_2061525
pd-user_9590548
pd-user_9735023
pd-user_9017261
pd-user_1607250
pd-user_2965303
pd-user_5328155
pd-user_5465889
pd-user_6030773
pd-user_6835224
pd-user_3236888
pd-user_3198268
pd-user_2750818
pd-user_4254757
pd-user_4500331
pd-user_2923412
pd-user_2757281
pd-user_1449198
pd-user_588208
pd-user_6396038
pd-user_4331049
pd-user_8299052
pd-user_7113800
pd-user_6330198
pd-user_6367860
pd-user_749693
pd-user_245819
pd-user_838700
pd-user_2393648
pd-user_9611550
pd-user_4562585
pd-user_713171
pd-user_3775187
pd-user_5731019
pd-user_959165
pd-user_3224547
pd-user_696597
pd-user_2804178
pd-user_5359314
pd-user_303737
pd-user_7376782
pd-user_296783
pd-user_4136239
pd-user_759025
pd-user_6835317
pd-user_2191794
pd-user_7040310
pd-user_1663830
pd-user_9070111
pd-user_1366830
pd-user_142639
pd-user_9431283
pd-user_5621583
pd-user_8246141
pd-user_1993290
pd-user_5198579
pd-user_725560
pd-user_8299411
pd-user_8426128
pd-user_1402638
pd-user_6406953
pd-user_916764
pd-user_2664841
pd-user_609765
pd-user_9223045
pd-user_7319342
pd-user_8228362
pd-user_6091679
pd-user_7306846
pd-user_3897616
pd-user_8625495
pd-user_4906041
pd-user_8961226
pd-user_763662
pd-user_4205394
pd-user_2309871
pd-user_9325347
pd-user_4498414
pd-user_1687395
pd-user_4446822
pd-user_1071536
pd-user_2367466
pd-user_9554895
pd-user_1549928
pd-user_6823119
pd-user_6520319
pd-user_8501093
pd-user_9082754
pd-user_5847388
pd-user_926054
pd-user_2202701
pd-user_293802
pd-user_9331264
pd-user_3304285
pd-user_4625419
pd-user_4580558
pd-user_9068259
pd-user_752782
pd-user_4264866
pd-user_2787355
pd-user_1336760
pd-user_1667524
pd-user_4878931
pd-user_1762080
pd-user_6340798
pd-user_2961642
pd-user_5289756
pd-user_7669565
pd-user_6374897
pd-user_2115969
pd-user_9254508
pd-user_7627263
pd-user_6619257
pd-user_9964480
pd-user_1265764
pd-user_140978
pd-user_9009680
pd-user_1789388
pd-user_7271938
pd-user_5962719
pd-user_1600552
pd-user_6996940
pd-user_2491362
pd-user_4242271
pd-user_9684000
pd-user_3604969
pd-user_5366310
pd-user_5389748
pd-user_5481419
pd-user_8367351
pd-user_8738568
pd-user_6506085
pd-user_4617587
pd-user_6458939
pd-user_3704907
pd-user_2671897
pd-user_1243725
pd-user_7201343
pd-user_8962459
pd-user_2309305
pd-user_8123631
pd-user_7087200
pd-user_8819407
pd-user_8208453
pd-user_8216115
pd-user_1529604
pd-user_4718567
pd-user_349758
pd-user_5363112
pd-user_5016556
pd-user_3546728
pd-user_8096801
pd-user_5096742
pd-user_3562040
pd-user_7031564
pd-user_2745046
pd-user_774176
pd-user_303681
pd-user_2280502
pd-user_9353338
pd-user_5536503
pd-user_7220591
pd-user_6800002
pd-user_4220873
pd-user_3583368
pd-user_1450975
pd-user_1768330
pd-user_9262538
pd-user_6433194
pd-user_5370961
pd-user_4292166
pd-user_4338595
pd-user_1419184
pd-user_2087237
pd-user_6813932
pd-user_7291820
pd-user_8347207
pd-user_3002315
pd-user_3039885
pd-user_2604984
pd-user_1600177
pd-user_1956204
pd-user_755658
pd-user_1345838
pd-user_2165826
pd-user_3671196
pd-user_4697183
pd-user_1586825
pd-user_6925189
pd-user_636650
pd-user_9542093
pd-user_2908277
pd-user_6838391
pd-user_9322708
pd-user_8820229
pd-user_3930563
pd-user_8233376
pd-user_478841
pd-user_6441127
pd-user_7954458
pd-user_7108683
pd-user_1111201
pd-user_7429267
pd-user_8194373
pd-user_5787072
pd-user_4161800
pd-user_1627698
pd-user_8111219
pd-user_4066312
pd-user_483363
pd-user_5061453
pd-user_3649160
pd-user_3589381
pd-user_3691136
pd-user_6177583
pd-user_6191198
pd-user_9226929
pd-user_4193374
pd-user_9428653
pd-user_8436059
pd-user_2440484
pd-user_7555166
pd-user_8834334
pd-user_9962326
pd-user_1728722
pd-user_8711248
pd-user_3080603
pd-user_7275996
pd-user_2989973
pd-user_2850372
pd-user_3975308
pd-user_6755283
pd-user_9160130
pd-user_7801154
pd-user_6907928
pd-user_4978287
pd-user_4570077
pd-user_3211160
pd-user_6158100
pd-user_2138537
pd-user_1538213
pd-user_5793773
pd-user_8454366
pd-user_3612910
pd-user_1174953
pd-user_39278
pd-user_1062225
pd-user_6955098
pd-user_7641636
pd-user_5211936
pd-user_8137039
pd-user_5451096
pd-user_8078954
pd-user_8066805
pd-user_6942092
pd-user_1553950
pd-user_1765307
pd-user_4210130
pd-user_3464652
pd-user_676601
pd-user_7212890
pd-user_7930950
pd-user_5666100
pd-user_5022099
pd-user_908518
pd-user_8100359
pd-user_4128115
pd-user_3431611
pd-user_3541232
pd-user_2598244
pd-user_144191
pd-user_9966418
pd-user_7107842
pd-user_8154771
pd-user_3013737
pd-user_8140688
pd-user_5637118
pd-user_7257349
pd-user_251172
pd-user_4022705
pd-user_8147406
pd-user_9616696
pd-user_1132681
pd-user_5310878
pd-user_2072181
pd-user_5357373
pd-user_5701417
pd-user_5654561
pd-user_9201172
pd-user_6933147
pd-user_7673971
pd-user_6643664
pd-user_8586951
pd-user_6516749
pd-user_5304627
pd-user_3644994
pd-user_6122833
pd-user_7085206
pd-user_5672042
pd-user_8779485
pd-user_9872019
pd-user_2410324
pd-user_9622824
pd-user_9084651
pd-user_1329237
pd-user_670198
pd-user_6915327
pd-user_6626678
pd-user_8123236
pd-user_7372090
pd-user_8259360
pd-user_6205498
pd-user_3885510
pd-user_8737590
pd-user_6806713
pd-user_325327
pd-user_822640
pd-user_2768066
pd-user_1148747
pd-user_5614846
pd-user_7887253
pd-user_4522567
pd-user_6647096
pd-user_7130951
pd-user_3590742
pd-user_2547831
pd-user_7536976
pd-user_2530309
pd-user_1078456
pd-user_7924748
pd-user_4476781
pd-user_4470700
pd-user_354116
pd-user_3560023
pd-user_5701988
pd-user_2577201
pd-user_2399558
pd-user_9965103
pd-user_5326321
pd-user_5512756
pd-user_8703240
pd-user_8754111
pd-user_4831512
pd-user_551837
pd-user_4403404
pd-user_8782783
pd-user_6793818
pd-user_4264197
pd-user_9489794
pd-user_6535750
pd-user_1309298
pd-user_1090704
pd-user_4378534
pd-user_4250608
pd-user_8525430
pd-user_7354751
pd-user_3657571
pd-user_9404303
pd-user_1174667
pd-user_6690346
pd-user_6046759
pd-user_1622773
pd-user_9667305
pd-user_2562714
pd-user_417553
pd-user_9729429
pd-user_9688786
pd-user_6670438
pd-user_1964280
pd-user_9506710
pd-user_6053796
pd-user_9927641
pd-user_1037046
pd-user_958026
pd-user_2758799
pd-user_2411130
pd-user_9719124
pd-user_5826049
pd-user_8510318
pd-user_7896734
pd-user_6323488
pd-user_1376153
pd-user_2189541
pd-user_9946609
pd-user_2857147
pd-user_110655
pd-user_5857659
pd-user_8922556
pd-user_2995838
pd-user_2847464
pd-user_306125
pd-user_2996289
pd-user_7982762
pd-user_6947792
pd-user_5719230
pd-user_9054941
pd-user_1245308
pd-user_9329540
pd-user_9212346
pd-user_2402435
pd-user_7617108
pd-user_3388803
pd-user_4427893
pd-user_5322014
pd-user_7600477
pd-user_5016600
pd-user_9277297
pd-user_1305816
pd-user_8958923
pd-user_1974749
pd-user_3750929
pd-user_782348
pd-user_8926802
pd-user_8918486
pd-user_372693
pd-user_2798283
pd-user_8458326
pd-user_2382480
pd-user_7027209
pd-user_679327
pd-user_7355885
pd-user_3892560
pd-user_3955156
pd-user_768982
pd-user_2760065
pd-user_1650581
pd-user_780855
pd-user_6522581
pd-user_453339
pd-user_368530
pd-user_5337447
pd-user_2804605
pd-user_6390556
pd-user_1868838
pd-user_4020707
pd-user_2497248
pd-user_2489498
pd-user_3174641
pd-user_41617
pd-user_3087448
pd-user_3447735
pd-user_3795079
pd-user_4928966
pd-user_6657778
pd-user_6714014
pd-user_1974796
pd-user_6848607
pd-user_4252882
pd-user_1276583
pd-user_3769778
pd-user_9657702
pd-user_9439929
pd-user_5280939
pd-user_5461763
pd-user_6520828
pd-user_6874104
pd-user_1118152
pd-user_9245003
pd-user_4418597
pd-user_2965606
pd-user_3531590
pd-user_3800572
pd-user_6604115
pd-user_1065043
pd-user_4421874
pd-user_4227930
pd-user_6178778
pd-user_7318965
pd-user_2743449
pd-user_6778608
pd-user_9584198
pd-user_195902
pd-user_7488966
pd-user_5775569
pd-user_2263607
pd-user_7945493
pd-user_5605205
pd-user_8300321
pd-user_743074
pd-user_3480277
pd-user_7177881
pd-user_9453420
pd-user_3438251
pd-user_4914730
pd-user_3919947
pd-user_3097856
pd-user_2585835
pd-user_4784881
pd-user_5178787
pd-user_3024024
pd-user_1267987
pd-user_3106924
pd-user_2719218
pd-user_8302540
pd-user_8545043
pd-user_4365195
pd-user_1263914
pd-user_769192
pd-user_8478607
pd-user_6319139
pd-user_2961524
pd-user_46649
pd-user_3807825
pd-user_7587448
pd-user_5504137
pd-user_9299916
pd-user_1099692
pd-user_9839621
pd-user_8966331
pd-user_2627940
pd-user_5080095
pd-user_3391411
pd-user_6792546
pd-user_806317
pd-user_7347817
pd-user_3897154
pd-user_8353415
pd-user_9971740
pd-user_8704769
pd-user_530529
pd-user_2754424
pd-user_7264566
pd-user_7143257
pd-user_8349428
pd-user_3109422
pd-user_1638018
pd-user_7972578
pd-user_5036452
pd-user_9727573
pd-user_7759667
pd-user_6451087
pd-user_6152152
pd-user_6275858
pd-user_1961106
pd-user_2813937
pd-user_1064411
pd-user_8668616
pd-user_3500381
pd-user_2595239
pd-user_4665738
pd-user_3470990
pd-user_1487954
pd-user_725777
pd-user_2626570
pd-user_3752014
pd-user_6648325
pd-user_4759087
pd-user_5020881
pd-user_1749799
pd-user_1353214
pd-user_2383588
pd-user_8420683
pd-user_1841491
pd-user_5365929
pd-user_2112830
pd-user_9176372
pd-user_4117548
pd-user_8606012
pd-user_2937594
pd-user_3761934
pd-user_8678819
pd-user_6733371
pd-user_1888987
pd-user_2814820
pd-user_9341609
pd-user_2363900
pd-user_2823890
pd-user_8529703
pd-user_525166
pd-user_1906653
pd-user_1671687
pd-user_3256078
pd-user_1490752
pd-user_5459601
pd-user_9801534
pd-user_2225779
pd-user_7744169
pd-user_5697211
pd-user_1607740
pd-user_7327414
pd-user_3373241
pd-user_5380868
pd-user_5219566
pd-user_2302729
pd-user_8895376
pd-user_1344041
pd-user_7276469
pd-user_1900420
pd-user_71524
pd-user_6604403
pd-user_7145466
pd-user_2622066
pd-user_7145255
pd-user_3428025
pd-user_8515312
pd-user_333528
pd-user_4853293
pd-user_9668978
pd-user_3234171
pd-user_1240977
pd-user_3381985
pd-user_7948034
pd-user_9386927
pd-user_3558710
pd-user_2269341
pd-user_897966
pd-user_4767984
pd-user_4208936
pd-user_4600972
pd-user_5775414
pd-user_1367056
pd-user_5217028
pd-user_8296705
pd-user_3688807
pd-user_8066797
pd-user_9682325
pd-user_9968939
pd-user_9947161
pd-user_1999737
pd-user_289776
pd-user_9799722
pd-user_4314789
pd-user_1187974
pd-user_7497150
pd-user_5563204
pd-user_1147788
pd-user_2108687
pd-user_4011363
pd-user_8402735
pd-user_8077525
pd-user_4446897
pd-user_3101273
pd-user_4317733
pd-user_7790440
pd-user_1915821
pd-user_7759403
pd-user_7214333
pd-user_383273
pd-user_1683112
pd-user_4544208
pd-user_9806881
pd-user_95671
pd-user_2093631
pd-user_9711488
pd-user_8729403
pd-user_1488831
pd-user_9363787
pd-user_5319100
pd-user_6078175
pd-user_6253776
pd-user_3461272
pd-user_707995
pd-user_6828100
pd-user_9391557
pd-user_5990923
pd-user_299255
pd-user_1101513
pd-user_8938574
pd-user_8110798
pd-user_7338646
pd-user_4555659
pd-user_4800802
pd-user_3077047
pd-user_3990282
pd-user_5856788
pd-user_7852938
pd-user_2926277
pd-user_4190699
pd-user_4528080
pd-user_1189624
pd-user_5130496
pd-user_6738575
pd-user_4340718
pd-user_7894741
pd-user_8762005
pd-user_3390616
pd-user_6239057
pd-user_7211968
pd-user_6670508
pd-user_4928698
pd-user_9700151
pd-user_1357753
pd-user_6244388
pd-user_5287265
pd-user_5748384
pd-user_763561
pd-user_8326680
pd-user_7695914
pd-user_5954365
pd-user_4294748
pd-user_8710618
pd-user_5022869
pd-user_5054610
pd-user_9774269
pd-user_9997519
pd-user_5331990
pd-user_4274835
pd-user_1265883
pd-user_5248948
pd-user_109727
pd-user_15808
pd-user_2145215
pd-user_5667821
pd-user_7370701
pd-user_8577241
pd-user_5501213
pd-user_2933136
pd-user_1521687
pd-user_9704595
pd-user_2147684
pd-user_6533910
pd-user_57874
pd-user_6177334
pd-user_8852487
pd-user_4659672
pd-user_3207123
pd-user_1180459
pd-user_1645124
pd-user_5670077
pd-user_2111054
pd-user_1713602
pd-user_7295045
pd-user_1794121
pd-user_2431360
pd-user_3021002
pd-user_9325575
pd-user_309585
pd-user_522401
pd-user_2725746
pd-user_3622854
pd-user_8021818
pd-user_7520585
pd-user_2987553
pd-user_2149750
pd-user_217850
pd-user_121589
pd-user_5877547
pd-user_7492486
pd-user_4556659
pd-user_7653902
pd-user_8969343
pd-user_7088887
pd-user_9721177
pd-user_3983822
pd-user_6952851
pd-user_570118
pd-user_5551561
pd-user_8211667
pd-user_7424745
pd-user_9722290
pd-user_3799408
pd-user_2969795
pd-user_6508838
pd-user_9067255
pd-user_1928223
pd-user_3007757
pd-user_7650025
pd-user_6641018
pd-user_4965389
pd-user_7161294
pd-user_4939141
pd-user_9615711
pd-user_1200630
pd-user_6177966
pd-user_1624816
pd-user_1403168
pd-user_4502853
pd-user_9834195
pd-user_1937819
pd-user_1672170
pd-user_3998505
pd-user_8358372
pd-user_5694491
pd-user_1002628
pd-user_5608868
pd-user_6369418
pd-user_1748920
pd-user_1156810
pd-user_751946
pd-user_8037298
pd-user_1757628
pd-user_2049791
pd-user_1750245
pd-user_9948037
pd-user_8090351
pd-user_3446710
pd-user_4666771
pd-user_9977472
pd-user_3242541
pd-user_8706801
pd-user_2917358
pd-user_5787179
pd-user_5736653
pd-user_387723
pd-user_446922
pd-user_4398146
pd-user_6929495
pd-user_8470653
pd-user_2520918
pd-user_1244861
pd-user_7984444
pd-user_1442417
pd-user_4627127
pd-user_2702835
pd-user_6447862
pd-user_6952012
pd-user_2887256
pd-user_2494975
pd-user_6639271
pd-user_9622953
pd-user_6503048
pd-user_8898807
pd-user_9174239
pd-user_1329504
pd-user_9334823
pd-user_9628990
pd-user_6788695
pd-user_1472035
pd-user_3242789
pd-user_8975840
pd-user_8299452
pd-user_2704770
pd-user_2534761
pd-user_4560306
pd-user_3003160
pd-user_398690
pd-user_9935998
pd-user_8111637
pd-user_4295904
pd-user_7841288
pd-user_3950374
pd-user_6743890
pd-user_5983393
pd-user_1918590
pd-user_1563781
pd-user_1787968
pd-user_9946902
pd-user_8276631
pd-user_7061306
pd-user_5539066
pd-user_6946981
pd-user_2154616
pd-user_4707700
pd-user_4930861
pd-user_7486947
pd-user_9337608
pd-user_3313012
pd-user_7640940
pd-user_6524486
pd-user_8247816
pd-user_286741
pd-user_2050345
pd-user_6273667
pd-user_7261964
pd-user_6312402
pd-user_647898
pd-user_7981873
pd-user_606747
pd-user_9412572
pd-user_7459645
pd-user_1517723
pd-user_6604236
pd-user_117541
pd-user_6687833
pd-user_5612986
pd-user_216403
pd-user_6150368
pd-user_1941507
pd-user_3236775
pd-user_9935606
pd-user_4027252
pd-user_3286097
pd-user_8095016
pd-user_4202980
pd-user_427858
pd-user_1452972
pd-user_1708250
pd-user_1204661
pd-user_656125
pd-user_431019
pd-user_963237
pd-user_4550201
pd-user_6386374
pd-user_3347901
pd-user_8359531
pd-user_6752546
pd-user_3657703
pd-user_1004464
pd-user_5826428
pd-user_7022816
pd-user_1691144
pd-user_4735927
pd-user_7427773
pd-user_5180953
pd-user_5171512
pd-user_5103316
pd-user_8680707
pd-user_3924521
pd-user_6639157
pd-user_6307495
pd-user_7297985
pd-user_1886471
pd-user_8917352
pd-user_3021574
pd-user_7395003
pd-user_3377673
pd-user_1245462
pd-user_4290641
pd-user_3008671
pd-user_5569516
pd-user_6824004
pd-user_9354019
pd-user_5668151
pd-user_3546750
pd-user_9008899
pd-user_3659762
pd-user_4171458
pd-user_6684663
pd-user_6383862
pd-user_472481
pd-user_6582747
pd-user_3991695
pd-user_2246102
pd-user_9918559
pd-user_1700366
pd-user_5771176
pd-user_3203261
pd-user_2333155
pd-user_4575033
pd-user_8495435
pd-user_5656272
pd-user_1575659
pd-user_8814016
pd-user_9653747
pd-user_7160849
pd-user_3760817
pd-user_1223150
pd-user_9999449
pd-user_9869817
pd-user_111759
pd-user_154433
pd-user_3898057
pd-user_7517707
pd-user_6975858
pd-user_8588382
pd-user_32772
pd-user_9644941
pd-user_3941591
pd-user_6019000
pd-user_6943646
pd-user_9905347
pd-user_5430621
pd-user_3067381
pd-user_5310152
pd-user_1845343
pd-user_9564550
pd-user_3559244
pd-user_6363476
pd-user_7840446
pd-user_2975647
pd-user_4938346
pd-user_4048690
pd-user_1740911
pd-user_2434930
pd-user_1632160
pd-user_3466141
pd-user_626068
pd-user_2269299
pd-user_2150417
pd-user_9147563
pd-user_3277600
pd-user_1471615
pd-user_496680
pd-user_1887474
pd-user_8299790
pd-user_5067215
pd-user_4401316
pd-user_861546
pd-user_6771117
pd-user_1757072
pd-user_4698595
pd-user_7981967
pd-user_185461
pd-user_9048501
pd-user_6300344
pd-user_8471372
pd-user_4944072
pd-user_5272059
pd-user_6923465
pd-user_1911396
pd-user_1976753
pd-user_8888865
pd-user_2958116
pd-user_8647596
pd-user_6797094
pd-user_9076940
pd-user_7279896
pd-user_7318146
pd-user_5592946
pd-user_9700596
pd-user_6124927
pd-user_7101389
pd-user_3496548
pd-user_9612828
pd-user_7845641
pd-user_9624030
pd-user_5007624
pd-user_4647080
pd-user_6065684
pd-user_2465180
pd-user_7169177
pd-user_28577
pd-user_6911952
pd-user_9413859
pd-user_6270360
pd-user_9343011
pd-user_3595335
pd-user_4398830
pd-user_7698335
pd-user_607376
pd-user_6525841
pd-user_395864
pd-user_2783557
pd-user_8075989
pd-user_5896706
pd-user_9352443
pd-user_6594383
pd-user_2052873
pd-user_2727599
pd-user_4089935
pd-user_1456414
pd-user_9400215
pd-user_76738
pd-user_1888568
pd-user_504324
pd-user_1133444
pd-user_4284067
pd-user_4758037
pd-user_8577841
pd-user_5824602
pd-user_8181851
pd-user_3528387
pd-user_4524706
pd-user_4197729
pd-user_2442227
pd-user_1389434
pd-user_3625957
pd-user_3617614
pd-user_2973526
pd-user_6187877
pd-user_2126542
pd-user_9606226
pd-user_8730541
pd-user_6105190
pd-user_3420129
pd-user_3196011
pd-user_9903758
pd-user_2678364
pd-user_4837624
pd-user_5453019
pd-user_9572642
pd-user_8754733
pd-user_1186713
pd-user_6394214
pd-user_4250342
pd-user_5837939
pd-user_8145932
pd-user_6357504
pd-user_4430683
pd-user_1321599
pd-user_8361598
pd-user_4742019
pd-user_7745551
pd-user_983593
pd-user_6318549
pd-user_947223
pd-user_4372976
pd-user_2897871
pd-user_5959098
pd-user_5498398
pd-user_7295343
pd-user_8962844
pd-user_720112
pd-user_3769620
pd-user_622411
pd-user_2130969
pd-user_5537853
pd-user_1042976
pd-user_80928
pd-user_4543385
pd-user_2939937
pd-user_8449648
pd-user_1825154
pd-user_6743463
pd-user_5245671
pd-user_2884002
pd-user_5046103
pd-user_418294
pd-user_4090738
pd-user_4459598
pd-user_8538205
pd-user_2085509
pd-user_7558966
pd-user_5966294
pd-user_2973329
pd-user_4916612
pd-user_480411
pd-user_8458787
pd-user_8851867
pd-user_1701484
pd-user_3890915
pd-user_3578946
pd-user_2546536
pd-user_4287059
pd-user_1061457
pd-user_1796313
pd-user_8699770
pd-user_5138638
pd-user_9990944
pd-user_9605400
pd-user_2668778
pd-user_3300114
pd-user_9860005
pd-user_1121254
pd-user_418724
pd-user_5811611
pd-user_66060
pd-user_9793119
pd-user_9845051
pd-user_6841494
pd-user_6529660
pd-user_5490247
pd-user_9917526
pd-user_6489846
pd-user_8771200
pd-user_6437644
pd-user_89458
pd-user_5842340
pd-user_2369816
pd-user_7192306
pd-user_7892336
pd-user_6525764
pd-user_8882479
pd-user_1255294
pd-user_6072035
pd-user_2679944
pd-user_5891619
pd-user_9535856
pd-user_6718106
pd-user_3852231
pd-user_4962725
pd-user_4572261
pd-user_5300834
pd-user_763632
pd-user_3083527
pd-user_7759727
pd-user_4317500
pd-user_7677004
pd-user_5365009
pd-user_2985583
pd-user_8813599
pd-user_4636045
pd-user_6940771
pd-user_9008714
pd-user_2678676
pd-user_6207280
pd-user_591873
pd-user_4151133
pd-user_7970224
pd-user_4056004
pd-user_9977638
pd-user_5891998
pd-user_1377343
pd-user_4572526
pd-user_620766
pd-user_5951909
pd-user_6421594
pd-user_3416833
pd-user_1678712
pd-user_3885341
pd-user_3412948
pd-user_1354611
pd-user_8279820
pd-user_7539425
pd-user_2195131
pd-user_4443715
pd-user_2527327
pd-user_3138697
pd-user_1417397
pd-user_9881790
pd-user_8099318
pd-user_1514518
pd-user_5657335
pd-user_4172551
pd-user_6729156
pd-user_387795
pd-user_9949880
pd-user_481985
pd-user_9321945
pd-user_9325943
pd-user_3085361
pd-user_4419496
pd-user_7932202
pd-user_2135889
pd-user_7743571
pd-user_983822
pd-user_9247368
pd-user_9996122
pd-user_4731396
pd-user_2724293
pd-user_3914424
pd-user_5692384
pd-user_4537016
pd-user_2231948
pd-user_3942969
pd-user_9422783
pd-user_6927976
pd-user_1891590
pd-user_8310130
pd-user_7069209
pd-user_2925062
pd-user_3240026
pd-user_7926470
pd-user_6936072
pd-user_6437266
pd-user_4136333
pd-user_8149694
pd-user_9476212
pd-user_1374143
pd-user_4691734
pd-user_1738353
pd-user_1176413
pd-user_8397621
pd-user_3290105
pd-user_7129422
pd-user_7245771
pd-user_929983
pd-user_6591512
pd-user_3526312
pd-user_3105345
pd-user_1430338
pd-user_6852557
pd-user_4283229
pd-user_7224450
pd-user_2061558
pd-user_3262915
pd-user_9431825
pd-user_6808272
pd-user_7766854
pd-user_6177983
pd-user_9360553
pd-user_4613013
pd-user_5560715
pd-user_9458576
pd-user_1672447
pd-user_7179154
pd-user_5249842
pd-user_2243426
pd-user_9151634
pd-user_7849659
pd-user_7364647
pd-user_6412242
pd-user_9554964
pd-user_3881213
pd-user_5903532
pd-user_7385542
pd-user_4910692
pd-user_1255759
pd-user_2712994
pd-user_6961921
pd-user_181448
pd-user_6482000
pd-user_2886783
pd-user_4031326
pd-user_9554601
pd-user_5296684
pd-user_3214944
pd-user_391876
pd-user_4109576
pd-user_5889464
pd-user_3421931
pd-user_5484332
pd-user_7669183
pd-user_2502021
pd-user_9482329
pd-user_2317226
pd-user_4790850
pd-user_6910307
pd-user_5162721
pd-user_4180416
pd-user_7577218
pd-user_4519651
pd-user_9735090
pd-user_5523189
pd-user_8588248
pd-user_2059381
pd-user_5761987
pd-user_8830559
pd-user_1480859
pd-user_6984919
pd-user_1306536
pd-user_3989664
pd-user_6246795
pd-user_6659466
pd-user_5948402
pd-user_9481254
pd-user_4625586
pd-user_2633182
pd-user_1130570
pd-user_8361867
pd-user_6306338
pd-user_2841225
pd-user_9198165
pd-user_459388
pd-user_1497347
pd-user_5938724
pd-user_7563562
pd-user_3348014
pd-user_6542706
pd-user_4098567
pd-user_1318673
pd-user_5980634
pd-user_6844870
pd-user_2510740
pd-user_9259081
pd-user_360115
pd-user_9900885
pd-user_2038632
pd-user_2008068
pd-user_1328051
pd-user_8711402
pd-user_7511184
pd-user_8612064
pd-user_6139853
pd-user_3515029
pd-user_7036274
pd-user_4265198
pd-user_501884
pd-user_1885254
pd-user_5598332
pd-user_403531
pd-user_3426956
pd-user_4165742
pd-user_3953065
pd-user_1163559
pd-user_8926290
pd-user_2619017
pd-user_1882861
pd-user_576575
pd-user_2066195
pd-user_2327525
pd-user_2101297
pd-user_8130812
pd-user_2176430
pd-user_9995190
pd-user_9011342
pd-user_7953719
pd-user_9791089
pd-user_8967159
pd-user_2464178
pd-user_305850
pd-user_9420503
pd-user_342886
pd-user_7727399
pd-user_1277035
pd-user_4533999
pd-user_7320741
pd-user_1814341
pd-user_9329286
pd-user_2212917
pd-user_4940598
pd-user_5489093
pd-user_4461867
pd-user_3183888
pd-user_617203
pd-user_8122357
pd-user_8125606
pd-user_1958145
pd-user_6978419
pd-user_2465977
pd-user_9951223
pd-user_8496806
pd-user_2548011
pd-user_9999751
pd-user_2926752
pd-user_445023
pd-user_1207357
pd-user_2635863
pd-user_9319385
pd-user_163972
pd-user_868928
pd-user_1061125
pd-user_4619260
pd-user_4171503
pd-user_1878756
pd-user_8983825
pd-user_7605945
pd-user_9829437
pd-user_7880003
pd-user_1549865
pd-user_9810050
pd-user_6094525
pd-user_793919
pd-user_2629641
pd-user_5307822
pd-user_2852822
pd-user_9048398
pd-user_8083721
pd-user_1296561
pd-user_909030
pd-user_8851893
pd-user_5474148
pd-user_4306117
pd-user_2758643
pd-user_7102248
pd-user_4790841
pd-user_16777
pd-user_9477221
pd-user_3306900
pd-user_8120140
pd-user_5499421
pd-user_1391075
pd-user_2865184
pd-user_6306002
pd-user_9688149
pd-user_7148571
pd-user_2700928
pd-user_6391554
pd-user_8392419
pd-user_1911257
pd-user_6738723
pd-user_1687748
pd-user_8872630
pd-user_6954843
pd-user_8921615
pd-user_3385319
pd-user_8815315
pd-user_9882083
pd-user_3024873
pd-user_9582726
pd-user_5723975
pd-user_8953334
pd-user_5266425
pd-user_559405
pd-user_9175468
pd-user_3086935
pd-user_445545
pd-user_826646
pd-user_1219550
pd-user_8922383
pd-user_6340118
pd-user_1622520
pd-user_5058376
pd-user_9782019
pd-user_5135697
pd-user_8597180
pd-user_4400810
pd-user_1115997
pd-user_5411779
pd-user_3824141
pd-user_4998559
pd-user_395804
pd-user_950813
pd-user_9258049
pd-user_7860699
pd-user_4391333
pd-user_7197753
pd-user_5162395
pd-user_5200640
pd-user_8190166
pd-user_7099427
pd-user_1690637
pd-user_7453873
pd-user_8525165
pd-user_4051139
pd-user_9341331
pd-user_2042394
pd-user_6365187
pd-user_4563617
pd-user_150751
pd-user_1187083
pd-user_2211971
pd-user_9687187
pd-user_9465763
pd-user_3528829
pd-user_1535732
pd-user_8199024
pd-user_1104802
pd-user_999015
pd-user_8837080
pd-user_1127959
pd-user_9214136
pd-user_4600453
pd-user_622155
pd-user_9645406
pd-user_8219387
pd-user_6987340
pd-user_7577978
pd-user_6560275
pd-user_1184933
pd-user_661897
pd-user_1008457
pd-user_9082615
pd-user_4093694
pd-user_1018644
pd-user_3213808
pd-user_4839449
pd-user_6754285
pd-user_3587426
pd-user_1586240
pd-user_8554327
pd-user_2584689
pd-user_2832670
pd-user_2891598
pd-user_9062230
pd-user_4447127
pd-user_2603083
pd-user_7604947
pd-user_2931873
pd-user_5435714
pd-user_3394043
pd-user_797679
pd-user_4913994
pd-user_7232045
pd-user_4411220
pd-user_7436666
pd-user_1498611
pd-user_7245045
pd-user_8531451
pd-user_9090544
pd-user_9235509
pd-user_3742669
pd-user_3902840
pd-user_2660774
pd-user_4906596
pd-user_4335571
pd-user_3583128
pd-user_881643
pd-user_5283282
pd-user_6241216
pd-user_9989185
pd-user_3352115
pd-user_34027
pd-user_9986323
pd-user_1838450
pd-user_5510896
pd-user_8186536
pd-user_627674
pd-user_5809499
pd-user_366874
pd-user_1601692
pd-user_5341236
pd-user_8775906
pd-user_7050142
pd-user_5834966
pd-user_1648482
pd-user_1359817
pd-user_6397711
pd-user_7741983
pd-user_6035954
pd-user_2862723
pd-user_3674619
pd-user_3727375
pd-user_3335588
pd-user_9130465
pd-user_9373047
pd-user_2066206
pd-user_6188663
pd-user_2536172
pd-user_6854035
pd-user_2143186
pd-user_3773703
pd-user_129712
pd-user_6242639
pd-user_2556419
pd-user_4221845
pd-user_2016049
pd-user_8728627
pd-user_7780690
pd-user_3013254
pd-user_5596354
pd-user_9299218
pd-user_1649055
pd-user_7057304
pd-user_8685119
pd-user_950651
pd-user_9032773
pd-user_624977
pd-user_503082
pd-user_1345004
pd-user_3954060
pd-user_4905061
pd-user_5580867
pd-user_3649366
pd-user_7953791
pd-user_3733271
pd-user_3348131
pd-user_1555469
pd-user_2223807
pd-user_70105
pd-user_2252228
pd-user_1917255
pd-user_289592
pd-user_7110808
pd-user_9152481
pd-user_4512479
pd-user_2805277
pd-user_3287179
pd-user_2875752
pd-user_1956452
pd-user_8637101
pd-user_6645706
pd-user_3243823
pd-user_5627629
pd-user_2789484
pd-user_2715199
pd-user_7775415
pd-user_3230618
pd-user_3337099
pd-user_8778310
pd-user_6026570
pd-user_4332804
pd-user_8481788
pd-user_6737304
pd-user_3503178
pd-user_2250804
pd-user_7847216
pd-user_6166162
pd-user_3754933
pd-user_2769377
pd-user_1059055
pd-user_296047
pd-user_9316207
pd-user_7733538
pd-user_3644119
pd-user_1760107
pd-user_5689822
pd-user_2972247
pd-user_7554166
pd-user_3570961
pd-user_6751129
pd-user_5107143
pd-user_9285180
pd-user_2456927
pd-user_6236220
pd-user_7739662
pd-user_8731100
pd-user_1565685
pd-user_8143593
pd-user_8538176
pd-user_1204809
pd-user_6599
pd-user_1821106
pd-user_4331294
pd-user_4530039
pd-user_6018749
pd-user_6425923
pd-user_7742627
pd-user_647640
pd-user_3666609
pd-user_7074857
pd-user_1328742
pd-user_8191012
pd-user_4347016
pd-user_1159782
pd-user_3150858
pd-user_8241429
pd-user_7161660
pd-user_1937539
pd-user_2333665
pd-user_4210251
pd-user_2240553
pd-user_6759247
pd-user_9881837
pd-user_5958382
pd-user_2989690
pd-user_4335297
pd-user_7621211
pd-user_8287561
pd-user_8752906
pd-user_3739902
pd-user_5494783
pd-user_4790988
pd-user_5773979
pd-user_4499425
pd-user_1264053
pd-user_6228193
pd-user_2332133
pd-user_3025460
pd-user_8089744
pd-user_3089865
pd-user_8927973
pd-user_6973452
pd-user_4954127
pd-user_9233306
pd-user_2161883
pd-user_3711891
pd-user_2518421
pd-user_5192458
pd-user_8832940
pd-user_5399981
pd-user_7076667
pd-user_5454596
pd-user_9600237
pd-user_6170503
pd-user_1633793
pd-user_5723276
pd-user_7676116
pd-user_9445811
pd-user_2908126
pd-user_667366
pd-user_3249859
pd-user_1206897
pd-user_2082558
pd-user_4507336
pd-user_5518246
pd-user_1730222
pd-user_9871033
pd-user_5230134
pd-user_3871383
pd-user_8149221
pd-user_70685
pd-user_1370328
pd-user_9970915
pd-user_6768989
pd-user_7754017
pd-user_9896173
pd-user_7432706
pd-user_3119755
pd-user_1465457
pd-user_2134152
pd-user_1965660
pd-user_7054472
pd-user_3765472
pd-user_9397024
pd-user_9506338
pd-user_5220526
pd-user_8628560
pd-user_3684583
pd-user_3055052
pd-user_8829686
pd-user_9418108
pd-user_9899080
pd-user_5522886
pd-user_7315149
pd-user_88054
pd-user_6053730
pd-user_1431643
pd-user_2419607
pd-user_1026002
pd-user_8757274
pd-user_8137057
pd-user_1050021
pd-user_4755058
pd-user_1899774
pd-user_1923016
pd-user_1760916
pd-user_5861328
pd-user_4688191
pd-user_6177125
pd-user_1034453
pd-user_9309307
pd-user_5236646
pd-user_3625676
pd-user_7932327
pd-user_9215467
pd-user_1841681
pd-user_1058294
pd-user_6883393
pd-user_7137252
pd-user_7965777
pd-user_1498851
pd-user_2349563
pd-user_4138246
pd-user_5015805
pd-user_2206080
pd-user_154173
pd-user_9496342
pd-user_1712174
pd-user_6877113
pd-user_487091
pd-user_8976658
pd-user_5282273
pd-user_270499
pd-user_9044911
pd-user_5889439
pd-user_361184
pd-user_5524955
pd-user_5549044
pd-user_1727594
pd-user_4107500
pd-user_9206338
pd-user_6526309
pd-user_7353535
pd-user_6123289
pd-user_9814631
pd-user_2376215
pd-user_6115290
pd-user_24121
pd-user_22810
pd-user_9737758
pd-user_5323445
pd-user_3186096
pd-user_2919860
pd-user_9886009
pd-user_5645166
pd-user_6514842
pd-user_5263616
pd-user_2420089
pd-user_5064828
pd-user_2431490
pd-user_4494481
pd-user_7799072
pd-user_554938
pd-user_1757468
pd-user_3828894
pd-user_4536639
pd-user_2056828
pd-user_7794056
pd-user_3881334
pd-user_3448016
pd-user_5429150
pd-user_9079085
pd-user_2765680
pd-user_8031079
pd-user_2228767
pd-user_1028363
pd-user_3775955
pd-user_4403736
pd-user_3677955
pd-user_6081542
pd-user_9993238
pd-user_239395
pd-user_6825731
pd-user_4922316
pd-user_1084312
pd-user_9937699
pd-user_1337872
pd-user_9718293
pd-user_3556864
pd-user_834582
pd-user_1581345
pd-user_7139359
pd-user_7322340
pd-user_1370819
pd-user_9710194
pd-user_6298140
pd-user_4766053
pd-user_1651516
pd-user_4254921
pd-user_5578203
pd-user_5054918
pd-user_4446006
pd-user_2357762
pd-user_1467715
pd-user_1108054
pd-user_5298710
pd-user_1261659
pd-user_3888730
pd-user_6807052
pd-user_2840818
pd-user_5736412
pd-user_8165602
pd-user_9931266
pd-user_3026845
pd-user_6205061
pd-user_6526041
pd-user_8151185
pd-user_7226157
pd-user_2833727
pd-user_7326376
pd-user_7204744
pd-user_9310789
pd-user_6618753
pd-user_4587232
pd-user_4142539
pd-user_7239897
pd-user_593638
pd-user_8889505
pd-user_92643
pd-user_2162618
pd-user_6720544
pd-user_2362032
pd-user_5520872
pd-user_9975074
pd-user_293722
pd-user_1121667
pd-user_4857012
pd-user_3665126
pd-user_9387434
pd-user_3867065
pd-user_6806563
pd-user_7319969
pd-user_2385266
pd-user_2564406
pd-user_4716453
pd-user_450368
pd-user_258461
pd-user_5973848
pd-user_5325758
pd-user_3743341
pd-user_5027962
pd-user_1269182
pd-user_4480603
pd-user_3424455
pd-user_11885
pd-user_3520957
pd-user_713668
pd-user_3832070
pd-user_6813982
pd-user_5657195
pd-user_6410254
pd-user_3270744
pd-user_423311
pd-user_8031634
pd-user_5863098
pd-user_9318956
pd-user_9039008
pd-user_8619792
pd-user_602033
pd-user_1073211
pd-user_606141
pd-user_3594508
pd-user_1989781
pd-user_3266092
pd-user_3954866
pd-user_6703642
pd-user_3379629
pd-user_5383257
pd-user_80980
pd-user_7846155
pd-user_6976776
pd-user_3373001
pd-user_9547011
pd-user_8554688
pd-user_7751222
pd-user_5959231
pd-user_4991806
pd-user_2309598
pd-user_8622664
pd-user_3215747
pd-user_1271709
pd-user_4966119
pd-user_7173853
pd-user_4681483
pd-user_9279463
pd-user_731459
pd-user_3661487
pd-user_2240935
pd-user_1854185
pd-user_4123102
pd-user_4998350
pd-user_2190803
pd-user_5580194
pd-user_7406992
pd-user_7480242
pd-user_1486665
pd-user_6168200
pd-user_2748566
pd-user_8493868
pd-user_7875160
pd-user_1264262
pd-user_2380933
pd-user_5092161
pd-user_6333800
pd-user_5683440
pd-user_4334864
pd-user_9120318
pd-user_4984660
pd-user_5251289
pd-user_8714391
pd-user_506516
pd-user_4938910
pd-user_550267
pd-user_7311513
pd-user_3104835
pd-user_1627445
pd-user_4129122
pd-user_1748394
pd-user_7691450
pd-user_8955033
pd-user_4881651
pd-user_5061391
pd-user_1302998
pd-user_1009762
pd-user_7847473
pd-user_2481226
pd-user_7784353
pd-user_5410865
pd-user_5431940
pd-user_3820688
pd-user_3863302
pd-user_926171
pd-user_1866874
pd-user_4645578
pd-user_6125280
pd-user_6243570
pd-user_8325275
pd-user_534293
pd-user_7424668
pd-user_9667466
pd-user_6944075
pd-user_2513715
pd-user_8604133
pd-user_6376630
pd-user_3325830
pd-user_5449555
pd-user_8111999
pd-user_1462599
pd-user_1008475
pd-user_4467997
pd-user_1352045
pd-user_7176566
pd-user_8992546
pd-user_8284826
pd-user_1739662
pd-user_459907
pd-user_1141375
pd-user_2671319
pd-user_3338397
pd-user_9470059
pd-user_5364163
pd-user_1305886
pd-user_4870678
pd-user_1063321
pd-user_25381
pd-user_131017
pd-user_7024169
pd-user_8515717
pd-user_7000939
pd-user_3067907
pd-user_4756554
pd-user_8029117
pd-user_381500
pd-user_307482
pd-user_2308722
pd-user_4536724
pd-user_274637
pd-user_9002154
pd-user_7775190
pd-user_6389090
pd-user_1587940
pd-user_8365172
pd-user_8061851
pd-user_4250224
pd-user_6857692
pd-user_6742940
pd-user_2691709
pd-user_1909146
pd-user_6279632
pd-user_1105175
pd-user_8006222
pd-user_4953506
pd-user_3544391
pd-user_5566213
pd-user_438493
pd-user_66460
pd-user_5005858
pd-user_1686146
pd-user_8354335
pd-user_7987148
pd-user_3935728
pd-user_556016
pd-user_3549973
pd-user_3302644
pd-user_6203125
pd-user_1699924
pd-user_5420709
pd-user_2186220
pd-user_2138676
pd-user_9715113
pd-user_8138210
pd-user_1571240
pd-user_7867440
pd-user_6227391
pd-user_6539244
pd-user_4195026
pd-user_2212853
pd-user_6050876
pd-user_3616235
pd-user_9802975
pd-user_3121218
pd-user_3754776
pd-user_6630901
pd-user_590511
pd-user_9826360
pd-user_8901316
pd-user_2276652
pd-user_4465158
pd-user_9806501
pd-user_5675519
pd-user_2628190
pd-user_6482640
pd-user_3592814
pd-user_6372113
pd-user_3289358
pd-user_6531781
pd-user_3092101
pd-user_4963346
pd-user_1999798
pd-user_8393587
pd-user_8474486
pd-user_6817142
pd-user_6637214
pd-user_5492625
pd-user_9882266
pd-user_6280754
pd-user_1473655
pd-user_9161980
pd-user_2112939
pd-user_9911376
pd-user_2622317
pd-user_6996211
pd-user_2189414
pd-user_4168533
pd-user_5711893
pd-user_2460873
pd-user_2765245
pd-user_3784077
pd-user_7788656
pd-user_7482809
pd-user_3466225
pd-user_800853
pd-user_7826862
pd-user_3542258
pd-user_4998916
pd-user_5170202
pd-user_2294306
pd-user_8618405
pd-user_2870896
pd-user_6262243
pd-user_5726643
pd-user_3455873
pd-user_7187419
pd-user_8510752
pd-user_7799080
pd-user_5323381
pd-user_2595002
pd-user_9361214
pd-user_1015020
pd-user_470250
pd-user_7656940
pd-user_5209504
pd-user_191704
pd-user_8373361
pd-user_7189782
pd-user_5129953
pd-user_5845464
pd-user_8943056
pd-user_6376974
pd-user_1352219
pd-user_3517212
pd-user_9668539
pd-user_1935869
pd-user_9841290
pd-user_9777501
pd-user_2649918
pd-user_9284828
pd-user_6157624
pd-user_3817085
pd-user_5369067
pd-user_9520412
pd-user_1827765
pd-user_5712533
pd-user_1704888
pd-user_8705034
pd-user_7497004
pd-user_1542143
pd-user_5835411
pd-user_6252956
pd-user_4283455
pd-user_3686420
pd-user_5811310
pd-user_9475471
pd-user_1103799
pd-user_7086171
pd-user_4441058
pd-user_1713534
pd-user_3499885
pd-user_2259817
pd-user_937339
pd-user_2617448
pd-user_8588375
pd-user_8452733
pd-user_4469222
pd-user_2092837
pd-user_9256801
pd-user_898112
pd-user_7301164
pd-user_6701762
pd-user_2337311
pd-user_2205673
pd-user_4268979
pd-user_5119180
pd-user_8911332
pd-user_8852526
pd-user_7838778
pd-user_6280543
pd-user_5019940
pd-user_1731188
pd-user_995186
pd-user_3752366
pd-user_3655499
pd-user_564501
pd-user_9127470
pd-user_1270755
pd-user_1711729
pd-user_6502744
pd-user_1005680
pd-user_3925205
pd-user_1661032
pd-user_4717130
pd-user_6166061
pd-user_4295660
pd-user_736669
pd-user_7020190
pd-user_3103941
pd-user_3384769
pd-user_3125560
pd-user_843134
pd-user_8822815
pd-user_9756722
pd-user_5556220
pd-user_9437278
pd-user_4005082
pd-user_8886018
pd-user_1972294
pd-user_1455243
pd-user_520734
pd-user_1205411
pd-user_7202113
pd-user_3369916
pd-user_3165867
pd-user_3608911
pd-user_7807592
pd-user_6624883
pd-user_9518069
pd-user_6864583
pd-user_3329273
pd-user_6144661
pd-user_6677707
pd-user_6117735
pd-user_6280013
pd-user_8447406
pd-user_1380517
pd-user_6317829
pd-user_2841634
pd-user_9712890
pd-user_4577174
pd-user_2942446
pd-user_96587
pd-user_1126508
pd-user_8687406
pd-user_7303896
pd-user_2790505
pd-user_3463175
pd-user_9847368
pd-user_4623937
pd-user_5630686
pd-user_7169092
pd-user_6587069
pd-user_5130242
pd-user_5449615
pd-user_2155821
pd-user_4127710
pd-user_8149452
pd-user_568579
pd-user_8267034
pd-user_7219690
pd-user_8597681
pd-user_2343530
pd-user_2913292
pd-user_7953150
pd-user_6947195
pd-user_2678510
pd-user_8229383
pd-user_8766091
pd-user_4089963
pd-user_8831077
pd-user_4956817
pd-user_162620
pd-user_9442408
pd-user_3979125
pd-user_6421139
pd-user_8085752
pd-user_1143028
pd-user_7297687
pd-user_1035716
pd-user_2067642
pd-user_2513620
pd-user_9231150
pd-user_7588058
pd-user_3270937
pd-user_1148314
pd-user_8476458
pd-user_1326120
pd-user_4742482
pd-user_2636271
pd-user_8409369
pd-user_2419296
pd-user_8601127
pd-user_1850777
pd-user_1537600
pd-user_2466306
pd-user_906488
pd-user_9426152
pd-user_6387873
pd-user_8402232
pd-user_3298640
pd-user_1258868
pd-user_5666152
pd-user_6626362
pd-user_5911193
pd-user_6330477
pd-user_214706
pd-user_6038646
pd-user_616073
pd-user_8580230
pd-user_5911931
pd-user_2826361
pd-user_4367423
pd-user_7700539
pd-user_518677
pd-user_4769299
pd-user_6811426
pd-user_1536754
pd-user_4653982
pd-user_4946449
pd-user_3638034
pd-user_4690482
pd-user_962179
pd-user_4979447
pd-user_1654429
pd-user_8731539
pd-user_6157582
pd-user_2442871
pd-user_4731805
pd-user_9779034
pd-user_4162825
pd-user_3478118
pd-user_5864856
pd-user_7264347
pd-user_6038529
pd-user_6763701
pd-user_7021194
pd-user_2974311
pd-user_1870449
pd-user_4143263
pd-user_4697289
pd-user_293626
pd-user_5002559
pd-user_7121295
pd-user_8330145
pd-user_1532789
pd-user_3010494
pd-user_1212393
pd-user_2748444
pd-user_6832055
pd-user_8572357
pd-user_474524
pd-user_375508
pd-user_1984151
pd-user_9879478
pd-user_482969
pd-user_2977251
pd-user_1306308
pd-user_4974264
pd-user_4222128
pd-user_2249208
pd-user_8276328
pd-user_3461074
pd-user_713835
pd-user_4070579
pd-user_2368712
pd-user_8370812
pd-user_3677963
pd-user_5120390
pd-user_5068545
pd-user_6346686
pd-user_377886
pd-user_2844468
pd-user_6490296
pd-user_8112344
pd-user_7202822
pd-user_8940626
pd-user_3411808
pd-user_1036832
pd-user_6728088
pd-user_3098523
pd-user_2119904
pd-user_7768392
pd-user_9886107
pd-user_9536253
pd-user_4434824
pd-user_2331027
pd-user_4036781
pd-user_759793
pd-user_1114524
pd-user_4255001
pd-user_4960421
pd-user_2545304
pd-user_7728319
pd-user_8750553
pd-user_3172871
pd-user_7513350
pd-user_8342300
pd-user_2069689
pd-user_7877537
pd-user_5566976
pd-user_3949766
pd-user_5778973
pd-user_9810266
pd-user_7056301
pd-user_9499274
pd-user_8369267
pd-user_5589211
pd-user_6037397
pd-user_8619939
pd-user_995497
pd-user_2893135
pd-user_923263
pd-user_2317888
pd-user_9444159
pd-user_7512795
pd-user_2451667
pd-user_2962110
pd-user_922779
pd-user_8552284
pd-user_8224036
pd-user_404194
pd-user_6696925
pd-user_2100601
pd-user_6877563
pd-user_3089683
pd-user_5137716
pd-user_1646991
pd-user_8138104
pd-user_4182823
pd-user_3171541
pd-user_6697782
pd-user_756771
pd-user_7385707
pd-user_7365167
pd-user_9539425
pd-user_8679500
pd-user_3894363
pd-user_8216286
pd-user_2111365
pd-user_4639685
pd-user_7467129
pd-user_7745558
pd-user_6108844
pd-user_6303841
pd-user_8635787
pd-user_4368046
pd-user_5239261
pd-user_8117343
pd-user_442732
pd-user_6711911
pd-user_3334666
pd-user_1740815
pd-user_845633
pd-user_734108
pd-user_494898
pd-user_1752961
pd-user_5833765
pd-user_9303299
pd-user_6583336
pd-user_7957938
pd-user_8558411
pd-user_6853059
pd-user_7836438
pd-user_8876157
pd-user_7615339
pd-user_7890523
pd-user_852569
pd-user_4637765
pd-user_5532281
pd-user_1692882
pd-user_1476618
pd-user_1763251
pd-user_5193888
pd-user_1225674
pd-user_2985200
pd-user_3115237
pd-user_1961740
pd-user_9522605
pd-user_5933884
pd-user_5481339
pd-user_3939642
pd-user_7009717
pd-user_6348224
pd-user_6519977
pd-user_8995186
pd-user_9681617
pd-user_363344
pd-user_7349227
pd-user_9355308
pd-user_8082661
pd-user_4351407
pd-user_3111974
pd-user_6796639
pd-user_8078671
pd-user_6398554
pd-user_9694118
pd-user_4802239
pd-user_3890458
pd-user_4115740
pd-user_4903223
pd-user_8799613
pd-user_5972675
pd-user_5560524
pd-user_8158455
pd-user_1788913
pd-user_1682457
pd-user_4602986
pd-user_938072
pd-user_1284383
pd-user_6507571
pd-user_6533130
pd-user_7128848
pd-user_3925610
pd-user_1660974
pd-user_8675125
pd-user_5858825
pd-user_5562705
pd-user_6724370
pd-user_2147219
pd-user_4753868
pd-user_4277155
pd-user_1892232
pd-user_2634743
pd-user_2284810
pd-user_3708736
pd-user_3886562
pd-user_927578
pd-user_2724463
pd-user_8003378
pd-user_4152498
pd-user_2198054
pd-user_2780370
pd-user_7898481
pd-user_172163
pd-user_5877528
pd-user_5730217
pd-user_5796102
pd-user_8732441
pd-user_8868352
pd-user_1548060
pd-user_1185799
pd-user_9285493
pd-user_1598317
pd-user_8179824
pd-user_4050817
pd-user_2339745
pd-user_4749835
pd-user_6852159
pd-user_4663488
pd-user_8921003
pd-user_9935598
pd-user_7482076
pd-user_6219374
pd-user_4663258
pd-user_3819423
pd-user_8477348
pd-user_287694
pd-user_7749103
pd-user_4882504
pd-user_9350377
pd-user_666973
pd-user_8580651
pd-user_3606621
pd-user_2286844
pd-user_4261751
pd-user_6110215
pd-user_6313252
pd-user_4977159
pd-user_6441086
pd-user_7914304
pd-user_2227628
pd-user_794159
pd-user_2654447
pd-user_4468003
pd-user_1865247
pd-user_4538288
pd-user_2850141
pd-user_2155190
pd-user_5101856
pd-user_6235176
pd-user_7199829
pd-user_2812482
pd-user_7917509
pd-user_9767239
pd-user_3838813
pd-user_3683772
pd-user_6042036
pd-user_9778673
pd-user_9920278
pd-user_7255624
pd-user_8144531
pd-user_7337877
pd-user_9302515
pd-user_6599101
pd-user_9598662
pd-user_5489377
pd-user_9640871
pd-user_3817288
pd-user_9982590
pd-user_4897660
pd-user_3396738
pd-user_115124
pd-user_8670916
pd-user_7781206
pd-user_9126045
pd-user_94186
pd-user_6870448
pd-user_608349
pd-user_1004116
pd-user_6275400
pd-user_8417766
pd-user_5014495
pd-user_8224182
pd-user_3074870
pd-user_4867482
pd-user_3548051
pd-user_1226736
pd-user_3900519
pd-user_132652
pd-user_2272368
pd-user_2145428
pd-user_9439825
pd-user_9655182
pd-user_9604261
pd-user_4893692
pd-user_3838958
pd-user_4691074
pd-user_3079996
pd-user_7523838
pd-user_4128372
pd-user_7938912
pd-user_5416747
pd-user_8030721
pd-user_3176980
pd-user_7659248
pd-user_1638243
pd-user_3910736
pd-user_1242077
pd-user_7560080
pd-user_2471065
pd-user_3333311
pd-user_73653
pd-user_9301905
pd-user_3857023
pd-user_8751155
pd-user_2905878
pd-user_7828357
pd-user_7397555
pd-user_8651672
pd-user_3596618
pd-user_1827210
pd-user_2633130
pd-user_7555352
pd-user_2305814
pd-user_6082077
pd-user_1602762
pd-user_70755
pd-user_9683803
pd-user_6878358
pd-user_2762408
pd-user_2810891
pd-user_879438
pd-user_4432677
pd-user_2916951
pd-user_4427001
pd-user_1081640
pd-user_9147504
pd-user_3390160
pd-user_7573781
pd-user_6395719
pd-user_6801019
pd-user_546352
pd-user_1449913
pd-user_8158206
pd-user_8564950
pd-user_3795630
pd-user_9664769
pd-user_9522797
pd-user_7846893
pd-user_5922592
pd-user_5845507
pd-user_185300
pd-user_6506717
pd-user_7947926
pd-user_6232869
pd-user_9310320
pd-user_2242310
pd-user_9635286
pd-user_4803680
pd-user_8680851
pd-user_6706958
pd-user_3085867
pd-user_758260
pd-user_6078617
pd-user_9587467
pd-user_8297630
pd-user_4165160
pd-user_6156842
pd-user_2068659
pd-user_9812727
pd-user_5232666
pd-user_9540276
pd-user_9461580
pd-user_9983237
pd-user_1718695
pd-user_453492
pd-user_9051694
pd-user_3223354
pd-user_4518539
pd-user_8457039
pd-user_9013884
pd-user_436345
pd-user_51861
pd-user_7157380
pd-user_2256305
pd-user_7935008
pd-user_7488060
pd-user_5407369
pd-user_4311967
pd-user_2669853
pd-user_3893277
pd-user_6088081
pd-user_6891969
pd-user_1063836
pd-user_5076062
pd-user_4673738
pd-user_1690639
pd-user_2677491
pd-user_9349285
pd-user_1968503
pd-user_4236276
pd-user_945989
pd-user_1571268
pd-user_4322824
pd-user_7038839
pd-user_3004469
pd-user_4596669
pd-user_8543560
pd-user_8940837
pd-user_3653013
pd-user_4474660
pd-user_5822493
pd-user_4548303
pd-user_1709326
pd-user_9928017
pd-user_8319151
pd-user_4683200
pd-user_4610826
pd-user_7239092
pd-user_9275744
pd-user_8715173
pd-user_1155806
pd-user_8011464
pd-user_7413111
pd-user_2499883
pd-user_325030
pd-user_5293915
pd-user_4957749
pd-user_8000364
pd-user_4465862
pd-user_1323988
pd-user_3924206
pd-user_460561
pd-user_4829464
pd-user_2036352
pd-user_593337
pd-user_1056778
pd-user_2696551
pd-user_3633570
pd-user_3651697
pd-user_8191319
pd-user_5113580
pd-user_3436654
pd-user_5911543
pd-user_3232073
pd-user_4494201
pd-user_8641390
pd-user_7469820
pd-user_7079944
pd-user_5014685
pd-user_9381262
pd-user_8908225
pd-user_858684
pd-user_4416783
pd-user_9512811
pd-user_1009658
pd-user_628823
pd-user_1903320
pd-user_8941733
pd-user_3357039
pd-user_4015338
pd-user_1137825
pd-user_5409591
pd-user_3143327
pd-user_5360987
pd-user_103095
pd-user_1755122
pd-user_212533
pd-user_7155442
pd-user_855135
pd-user_5991213
pd-user_1139249
pd-user_2404392
pd-user_1496728
pd-user_4396841
pd-user_2480424
pd-user_1673766
pd-user_390931
pd-user_4966920
pd-user_9169089
pd-user_4191189
pd-user_2214969
pd-user_608925
pd-user_3673374
pd-user_9996270
pd-user_6767870
pd-user_7608782
pd-user_8633082
pd-user_795085
pd-user_2342028
pd-user_3116196
pd-user_606380
pd-user_8145195
pd-user_1969075
pd-user_701244
pd-user_2582539
pd-user_4540250
pd-user_1501201
pd-user_9588021
pd-user_8208043
pd-user_2890831
pd-user_8276196
pd-user_7002858
pd-user_882112
pd-user_2210675
pd-user_3955096
pd-user_1549588
pd-user_5196326
pd-user_6710578
pd-user_7923784
pd-user_1467736
pd-user_1806058
pd-user_8632774
pd-user_2916929
pd-user_7778662
pd-user_9515616
pd-user_9791227
pd-user_3911852
pd-user_5826626
pd-user_5983790
pd-user_2448730
pd-user_1821733
pd-user_4784685
pd-user_3584867
pd-user_9613782
pd-user_9958716
pd-user_312336
pd-user_8456826
pd-user_5747511
pd-user_7900611
pd-user_2553510
pd-user_6676263
pd-user_7356228
pd-user_8160712
pd-user_6177876
pd-user_2771600
pd-user_6239355
pd-user_5010730
pd-user_4998480
pd-user_6796846
pd-user_185227
pd-user_8237910
pd-user_6009129
pd-user_3154961
pd-user_4090796
pd-user_4569931
pd-user_4966050
pd-user_9367702
pd-user_1489260
pd-user_8416895
pd-user_5908458
pd-user_4633400
pd-user_2171408
pd-user_8766261
pd-user_4995983
pd-user_3709859
pd-user_1123760
pd-user_2857880
pd-user_8967278
pd-user_6077335
pd-user_9076825
pd-user_8623308
pd-user_5906156
pd-user_2087159
pd-user_7605507
pd-user_3475679
pd-user_7267024
pd-user_42042
pd-user_8488084
pd-user_4784875
pd-user_4175793
pd-user_5213405
pd-user_2184513
pd-user_9730035
pd-user_3770780
pd-user_1832911
pd-user_75918
pd-user_2866944
pd-user_7383870
pd-user_275008
pd-user_9267207
pd-user_8239136
pd-user_2423293
pd-user_6207924
pd-user_3979588
pd-user_778003
pd-user_4375205
pd-user_4641701
pd-user_3213501
pd-user_3142535
pd-user_2291248
pd-user_6154140
pd-user_9465741
pd-user_9488928
pd-user_8313605
pd-user_6062911
pd-user_9746644
pd-user_7192208
pd-user_2894189
pd-user_6512511
pd-user_9113761
pd-user_6693971
pd-user_5494795
pd-user_9206117
pd-user_3445813
pd-user_7816058
pd-user_9051333
pd-user_8987406
pd-user_1679833
pd-user_6690192
pd-user_6155667
pd-user_1633820
pd-user_4836989
pd-user_396490
pd-user_6974022
pd-user_5487963
pd-user_6650545
pd-user_6007617
pd-user_3116567
pd-user_1443395
pd-user_5779566
pd-user_769529
pd-user_8728576
pd-user_6019330
pd-user_3676955
pd-user_9667509
pd-user_3217239
pd-user_2719496
pd-user_3319202
pd-user_7795719
pd-user_8209901
pd-user_8751851
pd-user_9681086
pd-user_7905600
pd-user_5629593
pd-user_709711
pd-user_8279674
pd-user_6869339
pd-user_7240899
pd-user_7312460
pd-user_658060
pd-user_8268784
pd-user_206885
pd-user_9806264
pd-user_6735906
pd-user_9952858
pd-user_8805777
pd-user_6534511
pd-user_9146801
pd-user_9188310
pd-user_4889903
pd-user_840751
pd-user_5633457
pd-user_27618
pd-user_4873470
pd-user_9567830
pd-user_3647334
pd-user_4994451
pd-user_6047389
pd-user_3173738
pd-user_7171767
pd-user_4254671
pd-user_8069111
pd-user_1313946
pd-user_2195451
pd-user_3184667
pd-user_4192883
pd-user_9996521
pd-user_5243676
pd-user_3711815
pd-user_3439703
pd-user_8067234
pd-user_7389480
pd-user_483016
pd-user_2815333
pd-user_5917126
pd-user_78839
pd-user_1175719
pd-user_6654134
pd-user_9637630
pd-user_1590509
pd-user_3876165
pd-user_2476958
pd-user_7054095
pd-user_2224830
pd-user_9568798
pd-user_7183541
pd-user_6746454
pd-user_329154
pd-user_6171955
pd-user_6804080
pd-user_4530548
pd-user_3536161
pd-user_5782835
pd-user_2407104
pd-user_4571687
pd-user_1694490
pd-user_5496718
pd-user_115762
pd-user_8227951
pd-user_8442259
pd-user_9762825
pd-user_2512471
pd-user_873993
pd-user_1368815
pd-user_3455573
pd-user_3997073
pd-user_2846124
pd-user_860647
pd-user_9219948
pd-user_8444644
pd-user_4466045
pd-user_4416473
pd-user_8526488
pd-user_2525356
pd-user_667143
pd-user_8779759
pd-user_1926260
pd-user_1202517
pd-user_7251967
pd-user_9464025
pd-user_1115485
pd-user_4344151
pd-user_2956803
pd-user_3730976
pd-user_1404554
pd-user_5427272
pd-user_7655266
pd-user_8330768
pd-user_4684461
pd-user_1811395
pd-user_9968250
pd-user_2919277
pd-user_1773356
pd-user_800547
pd-user_4363889
pd-user_7910929
pd-user_2438774
pd-user_1225822
pd-user_3552590
pd-user_9866386
pd-user_2583791
pd-user_3150480
pd-user_4586564
pd-user_7830161
pd-user_3802102
pd-user_5193129
pd-user_7942549
pd-user_8440000
pd-user_3507540
pd-user_9891076
pd-user_3995109
pd-user_5739468
pd-user_3731825
pd-user_8846813
pd-user_8184105
pd-user_825885
pd-user_8124253
pd-user_9869425
pd-user_8305021
pd-user_9577620
pd-user_4075101
pd-user_7874930
pd-user_9717163
pd-user_3471549
pd-user_9954102
pd-user_2333791
pd-user_4772534
pd-user_2737237
pd-user_8103507
pd-user_9354948
pd-user_5187171
pd-user_2604260
pd-user_2483968
pd-user_5001970
pd-user_9351699
pd-user_4156549
pd-user_2422470
pd-user_3524667
pd-user_2540647
pd-user_9793045
pd-user_4515849
pd-user_1578771
pd-user_436501
pd-user_8265232
pd-user_5909781
pd-user_7829134
pd-user_2369582
pd-user_1933333
pd-user_7809957
pd-user_5045926
pd-user_2350721
pd-user_6157819
pd-user_3769215
pd-user_1428486
pd-user_52275
pd-user_8361103
pd-user_5238391
pd-user_863045
pd-user_4585566
pd-user_7864622
pd-user_6110760
pd-user_4221619
pd-user_7684312
pd-user_2377104
pd-user_9817683
pd-user_3912344
pd-user_8108711
pd-user_8282095
pd-user_1748526
pd-user_3422969
pd-user_7936666
pd-user_1619179
pd-user_2859902
pd-user_7523708
pd-user_8947112
pd-user_1533796
pd-user_8956172
pd-user_7299536
pd-user_7868281
pd-user_9171591
pd-user_4307144
pd-user_2657040
pd-user_4945176
pd-user_4028619
pd-user_9271478
pd-user_1315317
pd-user_8257971
pd-user_4335377
pd-user_6660988
pd-user_5157751
pd-user_1354193
pd-user_7964610
pd-user_9566306
pd-user_3105499
pd-user_3157082
pd-user_4394144
pd-user_333681
pd-user_2810452
pd-user_7778440
pd-user_7516897
pd-user_9369265
pd-user_3219070
pd-user_1109888
pd-user_9058678
pd-user_7252628
pd-user_1760929
pd-user_5759593
pd-user_7973262
pd-user_2246066
pd-user_5466488
pd-user_2549760
pd-user_8472000
pd-user_2010925
pd-user_7003073
pd-user_1358283
pd-user_1429807
pd-user_89527
pd-user_4312587
pd-user_5116331
pd-user_8048084
pd-user_7452278
pd-user_3022917
pd-user_4076393
pd-user_6585943
pd-user_8767990
pd-user_9099808
pd-user_7665120
pd-user_7857812
pd-user_7774800
pd-user_4467859
pd-user_6120757
pd-user_4556118
pd-user_5987178
pd-user_7079525
pd-user_3415733
pd-user_6113617
pd-user_998065
pd-user_1511340
pd-user_8824409
pd-user_1074714
pd-user_2791259
pd-user_9082428
pd-user_7857609
pd-user_6185314
pd-user_1122202
pd-user_1534148
pd-user_1712412
pd-user_6341483
pd-user_9643222
pd-user_6127956
pd-user_4731208
pd-user_2140199
pd-user_3213317
pd-user_6522423
pd-user_6154388
pd-user_7860313
pd-user_981075
pd-user_7049582
pd-user_2635357
pd-user_3338748
pd-user_6074266
pd-user_5235207
pd-user_3564770
pd-user_9127719
pd-user_213342
pd-user_3420161
pd-user_6087419
pd-user_2143822
pd-user_7291917
pd-user_2665860
pd-user_6274969
pd-user_7428363
pd-user_1954062
pd-user_2369761
pd-user_312193
pd-user_3705069
pd-user_1487389
pd-user_2050003
pd-user_2639709
pd-user_5203030
pd-user_7603510
pd-user_3550563
pd-user_5325526
pd-user_2321900
pd-user_2170597
pd-user_9605025
pd-user_4385578
pd-user_8990234
pd-user_5807461
pd-user_3702346
pd-user_2055198
pd-user_1549312
pd-user_5955113
pd-user_7183844
pd-user_3302867
pd-user_3498074
pd-user_4059332
pd-user_4340029
pd-user_7357131
pd-user_9481460
pd-user_3556141
pd-user_9731476
pd-user_8678152
pd-user_6624805
pd-user_2105707
pd-user_7748506
pd-user_1596826
pd-user_6556838
pd-user_8320126
pd-user_8838817
pd-user_1980839
pd-user_7467304
pd-user_9829068
pd-user_2241597
pd-user_8382438
pd-user_9425742
pd-user_9726414
pd-user_7399752
pd-user_6048966
pd-user_6101831
pd-user_4543286
pd-user_9513132
pd-user_2637228
pd-user_387296
pd-user_8190839
pd-user_5628284
pd-user_6871530
pd-user_7924638
pd-user_4158626
pd-user_4776206
pd-user_4291391
pd-user_7352607
pd-user_1384273
pd-user_5615527
pd-user_4420290
pd-user_7999745
pd-user_6995349
pd-user_483727
pd-user_5898045
pd-user_2076187
pd-user_6034600
pd-user_7915331
pd-user_1113341
pd-user_6203269
pd-user_6290595
pd-user_6993852
pd-user_7466646
pd-user_4239887
pd-user_4942556
pd-user_2739659
pd-user_6419431
pd-user_3845570
pd-user_8721630
pd-user_5235381
pd-user_7314079
pd-user_3926465
pd-user_6764891
pd-user_9210202
pd-user_9164503
pd-user_8220199
pd-user_6390240
pd-user_4103483
pd-user_9424385
pd-user_3076930
pd-user_3283248
pd-user_5986242
pd-user_6363865
pd-user_6045490
pd-user_5910934
pd-user_5178325
pd-user_4470885
pd-user_2880683
pd-user_8660571
pd-user_129831
pd-user_7674151
pd-user_8336222
pd-user_367141
pd-user_9346806
pd-user_5893574
pd-user_7191879
pd-user_7186591
pd-user_5461676
pd-user_9795825
pd-user_6255233
pd-user_6554234
pd-user_3686604
pd-user_2853988
pd-user_6073396
pd-user_4168227
pd-user_7132183
pd-user_4407902
pd-user_5639524
pd-user_2918471
pd-user_9750917
pd-user_9307057
pd-user_5333550
pd-user_2093143
pd-user_8899752
pd-user_9342369
pd-user_758051
pd-user_4273928
pd-user_3709403
pd-user_9543337
pd-user_3778760
pd-user_9129032
pd-user_9174267
pd-user_6394653
pd-user_6084408
pd-user_2990215
pd-user_784174
pd-user_4890149
pd-user_8093532
pd-user_8380176
pd-user_4082205
pd-user_1195262
pd-user_2489133
pd-user_553107
pd-user_9851172
pd-user_1182596
pd-user_580291
pd-user_2610691
pd-user_3140515
pd-user_4043781
pd-user_4552354
pd-user_4587962
pd-user_2359214
pd-user_8206994
pd-user_1465385
pd-user_9016462
pd-user_6321231
pd-user_807343
pd-user_4676677
pd-user_502523
pd-user_4006775
pd-user_1942611
pd-user_6642183
pd-user_5454701
pd-user_7068260
pd-user_1096750
pd-user_9353126
pd-user_1894850
pd-user_2103454
pd-user_3297325
pd-user_887044
pd-user_3533664
pd-user_3887275
pd-user_1016050
pd-user_5429203
pd-user_1916640
pd-user_3968989
pd-user_1289266
pd-user_4512601
pd-user_1536966
pd-user_2383192
pd-user_5852317
pd-user_6912623
pd-user_1038255
pd-user_8739864
pd-user_6655486
pd-user_6095541
pd-user_3451498
pd-user_5890848
pd-user_6692772
pd-user_1407121
pd-user_3734018
pd-user_6654705
pd-user_6649099
pd-user_9371927
pd-user_1128857
pd-user_949566
pd-user_8662448
pd-user_6884379
pd-user_5340001
pd-user_8210815
pd-user_3769989
pd-user_2601475
pd-user_931950
pd-user_5972910
pd-user_3407982
pd-user_5225695
pd-user_9671314
pd-user_2446907
pd-user_2733544
pd-user_5224260
pd-user_2422299
pd-user_5083042
pd-user_6538467
pd-user_2079201
pd-user_2903980
pd-user_8903251
pd-user_5966482
pd-user_7351513
pd-user_9738615
pd-user_2180776
pd-user_9480635
pd-user_3719425
pd-user_4256147
pd-user_6404745
pd-user_605921
pd-user_4482614
pd-user_5988695
pd-user_6653447
pd-user_5449007
pd-user_6122634
pd-user_2468227
pd-user_257836
pd-user_6832797
pd-user_377561
pd-user_7989535
pd-user_3378849
pd-user_9234566
pd-user_4425659
pd-user_8064180
pd-user_7824214
pd-user_9811672
pd-user_9186303
pd-user_88680
pd-user_7187562
pd-user_712428
pd-user_1611821
pd-user_2581882
pd-user_8351973
pd-user_4319001
pd-user_6061242
pd-user_4555448
pd-user_3862106
pd-user_2404950
pd-user_2534512
pd-user_6740396
pd-user_3438283
pd-user_7169810
pd-user_5454107
pd-user_9235622
pd-user_9810071
pd-user_1142923
pd-user_3661274
pd-user_547856
pd-user_7947534
pd-user_9549262
pd-user_8843903
pd-user_4168740
pd-user_6833143
pd-user_9182402
pd-user_1585613
pd-user_3541295
pd-user_3216092
pd-user_314183
pd-user_2750444
pd-user_6770577
pd-user_861845
pd-user_3606646
pd-user_5653323
pd-user_4759486
pd-user_4458195
pd-user_4378105
pd-user_7456930
pd-user_554019
pd-user_6833700
pd-user_804954
pd-user_8946351
pd-user_2911199
pd-user_7977169
pd-user_9059608
pd-user_1366233
pd-user_1346588
pd-user_7678444
pd-user_9914688
pd-user_8433168
pd-user_5754447
pd-user_9228808
pd-user_8902158
pd-user_7335591
pd-user_8003212
pd-user_4698453
pd-user_9652464
pd-user_1369234
pd-user_3483557
pd-user_2298055
pd-user_2908732
pd-user_5381165
pd-user_5042201
pd-user_3704462
pd-user_537348
pd-user_6933915
pd-user_623455
pd-user_1017317
pd-user_7218866
pd-user_4782068
pd-user_5486039
pd-user_9084374
pd-user_433060
pd-user_6382313
pd-user_7267653
pd-user_7893648
pd-user_7747160
pd-user_3315311
pd-user_9725334
pd-user_2416512
pd-user_2297756
pd-user_6220714
pd-user_4654787
pd-user_2824534
pd-user_5335291
pd-user_5520994
pd-user_1829164
pd-user_1406048
pd-user_3981368
pd-user_327638
pd-user_9783392
pd-user_4107606
pd-user_3261238
pd-user_5160847
pd-user_9813541
pd-user_1603199
pd-user_8659367
pd-user_5869339
pd-user_5327849
pd-user_7820649
pd-user_9917022
pd-user_3987269
pd-user_5132803
pd-user_4600675
pd-user_934741
pd-user_7237
pd-user_4047153
pd-user_7037505
pd-user_6812319
pd-user_1558460
pd-user_8540079
pd-user_2041379
pd-user_7146651
pd-user_7104722
pd-user_3927820
pd-user_9832563
pd-user_8750186
pd-user_154661
pd-user_657471
pd-user_7387833
pd-user_6958619
pd-user_1020800
pd-user_7288398
pd-user_9224960
pd-user_2835555
pd-user_1838731
pd-user_893226
pd-user_894909
pd-user_8560961
pd-user_2620889
pd-user_3970781
pd-user_2232103
pd-user_535102
pd-user_6906705
pd-user_374595
pd-user_7079157
pd-user_9897703
pd-user_420731
pd-user_8372502
pd-user_1208184
pd-user_9285452
pd-user_1446422
pd-user_6037734
pd-user_2808037
pd-user_2769021
pd-user_7610136
pd-user_5092634
pd-user_1906175
pd-user_5427085
pd-user_1873622
pd-user_5313100
pd-user_9176002
pd-user_7916909
pd-user_4647252
pd-user_455714
pd-user_6704926
pd-user_6280134
pd-user_7727876
pd-user_3015986
pd-user_8773502
pd-user_8238030
pd-user_1061662
pd-user_9810721
pd-user_6285266
pd-user_8211332
pd-user_1831387
pd-user_1811129
pd-user_1739215
pd-user_6392578
pd-user_6066538
pd-user_5020772
pd-user_2334016
pd-user_6218539
pd-user_5375570
pd-user_721778
pd-user_9725706
pd-user_5803588
pd-user_6612843
pd-user_8150155
pd-user_3708228
pd-user_5104317
pd-user_8025937
pd-user_8727972
pd-user_8884171
pd-user_8923730
pd-user_5593334
pd-user_4107264
pd-user_4338107
pd-user_2383723
pd-user_5580652
pd-user_3185666
pd-user_5806257
pd-user_3796103
pd-user_5527462
pd-user_751888
pd-user_3815376
pd-user_9550980
pd-user_1816225
pd-user_4534304
pd-user_6565165
pd-user_9551418
pd-user_7040518
pd-user_6730814
pd-user_965866
pd-user_8403040
pd-user_5284310
pd-user_3307123
pd-user_8599414
pd-user_7888777
pd-user_1247728
pd-user_7569438
pd-user_2364275
pd-user_6580569
pd-user_6010583
pd-user_1378275
pd-user_2826050
pd-user_2576520
pd-user_9219545
pd-user_1917374
pd-user_135789
pd-user_9718068
pd-user_5444909
pd-user_2661752
pd-user_9273534
pd-user_9548131
pd-user_7026409
pd-user_5584649
pd-user_554142
pd-user_1928549
pd-user_6034942
pd-user_1869194
pd-user_4603189
pd-user_8848480
pd-user_6303088
pd-user_5898790
pd-user_5710204
pd-user_5658255
pd-user_919328
pd-user_9403108
pd-user_7539824
pd-user_5001894
pd-user_9923515
pd-user_3450476
pd-user_8646487
pd-user_7181224
pd-user_8287934
pd-user_9123250
pd-user_4487764
pd-user_3404693
pd-user_6562634
pd-user_6255631
pd-user_9580844
pd-user_8253982
pd-user_323730
pd-user_873605
pd-user_5202250
pd-user_1093782
pd-user_1613675
pd-user_3052238
pd-user_6235295
pd-user_3281611
pd-user_212727
pd-user_3805431
pd-user_1106845
pd-user_8499877
pd-user_9267523
pd-user_2574847
pd-user_1872626
pd-user_5975781
pd-user_5192270
pd-user_5884470
pd-user_619210
pd-user_1242862
pd-user_5308045
pd-user_207473
pd-user_8330344
pd-user_9479807
pd-user_5227224
pd-user_906753
pd-user_796866
pd-user_895053
pd-user_5615279
pd-user_5339080
pd-user_7818055
pd-user_8722452
pd-user_6371084
pd-user_5237488
pd-user_8260815
pd-user_8932779
pd-user_4165125
pd-user_8134307
pd-user_5920947
pd-user_4205359
pd-user_7304184
pd-user_371369
pd-user_7515227
pd-user_7985387
pd-user_946348
pd-user_2183048
pd-user_254912
pd-user_1009211
pd-user_6236038
pd-user_4038322
pd-user_2646396
pd-user_4954209
pd-user_4720268
pd-user_4390265
pd-user_1943406
pd-user_9917035
pd-user_8528770
pd-user_2140679
pd-user_8721057
pd-user_6756243
pd-user_1418445
pd-user_9974435
pd-user_5364542
pd-user_6316650
pd-user_8994067
pd-user_225002
pd-user_2893352
pd-user_6923109
pd-user_2953307
pd-user_1249005
pd-user_1030416
pd-user_1091168
pd-user_3617947
pd-user_2161237
pd-user_4909970
pd-user_2697787
pd-user_4885327
pd-user_7925604
pd-user_6858381
pd-user_7643908
pd-user_8185392
pd-user_2115150
pd-user_7207958
pd-user_7914440
pd-user_2403533
pd-user_7452064
pd-user_784683
pd-user_194494
pd-user_5102001
pd-user_3618159
pd-user_13050
pd-user_4951256
pd-user_4566664
pd-user_4168003
pd-user_2707782
pd-user_7378258
pd-user_1200619
pd-user_3309782
pd-user_8845856
pd-user_5748500
pd-user_9254780
pd-user_5497118
pd-user_5755158
pd-user_3735331
pd-user_7105942
pd-user_9016729
pd-user_1919188
pd-user_6029171
pd-user_240199
pd-user_6577116
pd-user_2119317
pd-user_4427040
pd-user_5294412
pd-user_2606547
pd-user_8326635
pd-user_3707868
pd-user_3851525
pd-user_4895857
pd-user_635099
pd-user_7728983
pd-user_5773488
pd-user_7084493
pd-user_9610969
pd-user_3485390
pd-user_6739804
pd-user_9822380
pd-user_9445675
pd-user_6857157
pd-user_5727985
pd-user_5670931
pd-user_4073308
pd-user_1879760
pd-user_7064081
pd-user_7618025
pd-user_9966244
pd-user_1240555
pd-user_5152291
pd-user_1997972
pd-user_3440087
pd-user_6544703
pd-user_2019207
pd-user_5076185
pd-user_2648813
pd-user_8707053
pd-user_6336821
pd-user_4832182
pd-user_8882822
pd-user_538982
pd-user_2590930
pd-user_1136235
pd-user_1280633
pd-user_5180823
pd-user_5230787
pd-user_7022719
pd-user_9365932
pd-user_7147583
pd-user_2894033
pd-user_5708020
pd-user_8844759
pd-user_2037411
pd-user_247244
pd-user_758229
pd-user_2357330
pd-user_4648972
pd-user_4795638
pd-user_411104
pd-user_8839688
pd-user_2717943
pd-user_979356
pd-user_2513801
pd-user_6160634
pd-user_8758569
pd-user_8158766
pd-user_9400849
pd-user_2347348
pd-user_6547062
pd-user_7196656
pd-user_6463499
pd-user_333662
pd-user_5901506
pd-user_3191330
pd-user_511772
pd-user_7017332
pd-user_8298182
pd-user_9197261
pd-user_4778902
pd-user_1648879
pd-user_4290122
pd-user_210950
pd-user_6285527
pd-user_5612092
pd-user_1339775
pd-user_9637947
pd-user_3343727
pd-user_8250551
pd-user_8176308
pd-user_5234267
pd-user_4500547
pd-user_1555808
pd-user_2740911
pd-user_6161398
pd-user_1099062
pd-user_8078197
pd-user_1283249
pd-user_7069287
pd-user_3219568
pd-user_6784493
pd-user_214876
pd-user_8567066
pd-user_4945620
pd-user_4816201
pd-user_9943914
pd-user_5624562
pd-user_7400609
pd-user_9690227
pd-user_5519719
pd-user_5825980
pd-user_6210665
pd-user_6520918
pd-user_19258
pd-user_188910
pd-user_9327119
pd-user_9991312
pd-user_2201666
pd-user_9140920
pd-user_9961979
pd-user_1422313
pd-user_1083002
pd-user_1143142
pd-user_3941361
pd-user_7830715
pd-user_659622
pd-user_7789574
pd-user_9588760
pd-user_7888036
pd-user_122283
pd-user_7085701
pd-user_1833840
pd-user_952520
pd-user_4752486
pd-user_9898643
pd-user_8828761
pd-user_8562870
pd-user_5233686
pd-user_7987019
pd-user_9668576
pd-user_8014840
pd-user_5585075
pd-user_2839467
pd-user_7038757
pd-user_8733769
pd-user_6252828
pd-user_9800535
pd-user_6049918
pd-user_3611868
pd-user_3032068
pd-user_6496309
pd-user_7198946
pd-user_6841423
pd-user_3270639
pd-user_3389617
pd-user_4834286
pd-user_6237002
pd-user_2565873
pd-user_7318086
pd-user_7736273
pd-user_9325059
pd-user_4125055
pd-user_1918160
pd-user_4506688
pd-user_4810931
pd-user_8835736
pd-user_1911769
pd-user_5256034
pd-user_6737477
pd-user_1145987
pd-user_7857351
pd-user_5397301
pd-user_3353558
pd-user_1413685
pd-user_866411
pd-user_6677144
pd-user_8286055
pd-user_4372810
pd-user_3479885
pd-user_8348530
pd-user_3075118
pd-user_2255729
pd-user_9415538
pd-user_8486970
pd-user_6944795
pd-user_2680432
pd-user_9185317
pd-user_7074031
pd-user_7326078
pd-user_2168375
pd-user_8031008
pd-user_3776086
pd-user_7554874
pd-user_6313518
pd-user_4263547
pd-user_9454209
pd-user_1141817
pd-user_4769617
pd-user_8480702
pd-user_9654829
pd-user_6783240
pd-user_4008383
pd-user_298590
pd-user_507274
pd-user_5193770
pd-user_254656
pd-user_7865555
pd-user_8368815
pd-user_9835031
pd-user_932829
pd-user_8051874
pd-user_3728169
pd-user_8768114
pd-user_1402690
pd-user_2574855
pd-user_2735997
pd-user_5990285
pd-user_6520060
pd-user_5122842
pd-user_7659515
pd-user_6873917
pd-user_1710790
pd-user_1154970
pd-user_3364327
pd-user_8150956
pd-user_9630660
pd-user_9519881
pd-user_3086886
pd-user_6095852
pd-user_8507937
pd-user_2651506
pd-user_8119248
pd-user_1525448
pd-user_1801309
pd-user_8994669
pd-user_2139027
pd-user_9749334
pd-user_1935943
pd-user_4127195
pd-user_8955122
pd-user_8043686
pd-user_6543399
pd-user_7408342
pd-user_8653788
pd-user_241388
pd-user_6061394
pd-user_8543980
pd-user_6781288
pd-user_8994835
pd-user_6911416
pd-user_5581610
pd-user_9463425
pd-user_6466377
pd-user_5569507
pd-user_8410023
pd-user_3587995
pd-user_6247158
pd-user_5421496
pd-user_6161346
pd-user_5360906
pd-user_1322723
pd-user_2557455
pd-user_4907091
pd-user_4037137
pd-user_2078909
pd-user_2703732
pd-user_5652422
pd-user_3581044
pd-user_1186633
pd-user_6487983
pd-user_4104629
pd-user_1045932
pd-user_3185012
pd-user_6504439
pd-user_5932382
pd-user_7492235
pd-user_8676682
pd-user_3002792
pd-user_4324322
pd-user_737470
pd-user_1358132
pd-user_1444296
pd-user_3318728
pd-user_5339893
pd-user_3956295
pd-user_3482273
pd-user_6507142
pd-user_9573039
pd-user_733712
pd-user_6114108
pd-user_5462876
pd-user_4678364
pd-user_9221098
pd-user_9579628
pd-user_8704982
pd-user_4250406
pd-user_2447516
pd-user_5148320
pd-user_1402085
pd-user_3880208
pd-user_5272867
pd-user_8736809
pd-user_862370
pd-user_3599360
pd-user_2355128
pd-user_4552021
pd-user_630453
pd-user_6650570
pd-user_4955090
pd-user_4095493
pd-user_7212054
pd-user_7238343
pd-user_6506259
pd-user_8058579
pd-user_9593645
pd-user_2286493
pd-user_72019
pd-user_4738762
pd-user_4202751
pd-user_3883551
pd-user_225627
pd-user_4401646
pd-user_7538221
pd-user_3194510
pd-user_4409300
pd-user_3689856
pd-user_9742970
pd-user_5517834
pd-user_9008664
pd-user_5390169
pd-user_2664949
pd-user_5479771
pd-user_8175728
pd-user_2117166
pd-user_220291
pd-user_5388191
pd-user_2852055
pd-user_5764463
pd-user_3180334
pd-user_1498576
pd-user_7915709
pd-user_1874778
pd-user_233165
pd-user_6285271
pd-user_5660694
pd-user_3100448
pd-user_2678751
pd-user_3215708
pd-user_6817761
pd-user_2132009
pd-user_2008327
pd-user_7428408
pd-user_7214206
pd-user_7671524
pd-user_6323434
pd-user_917815
pd-user_8600210
pd-user_1252743
pd-user_3510156
pd-user_224731
pd-user_4702957
pd-user_4008515
pd-user_7977201
pd-user_8603372
pd-user_4636566
pd-user_1081361
pd-user_119120
pd-user_6895975
pd-user_9201849
pd-user_4874995
pd-user_2685774
pd-user_7356385
pd-user_1529049
pd-user_6586309
pd-user_6116094
pd-user_4949801
pd-user_8288948
pd-user_8626347
pd-user_6538175
pd-user_7671069
pd-user_7184112
pd-user_1039863
pd-user_8693399
pd-user_5419825
pd-user_7494321
pd-user_2923993
pd-user_9505541
pd-user_4753828
pd-user_9770273
pd-user_9492669
pd-user_96319
pd-user_3388557
pd-user_8630339
pd-user_4318500
pd-user_8398962
pd-user_6148299
pd-user_3672728
pd-user_2590452
pd-user_2821145
pd-user_8300253
pd-user_3739112
pd-user_4046930
pd-user_9139676
pd-user_1494947
pd-user_7345296
pd-user_3035420
pd-user_6424385
pd-user_3247079
pd-user_3627482
pd-user_5611767
pd-user_8254347
pd-user_7080802
pd-user_4422984
pd-user_8564324
pd-user_7480759
pd-user_2674730
pd-user_1210611
pd-user_2346714
pd-user_2165296
pd-user_3161306
pd-user_6075795
pd-user_6684332
pd-user_7921792
pd-user_8876757
pd-user_5209904
pd-user_4803470
pd-user_883409
pd-user_5502807
pd-user_5590792
pd-user_3631314
pd-user_4833582
pd-user_4695123
pd-user_482981
pd-user_4783972
pd-user_1702376
pd-user_5331208
pd-user_6417794
pd-user_1390127
pd-user_5185326
pd-user_2514980
pd-user_7983015
pd-user_7323874
pd-user_2266801
pd-user_3087555
pd-user_4150581
pd-user_537718
pd-user_9178569
pd-user_507627
pd-user_2836067
pd-user_8097299
pd-user_4203714
pd-user_7590716
pd-user_9511194
pd-user_7747534
pd-user_14449
pd-user_8955190
pd-user_8848856
pd-user_8918736
pd-user_315593
pd-user_8995583
pd-user_2925368
pd-user_539889
pd-user_1933964
pd-user_1552439
pd-user_5212054
pd-user_8064190
pd-user_5566584
pd-user_4646176
pd-user_7094248
pd-user_8214008
pd-user_3293571
pd-user_4267469
pd-user_327274
pd-user_43621
pd-user_5207994
pd-user_3839150
pd-user_954188
pd-user_7430294
pd-user_1416349
pd-user_964244
pd-user_3667537
pd-user_5813127
pd-user_4749853
pd-user_8423344
pd-user_3980916
pd-user_3455243
pd-user_6176826
pd-user_1579080
pd-user_2044531
pd-user_2567447
pd-user_1920819
pd-user_8876503
pd-user_3995119
pd-user_9895689
pd-user_8342629
pd-user_2644609
pd-user_1191963
pd-user_4797816
pd-user_9030092
pd-user_8595057
pd-user_2310508
pd-user_9267017
pd-user_8279786
pd-user_7281307
pd-user_6120027
pd-user_971973
pd-user_5450363
pd-user_1098162
pd-user_2739568
pd-user_6381246
pd-user_5356412
pd-user_1921061
pd-user_5820275
pd-user_4183903
pd-user_4434788
pd-user_7915578
pd-user_4797684
pd-user_631314
pd-user_9901382
pd-user_9134604
pd-user_8515371
pd-user_6068776
pd-user_3338649
pd-user_3441218
pd-user_4149381
pd-user_2121152
pd-user_4706595
pd-user_8086971
pd-user_7401933
pd-user_8906752
pd-user_448712
pd-user_7766201
pd-user_8282071
pd-user_8178781
pd-user_5313468
pd-user_4516669
pd-user_9325508
pd-user_8940923
pd-user_970215
pd-user_1429212
pd-user_5191695
pd-user_4553715
pd-user_4165746
pd-user_238842
pd-user_287345
pd-user_7703706
pd-user_8804995
pd-user_8741632
pd-user_5591473
pd-user_5871098
pd-user_9642448
pd-user_3761150
pd-user_5436133
pd-user_3547497
pd-user_9398660
pd-user_9658422
pd-user_6067251
pd-user_168665
pd-user_4942589
pd-user_5665637
pd-user_5452141
pd-user_3372513
pd-user_461068
pd-user_7155423
pd-user_3881245
pd-user_8102513
pd-user_9435748
pd-user_9040328
pd-user_729635
pd-user_6804460
pd-user_1910701
pd-user_1859068
pd-user_7769017
pd-user_3375083
pd-user_2465727
pd-user_1340017
pd-user_9108011
pd-user_8144380
pd-user_1118673
pd-user_6717404
pd-user_712942
pd-user_5393643
pd-user_9514890
pd-user_7312303
pd-user_7677317
pd-user_623193
pd-user_9838270
pd-user_5502203
pd-user_4120893
pd-user_4903796
pd-user_6258994
pd-user_6583655
pd-user_2293715
pd-user_3235628
pd-user_9824033
pd-user_9742792
pd-user_1843992
pd-user_8332647
pd-user_6461466
pd-user_4709614
pd-user_800178
pd-user_7518626
pd-user_7199772
pd-user_6324538
pd-user_2763585
pd-user_7572195
pd-user_9457195
pd-user_2709508
pd-user_612613
pd-user_155255
pd-user_6319818
pd-user_1040953
pd-user_9846811
pd-user_4614787
pd-user_892793
pd-user_916593
pd-user_3628905
pd-user_7396374
pd-user_4691610
pd-user_6498278
pd-user_370450
pd-user_1341658
pd-user_6473069
pd-user_24129
pd-user_9241585
pd-user_9907334
pd-user_6667643
pd-user_5774532
pd-user_7500557
pd-user_7995395
pd-user_5303124
pd-user_832764
pd-user_3541255
pd-user_4004529
pd-user_8485403
pd-user_3470546
pd-user_9831237
pd-user_2521214
pd-user_4795264
pd-user_1085688
pd-user_7640201
pd-user_3102387
pd-user_7533641
pd-user_9472821
pd-user_9403790
pd-user_9008124
pd-user_684114
pd-user_960829
pd-user_5137731
pd-user_3359393
pd-user_8190268
pd-user_9481526
pd-user_7535377
pd-user_7927535
pd-user_2038577
pd-user_2756769
pd-user_7571824
pd-user_99933
pd-user_7608281
pd-user_8740754
pd-user_7518823
pd-user_3125977
pd-user_4297249
pd-user_5802525
pd-user_3092097
pd-user_4505806
pd-user_7544793
pd-user_4020051
pd-user_2268092
pd-user_4573073
pd-user_6487219
pd-user_5169531
pd-user_2972984
pd-user_9285769
pd-user_6118880
pd-user_4122224
pd-user_6501858
pd-user_2284089
pd-user_6945119
pd-user_2668657
pd-user_5047700
pd-user_7399466
pd-user_6260460
pd-user_7413177
pd-user_3227524
pd-user_8207293
pd-user_601570
pd-user_2817527
pd-user_5709726
pd-user_6525843
pd-user_4591548
pd-user_1999891
pd-user_7178884
pd-user_7090479
pd-user_4693440
pd-user_830751
pd-user_1857700
pd-user_7896675
pd-user_4283749
pd-user_4216130
pd-user_9276637
pd-user_8041213
pd-user_2791034
pd-user_2025991
pd-user_1710345
pd-user_8632326
pd-user_4182688
pd-user_3485485
pd-user_1666260
pd-user_2646289
pd-user_9422296
pd-user_9845484
pd-user_1196222
pd-user_9200339
pd-user_3899109
pd-user_1073961
pd-user_8101942
pd-user_5788634
pd-user_3744912
pd-user_9711904
pd-user_273583
pd-user_5885682
pd-user_4858463
pd-user_3101101
pd-user_1188572
pd-user_1599353
pd-user_4503711
pd-user_4002900
pd-user_4153092
pd-user_9743517
pd-user_9798041
pd-user_6577513
pd-user_4673672
pd-user_9336885
pd-user_7104190
pd-user_7361089
pd-user_9053958
pd-user_760982
pd-user_7857883
pd-user_2443581
pd-user_2631112
pd-user_6043154
pd-user_1206646
pd-user_6150749
pd-user_4560039
pd-user_6817805
pd-user_7200760
pd-user_417600
pd-user_6188347
pd-user_429941
pd-user_8357758
pd-user_176292
pd-user_8651252
pd-user_4670189
pd-user_9535766
pd-user_6668675
pd-user_4503136
pd-user_6945432
pd-user_8370569
pd-user_700629
pd-user_4303772
pd-user_5685587
pd-user_4237474
pd-user_9391290
pd-user_6220567
pd-user_4886867
pd-user_1473469
pd-user_114734
pd-user_1203933
pd-user_2972321
pd-user_5799429
pd-user_7886377
pd-user_4334477
pd-user_6032446
pd-user_7317000
pd-user_3842225
pd-user_6754762
pd-user_3640509
pd-user_3219873
pd-user_6727088
pd-user_1846523
pd-user_2740737
pd-user_2263630
pd-user_2060115
pd-user_859672
pd-user_8835353
pd-user_9786973
pd-user_2375825
pd-user_3486524
pd-user_4896952
pd-user_72
pd-user_8937421
pd-user_1693183
pd-user_5731362
pd-user_7590531
pd-user_2731098
pd-user_5771716
pd-user_4197130
pd-user_552371
pd-user_9265260
pd-user_2592595
pd-user_2313706
pd-user_6749652
pd-user_3630857
pd-user_8926590
pd-user_2550115
pd-user_6150940
pd-user_6202720
pd-user_223725
pd-user_9798035
pd-user_2942521
pd-user_6337419
pd-user_8193148
pd-user_460036
pd-user_8882562
pd-user_5893244
pd-user_1755153
pd-user_5789898
pd-user_6201666
pd-user_3315935
pd-user_9303683
pd-user_6017557
pd-user_3474301
pd-user_1247566
pd-user_6103112
pd-user_232711
pd-user_7454293
pd-user_5578199
pd-user_4225718
pd-user_7752557
pd-user_3522135
pd-user_2481005
pd-user_6370593
pd-user_6769183
pd-user_9127648
pd-user_3449192
pd-user_7874070
pd-user_9580696
pd-user_2536920
pd-user_6350361
pd-user_3974713
pd-user_3633887
pd-user_1616577
pd-user_4849826
pd-user_433179
pd-user_2149994
pd-user_3984312
pd-user_5987866
pd-user_4204236
pd-user_2611689
pd-user_1943831
pd-user_1067383
pd-user_5812524
pd-user_5603889
pd-user_9202395
pd-user_1930650
pd-user_4129236
pd-user_303216
pd-user_5538957
pd-user_807115
pd-user_1487128
pd-user_6193545
pd-user_78832
pd-user_2767600
pd-user_3511661
pd-user_2479897
pd-user_288777
pd-user_3813059
pd-user_9357155
pd-user_2181791
pd-user_1807014
pd-user_8368720
pd-user_7348912
pd-user_4601481
pd-user_2775544
pd-user_5281273
pd-user_6115826
pd-user_2089921
pd-user_7816530
pd-user_2908890
pd-user_9257410
pd-user_637739
pd-user_636006
pd-user_6089241
pd-user_4327172
pd-user_7534637
pd-user_5184760
pd-user_2490397
pd-user_9129266
pd-user_3365321
pd-user_9569796
pd-user_758643
pd-user_6035608
pd-user_164973
pd-user_7222653
pd-user_8896070
pd-user_1871067
pd-user_5904454
pd-user_9409446
pd-user_4879445
pd-user_4120811
pd-user_9951789
pd-user_3140581
pd-user_6811659
pd-user_1065238
pd-user_9079243
pd-user_3610316
pd-user_8454171
pd-user_6728811
pd-user_7229011
pd-user_5600463
pd-user_3370160
pd-user_4029786
pd-user_8225891
pd-user_9289399
pd-user_568877
pd-user_1683924
pd-user_3195047
pd-user_1376483
pd-user_4043660
pd-user_1311174
pd-user_8024851
pd-user_1422708
pd-user_8784025
pd-user_1647130
pd-user_7665642
pd-user_5535407
pd-user_8945031
pd-user_3172823
pd-user_1159066
pd-user_338038
pd-user_5839996
pd-user_3324865
pd-user_3640194
pd-user_9790503
pd-user_3947812
pd-user_2116474
pd-user_8982395
pd-user_3701840
pd-user_7410994
pd-user_7299789
pd-user_2214512
pd-user_8487893
pd-user_1665020
pd-user_7965221
pd-user_589057
pd-user_1365679
pd-user_7535978
pd-user_5139615
pd-user_3914727
pd-user_138345
pd-user_5980411
pd-user_1735981
pd-user_5986507
pd-user_9761850
pd-user_1921511
pd-user_5970448
pd-user_4250475
pd-user_1627306
pd-user_2400075
pd-user_4336958
pd-user_2229068
pd-user_2421435
pd-user_8847111
pd-user_1866791
pd-user_4500684
pd-user_49960
pd-user_1442862
pd-user_1686481
pd-user_9099723
pd-user_7643449
pd-user_9792947
pd-user_4576656
pd-user_2371455
pd-user_3034300
pd-user_3236088
pd-user_7022773
pd-user_4246014
pd-user_7655677
pd-user_7140565
pd-user_803170
pd-user_6841225
pd-user_5163971
pd-user_6002023
pd-user_2466710
pd-user_794016
pd-user_3830285
pd-user_9937864
pd-user_108220
pd-user_2058689
pd-user_3289872
pd-user_1854757
pd-user_5630698
pd-user_7793186
pd-user_8069148
pd-user_374567
pd-user_6540313
pd-user_6306922
pd-user_2747003
pd-user_6217716
pd-user_4540499
pd-user_3066073
pd-user_1250273
pd-user_3876444
pd-user_2156886
pd-user_8137491
pd-user_9011838
pd-user_1203523
pd-user_2512177
pd-user_4464835
pd-user_6791108
pd-user_7303220
pd-user_6840167
pd-user_3898373
pd-user_8951203
pd-user_8457988
pd-user_7469544
pd-user_4466541
pd-user_1255875
pd-user_5640276
pd-user_7091300
pd-user_1287562
pd-user_2224308
pd-user_3514693
pd-user_8357121
pd-user_3225602
pd-user_5901394
pd-user_1280980
pd-user_1891386
pd-user_1822317
pd-user_8282950
pd-user_3939536
pd-user_5515469
pd-user_9629234
pd-user_2645252
pd-user_6008220
pd-user_4934389
pd-user_4690334
pd-user_3038244
pd-user_2196035
pd-user_6888652
pd-user_7602720
pd-user_8059515
pd-user_2695574
pd-user_3043372
pd-user_6753424
pd-user_5530389
pd-user_1753275
pd-user_7443740
pd-user_7594767
pd-user_363279
pd-user_5847824
pd-user_9345077
pd-user_3424695
pd-user_3735393
pd-user_9728842
pd-user_2579786
pd-user_5792287
pd-user_3102160
pd-user_5706161
pd-user_7041556
pd-user_1215646
pd-user_5268960
pd-user_2343719
pd-user_1784355
pd-user_246962
pd-user_468743
pd-user_2700221
pd-user_8329614
pd-user_7954339
pd-user_3878618
pd-user_9111690
pd-user_9092474
pd-user_3748819
pd-user_9453529
pd-user_3431565
pd-user_5727599
pd-user_8621810
pd-user_9062418
pd-user_7500277
pd-user_6080940
pd-user_8342293
pd-user_7026110
pd-user_9029940
pd-user_2327188
pd-user_7191068
pd-user_5987933
pd-user_187006
pd-user_2844980
pd-user_6034955
pd-user_5913385
pd-user_8199447
pd-user_6599488
pd-user_2786117
pd-user_5136353
pd-user_4050009
pd-user_2412476
pd-user_1441463
pd-user_1109486
pd-user_4880999
pd-user_2432705
pd-user_2173646
pd-user_1137834
pd-user_1662604
pd-user_6378970
pd-user_1244375
pd-user_5124355
pd-user_7500936
pd-user_5979756
pd-user_3989978
pd-user_7917852
pd-user_6395925
pd-user_8246597
pd-user_8586498
pd-user_3451331
pd-user_2523548
pd-user_344486
pd-user_9509308
pd-user_7653006
pd-user_8820301
pd-user_8612687
pd-user_606844
pd-user_708090
pd-user_6140075
pd-user_2839083
pd-user_376779
pd-user_8284623
pd-user_7400876
pd-user_1180175
pd-user_3445084
pd-user_6247777
pd-user_8769905
pd-user_7240566
pd-user_3222283
pd-user_9400438
pd-user_2269465
pd-user_4563399
pd-user_8035088
pd-user_5012484
pd-user_2172045
pd-user_7983374
pd-user_8828263
pd-user_8623585
pd-user_367566
pd-user_6764330
pd-user_5152080
pd-user_6153959
pd-user_154870
pd-user_961872
pd-user_5229738
pd-user_1317452
pd-user_7933347
pd-user_1109411
pd-user_943268
pd-user_4150506
pd-user_9014308
pd-user_1307633
pd-user_8594482
pd-user_9260557
pd-user_610744
pd-user_5380486
pd-user_2695315
pd-user_8015670
pd-user_679767
pd-user_275059
pd-user_9231552
pd-user_6984862
pd-user_6762721
pd-user_557565
pd-user_4926786
pd-user_1892190
pd-user_7301842
pd-user_2453196
pd-user_7176139
pd-user_7097917
pd-user_805706
pd-user_2376452
pd-user_1201368
pd-user_2617824
pd-user_942206
pd-user_9567777
pd-user_1438257
pd-user_911349
pd-user_4106236
pd-user_3149341
pd-user_2961009
pd-user_3606802
pd-user_9555878
pd-user_3077935
pd-user_14498
pd-user_9896453
pd-user_2859708
pd-user_9476874
pd-user_1970981
pd-user_7167578
pd-user_5088511
pd-user_4110879
pd-user_8126544
pd-user_3557685
pd-user_2852191
pd-user_6801583
pd-user_5679304
pd-user_9437025
pd-user_3851768
pd-user_1762735
pd-user_1749306
pd-user_2431062
pd-user_8810702
pd-user_7530636
pd-user_9771548
pd-user_4943993
pd-user_1216785
pd-user_9879367
pd-user_8236921
pd-user_8297522
pd-user_8256241
pd-user_8519675
pd-user_857386
pd-user_5063842
pd-user_6085438
pd-user_1380559
pd-user_3482400
pd-user_3623990
pd-user_717080
pd-user_4516780
pd-user_514891
pd-user_7764492
pd-user_9190773
pd-user_4297281
pd-user_6379513
pd-user_4585767
pd-user_1374608
pd-user_7793109
pd-user_7829587
pd-user_4305077
pd-user_6879457
pd-user_4001521
pd-user_7832047
pd-user_2890876
pd-user_4489002
pd-user_2306863
pd-user_9384303
pd-user_8495772
pd-user_7253362
pd-user_6587501
pd-user_2986448
pd-user_287536
pd-user_4265088
pd-user_703236
pd-user_2570258
pd-user_1723769
pd-user_8977991
pd-user_3835897
pd-user_7491343
pd-user_5000651
pd-user_7740700
pd-user_6843309
pd-user_6195843
pd-user_1365635
pd-user_1752650
pd-user_4455870
pd-user_7617191
pd-user_6185688
pd-user_186776
pd-user_6167353
pd-user_2681975
pd-user_3946729
pd-user_7370933
pd-user_7549732
pd-user_4354522
pd-user_6272427
pd-user_9527998
pd-user_3972890
pd-user_1631459
pd-user_2371927
pd-user_9614002
pd-user_1994409
pd-user_1619547
pd-user_5908013
pd-user_8333541
pd-user_2988038
pd-user_7784486
pd-user_2617600
pd-user_3802736
pd-user_4349716
pd-user_38181
pd-user_5841265
pd-user_1315224
pd-user_809971
pd-user_7342134
pd-user_7314968
pd-user_3427935
pd-user_5625158
pd-user_457181
pd-user_3627330
pd-user_7371237
pd-user_603562
pd-user_5447018
pd-user_3632398
pd-user_9060088
pd-user_3265470
pd-user_6177395
pd-user_9581229
pd-user_9197747
pd-user_4987478
pd-user_6869950
pd-user_2574096
pd-user_4272853
pd-user_5302875
pd-user_7892434
pd-user_8884359
pd-user_250080
pd-user_1035389
pd-user_187049
pd-user_369448
pd-user_5770056
pd-user_6229476
pd-user_9781822
pd-user_294324
pd-user_8679182
pd-user_1237995
pd-user_7260010
pd-user_9152799
pd-user_833911
pd-user_4950912
pd-user_2845359
pd-user_6845196
pd-user_4070006
pd-user_8502978
pd-user_1236491
pd-user_5611157
pd-user_5279471
pd-user_2981700
pd-user_3848816
pd-user_9397317
pd-user_3511384
pd-user_1173921
pd-user_449772
pd-user_5243384
pd-user_8917883
pd-user_4324221
pd-user_7971416
pd-user_6654427
pd-user_8087108
pd-user_5490842
pd-user_7700774
pd-user_3500480
pd-user_7128481
pd-user_4900510
pd-user_3432100
pd-user_1814873
pd-user_7970399
pd-user_6365561
pd-user_6865552
pd-user_612569
pd-user_386028
pd-user_4124551
pd-user_5817655
pd-user_9904095
pd-user_1818235
pd-user_33395
pd-user_8349826
pd-user_4187396
pd-user_2633497
pd-user_2795640
pd-user_2954986
pd-user_8541420
pd-user_334862
pd-user_894820
pd-user_5993728
pd-user_2642672
pd-user_8128769
pd-user_4606781
pd-user_9298822
pd-user_3823022
pd-user_8785896
pd-user_4918487
pd-user_7079130
pd-user_4499691
pd-user_4039970
pd-user_225547
pd-user_8675878
pd-user_676334
pd-user_8779787
pd-user_5251104
pd-user_7421469
pd-user_1360337
pd-user_2823917
pd-user_7451059
pd-user_3539666
pd-user_832849
pd-user_7413423
pd-user_9141967
pd-user_3473891
pd-user_406015
pd-user_1359373
pd-user_5279949
pd-user_7622679
pd-user_1506863
pd-user_3291108
pd-user_8686783
pd-user_282214
pd-user_642877
pd-user_1831538
pd-user_7413556
pd-user_5963495
pd-user_9836463
pd-user_3206208
pd-user_2215417
pd-user_2661247
pd-user_3476614
pd-user_9408787
pd-user_6811800
pd-user_7080536
pd-user_890298
pd-user_4436566
pd-user_8762739
pd-user_4421925
pd-user_1739437
pd-user_8636380
pd-user_1755311
pd-user_6568353
pd-user_4924952
pd-user_4006522
pd-user_4006679
pd-user_900337
pd-user_2993026
pd-user_7389537
pd-user_7169719
pd-user_1643710
pd-user_7470249
pd-user_2722547
pd-user_6358187
pd-user_8582288
pd-user_9635046
pd-user_6930408
pd-user_6715576
pd-user_401161
pd-user_42222
pd-user_1944912
pd-user_8264641
pd-user_7562665
pd-user_6271819
pd-user_8634050
pd-user_3391338
pd-user_632306
pd-user_2354958
pd-user_7401653
pd-user_1772896
pd-user_549365
pd-user_4724262
pd-user_7096445
pd-user_5961431
pd-user_551883
pd-user_2893124
pd-user_4790122
pd-user_7615018
pd-user_307290
pd-user_4551368
pd-user_1206517
pd-user_4236634
pd-user_433283
pd-user_7334064
pd-user_1981315
pd-user_9713303
pd-user_9572301
pd-user_8172038
pd-user_5660312
pd-user_6827075
pd-user_1681938
pd-user_2230981
pd-user_5076155
pd-user_8002390
pd-user_8989435
pd-user_5017135
pd-user_95083
pd-user_7355178
pd-user_1198634
pd-user_5501363
pd-user_5817461
pd-user_9652866
pd-user_4591712
pd-user_5566523
pd-user_1465838
pd-user_81721
pd-user_4462854
pd-user_7815704
pd-user_263597
pd-user_6161999
pd-user_1878338
pd-user_4372920
pd-user_3633408
pd-user_5141927
pd-user_3490095
pd-user_8897141
pd-user_4193383
pd-user_2948564
pd-user_3372930
pd-user_868412
pd-user_7956469
pd-user_5121353
pd-user_2252322
pd-user_2484016
pd-user_9865243
pd-user_7792778
pd-user_4585340
pd-user_9469438
pd-user_7270428
pd-user_2605408
pd-user_6300715
pd-user_3091580
pd-user_747841
pd-user_4754614
pd-user_7649702
pd-user_3349244
pd-user_5640878
pd-user_1867812
pd-user_5153268
pd-user_4824540
pd-user_4044474
pd-user_21800
pd-user_9814494
pd-user_5698370
pd-user_2215399
pd-user_362321
pd-user_5431431
pd-user_261483
pd-user_1424361
pd-user_9014628
pd-user_6468713
pd-user_6883976
pd-user_2889844
pd-user_2594135
pd-user_1310285
pd-user_5718653
pd-user_803822
pd-user_5143223
pd-user_4992194
pd-user_9354865
pd-user_4454188
pd-user_4391378
pd-user_5367203
pd-user_4316092
pd-user_2237233
pd-user_1479740
pd-user_3578404
pd-user_4804503
pd-user_3253845
pd-user_9098614
pd-user_2064898
pd-user_8228882
pd-user_970303
pd-user_1659922
pd-user_6260471
pd-user_8384274
pd-user_8964139
pd-user_7174876
pd-user_5654450
pd-user_1668679
pd-user_5058037
pd-user_8048475
pd-user_7855638
pd-user_9630059
pd-user_1023255
pd-user_2559
pd-user_6091434
pd-user_7892348
pd-user_9731084
pd-user_5492271
pd-user_2163957
pd-user_592605
pd-user_5297769
pd-user_8226287
pd-user_631533
pd-user_9345382
pd-user_1009358
pd-user_4733933
pd-user_4542312
pd-user_7921715
pd-user_4161665
pd-user_4338082
pd-user_9803899
pd-user_8402781
pd-user_2424062
pd-user_917499
pd-user_4398999
pd-user_8516759
pd-user_3121293
pd-user_960689
pd-user_1548252
pd-user_346663
pd-user_6122989
pd-user_8444373
pd-user_2237390
pd-user_1518847
pd-user_6247710
pd-user_2364599
pd-user_7247432
pd-user_3348238
pd-user_3142316
pd-user_8155752
pd-user_1126774
pd-user_2168393
pd-user_8927356
pd-user_4105685
pd-user_8983280
pd-user_4305469
pd-user_6707768
pd-user_5532528
pd-user_6480696
pd-user_8811915
pd-user_8620780
pd-user_8359273
pd-user_7368445
pd-user_4979072
pd-user_350484
pd-user_6053319
pd-user_969048
pd-user_3103682
pd-user_2419793
pd-user_2532500
pd-user_2221551
pd-user_7117137
pd-user_5764940
pd-user_3212995
pd-user_3884404
pd-user_5290553
pd-user_8657606
pd-user_6081132
pd-user_1270864
pd-user_4135826
pd-user_2036151
pd-user_8813696
pd-user_919897
pd-user_7135906
pd-user_9052066
pd-user_9157234
pd-user_8353753
pd-user_9609675
pd-user_7391466
pd-user_8517736
pd-user_5617881
pd-user_6177278
pd-user_4465459
pd-user_7499881
pd-user_3339472
pd-user_2689161
pd-user_3790469
pd-user_488947
pd-user_2556767
pd-user_6406864
pd-user_1638357
pd-user_7339340
pd-user_297037
pd-user_9374004
pd-user_1431173
pd-user_5068613
pd-user_639203
pd-user_3966907
pd-user_9665333
pd-user_9082563
pd-user_9123323
pd-user_1875350
pd-user_5282960
pd-user_3959586
pd-user_7955299
pd-user_1220968
pd-user_7016727
pd-user_2008887
pd-user_8174662
pd-user_9994921
pd-user_5979673
pd-user_9687865
pd-user_4683373
pd-user_6243437
pd-user_4837082
pd-user_3990289
pd-user_6342115
pd-user_21242
pd-user_1382737
pd-user_9981811
pd-user_1303195
pd-user_3784636
pd-user_8681165
pd-user_4887044
pd-user_4370898
pd-user_5904055
pd-user_7684782
pd-user_6979629
pd-user_2127193
pd-user_9774792
pd-user_8712696
pd-user_2544919
pd-user_6696283
pd-user_4567763
pd-user_8117788
pd-user_9300355
pd-user_9022084
pd-user_6203875
pd-user_1628458
pd-user_829590
pd-user_131947
pd-user_1558917
pd-user_1196492
pd-user_5509506
pd-user_823588
pd-user_5065886
pd-user_2152274
pd-user_5056365
pd-user_2640427
pd-user_2133307
pd-user_2298439
pd-user_1298033
pd-user_981622
pd-user_3450366
pd-user_3445245
pd-user_8086889
pd-user_5079878
pd-user_1173772
pd-user_797195
pd-user_6897448
pd-user_2047081
pd-user_8496386
pd-user_5834214
pd-user_2631433
pd-user_2092987
pd-user_734204
pd-user_6824841
pd-user_793218
pd-user_1189916
pd-user_9552787
pd-user_864847
pd-user_9815963
pd-user_3283314
pd-user_728913
pd-user_2248750
pd-user_5495272
pd-user_3981446
pd-user_2720297
pd-user_5087297
pd-user_8429993
pd-user_8696043
pd-user_1572757
pd-user_7337812
pd-user_6641689
pd-user_3422500
pd-user_4525966
pd-user_2713671
pd-user_4132806
pd-user_3531582
pd-user_8489237
pd-user_8207792
pd-user_1976226
pd-user_9338928
pd-user_1045168
pd-user_9869677
pd-user_8848951
pd-user_699449
pd-user_7562197
pd-user_5682401
pd-user_9670592
pd-user_8476958
pd-user_8151731
pd-user_3973107
pd-user_1199121
pd-user_4105768
pd-user_50726
pd-user_8264989
pd-user_5717147
pd-user_1491825
pd-user_4170290
pd-user_9013148
pd-user_2345145
pd-user_392000
pd-user_710552
pd-user_5034400
pd-user_6568428
pd-user_8790616
pd-user_5771336
pd-user_747704
pd-user_7549351
pd-user_2062017
pd-user_7011323
pd-user_3879889
pd-user_3970837
pd-user_4744370
pd-user_3180888
pd-user_2022794
pd-user_3201976
pd-user_4166049
pd-user_777089
pd-user_4543634
pd-user_5342589
pd-user_9289105
pd-user_5915036
pd-user_1515138
pd-user_4850714
pd-user_9138957
pd-user_6388420
pd-user_91950
pd-user_3379502
pd-user_667603
pd-user_8618139
pd-user_7263367
pd-user_4920900
pd-user_3782479
pd-user_465539
pd-user_1576056
pd-user_75911
pd-user_9605376
pd-user_464875
pd-user_2503908
pd-user_2555039
pd-user_1773879
pd-user_192345
pd-user_1867960
pd-user_120548
pd-user_134596
pd-user_7284345
pd-user_1935956
pd-user_5581489
pd-user_9787604
pd-user_2613267
pd-user_395788
pd-user_2676967
pd-user_5140860
pd-user_4349231
pd-user_3582168
pd-user_3172238
pd-user_4384800
pd-user_4853688
pd-user_2802967
pd-user_9534436
pd-user_8709662
pd-user_787538
pd-user_6762843
pd-user_5913545
pd-user_1672264
pd-user_7145802
pd-user_9637228
pd-user_3615913
pd-user_8852782
pd-user_2599851
pd-user_6752136
pd-user_889044
pd-user_1762163
pd-user_5851409
pd-user_6846379
pd-user_6144369
pd-user_5617279
pd-user_5242916
pd-user_7119609
pd-user_5248418
pd-user_2084058
pd-user_7387708
pd-user_4453572
pd-user_2314838
pd-user_4364917
pd-user_719894
pd-user_5393222
pd-user_9254621
pd-user_9360596
pd-user_5143321
pd-user_9316769
pd-user_9090759
pd-user_2501947
pd-user_4222816
pd-user_4017186
pd-user_7163690
pd-user_2610624
pd-user_4111222
pd-user_3420834
pd-user_9567751
pd-user_3391016
pd-user_3623107
pd-user_4254671
pd-user_8632915
pd-user_9168453
pd-user_5550242
pd-user_6618946
pd-user_1049915
pd-user_8285264
pd-user_2310967
pd-user_8473352
pd-user_281879
pd-user_9425598
pd-user_8097366
pd-user_2232705
pd-user_5233138
pd-user_338946
pd-user_6579578
pd-user_1303538
pd-user_729970
pd-user_947984
pd-user_9354101
pd-user_4231951
pd-user_1361285
pd-user_4192531
pd-user_1591791
pd-user_4723536
pd-user_7042855
pd-user_9333415
pd-user_9665744
pd-user_6519276
pd-user_4810366
pd-user_8354921
pd-user_9028652
pd-user_974461
pd-user_4359136
pd-user_1043881
pd-user_7118220
pd-user_1344150
pd-user_3917781
pd-user_5043981
pd-user_9557629
pd-user_7520250
pd-user_276140
pd-user_6687045
pd-user_277978
pd-user_8858774
pd-user_4139117
pd-user_5447983
pd-user_7780816
pd-user_7580649
pd-user_4234213
pd-user_8775265
pd-user_3886407
pd-user_3453929
pd-user_1223853
pd-user_364039
pd-user_6481702
pd-user_3280800
pd-user_259239
pd-user_7716004
pd-user_3001213
pd-user_2124961
pd-user_1160124
pd-user_3730020
pd-user_2726688
pd-user_9477608
pd-user_9531251
pd-user_8692509
pd-user_7406647
pd-user_4160606
pd-user_7606508
pd-user_5621510
pd-user_768662
pd-user_539431
pd-user_6221896
pd-user_9581674
pd-user_4832259
pd-user_1316122
pd-user_678132
pd-user_5390726
pd-user_3064626
pd-user_6878290
pd-user_9923253
pd-user_7843915
pd-user_5899128
pd-user_6377703
pd-user_187247
pd-user_4077544
pd-user_1831760
pd-user_1704353
pd-user_9442211
pd-user_6864291
pd-user_8110402
pd-user_7853817
pd-user_1986567
pd-user_8816149
pd-user_51989
pd-user_3186322
pd-user_5360166
pd-user_9904306
pd-user_5494943
pd-user_2159980
pd-user_6740718
pd-user_9030755
pd-user_6148427
pd-user_7482094
pd-user_5332588
pd-user_7990373
pd-user_5381115
pd-user_6916642
pd-user_2416877
pd-user_7436337
pd-user_5809997
pd-user_6259170
pd-user_3933695
pd-user_5900659
pd-user_518710
pd-user_471131
pd-user_5368285
pd-user_7753688
pd-user_1518317
pd-user_2031804
pd-user_3186079
pd-user_2523948
pd-user_5853601
pd-user_5496131
pd-user_814199
pd-user_3596325
pd-user_9356206
pd-user_7954057
pd-user_850582
pd-user_3415727
pd-user_5201961
pd-user_2738035
pd-user_8700249
pd-user_2414484
pd-user_7152640
pd-user_8719235
pd-user_1044287
pd-user_4265025
pd-user_8046674
pd-user_4724690
pd-user_1164294
pd-user_3712438
pd-user_3774500
pd-user_6850527
pd-user_1745137
pd-user_6498916
pd-user_7155449
pd-user_1221354
pd-user_3586200
pd-user_6759202
pd-user_3265284
pd-user_3071682
pd-user_2398729
pd-user_9191362
pd-user_7537938
pd-user_4681253
pd-user_9297990
pd-user_6940137
pd-user_5602082
pd-user_3451847
pd-user_2095855
pd-user_4719983
pd-user_740556
pd-user_5113396
pd-user_9900900
pd-user_1958104
pd-user_7921279
pd-user_1847942
pd-user_2763055
pd-user_8893185
pd-user_868385
pd-user_8774952
pd-user_6265353
pd-user_1150590
pd-user_491048
pd-user_5777988
pd-user_7094304
pd-user_4546192
pd-user_2420824
pd-user_2050478
pd-user_1235153
pd-user_6348607
pd-user_5251431
pd-user_5884853
pd-user_40779
pd-user_9086767
pd-user_8417909
pd-user_2289929
pd-user_9281145
pd-user_9002738
pd-user_1210991
pd-user_7241849
pd-user_4615216
pd-user_6495046
pd-user_7262996
pd-user_2391070
pd-user_7005125
pd-user_6492702
pd-user_4274303
pd-user_2190237
pd-user_6100802
pd-user_1878977
pd-user_6846011
pd-user_8911797
pd-user_4208937
pd-user_9953919
pd-user_9138178
pd-user_1902860
pd-user_6770256
pd-user_7351256
pd-user_4382123
pd-user_1494992
pd-user_3177255
pd-user_6569649
pd-user_8355421
pd-user_8237937
pd-user_6459017
pd-user_5374146
pd-user_8613282
pd-user_3580604
pd-user_4669219
pd-user_6610731
pd-user_4842639
pd-user_7237630
pd-user_6368128
pd-user_7711396
pd-user_9808548
pd-user_4052357
pd-user_8976264
pd-user_7176080
pd-user_4793870
pd-user_6579426
pd-user_6333034
pd-user_6622195
pd-user_1775559
pd-user_205630
pd-user_6596695
pd-user_329274
pd-user_8086116
pd-user_6325405
pd-user_1218248
pd-user_1765516
pd-user_3515125
pd-user_2517837
pd-user_5651318
pd-user_5925055
pd-user_9823823
pd-user_9467415
pd-user_7104446
pd-user_5739497
pd-user_1674520
pd-user_8015221
pd-user_3225802
pd-user_9958568
pd-user_8484537
pd-user_4658950
pd-user_9130805
pd-user_6175773
pd-user_176054
pd-user_7691566
pd-user_1685566
pd-user_5268523
pd-user_1808569
pd-user_7334076
pd-user_2710337
pd-user_1523223
pd-user_4752160
pd-user_1045943
pd-user_8582609
pd-user_8727841
pd-user_9489664
pd-user_6546017
pd-user_5800057
pd-user_1577840
pd-user_5024079
pd-user_6991362
pd-user_9808399
pd-user_1154321
pd-user_2988275
pd-user_9713462
pd-user_5027662
pd-user_8390775
pd-user_3485501
pd-user_4970599
pd-user_3360090
pd-user_5018487
pd-user_4262110
pd-user_2118417
pd-user_4830711
pd-user_6814510
pd-user_268957
pd-user_4351905
pd-user_9688687
pd-user_9950
pd-user_935427
pd-user_1446395
pd-user_2648632
pd-user_74451
pd-user_1854891
pd-user_418817
pd-user_3670652
pd-user_8863904
pd-user_6709489
pd-user_7147538
pd-user_4081522
pd-user_1054008
pd-user_4286075
pd-user_4149732
pd-user_9684505
pd-user_2254129
pd-user_758855
pd-user_7809201
pd-user_9666862
pd-user_5581069
pd-user_3181656
pd-user_507346
pd-user_6531688
pd-user_8697469
pd-user_172546
pd-user_976968
pd-user_1918266
pd-user_1662128
pd-user_7539049
pd-user_6035889
pd-user_5588954
pd-user_4189392
pd-user_6674161
pd-user_4379585
pd-user_5234938
pd-user_7039631
pd-user_453158
pd-user_6000395
pd-user_5983304
pd-user_8975657
pd-user_3287836
pd-user_3841619
pd-user_2483597
pd-user_6777861
pd-user_6160912
pd-user_1692400
pd-user_388518
pd-user_6436091
pd-user_1908844
pd-user_6201626
pd-user_1073494
pd-user_1422948
pd-user_8689199
pd-user_3056727
pd-user_9753778
pd-user_591025
pd-user_3837294
pd-user_8700132
pd-user_4389991
pd-user_9035589
pd-user_9092004
pd-user_1971679
pd-user_5976432
pd-user_8566152
pd-user_3140167
pd-user_9958631
pd-user_1214157
pd-user_8321534
pd-user_6332160
pd-user_7740394
pd-user_6083651
pd-user_1751203
pd-user_7247247
pd-user_4772811
pd-user_7477199
pd-user_5382702
pd-user_7228257
pd-user_8578072
pd-user_5677341
pd-user_8931470
pd-user_5287479
pd-user_7746756
pd-user_7267529
pd-user_3119171
pd-user_8628742
pd-user_4277383
pd-user_4867119
pd-user_7818873
pd-user_9076853
pd-user_8783470
pd-user_235807
pd-user_9201802
pd-user_7560893
pd-user_7494796
pd-user_5614944
pd-user_7629049
pd-user_7156665
pd-user_9459573
pd-user_6881377
pd-user_4519134
pd-user_3719661
pd-user_8812749
pd-user_9950257
pd-user_3432544
pd-user_8481415
pd-user_8660140
pd-user_4745761
pd-user_7862208
pd-user_9984392
pd-user_5048595
pd-user_948032
pd-user_1640784
pd-user_1303595
pd-user_6053354
pd-user_6782129
pd-user_4606663
pd-user_7067182
pd-user_6394986
pd-user_3274209
pd-user_5814694
pd-user_5942402
pd-user_3273241
pd-user_3794672
pd-user_3480869
pd-user_164410
pd-user_431718
pd-user_9502935
pd-user_4400273
pd-user_5783063
pd-user_2034475
pd-user_2720017
pd-user_4901433
pd-user_705367
pd-user_5180458
pd-user_3250560
pd-user_6587995
pd-user_4161404
pd-user_9931810
pd-user_4729032
pd-user_2031810
pd-user_9801235
pd-user_3795417
pd-user_997638
pd-user_2399229
pd-user_5991566
pd-user_1837744
pd-user_3383463
pd-user_1946199
pd-user_8461146
pd-user_1745534
pd-user_6268055
pd-user_6792043
pd-user_1162534
pd-user_3900391
pd-user_6824201
pd-user_7500369
pd-user_6222227
pd-user_6410727
pd-user_1418297
pd-user_510722
pd-user_7386734
pd-user_2307340
pd-user_562209
pd-user_4436009
pd-user_5081230
pd-user_7183048
pd-user_3666268
pd-user_4942313
pd-user_2564906
pd-user_6622286
pd-user_3309996
pd-user_110285
pd-user_4329435
pd-user_789714
pd-user_9859878
pd-user_8825953
pd-user_7013885
pd-user_1170617
pd-user_9567695
pd-user_4832972
pd-user_8108647
pd-user_1927272
pd-user_9272665
pd-user_8203320
pd-user_4436164
pd-user_6156706
pd-user_1236374
pd-user_472775
pd-user_5232485
pd-user_6977150
pd-user_5194733
pd-user_1071362
pd-user_8215598
pd-user_4125285
pd-user_1913430
pd-user_7306992
pd-user_9420411
pd-user_7253499
pd-user_7136093
pd-user_4967181
pd-user_6702349
pd-user_4099464
pd-user_9291739
pd-user_3737267
pd-user_1112465
pd-user_935509
pd-user_7419339
pd-user_4751178
pd-user_7287716
pd-user_4836130
pd-user_1605407
pd-user_5332744
pd-user_1968007
pd-user_7277014
pd-user_7716447
pd-user_913911
pd-user_7682951
pd-user_8680412
pd-user_6286922
pd-user_6458803
pd-user_5644126
pd-user_7066249
pd-user_2153062
pd-user_8142388
pd-user_7592131
pd-user_4501561
pd-user_6866302
pd-user_4527076
pd-user_7972874
pd-user_6887040
pd-user_7298656
pd-user_840662
pd-user_2006794
pd-user_6497635
pd-user_8212561
pd-user_3465010
pd-user_9994379
pd-user_7912136
pd-user_6924949
pd-user_69408
pd-user_7075856
pd-user_5196993
pd-user_8750214
pd-user_1680184
pd-user_4867371
pd-user_9783018
pd-user_7457977
pd-user_8541385
pd-user_6376531
pd-user_3944817
pd-user_3013730
pd-user_4275819
pd-user_8109932
pd-user_4028315
pd-user_3508458
pd-user_8156878
pd-user_4161913
pd-user_1756064
pd-user_72941
pd-user_7609686
pd-user_4831270
pd-user_1093974
pd-user_8795920
pd-user_1055529
pd-user_7085440
pd-user_8463464
pd-user_2502559
pd-user_284358
pd-user_4119718
pd-user_2934949
pd-user_4101723
pd-user_2203894
pd-user_567715
pd-user_4035099
pd-user_5851611
pd-user_5859941
pd-user_6910482
pd-user_218908
pd-user_7588686
pd-user_3916271
pd-user_1769947
pd-user_7814986
pd-user_8844814
pd-user_7572027
pd-user_9756162
pd-user_7710300
pd-user_7223996
pd-user_4185134
pd-user_328330
pd-user_4427701
pd-user_5410154
pd-user_3765807
pd-user_6278118
pd-user_5776599
pd-user_1252593
pd-user_1549331
pd-user_9267175
pd-user_1712863
pd-user_5930435
pd-user_7188944
pd-user_1455002
pd-user_8470019
pd-user_7277168
pd-user_2298024
pd-user_2363759
pd-user_8917026
pd-user_5961915
pd-user_4671236
pd-user_6291369
pd-user_3800175
pd-user_500471
pd-user_5184215
pd-user_352726
pd-user_1793135
pd-user_7016694
pd-user_2834296
pd-user_118676
pd-user_8622130
pd-user_7043394
pd-user_7047845
pd-user_6085758
pd-user_6395923
pd-user_235049
pd-user_8797128
pd-user_6158405
pd-user_1531465
pd-user_4032380
pd-user_1286993
pd-user_9444295
pd-user_563736
pd-user_9741525
pd-user_376487
pd-user_2621959
pd-user_1634678
pd-user_8883285
pd-user_2043209
pd-user_5689072
pd-user_7665757
pd-user_3502113
pd-user_5517587
pd-user_9060338
pd-user_5420216
pd-user_7964682
pd-user_1056530
pd-user_7480569
pd-user_7330613
pd-user_9393569
pd-user_6549570
pd-user_593724
pd-user_4103635
pd-user_2554460
pd-user_326028
pd-user_8531052
pd-user_4265684
pd-user_2575250
pd-user_5586171
pd-user_7802610
pd-user_6063287
pd-user_3428843
pd-user_5119471
pd-user_6007007
pd-user_2044550
pd-user_4101923
pd-user_9738873
pd-user_2645090
pd-user_1011158
pd-user_9465692
pd-user_630766
pd-user_2041856
pd-user_9232804
pd-user_7661716
pd-user_6973414
pd-user_9116090
pd-user_1108768
pd-user_5613773
pd-user_5751569
pd-user_4515987
pd-user_3469683
pd-user_1293044
pd-user_2274426
pd-user_5824609
pd-user_610389
pd-user_760805
pd-user_3025585
pd-user_5329230
pd-user_3713035
pd-user_660552
pd-user_1606762
pd-user_3660745
pd-user_5121481
pd-user_614427
pd-user_5586702
pd-user_3793059
pd-user_6505861
pd-user_328973
pd-user_8407616
pd-user_1969063
pd-user_4163602
pd-user_9061499
pd-user_7785409
pd-user_3721098
pd-user_2650887
pd-user_7941451
pd-user_2240355
pd-user_1989613
pd-user_9101575
pd-user_3920269
pd-user_6733375
pd-user_8143863
pd-user_5005063
pd-user_9433199
pd-user_1233812
pd-user_5278509
pd-user_5059392
pd-user_7841225
pd-user_3992653
pd-user_8582515
pd-user_2735211
pd-user_2296073
pd-user_3326251
pd-user_7757913
pd-user_7089680
pd-user_3401690
pd-user_2038672
pd-user_6792565
pd-user_662823
pd-user_2702325
pd-user_4831328
pd-user_4132247
pd-user_8756387
pd-user_1923123
pd-user_6313636
pd-user_8341928
pd-user_340405
pd-user_7086674
pd-user_6304384
pd-user_9332422
pd-user_3201217
pd-user_8747603
pd-user_571205
pd-user_2346349
pd-user_7142268
pd-user_61111
pd-user_2166475
pd-user_6188913
pd-user_2214505
pd-user_5200456
pd-user_6122740
pd-user_7626231
pd-user_4381612
pd-user_5755753
pd-user_5682991
pd-user_1568690
pd-user_7192651
pd-user_490100
pd-user_5774857
pd-user_8644204
pd-user_5613455
pd-user_9258250
pd-user_3463901
pd-user_7690111
pd-user_2716534
pd-user_9357653
pd-user_4690499
pd-user_5378413
pd-user_5946622
pd-user_825248
pd-user_4577265
pd-user_4636472
pd-user_5260740
pd-user_3869676
pd-user_4247527
pd-user_5166228
pd-user_8280312
pd-user_4105501
pd-user_9173206
pd-user_6496691
pd-user_2606916
pd-user_4704094
pd-user_8376251
pd-user_5140618
pd-user_9443971
pd-user_2594746
pd-user_3934785
pd-user_8824392
pd-user_4919434
pd-user_2268848
pd-user_5705929
pd-user_454419
pd-user_6382710
pd-user_7584849
pd-user_1036805
pd-user_4468624
pd-user_4504094
pd-user_799993
pd-user_4508089
pd-user_5577565
pd-user_4907364
pd-user_5460937
pd-user_4506701
pd-user_6235609
pd-user_695569
pd-user_5973739
pd-user_5658184
pd-user_7325608
pd-user_6415352
pd-user_6008184
pd-user_1668340
pd-user_7575735
pd-user_3472573
pd-user_4165928
pd-user_1694814
pd-user_5750609
pd-user_745469
pd-user_8112942
pd-user_6863967
pd-user_5334716
pd-user_4553113
pd-user_8481421
pd-user_8096920
pd-user_4456945
pd-user_2894954
pd-user_4460339
pd-user_1481704
pd-user_3585725
pd-user_3938281
pd-user_3456437
pd-user_9534675
pd-user_8102440
pd-user_3646878
pd-user_2014423
pd-user_5808734
pd-user_6972243
pd-user_1433082
pd-user_4680900
pd-user_5302347
pd-user_3818339
pd-user_4042757
pd-user_1763860
pd-user_6922442
pd-user_4662456
pd-user_7019106
pd-user_8211640
pd-user_6623218
pd-user_3886328
pd-user_4879177
pd-user_6437015
pd-user_2530696
pd-user_9420259
pd-user_5946064
pd-user_432984
pd-user_9190392
pd-user_4890673
pd-user_5669251
pd-user_7006790
pd-user_4952908
pd-user_1136951
pd-user_9672920
pd-user_1228387
pd-user_1079779
pd-user_7879953
pd-user_8929207
pd-user_6362631
pd-user_7100293
pd-user_3721595
pd-user_2697340
pd-user_8844177
pd-user_3044249
pd-user_3249456
pd-user_6164146
pd-user_2229118
pd-user_5305222
pd-user_2960483
pd-user_2654492
pd-user_3342545
pd-user_2956504
pd-user_9515201
pd-user_6528261
pd-user_2349909
pd-user_515921
pd-user_3774711
pd-user_5246170
pd-user_3336146
pd-user_4519489
pd-user_77178
pd-user_9701387
pd-user_3848041
pd-user_3153433
pd-user_3153710
pd-user_8112244
pd-user_2581916
pd-user_5321276
pd-user_4932492
pd-user_9888785
pd-user_8890932
pd-user_2302373
pd-user_6126233
pd-user_125791
pd-user_8563979
pd-user_9857179
pd-user_138749
pd-user_9600145
pd-user_9905079
pd-user_2178468
pd-user_4334038
pd-user_1416199
pd-user_8004148
pd-user_5563130
pd-user_3059128
pd-user_2669950
pd-user_5397958
pd-user_3903572
pd-user_7603795
pd-user_1061968
pd-user_9611374
pd-user_5376492
pd-user_7522922
pd-user_5432658
pd-user_2172629
pd-user_5031532
pd-user_137746
pd-user_9546526
pd-user_6965952
pd-user_4483396
pd-user_9906663
pd-user_1707735
pd-user_3829338
pd-user_1740487
pd-user_7545829
pd-user_443594
pd-user_9501600
pd-user_2544904
pd-user_1773329
pd-user_7692399
pd-user_5823833
pd-user_3248023
pd-user_9295480
pd-user_5153059
pd-user_4052558
pd-user_4914636
pd-user_3748803
pd-user_4796908
pd-user_7174549
pd-user_1800128
pd-user_7544662
pd-user_6090951
pd-user_5269314
pd-user_7731915
pd-user_9989288
pd-user_1215714
pd-user_6502229
pd-user_9471594
pd-user_1921338
pd-user_8361162
pd-user_3228677
pd-user_9681077
pd-user_5108322
pd-user_585784
pd-user_8121474
pd-user_4533449
pd-user_9158089
pd-user_3800044
pd-user_716923
pd-user_8331296
pd-user_803702
pd-user_3580448
pd-user_1515790
pd-user_2037058
pd-user_6004586
pd-user_6352454
pd-user_3117810
pd-user_1312809
pd-user_7197942
pd-user_7697110
pd-user_5984861
pd-user_9063461
pd-user_9398219
pd-user_8813954
pd-user_3672784
pd-user_8974992
pd-user_4825097
pd-user_1345251
pd-user_2772695
pd-user_4229963
pd-user_4708268
pd-user_7748282
pd-user_7133764
pd-user_5401592
pd-user_2766433
pd-user_9780767
pd-user_4342089
pd-user_6334666
pd-user_1618329
pd-user_1338831
pd-user_8795002
pd-user_3875913
pd-user_7548709
pd-user_2955720
pd-user_1643832
pd-user_6145255
pd-user_3351512
pd-user_5898487
pd-user_9354260
pd-user_7926032
pd-user_5574684
pd-user_5507686
pd-user_9417416
pd-user_7237743
pd-user_896862
pd-user_9664457
pd-user_792480
pd-user_5593319
pd-user_1558895
pd-user_9396068
pd-user_9604331
pd-user_7643275
pd-user_8282129
pd-user_7470804
pd-user_7713841
pd-user_5299101
pd-user_7982137
pd-user_6194041
pd-user_6574100
pd-user_8073198
pd-user_3925683
pd-user_5036109
pd-user_7231608
pd-user_9135730
pd-user_6759943
pd-user_5509867
pd-user_2509900
pd-user_8093080
pd-user_7763379
pd-user_8479388
pd-user_8563563
pd-user_761496
pd-user_4139213
pd-user_387211
pd-user_6240569
pd-user_9811468
pd-user_1569697
pd-user_3525922
pd-user_9634584
pd-user_4411853
pd-user_2234981
pd-user_9047905
pd-user_4851133
pd-user_3875221
pd-user_5879365
pd-user_4730703
pd-user_6875747
pd-user_1610253
pd-user_999142
pd-user_2396897
pd-user_2740977
pd-user_7523240
pd-user_7321110
pd-user_3672659
pd-user_519078
pd-user_9665059
pd-user_350172
pd-user_4272423
pd-user_3901824
pd-user_5052574
pd-user_1826205
pd-user_2478573
pd-user_1953460
pd-user_2513348
pd-user_1415094
pd-user_2319344
pd-user_621862
pd-user_2019146
pd-user_2420564
pd-user_957677
pd-user_681279
pd-user_1337664
pd-user_9053887
pd-user_1202188
pd-user_5506565
pd-user_6041920
pd-user_1803240
pd-user_2292304
pd-user_1224048
pd-user_2721410
pd-user_221114
pd-user_6626567
pd-user_6640602
pd-user_4056879
pd-user_5212060
pd-user_7904954
pd-user_9653750
pd-user_9088490
pd-user_3683460
pd-user_7279983
pd-user_6402594
pd-user_5076822
pd-user_5149834
pd-user_5409657
pd-user_4375130
pd-user_8805230
pd-user_2217575
pd-user_6114796
pd-user_6536312
pd-user_1954439
pd-user_1891028
pd-user_7644286
pd-user_8359575
pd-user_5599626
pd-user_6087580
pd-user_1879824
pd-user_80743
pd-user_8566932
pd-user_5498988
pd-user_9039476
pd-user_1103370
pd-user_5374086
pd-user_8266741
pd-user_7863617
pd-user_9789677
pd-user_1126095
pd-user_8593664
pd-user_2146356
pd-user_2059539
pd-user_4992597
pd-user_2823683
pd-user_3717495
pd-user_3179140
pd-user_6554838
pd-user_7482122
pd-user_5441751
pd-user_2214699
pd-user_5765136
pd-user_7462870
pd-user_9788929
pd-user_9230395
pd-user_4247321
pd-user_4300197
pd-user_6478601
pd-user_4230141
pd-user_4820029
pd-user_7480888
pd-user_8029142
pd-user_483082
pd-user_6089900
pd-user_1738605
pd-user_6818389
pd-user_9382107
pd-user_1292737
pd-user_2374672
pd-user_743245
pd-user_1661939
pd-user_5263583
pd-user_3703548
pd-user_4419373
pd-user_7552311
pd-user_1196241
pd-user_5448512
pd-user_38576
pd-user_3045106
pd-user_3172140
pd-user_4426697
pd-user_8097914
pd-user_6150054
pd-user_6612161
pd-user_4458665
pd-user_2175410
pd-user_8632387
pd-user_1696239
pd-user_5393646
pd-user_8575070
pd-user_1638126
pd-user_7524320
pd-user_8438379
pd-user_3657906
pd-user_3926622
pd-user_8704684
pd-user_2383687
pd-user_5587380
pd-user_3759345
pd-user_9891556
pd-user_3532411
pd-user_2124592
pd-user_6773518
pd-user_2383021
pd-user_9026995
pd-user_1615153
pd-user_4942532
pd-user_9687804
pd-user_4847877
pd-user_477282
pd-user_8243053
pd-user_1630227
pd-user_9541135
pd-user_7975839
pd-user_3335840
pd-user_8717573
pd-user_3205887
pd-user_3693859
pd-user_8270897
pd-user_6517449
pd-user_7464040
pd-user_5186466
pd-user_9743954
pd-user_193755
pd-user_435775
pd-user_4269406
pd-user_4170366
pd-user_2720205
pd-user_663091
pd-user_9720995
pd-user_722672
pd-user_6200365
pd-user_7736962
pd-user_880146
pd-user_2624275
pd-user_8297157
pd-user_6069352
pd-user_3969490
pd-user_742037
pd-user_2241830
pd-user_8873005
pd-user_9845213
pd-user_5957863
pd-user_8593610
pd-user_5645059
pd-user_2896799
pd-user_5981042
pd-user_3714519
pd-user_4268525
pd-user_5401667
pd-user_6604483
pd-user_6574106
pd-user_3010633
pd-user_3865164
pd-user_2079943
pd-user_4074384
pd-user_6102045
pd-user_9326482
pd-user_566826
pd-user_7248345
pd-user_8395371
pd-user_3721810
pd-user_6026919
pd-user_9791338
pd-user_3766932
pd-user_3279821
pd-user_5791732
pd-user_9488660
pd-user_4397355
pd-user_3270155
pd-user_1447707
pd-user_8549537
pd-user_94847
pd-user_6642688
pd-user_7854141
pd-user_1027766
pd-user_6004267
pd-user_1084648
pd-user_1608814
pd-user_1625926
pd-user_3085087
pd-user_2010188
pd-user_6289751
pd-user_7121084
pd-user_9588269
pd-user_7824563
pd-user_3693061
pd-user_1739768
pd-user_6526310
pd-user_9655679
pd-user_287746
pd-user_3457662
pd-user_8863552
pd-user_8715422
pd-user_6973155
pd-user_608901
pd-user_8557186
pd-user_143747
pd-user_7320577
pd-user_5485859
pd-user_683746
pd-user_1357831
pd-user_9766622
pd-user_8169757
pd-user_4036216
pd-user_2004398
pd-user_490207
pd-user_1456577
pd-user_7106796
pd-user_526398
pd-user_7652546
pd-user_1714915
pd-user_4073117
pd-user_2627241
pd-user_7493939
pd-user_6580095
pd-user_9128129
pd-user_4595878
pd-user_8389730
pd-user_2479190
pd-user_9355723
pd-user_9993115
pd-user_2868646
pd-user_5358989
pd-user_6218689
pd-user_3480215
pd-user_9778558
pd-user_5285230
pd-user_8264378
pd-user_9285154
pd-user_3869814
pd-user_6221673
pd-user_6695054
pd-user_5059503
pd-user_9767525
pd-user_8446573
pd-user_4345909
pd-user_7676832
pd-user_8241829
pd-user_6188965
pd-user_8924876
pd-user_988258
pd-user_2632065
pd-user_4582889
pd-user_6147883
pd-user_1950002
pd-user_4804440
pd-user_4406542
pd-user_9805705
pd-user_9490419
pd-user_2647015
pd-user_8030510
pd-user_3765312
pd-user_7158638
pd-user_7689589
pd-user_3004091
pd-user_9989709
pd-user_9614381
pd-user_2741789
pd-user_6454433
pd-user_3622507
pd-user_2473089
pd-user_128657
pd-user_1157079
pd-user_345287
pd-user_2047110
pd-user_7652601
pd-user_4561001
pd-user_765663
pd-user_320982
pd-user_5972810
pd-user_7774923
pd-user_806494
pd-user_2229340
pd-user_6796664
pd-user_1757181
pd-user_5721723
pd-user_260310
pd-user_8366868
pd-user_912804
pd-user_7727727
pd-user_821373
pd-user_7113472
pd-user_8344805
pd-user_3680400
pd-user_9464314
pd-user_1810672
pd-user_9323823
pd-user_1795002
pd-user_8779116
pd-user_9663455
pd-user_1306528
pd-user_6864507
pd-user_5933582
pd-user_3466326
pd-user_6296217
pd-user_3484984
pd-user_7650829
pd-user_1502795
pd-user_1441455
pd-user_6734281
pd-user_8407513
pd-user_2115834
pd-user_3168233
pd-user_220087
pd-user_7591279
pd-user_1705668
pd-user_5259717
pd-user_1927458
pd-user_2445861
pd-user_195642
pd-user_9532321
pd-user_2418270
pd-user_2249268
pd-user_4638361
pd-user_3617905
pd-user_358465
pd-user_983534
pd-user_5341421
pd-user_3097372
pd-user_6164571
pd-user_694589
pd-user_9152589
pd-user_1619111
pd-user_9860975
pd-user_8472572
pd-user_5518900
pd-user_5689456
pd-user_7131550
pd-user_5298819
pd-user_4781012
pd-user_8994235
pd-user_5511449
pd-user_5148223
pd-user_4821156
pd-user_5909884
pd-user_9911232
pd-user_8180591
pd-user_6942535
pd-user_7561617
pd-user_2305410
pd-user_2999482
pd-user_8345994
pd-user_6389167
pd-user_1406026
pd-user_595647
pd-user_9425252
pd-user_4796339
pd-user_3528617
pd-user_5146720
pd-user_4756224
pd-user_9805021
pd-user_935958
pd-user_9418012
pd-user_4002660
pd-user_7212832
pd-user_9027043
pd-user_5955835
pd-user_4248558
pd-user_5417504
pd-user_6996429
pd-user_3696845
pd-user_620486
pd-user_6845129
pd-user_5281508
pd-user_5500534
pd-user_9011346
pd-user_1505045
pd-user_9512886
pd-user_3083526
pd-user_3152602
pd-user_9769217
pd-user_7100074
pd-user_6845878
pd-user_3425917
pd-user_8022292
pd-user_4681924
pd-user_515350
pd-user_4213445
pd-user_567202
pd-user_6253302
pd-user_3723968
pd-user_9011599
pd-user_9031058
pd-user_335702
pd-user_2923675
pd-user_4314758
pd-user_8242180
pd-user_783584
pd-user_8277853
pd-user_148468
pd-user_5299703
pd-user_914185
pd-user_1541348
pd-user_2359130
pd-user_5427619
pd-user_8145986
pd-user_6510541
pd-user_9421506
pd-user_7611717
pd-user_8040992
pd-user_6337428
pd-user_2484846
pd-user_3421825
pd-user_7216984
pd-user_9318496
pd-user_6645001
pd-user_1802649
pd-user_2362165
pd-user_8024531
pd-user_5295630
pd-user_3585268
pd-user_8498408
pd-user_9421540
pd-user_7762240
pd-user_4997680
pd-user_7063433
pd-user_1989216
pd-user_7971007
pd-user_4777348
pd-user_9201103
pd-user_5219403
pd-user_5888800
pd-user_5723546
pd-user_7214620
pd-user_6529480
pd-user_5389065
pd-user_3233994
pd-user_6209602
pd-user_4076209
pd-user_7994320
pd-user_879731
pd-user_5398530
pd-user_4537583
pd-user_2317437
pd-user_3633654
pd-user_1087763
pd-user_4947190
pd-user_8547033
pd-user_1112962
pd-user_7513358
pd-user_2735917
pd-user_102055
pd-user_9971776
pd-user_386408
pd-user_1743703
pd-user_7390908
pd-user_3039799
pd-user_6164199
pd-user_1231840
pd-user_5023223
pd-user_137016
pd-user_751634
pd-user_8669752
pd-user_7794300
pd-user_2724089
pd-user_4393882
pd-user_59145
pd-user_5396545
pd-user_2115621
pd-user_4673208
pd-user_3888107
pd-user_7010232
pd-user_8899047
pd-user_8265720
pd-user_4613978
pd-user_7691682
pd-user_6832414
pd-user_8304585
pd-user_6114893
pd-user_1969382
pd-user_3470020
pd-user_3699367
pd-user_4589872
pd-user_8507272
pd-user_2649344
pd-user_67691
pd-user_702310
pd-user_4239943
pd-user_221719
pd-user_8658430
pd-user_8114436
pd-user_3047326
pd-user_7312968
pd-user_5826123
pd-user_2909762
pd-user_5845838
pd-user_2150043
pd-user_135320
pd-user_7837494
pd-user_6668327
pd-user_6125917
pd-user_7965862
pd-user_5232839
pd-user_9201878
pd-user_9792351
pd-user_5188864
pd-user_1828034
pd-user_1467017
pd-user_3784941
pd-user_2064080
pd-user_2996446
pd-user_5963819
pd-user_2532030
pd-user_1270668
pd-user_7656489
pd-user_696519
pd-user_2879853
pd-user_3630088
pd-user_5563184
pd-user_2156203
pd-user_7547041
pd-user_1826555
pd-user_2187752
pd-user_8417401
pd-user_2254338
pd-user_3631403
pd-user_8808240
pd-user_5106092
pd-user_4473186
pd-user_4755697
pd-user_2554325
pd-user_2139286
pd-user_9947021
pd-user_4608053
pd-user_8714187
pd-user_876836
pd-user_6144673
pd-user_8212565
pd-user_2430787
pd-user_7122322
pd-user_1418523
pd-user_2831990
pd-user_65112
pd-user_2359555
pd-user_5697979
pd-user_6294763
pd-user_6084493
pd-user_5376692
pd-user_1262659
pd-user_4091925
pd-user_1738530
pd-user_3349134
pd-user_7953291
pd-user_8952924
pd-user_8222331
pd-user_450139
pd-user_2247148
pd-user_9306135
pd-user_4161931
pd-user_1445555
pd-user_5605259
pd-user_5387274
pd-user_8805179
pd-user_2053030
pd-user_5977877
pd-user_6778287
pd-user_390686
pd-user_4372246
pd-user_6393587
pd-user_9445959
pd-user_3088111
pd-user_4269711
pd-user_2739177
pd-user_7983917
pd-user_9698728
pd-user_8334517
pd-user_2201024
pd-user_5519909
pd-user_9836672
pd-user_5120956
pd-user_6263537
pd-user_8093945
pd-user_118105
pd-user_7133517
pd-user_548844
pd-user_5912202
pd-user_7562309
pd-user_221339
pd-user_5781995
pd-user_1465084
pd-user_3680016
pd-user_5038059
pd-user_374339
pd-user_581994
pd-user_8855352
pd-user_4288934
pd-user_8764852
pd-user_9319847
pd-user_2978083
pd-user_5072535
pd-user_6100928
pd-user_1280512
pd-user_1629437
pd-user_6899322
pd-user_8953465
pd-user_7448595
pd-user_6848036
pd-user_7517871
pd-user_6686171
pd-user_791926
pd-user_9945901
pd-user_8597928
pd-user_5834378
pd-user_8882761
pd-user_6223969
pd-user_6534952
pd-user_3418572
pd-user_4039443
pd-user_7964598
pd-user_5243892
pd-user_9016043
pd-user_4414770
pd-user_1926673
pd-user_5095796
pd-user_2092725
pd-user_1781913
pd-user_9452868
pd-user_768776
pd-user_411314
pd-user_783151
pd-user_3806303
pd-user_4856747
pd-user_8310646
pd-user_2064684
pd-user_9214825
pd-user_8058784
pd-user_5212964
pd-user_3323181
pd-user_3925557
pd-user_3104828
pd-user_8323237
pd-user_5103732
pd-user_2629530
pd-user_6828666
pd-user_5594806
pd-user_8284926
pd-user_5140544
pd-user_2072616
pd-user_8401600
pd-user_7504483
pd-user_7174269
pd-user_5821
pd-user_5394609
pd-user_3836027
pd-user_4429436
pd-user_5597520
pd-user_7956589
pd-user_4211351
pd-user_494205
pd-user_3700027
pd-user_2277459
pd-user_9459983
pd-user_7544947
pd-user_2152783
pd-user_2920893
pd-user_5516723
pd-user_4340687
pd-user_255373
pd-user_2567469
pd-user_2625192
pd-user_9609482
pd-user_8938476
pd-user_6870457
pd-user_1232543
pd-user_9890249
pd-user_3333434
pd-user_3557267
pd-user_1362485
pd-user_549295
pd-user_1128084
pd-user_5911740
pd-user_8757840
pd-user_3287780
pd-user_8373357
pd-user_8412803
pd-user_67441
pd-user_3868358
pd-user_1485840
pd-user_6101412
pd-user_9524530
pd-user_1283384
pd-user_2574180
pd-user_8671721
pd-user_4564342
pd-user_961223
pd-user_5208704
pd-user_7760006
pd-user_1655720
pd-user_7213048
pd-user_7854707
pd-user_464609
pd-user_9781705
pd-user_2608666
pd-user_2872690
pd-user_6313404
pd-user_1999867
pd-user_1740659
pd-user_5075248
pd-user_9570648
pd-user_7679797
pd-user_8393835
pd-user_9924012
pd-user_3439999
pd-user_4504201
pd-user_1102164
pd-user_3961150
pd-user_5423427
pd-user_7070725
pd-user_6132713
pd-user_5520753
pd-user_9019392
pd-user_2546191
pd-user_6206073
pd-user_3668023
pd-user_7949159
pd-user_1420531
pd-user_9277906
pd-user_2673042
pd-user_6461457
pd-user_3401372
pd-user_1172905
pd-user_8545374
pd-user_8662501
pd-user_6169945
pd-user_4289555
pd-user_644852
pd-user_5046911
pd-user_8803604
pd-user_8926684
pd-user_4100880
pd-user_3890355
pd-user_1542987
pd-user_2093751
pd-user_6061757
pd-user_4472455
pd-user_359701
pd-user_2956113
pd-user_7911112
pd-user_9522852
pd-user_3155281
pd-user_6816953
pd-user_3535863
pd-user_5436639
pd-user_4646919
pd-user_974657
pd-user_4525417
pd-user_5284545
pd-user_78028
pd-user_7051612
pd-user_6077081
pd-user_7297872
pd-user_4319234
pd-user_6973311
pd-user_6356113
pd-user_4271555
pd-user_7116030
pd-user_7197896
pd-user_8936095
pd-user_1288476
pd-user_425493
pd-user_3866832
pd-user_2520509
pd-user_8895687
pd-user_6489928
pd-user_1010850
pd-user_1116909
pd-user_5797865
pd-user_6016483
pd-user_4433041
pd-user_5071735
pd-user_1727137
pd-user_3863756
pd-user_4268491
pd-user_1627547
pd-user_8097253
pd-user_5900459
pd-user_4426063
pd-user_9414158
pd-user_7315147
pd-user_9967575
pd-user_8615313
pd-user_1718802
pd-user_2106906
pd-user_338759
pd-user_2422921
pd-user_3729175
pd-user_4936594
pd-user_8561146
pd-user_1399309
pd-user_6241308
pd-user_2378920
pd-user_3088100
pd-user_7778983
pd-user_9767126
pd-user_2273529
pd-user_188841
pd-user_4216195
pd-user_4451675
pd-user_6755143
pd-user_4368822
pd-user_2733363
pd-user_5079679
pd-user_5694667
pd-user_5603476
pd-user_6424158
pd-user_8031111
pd-user_3745599
pd-user_1140523
pd-user_6566572
pd-user_411480
pd-user_6457109
pd-user_2558902
pd-user_7420805
pd-user_9726268
pd-user_2799770
pd-user_2229872
pd-user_2702252
pd-user_6519913
pd-user_8843998
pd-user_7943405
pd-user_7651986
pd-user_6342509
pd-user_6175428
pd-user_9854240
pd-user_6394178
pd-user_9917410
pd-user_2709792
pd-user_3537245
pd-user_7084745
pd-user_6448362
pd-user_2888767
pd-user_5413323
pd-user_6926454
pd-user_4747471
pd-user_1263585
pd-user_273725
pd-user_1645114
pd-user_4625374
pd-user_2796945
pd-user_9934722
pd-user_751029
pd-user_156292
pd-user_3594349
pd-user_154513
pd-user_950341
pd-user_3077475
pd-user_7276088
pd-user_6119395
pd-user_3543166
pd-user_2187163
pd-user_1599137
pd-user_4682181
pd-user_8706819
pd-user_1085870
pd-user_9905394
pd-user_1281018
pd-user_3367231
pd-user_3896963
pd-user_6161812
pd-user_9934496
pd-user_311833
pd-user_8985466
pd-user_6664249
pd-user_5822945
pd-user_3800683
pd-user_1832690
pd-user_1775650
pd-user_7675847
pd-user_9179614
pd-user_9301187
pd-user_4331420
pd-user_1627758
pd-user_3782973
pd-user_1789761
pd-user_3420915
pd-user_4502331
pd-user_1438974
pd-user_2765797
pd-user_6500412
pd-user_8275573
pd-user_6667931
pd-user_5943973
pd-user_5283850
pd-user_4926351
pd-user_1961761
pd-user_845699
pd-user_7905584
pd-user_210625
pd-user_4352771
pd-user_8120539
pd-user_7667951
pd-user_2522172
pd-user_4962150
pd-user_6457861
pd-user_4205630
pd-user_1270749
pd-user_9768007
pd-user_477973
pd-user_4765242
pd-user_3241203
pd-user_4615625
pd-user_2266344
pd-user_4007936
pd-user_5375759
pd-user_2203925
pd-user_3099515
pd-user_127154
pd-user_6823231
pd-user_2330267
pd-user_2793247
pd-user_2266426
pd-user_1620706
pd-user_5746622
pd-user_4042874
pd-user_7968538
pd-user_9380574
pd-user_3088423
pd-user_8418264
pd-user_2563632
pd-user_5105212
pd-user_2494075
pd-user_5085567
pd-user_1862556
pd-user_8981041
pd-user_1683069
pd-user_8742049
pd-user_2571919
pd-user_3596050
pd-user_6654788
pd-user_9656198
pd-user_4425819
pd-user_3876515
pd-user_5972799
pd-user_527388
pd-user_591432
pd-user_7727315
pd-user_3257899
pd-user_8842548
pd-user_5529201
pd-user_7252733
pd-user_3133659
pd-user_5676519
pd-user_7563800
pd-user_8776809
pd-user_5356851
pd-user_4690428
pd-user_1468635
pd-user_667635
pd-user_340464
pd-user_900027
pd-user_7336182
pd-user_1304666
pd-user_2853035
pd-user_7046921
pd-user_1824557
pd-user_153524
pd-user_3776457
pd-user_6071379
pd-user_2080580
pd-user_3492080
pd-user_227979
pd-user_9843550
pd-user_8087237
pd-user_2738170
pd-user_4374991
pd-user_1479318
pd-user_1810731
pd-user_1668521
pd-user_2939788
pd-user_8750595
pd-user_2465648
pd-user_4981002
pd-user_226823
pd-user_1150977
pd-user_7821477
pd-user_5907036
pd-user_1359028
pd-user_2040420
pd-user_3382747
pd-user_9188424
pd-user_9649193
pd-user_2166464
pd-user_7486391
pd-user_3521051
pd-user_1179232
pd-user_9642556
pd-user_7178080
pd-user_9448250
pd-user_6577375
pd-user_7836874
pd-user_5276819
pd-user_2886845
pd-user_2631692
pd-user_9457821
pd-user_1194958
pd-user_3647807
pd-user_7632367
pd-user_8353876
pd-user_599529
pd-user_2690759
pd-user_6373939
pd-user_4269182
pd-user_8462765
pd-user_1207536
pd-user_6864690
pd-user_4805302
pd-user_5105627
pd-user_8136110
pd-user_7201906
pd-user_8078833
pd-user_5326356
pd-user_249377
pd-user_9733045
pd-user_1762170
pd-user_2109445
pd-user_3865765
pd-user_2008183
pd-user_6972988
pd-user_6160535
pd-user_956778
pd-user_3985888
pd-user_9361915
pd-user_8798715
pd-user_1466437
pd-user_8819507
pd-user_762312
pd-user_2034695
pd-user_1387020
pd-user_158654
pd-user_4426251
pd-user_2587240
pd-user_2611085
pd-user_9353822
pd-user_777224
pd-user_3105826
pd-user_4378792
pd-user_6709919
pd-user_4794553
pd-user_5530337
pd-user_6461334
pd-user_1818268
pd-user_2688506
pd-user_4190869
pd-user_4081264
pd-user_9823318
pd-user_3500814
pd-user_1794915
pd-user_1216550
pd-user_5125461
pd-user_9636888
pd-user_6794855
pd-user_8462893
pd-user_8792136
pd-user_4654703
pd-user_6974311
pd-user_9556140
pd-user_4953218
pd-user_8869963
pd-user_6190790
pd-user_5889595
pd-user_2489302
pd-user_7888582
pd-user_5122931
pd-user_6809572
pd-user_3325448
pd-user_5024347
pd-user_3416649
pd-user_386813
pd-user_5672502
pd-user_8428525
pd-user_6444497
pd-user_7600642
pd-user_4863141
pd-user_5106197
pd-user_8992201
pd-user_6092925
pd-user_3020518
pd-user_5264
pd-user_1150272
pd-user_2864368
pd-user_9439958
pd-user_968833
pd-user_2075602
pd-user_3615763
pd-user_9921770
pd-user_8423363
pd-user_2124523
pd-user_1419240
pd-user_1216410
pd-user_1371032
pd-user_4277134
pd-user_9286679
pd-user_8495206
pd-user_8299802
pd-user_5639409
pd-user_4831105
pd-user_88270
pd-user_4286996
pd-user_2728845
pd-user_6283946
pd-user_6613025
pd-user_5807918
pd-user_724529
pd-user_9938996
pd-user_4229556
pd-user_812200
pd-user_5633465
pd-user_1416288
pd-user_4906382
pd-user_6524319
pd-user_2450228
pd-user_8403673
pd-user_7583161
pd-user_7132706
pd-user_7948006
pd-user_5364001
pd-user_625855
pd-user_4749914
pd-user_9110829
pd-user_339433
pd-user_6958823
pd-user_8866410
pd-user_1846870
pd-user_8160794
pd-user_7719513
pd-user_8587765
pd-user_4486929
pd-user_1324137
pd-user_5050506
pd-user_9687706
pd-user_5421804
pd-user_2757195
pd-user_630074
pd-user_5323608
pd-user_7729878
pd-user_6913053
pd-user_4259981
pd-user_7598485
pd-user_139536
pd-user_3907941
pd-user_3154553
pd-user_5600814
pd-user_9814524
pd-user_137829
pd-user_6940825
pd-user_4669597
pd-user_4959638
pd-user_3516095
pd-user_5809154
pd-user_6678445
pd-user_5975156
pd-user_5926923
pd-user_765339
pd-user_2925121
pd-user_3795026
pd-user_3851385
pd-user_2462832
pd-user_413274
pd-user_5967388
pd-user_8909415
pd-user_204600
pd-user_3162731
pd-user_1290035
pd-user_7978274
pd-user_5351127
pd-user_5542583
pd-user_883366
pd-user_244866
pd-user_4674342
pd-user_34601
pd-user_4614273
pd-user_5358153
pd-user_2254547
pd-user_9773710
pd-user_2665689
pd-user_5982350
pd-user_8574363
pd-user_9921763
pd-user_8158912
pd-user_1124165
pd-user_1335762
pd-user_521496
pd-user_8348389
pd-user_2000926
pd-user_1069826
pd-user_5394142
pd-user_6779173
pd-user_8157641
pd-user_6145394
pd-user_9744746
pd-user_6761652
pd-user_2872897
pd-user_7775606
pd-user_6840766
pd-user_726670
pd-user_6005304
pd-user_2673510
pd-user_8398955
pd-user_5648150
pd-user_4596523
pd-user_6238509
pd-user_9283516
pd-user_583984
pd-user_9132723
pd-user_4155430
pd-user_1025573
pd-user_749769
pd-user_3082491
pd-user_4060826
pd-user_1665090
pd-user_7587776
pd-user_1614906
pd-user_4392178
pd-user_5369677
pd-user_7271667
pd-user_3298728
pd-user_5795734
pd-user_1050773
pd-user_1238564
pd-user_7156536
pd-user_1557986
pd-user_4918236
pd-user_554333
pd-user_9895615
pd-user_5355872
pd-user_9987655
pd-user_1024382
pd-user_1878267
pd-user_1642529
pd-user_4420300
pd-user_2326209
pd-user_9481385
pd-user_8044555
pd-user_1921678
pd-user_2682351
pd-user_6703194
pd-user_5405790
pd-user_4926853
pd-user_7435296
pd-user_7217407
pd-user_9354914
pd-user_126998
pd-user_4484711
pd-user_8752372
pd-user_4453494
pd-user_2455891
pd-user_8186537
pd-user_344146
pd-user_9811314
pd-user_1077491
pd-user_5858086
pd-user_9592748
pd-user_2363677
pd-user_1542194
pd-user_3396223
pd-user_1048296
pd-user_3032128
pd-user_4821467
pd-user_6701350
pd-user_1694804
pd-user_8960552
pd-user_5610957
pd-user_2590080
pd-user_2747486
pd-user_1571149
pd-user_5637105
pd-user_1931905
pd-user_7756350
pd-user_6057576
pd-user_8236706
pd-user_5376387
pd-user_7584646
pd-user_7234930
pd-user_5633700
pd-user_4002859
pd-user_8110548
pd-user_6480656
pd-user_932629
pd-user_4219971
pd-user_7882716
pd-user_3970
pd-user_208055
pd-user_8637596
pd-user_7636124
pd-user_8031819
pd-user_2010566
pd-user_16537
pd-user_8342788
pd-user_4402861
pd-user_7234767
pd-user_84750
pd-user_1454712
pd-user_4267796
pd-user_8072993
pd-user_6349374
pd-user_7036873
pd-user_8220535
pd-user_6601235
pd-user_125996
pd-user_9854190
pd-user_4530053
pd-user_8911127
pd-user_8922133
pd-user_6624027
pd-user_234080
pd-user_8511181
pd-user_7666895
pd-user_1879225
pd-user_8980426
pd-user_3240468
pd-user_7330817
pd-user_9455174
pd-user_995977
pd-user_9829526
pd-user_5522583
pd-user_4473372
pd-user_3314021
pd-user_3463687
pd-user_779676
pd-user_5019655
pd-user_3319609
pd-user_8763598
pd-user_8138317
pd-user_3858371
pd-user_1963065
pd-user_8609856
pd-user_5362859
pd-user_8102656
pd-user_3407995
pd-user_8651942
pd-user_7957130
pd-user_9083933
pd-user_2735431
pd-user_9245499
pd-user_8416791
pd-user_3754769
pd-user_7348995
pd-user_9847081
pd-user_9715948
pd-user_5434397
pd-user_2575405
pd-user_4762100
pd-user_8568784
pd-user_1124364
pd-user_6191979
pd-user_3671055
pd-user_8703979
pd-user_1786544
pd-user_7505951
pd-user_2411114
pd-user_7399790
pd-user_4511514
pd-user_9610832
pd-user_8915919
pd-user_7492584
pd-user_1894280
pd-user_5128908
pd-user_1253453
pd-user_7982971
pd-user_2353125
pd-user_7291063
pd-user_8497126
pd-user_201265
pd-user_3300614
pd-user_5378691
pd-user_7262364
pd-user_4903137
pd-user_2443204
pd-user_4026897
pd-user_5953824
pd-user_7124469
pd-user_223933
pd-user_8242125
pd-user_6810767
pd-user_105716
pd-user_4909679
pd-user_4106646
pd-user_3729328
pd-user_7154171
pd-user_4017522
pd-user_7821475
pd-user_4429780
pd-user_470863
pd-user_3133702
pd-user_3788917
pd-user_2817424
pd-user_7945195
pd-user_9784387
pd-user_7868562
pd-user_4269472
pd-user_1420707
pd-user_1072406
pd-user_6045567
pd-user_5131247
pd-user_5331187
pd-user_6705606
pd-user_8903427
pd-user_6639544
pd-user_4104473
pd-user_2153067
pd-user_7071760
pd-user_1255828
pd-user_6777460
pd-user_8088528
pd-user_4097292
pd-user_6135080
pd-user_6901412
pd-user_436345
pd-user_5795035
pd-user_3475197
pd-user_3473546
pd-user_4063894
pd-user_9473064
pd-user_821554
pd-user_6336095
pd-user_8328950
pd-user_4981927
pd-user_4786699
pd-user_4084731
pd-user_6359271
pd-user_1480690
pd-user_7114234
pd-user_9412482
pd-user_4850466
pd-user_2882820
pd-user_2419470
pd-user_855496
pd-user_4185225
pd-user_9269969
pd-user_8250453
pd-user_6268713
pd-user_7145994
pd-user_6351842
pd-user_4394206
pd-user_2556951
pd-user_9364430
pd-user_6333931
pd-user_2938665
pd-user_8452290
pd-user_5861905
pd-user_9586496
pd-user_1370102
pd-user_8067708
pd-user_7480765
pd-user_6574134
pd-user_816224
pd-user_7243910
pd-user_3086709
pd-user_4591933
pd-user_5879923
pd-user_1125017
pd-user_599591
pd-user_8827861
pd-user_3858929
pd-user_3260633
pd-user_6316570
pd-user_1844089
pd-user_5832099
pd-user_6483572
pd-user_6473924
pd-user_3150092
pd-user_2628440
pd-user_1797779
pd-user_5881458
pd-user_5475755
pd-user_6301353
pd-user_7964464
pd-user_7264070
pd-user_4876471
pd-user_8679288
pd-user_4296189
pd-user_9619585
pd-user_1271729
pd-user_3336073
pd-user_2727812
pd-user_7227375
pd-user_1246224
pd-user_6935904
pd-user_5327412
pd-user_9037680
pd-user_4952128
pd-user_502769
pd-user_5374500
pd-user_3752603
pd-user_4489570
pd-user_2569359
pd-user_9392413
pd-user_8709683
pd-user_1510664
pd-user_1711966
pd-user_9618181
pd-user_2376176
pd-user_5687910
pd-user_3769677
pd-user_5188592
pd-user_3906
pd-user_1973868
pd-user_3340077
pd-user_4445400
pd-user_7076931
pd-user_8776565
pd-user_6058620
pd-user_6198806
pd-user_3228320
pd-user_6077960
pd-user_9992441
pd-user_2593559
pd-user_9579513
pd-user_9749798
pd-user_5911792
pd-user_3528630
pd-user_5760702
pd-user_7318867
pd-user_2586766
pd-user_8957841
pd-user_8266801
pd-user_4755178
pd-user_9793347
pd-user_5825770
pd-user_4516544
pd-user_9936655
pd-user_1426049
pd-user_7906879
pd-user_4266709
pd-user_8945195
pd-user_5392266
pd-user_8320797
pd-user_7604241
pd-user_8405039
pd-user_4620947
pd-user_4880308
pd-user_6156289
pd-user_4134980
pd-user_388635
pd-user_5314500
pd-user_9279652
pd-user_3523664
pd-user_9991323
pd-user_5511464
pd-user_6834571
pd-user_7353208
pd-user_2547313
pd-user_7501834
pd-user_1677988
pd-user_9162330
pd-user_3344405
pd-user_9532887
pd-user_3833626
pd-user_9281442
pd-user_2174051
pd-user_942914
pd-user_3625295
pd-user_3166350
pd-user_6511982
pd-user_1048252
pd-user_1780973
pd-user_7015939
pd-user_4343440
pd-user_4368481
pd-user_6941103
pd-user_5158270
pd-user_9050881
pd-user_6719578
pd-user_7071850
pd-user_3058607
pd-user_3866730
pd-user_2048573
pd-user_4585002
pd-user_4960505
pd-user_7666505
pd-user_8776838
pd-user_940972
pd-user_1651630
pd-user_7032992
pd-user_6595885
pd-user_6699215
pd-user_9538276
pd-user_1570068
pd-user_7445900
pd-user_2328898
pd-user_7444764
pd-user_1983800
pd-user_3854770
pd-user_5032224
pd-user_5194200
pd-user_9666840
pd-user_311519
pd-user_2169138
pd-user_414637
pd-user_4406154
pd-user_5378747
pd-user_3181851
pd-user_6253182
pd-user_5349627
pd-user_8335401
pd-user_826698
pd-user_9942898
pd-user_3580708
pd-user_5891289
pd-user_4855886
pd-user_6000232
pd-user_1664990
pd-user_9506542
pd-user_5815666
pd-user_4018783
pd-user_5835699
pd-user_2108123
pd-user_9431283
pd-user_5344878
pd-user_2551713
pd-user_6036666
pd-user_271668
pd-user_4312717
pd-user_9483148
pd-user_2790344
pd-user_7296061
pd-user_728805
pd-user_9471645
pd-user_2839077
pd-user_42596
pd-user_446402
pd-user_3605220
pd-user_3154412
pd-user_9679204
pd-user_5913548
pd-user_2139918
pd-user_4199293
pd-user_3628778
pd-user_7797168
pd-user_4246764
pd-user_8404297
pd-user_3872368
pd-user_5042516
pd-user_428704
pd-user_5788125
pd-user_5412547
pd-user_9935469
pd-user_5721811
pd-user_8282296
pd-user_7184648
pd-user_3700348
pd-user_4985649
pd-user_5396098
pd-user_635715
pd-user_9323351
pd-user_917363
pd-user_8171562
pd-user_7726514
pd-user_7266810
pd-user_505873
pd-user_6774198
pd-user_1561649
pd-user_9550074
pd-user_8510279
pd-user_1937699
pd-user_1978130
pd-user_658270
pd-user_3339237
pd-user_5631060
pd-user_1064136
pd-user_9754652
pd-user_3935758
pd-user_1890604
pd-user_4977295
pd-user_9898384
pd-user_1019681
pd-user_193699
pd-user_5083849
pd-user_787393
pd-user_4166964
pd-user_2682917
pd-user_2894858
pd-user_1966946
pd-user_7993373
pd-user_3084517
pd-user_9339780
pd-user_974149
pd-user_9187400
pd-user_7301165
pd-user_7839486
pd-user_2000501
pd-user_2488223
pd-user_7226276
pd-user_5070920
pd-user_6676358
pd-user_5902357
pd-user_9631149
pd-user_5122620
pd-user_9987715
pd-user_9485357
pd-user_9060124
pd-user_6031457
pd-user_8544929
pd-user_3058470
pd-user_5593042
pd-user_2553873
pd-user_9424366
pd-user_2442422
pd-user_121263
pd-user_9285413
pd-user_6155449
pd-user_5242670
pd-user_1436434
pd-user_565949
pd-user_556208
pd-user_608940
pd-user_1831394
pd-user_5888478
pd-user_4982545
pd-user_3532051
pd-user_6952720
pd-user_9889990
pd-user_1889470
pd-user_3707151
pd-user_1755494
pd-user_6739826
pd-user_2937543
pd-user_6066042
pd-user_458346
pd-user_5332787
pd-user_8139020
pd-user_2377662
pd-user_3630460
pd-user_8721788
pd-user_1422149
pd-user_4671179
pd-user_895460
pd-user_9362657
pd-user_5557351
pd-user_9125038
pd-user_374801
pd-user_3928759
pd-user_5140351
pd-user_2743121
pd-user_4036752
pd-user_4253321
pd-user_3605837
pd-user_8751366
pd-user_8800243
pd-user_9693188
pd-user_4304254
pd-user_7322149
pd-user_5030423
pd-user_3293438
pd-user_6211580
pd-user_7624389
pd-user_1691012
pd-user_5685918
pd-user_7514455
pd-user_8477395
pd-user_3184705
pd-user_9140238
pd-user_2680541
pd-user_4911565
pd-user_3681257
pd-user_9089392
pd-user_3038197
pd-user_594563
pd-user_6574064
pd-user_1917812
pd-user_4461142
pd-user_8062402
pd-user_9504335
pd-user_5614014
pd-user_9526
pd-user_8579999
pd-user_4113492
pd-user_1313678
pd-user_48210
pd-user_6608678
pd-user_3920904
pd-user_6392084
pd-user_7521648
pd-user_4676248
pd-user_3205608
pd-user_8404058
pd-user_5582627
pd-user_1737739
pd-user_1342900
pd-user_8189369
pd-user_5623953
pd-user_5629363
pd-user_6149391
pd-user_6850200
pd-user_2116625
pd-user_5823005
pd-user_663096
pd-user_9903088
pd-user_4204701
pd-user_8311081
pd-user_2239250
pd-user_3935519
pd-user_4490937
pd-user_5373408
pd-user_8811996
pd-user_7291908
pd-user_1778118
pd-user_3746965
pd-user_9477299
pd-user_5637054
pd-user_5815954
pd-user_2664907
pd-user_3558222
pd-user_4193925
pd-user_1552136
pd-user_4111556
pd-user_6486111
pd-user_9296851
pd-user_4468102
pd-user_5088401
pd-user_9601095
pd-user_2335060
pd-user_2892770
pd-user_7519137
pd-user_2751893
pd-user_3059009
pd-user_830146
pd-user_3667798
pd-user_1663430
pd-user_3610407
pd-user_5660685
pd-user_448363
pd-user_1826790
pd-user_3872027
pd-user_7283162
pd-user_3860950
pd-user_5747136
pd-user_9792962
pd-user_557837
pd-user_2590375
pd-user_122434
pd-user_2429311
pd-user_6577481
pd-user_4686153
pd-user_5826968
pd-user_1337578
pd-user_3556702
pd-user_7547477
pd-user_5706606
pd-user_8648827
pd-user_7558136
pd-user_2503235
pd-user_9607171
pd-user_5599675
pd-user_7312863
pd-user_4656049
pd-user_8187093
pd-user_7588197
pd-user_3744121
pd-user_7444423
pd-user_9787383
pd-user_176937
pd-user_9700395
pd-user_6644940
pd-user_5193700
pd-user_92599
pd-user_6241881
pd-user_3678098
pd-user_4648747
pd-user_9216855
pd-user_2656961
pd-user_4735149
pd-user_6684321
pd-user_1519656
pd-user_9004987
pd-user_3692367
pd-user_2513877
pd-user_6626799
pd-user_9820826
pd-user_5353578
pd-user_3631266
pd-user_8826170
pd-user_5985362
pd-user_8255402
pd-user_9092636
pd-user_4708815
pd-user_6689474
pd-user_8390662
pd-user_7517668
pd-user_7201830
pd-user_8194578
pd-user_7745590
pd-user_2452476
pd-user_3585836
pd-user_4926923
pd-user_3916129
pd-user_8770083
pd-user_1807047
pd-user_3649303
pd-user_1437496
pd-user_7087585
pd-user_5932058
pd-user_3111016
pd-user_5496544
pd-user_1093065
pd-user_1122739
pd-user_592266
pd-user_1778415
pd-user_7441797
pd-user_2428428
pd-user_3502339
pd-user_6270184
pd-user_2309389
pd-user_6565632
pd-user_4755723
pd-user_5716566
pd-user_4039878
pd-user_2097128
pd-user_5625487
pd-user_6334604
pd-user_6268288
pd-user_9985787
pd-user_1571792
pd-user_6347453
pd-user_5675790
pd-user_9118174
pd-user_4136067
pd-user_8404890
pd-user_9546036
pd-user_6941707
pd-user_4632113
pd-user_8788415
pd-user_2126523
pd-user_7883579
pd-user_3063378
pd-user_7458415
pd-user_1729266
pd-user_2309006
pd-user_153641
pd-user_3630528
pd-user_561312
pd-user_8370841
pd-user_3068922
pd-user_4286356
pd-user_5983153
pd-user_2749158
pd-user_8818910
pd-user_4703539
pd-user_8701087
pd-user_7661095
pd-user_3628588
pd-user_6579556
pd-user_6651570
pd-user_8170239
pd-user_5905440
pd-user_5849572
pd-user_865350
pd-user_2947871
pd-user_3092100
pd-user_5381464
pd-user_4148473
pd-user_5232864
pd-user_7273372
pd-user_6435484
pd-user_1353753
pd-user_1598286
pd-user_88534
pd-user_7055225
pd-user_8020876
pd-user_5471031
pd-user_6141506
pd-user_4073256
pd-user_2874398
pd-user_5935466
pd-user_2999387
pd-user_917968
pd-user_8295562
pd-user_9971563
pd-user_762708
pd-user_7838199
pd-user_4817212
pd-user_8099601
pd-user_9254593
pd-user_577427
pd-user_5664645
pd-user_5120307
pd-user_9723014
pd-user_4261275
pd-user_2226758
pd-user_628259
pd-user_1570896
pd-user_956787
pd-user_8506781
pd-user_3009127
pd-user_5223881
pd-user_8648675
pd-user_5470968
pd-user_5328390
pd-user_4411325
pd-user_919167
pd-user_5556773
pd-user_6851121
pd-user_4628304
pd-user_9979903
pd-user_1367777
pd-user_8399844
pd-user_5869122
pd-user_7309772
pd-user_87095
pd-user_9140942
pd-user_5656331
pd-user_8115342
pd-user_9959090
pd-user_2398457
pd-user_5964980
pd-user_9106936
pd-user_8696714
pd-user_4879380
pd-user_1257006
pd-user_6906448
pd-user_8432565
pd-user_4047375
pd-user_6912026
pd-user_6538240
pd-user_4449501
pd-user_1960611
pd-user_320427
pd-user_9608319
pd-user_5671527
pd-user_9697729
pd-user_7589741
pd-user_3243636
pd-user_7095150
pd-user_7314385
pd-user_5083452
pd-user_7363485
pd-user_9729871
pd-user_3093398
pd-user_2981938
pd-user_2752178
pd-user_1120792
pd-user_9821994
pd-user_2011277
pd-user_8123683
pd-user_6710267
pd-user_3831299
pd-user_5757942
pd-user_4120670
pd-user_6956409
pd-user_3368499
pd-user_4952391
pd-user_9195768
pd-user_3724860
pd-user_6975164
pd-user_4441564
pd-user_4326835
pd-user_2451285
pd-user_783709
pd-user_5492018
pd-user_1214593
pd-user_4091013
pd-user_7057805
pd-user_531
pd-user_2649337
pd-user_4854903
pd-user_7859611
pd-user_5284718
pd-user_2772674
pd-user_6668035
pd-user_372223
pd-user_4694423
pd-user_2507434
pd-user_2159099
pd-user_3956576
pd-user_9886147
pd-user_2608121
pd-user_8813410
pd-user_7189641
pd-user_8434534
pd-user_4798988
pd-user_4745636
pd-user_9152928
pd-user_3598708
pd-user_1902991
pd-user_8277292
pd-user_5113864
pd-user_6087876
pd-user_33001
pd-user_7418796
pd-user_5911510
pd-user_3762957
pd-user_3381123
pd-user_7706183
pd-user_2988679
pd-user_5545802
pd-user_3578051
pd-user_7046464
pd-user_7675962
pd-user_5386786
pd-user_5880381
pd-user_8756329
pd-user_3378723
pd-user_4681756
pd-user_5393482
pd-user_2432821
pd-user_3955624
pd-user_8398541
pd-user_3543834
pd-user_7890344
pd-user_2371523
pd-user_9873130
pd-user_7199644
pd-user_3440577
pd-user_9220915
pd-user_6424854
pd-user_5528356
pd-user_1546060
pd-user_2661673
pd-user_1106926
pd-user_905219
pd-user_680054
pd-user_8148958
pd-user_1334516
pd-user_3432258
pd-user_6507802
pd-user_3445629
pd-user_1674696
pd-user_3054986
pd-user_6016150
pd-user_1332111
pd-user_1753927
pd-user_9779846
pd-user_5616052
pd-user_7524296
pd-user_3614691
pd-user_3159949
pd-user_9009759
pd-user_7801078
pd-user_729800
pd-user_2549764
pd-user_7033448
pd-user_2314973
pd-user_6368376
pd-user_5924071
pd-user_1426059
pd-user_3623997
pd-user_6136550
pd-user_3742064
pd-user_754044
pd-user_6316867
pd-user_8591446
pd-user_5355009
pd-user_1647314
pd-user_1682697
pd-user_5812354
pd-user_7409175
pd-user_9356686
pd-user_2334508
pd-user_9730254
pd-user_6836378
pd-user_3183630
pd-user_7877588
pd-user_6788283
pd-user_5708950
pd-user_5229564
pd-user_315330
pd-user_4750428
pd-user_5271232
pd-user_7452545
pd-user_1396479
pd-user_8511916
pd-user_2137581
pd-user_861417
pd-user_882746
pd-user_4908065
pd-user_1603344
pd-user_5856249
pd-user_8540437
pd-user_5598377
pd-user_3193955
pd-user_1594560
pd-user_992472
pd-user_8417974
pd-user_368390
pd-user_9960005
pd-user_7521576
pd-user_6346861
pd-user_809478
pd-user_8353281
pd-user_565409
pd-user_5998450
pd-user_9264859
pd-user_3109075
pd-user_9832662
pd-user_2760357
pd-user_4117071
pd-user_6200229
pd-user_8426060
pd-user_3373196
pd-user_1835818
pd-user_6973833
pd-user_925694
pd-user_3012878
pd-user_2529802
pd-user_3060705
pd-user_1566983
pd-user_327248
pd-user_439309
pd-user_7593949
pd-user_7718790
pd-user_8042720
pd-user_3409487
pd-user_2717565
pd-user_9496561
pd-user_4278591
pd-user_6272329
pd-user_6126164
pd-user_8335931
pd-user_3964591
pd-user_727272
pd-user_8344143
pd-user_9251901
pd-user_401976
pd-user_9716552
pd-user_108197
pd-user_4692367
pd-user_7244873
pd-user_3982288
pd-user_1040883
pd-user_5675723
pd-user_5992470
pd-user_7869899
pd-user_993598
pd-user_6652273
pd-user_1663676
pd-user_799614
pd-user_8775249
pd-user_5703926
pd-user_3006246
pd-user_319431
pd-user_8318333
pd-user_9396502
pd-user_5964858
pd-user_7830480
pd-user_5019882
pd-user_4535262
pd-user_216737
pd-user_3248686
pd-user_7177708
pd-user_8002442
pd-user_9550962
pd-user_9623245
pd-user_3891835
pd-user_9515355
pd-user_6627732
pd-user_5065628
pd-user_6045692
pd-user_3924114
pd-user_2474477
pd-user_8895378
pd-user_133559
pd-user_7340112
pd-user_1237209
pd-user_6591954
pd-user_316627
pd-user_7328074
pd-user_8726152
pd-user_9117579
pd-user_7187750
pd-user_381025
pd-user_3177813
pd-user_3030106
pd-user_6924545
pd-user_9962761
pd-user_4249221
pd-user_5913514
pd-user_1284525
pd-user_47093
pd-user_7442406
pd-user_7689100
pd-user_2991220
pd-user_6187985
pd-user_4626077
pd-user_8288593
pd-user_2444180
pd-user_7430744
pd-user_6807084
pd-user_7374714
pd-user_7841865
pd-user_1883880
pd-user_3974579
pd-user_6797400
pd-user_3553310
pd-user_6715188
pd-user_1155039
pd-user_694450
pd-user_2101396
pd-user_3703284
pd-user_6351809
pd-user_3122016
pd-user_3886707
pd-user_2672315
pd-user_7182332
pd-user_5643234
pd-user_2473155
pd-user_8500242
pd-user_843218
pd-user_666061
pd-user_5153327
pd-user_5895161
pd-user_5870751
pd-user_7296223
pd-user_2146727
pd-user_7358289
pd-user_5491446
pd-user_3661031
pd-user_9644846
pd-user_4447311
pd-user_2788512
pd-user_5700596
pd-user_4630235
pd-user_3948302
pd-user_5781872
pd-user_857884
pd-user_5513688
pd-user_1242557
pd-user_7797216
pd-user_3684842
pd-user_6518558
pd-user_35533
pd-user_2516162
pd-user_3284029
pd-user_3364194
pd-user_4362517
pd-user_1889946
pd-user_1826471
pd-user_3879500
pd-user_167322
pd-user_9269923
pd-user_8160936
pd-user_3160925
pd-user_1792412
pd-user_2236790
pd-user_6963946
pd-user_4781005
pd-user_3539308
pd-user_3958470
pd-user_1011407
pd-user_1085492
pd-user_2891039
pd-user_5004814
pd-user_6330265
pd-user_7751761
pd-user_8496204
pd-user_7953768
pd-user_499469
pd-user_9490532
pd-user_2720423
pd-user_3595710
pd-user_8681941
pd-user_1916794
pd-user_2342457
pd-user_1855457
pd-user_9992287
pd-user_6469081
pd-user_4045509
pd-user_8472401
pd-user_8306780
pd-user_8134054
pd-user_6631195
pd-user_9408754
pd-user_3215128
pd-user_8674529
pd-user_7665953
pd-user_699105
pd-user_9899951
pd-user_5046621
pd-user_7696696
pd-user_9289419
pd-user_9340961
pd-user_3358666
pd-user_3468206
pd-user_115325
pd-user_4345632
pd-user_7593227
pd-user_8548403
pd-user_3782827
pd-user_2591923
pd-user_561129
pd-user_8460859
pd-user_3530712
pd-user_9918865
pd-user_6155384
pd-user_4982588
pd-user_1487541
pd-user_2849208
pd-user_6479610
pd-user_3698931
pd-user_4227095
pd-user_6187374
pd-user_4209933
pd-user_4469499
pd-user_4478184
pd-user_375211
pd-user_9818272
pd-user_8708168
pd-user_9855710
pd-user_6860696
pd-user_303610
pd-user_5087360
pd-user_2400873
pd-user_3537284
pd-user_5503508
pd-user_7833041
pd-user_4230918
pd-user_6249070
pd-user_998763
pd-user_4983480
pd-user_1139415
pd-user_7618382
pd-user_3785951
pd-user_904609
pd-user_4257891
pd-user_9189458
pd-user_5103485
pd-user_7269085
pd-user_7293352
pd-user_3957672
pd-user_366717
pd-user_5691530
pd-user_4283865
pd-user_6768403
pd-user_2106134
pd-user_7292025
pd-user_604534
pd-user_5025866
pd-user_445265
pd-user_1711041
pd-user_887157
pd-user_3947794
pd-user_9797163
pd-user_2142543
pd-user_1543726
pd-user_4501668
pd-user_4055883
pd-user_9443401
pd-user_8253185
pd-user_6960141
pd-user_6219444
pd-user_7474202
pd-user_9622767
pd-user_3137548
pd-user_1342311
pd-user_5728163
pd-user_7087720
pd-user_8996496
pd-user_5496315
pd-user_1748164
pd-user_1121603
pd-user_6512738
pd-user_1716127
pd-user_8525805
pd-user_8593333
pd-user_6617642
pd-user_3620138
pd-user_5501816
pd-user_5138152
pd-user_4777597
pd-user_9396558
pd-user_6856669
pd-user_2459785
pd-user_3245312
pd-user_3483584
pd-user_9998949
pd-user_2207390
pd-user_5489703
pd-user_9460484
pd-user_3088089
pd-user_532242
pd-user_7027810
pd-user_6805925
pd-user_3350081
pd-user_9408695
pd-user_8658711
pd-user_2837500
pd-user_6991507
pd-user_9059093
pd-user_289712
pd-user_1389183
pd-user_3053875
pd-user_7407945
pd-user_2378705
pd-user_2954914
pd-user_1155426
pd-user_5327187
pd-user_767309
pd-user_8135644
pd-user_9691514
pd-user_151755
pd-user_5437007
pd-user_9109410
pd-user_5988747
pd-user_6511331
pd-user_2832715
pd-user_3608648
pd-user_9133576
pd-user_9793555
pd-user_8105382
pd-user_2721425
pd-user_4257061
pd-user_913568
pd-user_8354468
pd-user_3676747
pd-user_6373683
pd-user_2159053
pd-user_6762361
pd-user_3034694
pd-user_9997587
pd-user_8405398
pd-user_8816622
pd-user_327349
pd-user_6301587
pd-user_9123312
pd-user_9971052
pd-user_212762
pd-user_8291356
pd-user_4437340
pd-user_7297208
pd-user_703712
pd-user_9975199
pd-user_6891233
pd-user_2672837
pd-user_2488370
pd-user_8574832
pd-user_894855
pd-user_5198447
pd-user_6808697
pd-user_3846345
pd-user_9959587
pd-user_1417802
pd-user_7933292
pd-user_1176279
pd-user_3294681
pd-user_8458506
pd-user_9758954
pd-user_6419402
pd-user_6661128
pd-user_3191074
pd-user_9002406
pd-user_1663776
pd-user_3495536
pd-user_8199493
pd-user_1825906
pd-user_6840615
pd-user_3479701
pd-user_8840432
pd-user_7151648
pd-user_1561937
pd-user_3022586
pd-user_9141591
pd-user_5279450
pd-user_1478043
pd-user_8313195
pd-user_4238741
pd-user_2893289
pd-user_5417633
pd-user_108942
pd-user_6330002
pd-user_5647620
pd-user_9193215
pd-user_2825952
pd-user_9353708
pd-user_9067661
pd-user_152349
pd-user_557167
pd-user_9315301
pd-user_5080206
pd-user_4964644
pd-user_7734475
pd-user_4145637
pd-user_3893107
pd-user_3123351
pd-user_5956006
pd-user_1198471
pd-user_5168437
pd-user_3987283
pd-user_3893847
pd-user_8717548
pd-user_3961862
pd-user_5250801
pd-user_820949
pd-user_8509450
pd-user_5581504
pd-user_1532436
pd-user_618125
pd-user_2508066
pd-user_8826175
pd-user_1962135
pd-user_1656176
pd-user_6722945
pd-user_6366587
pd-user_7050495
pd-user_7876807
pd-user_750821
pd-user_9513839
pd-user_3621197
pd-user_2049733
pd-user_460573
pd-user_7407240
pd-user_7974864
pd-user_619974
pd-user_3878472
pd-user_3889057
pd-user_2030308
pd-user_9572812
pd-user_3460795
pd-user_7745518
pd-user_3015909
pd-user_8222783
pd-user_5600853
pd-user_874550
pd-user_6496704
pd-user_6183106
pd-user_9343797
pd-user_9012064
pd-user_9856216
pd-user_269067
pd-user_2372261
pd-user_4386967
pd-user_1910545
pd-user_653156
pd-user_4100582
pd-user_9700931
pd-user_7442813
pd-user_1326577
pd-user_3645769
pd-user_6042690
pd-user_3935296
pd-user_7789056
pd-user_872011
pd-user_1530716
pd-user_7247823
pd-user_2381143
pd-user_3006287
pd-user_918662
pd-user_6729386
pd-user_2109376
pd-user_4567670
pd-user_6091056
pd-user_4664886
pd-user_1901907
pd-user_9897078
pd-user_433466
pd-user_8400279
pd-user_6153752
pd-user_1516776
pd-user_2552637
pd-user_3909967
pd-user_1020409
pd-user_7232010
pd-user_3626486
pd-user_4569342
pd-user_6191001
pd-user_4686
pd-user_2349924
pd-user_868909
pd-user_2640072
pd-user_2599181
pd-user_3344732
pd-user_2474449
pd-user_8866507
pd-user_3195061
pd-user_7709798
pd-user_1207457
pd-user_8821869
pd-user_6647896
pd-user_4495947
pd-user_9461204
pd-user_6973579
pd-user_4168749
pd-user_5805748
pd-user_7804846
pd-user_5772394
pd-user_1188595
pd-user_1711214
pd-user_8033629
pd-user_4063616
pd-user_5749803
pd-user_4891460
pd-user_7659111
pd-user_3988572
pd-user_1264985
pd-user_6938582
pd-user_5451709
pd-user_5815183
pd-user_1617522
pd-user_1150592
pd-user_4657423
pd-user_6883717
pd-user_4462722
pd-user_1558073
pd-user_1099309
pd-user_2502551
pd-user_1150196
pd-user_8264794
pd-user_434349
pd-user_5913342
pd-user_9865270
pd-user_8906260
pd-user_2838483
pd-user_6539430
pd-user_3866943
pd-user_1153876
pd-user_9875673
pd-user_6461380
pd-user_1609556
pd-user_3633028
pd-user_8971746
pd-user_4703037
pd-user_4709727
pd-user_7114122
pd-user_7118867
pd-user_5576293
pd-user_4077740
pd-user_2476879
pd-user_4214876
pd-user_174876
pd-user_9443984
pd-user_9891513
pd-user_6933871
pd-user_301609
pd-user_2599765
pd-user_810439
pd-user_2180187
pd-user_6896012
pd-user_9637900
pd-user_6902819
pd-user_3572
pd-user_1756776
pd-user_947771
pd-user_8540448
pd-user_9820031
pd-user_2633878
pd-user_411950
pd-user_3683701
pd-user_6140699
pd-user_6734666
pd-user_5249109
pd-user_3900074
pd-user_3519726
pd-user_2325248
pd-user_4885963
pd-user_9298225
pd-user_5756540
pd-user_634334
pd-user_3194007
pd-user_8498790
pd-user_8517690
pd-user_4084559
pd-user_1267468
pd-user_5896584
pd-user_6959217
pd-user_1412509
pd-user_987572
pd-user_6770630
pd-user_5097747
pd-user_1913538
pd-user_3887011
pd-user_7518977
pd-user_2351810
pd-user_4780961
pd-user_617287
pd-user_3616103
pd-user_1078705
pd-user_1498994
pd-user_4217092
pd-user_336997
pd-user_8478942
pd-user_5899309
pd-user_4440217
pd-user_454091
pd-user_4471035
pd-user_1968096
pd-user_3450103
pd-user_9203664
pd-user_3612915
pd-user_7187115
pd-user_4787976
pd-user_7871831
pd-user_2418829
pd-user_2198385
pd-user_8025014
pd-user_8730533
pd-user_1902595
pd-user_7651603
pd-user_8096916
pd-user_5232009
pd-user_3145498
pd-user_7103312
pd-user_9462959
pd-user_1110333
pd-user_4457133
pd-user_8855606
pd-user_6182502
pd-user_9000185
pd-user_7536215
pd-user_1282079
pd-user_250702
pd-user_2779420
pd-user_3102719
pd-user_9270004
pd-user_5156365
pd-user_3821543
pd-user_1001091
pd-user_328624
pd-user_4724784
pd-user_6400495
pd-user_4054217
pd-user_5237560
pd-user_6559544
pd-user_6709184
pd-user_2032407
pd-user_830043
pd-user_1130321
pd-user_2194598
pd-user_6781269
pd-user_5112070
pd-user_7091962
pd-user_6850113
pd-user_110085
pd-user_2781364
pd-user_7885821
pd-user_9397048
pd-user_2526074
pd-user_4792468
pd-user_5196991
pd-user_3766225
pd-user_609304
pd-user_2861311
pd-user_339162
pd-user_7872965
pd-user_5951988
pd-user_1312174
pd-user_8290802
pd-user_8644898
pd-user_9058033
pd-user_8250476
pd-user_5421666
pd-user_4837474
pd-user_2733168
pd-user_1222798
pd-user_6396587
pd-user_1308861
pd-user_4399862
pd-user_6215316
pd-user_7049507
pd-user_2855156
pd-user_7763322
pd-user_8720737
pd-user_2466861
pd-user_5807217
pd-user_1703654
pd-user_1515047
pd-user_6897268
pd-user_3363437
pd-user_9653211
pd-user_5972498
pd-user_5399389
pd-user_5017822
pd-user_3414970
pd-user_2721767
pd-user_9438113
pd-user_4407721
pd-user_5289863
pd-user_4724301
pd-user_5803721
pd-user_1136207
pd-user_2029400
pd-user_6787656
pd-user_4264766
pd-user_3935722
pd-user_1201169
pd-user_9853224
pd-user_6667208
pd-user_660663
pd-user_487158
pd-user_9970969
pd-user_3352303
pd-user_6464161
pd-user_6441571
pd-user_1637725
pd-user_6999390
pd-user_9607894
pd-user_1267344
pd-user_6007178
pd-user_4936528
pd-user_7805449
pd-user_8698161
pd-user_2868819
pd-user_8431893
pd-user_4025320
pd-user_9237008
pd-user_5053568
pd-user_5225026
pd-user_1130239
pd-user_1570140
pd-user_5759528
pd-user_2803641
pd-user_3072232
pd-user_7237545
pd-user_9594749
pd-user_3103020
pd-user_5935390
pd-user_4701658
pd-user_203193
pd-user_3808438
pd-user_1031185
pd-user_7814223
pd-user_1478698
pd-user_6863659
pd-user_6457581
pd-user_5801591
pd-user_5435062
pd-user_9894998
pd-user_4523026
pd-user_6466645
pd-user_881732
pd-user_7985681
pd-user_8017262
pd-user_4691433
pd-user_7131070
pd-user_6323527
pd-user_5195343
pd-user_4055764
pd-user_6387473
pd-user_5280526
pd-user_4556383
pd-user_6904536
pd-user_3430425
pd-user_8145017
pd-user_4540133
pd-user_799537
pd-user_3047159
pd-user_9950470
pd-user_7467055
pd-user_912340
pd-user_8457506
pd-user_7801912
pd-user_1358601
pd-user_1739808
pd-user_1700756
pd-user_1697691
pd-user_1276358
pd-user_5939428
pd-user_1702297
pd-user_7939195
pd-user_4308381
pd-user_6415218
pd-user_3228636
pd-user_1336392
pd-user_8151041
pd-user_7056259
pd-user_2410447
pd-user_4134343
pd-user_8424424
pd-user_1443506
pd-user_234319
pd-user_9201715
pd-user_3682343
pd-user_6988287
pd-user_2853919
pd-user_7756798
pd-user_231145
pd-user_7274152
pd-user_4185128
pd-user_8830616
pd-user_6285024
pd-user_4422286
pd-user_8402912
pd-user_5017817
pd-user_1628539
pd-user_1145539
pd-user_8873319
pd-user_4968236
pd-user_3754098
pd-user_4578758
pd-user_3126243
pd-user_1865414
pd-user_3917602
pd-user_932035
pd-user_7213512
pd-user_6254502
pd-user_5179743
pd-user_4250158
pd-user_5426549
pd-user_6767663
pd-user_7438137
pd-user_8762669
pd-user_6248675
pd-user_3607696
pd-user_8175026
pd-user_4891166
pd-user_7349160
pd-user_6883609
pd-user_9212074
pd-user_4323382
pd-user_3458237
pd-user_8878288
pd-user_859830
pd-user_7687476
pd-user_8382109
pd-user_7974817
pd-user_6513854
pd-user_9836358
pd-user_8141298
pd-user_6554105
pd-user_4637990
pd-user_3930537
pd-user_4534457
pd-user_6363090
pd-user_2770498
pd-user_2538484
pd-user_9936175
pd-user_8872934
pd-user_9293078
pd-user_3420809
pd-user_25093
pd-user_7307008
pd-user_6430668
pd-user_4053034
pd-user_3212576
pd-user_3685980
pd-user_6471424
pd-user_5127745
pd-user_4147811
pd-user_2021089
pd-user_7738746
pd-user_1202545
pd-user_5094467
pd-user_7323343
pd-user_8323676
pd-user_7383609
pd-user_9989586
pd-user_4645587
pd-user_9419615
pd-user_2817281
pd-user_6316983
pd-user_824868
pd-user_768250
pd-user_5645788
pd-user_5103791
pd-user_9967934
pd-user_7270077
pd-user_8570426
pd-user_3655538
pd-user_3579949
pd-user_2737780
pd-user_524114
pd-user_4935070
pd-user_4494892
pd-user_3206306
pd-user_5863073
pd-user_2183193
pd-user_9327909
pd-user_615672
pd-user_2382857
pd-user_4301940
pd-user_2327241
pd-user_215748
pd-user_6026244
pd-user_8871302
pd-user_9599728
pd-user_6178424
pd-user_6301598
pd-user_9648234
pd-user_7667158
pd-user_7254206
pd-user_4942003
pd-user_2737671
pd-user_7151926
pd-user_5785278
pd-user_8733843
pd-user_7322981
pd-user_8996755
pd-user_6206456
pd-user_7752529
pd-user_1120622
pd-user_2134915
pd-user_7016412
pd-user_7009762
pd-user_3059148
pd-user_6505882
pd-user_9930389
pd-user_3784410
pd-user_9188553
pd-user_988954
pd-user_7335795
pd-user_1326198
pd-user_5708201
pd-user_4720966
pd-user_2196178
pd-user_1245833
pd-user_7612269
pd-user_4741315
pd-user_672872
pd-user_9622109
pd-user_1677428
pd-user_9226530
pd-user_2114139
pd-user_2628781
pd-user_1010361
pd-user_3789236
pd-user_8128288
pd-user_6715275
pd-user_1144200
pd-user_8177023
pd-user_204242
pd-user_9697618
pd-user_2454763
pd-user_1258698
pd-user_3277094
pd-user_1968046
pd-user_3034432
pd-user_3537037
pd-user_4390599
pd-user_2004107
pd-user_5348639
pd-user_539626
pd-user_1654772
pd-user_1619504
pd-user_2053604
pd-user_499664
pd-user_1225769
pd-user_2028499
pd-user_6376832
pd-user_8030041
pd-user_7308664
pd-user_8865818
pd-user_8579885
pd-user_8090761
pd-user_9889487
pd-user_5550214
pd-user_2781215
pd-user_28536
pd-user_454115
pd-user_8981985
pd-user_5817792
pd-user_1003371
pd-user_470235
pd-user_2990330
pd-user_4296188
pd-user_6073065
pd-user_528867
pd-user_1459087
pd-user_8891918
pd-user_8772778
pd-user_7641008
pd-user_9739043
pd-user_8052810
pd-user_7586463
pd-user_3430704
pd-user_7532953
pd-user_2316348
pd-user_3199412
pd-user_7097847
pd-user_3045151
pd-user_6694586
pd-user_2382331
pd-user_4834681
pd-user_8942210
pd-user_8290520
pd-user_5839336
pd-user_6241548
pd-user_6237911
pd-user_2513061
pd-user_1218722
pd-user_7265849
pd-user_4837132
pd-user_8394204
pd-user_921680
pd-user_123076
pd-user_4938901
pd-user_1290520
pd-user_818461
pd-user_782244
pd-user_4083950
pd-user_985537
pd-user_1789423
pd-user_7799294
pd-user_8960829
pd-user_4633980
pd-user_2177813
pd-user_6182546
pd-user_5172965
pd-user_311776
pd-user_6119648
pd-user_6785299
pd-user_7264382
pd-user_3393784
pd-user_1183307
pd-user_5082076
pd-user_1537501
pd-user_6708035
pd-user_3189126
pd-user_15376
pd-user_7306046
pd-user_810516
pd-user_1278980
pd-user_8189889
pd-user_6623214
pd-user_957014
pd-user_5783415
pd-user_4135237
pd-user_8193494
pd-user_1374811
pd-user_2495900
pd-user_7575972
pd-user_6320163
pd-user_546714
pd-user_1181696
pd-user_4447317
pd-user_9320184
pd-user_6768923
pd-user_5681942
pd-user_3474393
pd-user_5877346
pd-user_9028335
pd-user_9935183
pd-user_8859029
pd-user_6478183
pd-user_3368403
pd-user_9055710
pd-user_3688765
pd-user_7949838
pd-user_1732899
pd-user_2145498
pd-user_9957496
pd-user_270755
pd-user_373122
pd-user_3995908
pd-user_4662700
pd-user_7753600
pd-user_8402216
pd-user_283029
pd-user_2290923
pd-user_5767034
pd-user_3720940
pd-user_5192196
pd-user_4226065
pd-user_3110874
pd-user_4614993
pd-user_8652292
pd-user_3087271
pd-user_1088452
pd-user_8640813
pd-user_2154547
pd-user_5400969
pd-user_1889414
pd-user_8888952
pd-user_1428086
pd-user_4054052
pd-user_7290889
pd-user_775782
pd-user_7385516
pd-user_544785
pd-user_8551626
pd-user_2470395
pd-user_3511606
pd-user_5101264
pd-user_7783263
pd-user_751426
pd-user_5758543
pd-user_9705491
pd-user_6067770
pd-user_1803809
pd-user_7590700
pd-user_1922345
pd-user_2617345
pd-user_9848934
pd-user_1199359
pd-user_7949955
pd-user_3264639
pd-user_6239965
pd-user_8601034
pd-user_7961704
pd-user_820649
pd-user_6332238
pd-user_3313339
pd-user_5418711
pd-user_3689058
pd-user_5567479
pd-user_2106551
pd-user_9985481
pd-user_8099032
pd-user_8225362
pd-user_2500786
pd-user_8066374
pd-user_5155819
pd-user_2764641
pd-user_5580148
pd-user_4775681
pd-user_1103922
pd-user_3879418
pd-user_9477707
pd-user_7103638
pd-user_385581
pd-user_2611552
pd-user_1553443
pd-user_3211319
pd-user_1922038
pd-user_4194767
pd-user_7822308
pd-user_1718384
pd-user_8150481
pd-user_83154
pd-user_1764799
pd-user_3532904
pd-user_1116829
pd-user_8104723
pd-user_7954135
pd-user_8882844
pd-user_7269237
pd-user_5373188
pd-user_1180254
pd-user_4109248
pd-user_2023635
pd-user_5570525
pd-user_1010517
pd-user_5060814
pd-user_9101342
pd-user_662200
pd-user_3773364
pd-user_22640
pd-user_6940849
pd-user_3963939
pd-user_3557953
pd-user_2855634
pd-user_5691421
pd-user_6376548
pd-user_4090987
pd-user_8747974
pd-user_5823847
pd-user_2600834
pd-user_185397
pd-user_9002654
pd-user_5931802
pd-user_3062064
pd-user_5788506
pd-user_4053615
pd-user_5763206
pd-user_2249727
pd-user_6121347
pd-user_359510
pd-user_528249
pd-user_4732076
pd-user_20874
pd-user_1589157
pd-user_100895
pd-user_7707449
pd-user_9810291
pd-user_2121513
pd-user_9668582
pd-user_7401548
pd-user_2189843
pd-user_4916567
pd-user_5299193
pd-user_7988350
pd-user_8436575
pd-user_9452803
pd-user_8230537
pd-user_4754091
pd-user_3162062
pd-user_6933350
pd-user_5920106
pd-user_7474169
pd-user_3579360
pd-user_8030242
pd-user_6554966
pd-user_681115
pd-user_503172
pd-user_8535323
pd-user_9360837
pd-user_9756428
pd-user_3218879
pd-user_689694
pd-user_9103340
pd-user_721503
pd-user_2279015
pd-user_4391388
pd-user_7597594
pd-user_9771988
pd-user_5765522
pd-user_2123669
pd-user_9137130
pd-user_6508429
pd-user_6363396
pd-user_1260312
pd-user_9267847
pd-user_4320112
pd-user_3974621
pd-user_2904624
pd-user_3220296
pd-user_5215248
pd-user_713868
pd-user_789142
pd-user_4380599
pd-user_2016437
pd-user_4181236
pd-user_1772380
pd-user_6487394
pd-user_7512507
pd-user_238625
pd-user_8361265
pd-user_9811632
pd-user_6989256
pd-user_6103675
pd-user_8041900
pd-user_814180
pd-user_2106485
pd-user_3708418
pd-user_3906414
pd-user_8132446
pd-user_9086917
pd-user_8134307
pd-user_5110574
pd-user_4153319
pd-user_3221970
pd-user_56924
pd-user_2633584
pd-user_5059552
pd-user_9736085
pd-user_8077838
pd-user_8709689
pd-user_6434708
pd-user_8204540
pd-user_7852822
pd-user_7804842
pd-user_2374055
pd-user_1896178
pd-user_9407611
pd-user_3541882
pd-user_7503039
pd-user_5623358
pd-user_8440745
pd-user_1732599
pd-user_7796236
pd-user_5193217
pd-user_5668871
pd-user_893563
pd-user_5260460
pd-user_6644942
pd-user_8244411
pd-user_9863521
pd-user_2712694
pd-user_5800445
pd-user_247650
pd-user_7499216
pd-user_3600840
pd-user_8647838
pd-user_393198
pd-user_6019044
pd-user_348846
pd-user_3762779
pd-user_6436780
pd-user_854212
pd-user_1546706
pd-user_3456063
pd-user_2759484
pd-user_6639706
pd-user_8962622
pd-user_1440872
pd-user_2654294
pd-user_2082462
pd-user_1501181
pd-user_281357
pd-user_8484056
pd-user_7313968
pd-user_9025535
pd-user_7301119
pd-user_8915788
pd-user_7167535
pd-user_9850530
pd-user_1472627
pd-user_3367472
pd-user_3434869
pd-user_9698507
pd-user_1148127
pd-user_148297
pd-user_5602872
pd-user_7093584
pd-user_488814
pd-user_844935
pd-user_2474538
pd-user_6310902
pd-user_5228536
pd-user_7225010
pd-user_4782092
pd-user_5257134
pd-user_3177060
pd-user_2561056
pd-user_6964961
pd-user_1652209
pd-user_8272575
pd-user_8130170
pd-user_903246
pd-user_1380469
pd-user_8776905
pd-user_2764213
pd-user_8537190
pd-user_243498
pd-user_6439979
pd-user_9831887
pd-user_9873659
pd-user_3221625
pd-user_4989237
pd-user_6244303
pd-user_2391768
pd-user_3013879
pd-user_7469862
pd-user_532345
pd-user_9509357
pd-user_6111753
pd-user_7056691
pd-user_8890437
pd-user_2835452
pd-user_5706983
pd-user_4158016
pd-user_5472259
pd-user_2807402
pd-user_2922476
pd-user_1504264
pd-user_5213193
pd-user_9535614
pd-user_4229678
pd-user_9837434
pd-user_8406004
pd-user_9049482
pd-user_9248003
pd-user_5419645
pd-user_650184
pd-user_808685
pd-user_470212
pd-user_6650594
pd-user_9226567
pd-user_1615712
pd-user_4653230
pd-user_1571042
pd-user_1417317
pd-user_9495324
pd-user_4163143
pd-user_4085338
pd-user_3243134
pd-user_5959684
pd-user_639349
pd-user_2937065
pd-user_3459096
pd-user_6128886
pd-user_883450
pd-user_2298675
pd-user_2859701
pd-user_5793572
pd-user_6951473
pd-user_4028193
pd-user_57035
pd-user_7812630
pd-user_4606855
pd-user_286533
pd-user_6467972
pd-user_7206470
pd-user_7843011
pd-user_5667944
pd-user_5386460
pd-user_4022700
pd-user_4715926
pd-user_6614040
pd-user_81786
pd-user_2029403
pd-user_7899416
pd-user_7881086
pd-user_5470838
pd-user_6413478
pd-user_1849342
pd-user_1147491
pd-user_913982
pd-user_4338593
pd-user_2380874
pd-user_9521450
pd-user_6569408
pd-user_3768006
pd-user_7209728
pd-user_4291746
pd-user_9160608
pd-user_9645299
pd-user_833113
pd-user_8507952
pd-user_9738554
pd-user_8594412
pd-user_4620283
pd-user_5016198
pd-user_8443619
pd-user_8054571
pd-user_7971838
pd-user_7991425
pd-user_7161680
pd-user_3890588
pd-user_3249599
pd-user_239436
pd-user_6208082
pd-user_498557
pd-user_9161572
pd-user_8680704
pd-user_5833379
pd-user_4724152
pd-user_1165484
pd-user_799025
pd-user_3715967
pd-user_6931534
pd-user_2281090
pd-user_2303734
pd-user_6756747
pd-user_3640934
pd-user_2713400
pd-user_3143445
pd-user_2291168
pd-user_2309653
pd-user_8256051
pd-user_4743617
pd-user_2634245
pd-user_3934553
pd-user_3527752
pd-user_1371526
pd-user_934977
pd-user_1042015
pd-user_9082917
pd-user_3109798
pd-user_9481839
pd-user_3522846
pd-user_6214258
pd-user_2921046
pd-user_2673235
pd-user_746905
pd-user_3186674
pd-user_7354660
pd-user_352348
pd-user_1975088
pd-user_6142187
pd-user_5640762
pd-user_3551610
pd-user_8074949
pd-user_8380455
pd-user_9593033
pd-user_8083956
pd-user_9330907
pd-user_5951304
pd-user_2799825
pd-user_1244735
pd-user_6615218
pd-user_2881488
pd-user_1786644
pd-user_8467090
pd-user_5744150
pd-user_7125761
pd-user_2076773
pd-user_6387502
pd-user_9118991
pd-user_4049397
pd-user_2315118
pd-user_3399119
pd-user_265291
pd-user_920898
pd-user_7505970
pd-user_4809383
pd-user_1422066
pd-user_2892802
pd-user_4328270
pd-user_9412683
pd-user_4974448
pd-user_9966635
pd-user_6362191
pd-user_1908068
pd-user_3291617
pd-user_6073414
pd-user_8881345
pd-user_1056473
pd-user_2792008
pd-user_343065
pd-user_2727182
pd-user_2871718
pd-user_4915564
pd-user_2896581
pd-user_2263603
pd-user_8004327
pd-user_5146450
pd-user_6503886
pd-user_2246609
pd-user_5719786
pd-user_388938
pd-user_9795149
pd-user_1156306
pd-user_5990774
pd-user_3677352
pd-user_6051552
pd-user_2490478
pd-user_3942656
pd-user_2402965
pd-user_336815
pd-user_143168
pd-user_9718992
pd-user_1139235
pd-user_9591971
pd-user_4628822
pd-user_5176267
pd-user_4593004
pd-user_2327396
pd-user_6833606
pd-user_4945479
pd-user_864800
pd-user_1493832
pd-user_280808
pd-user_2782510
pd-user_6068433
pd-user_1192043
pd-user_899394
pd-user_6480906
pd-user_3959484
pd-user_4781919
pd-user_3949396
pd-user_4668405
pd-user_9261302
pd-user_751255
pd-user_6568954
pd-user_4639268
pd-user_3873234
pd-user_1633759
pd-user_8038702
pd-user_8044205
pd-user_3427084
pd-user_4837508
pd-user_4282642
pd-user_4299167
pd-user_5710667
pd-user_6906666
pd-user_7235269
pd-user_2997471
pd-user_8420871
pd-user_3053275
pd-user_4702550
pd-user_4319726
pd-user_4054730
pd-user_8093908
pd-user_5341705
pd-user_2402245
pd-user_5190188
pd-user_6709544
pd-user_7138798
pd-user_4846770
pd-user_4830128
pd-user_5977322
pd-user_2325875
pd-user_9801500
pd-user_3129195
pd-user_4724931
pd-user_7277889
pd-user_5935069
pd-user_6928715
pd-user_5652103
pd-user_6288420
pd-user_8399536
pd-user_3670149
pd-user_8683278
pd-user_4438875
pd-user_6415430
pd-user_623313
pd-user_4584855
pd-user_9619188
pd-user_6014800
pd-user_8747781
pd-user_7392773
pd-user_119041
pd-user_6529717
pd-user_5608230
pd-user_1797223
pd-user_1588027
pd-user_4813058
pd-user_6346862
pd-user_4956579
pd-user_1619978
pd-user_9532635
pd-user_8839894
pd-user_7481601
pd-user_6778157
pd-user_5128483
pd-user_4533142
pd-user_3116860
pd-user_4030402
pd-user_4491926
pd-user_4969131
pd-user_8094309
pd-user_1601476
pd-user_303535
pd-user_3352499
pd-user_9573113
pd-user_868827
pd-user_6586824
pd-user_1368945
pd-user_7869672
pd-user_8745694
pd-user_2813781
pd-user_7958026
pd-user_1589267
pd-user_8374990
pd-user_4098225
pd-user_73430
pd-user_2183262
pd-user_6645791
pd-user_5622418
pd-user_6317970
pd-user_2838970
pd-user_709276
pd-user_7866749
pd-user_3112196
pd-user_3765397
pd-user_6785340
pd-user_879806
pd-user_3367406
pd-user_8870360
pd-user_8183082
pd-user_7101148
pd-user_6608133
pd-user_2441211
pd-user_9146210
pd-user_8400847
pd-user_8072731
pd-user_6482984
pd-user_4286177
pd-user_3226334
pd-user_4159963
pd-user_3818855
pd-user_2780391
pd-user_7209678
pd-user_6753682
pd-user_2896595
pd-user_6399430
pd-user_3205449
pd-user_3679032
pd-user_1654769
pd-user_4958024
pd-user_3640277
pd-user_6264411
pd-user_4180245
pd-user_9139481
pd-user_4894091
pd-user_3362579
pd-user_5201275
pd-user_3626956
pd-user_428697
pd-user_6349187
pd-user_8645793
pd-user_6992515
pd-user_85756
pd-user_8891595
pd-user_8675309
pd-user_2868527
pd-user_7907817
pd-user_897655
pd-user_547046
pd-user_6213847
pd-user_1730832
pd-user_4128075
pd-user_692819
pd-user_6273767
pd-user_8504507
pd-user_3173149
pd-user_3658131
pd-user_6175250
pd-user_5305215
pd-user_5821669
pd-user_9189779
pd-user_2907319
pd-user_5090955
pd-user_6555595
pd-user_1338001
pd-user_5710102
pd-user_3305009
pd-user_3228624
pd-user_1602380
pd-user_2899397
pd-user_7336011
pd-user_6119581
pd-user_3149730
pd-user_9191318
pd-user_9830180
pd-user_9225880
pd-user_5612478
pd-user_4912124
pd-user_3562740
pd-user_3952581
pd-user_268356
pd-user_4510697
pd-user_5486809
pd-user_5988215
pd-user_1497486
pd-user_230754
pd-user_4161557
pd-user_8494906
pd-user_5785375
pd-user_1219129
pd-user_6767610
pd-user_8171741
pd-user_7005383
pd-user_4333059
pd-user_217079
pd-user_2445198
pd-user_7448438
pd-user_6659789
pd-user_128028
pd-user_5618640
pd-user_1877458
pd-user_8985024
pd-user_2356610
pd-user_5032457
pd-user_4854952
pd-user_8140073
pd-user_3664411
pd-user_2967449
pd-user_8114021
pd-user_5318984
pd-user_656308
pd-user_8528611
pd-user_5111587
pd-user_5408056
pd-user_6822386
pd-user_8859357
pd-user_6846712
pd-user_2256403
pd-user_5177189
pd-user_8692190
pd-user_703361
pd-user_9262650
pd-user_485138
pd-user_5121212
pd-user_9937208
pd-user_6636772
pd-user_6686280
pd-user_3512330
pd-user_4097520
pd-user_3780786
pd-user_2287988
pd-user_3690297
pd-user_5236257
pd-user_4915858
pd-user_4748173
pd-user_8991104
pd-user_3343387
pd-user_9637498
pd-user_2484737
pd-user_8736149
pd-user_2880979
pd-user_5487314
pd-user_25866
pd-user_2679156
pd-user_495274
pd-user_2067826
pd-user_5444955
pd-user_3625399
pd-user_8037152
pd-user_6452159
pd-user_6030424
pd-user_6971154
pd-user_570920
pd-user_6292247
pd-user_1364057
pd-user_606497
pd-user_2748706
pd-user_5858377
pd-user_1920133
pd-user_5347491
pd-user_5741615
pd-user_1258794
pd-user_6497126
pd-user_9238738
pd-user_4718343
pd-user_5926130
pd-user_5759366
pd-user_3190468
pd-user_5360909
pd-user_6432368
pd-user_5984948
pd-user_6036075
pd-user_7768624
pd-user_4359380
pd-user_7365346
pd-user_9259301
pd-user_6915867
pd-user_4843565
pd-user_8470236
pd-user_8780514
pd-user_1035198
pd-user_2730641
pd-user_2125766
pd-user_1171730
pd-user_5001581
pd-user_2730215
pd-user_8184163
pd-user_9325411
pd-user_9586136
pd-user_8504109
pd-user_8052724
pd-user_9349761
pd-user_2002174
pd-user_6683807
pd-user_8657889
pd-user_7704838
pd-user_1823596
pd-user_4669178
pd-user_1945667
pd-user_5343845
pd-user_281967
pd-user_3356421
pd-user_6252
pd-user_6538065
pd-user_5186640
pd-user_85964
pd-user_2245404
pd-user_4422715
pd-user_3313826
pd-user_5581797
pd-user_2503374
pd-user_9381812
pd-user_9943583
pd-user_3416531
pd-user_789521
pd-user_6750997
pd-user_3968380
pd-user_5136384
pd-user_6290070
pd-user_7746143
pd-user_1857825
pd-user_9030398
pd-user_8107158
pd-user_4591039
pd-user_4431559
pd-user_7607041
pd-user_7746832
pd-user_4271919
pd-user_3973166
pd-user_9241731
pd-user_2646556
pd-user_5590709
pd-user_4721020
pd-user_7222881
pd-user_4016220
pd-user_6220763
pd-user_6467084
pd-user_2102248
pd-user_5134889
pd-user_9315252
pd-user_8819390
pd-user_3514380
pd-user_3337524
pd-user_7498744
pd-user_7759197
pd-user_2535925
pd-user_4582330
pd-user_3606388
pd-user_5694365
pd-user_4510357
pd-user_1840883
pd-user_5284063
pd-user_492268
pd-user_9413887
pd-user_2504126
pd-user_1162096
pd-user_5644818
pd-user_3499430
pd-user_9405301
pd-user_6225831
pd-user_3320908
pd-user_7062522
pd-user_7684628
pd-user_912006
pd-user_196440
pd-user_9485453
pd-user_2291476
pd-user_4183381
pd-user_2954215
pd-user_1833609
pd-user_4873441
pd-user_1521391
pd-user_5060812
pd-user_8737770
pd-user_8825542
pd-user_9141779
pd-user_8926021
pd-user_407767
pd-user_3046971
pd-user_2138087
pd-user_6437314
pd-user_7455435
pd-user_4820391
pd-user_400957
pd-user_3768201
pd-user_1670502
pd-user_6472106
pd-user_6219433
pd-user_9270776
pd-user_6498081
pd-user_810711
pd-user_1545598
pd-user_5731041
pd-user_5990246
pd-user_3675021
pd-user_3129595
pd-user_1473522
pd-user_4054893
pd-user_3743194
pd-user_1329788
pd-user_1590300
pd-user_5561234
pd-user_7605403
pd-user_852685
pd-user_5563408
pd-user_7466425
pd-user_7708575
pd-user_3591976
pd-user_152183
pd-user_3149558
pd-user_3300651
pd-user_5161727
pd-user_8793150
pd-user_5660998
pd-user_5645748
pd-user_2077753
pd-user_7143616
pd-user_1623893
pd-user_6781125
pd-user_6247139
pd-user_4764173
pd-user_9651316
pd-user_3276863
pd-user_4573416
pd-user_6678762
pd-user_586305
pd-user_5436634
pd-user_385670
pd-user_3069708
pd-user_5100632
pd-user_1231697
pd-user_7414749
pd-user_6756947
pd-user_1500215
pd-user_5955262
pd-user_957616
pd-user_4367337
pd-user_350740
pd-user_6621126
pd-user_4583714
pd-user_7106272
pd-user_1936685
pd-user_9947001
pd-user_8160674
pd-user_9834327
pd-user_2623579
pd-user_9190986
pd-user_726513
pd-user_5521128
pd-user_7799203
pd-user_7662292
pd-user_6548579
pd-user_5595612
pd-user_6649415
pd-user_4096968
pd-user_1936461
pd-user_4365677
pd-user_7462031
pd-user_284565
pd-user_4216427
pd-user_7567248
pd-user_506048
pd-user_2783941
pd-user_630629
pd-user_7810406
pd-user_9838251
pd-user_3815223
pd-user_1785603
pd-user_7177976
pd-user_975146
pd-user_3188674
pd-user_2719273
pd-user_6544203
pd-user_8263226
pd-user_4475993
pd-user_3418056
pd-user_5804705
pd-user_8857888
pd-user_276354
pd-user_1952173
pd-user_144030
pd-user_1148439
pd-user_6162088
pd-user_6727861
pd-user_6113942
pd-user_4944167
pd-user_6476676
pd-user_9275621
pd-user_5774674
pd-user_670582
pd-user_4976859
pd-user_3822396
pd-user_5930783
pd-user_699249
pd-user_8398363
pd-user_5462662
pd-user_3945306
pd-user_2733998
pd-user_8016590
pd-user_5475387
pd-user_5390025
pd-user_9579173
pd-user_2400203
pd-user_595834
pd-user_4283249
pd-user_8124703
pd-user_8929933
pd-user_8129145
pd-user_8834855
pd-user_2306766
pd-user_9552239
pd-user_4205141
pd-user_5042667
pd-user_7951117
pd-user_3923327
pd-user_9230510
pd-user_7941090
pd-user_9365313
pd-user_55291
pd-user_7448370
pd-user_2971424
pd-user_4238090
pd-user_8582219
pd-user_833210
pd-user_7383023
pd-user_9959744
pd-user_8912267
pd-user_4879585
pd-user_4813004
pd-user_4918326
pd-user_915254
pd-user_2550771
pd-user_8069500
pd-user_840397
pd-user_6441009
pd-user_5987791
pd-user_6988980
pd-user_2509882
pd-user_9272792
pd-user_8737513
pd-user_808192
pd-user_9416599
pd-user_3388066
pd-user_2869826
pd-user_5621435
pd-user_917492
pd-user_7636460
pd-user_5110716
pd-user_8497964
pd-user_9624453
pd-user_2000050
pd-user_3712284
pd-user_2494683
pd-user_4373232
pd-user_1434657
pd-user_208359
pd-user_2642729
pd-user_9485403
pd-user_755947
pd-user_2976557
pd-user_8357035
pd-user_999511
pd-user_1520821
pd-user_8866787
pd-user_5900742
pd-user_6620652
pd-user_5437604
pd-user_6739201
pd-user_6525155
pd-user_8310807
pd-user_9714151
pd-user_7707435
pd-user_404978
pd-user_5833655
pd-user_5881277
pd-user_1202417
pd-user_2986897
pd-user_6001868
pd-user_9348413
pd-user_7470763
pd-user_2473977
pd-user_2065478
pd-user_3693747
pd-user_2676171
pd-user_3364515
pd-user_5282090
pd-user_9229591
pd-user_4041399
pd-user_1381974
pd-user_790716
pd-user_6048532
pd-user_6738106
pd-user_6278500
pd-user_7087266
pd-user_7165662
pd-user_7370536
pd-user_7672299
pd-user_9256954
pd-user_1008701
pd-user_1686503
pd-user_6206105
pd-user_1320527
pd-user_3037348
pd-user_5818566
pd-user_3287040
pd-user_9646949
pd-user_7752437
pd-user_3719864
pd-user_4188851
pd-user_5139765
pd-user_7263560
pd-user_6585066
pd-user_1334058
pd-user_2034942
pd-user_2742693
pd-user_4513435
pd-user_5129245
pd-user_4316096
pd-user_4396762
pd-user_7588277
pd-user_8839739
pd-user_5051293
pd-user_3088814
pd-user_3747827
pd-user_6028736
pd-user_959645
pd-user_2467411
pd-user_4134576
pd-user_3861550
pd-user_503568
pd-user_6709522
pd-user_3524624
pd-user_4565626
pd-user_2749819
pd-user_9489091
pd-user_8086163
pd-user_79371
pd-user_2077330
pd-user_208529
pd-user_8530904
pd-user_3472097
pd-user_4182841
pd-user_2901208
pd-user_6437924
pd-user_8281350
pd-user_5564845
pd-user_5982360
pd-user_1834830
pd-user_6965069
pd-user_7112119
pd-user_5982360
pd-user_3971365
pd-user_792196
pd-user_1411417
pd-user_5405178
pd-user_5243414
pd-user_7526447
pd-user_8608404
pd-user_3076495
pd-user_9527004
pd-user_9196484
pd-user_3625689
pd-user_732674
pd-user_100043
pd-user_2846645
pd-user_7679815
pd-user_3825177
pd-user_4183768
pd-user_3585749
pd-user_8978835
pd-user_4117734
pd-user_3596874
pd-user_9178766
pd-user_5250296
pd-user_4304967
pd-user_2330494
pd-user_9863833
pd-user_3135782
pd-user_9500333
pd-user_5720369
pd-user_2174403
pd-user_5580891
pd-user_1337621
pd-user_9890977
pd-user_5858455
pd-user_9276715
pd-user_1116336
pd-user_6115293
pd-user_1773972
pd-user_4342429
pd-user_2873568
pd-user_9206883
pd-user_9444252
pd-user_6467114
pd-user_1677181
pd-user_4893297
pd-user_1597339
pd-user_32176
pd-user_8927470
pd-user_9256998
pd-user_6946536
pd-user_8318178
pd-user_2116285
pd-user_9130284
pd-user_2315622
pd-user_8608858
pd-user_7254330
pd-user_5680830
pd-user_3661798
pd-user_8544635
pd-user_2656808
pd-user_6462484
pd-user_3555271
pd-user_6644084
pd-user_5257351
pd-user_6011395
pd-user_5434606
pd-user_4769822
pd-user_1144027
pd-user_6235734
pd-user_6304116
pd-user_1817060
pd-user_2463031
pd-user_3091134
pd-user_305208
pd-user_9075252
pd-user_3218387
pd-user_1700602
pd-user_512455
pd-user_9590973
pd-user_9923382
pd-user_6504368
pd-user_680272
pd-user_2029413
pd-user_1416849
pd-user_9674315
pd-user_5120912
pd-user_7923783
pd-user_4793717
pd-user_1529372
pd-user_4046450
pd-user_848462
pd-user_5696233
pd-user_4516241
pd-user_3838801
pd-user_5032313
pd-user_8216205
pd-user_8422818
pd-user_4188163
pd-user_4308618
pd-user_9340632
pd-user_253816
pd-user_8856008
pd-user_5872337
pd-user_6735506
pd-user_8854883
pd-user_5301044
pd-user_1598298
pd-user_1443972
pd-user_7828350
pd-user_9856934
pd-user_7401776
pd-user_8236591
pd-user_9318018
pd-user_2470790
pd-user_5907438
pd-user_8994556
pd-user_9459988
pd-user_7790489
pd-user_8989610
pd-user_217840
pd-user_9729443
pd-user_7499951
pd-user_591851
pd-user_533423
pd-user_5080304
pd-user_9649399
pd-user_2101130
pd-user_1405808
pd-user_8266413
pd-user_4185914
pd-user_4097349
pd-user_2897929
pd-user_7235080
pd-user_8129271
pd-user_8291455
pd-user_1081748
pd-user_5930601
pd-user_8174575
pd-user_1441144
pd-user_8915842
pd-user_7505685
pd-user_3178063
pd-user_8247025
pd-user_7034058
pd-user_1390568
pd-user_2129166
pd-user_649471
pd-user_5201640
pd-user_7755067
pd-user_3661850
pd-user_2827041
pd-user_9878907
pd-user_2902479
pd-user_5334314
pd-user_8846047
pd-user_6553662
pd-user_1836596
pd-user_1694657
pd-user_3595497
pd-user_4556838
pd-user_7151366
pd-user_2705332
pd-user_5357258
pd-user_2773866
pd-user_5777932
pd-user_1006064
pd-user_5858215
pd-user_4238446
pd-user_5259204
pd-user_4567501
pd-user_2060334
pd-user_6928597
pd-user_9365604
pd-user_5712089
pd-user_9097071
pd-user_6501832
pd-user_9661198
pd-user_1132614
pd-user_5817730
pd-user_1838990
pd-user_4536953
pd-user_6435069
pd-user_6146314
pd-user_6889007
pd-user_4919032
pd-user_5188083
pd-user_8805065
pd-user_1746772
pd-user_2623290
pd-user_6009665
pd-user_6280500
pd-user_4000395
pd-user_1827212
pd-user_6275469
pd-user_7306616
pd-user_8651537
pd-user_8270487
pd-user_9395541
pd-user_3426638
pd-user_38891
pd-user_4106895
pd-user_8830452
pd-user_9422523
pd-user_7066222
pd-user_3800805
pd-user_8926318
pd-user_5340340
pd-user_407413
pd-user_6394922
pd-user_4291686
pd-user_4193089
pd-user_649120
pd-user_633971
pd-user_235350
pd-user_5680894
pd-user_4829781
pd-user_8832094
pd-user_7776079
pd-user_970488
pd-user_5191809
pd-user_6165370
pd-user_7211343
pd-user_9250356
pd-user_5863603
pd-user_1662369
pd-user_3645855
pd-user_6926674
pd-user_6873908
pd-user_2289134
pd-user_3214498
pd-user_193467
pd-user_1094945
pd-user_2303612
pd-user_341825
pd-user_3506799
pd-user_4971226
pd-user_6897340
pd-user_4227744
pd-user_7030717
pd-user_8915461
pd-user_7944272
pd-user_1169111
pd-user_3747597
pd-user_6312112
pd-user_1453818
pd-user_9294499
pd-user_1942669
pd-user_4478843
pd-user_8851169
pd-user_4272546
pd-user_273067
pd-user_6816191
pd-user_4436549
pd-user_2849489
pd-user_1430305
pd-user_7606454
pd-user_9211124
pd-user_4566
pd-user_286733
pd-user_8380400
pd-user_555165
pd-user_6671660
pd-user_4919430
pd-user_1406113
pd-user_6347100
pd-user_8438868
pd-user_7706812
pd-user_250561
pd-user_1530669
pd-user_8198349
pd-user_8731190
pd-user_3525491
pd-user_1919443
pd-user_9221974
pd-user_974788
pd-user_6260088
pd-user_5916539
pd-user_3815220
pd-user_4937116
pd-user_6150666
pd-user_6791416
pd-user_7047775
pd-user_6335057
pd-user_88744
pd-user_9454174
pd-user_9550571
pd-user_2079786
pd-user_7902377
pd-user_9551026
pd-user_8788342
pd-user_6975497
pd-user_6976910
pd-user_2508934
pd-user_3566489
pd-user_921035
pd-user_3843456
pd-user_3230026
pd-user_1499729
pd-user_3986008
pd-user_108751
pd-user_524804
pd-user_835643
pd-user_9210598
pd-user_135927
pd-user_7340955
pd-user_5338028
pd-user_5791311
pd-user_4266952
pd-user_5553088
pd-user_2581512
pd-user_4535635
pd-user_3107086
pd-user_1131589
pd-user_5771141
pd-user_5742109
pd-user_1682705
pd-user_4606976
pd-user_4952511
pd-user_874192
pd-user_759035
pd-user_3255231
pd-user_9516069
pd-user_8161841
pd-user_1341628
pd-user_6269384
pd-user_8848150
pd-user_6883172
pd-user_5522998
pd-user_1019866
pd-user_4305338
pd-user_2553795
pd-user_3623624
pd-user_7175051
pd-user_3662465
pd-user_1098583
pd-user_6584592
pd-user_1082603
pd-user_9585610
pd-user_5982230
pd-user_3915523
pd-user_7492989
pd-user_2853760
pd-user_5934718
pd-user_8321576
pd-user_6529708
pd-user_9629701
pd-user_985525
pd-user_595545
pd-user_9300413
pd-user_2872570
pd-user_5073327
pd-user_6616672
pd-user_3099900
pd-user_7735143
pd-user_1395644
pd-user_2318997
pd-user_2142090
pd-user_7047010
pd-user_810775
pd-user_2545800
pd-user_8392503
pd-user_1624395
pd-user_5719528
pd-user_6981247
pd-user_8656018
pd-user_3622233
pd-user_3250621
pd-user_6880080
pd-user_5335701
pd-user_7516603
pd-user_9574443
pd-user_4430739
pd-user_2686982
pd-user_4403410
pd-user_7927657
pd-user_5257552
pd-user_4941890
pd-user_1328552
pd-user_7926249
pd-user_5910202
pd-user_5028276
pd-user_1798896
pd-user_6733067
pd-user_8073940
pd-user_294758
pd-user_5052513
pd-user_8248008
pd-user_6618250
pd-user_5047736
pd-user_4501737
pd-user_9197173
pd-user_8576935
pd-user_7414294
pd-user_5620697
pd-user_629891
pd-user_1421112
pd-user_5956285
pd-user_4390911
pd-user_776189
pd-user_6826740
pd-user_5053439
pd-user_8596465
pd-user_4264888
pd-user_3604621
pd-user_4358572
pd-user_5450054
pd-user_2588886
pd-user_3213897
pd-user_4855
pd-user_6541163
pd-user_3305921
pd-user_7038905
pd-user_1923233
pd-user_2282063
pd-user_4877938
pd-user_7649428
pd-user_7320089
pd-user_1854274
pd-user_6582074
pd-user_7559666
pd-user_5757297
pd-user_4979237
pd-user_9840284
pd-user_3172747
pd-user_3285070
pd-user_8129283
pd-user_1524266
pd-user_6411012
pd-user_4247187
pd-user_6374123
pd-user_2182229
pd-user_1842683
pd-user_2551645
pd-user_5636659
pd-user_504398
pd-user_1709645
pd-user_1853208
pd-user_8150396
pd-user_4354408
pd-user_8072674
pd-user_9688668
pd-user_7994120
pd-user_6102611
pd-user_8467883
pd-user_1627542
pd-user_167743
pd-user_3276061
pd-user_5160398
pd-user_343794
pd-user_601779
pd-user_8977295
pd-user_8263905
pd-user_6348327
pd-user_6653197
pd-user_4385991
pd-user_1355401
pd-user_8309882
pd-user_8889409
pd-user_7338252
pd-user_5499829
pd-user_7877533
pd-user_9191007
pd-user_2419032
pd-user_7518837
pd-user_4767319
pd-user_6018895
pd-user_1981387
pd-user_4630019
pd-user_6816732
pd-user_813616
pd-user_1262674
pd-user_1141181
pd-user_775539
pd-user_67296
pd-user_8907760
pd-user_9665000
pd-user_6265301
pd-user_6717459
pd-user_8686254
pd-user_3204568
pd-user_6793174
pd-user_798305
pd-user_9098174
pd-user_7067301
pd-user_8723309
pd-user_1436979
pd-user_2420093
pd-user_1523431
pd-user_2503884
pd-user_7651746
pd-user_6033837
pd-user_9788843
pd-user_4060595
pd-user_3779604
pd-user_3207703
pd-user_3814667
pd-user_1117753
pd-user_8222605
pd-user_9055657
pd-user_2999339
pd-user_1464968
pd-user_9947255
pd-user_8976505
pd-user_4400920
pd-user_9740403
pd-user_4905327
pd-user_4060846
pd-user_2230314
pd-user_6607088
pd-user_2518304
pd-user_8273747
pd-user_3189629
pd-user_9148068
pd-user_8700951
pd-user_792348
pd-user_9751503
pd-user_6748460
pd-user_700633
pd-user_6885606
pd-user_2929738
pd-user_2055852
pd-user_4825119
pd-user_6091984
pd-user_7591205
pd-user_5885969
pd-user_7374991
pd-user_7871151
pd-user_9006041
pd-user_3801319
pd-user_9139944
pd-user_3159953
pd-user_8160984
pd-user_9343529
pd-user_2086559
pd-user_5311388
pd-user_2180411
pd-user_7289623
pd-user_1629874
pd-user_5329865
pd-user_1559032
pd-user_4704670
pd-user_4388562
pd-user_8417463
pd-user_4617411
pd-user_8233884
pd-user_3141293
pd-user_4713284
pd-user_5568027
pd-user_6309372
pd-user_7959394
pd-user_2397031
pd-user_9987194
pd-user_1511653
pd-user_5580736
pd-user_6203409
pd-user_2165720
pd-user_4211602
pd-user_1773891
pd-user_2572943
pd-user_3176856
pd-user_2640804
pd-user_9515991
pd-user_4301742
pd-user_7243938
pd-user_7882936
pd-user_8332129
pd-user_3570776
pd-user_8945893
pd-user_2029907
pd-user_8927185
pd-user_4558983
pd-user_5991106
pd-user_8325003
pd-user_8476101
pd-user_2335008
pd-user_280366
pd-user_5897600
pd-user_5729704
pd-user_4134795
pd-user_7251144
pd-user_7225335
pd-user_3621393
pd-user_3542920
pd-user_4329030
pd-user_5704912
pd-user_8108211
pd-user_1647466
pd-user_3936232
pd-user_3621584
pd-user_7517401
pd-user_9972881
pd-user_3797241
pd-user_8596981
pd-user_7783992
pd-user_5688137
pd-user_7832021
pd-user_4526723
pd-user_5485641
pd-user_9041464
pd-user_1774155
pd-user_2804698
pd-user_2647703
pd-user_7560031
pd-user_8149965
pd-user_2987983
pd-user_3931864
pd-user_6893490
pd-user_4799615
pd-user_3309921
pd-user_7411746
pd-user_6551549
pd-user_1465461
pd-user_3530202
pd-user_7629494
pd-user_2394438
pd-user_7096664
pd-user_252034
pd-user_6896006
pd-user_7472336
pd-user_7477311
pd-user_3637120
pd-user_3131157
pd-user_4807671
pd-user_4487830
pd-user_3661680
pd-user_3831626
pd-user_2430223
pd-user_747194
pd-user_9893378
pd-user_2365992
pd-user_9437922
pd-user_1135656
pd-user_8438603
pd-user_1899691
pd-user_2611195
pd-user_2949075
pd-user_4585880
pd-user_4441417
pd-user_9193682
pd-user_4894962
pd-user_8448890
pd-user_1380928
pd-user_3855624
pd-user_9566212
pd-user_2095288
pd-user_1715864
pd-user_9197360
pd-user_914661
pd-user_724815
pd-user_4904707
pd-user_1322063
pd-user_656260
pd-user_9723778
pd-user_517713
pd-user_9897853
pd-user_6242109
pd-user_1732427
pd-user_6578775
pd-user_4778061
pd-user_1129693
pd-user_4572244
pd-user_1140111
pd-user_8729735
pd-user_3312379
pd-user_7015384
pd-user_8694999
pd-user_6395881
pd-user_7930874
pd-user_5038703
pd-user_1104421
pd-user_7710078
pd-user_5172363
pd-user_1133111
pd-user_8084189
pd-user_5493836
pd-user_8146435
pd-user_2277321
pd-user_4264352
pd-user_7065069
pd-user_3132416
pd-user_8108706
pd-user_850592
pd-user_274943
pd-user_4121422
pd-user_3853208
pd-user_989364
pd-user_3316379
pd-user_923716
pd-user_9326913
pd-user_9968044
pd-user_2149013
pd-user_8229004
pd-user_646872
pd-user_6955536
pd-user_5109745
pd-user_204059
pd-user_4899279
pd-user_8896964
pd-user_9869227
pd-user_7467778
pd-user_8583514
pd-user_5917866
pd-user_7568557
pd-user_497365
pd-user_6262039
pd-user_283437
pd-user_7998683
pd-user_2229666
pd-user_8341896
pd-user_2913583
pd-user_3668213
pd-user_2639614
pd-user_2443293
pd-user_5605606
pd-user_7460845
pd-user_4473814
pd-user_9715809
pd-user_793470
pd-user_8777253
pd-user_2707387
pd-user_5997282
pd-user_7355836
pd-user_3987068
pd-user_2617338
pd-user_3415364
pd-user_9733041
pd-user_4212606
pd-user_5134521
pd-user_8530872
pd-user_8372244
pd-user_9927919
pd-user_3620718
pd-user_2914324
pd-user_9657474
pd-user_5269145
pd-user_9225207
pd-user_9128442
pd-user_3679328
pd-user_9579141
pd-user_1791386
pd-user_2432526
pd-user_2902802
pd-user_6211992
pd-user_8367470
pd-user_9050351
pd-user_4830613
pd-user_3652222
pd-user_109374
pd-user_3253685
pd-user_1358143
pd-user_8075402
pd-user_8922653
pd-user_9991112
pd-user_5558731
pd-user_723342
pd-user_280373
pd-user_3477623
pd-user_3085197
pd-user_385104
pd-user_7488013
pd-user_5412136
pd-user_1010899
pd-user_405662
pd-user_9472268
pd-user_1103830
pd-user_1511936
pd-user_9838632
pd-user_4675947
pd-user_4507807
pd-user_783525
pd-user_7981850
pd-user_6863857
pd-user_5429169
pd-user_2486912
pd-user_7977692
pd-user_2923044
pd-user_3792428
pd-user_5026576
pd-user_8751705
pd-user_7117338
pd-user_6918421
pd-user_3922352
pd-user_2715049
pd-user_635126
pd-user_1616721
pd-user_5526403
pd-user_8218567
pd-user_3705698
pd-user_5836104
pd-user_616229
pd-user_9083046
pd-user_4607532
pd-user_1457164
pd-user_7940187
pd-user_1605424
pd-user_2624360
pd-user_2074703
pd-user_6592404
pd-user_6774268
pd-user_3092554
pd-user_3043914
pd-user_2394630
pd-user_1607059
pd-user_1825482
pd-user_1682359
pd-user_9544040
pd-user_4545395
pd-user_2451272
pd-user_9297934
pd-user_7896242
pd-user_3259282
pd-user_8490213
pd-user_3531022
pd-user_6544006
pd-user_6920875
pd-user_6711005
pd-user_4122456
pd-user_6578909
pd-user_251636
pd-user_8241518
pd-user_2177158
pd-user_3620737
pd-user_4712694
pd-user_9491212
pd-user_8960725
pd-user_3978796
pd-user_8709301
pd-user_1824160
pd-user_5258358
pd-user_6052914
pd-user_3161081
pd-user_9444543
pd-user_7471248
pd-user_9496512
pd-user_2896619
pd-user_7180526
pd-user_6589295
pd-user_4445592
pd-user_2657074
pd-user_1432874
pd-user_4272681
pd-user_2227305
pd-user_7680193
pd-user_136072
pd-user_3505274
pd-user_8980393
pd-user_8291515
pd-user_7870321
pd-user_6539850
pd-user_6746129
pd-user_691115
pd-user_4339198
pd-user_5570977
pd-user_7459940
pd-user_3128655
pd-user_7965540
pd-user_2148923
pd-user_9511365
pd-user_7083423
pd-user_4688066
pd-user_3914624
pd-user_7163798
pd-user_6391525
pd-user_9939921
pd-user_1119405
pd-user_1915937
pd-user_9948188
pd-user_4494683
pd-user_8219696
pd-user_551915
pd-user_6742570
pd-user_8645291
pd-user_2771630
pd-user_7602645
pd-user_8636222
pd-user_726825
pd-user_575510
pd-user_5219992
pd-user_7938148
pd-user_7519487
pd-user_1595347
pd-user_2564115
pd-user_3665976
pd-user_6430393
pd-user_8512720
pd-user_2404265
pd-user_8360371
pd-user_9476671
pd-user_6338830
pd-user_5886919
pd-user_4573932
pd-user_9855490
pd-user_7890033
pd-user_5658681
pd-user_4788115
pd-user_4559362
pd-user_5597982
pd-user_7764563
pd-user_4866360
pd-user_3527225
pd-user_4620910
pd-user_9322247
pd-user_621531
pd-user_7410688
pd-user_9406106
pd-user_2735938
pd-user_4388977
pd-user_5920262
pd-user_6885942
pd-user_3736505
pd-user_568245
pd-user_9489024
pd-user_5149520
pd-user_280867
pd-user_8394239
pd-user_5077206
pd-user_8249569
pd-user_8772465
pd-user_6800428
pd-user_288841
pd-user_355775
pd-user_816619
pd-user_8912955
pd-user_7501615
pd-user_5908356
pd-user_6689134
pd-user_4166640
pd-user_8560613
pd-user_363464
pd-user_2754615
pd-user_8045821
pd-user_6528068
pd-user_9736390
pd-user_8608812
pd-user_4522422
pd-user_7824460
pd-user_7976914
pd-user_8884507
pd-user_9380962
pd-user_2302238
pd-user_6623085
pd-user_1473110
pd-user_4607531
pd-user_6921790
pd-user_1319373
pd-user_1255047
pd-user_4166012
pd-user_801530
pd-user_2173018
pd-user_9788699
pd-user_1589269
pd-user_8769493
pd-user_5616352
pd-user_6043183
pd-user_4011256
pd-user_4307128
pd-user_7193170
pd-user_1248340
pd-user_3290598
pd-user_2192525
pd-user_8127528
pd-user_1961326
pd-user_6484062
pd-user_137113
pd-user_6620349
pd-user_7630881
pd-user_9851253
pd-user_6672943
pd-user_2321485
pd-user_5269674
pd-user_8550999
pd-user_7043064
pd-user_7147575
pd-user_4166187
pd-user_5945466
pd-user_6903763
pd-user_1436579
pd-user_8121134
pd-user_3589347
pd-user_5477590
pd-user_2181398
pd-user_3005136
pd-user_6645038
pd-user_6818188
pd-user_8687153
pd-user_8711649
pd-user_3874048
pd-user_1381579
pd-user_4464861
pd-user_1865157
pd-user_9083374
pd-user_6074105
pd-user_514506
pd-user_306281
pd-user_1091832
pd-user_7368012
pd-user_2457225
pd-user_6257869
pd-user_1794669
pd-user_3484509
pd-user_164545
pd-user_9332213
pd-user_433732
pd-user_7188107
pd-user_1166655
pd-user_9872008
pd-user_340404
pd-user_1410965
pd-user_165610
pd-user_1670312
pd-user_9887224
pd-user_3522761
pd-user_6157206
pd-user_8388083
pd-user_8160520
pd-user_2919266
pd-user_2085383
pd-user_1942234
pd-user_6535446
pd-user_5494507
pd-user_9341842
pd-user_3272520
pd-user_6341934
pd-user_1457545
pd-user_6487012
pd-user_7609898
pd-user_568196
pd-user_3471978
pd-user_7435599
pd-user_6837825
pd-user_6558750
pd-user_6193369
pd-user_2980433
pd-user_7351599
pd-user_5540175
pd-user_6427696
pd-user_8007782
pd-user_6798137
pd-user_9671801
pd-user_1264460
pd-user_4185091
pd-user_3573906
pd-user_8851396
pd-user_6394376
pd-user_9871550
pd-user_3368556
pd-user_7767121
pd-user_2940874
pd-user_5530358
pd-user_7446486
pd-user_5431581
pd-user_305430
pd-user_5004401
pd-user_2232121
pd-user_5835193
pd-user_970638
pd-user_999791
pd-user_3120420
pd-user_4987635
pd-user_987855
pd-user_7791374
pd-user_2412179
pd-user_1700051
pd-user_2356540
pd-user_8229527
pd-user_1015851
pd-user_2956781
pd-user_544326
pd-user_3141638
pd-user_8137400
pd-user_2132617
pd-user_1283561
pd-user_5386802
pd-user_4744910
pd-user_4982639
pd-user_6928717
pd-user_6395404
pd-user_1030800
pd-user_7079650
pd-user_9138154
pd-user_275320
pd-user_1439003
pd-user_9088471
pd-user_4776943
pd-user_6233639
pd-user_1995489
pd-user_1262032
pd-user_5886598
pd-user_8356881
pd-user_5681399
pd-user_6533844
pd-user_8863973
pd-user_9348969
pd-user_3868632
pd-user_6258926
pd-user_967294
pd-user_7354901
pd-user_9290937
pd-user_2912742
pd-user_5571044
pd-user_4615292
pd-user_3282915
pd-user_5996980
pd-user_628873
pd-user_5267163
pd-user_6763130
pd-user_6057952
pd-user_4292206
pd-user_6080153
pd-user_9592824
pd-user_7196686
pd-user_2827940
pd-user_6594971
pd-user_6988570
pd-user_7395838
pd-user_155169
pd-user_7004958
pd-user_7274078
pd-user_6152361
pd-user_6230957
pd-user_7240825
pd-user_6311127
pd-user_6022450
pd-user_2281093
pd-user_3619305
pd-user_1227028
pd-user_4434405
pd-user_6622708
pd-user_4344082
pd-user_4051487
pd-user_5348494
pd-user_7647192
pd-user_1823939
pd-user_3880888
pd-user_5898902
pd-user_6163229
pd-user_5247940
pd-user_5925346
pd-user_4910811
pd-user_2622676
pd-user_4722775
pd-user_9834827
pd-user_1366658
pd-user_282417
pd-user_5526025
pd-user_8805264
pd-user_6806197
pd-user_3175746
pd-user_1731720
pd-user_5812064
pd-user_2294064
pd-user_3952754
pd-user_2348518
pd-user_2577888
pd-user_8665672
pd-user_7156230
pd-user_537688
pd-user_8121676
pd-user_668789
pd-user_9979628
pd-user_3695159
pd-user_3088098
pd-user_898491
pd-user_8813710
pd-user_6740239
pd-user_7857708
pd-user_9761099
pd-user_8563063
pd-user_8740688
pd-user_3171717
pd-user_5002327
pd-user_8743661
pd-user_3122450
pd-user_7962785
pd-user_9270109
pd-user_4457388
pd-user_535845
pd-user_6536499
pd-user_1480441
pd-user_2970772
pd-user_8316660
pd-user_9687256
pd-user_4327607
pd-user_8022903
pd-user_7148197
pd-user_8139379
pd-user_9850929
pd-user_5449637
pd-user_8010307
pd-user_5268319
pd-user_1576536
pd-user_7007266
pd-user_9977499
pd-user_2823165
pd-user_2712095
pd-user_4355755
pd-user_2846111
pd-user_1166506
pd-user_7628384
pd-user_8890212
pd-user_4084826
pd-user_4114850
pd-user_9229991
pd-user_9161851
pd-user_7850352
pd-user_8897011
pd-user_2028451
pd-user_5418427
pd-user_7781487
pd-user_8315158
pd-user_5014554
pd-user_623438
pd-user_9096395
pd-user_8986377
pd-user_2653076
pd-user_7916017
pd-user_9616900
pd-user_7353002
pd-user_7613234
pd-user_7264129
pd-user_9726010
pd-user_9626434
pd-user_3953926
pd-user_9722158
pd-user_2731785
pd-user_19910
pd-user_5842149
pd-user_5935743
pd-user_7817069
pd-user_5890980
pd-user_1522388
pd-user_9290564
pd-user_9894467
pd-user_3384649
pd-user_792045
pd-user_6447674
pd-user_2863446
pd-user_5144466
pd-user_3689297
pd-user_3862883
pd-user_2735045
pd-user_523377
pd-user_8435259
pd-user_5825005
pd-user_752329
pd-user_5804801
pd-user_8865112
pd-user_2531984
pd-user_3100512
pd-user_864098
pd-user_1562552
pd-user_5275758
pd-user_7658426
pd-user_5343607
pd-user_3271370
pd-user_7275962
pd-user_8573474
pd-user_6376037
pd-user_9607069
pd-user_5047921
pd-user_8979944
pd-user_259813
pd-user_2488136
pd-user_223093
pd-user_1315949
pd-user_4906142
pd-user_4529362
pd-user_2417708
pd-user_2878123
pd-user_4006955
pd-user_5304789
pd-user_9633593
pd-user_4289241
pd-user_9717751
pd-user_9713911
pd-user_3437216
pd-user_4569604
pd-user_3678356
pd-user_5716260
pd-user_5618798
pd-user_9638674
pd-user_4532431
pd-user_5015382
pd-user_1686053
pd-user_4258789
pd-user_4114599
pd-user_4998523
pd-user_7836682
pd-user_9638251
pd-user_4534749
pd-user_8085404
pd-user_4101928
pd-user_7043501
pd-user_8659285
pd-user_8161181
pd-user_2324411
pd-user_5523974
pd-user_1505822
pd-user_8706186
pd-user_9171218
pd-user_4699009
pd-user_8125922
pd-user_7799940
pd-user_8860074
pd-user_3998263
pd-user_8826859
pd-user_8440843
pd-user_4800831
pd-user_833014
pd-user_3352212
pd-user_9382422
pd-user_6198383
pd-user_3897578
pd-user_2423984
pd-user_3339427
pd-user_6854223
pd-user_9425649
pd-user_310586
pd-user_8076158
pd-user_5292311
pd-user_807859
pd-user_8984718
pd-user_5576546
pd-user_8017875
pd-user_1577401
pd-user_7882643
pd-user_1631462
pd-user_7604767
pd-user_4484173
pd-user_4106081
pd-user_9060487
pd-user_9437503
pd-user_503254
pd-user_9973377
pd-user_4941164
pd-user_947180
pd-user_3787707
pd-user_3429889
pd-user_4703634
pd-user_5273798
pd-user_7890825
pd-user_3890018
pd-user_9444406
pd-user_3455461
pd-user_2536606
pd-user_8254802
pd-user_8577106
pd-user_4928632
pd-user_2839628
pd-user_7750392
pd-user_6085836
pd-user_1940016
pd-user_5110339
pd-user_549118
pd-user_9603238
pd-user_1299917
pd-user_8396174
pd-user_4759415
pd-user_9977158
pd-user_2056217
pd-user_3375995
pd-user_5247051
pd-user_9741453
pd-user_8533653
pd-user_1776357
pd-user_7509865
pd-user_4198554
pd-user_5883848
pd-user_1056475
pd-user_654504
pd-user_2779432
pd-user_6935658
pd-user_2585852
pd-user_6091390
pd-user_9288823
pd-user_1577723
pd-user_6779145
pd-user_6266074
pd-user_6131541
pd-user_717145
pd-user_7388635
pd-user_7524868
pd-user_9454231
pd-user_6702405
pd-user_7915813
pd-user_7553020
pd-user_1513157
pd-user_67810
pd-user_2835045
pd-user_6543704
pd-user_9818771
pd-user_9745833
pd-user_4959268
pd-user_2921546
pd-user_7665366
pd-user_9565624
pd-user_3699108
pd-user_4278683
pd-user_3932141
pd-user_2071923
pd-user_4211429
pd-user_3186917
pd-user_353907
pd-user_6591809
pd-user_7154153
pd-user_1570882
pd-user_8188433
pd-user_582115
pd-user_4867118
pd-user_8377099
pd-user_456207
pd-user_7053936
pd-user_2932561
pd-user_7335808
pd-user_6640344
pd-user_1535090
pd-user_3839064
pd-user_3647365
pd-user_8567788
pd-user_387363
pd-user_8465112
pd-user_2137170
pd-user_9889164
pd-user_9541574
pd-user_8845360
pd-user_6218787
pd-user_8054724
pd-user_5886736
pd-user_7726870
pd-user_2968023
pd-user_8812497
pd-user_3278276
pd-user_7024284
pd-user_7062987
pd-user_8253600
pd-user_2161294
pd-user_6595272
pd-user_6683908
pd-user_5251897
pd-user_8200335
pd-user_403371
pd-user_6300349
pd-user_3951318
pd-user_6067658
pd-user_868646
pd-user_6036708
pd-user_4803923
pd-user_1710945
pd-user_2720589
pd-user_5576165
pd-user_3604284
pd-user_5839783
pd-user_9468572
pd-user_3340303
pd-user_3444107
pd-user_7865246
pd-user_6679887
pd-user_9450336
pd-user_3416620
pd-user_7404931
pd-user_5823304
pd-user_6102043
pd-user_9418270
pd-user_7699057
pd-user_7352960
pd-user_8381727
pd-user_102349
pd-user_8663959
pd-user_1651357
pd-user_9921150
pd-user_2725924
pd-user_6147133
pd-user_598386
pd-user_6403060
pd-user_4066931
pd-user_2503366
pd-user_3823454
pd-user_9339572
pd-user_4116179
pd-user_3750052
pd-user_7678652
pd-user_9812844
pd-user_9102779
pd-user_2199674
pd-user_9033013
pd-user_3599517
pd-user_6973822
pd-user_9481801
pd-user_7316930
pd-user_9351259
pd-user_6379487
pd-user_4234708
pd-user_3639309
pd-user_1012749
pd-user_9423563
pd-user_299035
pd-user_6212530
pd-user_1509102
pd-user_646616
pd-user_2379321
pd-user_4408039
pd-user_9063241
pd-user_7365077
pd-user_7849360
pd-user_7554630
pd-user_6793022
pd-user_1093430
pd-user_3374416
pd-user_4101549
pd-user_3552391
pd-user_7382874
pd-user_1318280
pd-user_3513575
pd-user_954993
pd-user_5434466
pd-user_1753005
pd-user_9294368
pd-user_8911324
pd-user_9475106
pd-user_388161
pd-user_6840724
pd-user_3434977
pd-user_5911912
pd-user_5465980
pd-user_9027886
pd-user_9549701
pd-user_7163824
pd-user_944613
pd-user_7688665
pd-user_3728349
pd-user_2029204
pd-user_6059305
pd-user_528031
pd-user_3098308
pd-user_2751814
pd-user_9036268
pd-user_5833110
pd-user_7950008
pd-user_9325251
pd-user_4541077
pd-user_8857079
pd-user_9742747
pd-user_7005798
pd-user_8950083
pd-user_786026
pd-user_6532531
pd-user_5423909
pd-user_9425712
pd-user_6309921
pd-user_743822
pd-user_125120
pd-user_5915901
pd-user_4939169
pd-user_9188970
pd-user_2600264
pd-user_3435177
pd-user_9937891
pd-user_167126
pd-user_8730401
pd-user_6963925
pd-user_3553724
pd-user_1783445
pd-user_574026
pd-user_1523011
pd-user_4383014
pd-user_5317004
pd-user_5785188
pd-user_1097986
pd-user_6773623
pd-user_7094588
pd-user_6520202
pd-user_3500673
pd-user_5382478
pd-user_7044549
pd-user_8307235
pd-user_442863
pd-user_9499538
pd-user_9208948
pd-user_914847
pd-user_4427248
pd-user_983082
pd-user_5258710
pd-user_5385945
pd-user_5465331
pd-user_2902534
pd-user_7834238
pd-user_6261303
pd-user_5584035
pd-user_2233169
pd-user_7707876
pd-user_5158200
pd-user_6324299
pd-user_9875667
pd-user_4489395
pd-user_6608628
pd-user_1940940
pd-user_9488879
pd-user_8233633
pd-user_34391
pd-user_9958693
pd-user_1306526
pd-user_4065191
pd-user_3505635
pd-user_9395770
pd-user_7310468
pd-user_1000657
pd-user_6789565
pd-user_9644479
pd-user_9287044
pd-user_1721952
pd-user_9834349
pd-user_1397763
pd-user_1396416
pd-user_600015
pd-user_17813
pd-user_5917322
pd-user_4093317
pd-user_4434633
pd-user_7235725
pd-user_4942312
pd-user_2783739
pd-user_6319051
pd-user_4859938
pd-user_9286838
pd-user_1294106
pd-user_5094919
pd-user_3178635
pd-user_7768477
pd-user_3276108
pd-user_5952318
pd-user_2828867
pd-user_5988095
pd-user_4157444
pd-user_3284180
pd-user_5064951
pd-user_5573585
pd-user_7532136
pd-user_7214522
pd-user_4210110
pd-user_215592
pd-user_4553018
pd-user_215750
pd-user_3748893
pd-user_1701466
pd-user_7052900
pd-user_7772924
pd-user_4007110
pd-user_5862310
pd-user_9408301
pd-user_3251114
pd-user_351612
pd-user_3795402
pd-user_9988665
pd-user_4943776
pd-user_3723593
pd-user_7272593
pd-user_8348589
pd-user_4754433
pd-user_9804293
pd-user_1990395
pd-user_1400588
pd-user_5651605
pd-user_9358614
pd-user_83594
pd-user_2747587
pd-user_3459019
pd-user_2599330
pd-user_5021262
pd-user_824936
pd-user_5129831
pd-user_2109544
pd-user_3170615
pd-user_9053800
pd-user_4967520
pd-user_6258918
pd-user_1080434
pd-user_3760852
pd-user_2829135
pd-user_4157065
pd-user_1303041
pd-user_9449193
pd-user_2602334
pd-user_1389583
pd-user_6255459
pd-user_4229129
pd-user_9183270
pd-user_2703041
pd-user_2436596
pd-user_6131260
pd-user_8433702
pd-user_6934538
pd-user_3838493
pd-user_81063
pd-user_4724193
pd-user_7918665
pd-user_801926
pd-user_4427367
pd-user_6410511
pd-user_3215581
pd-user_6556240
pd-user_9570892
pd-user_5935764
pd-user_3405092
pd-user_7490630
pd-user_2835454
pd-user_9577031
pd-user_6604737
pd-user_2615340
pd-user_5335252
pd-user_9896375
pd-user_6784619
pd-user_9909135
pd-user_6227765
pd-user_9479484
pd-user_6487465
pd-user_4045014
pd-user_13858
pd-user_4803722
pd-user_7771405
pd-user_8558376
pd-user_3052439
pd-user_3353585
pd-user_1337737
pd-user_5609654
pd-user_1410365
pd-user_215372
pd-user_9364147
pd-user_3261410
pd-user_6202342
pd-user_1463186
pd-user_115143
pd-user_5916687
pd-user_378935
pd-user_9131295
pd-user_7657254
pd-user_1678483
pd-user_7760871
pd-user_1338460
pd-user_2720444
pd-user_5481170
pd-user_1288359
pd-user_5511142
pd-user_6596242
pd-user_453512
pd-user_9838562
pd-user_5481124
pd-user_6530443
pd-user_3141078
pd-user_2289051
pd-user_3007712
pd-user_6039824
pd-user_8789035
pd-user_917552
pd-user_4474549
pd-user_6040705
pd-user_8520330
pd-user_4094606
pd-user_1715636
pd-user_2545863
pd-user_341508
pd-user_1359493
pd-user_6230879
pd-user_7099887
pd-user_8257483
pd-user_4616564
pd-user_693704
pd-user_7417729
pd-user_6777746
pd-user_4769828
pd-user_1210239
pd-user_6128859
pd-user_3789652
pd-user_8602628
pd-user_9746392
pd-user_7518427
pd-user_9976370
pd-user_1336680
pd-user_3250011
pd-user_220666
pd-user_5755793
pd-user_800464
pd-user_2776124
pd-user_9098235
pd-user_7419133
pd-user_5435969
pd-user_4280473
pd-user_4086631
pd-user_1702465
pd-user_5304839
pd-user_4566340
pd-user_6555254
pd-user_2893105
pd-user_7135548
pd-user_5081300
pd-user_1862726
pd-user_5363912
pd-user_4253862
pd-user_7999180
pd-user_3843921
pd-user_6325770
pd-user_5506544
pd-user_9221314
pd-user_8159640
pd-user_5409344
pd-user_7113280
pd-user_87906
pd-user_8696701
pd-user_1047885
pd-user_2543446
pd-user_448459
pd-user_4703207
pd-user_2925649
pd-user_5930232
pd-user_2280075
pd-user_7086442
pd-user_7365937
pd-user_2145758
pd-user_5753285
pd-user_8187600
pd-user_1605215
pd-user_5684739
pd-user_6542352
pd-user_1276326
pd-user_2972399
pd-user_5222365
pd-user_8451322
pd-user_2710533
pd-user_962773
pd-user_963261
pd-user_1971791
pd-user_6652466
pd-user_2788281
pd-user_8978582
pd-user_6632881
pd-user_6947463
pd-user_6125305
pd-user_3082773
pd-user_7534730
pd-user_1486114
pd-user_1981278
pd-user_9072176
pd-user_3404047
pd-user_6246661
pd-user_7195717
pd-user_236065
pd-user_4230508
pd-user_7688854
pd-user_4852293
pd-user_4410887
pd-user_5422162
pd-user_7782677
pd-user_1063991
pd-user_3140394
pd-user_2562111
pd-user_2866882
pd-user_2030735
pd-user_5964933
pd-user_4023723
pd-user_9329205
pd-user_849142
pd-user_2219013
pd-user_3927409
pd-user_7670976
pd-user_6585749
pd-user_9534404
pd-user_45557
pd-user_5841242
pd-user_2062928
pd-user_6457804
pd-user_3742777
pd-user_4418956
pd-user_2192954
pd-user_1271859
pd-user_6317432
pd-user_69581
pd-user_1717197
pd-user_478870
pd-user_6243121
pd-user_3419371
pd-user_5344353
pd-user_7678771
pd-user_4194695
pd-user_4715322
pd-user_7365944
pd-user_5370680
pd-user_8996470
pd-user_6902465
pd-user_162776
pd-user_4986542
pd-user_3113536
pd-user_9926090
pd-user_1184852
pd-user_9749155
pd-user_7012882
pd-user_9995064
pd-user_9139210
pd-user_848808
pd-user_5131542
pd-user_7500966
pd-user_9526010
pd-user_1384649
pd-user_1194154
pd-user_3040880
pd-user_899927
pd-user_7427604
pd-user_6497228
pd-user_911456
pd-user_5903875
pd-user_4847233
pd-user_5633872
pd-user_4394053
pd-user_1998180
pd-user_9659730
pd-user_9523420
pd-user_216866
pd-user_378650
pd-user_6444024
pd-user_2923324
pd-user_1002046
pd-user_4993355
pd-user_6924
pd-user_5002897
pd-user_8668187
pd-user_6971579
pd-user_5556323
pd-user_4786201
pd-user_5623547
pd-user_9756032
pd-user_3812868
pd-user_8284752
pd-user_2930994
pd-user_6386153
pd-user_6269356
pd-user_2479158
pd-user_6849220
pd-user_2597176
pd-user_7996369
pd-user_8411076
pd-user_9085229
pd-user_171088
pd-user_4252454
pd-user_9594935
pd-user_6067524
pd-user_5811279
pd-user_714794
pd-user_1531797
pd-user_5453922
pd-user_7886971
pd-user_8129741
pd-user_2036439
pd-user_9127363
pd-user_2132657
pd-user_2664992
pd-user_320184
pd-user_8336854
pd-user_82843
pd-user_632698
pd-user_9376668
pd-user_8173645
pd-user_1997953
pd-user_4422479
pd-user_4445842
pd-user_7518159
pd-user_3546201
pd-user_2149582
pd-user_3138327
pd-user_7885438
pd-user_6302593
pd-user_8173946
pd-user_9320372
pd-user_2982822
pd-user_2127066
pd-user_400289
pd-user_4004328
pd-user_9701637
pd-user_603795
pd-user_9197853
pd-user_2694289
pd-user_4577179
pd-user_339606
pd-user_3189302
pd-user_3177315
pd-user_3136672
pd-user_1912926
pd-user_8272580
pd-user_2846343
pd-user_6116895
pd-user_4956124
pd-user_1056347
pd-user_9580900
pd-user_5924802
pd-user_1009592
pd-user_1520630
pd-user_9188542
pd-user_4706159
pd-user_3285096
pd-user_2307664
pd-user_8177225
pd-user_8905518
pd-user_4463658
pd-user_3336665
pd-user_2307381
pd-user_2850171
pd-user_2842565
pd-user_3905569
pd-user_2132145
pd-user_3354221
pd-user_6298525
pd-user_695493
pd-user_78213
pd-user_9627872
pd-user_9740053
pd-user_4435527
pd-user_8715011
pd-user_7939696
pd-user_7638498
pd-user_2989694
pd-user_5579536
pd-user_3202954
pd-user_1573796
pd-user_225278
pd-user_4565409
pd-user_3512213
pd-user_765474
pd-user_1128313
pd-user_3836345
pd-user_9796135
pd-user_873561
pd-user_9088331
pd-user_6537482
pd-user_9059987
pd-user_1808321
pd-user_8064896
pd-user_7612200
pd-user_459087
pd-user_151443
pd-user_1245112
pd-user_7369082
pd-user_8766456
pd-user_4416021
pd-user_6934154
pd-user_2152207
pd-user_4974668
pd-user_5624808
pd-user_1284767
pd-user_7970079
pd-user_266691
pd-user_4093782
pd-user_5386234
pd-user_6713105
pd-user_6185585
pd-user_2425469
pd-user_1222036
pd-user_3264752
pd-user_2525712
pd-user_3913019
pd-user_2538021
pd-user_7478447
pd-user_5762084
pd-user_3149274
pd-user_7436965
pd-user_965665
pd-user_1576937
pd-user_3586427
pd-user_2968673
pd-user_9367255
pd-user_6296663
pd-user_3258759
pd-user_4848654
pd-user_207524
pd-user_8200559
pd-user_6087996
pd-user_4532517
pd-user_2113728
pd-user_1822209
pd-user_3894232
pd-user_5317620
pd-user_431554
pd-user_2681228
pd-user_2394949
pd-user_715504
pd-user_5084345
pd-user_2346166
pd-user_9979323
pd-user_806160
pd-user_8558435
pd-user_7595348
pd-user_6307506
pd-user_3158944
pd-user_1761352
pd-user_7321026
pd-user_6950566
pd-user_3823641
pd-user_929053
pd-user_1829660
pd-user_5401227
pd-user_4742216
pd-user_9686281
pd-user_8563561
pd-user_5129123
pd-user_1354529
pd-user_6010853
pd-user_8298729
pd-user_7676399
pd-user_5802353
pd-user_5782200
pd-user_3777794
pd-user_176300
pd-user_9288098
pd-user_5959830
pd-user_3565095
pd-user_6224437
pd-user_8858791
pd-user_9267644
pd-user_2123525
pd-user_6934863
pd-user_8307927
pd-user_8947924
pd-user_709524
pd-user_7640617
pd-user_2012207
pd-user_5617045
pd-user_4393212
pd-user_1960651
pd-user_523334
pd-user_7781941
pd-user_5221030
pd-user_4598650
pd-user_6445725
pd-user_6786562
pd-user_3777272
pd-user_2831811
pd-user_8475188
pd-user_8559445
pd-user_7952026
pd-user_6857101
pd-user_758455
pd-user_4681003
pd-user_2386741
pd-user_9421819
pd-user_1338529
pd-user_3960432
pd-user_2017801
pd-user_7715144
pd-user_6759550
pd-user_6141069
pd-user_2787699
pd-user_7680214
pd-user_6163167
pd-user_6467302
pd-user_962707
pd-user_3599042
pd-user_7973523
pd-user_2260905
pd-user_166282
pd-user_2848484
pd-user_9220012
pd-user_2648924
pd-user_7043436
pd-user_8292016
pd-user_5632157
pd-user_406780
pd-user_1398393
pd-user_2633498
pd-user_5391302
pd-user_6600198
pd-user_8301044
pd-user_7342739
pd-user_4042674
pd-user_9108681
pd-user_7093192
pd-user_2245189
pd-user_2168828
pd-user_7219197
pd-user_3952693
pd-user_271868
pd-user_9782219
pd-user_1569139
pd-user_7049693
pd-user_8704414
pd-user_8992729
pd-user_1094261
pd-user_2733903
pd-user_9612997
pd-user_8450776
pd-user_7919949
pd-user_5409638
pd-user_9190747
pd-user_1222759
pd-user_4104590
pd-user_6053287
pd-user_2874181
pd-user_1151725
pd-user_1541988
pd-user_1892029
pd-user_4467499
pd-user_6775655
pd-user_5191280
pd-user_8446570
pd-user_1604895
pd-user_3674523
pd-user_9930939
pd-user_6212874
pd-user_8488548
pd-user_3758019
pd-user_6096874
pd-user_6917320
pd-user_1818760
pd-user_378016
pd-user_9813675
pd-user_1413553
pd-user_8309184
pd-user_240867
pd-user_4157791
pd-user_6617214
pd-user_9759835
pd-user_5859334
pd-user_193206
pd-user_4623145
pd-user_373692
pd-user_3555708
pd-user_7581094
pd-user_3089575
pd-user_852782
pd-user_4800491
pd-user_4395311
pd-user_3426392
pd-user_9392661
pd-user_2776505
pd-user_4057502
pd-user_2957158
pd-user_1800757
pd-user_4535647
pd-user_9743137
pd-user_4667148
pd-user_7017610
pd-user_4058252
pd-user_7613896
pd-user_119353
pd-user_5066515
pd-user_4666898
pd-user_9785326
pd-user_9879836
pd-user_8062193
pd-user_9968496
pd-user_1379513
pd-user_6740213
pd-user_5135577
pd-user_2790908
pd-user_1889426
pd-user_7728805
pd-user_9746453
pd-user_4967786
pd-user_877091
pd-user_1094389
pd-user_5783183
pd-user_4441897
pd-user_3242250
pd-user_7788777
pd-user_3833569
pd-user_4294104
pd-user_1510673
pd-user_2485421
pd-user_5429798
pd-user_6593797
pd-user_6649495
pd-user_165651
pd-user_5440674
pd-user_811414
pd-user_5906896
pd-user_4699515
pd-user_8416026
pd-user_3953832
pd-user_3942735
pd-user_8969679
pd-user_9531552
pd-user_5544754
pd-user_436688
pd-user_4174131
pd-user_9133130
pd-user_6172594
pd-user_7594494
pd-user_6515866
pd-user_6311386
pd-user_6552364
pd-user_2848873
pd-user_2752177
pd-user_2423107
pd-user_8214354
pd-user_4336787
pd-user_9117195
pd-user_7567909
pd-user_873513
pd-user_3783335
pd-user_7971590
pd-user_1479905
pd-user_7136706
pd-user_5092500
pd-user_5129133
pd-user_7734734
pd-user_6611956
pd-user_1144779
pd-user_3948651
pd-user_8472345
pd-user_5722633
pd-user_379163
pd-user_5523551
pd-user_8599064
pd-user_8411656
pd-user_2244499
pd-user_6964328
pd-user_2706408
pd-user_7256991
pd-user_8126179
pd-user_2837839
pd-user_3153647
pd-user_6806976
pd-user_4662090
pd-user_6253137
pd-user_7216469
pd-user_983135
pd-user_584338
pd-user_3262758
pd-user_724745
pd-user_6118313
pd-user_2759999
pd-user_7974533
pd-user_7900095
pd-user_9967448
pd-user_3745070
pd-user_9293381
pd-user_6908571
pd-user_4063350
pd-user_7067612
pd-user_4152774
pd-user_1667525
pd-user_5482622
pd-user_905793
pd-user_6054167
pd-user_5430404
pd-user_9447281
pd-user_6667499
pd-user_4580646
pd-user_7136456
pd-user_6588703
pd-user_8949253
pd-user_2581143
pd-user_76966
pd-user_6335279
pd-user_7078375
pd-user_223528
pd-user_6186014
pd-user_4167381
pd-user_3207380
pd-user_2037506
pd-user_7514243
pd-user_550294
pd-user_4018420
pd-user_4116553
pd-user_6681348
pd-user_553065
pd-user_7598601
pd-user_184422
pd-user_2733421
pd-user_418591
pd-user_9077951
pd-user_7434300
pd-user_6432121
pd-user_5397564
pd-user_8568962
pd-user_7782981
pd-user_8421628
pd-user_3555167
pd-user_3741655
pd-user_2310033
pd-user_3541660
pd-user_5150346
pd-user_3259085
pd-user_8462011
pd-user_4839701
pd-user_7904553
pd-user_2070569
pd-user_8576411
pd-user_9768176
pd-user_9656916
pd-user_1570976
pd-user_1370116
pd-user_8360991
pd-user_2951949
pd-user_7479505
pd-user_8414242
pd-user_1423598
pd-user_9981045
pd-user_9782596
pd-user_1149684
pd-user_8052176
pd-user_2336684
pd-user_987121
pd-user_6054145
pd-user_7959400
pd-user_7172847
pd-user_6150111
pd-user_8273789
pd-user_5150709
pd-user_2506891
pd-user_4816943
pd-user_2213608
pd-user_5465968
pd-user_7829184
pd-user_6664552
pd-user_8362211
pd-user_8773023
pd-user_9605819
pd-user_6981022
pd-user_9161561
pd-user_7466758
pd-user_3715822
pd-user_6619171
pd-user_8028603
pd-user_4249860
pd-user_739168
pd-user_6605138
pd-user_6010590
pd-user_5839354
pd-user_9046650
pd-user_4837747
pd-user_2529998
pd-user_913972
pd-user_6622124
pd-user_851567
pd-user_4020056
pd-user_4909609
pd-user_5931856
pd-user_9910608
pd-user_805875
pd-user_9361368
pd-user_5708511
pd-user_9031343
pd-user_8338373
pd-user_8896696
pd-user_4783725
pd-user_6109376
pd-user_7951926
pd-user_5987194
pd-user_321041
pd-user_5583464
pd-user_742668
pd-user_2893268
pd-user_4284652
pd-user_1006505
pd-user_3000637
pd-user_5199218
pd-user_6592012
pd-user_5731258
pd-user_8994629
pd-user_3178573
pd-user_6500212
pd-user_1573285
pd-user_6111732
pd-user_9506862
pd-user_2032431
pd-user_1073300
pd-user_6337153
pd-user_4827186
pd-user_4703286
pd-user_2114762
pd-user_9351674
pd-user_3414705
pd-user_1647494
pd-user_2575256
pd-user_2857204
pd-user_2282800
pd-user_5561027
pd-user_4697803
pd-user_7476961
pd-user_9517617
pd-user_3487266
pd-user_2739223
pd-user_4378910
pd-user_5215221
pd-user_9978561
pd-user_6676476
pd-user_3757781
pd-user_5716751
pd-user_1756311
pd-user_2922308
pd-user_4376641
pd-user_8729402
pd-user_5445870
pd-user_3285102
pd-user_8496105
pd-user_5498843
pd-user_5230847
pd-user_2588373
pd-user_3861656
pd-user_6231305
pd-user_1965001
pd-user_1598731
pd-user_5677149
pd-user_4942901
pd-user_7457104
pd-user_4946055
pd-user_6826104
pd-user_2651710
pd-user_9843341
pd-user_3265397
pd-user_7505448
pd-user_7656064
pd-user_3366189
pd-user_3121452
pd-user_971348
pd-user_4352439
pd-user_2232182
pd-user_4931370
pd-user_7211285
pd-user_7790832
pd-user_9749388
pd-user_1785543
pd-user_95720
pd-user_7924350
pd-user_9738287
pd-user_3490150
pd-user_1080977
pd-user_9410856
pd-user_5228535
pd-user_195977
pd-user_1248863
pd-user_227708
pd-user_6366170
pd-user_5413149
pd-user_7131125
pd-user_4782350
pd-user_5000902
pd-user_3226727
pd-user_4007954
pd-user_4303912
pd-user_5590758
pd-user_6729908
pd-user_7988104
pd-user_3446399
pd-user_948834
pd-user_8476521
pd-user_1915501
pd-user_6665912
pd-user_428258
pd-user_5439581
pd-user_8745252
pd-user_5634718
pd-user_7792349
pd-user_7411422
pd-user_2980373
pd-user_8433511
pd-user_2580924
pd-user_1001656
pd-user_7574754
pd-user_6000052
pd-user_4264671
pd-user_5554408
pd-user_3454140
pd-user_4137885
pd-user_8316576
pd-user_6573354
pd-user_2187594
pd-user_9677944
pd-user_1242726
pd-user_692339
pd-user_2533388
pd-user_3271866
pd-user_6841673
pd-user_7947848
pd-user_1096114
pd-user_3843514
pd-user_9592894
pd-user_4634495
pd-user_5979398
pd-user_4871060
pd-user_3578464
pd-user_3666455
pd-user_2687067
pd-user_28295
pd-user_5426739
pd-user_5265389
pd-user_3830803
pd-user_820195
pd-user_1598329
pd-user_2741022
pd-user_6890143
pd-user_8969004
pd-user_7344546
pd-user_5094482
pd-user_6934182
pd-user_554282
pd-user_8156490
pd-user_8176608
pd-user_9592542
pd-user_8828289
pd-user_4833942
pd-user_6879838
pd-user_9624771
pd-user_3865935
pd-user_2070050
pd-user_5336767
pd-user_1514437
pd-user_3815797
pd-user_4324040
pd-user_2200310
pd-user_948055
pd-user_5467958
pd-user_7233746
pd-user_7839151
pd-user_2768828
pd-user_7451563
pd-user_6425527
pd-user_8068276
pd-user_5880355
pd-user_6807124
pd-user_3074672
pd-user_4193350
pd-user_5075152
pd-user_8329488
pd-user_7117774
pd-user_2657310
pd-user_950338
pd-user_2601452
pd-user_9662408
pd-user_3039278
pd-user_2784195
pd-user_7722944
pd-user_3695497
pd-user_6431298
pd-user_715687
pd-user_6829670
pd-user_3680637
pd-user_1803773
pd-user_9580513
pd-user_1765204
pd-user_4261353
pd-user_610808
pd-user_3321276
pd-user_1747841
pd-user_4720062
pd-user_6335153
pd-user_4158419
pd-user_7417719
pd-user_7578886
pd-user_9671925
pd-user_3804575
pd-user_7344400
pd-user_3732215
pd-user_1658974
pd-user_1890938
pd-user_6058027
pd-user_1483024
pd-user_3753026
pd-user_3204940
pd-user_1141996
pd-user_5490929
pd-user_7930427
pd-user_4116094
pd-user_1535329
pd-user_1442286
pd-user_9153044
pd-user_3123731
pd-user_2311530
pd-user_8536244
pd-user_6074225
pd-user_2765422
pd-user_8059003
pd-user_8064844
pd-user_1793952
pd-user_3540351
pd-user_2569345
pd-user_1581157
pd-user_3716686
pd-user_4594996
pd-user_2844814
pd-user_6670293
pd-user_49945
pd-user_7791866
pd-user_6805377
pd-user_3199771
pd-user_7543829
pd-user_1292464
pd-user_5849083
pd-user_156114
pd-user_3108214
pd-user_3420977
pd-user_34947
pd-user_9982091
pd-user_6214374
pd-user_7178823
pd-user_4147879
pd-user_4186515
pd-user_8704109
pd-user_6429566
pd-user_2215466
pd-user_594654
pd-user_8766536
pd-user_6172875
pd-user_2621819
pd-user_1250165
pd-user_1355414
pd-user_6798392
pd-user_9993430
pd-user_8357497
pd-user_8580799
pd-user_3692167
pd-user_58429
pd-user_2434446
pd-user_8632640
pd-user_4083978
pd-user_1387034
pd-user_1717732
pd-user_5244302
pd-user_5238155
pd-user_2748293
pd-user_3969259
pd-user_5089072
pd-user_1579384
pd-user_4159854
pd-user_4284257
pd-user_8783411
pd-user_1930835
pd-user_8972334
pd-user_6094927
pd-user_1221374
pd-user_4903749
pd-user_4159853
pd-user_4412438
pd-user_2964274
pd-user_5721414
pd-user_7960024
pd-user_7676818
pd-user_7367424
pd-user_2503027
pd-user_5355593
pd-user_5543219
pd-user_3529101
pd-user_9855721
pd-user_9836076
pd-user_6260103
pd-user_507732
pd-user_7280652
pd-user_2937492
pd-user_6128844
pd-user_2076690
pd-user_1911769
pd-user_1570844
pd-user_6728090
pd-user_131051
pd-user_6577642
pd-user_4181057
pd-user_8416096
pd-user_1486550
pd-user_6907253
pd-user_458278
pd-user_546872
pd-user_7009347
pd-user_5742554
pd-user_6216241
pd-user_4154825
pd-user_9547303
pd-user_8221013
pd-user_1446178
pd-user_2366416
pd-user_2429631
pd-user_8329670
pd-user_7062440
pd-user_3364818
pd-user_9207330
pd-user_8257315
pd-user_4079653
pd-user_6119838
pd-user_3262552
pd-user_906814
pd-user_9411543
pd-user_9810757
pd-user_5062035
pd-user_6030277
pd-user_5335386
pd-user_3193896
pd-user_7772024
pd-user_9856724
pd-user_6149465
pd-user_3012256
pd-user_4006005
pd-user_9968392
pd-user_1030519
pd-user_1414178
pd-user_681646
pd-user_1513013
pd-user_4204638
pd-user_731578
pd-user_9089648
pd-user_4861159
pd-user_9242768
pd-user_6602345
pd-user_7882628
pd-user_5932768
pd-user_9791418
pd-user_7714675
pd-user_7442652
pd-user_7554146
pd-user_6371077
pd-user_9579129
pd-user_4227031
pd-user_5284434
pd-user_4347770
pd-user_1378947
pd-user_3155680
pd-user_6085592
pd-user_4534221
pd-user_530935
pd-user_6223998
pd-user_3391527
pd-user_5814315
pd-user_9554144
pd-user_1687149
pd-user_274101
pd-user_965318
pd-user_6370819
pd-user_924029
pd-user_9514486
pd-user_8438615
pd-user_4882919
pd-user_2160965
pd-user_7840603
pd-user_4594938
pd-user_2724194
pd-user_3591739
pd-user_4727415
pd-user_9820605
pd-user_4735358
pd-user_1004462
pd-user_2404595
pd-user_6926626
pd-user_2723150
pd-user_523117
pd-user_4923324
pd-user_8187055
pd-user_7704221
pd-user_3081634
pd-user_7597427
pd-user_9673139
pd-user_7012399
pd-user_9258635
pd-user_3643836
pd-user_9812985
pd-user_2711296
pd-user_8466784
pd-user_433575
pd-user_4970398
pd-user_4315528
pd-user_4098169
pd-user_5212406
pd-user_4538773
pd-user_8082447
pd-user_7558786
pd-user_2926889
pd-user_6595091
pd-user_6408305
pd-user_2116982
pd-user_5472660
pd-user_9106013
pd-user_6714607
pd-user_6251961
pd-user_2654585
pd-user_8438034
pd-user_2367031
pd-user_4495652
pd-user_5330341
pd-user_9528837
pd-user_4536950
pd-user_4933181
pd-user_6057746
pd-user_7082491
pd-user_3263033
pd-user_8899149
pd-user_1663464
pd-user_8920055
pd-user_610274
pd-user_4638229
pd-user_2933039
pd-user_1556509
pd-user_3733512
pd-user_2121282
pd-user_6817797
pd-user_1435527
pd-user_2743813
pd-user_6350958
pd-user_8554777
pd-user_9058223
pd-user_7992215
pd-user_452425
pd-user_1753432
pd-user_1858757
pd-user_6792450
pd-user_4348110
pd-user_7924285
pd-user_9480521
pd-user_3622916
pd-user_1453650
pd-user_8587331
pd-user_7695941
pd-user_3980268
pd-user_7334265
pd-user_1308207
pd-user_9680284
pd-user_779560
pd-user_1719991
pd-user_3437196
pd-user_8741469
pd-user_6650258
pd-user_4210570
pd-user_5925243
pd-user_3652254
pd-user_7149176
pd-user_8136629
pd-user_3487995
pd-user_6500704
pd-user_2606662
pd-user_7294805
pd-user_3344985
pd-user_8588703
pd-user_7227967
pd-user_7282273
pd-user_6827432
pd-user_6293341
pd-user_8207667
pd-user_9552216
pd-user_1286389
pd-user_9973704
pd-user_6808194
pd-user_9588638
pd-user_1373399
pd-user_3623760
pd-user_5949443
pd-user_7353326
pd-user_1838525
pd-user_3743675
pd-user_8936001
pd-user_2219840
pd-user_400854
pd-user_2227298
pd-user_2968131
pd-user_5972843
pd-user_5129364
pd-user_3369352
pd-user_2069868
pd-user_7683270
pd-user_1984399
pd-user_321726
pd-user_2203990
pd-user_6727434
pd-user_4532723
pd-user_7770298
pd-user_7790529
pd-user_5230782
pd-user_2740130
pd-user_3758870
pd-user_3010007
pd-user_3099884
pd-user_2606352
pd-user_4011281
pd-user_8656822
pd-user_833208
pd-user_3949855
pd-user_2865319
pd-user_4356740
pd-user_7970289
pd-user_9142728
pd-user_3830793
pd-user_4595903
pd-user_651090
pd-user_9236211
pd-user_4340230
pd-user_4044214
pd-user_6587984
pd-user_2448597
pd-user_2373500
pd-user_363162
pd-user_4428568
pd-user_8602171
pd-user_6998567
pd-user_8827194
pd-user_6836148
pd-user_2589924
pd-user_7485322
pd-user_3495591
pd-user_2444726
pd-user_1821862
pd-user_7078994
pd-user_1477719
pd-user_3426893
pd-user_6199527
pd-user_8192911
pd-user_2530357
pd-user_6656212
pd-user_3448481
pd-user_6559558
pd-user_2780613
pd-user_7985728
pd-user_5765055
pd-user_5638706
pd-user_8362993
pd-user_9593703
pd-user_1929754
pd-user_375093
pd-user_7352139
pd-user_6233783
pd-user_3631880
pd-user_3612351
pd-user_1158985
pd-user_2428207
pd-user_5555977
pd-user_4242861
pd-user_8939432
pd-user_4156848
pd-user_8610042
pd-user_397263
pd-user_8145276
pd-user_5328003
pd-user_3135173
pd-user_9340488
pd-user_9425502
pd-user_2837384
pd-user_7868670
pd-user_4575767
pd-user_2441080
pd-user_5780574
pd-user_6558381
pd-user_4257030
pd-user_4151959
pd-user_6032084
pd-user_4927789
pd-user_7527590
pd-user_4657494
pd-user_6351514
pd-user_9407452
pd-user_6941013
pd-user_8448687
pd-user_4977903
pd-user_9314017
pd-user_2969898
pd-user_6019572
pd-user_7235774
pd-user_5027372
pd-user_1120292
pd-user_3339724
pd-user_1538862
pd-user_2115897
pd-user_9794008
pd-user_7161138
pd-user_8261608
pd-user_5177349
pd-user_1052151
pd-user_511707
pd-user_4466913
pd-user_9374828
pd-user_8005453
pd-user_8718201
pd-user_8085915
pd-user_3280911
pd-user_6907730
pd-user_9866352
pd-user_8280944
pd-user_6266569
pd-user_5209832
pd-user_3276389
pd-user_2154255
pd-user_146542
pd-user_4206752
pd-user_302877
pd-user_8585091
pd-user_8672773
pd-user_9494134
pd-user_2992623
pd-user_7760889
pd-user_6451018
pd-user_7300658
pd-user_737112
pd-user_1694805
pd-user_3030609
pd-user_3037174
pd-user_522053
pd-user_4814337
pd-user_8213652
pd-user_2530265
pd-user_6113560
pd-user_5072281
pd-user_1471989
pd-user_2349783
pd-user_7608851
pd-user_2605350
pd-user_814425
pd-user_1251217
pd-user_9919862
pd-user_4590495
pd-user_4051995
pd-user_6736255
pd-user_9228150
pd-user_7401657
pd-user_7724040
pd-user_1114976
pd-user_9777778
pd-user_9212622
pd-user_8405831
pd-user_8332591
pd-user_6766939
pd-user_4987417
pd-user_2266723
pd-user_2886486
pd-user_3083309
pd-user_3765361
pd-user_7561392
pd-user_7321828
pd-user_6881803
pd-user_9902059
pd-user_14950
pd-user_4872098
pd-user_8504196
pd-user_1029137
pd-user_3468007
pd-user_1477594
pd-user_3947056
pd-user_350614
pd-user_2271644
pd-user_7114875
pd-user_363977
pd-user_3823272
pd-user_8822781
pd-user_6596156
pd-user_9229382
pd-user_9063208
pd-user_6421378
pd-user_6677055
pd-user_4312879
pd-user_6010720
pd-user_6687859
pd-user_9412886
pd-user_3798485
pd-user_8015816
pd-user_4559579
pd-user_5436431
pd-user_2174520
pd-user_7273272
pd-user_8185503
pd-user_5653442
pd-user_6219284
pd-user_2366311
pd-user_3787557
pd-user_3122979
pd-user_7057209
pd-user_6193221
pd-user_8829739
pd-user_2233871
pd-user_2880700
pd-user_7088997
pd-user_7935920
pd-user_2166347
pd-user_9306740
pd-user_5615734
pd-user_9411735
pd-user_7210236
pd-user_314241
pd-user_6933800
pd-user_8055769
pd-user_1160120
pd-user_9236670
pd-user_5561794
pd-user_8084937
pd-user_9249160
pd-user_3432390
pd-user_1322372
pd-user_8999581
pd-user_6632757
pd-user_587054
pd-user_544341
pd-user_9538966
pd-user_8282683
pd-user_7546957
pd-user_222170
pd-user_6471144
pd-user_7415136
pd-user_3743899
pd-user_2092934
pd-user_8645574
pd-user_637236
pd-user_5639588
pd-user_3738651
pd-user_2221379
pd-user_4031514
pd-user_1921090
pd-user_2076812
pd-user_6621575
pd-user_8112367
pd-user_1242840
pd-user_4157624
pd-user_1593004
pd-user_4932608
pd-user_7831397
pd-user_2746709
pd-user_2608210
pd-user_4477273
pd-user_5477145
pd-user_2722449
pd-user_2178477
pd-user_7891321
pd-user_2536082
pd-user_8554942
pd-user_7370000
pd-user_928809
pd-user_7148329
pd-user_4351214
pd-user_8201524
pd-user_7995561
pd-user_3888618
pd-user_3948537
pd-user_8535847
pd-user_4785854
pd-user_7281275
pd-user_6593919
pd-user_4794089
pd-user_4678642
pd-user_6863854
pd-user_3045785
pd-user_4048528
pd-user_4671969
pd-user_8357870
pd-user_7218867
pd-user_1769836
pd-user_5596431
pd-user_2745240
pd-user_3698956
pd-user_9281372
pd-user_5777189
pd-user_6818818
pd-user_1679445
pd-user_5192960
pd-user_3330797
pd-user_184006
pd-user_7458782
pd-user_7277116
pd-user_2463169
pd-user_2226119
pd-user_2071918
pd-user_269950
pd-user_4446162
pd-user_1133211
pd-user_2398297
pd-user_6874988
pd-user_3190309
pd-user_3633557
pd-user_9976237
pd-user_6349115
pd-user_5732884
pd-user_5324462
pd-user_9269315
pd-user_2248070
pd-user_2001690
pd-user_6531997
pd-user_7179028
pd-user_6122646
pd-user_4258712
pd-user_8367055
pd-user_4357284
pd-user_5012705
pd-user_9783567
pd-user_7625010
pd-user_1490860
pd-user_2039541
pd-user_1734113
pd-user_704141
pd-user_3101391
pd-user_7074481
pd-user_255691
pd-user_1427083
pd-user_9091335
pd-user_7497283
pd-user_4193090
pd-user_7313555
pd-user_8293272
pd-user_4515603
pd-user_968157
pd-user_7796848
pd-user_7197844
pd-user_517430
pd-user_4065279
pd-user_5482930
pd-user_8478669
pd-user_2182213
pd-user_6502897
pd-user_5666948
pd-user_1742816
pd-user_1265594
pd-user_8674487
pd-user_9071474
pd-user_3589965
pd-user_8998973
pd-user_2961435
pd-user_3113303
pd-user_74942
pd-user_8296474
pd-user_8709380
pd-user_7718107
pd-user_9419653
pd-user_8630471
pd-user_7497681
pd-user_8879602
pd-user_1544372
pd-user_1787315
pd-user_2256891
pd-user_3365811
pd-user_4029379
pd-user_8988107
pd-user_8452738
pd-user_5117892
pd-user_62930
pd-user_2984272
pd-user_2439196
pd-user_3676056
pd-user_326664
pd-user_2574523
pd-user_4946338
pd-user_3226181
pd-user_1902690
pd-user_5570759
pd-user_6590762
pd-user_3262468
pd-user_8058017
pd-user_4073791
pd-user_1960312
pd-user_2893933
pd-user_5291614
pd-user_9025124
pd-user_3480456
pd-user_2927445
pd-user_8200008
pd-user_5845082
pd-user_7626344
pd-user_4215105
pd-user_9154969
pd-user_2622936
pd-user_202660
pd-user_4028789
pd-user_6081740
pd-user_8388159
pd-user_5430493
pd-user_7623598
pd-user_8054534
pd-user_9892172
pd-user_8053717
pd-user_2423268
pd-user_7470979
pd-user_7731673
pd-user_299938
pd-user_6746169
pd-user_1435620
pd-user_6544110
pd-user_7809883
pd-user_7942640
pd-user_6178846
pd-user_6930933
pd-user_5174416
pd-user_6904928
pd-user_9431456
pd-user_6152578
pd-user_9577647
pd-user_3658874
pd-user_9023199
pd-user_9819168
pd-user_7086373
pd-user_4833733
pd-user_5804529
pd-user_4056692
pd-user_679700
pd-user_6346259
pd-user_48274
pd-user_9654870
pd-user_9570726
pd-user_220971
pd-user_4301316
pd-user_6482055
pd-user_3592914
pd-user_4043721
pd-user_4457552
pd-user_539454
pd-user_5470541
pd-user_8402277
pd-user_6549802
pd-user_6124745
pd-user_3392941
pd-user_3585000
pd-user_4135055
pd-user_6997635
pd-user_2315745
pd-user_7458963
pd-user_7815453
pd-user_1158970
pd-user_6667492
pd-user_9661669
pd-user_4697968
pd-user_2292105
pd-user_2637045
pd-user_8875793
pd-user_2744507
pd-user_8598136
pd-user_4813412
pd-user_5882427
pd-user_9871640
pd-user_7988267
pd-user_6484375
pd-user_5245598
pd-user_2602520
pd-user_6675322
pd-user_2524946
pd-user_3647683
pd-user_6230839
pd-user_8895519
pd-user_4353912
pd-user_3406796
pd-user_7415281
pd-user_1451594
pd-user_5725967
pd-user_7269878
pd-user_467968
pd-user_4576977
pd-user_8709097
pd-user_693815
pd-user_3911594
pd-user_3024938
pd-user_3532011
pd-user_3156193
pd-user_907273
pd-user_6128726
pd-user_8162842
pd-user_678491
pd-user_7934239
pd-user_1201746
pd-user_9956773
pd-user_2867415
pd-user_8165000
pd-user_2654339
pd-user_6477421
pd-user_4891981
pd-user_759494
pd-user_7423216
pd-user_726305
pd-user_801354
pd-user_1546361
pd-user_9195075
pd-user_8564583
pd-user_4508584
pd-user_7836087
pd-user_9981817
pd-user_7204949
pd-user_4548950
pd-user_8320492
pd-user_5329895
pd-user_179679
pd-user_6297360
pd-user_3685802
pd-user_3942231
pd-user_7436771
pd-user_3425047
pd-user_5108461
pd-user_4575533
pd-user_5691842
pd-user_425559
pd-user_2361412
pd-user_1721014
pd-user_2212563
pd-user_6287360
pd-user_3437700
pd-user_8879730
pd-user_8833937
pd-user_9718918
pd-user_8229387
pd-user_7620815
pd-user_4420156
pd-user_7556484
pd-user_2417937
pd-user_2329304
pd-user_7875176
pd-user_6447338
pd-user_9131618
pd-user_6471450
pd-user_3591403
pd-user_5517141
pd-user_2137977
pd-user_355603
pd-user_8982311
pd-user_9225846
pd-user_2008195
pd-user_8068306
pd-user_5749011
pd-user_5103078
pd-user_5447365
pd-user_4827120
pd-user_4335546
pd-user_1414506
pd-user_2663387
pd-user_9128815
pd-user_7941949
pd-user_4841376
pd-user_43953
pd-user_5307245
pd-user_453950
pd-user_7855415
pd-user_644842
pd-user_7795280
pd-user_8412864
pd-user_6660405
pd-user_5664503
pd-user_8072327
pd-user_870111
pd-user_4990391
pd-user_5447365
pd-user_1120103
pd-user_8844800
pd-user_4732176
pd-user_4913234
pd-user_8758486
pd-user_5487855
pd-user_1234264
pd-user_1856295
pd-user_3821006
pd-user_444249
pd-user_8838120
pd-user_9723902
pd-user_6227888
pd-user_1804405
pd-user_2267475
pd-user_323976
pd-user_9129372
pd-user_3438782
pd-user_8799465
pd-user_599566
pd-user_1358223
pd-user_3700688
pd-user_2567688
pd-user_2615294
pd-user_6559551
pd-user_2367057
pd-user_9567383
pd-user_6537821
pd-user_2927015
pd-user_5658317
pd-user_2078341
pd-user_6691581
pd-user_572034
pd-user_5430630
pd-user_7724077
pd-user_1734615
pd-user_1755295
pd-user_170007
pd-user_2065910
pd-user_2441345
pd-user_7358319
pd-user_2809994
pd-user_6664616
pd-user_888360
pd-user_2148015
pd-user_6945763
pd-user_6855568
pd-user_2295815
pd-user_7722732
pd-user_1707848
pd-user_761945
pd-user_3408806
pd-user_3993111
pd-user_464666
pd-user_5262808
pd-user_1923416
pd-user_1290668
pd-user_8713449
pd-user_8722505
pd-user_4000496
pd-user_3784863
pd-user_8213026
pd-user_2198885
pd-user_4960695
pd-user_7533053
pd-user_7973779
pd-user_5523451
pd-user_1652956
pd-user_8144596
pd-user_9220213
pd-user_4200255
pd-user_2106401
pd-user_301620
pd-user_9771763
pd-user_3617163
pd-user_112259
pd-user_4340679
pd-user_9846241
pd-user_2828577
pd-user_4625439
pd-user_1498724
pd-user_5143087
pd-user_1315256
pd-user_2884036
pd-user_8778854
pd-user_2449146
pd-user_581303
pd-user_2663961
pd-user_3929234
pd-user_1316868
pd-user_9067570
pd-user_9255871
pd-user_8969016
pd-user_2338076
pd-user_9549552
pd-user_7657908
pd-user_6274770
pd-user_3282274
pd-user_8075113
pd-user_2194453
pd-user_523142
pd-user_8791154
pd-user_1756021
pd-user_5270005
pd-user_6743238
pd-user_2397246
pd-user_9226709
pd-user_158488
pd-user_1173857
pd-user_6385706
pd-user_7510088
pd-user_8686671
pd-user_9885727
pd-user_3812227
pd-user_2391758
pd-user_8787763
pd-user_536204
pd-user_9970132
pd-user_6555283
pd-user_8993242
pd-user_4564811
pd-user_6449846
pd-user_6577550
pd-user_3061517
pd-user_2382965
pd-user_6499649
pd-user_9390635
pd-user_439998
pd-user_4335430
pd-user_2065457
pd-user_7060988
pd-user_266084
pd-user_9552974
pd-user_1417974
pd-user_6177609
pd-user_3504883
pd-user_8981224
pd-user_9576625
pd-user_717471
pd-user_7144646
pd-user_3127691
pd-user_2841228
pd-user_8748823
pd-user_8996059
pd-user_1743428
pd-user_1689031
pd-user_6032268
pd-user_4836042
pd-user_50872
pd-user_2668912
pd-user_7604107
pd-user_4660408
pd-user_1001617
pd-user_1766863
pd-user_7400531
pd-user_5783965
pd-user_6744471
pd-user_2378539
pd-user_1915382
pd-user_4995526
pd-user_33175
pd-user_4148295
pd-user_3352964
pd-user_760290
pd-user_1477721
pd-user_1321780
pd-user_9211460
pd-user_7563024
pd-user_3255387
pd-user_1093845
pd-user_9511100
pd-user_3653004
pd-user_5140386
pd-user_7496103
pd-user_5929742
pd-user_1732649
pd-user_6432132
pd-user_3019622
pd-user_7748555
pd-user_3479136
pd-user_8710502
pd-user_6228837
pd-user_1581419
pd-user_7744683
pd-user_263634
pd-user_9131972
pd-user_4352575
pd-user_2692394
pd-user_5951240
pd-user_633937
pd-user_2191302
pd-user_7857855
pd-user_4554298
pd-user_4242887
pd-user_1394744
pd-user_9195080
pd-user_5270572
pd-user_5807995
pd-user_566762
pd-user_4654937
pd-user_9316364
pd-user_7185368
pd-user_6609430
pd-user_3908557
pd-user_5197931
pd-user_1018662
pd-user_7642826
pd-user_3037463
pd-user_5477106
pd-user_5648254
pd-user_7549621
pd-user_5268939
pd-user_1006394
pd-user_5616485
pd-user_688651
pd-user_2434447
pd-user_7049336
pd-user_3703307
pd-user_5614699
pd-user_1510440
pd-user_3864953
pd-user_6638133
pd-user_1858035
pd-user_5684070
pd-user_1499870
pd-user_725542
pd-user_5328175
pd-user_3497291
pd-user_4554012
pd-user_2852914
pd-user_1231855
pd-user_2716581
pd-user_8978165
pd-user_6125090
pd-user_4788552
pd-user_8607637
pd-user_2315692
pd-user_8587671
pd-user_7342114
pd-user_9216927
pd-user_6616334
pd-user_5642448
pd-user_8647517
pd-user_6399668
pd-user_7644918
pd-user_8639178
pd-user_6860536
pd-user_919882
pd-user_307629
pd-user_7229502
pd-user_7559597
pd-user_5865519
pd-user_3986530
pd-user_688944
pd-user_2191810
pd-user_709222
pd-user_1979449
pd-user_6297755
pd-user_8230153
pd-user_6523661
pd-user_4232682
pd-user_4568070
pd-user_7937664
pd-user_4998043
pd-user_4877771
pd-user_3114655
pd-user_585196
pd-user_2524542
pd-user_5441894
pd-user_5027459
pd-user_9561012
pd-user_9947774
pd-user_1193506
pd-user_4103117
pd-user_2165289
pd-user_6747437
pd-user_1364961
pd-user_9854002
pd-user_1414882
pd-user_4453523
pd-user_9106506
pd-user_7456890
pd-user_1032447
pd-user_3114831
pd-user_608278
pd-user_4480440
pd-user_3679074
pd-user_8598406
pd-user_9353026
pd-user_8452823
pd-user_1410290
pd-user_5950965
pd-user_5865169
pd-user_2169452
pd-user_9233264
pd-user_8169671
pd-user_9084735
pd-user_2487938
pd-user_5023554
pd-user_3454854
pd-user_7357335
pd-user_8935635
pd-user_3562289
pd-user_2421675
pd-user_3665294
pd-user_4468604
pd-user_4377194
pd-user_5104624
pd-user_9471286
pd-user_8196729
pd-user_1698795
pd-user_2521220
pd-user_3682748
pd-user_9151792
pd-user_8694165
pd-user_9848843
pd-user_9455918
pd-user_3785613
pd-user_7181994
pd-user_8193263
pd-user_7275785
pd-user_9350373
pd-user_363984
pd-user_4821792
pd-user_5752250
pd-user_9665896
pd-user_6102814
pd-user_3786645
pd-user_8970518
pd-user_1916559
pd-user_5135649
pd-user_1672770
pd-user_9213650
pd-user_3153878
pd-user_6973057
pd-user_8202178
pd-user_8585782
pd-user_8855735
pd-user_2490462
pd-user_5277613
pd-user_2585048
pd-user_2298438
pd-user_2465689
pd-user_7996600
pd-user_158086
pd-user_4392968
pd-user_5625542
pd-user_6786394
pd-user_1289714
pd-user_5074049
pd-user_2047786
pd-user_2355845
pd-user_8290607
pd-user_8200903
pd-user_1988422
pd-user_4410683
pd-user_4414004
pd-user_8611644
pd-user_1053742
pd-user_2589429
pd-user_7423332
pd-user_5223403
pd-user_36220
pd-user_9586497
pd-user_4724098
pd-user_7663430
pd-user_1368850
pd-user_4309763
pd-user_375667
pd-user_9669736
pd-user_7263870
pd-user_7776668
pd-user_3958517
pd-user_5388218
pd-user_3665482
pd-user_3075361
pd-user_8653950
pd-user_3950263
pd-user_3909251
pd-user_1649407
pd-user_7166763
pd-user_814036
pd-user_396263
pd-user_1993079
pd-user_8228278
pd-user_363917
pd-user_3429558
pd-user_8322259
pd-user_2001419
pd-user_3556130
pd-user_4533475
pd-user_9925910
pd-user_7508708
pd-user_4912768
pd-user_9910947
pd-user_1561094
pd-user_3295467
pd-user_5320094
pd-user_8177821
pd-user_5268353
pd-user_6747739
pd-user_2580176
pd-user_7690857
pd-user_8787566
pd-user_4348562
pd-user_4927818
pd-user_2371461
pd-user_8823659
pd-user_6458439
pd-user_9436077
pd-user_917503
pd-user_8990625
pd-user_4505844
pd-user_5969927
pd-user_6020058
pd-user_863712
pd-user_2340831
pd-user_6238903
pd-user_7811647
pd-user_2901275
pd-user_1902508
pd-user_3129109
pd-user_9329747
pd-user_4227625
pd-user_8871793
pd-user_1559374
pd-user_949477
pd-user_401280
pd-user_7025281
pd-user_1711645
pd-user_8614478
pd-user_8113389
pd-user_9998295
pd-user_9712935
pd-user_3603530
pd-user_7294323
pd-user_4900590
pd-user_796962
pd-user_6568036
pd-user_1325572
pd-user_6575547
pd-user_2944284
pd-user_4544458
pd-user_9136691
pd-user_6413404
pd-user_3504907
pd-user_5497043
pd-user_467197
pd-user_2542901
pd-user_5075970
pd-user_9073620
pd-user_5151469
pd-user_8956843
pd-user_2839916
pd-user_5191445
pd-user_145575
pd-user_5101885
pd-user_4330229
pd-user_6363389
pd-user_716290
pd-user_4336620
pd-user_329418
pd-user_2974956
pd-user_9181592
pd-user_5146887
pd-user_871113
pd-user_2180909
pd-user_9494490
pd-user_9965154
pd-user_3656132
pd-user_5058992
pd-user_1323970
pd-user_1563082
pd-user_3121070
pd-user_5774673
pd-user_333832
pd-user_1775492
pd-user_9643622
pd-user_3195778
pd-user_2300840
pd-user_2041097
pd-user_9136015
pd-user_8363220
pd-user_3013510
pd-user_1084521
pd-user_6812501
pd-user_1688897
pd-user_4854185
pd-user_8277091
pd-user_5601589
pd-user_1697130
pd-user_9358039
pd-user_2314877
pd-user_1010229
pd-user_9441569
pd-user_4796061
pd-user_457129
pd-user_2310472
pd-user_6169479
pd-user_1493329
pd-user_5757559
pd-user_1211541
pd-user_8408276
pd-user_5739693
pd-user_6434474
pd-user_3610505
pd-user_714653
pd-user_4758509
pd-user_2249390
pd-user_8459317
pd-user_5084192
pd-user_4484302
pd-user_4939464
pd-user_4283754
pd-user_2302411
pd-user_5577949
pd-user_2713217
pd-user_2998313
pd-user_2718872
pd-user_4954478
pd-user_5529283
pd-user_3042668
pd-user_2213479
pd-user_5445435
pd-user_4069689
pd-user_9703822
pd-user_1663689
pd-user_4532011
pd-user_1987336
pd-user_3352006
pd-user_9154426
pd-user_6776272
pd-user_7727322
pd-user_6991188
pd-user_9124586
pd-user_4378398
pd-user_3185630
pd-user_15365
pd-user_3703971
pd-user_5081425
pd-user_18175
pd-user_8368984
pd-user_561035
pd-user_8828141
pd-user_7014928
pd-user_3525440
pd-user_1792576
pd-user_6303643
pd-user_1839781
pd-user_7517958
pd-user_9591082
pd-user_6009170
pd-user_852980
pd-user_3662840
pd-user_3058325
pd-user_2046207
pd-user_1989220
pd-user_2047144
pd-user_8814871
pd-user_3695034
pd-user_1952946
pd-user_5097170
pd-user_9927241
pd-user_6151802
pd-user_3517161
pd-user_7492253
pd-user_6004742
pd-user_7599981
pd-user_2131999
pd-user_7694333
pd-user_1114961
pd-user_767754
pd-user_3623034
pd-user_9075666
pd-user_3591750
pd-user_6466787
pd-user_3000585
pd-user_9663117
pd-user_4459619
pd-user_7493145
pd-user_5873454
pd-user_9011760
pd-user_1498822
pd-user_2234755
pd-user_688542
pd-user_9472272
pd-user_5825433
pd-user_4596437
pd-user_2805425
pd-user_1979188
pd-user_1121718
pd-user_5195089
pd-user_2946282
pd-user_613719
pd-user_112447
pd-user_3849648
pd-user_2818797
pd-user_9147917
pd-user_8449318
pd-user_8631318
pd-user_7076082
pd-user_2649848
pd-user_2071787
pd-user_2014035
pd-user_3578333
pd-user_2995796
pd-user_5449856
pd-user_4283664
pd-user_8051686
pd-user_3587526
pd-user_6201669
pd-user_2262392
pd-user_540569
pd-user_3298743
pd-user_7418505
pd-user_5596896
pd-user_2562235
pd-user_7136489
pd-user_2180325
pd-user_3270865
pd-user_6853006
pd-user_8308456
pd-user_8321650
pd-user_7789217
pd-user_223950
pd-user_406480
pd-user_2889266
pd-user_7431713
pd-user_80228
pd-user_8687768
pd-user_1147266
pd-user_116115
pd-user_2710621
pd-user_8463757
pd-user_5492436
pd-user_8217824
pd-user_413069
pd-user_936257
pd-user_4394782
pd-user_1490204
pd-user_3623599
pd-user_4779576
pd-user_1008999
pd-user_7159232
pd-user_5802017
pd-user_4312792
pd-user_7794571
pd-user_5375136
pd-user_7419593
pd-user_9483133
pd-user_8599447
pd-user_8894718
pd-user_2196314
pd-user_4380644
pd-user_4570634
pd-user_3059768
pd-user_4983211
pd-user_7945502
pd-user_283078
pd-user_7660357
pd-user_4026971
pd-user_4562832
pd-user_2677316
pd-user_4135393
pd-user_5712526
pd-user_9861669
pd-user_3331675
pd-user_9240510
pd-user_1729827
pd-user_9867953
pd-user_3642654
pd-user_3459452
pd-user_2540198
pd-user_2018043
pd-user_3418666
pd-user_2041441
pd-user_7737229
pd-user_2559820
pd-user_8468399
pd-user_9194552
pd-user_5947991
pd-user_2386563
pd-user_3250607
pd-user_4467812
pd-user_5207278
pd-user_9965397
pd-user_3960971
pd-user_23142
pd-user_3615885
pd-user_9813210
pd-user_2826941
pd-user_707347
pd-user_6817673
pd-user_3923195
pd-user_5885521
pd-user_16182
pd-user_54896
pd-user_4343724
pd-user_7834956
pd-user_2052527
pd-user_2139966
pd-user_6006843
pd-user_878061
pd-user_8179931
pd-user_9537635
pd-user_77822
pd-user_1912524
pd-user_7209890
pd-user_7329366
pd-user_7287587
pd-user_322181
pd-user_7153179
pd-user_9477552
pd-user_8580895
pd-user_6969317
pd-user_4419986
pd-user_9365677
pd-user_3195431
pd-user_1779026
pd-user_1281607
pd-user_5131504
pd-user_1627137
pd-user_369070
pd-user_7813257
pd-user_7741039
pd-user_9527335
pd-user_3673663
pd-user_7644126
pd-user_2448171
pd-user_263723
pd-user_775434
pd-user_2430854
pd-user_9788239
pd-user_7703509
pd-user_7556379
pd-user_46060
pd-user_1769196
pd-user_7405306
pd-user_9353410
pd-user_5780265
pd-user_3683915
pd-user_4225176
pd-user_4555666
pd-user_9103021
pd-user_3323445
pd-user_4964977
pd-user_547863
pd-user_3383845
pd-user_3064507
pd-user_6439239
pd-user_4354588
pd-user_9639468
pd-user_6186358
pd-user_8237476
pd-user_7914782
pd-user_613434
pd-user_5997433
pd-user_9964194
pd-user_3065237
pd-user_6507592
pd-user_2959717
pd-user_6035480
pd-user_5944831
pd-user_6990318
pd-user_3555161
pd-user_8565203
pd-user_6099634
pd-user_2663943
pd-user_3824521
pd-user_1323709
pd-user_7076792
pd-user_7172313
pd-user_111188
pd-user_3046608
pd-user_8765034
pd-user_1154287
pd-user_9573634
pd-user_6122379
pd-user_9497510
pd-user_7164836
pd-user_7615846
pd-user_3637683
pd-user_5118095
pd-user_978245
pd-user_8462478
pd-user_1575144
pd-user_3279379
pd-user_176730
pd-user_3361155
pd-user_7117496
pd-user_7291870
pd-user_2134006
pd-user_7294721
pd-user_2457085
pd-user_1514076
pd-user_9244828
pd-user_9422880
pd-user_1216706
pd-user_2797413
pd-user_8280017
pd-user_1124646
pd-user_2043662
pd-user_492822
pd-user_7308344
pd-user_4817387
pd-user_3894499
pd-user_9864086
pd-user_9071958
pd-user_4619376
pd-user_6438939
pd-user_5024356
pd-user_1790432
pd-user_7514488
pd-user_6448038
pd-user_2331531
pd-user_9845755
pd-user_3718410
pd-user_1045005
pd-user_7956281
pd-user_4228594
pd-user_2461340
pd-user_3390954
pd-user_3865769
pd-user_6709643
pd-user_9662888
pd-user_5356674
pd-user_4499942
pd-user_4094194
pd-user_4082868
pd-user_7750548
pd-user_7474654
pd-user_2025358
pd-user_6201800
pd-user_6570185
pd-user_36082
pd-user_7594802
pd-user_5206548
pd-user_219314
pd-user_9812361
pd-user_3727181
pd-user_3171903
pd-user_321710
pd-user_9432319
pd-user_8718975
pd-user_8954447
pd-user_7560167
pd-user_389860
pd-user_5090387
pd-user_6535225
pd-user_5207118
pd-user_6842619
pd-user_8492065
pd-user_8745773
pd-user_972219
pd-user_1321430
pd-user_3809787
pd-user_7101778
pd-user_1404128
pd-user_7461297
pd-user_5798918
pd-user_5322157
pd-user_762599
pd-user_7942162
pd-user_3512411
pd-user_1853328
pd-user_759698
pd-user_6105376
pd-user_1380152
pd-user_9600441
pd-user_1943189
pd-user_7600945
pd-user_7838059
pd-user_8068752
pd-user_6897334
pd-user_528765
pd-user_9099015
pd-user_5659868
pd-user_7102270
pd-user_4989875
pd-user_1520536
pd-user_9233075
pd-user_5025084
pd-user_4238477
pd-user_2403176
pd-user_297922
pd-user_3160229
pd-user_6253067
pd-user_5442376
pd-user_4379610
pd-user_7405341
pd-user_3068333
pd-user_4486202
pd-user_2557901
pd-user_8258135
pd-user_4021444
pd-user_5933665
pd-user_5846684
pd-user_2244997
pd-user_8012612
pd-user_9958394
pd-user_2211300
pd-user_7540165
pd-user_4078229
pd-user_8319831
pd-user_97899
pd-user_1899537
pd-user_4970893
pd-user_7182753
pd-user_273207
pd-user_5336435
pd-user_6792628
pd-user_4345019
pd-user_4590823
pd-user_1859343
pd-user_7439606
pd-user_1106972
pd-user_6246300
pd-user_7360281
pd-user_467753
pd-user_7440667
pd-user_5481170
pd-user_4705064
pd-user_6294761
pd-user_8339710
pd-user_5359940
pd-user_8793747
pd-user_7510553
pd-user_3303997
pd-user_5136307
pd-user_2150474
pd-user_1191208
pd-user_9441061
pd-user_3643872
pd-user_4269831
pd-user_4080327
pd-user_1537353
pd-user_2446829
pd-user_6622852
pd-user_5788611
pd-user_149655
pd-user_6227324
pd-user_150179
pd-user_2802995
pd-user_8892564
pd-user_2761722
pd-user_6027217
pd-user_2976438
pd-user_8321414
pd-user_5691748
pd-user_2695273
pd-user_3494958
pd-user_5734733
pd-user_216325
pd-user_83382
pd-user_7754224
pd-user_4553999
pd-user_386547
pd-user_3163732
pd-user_6100169
pd-user_4400606
pd-user_400841
pd-user_1715177
pd-user_9989610
pd-user_4244364
pd-user_3089675
pd-user_9614806
pd-user_2351184
pd-user_5087364
pd-user_9834241
pd-user_3827444
pd-user_3386941
pd-user_3705287
pd-user_5365511
pd-user_6780120
pd-user_2970950
pd-user_8981804
pd-user_2585337
pd-user_1046739
pd-user_4683769
pd-user_4676539
pd-user_9399997
pd-user_4100159
pd-user_2695050
pd-user_4241270
pd-user_5295260
pd-user_1629752
pd-user_2249974
pd-user_5354985
pd-user_3046699
pd-user_4636044
pd-user_239455
pd-user_2208855
pd-user_587539
pd-user_4849476
pd-user_8446982
pd-user_1754896
pd-user_9849306
pd-user_91383
pd-user_5809209
pd-user_5483518
pd-user_9521564
pd-user_1120697
pd-user_6432265
pd-user_8175398
pd-user_5753091
pd-user_5007723
pd-user_1399377
pd-user_5807296
pd-user_5996052
pd-user_8091109
pd-user_980923
pd-user_4109265
pd-user_2533296
pd-user_3965678
pd-user_9663672
pd-user_264164
pd-user_4703952
pd-user_2597978
pd-user_8407445
pd-user_2960250
pd-user_9208731
pd-user_931772
pd-user_8055491
pd-user_6349711
pd-user_2620843
pd-user_3663175
pd-user_4839517
pd-user_3310819
pd-user_105971
pd-user_2143216
pd-user_2556741
pd-user_2169970
pd-user_3736884
pd-user_9143652
pd-user_5766092
pd-user_9788360
pd-user_4216882
pd-user_1100721
pd-user_2340223
pd-user_3560248
pd-user_5785702
pd-user_3902981
pd-user_8229713
pd-user_2573821
pd-user_3722761
pd-user_7202076
pd-user_9632928
pd-user_5118750
pd-user_8619368
pd-user_8874965
pd-user_5189287
pd-user_8037136
pd-user_2626343
pd-user_8124731
pd-user_8046734
pd-user_2010158
pd-user_6534923
pd-user_5398794
pd-user_2397717
pd-user_9663587
pd-user_7737356
pd-user_2730427
pd-user_4964296
pd-user_3058679
pd-user_4842046
pd-user_1049889
pd-user_3904361
pd-user_3711703
pd-user_4594217
pd-user_8611664
pd-user_4931800
pd-user_1352940
pd-user_2074746
pd-user_5220177
pd-user_3830051
pd-user_591760
pd-user_2334831
pd-user_7548203
pd-user_2783683
pd-user_9164205
pd-user_8952200
pd-user_8321979
pd-user_1109784
pd-user_7058232
pd-user_6641026
pd-user_588956
pd-user_2762667
pd-user_5576681
pd-user_272054
pd-user_1411110
pd-user_6158114
pd-user_6367367
pd-user_6804450
pd-user_5991940
pd-user_4847533
pd-user_6073222
pd-user_1395854
pd-user_2185263
pd-user_9753064
pd-user_4749043
pd-user_219310
pd-user_9914641
pd-user_7760589
pd-user_2423001
pd-user_8609218
pd-user_6989931
pd-user_5762329
pd-user_1432012
pd-user_8500121
pd-user_8325303
pd-user_1472305
pd-user_4270091
pd-user_2058677
pd-user_4834973
pd-user_9323698
pd-user_6435089
pd-user_8842811
pd-user_6941381
pd-user_3625029
pd-user_3699175
pd-user_1306204
pd-user_1174165
pd-user_6986454
pd-user_9004565
pd-user_2513746
pd-user_1644251
pd-user_3045869
pd-user_8963028
pd-user_1922904
pd-user_4133737
pd-user_6079649
pd-user_8329239
pd-user_5695670
pd-user_7208206
pd-user_7517931
pd-user_9819372
pd-user_1623226
pd-user_9372739
pd-user_1806686
pd-user_907637
pd-user_7701418
pd-user_9682251
pd-user_7573944
pd-user_5887728
pd-user_9813952
pd-user_971065
pd-user_3471687
pd-user_4327091
pd-user_2829808
pd-user_3967736
pd-user_4749851
pd-user_1942822
pd-user_5041998
pd-user_3430587
pd-user_1973303
pd-user_796367
pd-user_80490
pd-user_1424751
pd-user_558761
pd-user_7362742
pd-user_8149310
pd-user_7607684
pd-user_9824370
pd-user_6859917
pd-user_8803668
pd-user_7005459
pd-user_9355899
pd-user_6761750
pd-user_474246
pd-user_7884394
pd-user_6776928
pd-user_8985358
pd-user_9525151
pd-user_2909510
pd-user_5217627
pd-user_3130816
pd-user_8741362
pd-user_9746289
pd-user_4059750
pd-user_9569008
pd-user_4217966
pd-user_8689618
pd-user_9623723
pd-user_5673082
pd-user_3341341
pd-user_1500442
pd-user_3400142
pd-user_708672
pd-user_6760489
pd-user_4452391
pd-user_5371401
pd-user_847325
pd-user_5551501
pd-user_3553492
pd-user_9437155
pd-user_8941600
pd-user_2482365
pd-user_6539241
pd-user_3729209
pd-user_5574636
pd-user_9087345
pd-user_1997637
pd-user_3444302
pd-user_6472361
pd-user_6862266
pd-user_1384110
pd-user_9819737
pd-user_8801926
pd-user_6435818
pd-user_7828590
pd-user_870963
pd-user_5338605
pd-user_9736168
pd-user_6668724
pd-user_9624131
pd-user_3877901
pd-user_8667412
pd-user_5625697
pd-user_5194215
pd-user_2495225
pd-user_8618012
pd-user_9943600
pd-user_626928
pd-user_7913092
pd-user_1300038
pd-user_5137098
pd-user_1753146
pd-user_1867
pd-user_8893908
pd-user_2829316
pd-user_7159046
pd-user_8597542
pd-user_6006247
pd-user_5323892
pd-user_1433797
pd-user_8065268
pd-user_6746363
pd-user_6746419
pd-user_6772973
pd-user_6807585
pd-user_110514
pd-user_3333432
pd-user_5851295
pd-user_4888969
pd-user_6965902
pd-user_3074888
pd-user_9485349
pd-user_4050729
pd-user_5081829
pd-user_7109602
pd-user_6051158
pd-user_3858035
pd-user_7040060
pd-user_1422536
pd-user_4154492
pd-user_8598522
pd-user_4799030
pd-user_3544875
pd-user_2878585
pd-user_1241849
pd-user_6208485
pd-user_4069047
pd-user_3581411
pd-user_499521
pd-user_3402335
pd-user_7075573
pd-user_4740820
pd-user_5227678
pd-user_8304744
pd-user_7973872
pd-user_9072864
pd-user_9144749
pd-user_5839280
pd-user_736348
pd-user_1391332
pd-user_1423456
pd-user_6851445
pd-user_4727457
pd-user_929037
pd-user_7085640
pd-user_8428566
pd-user_9767574
pd-user_1963883
pd-user_9635682
pd-user_845405
pd-user_5465899
pd-user_3685851
pd-user_6068583
pd-user_5753745
pd-user_5377092
pd-user_4078482
pd-user_4726812
pd-user_483767
pd-user_5513136
pd-user_829187
pd-user_4533613
pd-user_6208083
pd-user_594840
pd-user_1157115
pd-user_556512
pd-user_9668221
pd-user_8199204
pd-user_6406379
pd-user_1526492
pd-user_1799478
pd-user_1502002
pd-user_6495903
pd-user_6027509
pd-user_5478721
pd-user_7060876
pd-user_3938820
pd-user_1236098
pd-user_7928002
pd-user_9826311
pd-user_568015
pd-user_6223351
pd-user_9356743
pd-user_3039854
pd-user_1140821
pd-user_3647420
pd-user_9454074
pd-user_8279406
pd-user_1498326
pd-user_917383
pd-user_7844939
pd-user_9314735
pd-user_9006874
pd-user_9889546
pd-user_3658210
pd-user_7021411
pd-user_3735663
pd-user_654256
pd-user_3349837
pd-user_2352481
pd-user_8238364
pd-user_831881
pd-user_7840840
pd-user_7275528
pd-user_3325316
pd-user_243510
pd-user_6142391
pd-user_8045732
pd-user_5211896
pd-user_1068038
pd-user_7499571
pd-user_3979598
pd-user_8267693
pd-user_434867
pd-user_3871027
pd-user_3333654
pd-user_1393244
pd-user_8588251
pd-user_3595627
pd-user_8412817
pd-user_2736765
pd-user_9047327
pd-user_9369854
pd-user_1242966
pd-user_6679404
pd-user_5664573
pd-user_3412814
pd-user_266138
pd-user_3506645
pd-user_8189232
pd-user_2960333
pd-user_9134469
pd-user_3999070
pd-user_873141
pd-user_9004219
pd-user_197656
pd-user_1726256
pd-user_7612271
pd-user_846490
pd-user_9231286
pd-user_9780403
pd-user_4019883
pd-user_5544305
pd-user_6946133
pd-user_6431879
pd-user_6868595
pd-user_1760617
pd-user_3266784
pd-user_7826356
pd-user_1219317
pd-user_7348037
pd-user_8609845
pd-user_2867712
pd-user_2147988
pd-user_5067509
pd-user_2367323
pd-user_9397084
pd-user_2523070
pd-user_4616805
pd-user_6703188
pd-user_5291996
pd-user_4046415
pd-user_7508728
pd-user_3890753
pd-user_4439648
pd-user_7732748
pd-user_4743076
pd-user_3706225
pd-user_5574456
pd-user_2659789
pd-user_8845457
pd-user_6404602
pd-user_2286752
pd-user_3637088
pd-user_7067951
pd-user_9572178
pd-user_8329769
pd-user_5047312
pd-user_2801232
pd-user_6827956
pd-user_5744044
pd-user_5494252
pd-user_5366863
pd-user_3973075
pd-user_8246436
pd-user_901640
pd-user_3102816
pd-user_5928691
pd-user_1391694
pd-user_5069979
pd-user_4964411
pd-user_5385415
pd-user_603869
pd-user_5812531
pd-user_7531898
pd-user_1793759
pd-user_3127941
pd-user_8054579
pd-user_630545
pd-user_5537082
pd-user_4868617
pd-user_2373739
pd-user_7049036
pd-user_9199351
pd-user_8126417
pd-user_5914214
pd-user_2766710
pd-user_3741827
pd-user_2472250
pd-user_2780992
pd-user_7720434
pd-user_71983
pd-user_2707576
pd-user_5029341
pd-user_1497181
pd-user_3053063
pd-user_3561001
pd-user_6109115
pd-user_1028388
pd-user_710245
pd-user_8106512
pd-user_6379478
pd-user_2576763
pd-user_3219010
pd-user_4335171
pd-user_4419828
pd-user_9507906
pd-user_2134308
pd-user_5681213
pd-user_7318390
pd-user_5240449
pd-user_3233996
pd-user_667124
pd-user_2337107
pd-user_3489046
pd-user_6474655
pd-user_2814023
pd-user_6385992
pd-user_3858655
pd-user_9410229
pd-user_9804400
pd-user_928609
pd-user_4063238
pd-user_3940825
pd-user_693136
pd-user_4494918
pd-user_9813607
pd-user_818632
pd-user_3094205
pd-user_6945480
pd-user_8483110
pd-user_146400
pd-user_7900881
pd-user_4173244
pd-user_4743572
pd-user_6297937
pd-user_9261119
pd-user_451770
pd-user_9507915
pd-user_4089100
pd-user_5668708
pd-user_2138130
pd-user_7666792
pd-user_6972051
pd-user_4654336
pd-user_5900057
pd-user_1945374
pd-user_2930445
pd-user_902181
pd-user_2057891
pd-user_806764
pd-user_7609469
pd-user_9477617
pd-user_254813
pd-user_8166366
pd-user_8176749
pd-user_5678445
pd-user_4468366
pd-user_2344631
pd-user_7055751
pd-user_4832290
pd-user_3988902
pd-user_4558234
pd-user_7654223
pd-user_3283052
pd-user_385282
pd-user_9347793
pd-user_4429875
pd-user_1173127
pd-user_206735
pd-user_4716265
pd-user_3494303
pd-user_7286855
pd-user_1103551
pd-user_5695656
pd-user_7333650
pd-user_8506977
pd-user_3478023
pd-user_3442210
pd-user_2404397
pd-user_9461015
pd-user_3680524
pd-user_5843511
pd-user_6889784
pd-user_3971773
pd-user_9796512
pd-user_396358
pd-user_8353532
pd-user_7527076
pd-user_8289411
pd-user_2312259
pd-user_4800698
pd-user_1011760
pd-user_3505696
pd-user_1767367
pd-user_4719334
pd-user_9680825
pd-user_9363552
pd-user_3001298
pd-user_5513130
pd-user_4392472
pd-user_2405286
pd-user_7645811
pd-user_9054147
pd-user_7627314
pd-user_3813227
pd-user_4431288
pd-user_3040954
pd-user_1191927
pd-user_7316602
pd-user_7518500
pd-user_109021
pd-user_3152485
pd-user_4885047
pd-user_5892986
pd-user_8491125
pd-user_1194950
pd-user_1944832
pd-user_5444558
pd-user_9864785
pd-user_1252155
pd-user_9973350
pd-user_2649840
pd-user_3821478
pd-user_4126828
pd-user_4040920
pd-user_4541656
pd-user_4190149
pd-user_5047028
pd-user_2451384
pd-user_5882649
pd-user_6725784
pd-user_3715816
pd-user_3978029
pd-user_6505022
pd-user_4961580
pd-user_1674149
pd-user_2669421
pd-user_692597
pd-user_4230903
pd-user_6778725
pd-user_8911988
pd-user_1981466
pd-user_9215742
pd-user_6168864
pd-user_4619226
pd-user_3174024
pd-user_8680848
pd-user_7741847
pd-user_3312405
pd-user_3237080
pd-user_9354927
pd-user_9985291
pd-user_7722574
pd-user_7433608
pd-user_523620
pd-user_1698081
pd-user_5264985
pd-user_9576239
pd-user_9748128
pd-user_7095795
pd-user_5183949
pd-user_1946273
pd-user_208137
pd-user_962136
pd-user_8593301
pd-user_1750216
pd-user_7504857
pd-user_6238584
pd-user_8615710
pd-user_1789411
pd-user_2148734
pd-user_9215917
pd-user_1786732
pd-user_9544304
pd-user_1987820
pd-user_3358096
pd-user_4568272
pd-user_8371768
pd-user_4776798
pd-user_8140135
pd-user_8904223
pd-user_8408584
pd-user_5781735
pd-user_6738158
pd-user_39505
pd-user_2396645
pd-user_8737990
pd-user_5572128
pd-user_3869797
pd-user_2796123
pd-user_8154035
pd-user_7606157
pd-user_428973
pd-user_354606
pd-user_8372589
pd-user_9530714
pd-user_512982
pd-user_8438560
pd-user_8781642
pd-user_22367
pd-user_9461282
pd-user_3841064
pd-user_2404336
pd-user_7839052
pd-user_7994480
pd-user_3815540
pd-user_7879354
pd-user_8743811
pd-user_8631172
pd-user_2176851
pd-user_275767
pd-user_1134551
pd-user_1421763
pd-user_4201029
pd-user_3004594
pd-user_6049283
pd-user_1588334
pd-user_1520636
pd-user_6536878
pd-user_6108984
pd-user_2378056
pd-user_7915588
pd-user_3158710
pd-user_1913135
pd-user_2855510
pd-user_8986912
pd-user_7276354
pd-user_7985258
pd-user_1269763
pd-user_5077537
pd-user_5204073
pd-user_6727846
pd-user_910911
pd-user_3704216
pd-user_531297
pd-user_9298620
pd-user_6282116
pd-user_4801800
pd-user_8744397
pd-user_3469831
pd-user_9127950
pd-user_7741897
pd-user_8299861
pd-user_7026593
pd-user_3141778
pd-user_8937767
pd-user_1221544
pd-user_1408403
pd-user_8146417
pd-user_4827345
pd-user_9152451
pd-user_6795644
pd-user_3388781
pd-user_2620391
pd-user_5035090
pd-user_9448358
pd-user_3785250
pd-user_5253291
pd-user_8470707
pd-user_5576547
pd-user_9408651
pd-user_3867493
pd-user_6161135
pd-user_8620017
pd-user_136257
pd-user_8344162
pd-user_8416414
pd-user_8783210
pd-user_8815347
pd-user_8107046
pd-user_1513409
pd-user_7365294
pd-user_9568685
pd-user_9469891
pd-user_387498
pd-user_588883
pd-user_582958
pd-user_4300932
pd-user_9034092
pd-user_136732
pd-user_5288025
pd-user_8210848
pd-user_6398626
pd-user_6378682
pd-user_43327
pd-user_6243965
pd-user_8471277
pd-user_1300732
pd-user_7536690
pd-user_7525373
pd-user_9893365
pd-user_5422952
pd-user_5008709
pd-user_9339733
pd-user_3540636
pd-user_5256518
pd-user_7833421
pd-user_1316058
pd-user_7150468
pd-user_5525345
pd-user_3467499
pd-user_4091175
pd-user_4365671
pd-user_1716815
pd-user_9692157
pd-user_6872825
pd-user_2151810
pd-user_6228063
pd-user_9943042
pd-user_5161625
pd-user_901516
pd-user_6549877
pd-user_6883565
pd-user_4505993
pd-user_685356
pd-user_5691338
pd-user_3064235
pd-user_8186023
pd-user_6557538
pd-user_5855949
pd-user_5677638
pd-user_3058003
pd-user_9112432
pd-user_7624417
pd-user_2770838
pd-user_8684771
pd-user_2964261
pd-user_1621705
pd-user_5535952
pd-user_6882245
pd-user_7917636
pd-user_9574687
pd-user_6998894
pd-user_6873270
pd-user_2800664
pd-user_8376611
pd-user_1419101
pd-user_5445595
pd-user_9080301
pd-user_8722360
pd-user_2694405
pd-user_5478587
pd-user_9640765
pd-user_4113266
pd-user_8920085
pd-user_6673556
pd-user_8405183
pd-user_5898423
pd-user_6412770
pd-user_9098660
pd-user_9469718
pd-user_1780499
pd-user_2190190
pd-user_8979452
pd-user_8311226
pd-user_9590710
pd-user_4570779
pd-user_3533130
pd-user_9445035
pd-user_9685869
pd-user_1355510
pd-user_6181425
pd-user_1277750
pd-user_8358798
pd-user_729196
pd-user_7125301
pd-user_1442286
pd-user_6106121
pd-user_3404634
pd-user_5622680
pd-user_9306368
pd-user_3239283
pd-user_6388313
pd-user_7560365
pd-user_8942890
pd-user_3153085
pd-user_5260759
pd-user_6443487
pd-user_7961303
pd-user_1718273
pd-user_6201013
pd-user_1604283
pd-user_2604064
pd-user_5287687
pd-user_86630
pd-user_5768358
pd-user_2959487
pd-user_2303847
pd-user_7117812
pd-user_9096142
pd-user_2885244
pd-user_9362425
pd-user_2823974
pd-user_8429418
pd-user_6591403
pd-user_407440
pd-user_1009785
pd-user_6430452
pd-user_3083509
pd-user_2132814
pd-user_8645623
pd-user_9745496
pd-user_977004
pd-user_8306183
pd-user_2527887
pd-user_2728216
pd-user_2111146
pd-user_8771501
pd-user_1994766
pd-user_117760
pd-user_8006742
pd-user_9795274
pd-user_786110
pd-user_1392726
pd-user_9386208
pd-user_4350071
pd-user_4798777
pd-user_51360
pd-user_8679550
pd-user_5794255
pd-user_5942477
pd-user_1293800
pd-user_2484863
pd-user_2708564
pd-user_4697786
pd-user_5107554
pd-user_8547394
pd-user_2644008
pd-user_2433241
pd-user_7553590
pd-user_6561847
pd-user_4015703
pd-user_2161393
pd-user_9126183
pd-user_5342414
pd-user_7302548
pd-user_624818
pd-user_2514629
pd-user_5337968
pd-user_8050665
pd-user_534585
pd-user_8559145
pd-user_4740877
pd-user_2465747
pd-user_5985522
pd-user_829632
pd-user_3458018
pd-user_2918532
pd-user_6797553
pd-user_9447718
pd-user_3517971
pd-user_6540988
pd-user_1621039
pd-user_8447114
pd-user_8698167
pd-user_9366685
pd-user_8879056
pd-user_8984187
pd-user_9339258
pd-user_2661874
pd-user_8791952
pd-user_7062293
pd-user_8258329
pd-user_6913770
pd-user_3949593
pd-user_8398483
pd-user_2660531
pd-user_6480879
pd-user_2759361
pd-user_9840497
pd-user_7965874
pd-user_6717551
pd-user_5977288
pd-user_856282
pd-user_8422312
pd-user_7314390
pd-user_5209241
pd-user_7233735
pd-user_6271141
pd-user_2194123
pd-user_14175
pd-user_5143879
pd-user_1798707
pd-user_4236684
pd-user_8102328
pd-user_9330835
pd-user_1168757
pd-user_2357404
pd-user_9243821
pd-user_4397908
pd-user_1272913
pd-user_8623352
pd-user_5219324
pd-user_5036390
pd-user_8537894
pd-user_3217735
pd-user_3078466
pd-user_6644889
pd-user_4911066
pd-user_5465974
pd-user_4872630
pd-user_1985728
pd-user_239942
pd-user_911400
pd-user_3517897
pd-user_7602725
pd-user_6382342
pd-user_2858095
pd-user_2541031
pd-user_2700525
pd-user_1281447
pd-user_5756124
pd-user_9370514
pd-user_698182
pd-user_4825449
pd-user_1635306
pd-user_921754
pd-user_5841703
pd-user_3374971
pd-user_5555608
pd-user_3926220
pd-user_7902416
pd-user_185684
pd-user_3644982
pd-user_7118940
pd-user_7486108
pd-user_7830633
pd-user_5981290
pd-user_4222270
pd-user_3394745
pd-user_9825796
pd-user_9506005
pd-user_1335187
pd-user_4479453
pd-user_660770
pd-user_8095625
pd-user_6239415
pd-user_5288342
pd-user_4121222
pd-user_7382429
pd-user_1730512
pd-user_600281
pd-user_2506960
pd-user_7440341
pd-user_7265523
pd-user_3087927
pd-user_2366023
pd-user_2902476
pd-user_3319045
pd-user_5982816
pd-user_3467655
pd-user_4737698
pd-user_1920872
pd-user_7833086
pd-user_741549
pd-user_9400631
pd-user_2860275
pd-user_2970132
pd-user_8870784
pd-user_5111870
pd-user_5477107
pd-user_654912
pd-user_991560
pd-user_9801636
pd-user_4273670
pd-user_1704147
pd-user_4550765
pd-user_2354692
pd-user_6338447
pd-user_5936938
pd-user_3664203
pd-user_8877667
pd-user_6765487
pd-user_1335486
pd-user_9355871
pd-user_3653205
pd-user_3743696
pd-user_8107055
pd-user_1503756
pd-user_8367834
pd-user_5275848
pd-user_5929680
pd-user_5421838
pd-user_8313875
pd-user_1586316
pd-user_3496875
pd-user_563459
pd-user_1860468
pd-user_1987310
pd-user_3204520
pd-user_8807334
pd-user_7632288
pd-user_2016011
pd-user_8830222
pd-user_1950290
pd-user_3297355
pd-user_3680545
pd-user_8370976
pd-user_7659835
pd-user_4000315
pd-user_1105693
pd-user_6052544
pd-user_9554434
pd-user_1164950
pd-user_3005340
pd-user_9727960
pd-user_2930090
pd-user_9544090
pd-user_4536858
pd-user_7854606
pd-user_8591190
pd-user_5374636
pd-user_5716888
pd-user_7909402
pd-user_4916552
pd-user_808857
pd-user_9039736
pd-user_5995849
pd-user_5343957
pd-user_8928070
pd-user_8331609
pd-user_8268644
pd-user_2969328
pd-user_1292725
pd-user_249898
pd-user_7916183
pd-user_2875034
pd-user_5131799
pd-user_5610394
pd-user_7271440
pd-user_3381336
pd-user_4229249
pd-user_584801
pd-user_4850327
pd-user_6309482
pd-user_9141527
pd-user_3584547
pd-user_8109431
pd-user_6891782
pd-user_756291
pd-user_5909886
pd-user_2495905
pd-user_8628237
pd-user_1524731
pd-user_4039315
pd-user_3952611
pd-user_9870516
pd-user_1013050
pd-user_2904408
pd-user_2707847
pd-user_373506
pd-user_6965562
pd-user_8499573
pd-user_1735081
pd-user_8021347
pd-user_2264422
pd-user_5276239
pd-user_9584680
pd-user_2325757
pd-user_1753320
pd-user_4149890
pd-user_9228279
pd-user_3356656
pd-user_6006006
pd-user_8851372
pd-user_8457994
pd-user_2597236
pd-user_4899143
pd-user_6421457
pd-user_6881792
pd-user_2433011
pd-user_6508094
pd-user_275742
pd-user_3924414
pd-user_6943216
pd-user_7783948
pd-user_744497
pd-user_7235204
pd-user_8604199
pd-user_4397255
pd-user_7323376
pd-user_5482645
pd-user_6441071
pd-user_9856949
pd-user_7844141
pd-user_7127516
pd-user_3006588
pd-user_5418679
pd-user_783334
pd-user_1005431
pd-user_2767459
pd-user_9221960
pd-user_2474648
pd-user_1197654
pd-user_3519687
pd-user_5361101
pd-user_6594173
pd-user_8324818
pd-user_7486107
pd-user_8897750
pd-user_9115497
pd-user_4928829
pd-user_7328077
pd-user_6212494
pd-user_5653629
pd-user_7826630
pd-user_3894295
pd-user_4323961
pd-user_8817298
pd-user_4464749
pd-user_8685660
pd-user_518833
pd-user_5376775
pd-user_824765
pd-user_1881805
pd-user_3446153
pd-user_5918055
pd-user_4227560
pd-user_4823391
pd-user_3770711
pd-user_1859888
pd-user_7119643
pd-user_147708
pd-user_7842809
pd-user_5103700
pd-user_9800571
pd-user_8832395
pd-user_4614812
pd-user_4996878
pd-user_3901144
pd-user_2319094
pd-user_6765300
pd-user_5097501
pd-user_3852757
pd-user_6098219
pd-user_9320553
pd-user_2989762
pd-user_9338286
pd-user_646315
pd-user_2194565
pd-user_7629777
pd-user_6004184
pd-user_4499954
pd-user_2246272
pd-user_7515620
pd-user_1592127
pd-user_9567048
pd-user_2323991
pd-user_5518760
pd-user_1340952
pd-user_6525523
pd-user_1692829
pd-user_1968918
pd-user_6117393
pd-user_7779067
pd-user_2245931
pd-user_8385808
pd-user_2854866
pd-user_9744679
pd-user_9657289
pd-user_802876
pd-user_7354766
pd-user_7194797
pd-user_2312483
pd-user_7728548
pd-user_5773131
pd-user_3866459
pd-user_9072765
pd-user_8287348
pd-user_3016274
pd-user_1233538
pd-user_8718348
pd-user_2828271
pd-user_5850096
pd-user_1849990
pd-user_3915183
pd-user_9022237
pd-user_7999784
pd-user_3247565
pd-user_3838917
pd-user_297827
pd-user_9903080
pd-user_8528573
pd-user_9442505
pd-user_4397138
pd-user_58179
pd-user_5998861
pd-user_3111994
pd-user_3406207
pd-user_8786199
pd-user_1978499
pd-user_3794657
pd-user_3945442
pd-user_9645985
pd-user_3083305
pd-user_8390488
pd-user_3858323
pd-user_3580627
pd-user_9672578
pd-user_3415848
pd-user_3400612
pd-user_386471
pd-user_7530942
pd-user_7619383
pd-user_9417729
pd-user_1281496
pd-user_8460712
pd-user_7155672
pd-user_8760204
pd-user_1744225
pd-user_3187519
pd-user_3973046
pd-user_9829836
pd-user_3442795
pd-user_3935073
pd-user_4488930
pd-user_2777489
pd-user_8002658
pd-user_5157969
pd-user_8233205
pd-user_5431032
pd-user_3111981
pd-user_7261598
pd-user_1224354
pd-user_1258831
pd-user_1420211
pd-user_785859
pd-user_3251274
pd-user_4451255
pd-user_422150
pd-user_995600
pd-user_9185591
pd-user_124877
pd-user_9144491
pd-user_3725248
pd-user_7406992
pd-user_4747339
pd-user_305929
pd-user_4663167
pd-user_8832484
pd-user_4066052
pd-user_3339996
pd-user_1274249
pd-user_4620467
pd-user_6833965
pd-user_1575279
pd-user_4095903
pd-user_2064897
pd-user_4851907
pd-user_2815079
pd-user_6751168
pd-user_6567948
pd-user_5022641
pd-user_6511979
pd-user_417931
pd-user_6844405
pd-user_4342286
pd-user_1212822
pd-user_4870145
pd-user_9809679
pd-user_4050550
pd-user_3416717
pd-user_957533
pd-user_6892361
pd-user_1846096
pd-user_9486230
pd-user_1261698
pd-user_4379921
pd-user_9004595
pd-user_3534383
pd-user_2579626
pd-user_6212181
pd-user_3629695
pd-user_8469548
pd-user_7148309
pd-user_3715637
pd-user_8877602
pd-user_9076031
pd-user_1859408
pd-user_7171622
pd-user_507768
pd-user_1978420
pd-user_9079655
pd-user_5193204
pd-user_2864675
pd-user_8460072
pd-user_3118725
pd-user_5998604
pd-user_3361218
pd-user_9230853
pd-user_8314179
pd-user_9329381
pd-user_5099135
pd-user_9036985
pd-user_4181347
pd-user_6450786
pd-user_974135
pd-user_4966566
pd-user_1761715
pd-user_6211611
pd-user_8541572
pd-user_2256485
pd-user_2325565
pd-user_4997074
pd-user_4733744
pd-user_9874942
pd-user_1967770
pd-user_9631089
pd-user_156278
pd-user_1343515
pd-user_127393
pd-user_4063616
pd-user_9926090
pd-user_2935837
pd-user_1197949
pd-user_8215525
pd-user_2623935
pd-user_8458492
pd-user_5554321
pd-user_1870139
pd-user_585563
pd-user_7186707
pd-user_3101952
pd-user_9338306
pd-user_4608841
pd-user_1938801
pd-user_4403491
pd-user_5286737
pd-user_6943533
pd-user_2025012
pd-user_8415086
pd-user_7500586
pd-user_6158519
pd-user_852197
pd-user_5782935
pd-user_4570729
pd-user_5563847
pd-user_8734343
pd-user_9670861
pd-user_551207
pd-user_7715296
pd-user_2578904
pd-user_603766
pd-user_4934102
pd-user_701087
pd-user_3680312
pd-user_791861
pd-user_2411086
pd-user_8647164
pd-user_370072
pd-user_2635755
pd-user_273012
pd-user_8782132
pd-user_6122309
pd-user_199207
pd-user_2317862
pd-user_7646359
pd-user_2197451
pd-user_5576017
pd-user_1557627
pd-user_8519510
pd-user_6554405
pd-user_3464223
pd-user_956192
pd-user_7321200
pd-user_8125977
pd-user_8066008
pd-user_9067366
pd-user_4526298
pd-user_2510416
pd-user_1403235
pd-user_2535956
pd-user_8437401
pd-user_7070147
pd-user_3132117
pd-user_7797816
pd-user_8459388
pd-user_2150195
pd-user_3284963
pd-user_5163965
pd-user_4538063
pd-user_5698442
pd-user_6950929
pd-user_5276954
pd-user_6817356
pd-user_7276145
pd-user_9520351
pd-user_718841
pd-user_2178745
pd-user_138403
pd-user_6119110
pd-user_9265190
pd-user_1471722
pd-user_6180182
pd-user_190746
pd-user_5328981
pd-user_4230260
pd-user_7892342
pd-user_9754530
pd-user_4080728
pd-user_5992628
pd-user_583986
pd-user_1845375
pd-user_2814705
pd-user_4289201
pd-user_2798859
pd-user_5346453
pd-user_8049849
pd-user_5514663
pd-user_6522422
pd-user_6429846
pd-user_394657
pd-user_684900
pd-user_6296090
pd-user_8524283
pd-user_6912496
pd-user_8363621
pd-user_2805874
pd-user_1229477
pd-user_5479126
pd-user_8158524
pd-user_2939027
pd-user_7255684
pd-user_1207753
pd-user_3863102
pd-user_3179091
pd-user_1462102
pd-user_7788542
pd-user_2074316
pd-user_949326
pd-user_4222934
pd-user_7235371
pd-user_7087058
pd-user_7044167
pd-user_3115780
pd-user_6478426
pd-user_6802241
pd-user_4270459
pd-user_2712095
pd-user_738029
pd-user_3368190
pd-user_5859662
pd-user_2722564
pd-user_5666684
pd-user_5553052
pd-user_7267509
pd-user_1581278
pd-user_7222112
pd-user_43422
pd-user_6442239
pd-user_6845478
pd-user_1879213
pd-user_4024624
pd-user_6059397
pd-user_5929408
pd-user_9120983
pd-user_5953327
pd-user_5597110
pd-user_1436725
pd-user_289664
pd-user_3947311
pd-user_9360230
pd-user_43217
pd-user_427113
pd-user_6176848
pd-user_2053727
pd-user_8953957
pd-user_6158990
pd-user_5152197
pd-user_6366236
pd-user_7423644
pd-user_8306549
pd-user_6160172
pd-user_7389681
pd-user_5660711
pd-user_6595036
pd-user_2235990
pd-user_8960335
pd-user_4958032
pd-user_2934917
pd-user_5509771
pd-user_7397187
pd-user_7402843
pd-user_5315339
pd-user_3002182
pd-user_3972629
pd-user_5324434
pd-user_6286223
pd-user_6551845
pd-user_8740838
pd-user_8001622
pd-user_3593751
pd-user_652678
pd-user_377125
pd-user_8993415
pd-user_155244
pd-user_5757518
pd-user_2099308
pd-user_4985072
pd-user_7202581
pd-user_3529591
pd-user_4683076
pd-user_2883438
pd-user_7730235
pd-user_7649635
pd-user_2966393
pd-user_5809602
pd-user_6285042
pd-user_6562556
pd-user_1725998
pd-user_6356272
pd-user_9016716
pd-user_4751452
pd-user_727508
pd-user_434783
pd-user_5692084
pd-user_9203386
pd-user_4001381
pd-user_7447244
pd-user_776214
pd-user_2752149
pd-user_871262
pd-user_7711444
pd-user_1689186
pd-user_3756943
pd-user_1003962
pd-user_2119970
pd-user_702105
pd-user_2549680
pd-user_6590914
pd-user_5617884
pd-user_2102398
pd-user_4798864
pd-user_5634892
pd-user_6802089
pd-user_6843011
pd-user_8894583
pd-user_7528710
pd-user_3285156
pd-user_971822
pd-user_2280786
pd-user_7627601
pd-user_984194
pd-user_4468456
pd-user_6007742
pd-user_7767497
pd-user_2603649
pd-user_2753108
pd-user_2073671
pd-user_5413239
pd-user_5249030
pd-user_9394575
pd-user_2858553
pd-user_5596011
pd-user_9774215
pd-user_9477409
pd-user_3023198
pd-user_8349770
pd-user_8366540
pd-user_7806711
pd-user_5686452
pd-user_4372637
pd-user_4234262
pd-user_7767520
pd-user_9375352
pd-user_8064734
pd-user_6165325
pd-user_2565302
pd-user_6632385
pd-user_9219315
pd-user_4973196
pd-user_8588991
pd-user_6245573
pd-user_6749188
pd-user_2986680
pd-user_2368698
pd-user_9444866
pd-user_9236045
pd-user_1126495
pd-user_6001862
pd-user_8867120
pd-user_5204396
pd-user_4280398
pd-user_4170447
pd-user_7483106
pd-user_2685167
pd-user_4495977
pd-user_4609839
pd-user_9600911
pd-user_3907828
pd-user_4995840
pd-user_4059724
pd-user_9438538
pd-user_1069673
pd-user_8555616
pd-user_4363165
pd-user_9728102
pd-user_2206916
pd-user_3279494
pd-user_6194349
pd-user_9159066
pd-user_6344201
pd-user_8419302
pd-user_3376064
pd-user_630294
pd-user_3551212
pd-user_3720152
pd-user_1223944
pd-user_1342287
pd-user_5909090
pd-user_8510414
pd-user_7032325
pd-user_9698631
pd-user_3812977
pd-user_2331155
pd-user_6678980
pd-user_686771
pd-user_3204024
pd-user_7868737
pd-user_7024853
pd-user_1322144
pd-user_3463411
pd-user_9739430
pd-user_6314011
pd-user_8237846
pd-user_6810182
pd-user_9597562
pd-user_9574871
pd-user_2817795
pd-user_3235074
pd-user_3870474
pd-user_3032868
pd-user_6540303
pd-user_6323441
pd-user_4615510
pd-user_3412152
pd-user_3070377
pd-user_3810638
pd-user_7811088
pd-user_866867
pd-user_7036886
pd-user_2784972
pd-user_2560148
pd-user_9150138
pd-user_3125502
pd-user_5241727
pd-user_1057199
pd-user_4287685
pd-user_657717
pd-user_2235716
pd-user_761534
pd-user_3958382
pd-user_8608439
pd-user_3845257
pd-user_3460889
pd-user_2455245
pd-user_8015138
pd-user_225148
pd-user_640317
pd-user_2929330
pd-user_3939875
pd-user_1123534
pd-user_105271
pd-user_1474712
pd-user_8865357
pd-user_666185
pd-user_1973397
pd-user_4442137
pd-user_9190087
pd-user_2355935
pd-user_3403265
pd-user_9232039
pd-user_1909910
pd-user_3255023
pd-user_5388914
pd-user_1509458
pd-user_4058014
pd-user_4351538
pd-user_9437454
pd-user_9239566
pd-user_5332345
pd-user_2514479
pd-user_6365618
pd-user_5435944
pd-user_6450036
pd-user_9643090
pd-user_5585028
pd-user_7932499
pd-user_5537974
pd-user_1488908
pd-user_8849036
pd-user_8482832
pd-user_9026917
pd-user_2085545
pd-user_9627148
pd-user_3262243
pd-user_1932541
pd-user_3019338
pd-user_5765526
pd-user_6040978
pd-user_6873812
pd-user_3813485
pd-user_4209842
pd-user_7812163
pd-user_6500894
pd-user_7756169
pd-user_8378593
pd-user_7994881
pd-user_5356376
pd-user_619758
pd-user_996564
pd-user_4582656
pd-user_5402664
pd-user_1687329
pd-user_562091
pd-user_9335704
pd-user_2707047
pd-user_1153224
pd-user_4781305
pd-user_9783092
pd-user_7100508
pd-user_6642066
pd-user_3235696
pd-user_8552208
pd-user_4332866
pd-user_3452638
pd-user_592960
pd-user_5072674
pd-user_140783
pd-user_3752677
pd-user_3233808
pd-user_3438091
pd-user_9159814
pd-user_6079629
pd-user_4184076
pd-user_3941595
pd-user_6173269
pd-user_5968244
pd-user_290060
pd-user_826064
pd-user_6954474
pd-user_7094446
pd-user_4474320
pd-user_4447850
pd-user_5145377
pd-user_4376721
pd-user_4700483
pd-user_6588022
pd-user_5497447
pd-user_8511997
pd-user_4430979
pd-user_1349595
pd-user_2929784
pd-user_795867
pd-user_10658
pd-user_4620585
pd-user_5416282
pd-user_8633281
pd-user_9204938
pd-user_5183877
pd-user_299810
pd-user_6851943
pd-user_8958876
pd-user_8258396
pd-user_3743896
pd-user_9090286
pd-user_4830756
pd-user_3007625
pd-user_8049122
pd-user_7508226
pd-user_3954941
pd-user_8753606
pd-user_2676468
pd-user_4561357
pd-user_3360888
pd-user_8490023
pd-user_7769971
pd-user_5666608
pd-user_9031869
pd-user_787014
pd-user_5586101
pd-user_9730188
pd-user_547877
pd-user_1322795
pd-user_7937249
pd-user_5258546
pd-user_4686129
pd-user_4040496
pd-user_980738
pd-user_343221
pd-user_4648033
pd-user_100439
pd-user_4611054
pd-user_1592107
pd-user_6719783
pd-user_6818747
pd-user_4505518
pd-user_8933579
pd-user_1993028
pd-user_442358
pd-user_6215111
pd-user_366037
pd-user_2224666
pd-user_7807252
pd-user_6862366
pd-user_2082548
pd-user_2875583
pd-user_1207106
pd-user_6387725
pd-user_7963088
pd-user_1663484
pd-user_9953206
pd-user_3488948
pd-user_8167623
pd-user_1806972
pd-user_7675036
pd-user_6634678
pd-user_5661244
pd-user_6365848
pd-user_9536169
pd-user_6088779
pd-user_7243418
pd-user_8002432
pd-user_1871180
pd-user_6290147
pd-user_9629258
pd-user_1000409
pd-user_3448656
pd-user_7321705
pd-user_8662894
pd-user_9202981
pd-user_947092
pd-user_9664098
pd-user_7318258
pd-user_4592493
pd-user_1926786
pd-user_3160793
pd-user_2653824
pd-user_3030515
pd-user_7786297
pd-user_9509160
pd-user_8133413
pd-user_9485532
pd-user_3361747
pd-user_5572670
pd-user_1418916
pd-user_5174249
pd-user_3565854
pd-user_97234
pd-user_6224350
pd-user_9325234
pd-user_6630198
pd-user_6510752
pd-user_4430261
pd-user_5406015
pd-user_6732158
pd-user_7087460
pd-user_1430148
pd-user_5353060
pd-user_597362
pd-user_4202563
pd-user_5259961
pd-user_9030264
pd-user_4677792
pd-user_901834
pd-user_3797244
pd-user_3878744
pd-user_8737657
pd-user_8481160
pd-user_1912882
pd-user_3415036
pd-user_9663269
pd-user_7497282
pd-user_124266
pd-user_3746577
pd-user_3482795
pd-user_3024133
pd-user_46481
pd-user_5686255
pd-user_2739133
pd-user_81694
pd-user_2968690
pd-user_8274300
pd-user_2681562
pd-user_1447918
pd-user_7253612
pd-user_7584391
pd-user_7461969
pd-user_6673163
pd-user_7270964
pd-user_1897116
pd-user_8554987
pd-user_4664900
pd-user_3995389
pd-user_5005282
pd-user_9471276
pd-user_9386003
pd-user_1800001
pd-user_2464697
pd-user_6613217
pd-user_8615250
pd-user_9604316
pd-user_1035794
pd-user_2871144
pd-user_2002594
pd-user_4455375
pd-user_6419658
pd-user_8280297
pd-user_7480270
pd-user_9347964
pd-user_6643133
pd-user_8629027
pd-user_7984310
pd-user_6323689
pd-user_2130890
pd-user_2872889
pd-user_6762610
pd-user_6666880
pd-user_2649991
pd-user_9075195
pd-user_7070601
pd-user_3792205
pd-user_560246
pd-user_945430
pd-user_2756717
pd-user_3730180
pd-user_4247844
pd-user_8612093
pd-user_9951577
pd-user_7047204
pd-user_5339105
pd-user_2051865
pd-user_7704176
pd-user_9276755
pd-user_2142869
pd-user_2131107
pd-user_8079914
pd-user_5553988
pd-user_5984942
pd-user_1564982
pd-user_3424710
pd-user_6201289
pd-user_4620683
pd-user_6472636
pd-user_3540391
pd-user_218912
pd-user_433482
pd-user_2383901
pd-user_2530892
pd-user_1451895
pd-user_2484811
pd-user_8532321
pd-user_7875253
pd-user_438800
pd-user_8425759
pd-user_7956543
pd-user_2167087
pd-user_4230043
pd-user_7416131
pd-user_1333664
pd-user_3894403
pd-user_186015
pd-user_4140033
pd-user_3108347
pd-user_6318568
pd-user_4767310
pd-user_2653040
pd-user_8766144
pd-user_4490127
pd-user_8948670
pd-user_7984048
pd-user_4526566
pd-user_5519674
pd-user_3905954
pd-user_5864418
pd-user_9845056
pd-user_3874365
pd-user_8569977
pd-user_2994361
pd-user_5755734
pd-user_7376647
pd-user_4003228
pd-user_6766286
pd-user_4909949
pd-user_3911831
pd-user_8817337
pd-user_4003528
pd-user_2901339
pd-user_6324722
pd-user_1777644
pd-user_3350780
pd-user_5577105
pd-user_3367988
pd-user_6047550
pd-user_4887832
pd-user_9916572
pd-user_4080874
pd-user_9446904
pd-user_2004397
pd-user_4181009
pd-user_967083
pd-user_3434649
pd-user_1795674
pd-user_6106409
pd-user_6618523
pd-user_8238729
pd-user_7344757
pd-user_4400748
pd-user_6859424
pd-user_8199741
pd-user_5228542
pd-user_5391390
pd-user_4890193
pd-user_9319766
pd-user_6655328
pd-user_8691040
pd-user_8784053
pd-user_3477306
pd-user_9293879
pd-user_1253236
pd-user_8683211
pd-user_9619380
pd-user_141436
pd-user_6237588
pd-user_5789675
pd-user_9742669
pd-user_4359855
pd-user_1142487
pd-user_6272347
pd-user_2794913
pd-user_3557805
pd-user_2377960
pd-user_3853526
pd-user_7197838
pd-user_1702254
pd-user_4702388
pd-user_6518200
pd-user_1252438
pd-user_140463
pd-user_4586219
pd-user_8670671
pd-user_853190
pd-user_9694003
pd-user_3576572
pd-user_3489523
pd-user_6980223
pd-user_119529
pd-user_5703811
pd-user_7092382
pd-user_2459192
pd-user_7348941
pd-user_6134966
pd-user_9819197
pd-user_5157706
pd-user_3342753
pd-user_1650928
pd-user_2094769
pd-user_1289402
pd-user_9005503
pd-user_4545728
pd-user_2215278
pd-user_1660711
pd-user_3166336
pd-user_6947597
pd-user_8241462
pd-user_9524495
pd-user_1297293
pd-user_8099806
pd-user_8109545
pd-user_5037710
pd-user_938651
pd-user_7741644
pd-user_1280320
pd-user_1654318
pd-user_3570548
pd-user_5108152
pd-user_6494956
pd-user_7325957
pd-user_9354452
pd-user_2182337
pd-user_5065820
pd-user_7390167
pd-user_5802500
pd-user_8637770
pd-user_5917125
pd-user_1334695
pd-user_9397369
pd-user_5954871
pd-user_6321771
pd-user_9205653
pd-user_3969759
pd-user_7379247
pd-user_3224153
pd-user_2440011
pd-user_7086139
pd-user_7524000
pd-user_9433054
pd-user_5272558
pd-user_212133
pd-user_4460389
pd-user_3219902
pd-user_4001761
pd-user_5080192
pd-user_5054301
pd-user_9172568
pd-user_5178450
pd-user_6321625
pd-user_6975189
pd-user_8003093
pd-user_3759977
pd-user_1289202
pd-user_5591510
pd-user_230385
pd-user_3486123
pd-user_201374
pd-user_6733330
pd-user_6327964
pd-user_6353031
pd-user_7397277
pd-user_8228065
pd-user_4954867
pd-user_5959913
pd-user_1807118
pd-user_1660579
pd-user_8873
pd-user_5675787
pd-user_3165577
pd-user_7136229
pd-user_1041103
pd-user_5530761
pd-user_2918972
pd-user_4908905
pd-user_357356
pd-user_7658882
pd-user_8644970
pd-user_188391
pd-user_5362128
pd-user_9264180
pd-user_5636375
pd-user_6444777
pd-user_3090758
pd-user_2563751
pd-user_2723149
pd-user_9041084
pd-user_3648725
pd-user_2130392
pd-user_1146445
pd-user_6387159
pd-user_2209311
pd-user_1724758
pd-user_2423825
pd-user_3755111
pd-user_2047871
pd-user_8637376
pd-user_2632989
pd-user_3115914
pd-user_8497788
pd-user_8899894
pd-user_781448
pd-user_8736798
pd-user_3376070
pd-user_136725
pd-user_7525964
pd-user_7394036
pd-user_56602
pd-user_1699654
pd-user_1359150
pd-user_3396476
pd-user_4469242
pd-user_2141379
pd-user_4707222
pd-user_2147425
pd-user_9171875
pd-user_7327883
pd-user_3309836
pd-user_8943389
pd-user_4733086
pd-user_8096426
pd-user_1259258
pd-user_4862235
pd-user_1968401
pd-user_9998094
pd-user_1306227
pd-user_2539955
pd-user_6507500
pd-user_8124023
pd-user_3868496
pd-user_4504212
pd-user_6806959
pd-user_6778408
pd-user_846459
pd-user_4335401
pd-user_6273453
pd-user_983936
pd-user_681680
pd-user_5621037
pd-user_8072892
pd-user_9181516
pd-user_6579752
pd-user_8621785
pd-user_6690759
pd-user_5243009
pd-user_8611939
pd-user_8018915
pd-user_6239348
pd-user_8267468
pd-user_2214657
pd-user_887055
pd-user_9276837
pd-user_5066777
pd-user_8893493
pd-user_989855
pd-user_140713
pd-user_196279
pd-user_3711518
pd-user_3692616
pd-user_3998548
pd-user_430091
pd-user_7780344
pd-user_4307145
pd-user_7529433
pd-user_6287964
pd-user_1257972
pd-user_2769692
pd-user_8358132
pd-user_6847949
pd-user_2039223
pd-user_7993497
pd-user_2372296
pd-user_1374026
pd-user_9675267
pd-user_2569979
pd-user_7896114
pd-user_7096871
pd-user_9067272
pd-user_4396443
pd-user_1273273
pd-user_1890835
pd-user_2972707
pd-user_607274
pd-user_9821904
pd-user_819535
pd-user_7744791
pd-user_9909974
pd-user_5738930
pd-user_8903240
pd-user_7122384
pd-user_3026184
pd-user_843384
pd-user_2348857
pd-user_6864436
pd-user_4449665
pd-user_6950548
pd-user_5987085
pd-user_3168594
pd-user_4560217
pd-user_7549007
pd-user_3790759
pd-user_9246357
pd-user_1603752
pd-user_9144739
pd-user_5259148
pd-user_193280
pd-user_5047936
pd-user_5121238
pd-user_1270585
pd-user_7643984
pd-user_6214687
pd-user_8366115
pd-user_2212536
pd-user_5377709
pd-user_4537762
pd-user_6380498
pd-user_2170264
pd-user_7475754
pd-user_4824607
pd-user_1342224
pd-user_1564953
pd-user_1085202
pd-user_1864639
pd-user_5910603
pd-user_1292880
pd-user_8569385
pd-user_2826188
pd-user_3317127
pd-user_3705117
pd-user_8636745
pd-user_7099196
pd-user_2478293
pd-user_9332138
pd-user_6050637
pd-user_9344878
pd-user_174732
pd-user_6115726
pd-user_44313
pd-user_6087080
pd-user_5166211
pd-user_5791397
pd-user_2060841
pd-user_599762
pd-user_5946742
pd-user_9786363
pd-user_2157261
pd-user_5236608
pd-user_4174272
pd-user_6583141
pd-user_5271409
pd-user_4585002
pd-user_8305219
pd-user_3839777
pd-user_9892165
pd-user_9339189
pd-user_8622659
pd-user_1930913
pd-user_7385760
pd-user_5144341
pd-user_5104099
pd-user_6291644
pd-user_9441042
pd-user_7595521
pd-user_9055750
pd-user_74570
pd-user_4264428
pd-user_2079153
pd-user_7604872
pd-user_5381945
pd-user_518952
pd-user_9065150
pd-user_3662649
pd-user_5700013
pd-user_3338962
pd-user_5428485
pd-user_1150739
pd-user_9859883
pd-user_7590672
pd-user_4817238
pd-user_9283488
pd-user_8432181
pd-user_4308722
pd-user_9125633
pd-user_4053109
pd-user_8377379
pd-user_7009165
pd-user_9727384
pd-user_7532345
pd-user_4623151
pd-user_2565531
pd-user_4579962
pd-user_1854928
pd-user_9131801
pd-user_9582627
pd-user_5988360
pd-user_373967
pd-user_3181706
pd-user_8649033
pd-user_921489
pd-user_8741166
pd-user_3622520
pd-user_6476286
pd-user_7906688
pd-user_7773485
pd-user_8740142
pd-user_6739010
pd-user_7998683
pd-user_7874398
pd-user_5670150
pd-user_3611927
pd-user_1093163
pd-user_1268254
pd-user_1316348
pd-user_8192418
pd-user_8882227
pd-user_9446717
pd-user_7723965
pd-user_1328156
pd-user_9511818
pd-user_2029191
pd-user_5490482
pd-user_5229198
pd-user_1188848
pd-user_954314
pd-user_4309201
pd-user_9205737
pd-user_1958960
pd-user_9349916
pd-user_1829759
pd-user_163437
pd-user_4767706
pd-user_6044057
pd-user_4599267
pd-user_5871632
pd-user_1953245
pd-user_7903562
pd-user_7727225
pd-user_1054568
pd-user_6406096
pd-user_8432639
pd-user_1198918
pd-user_9424228
pd-user_9728899
pd-user_8318234
pd-user_9401231
pd-user_1841324
pd-user_2343407
pd-user_4303098
pd-user_269345
pd-user_4260945
pd-user_5101471
pd-user_7484027
pd-user_9104477
pd-user_7083780
pd-user_6678892
pd-user_5686815
pd-user_9144962
pd-user_9186435
pd-user_8302800
pd-user_9179087
pd-user_7157299
pd-user_4048434
pd-user_2356445
pd-user_9602497
pd-user_6896886
pd-user_1340549
pd-user_1404888
pd-user_7380685
pd-user_5805495
pd-user_4391193
pd-user_7369533
pd-user_3719414
pd-user_1072868
pd-user_8827947
pd-user_3206734
pd-user_5090904
pd-user_7636186
pd-user_3293190
pd-user_5872635
pd-user_7923175
pd-user_3873300
pd-user_1001573
pd-user_7220677
pd-user_1134828
pd-user_8304721
pd-user_8148721
pd-user_7589601
pd-user_8428159
pd-user_8135154
pd-user_5870761
pd-user_3900354
pd-user_3206966
pd-user_1044267
pd-user_8972027
pd-user_7873961
pd-user_5258966
pd-user_7390179
pd-user_2092197
pd-user_3699931
pd-user_2567191
pd-user_8290271
pd-user_7388245
pd-user_5162527
pd-user_220471
pd-user_9777638
pd-user_9742222
pd-user_284657
pd-user_585528
pd-user_306406
pd-user_2779379
pd-user_3988112
pd-user_4929471
pd-user_5817373
pd-user_6797594
pd-user_2284635
pd-user_7851588
pd-user_4474927
pd-user_738763
pd-user_5377910
pd-user_9613473
pd-user_3843187
pd-user_2616688
pd-user_8090424
pd-user_8669555
pd-user_2242367
pd-user_9642334
pd-user_9274064
pd-user_897755
pd-user_1158772
pd-user_8098218
pd-user_9691399
pd-user_5301452
pd-user_4497322
pd-user_5078917
pd-user_9128974
pd-user_2600623
pd-user_7347585
pd-user_1743528
pd-user_1460727
pd-user_2373616
pd-user_6098764
pd-user_8345633
pd-user_2541304
pd-user_5425483
pd-user_6547246
pd-user_3613645
pd-user_2012228
pd-user_5506364
pd-user_4449248
pd-user_4022768
pd-user_445409
pd-user_489179
pd-user_8757312
pd-user_3236528
pd-user_9189863
pd-user_3176112
pd-user_8511063
pd-user_8599760
pd-user_362705
pd-user_8091590
pd-user_8297945
pd-user_9762155
pd-user_6769266
pd-user_5383707
pd-user_5103975
pd-user_8658097
pd-user_3676414
pd-user_2349689
pd-user_2774491
pd-user_4593787
pd-user_3844616
pd-user_3907026
pd-user_3520693
pd-user_6041128
pd-user_1016231
pd-user_9037138
pd-user_5729686
pd-user_4982512
pd-user_9333888
pd-user_3095231
pd-user_7843042
pd-user_3539147
pd-user_2424497
pd-user_330259
pd-user_9991396
pd-user_5458651
pd-user_2138148
pd-user_2985842
pd-user_621531
pd-user_418594
pd-user_6148828
pd-user_593806
pd-user_3460438
pd-user_8190308
pd-user_6102022
pd-user_204129
pd-user_6517525
pd-user_593212
pd-user_1616369
pd-user_6588980
pd-user_3703730
pd-user_5274373
pd-user_5843246
pd-user_3275372
pd-user_1329700
pd-user_9611473
pd-user_8906446
pd-user_5018438
pd-user_5451702
pd-user_5403705
pd-user_5152253
pd-user_3139512
pd-user_6520167
pd-user_7561865
pd-user_8174367
pd-user_6820924
pd-user_6125301
pd-user_1651789
pd-user_7159440
pd-user_3475301
pd-user_5452968
pd-user_1169982
pd-user_3572149
pd-user_2973274
pd-user_69578
pd-user_6455888
pd-user_7087685
pd-user_9992630
pd-user_3403603
pd-user_9047329
pd-user_5404126
pd-user_9497473
pd-user_2402213
pd-user_7982123
pd-user_8246918
pd-user_8412044
pd-user_5107400
pd-user_9596995
pd-user_1419830
pd-user_2205569
pd-user_6922416
pd-user_5854206
pd-user_9219506
pd-user_1257919
pd-user_2397918
pd-user_7058886
pd-user_4491128
pd-user_8794318
pd-user_7438635
pd-user_5765763
pd-user_9242051
pd-user_7961632
pd-user_7072163
pd-user_536378
pd-user_8567860
pd-user_8030193
pd-user_2925839
pd-user_252447
pd-user_2203688
pd-user_3078456
pd-user_3510650
pd-user_1409944
pd-user_9907229
pd-user_2066713
pd-user_2950357
pd-user_4067198
pd-user_8146245
pd-user_9715737
pd-user_693389
pd-user_7579686
pd-user_123201
pd-user_8722080
pd-user_3397340
pd-user_5553084
pd-user_7091611
pd-user_4593600
pd-user_7682345
pd-user_9680183
pd-user_197977
pd-user_4697950
pd-user_501920
pd-user_2074719
pd-user_1059719
pd-user_1083770
pd-user_8357839
pd-user_9741252
pd-user_5847819
pd-user_9891348
pd-user_398229
pd-user_8783804
pd-user_7265477
pd-user_5992903
pd-user_3833238
pd-user_2670855
pd-user_1988066
pd-user_3046009
pd-user_8324014
pd-user_5829580
pd-user_4540393
pd-user_9175333
pd-user_4068702
pd-user_6713167
pd-user_3168383
pd-user_8891322
pd-user_6144636
pd-user_6711930
pd-user_117657
pd-user_2155437
pd-user_277086
pd-user_4091907
pd-user_255516
pd-user_1490724
pd-user_6910314
pd-user_3849866
pd-user_1625098
pd-user_8483002
pd-user_1534889
pd-user_6922616
pd-user_7897111
pd-user_6449171
pd-user_6600382
pd-user_8392428
pd-user_3835365
pd-user_8513940
pd-user_4661793
pd-user_6107337
pd-user_8196490
pd-user_7938281
pd-user_5953880
pd-user_6239756
pd-user_1196204
pd-user_6668865
pd-user_2547752
pd-user_543469
pd-user_9151374
pd-user_4735073
pd-user_501684
pd-user_215415
pd-user_3592078
pd-user_5444026
pd-user_8960310
pd-user_6009892
pd-user_6721865
pd-user_9263040
pd-user_6724073
pd-user_1980241
pd-user_4217704
pd-user_7510705
pd-user_9384373
pd-user_6337553
pd-user_1413521
pd-user_3361841
pd-user_9713079
pd-user_926183
pd-user_7161024
pd-user_3182075
pd-user_2377575
pd-user_2874689
pd-user_8211092
pd-user_488285
pd-user_3001754
pd-user_5114163
pd-user_9839059
pd-user_4244127
pd-user_7853892
pd-user_8840907
pd-user_2393662
pd-user_9203101
pd-user_314594
pd-user_4248125
pd-user_9555694
pd-user_9309798
pd-user_1960123
pd-user_9688336
pd-user_8426914
pd-user_6215559
pd-user_3412003
pd-user_4287282
pd-user_732486
pd-user_312264
pd-user_160656
pd-user_1985032
pd-user_8152566
pd-user_7271728
pd-user_3496921
pd-user_1216789
pd-user_4165289
pd-user_6679064
pd-user_2390087
pd-user_5072313
pd-user_2562587
pd-user_8304450
pd-user_2043812
pd-user_6431706
pd-user_6987868
pd-user_7427982
pd-user_5087792
pd-user_1594539
pd-user_2022473
pd-user_5862999
pd-user_8147325
pd-user_3504593
pd-user_9320588
pd-user_8794790
pd-user_6310110
pd-user_1450505
pd-user_3043261
pd-user_587708
pd-user_2777271
pd-user_2928666
pd-user_2185333
pd-user_5974378
pd-user_9458749
pd-user_2302242
pd-user_1105464
pd-user_5163377
pd-user_8828380
pd-user_5199862
pd-user_1285597
pd-user_2838396
pd-user_5709827
pd-user_1047325
pd-user_7049890
pd-user_3970862
pd-user_1242037
pd-user_8081927
pd-user_8611263
pd-user_3351152
pd-user_6729406
pd-user_8989418
pd-user_1395513
pd-user_1134115
pd-user_5910915
pd-user_4329681
pd-user_7209847
pd-user_4051181
pd-user_7007727
pd-user_8065553
pd-user_4021022
pd-user_1662417
pd-user_760054
pd-user_4853847
pd-user_844767
pd-user_9374015
pd-user_7197336
pd-user_5046703
pd-user_5970697
pd-user_8553826
pd-user_6113879
pd-user_6823960
pd-user_7230671
pd-user_7447480
pd-user_6980391
pd-user_5021441
pd-user_855793
pd-user_4455105
pd-user_2398185
pd-user_7476432
pd-user_4291070
pd-user_5859541
pd-user_3519830
pd-user_7264889
pd-user_3920535
pd-user_4955527
pd-user_7132656
pd-user_4926983
pd-user_629867
pd-user_9205466
pd-user_5821278
pd-user_7431277
pd-user_5665934
pd-user_8221049
pd-user_7383428
pd-user_7616185
pd-user_7327675
pd-user_3366125
pd-user_9038495
pd-user_8731887
pd-user_2962055
pd-user_2874775
pd-user_6621809
pd-user_5038121
pd-user_948191
pd-user_4061710
pd-user_5642317
pd-user_7122575
pd-user_1903944
pd-user_920600
pd-user_1037908
pd-user_5413517
pd-user_7106192
pd-user_4777843
pd-user_9543917
pd-user_114155
pd-user_2236414
pd-user_1425171
pd-user_2148230
pd-user_7215275
pd-user_9506847
pd-user_308249
pd-user_7571771
pd-user_8668391
pd-user_5750775
pd-user_1783827
pd-user_1754704
pd-user_6811345
pd-user_6332283
pd-user_5251617
pd-user_2799463
pd-user_4712656
pd-user_6253343
pd-user_6690222
pd-user_2644173
pd-user_6339408
pd-user_7075518
pd-user_5593128
pd-user_4229572
pd-user_6854338
pd-user_4366093
pd-user_1029239
pd-user_7910778
pd-user_5891634
pd-user_8338673
pd-user_8437126
pd-user_9249482
pd-user_857614
pd-user_7290803
pd-user_7061277
pd-user_6198036
pd-user_4029549
pd-user_1340796
pd-user_8836951
pd-user_4997498
pd-user_3786138
pd-user_2358187
pd-user_3427413
pd-user_4135246
pd-user_9992749
pd-user_53412
pd-user_1725939
pd-user_9878170
pd-user_882088
pd-user_8540200
pd-user_8212837
pd-user_1558584
pd-user_3774712
pd-user_2595503
pd-user_7749993
pd-user_6337074
pd-user_2296341
pd-user_9686608
pd-user_815592
pd-user_352388
pd-user_5231992
pd-user_8155281
pd-user_8066456
pd-user_2992819
pd-user_6644787
pd-user_8417663
pd-user_5953521
pd-user_8716110
pd-user_4777267
pd-user_5965964
pd-user_3773188
pd-user_2938805
pd-user_377645
pd-user_9478379
pd-user_9442555
pd-user_9819897
pd-user_9805246
pd-user_9661762
pd-user_8741404
pd-user_7276191
pd-user_6644136
pd-user_4591034
pd-user_5232943
pd-user_3324836
pd-user_6934670
pd-user_4555808
pd-user_1001589
pd-user_5536880
pd-user_6944901
pd-user_7991930
pd-user_3689859
pd-user_2367491
pd-user_7753733
pd-user_5429333
pd-user_3481231
pd-user_8873017
pd-user_7129361
pd-user_6721172
pd-user_2680091
pd-user_6610126
pd-user_1019037
pd-user_9745665
pd-user_212383
pd-user_2221639
pd-user_6646397
pd-user_1144629
pd-user_7930432
pd-user_3534750
pd-user_3604779
pd-user_1272909
pd-user_8946464
pd-user_5583192
pd-user_6662843
pd-user_4265657
pd-user_2999352
pd-user_1213047
pd-user_3245222
pd-user_6947504
pd-user_5151635
pd-user_1039573
pd-user_5947254
pd-user_3665709
pd-user_8274230
pd-user_5028085
pd-user_4152239
pd-user_2954107
pd-user_5974114
pd-user_1466172
pd-user_5858354
pd-user_380112
pd-user_5751332
pd-user_255616
pd-user_6137285
pd-user_6533549
pd-user_3261017
pd-user_491237
pd-user_8957928
pd-user_12076
pd-user_743972
pd-user_3270791
pd-user_6029626
pd-user_8410648
pd-user_5395087
pd-user_4266620
pd-user_9756813
pd-user_4013514
pd-user_6622861
pd-user_8808003
pd-user_4897438
pd-user_7388199
pd-user_9464669
pd-user_4119653
pd-user_2160399
pd-user_6674342
pd-user_345011
pd-user_2159822
pd-user_9561088
pd-user_2594856
pd-user_4596949
pd-user_4497570
pd-user_4433771
pd-user_6691545
pd-user_3121760
pd-user_6949375
pd-user_6643259
pd-user_962125
pd-user_2781508
pd-user_2529622
pd-user_902015
pd-user_9961155
pd-user_126135
pd-user_8783575
pd-user_546044
pd-user_4311327
pd-user_2478729
pd-user_5844371
pd-user_5203418
pd-user_1791015
pd-user_4472425
pd-user_8361401
pd-user_574647
pd-user_4826058
pd-user_7449207
pd-user_2999749
pd-user_7783717
pd-user_5120857
pd-user_7940608
pd-user_6056961
pd-user_4459237
pd-user_7246899
pd-user_2463720
pd-user_6498065
pd-user_9910003
pd-user_4713022
pd-user_6644845
pd-user_5516596
pd-user_7905015
pd-user_514471
pd-user_9357319
pd-user_441485
pd-user_9575950
pd-user_5652155
pd-user_1652822
pd-user_4467974
pd-user_4983701
pd-user_218361
pd-user_5943676
pd-user_7742964
pd-user_5580825
pd-user_9270316
pd-user_1781510
pd-user_9745593
pd-user_2427929
pd-user_323057
pd-user_8059768
pd-user_3813513
pd-user_8839506
pd-user_9625388
pd-user_7279284
pd-user_2932966
pd-user_1800223
pd-user_4616036
pd-user_1796332
pd-user_2375216
pd-user_6948421
pd-user_8472452
pd-user_8506869
pd-user_9909763
pd-user_1936100
pd-user_2370909
pd-user_4164013
pd-user_1086634
pd-user_5390507
pd-user_3461224
pd-user_4434405
pd-user_2194795
pd-user_2103117
pd-user_2508058
pd-user_5160646
pd-user_9398365
pd-user_2212805
pd-user_2462121
pd-user_3483454
pd-user_8201498
pd-user_5240291
pd-user_962880
pd-user_6032418
pd-user_8747096
pd-user_3510147
pd-user_9907584
pd-user_5946371
pd-user_4180286
pd-user_6700003
pd-user_9878346
pd-user_1553485
pd-user_4740014
pd-user_9733519
pd-user_2338266
pd-user_9256913
pd-user_5977111
pd-user_1157852
pd-user_8957329
pd-user_9455428
pd-user_4804845
pd-user_66042
pd-user_2142921
pd-user_6321797
pd-user_5512782
pd-user_2653211
pd-user_9870940
pd-user_3747050
pd-user_3145103
pd-user_2300249
pd-user_2375662
pd-user_3483133
pd-user_5098689
pd-user_3711432
pd-user_5158201
pd-user_7789242
pd-user_8282012
pd-user_8789179
pd-user_3159668
pd-user_5659429
pd-user_819338
pd-user_9608050
pd-user_9457336
pd-user_1153194
pd-user_9337957
pd-user_7603916
pd-user_9941202
pd-user_5340349
pd-user_5057018
pd-user_424446
pd-user_6439455
pd-user_8259571
pd-user_6196913
pd-user_6838084
pd-user_1433967
pd-user_3119938
pd-user_5375986
pd-user_9290207
pd-user_8540601
pd-user_878832
pd-user_8886903
pd-user_1888474
pd-user_3389038
pd-user_8631271
pd-user_170172
pd-user_2057497
pd-user_3305043
pd-user_9457415
pd-user_1661934
pd-user_4258004
pd-user_5523189
pd-user_5065183
pd-user_7603696
pd-user_8918010
pd-user_7604109
pd-user_2534028
pd-user_6274556
pd-user_6551509
pd-user_9651099
pd-user_5693827
pd-user_4696639
pd-user_2316058
pd-user_6292220
pd-user_1089496
pd-user_6427708
pd-user_8037798
pd-user_6854662
pd-user_9746257
pd-user_7162726
pd-user_415451
pd-user_4777985
pd-user_3741986
pd-user_6116921
pd-user_644222
pd-user_6407404
pd-user_7167963
pd-user_9097620
pd-user_4758899
pd-user_6231302
pd-user_8904382
pd-user_344492
pd-user_3482990
pd-user_4564075
pd-user_5833261
pd-user_6717450
pd-user_8368276
pd-user_7050059
pd-user_4099886
pd-user_8883512
pd-user_158450
pd-user_4945415
pd-user_1351094
pd-user_1688202
pd-user_8703231
pd-user_9199353
pd-user_2095781
pd-user_5739786
pd-user_8826761
pd-user_9950396
pd-user_2364974
pd-user_1813824
pd-user_7566916
pd-user_5080713
pd-user_4668935
pd-user_2423177
pd-user_2308730
pd-user_874599
pd-user_7468884
pd-user_689597
pd-user_673677
pd-user_6761931
pd-user_4307933
pd-user_137671
pd-user_1307990
pd-user_8403225
pd-user_2638010
pd-user_520186
pd-user_905282
pd-user_2716958
pd-user_6176868
pd-user_774285
pd-user_9111768
pd-user_1420369
pd-user_9167515
pd-user_6781251
pd-user_848500
pd-user_2022390
pd-user_2986662
pd-user_6151295
pd-user_9357128
pd-user_5376738
pd-user_9349861
pd-user_2862598
pd-user_2583997
pd-user_9500781
pd-user_4569452
pd-user_1280268
pd-user_5498637
pd-user_3909306
pd-user_9756880
pd-user_8516835
pd-user_7390356
pd-user_7880564
pd-user_6052469
pd-user_6790551
pd-user_3658303
pd-user_1362125
pd-user_9737391
pd-user_5635701
pd-user_6807555
pd-user_3799456
pd-user_5531549
pd-user_3274194
pd-user_5005658
pd-user_2749769
pd-user_6090730
pd-user_4167488
pd-user_7725866
pd-user_11139
pd-user_1744233
pd-user_1664825
pd-user_7765463
pd-user_4730087
pd-user_9204325
pd-user_1003805
pd-user_3485602
pd-user_9301165
pd-user_1612531
pd-user_2123782
pd-user_2359438
pd-user_6927279
pd-user_3344551
pd-user_7717395
pd-user_2226713
pd-user_5442384
pd-user_2804851
pd-user_2070522
pd-user_5685910
pd-user_5812038
pd-user_4390091
pd-user_1329059
pd-user_6043507
pd-user_5356329
pd-user_2690968
pd-user_7434574
pd-user_719658
pd-user_6416476
pd-user_7429577
pd-user_7712577
pd-user_6620494
pd-user_4121554
pd-user_4133676
pd-user_2028000
pd-user_5113751
pd-user_3303281
pd-user_886867
pd-user_105466
pd-user_3393607
pd-user_8881989
pd-user_1736269
pd-user_8825784
pd-user_1733982
pd-user_7242630
pd-user_1807067
pd-user_563318
pd-user_3958327
pd-user_8769445
pd-user_9407579
pd-user_7332200
pd-user_3963794
pd-user_4526224
pd-user_9077059
pd-user_9181642
pd-user_4414854
pd-user_4132263
pd-user_8774578
pd-user_8753848
pd-user_2058771
pd-user_3285260
pd-user_779983
pd-user_8263499
pd-user_6967291
pd-user_9510618
pd-user_9120472
pd-user_472851
pd-user_5038158
pd-user_7394307
pd-user_5517605
pd-user_4729631
pd-user_7832319
pd-user_5761341
pd-user_5256672
pd-user_9497674
pd-user_7807146
pd-user_3957632
pd-user_8565026
pd-user_4043224
pd-user_819139
pd-user_5902165
pd-user_50426
pd-user_4289873
pd-user_221509
pd-user_9324337
pd-user_704973
pd-user_6169118
pd-user_3446655
pd-user_8516366
pd-user_1752139
pd-user_4352686
pd-user_5046333
pd-user_1139729
pd-user_8720527
pd-user_625090
pd-user_3208119
pd-user_7559647
pd-user_5202220
pd-user_5724300
pd-user_9804663
pd-user_3480119
pd-user_554131
pd-user_7954029
pd-user_8005244
pd-user_9136533
pd-user_5177214
pd-user_8234511
pd-user_3414972
pd-user_6835259
pd-user_4734794
pd-user_9122996
pd-user_1989105
pd-user_7956128
pd-user_6046219
pd-user_4228208
pd-user_2925893
pd-user_4944637
pd-user_8648710
pd-user_4469206
pd-user_6501874
pd-user_2874938
pd-user_3648451
pd-user_2165578
pd-user_1985672
pd-user_732660
pd-user_6560690
pd-user_2685650
pd-user_8442114
pd-user_4392517
pd-user_6867924
pd-user_8108031
pd-user_4925554
pd-user_7620670
pd-user_2865181
pd-user_3267213
pd-user_2967912
pd-user_4436817
pd-user_5448442
pd-user_4035429
pd-user_4903571
pd-user_6093374
pd-user_2317724
pd-user_6609481
pd-user_6514409
pd-user_3063536
pd-user_3036053
pd-user_8360408
pd-user_4951489
pd-user_3229838
pd-user_3722320
pd-user_545244
pd-user_1025946
pd-user_4471959
pd-user_3095001
pd-user_9531896
pd-user_979860
pd-user_7811190
pd-user_3214091
pd-user_9791963
pd-user_5027474
pd-user_2965623
pd-user_6941904
pd-user_1456887
pd-user_6740606
pd-user_8110841
pd-user_8370753
pd-user_6536300
pd-user_7896342
pd-user_5312559
pd-user_4013040
pd-user_332962
pd-user_3567302
pd-user_3716523
pd-user_4937238
pd-user_6882033
pd-user_300279
pd-user_8082673
pd-user_2741778
pd-user_8950581
pd-user_6892647
pd-user_7129458
pd-user_9925123
pd-user_1500638
pd-user_6313593
pd-user_8837927
pd-user_83458
pd-user_7908326
pd-user_3414206
pd-user_8722952
pd-user_8867869
pd-user_4917526
pd-user_4900271
pd-user_1053624
pd-user_4861055
pd-user_9358421
pd-user_5712292
pd-user_8908547
pd-user_230585
pd-user_736949
pd-user_1383060
pd-user_1869789
pd-user_8063774
pd-user_3702319
pd-user_8682407
pd-user_2833982
pd-user_1394946
pd-user_3193505
pd-user_4285834
pd-user_4989211
pd-user_5602403
pd-user_8890379
pd-user_2498507
pd-user_3426314
pd-user_8595286
pd-user_2532867
pd-user_1073191
pd-user_870673
pd-user_7343476
pd-user_3495690
pd-user_1146189
pd-user_286255
pd-user_2022705
pd-user_6166119
pd-user_4033069
pd-user_8892694
pd-user_3944795
pd-user_4037509
pd-user_4400599
pd-user_6370870
pd-user_776166
pd-user_7265319
pd-user_5275087
pd-user_9034697
pd-user_153207
pd-user_3778485
pd-user_1778034
pd-user_9966324
pd-user_6565804
pd-user_3166696
pd-user_2758568
pd-user_135481
pd-user_318180
pd-user_6675061
pd-user_9238175
pd-user_359801
pd-user_9387087
pd-user_3431039
pd-user_5240445
pd-user_9785112
pd-user_4542279
pd-user_4583824
pd-user_6396894
pd-user_8317624
pd-user_1991230
pd-user_5546863
pd-user_5775758
pd-user_7873602
pd-user_4566375
pd-user_7275414
pd-user_2000750
pd-user_9167757
pd-user_4861397
pd-user_1645006
pd-user_8543238
pd-user_9856293
pd-user_6600540
pd-user_7209613
pd-user_562541
pd-user_8909505
pd-user_8726678
pd-user_352946
pd-user_107299
pd-user_8548095
pd-user_4849681
pd-user_8393834
pd-user_6460200
pd-user_1617637
pd-user_1351512
pd-user_1274760
pd-user_7220329
pd-user_5661126
pd-user_8633287
pd-user_7438035
pd-user_4187477
pd-user_3872712
pd-user_3871465
pd-user_3522649
pd-user_2667045
pd-user_9221719
pd-user_6471906
pd-user_3492674
pd-user_4795019
pd-user_6683747
pd-user_8233091
pd-user_9459393
pd-user_8918508
pd-user_5537266
pd-user_6609995
pd-user_5007735
pd-user_9925917
pd-user_3222194
pd-user_1537888
pd-user_6624827
pd-user_1195643
pd-user_1898096
pd-user_2643635
pd-user_647164
pd-user_3527847
pd-user_3698110
pd-user_5608799
pd-user_2207086
pd-user_7681448
pd-user_6280290
pd-user_8671282
pd-user_5363394
pd-user_3746063
pd-user_5333770
pd-user_5697349
pd-user_2317291
pd-user_3458863
pd-user_9954434
pd-user_5555982
pd-user_9218886
pd-user_3189291
pd-user_5192184
pd-user_2728857
pd-user_6518023
pd-user_2956361
pd-user_3389052
pd-user_9350844
pd-user_5527444
pd-user_8129342
pd-user_8598605
pd-user_1884988
pd-user_6383554
pd-user_7296697
pd-user_9595749
pd-user_2500768
pd-user_9862260
pd-user_3758936
pd-user_6557571
pd-user_3556356
pd-user_2776028
pd-user_3695448
pd-user_7281503
pd-user_1111142
pd-user_4371766
pd-user_2290570
pd-user_3384838
pd-user_9564192
pd-user_4334411
pd-user_3185649
pd-user_5030921
pd-user_733594
pd-user_7217189
pd-user_9869998
pd-user_3534218
pd-user_396076
pd-user_1000963
pd-user_312343
pd-user_503630
pd-user_1862135
pd-user_5671330
pd-user_6900164
pd-user_4834807
pd-user_4227911
pd-user_5380198
pd-user_69811
pd-user_5160853
pd-user_2093822
pd-user_4952263
pd-user_3308712
pd-user_8886865
pd-user_3656857
pd-user_4910473
pd-user_7134988
pd-user_1014265
pd-user_7726812
pd-user_8982086
pd-user_6929532
pd-user_2434742
pd-user_3073184
pd-user_8285483
pd-user_8029054
pd-user_141438
pd-user_1613148
pd-user_683844
pd-user_8947547
pd-user_1807011
pd-user_8846222
pd-user_3832402
pd-user_9726869
pd-user_9440510
pd-user_9221068
pd-user_1894530
pd-user_2336985
pd-user_6481339
pd-user_7665050
pd-user_245546
pd-user_8591778
pd-user_6827872
pd-user_967990
pd-user_3292073
pd-user_9453613
pd-user_3228162
pd-user_7805329
pd-user_9025796
pd-user_3818473
pd-user_902380
pd-user_8921356
pd-user_8795334
pd-user_598470
pd-user_9511267
pd-user_2912645
pd-user_5334967
pd-user_5821884
pd-user_9248734
pd-user_1217015
pd-user_8261634
pd-user_6629715
pd-user_2077358
pd-user_7780767
pd-user_9479908
pd-user_7542796
pd-user_4087439
pd-user_7590695
pd-user_576746
pd-user_6455714
pd-user_7721332
pd-user_5367276
pd-user_6009593
pd-user_1159075
pd-user_4505731
pd-user_9985683
pd-user_1474103
pd-user_591897
pd-user_5304962
pd-user_3083534
pd-user_4720143
pd-user_7838806
pd-user_6186385
pd-user_3323586
pd-user_4146580
pd-user_1736316
pd-user_697897
pd-user_6198594
pd-user_7391964
pd-user_7166888
pd-user_9523094
pd-user_2324604
pd-user_4401570
pd-user_4889580
pd-user_5722913
pd-user_7773336
pd-user_4031873
pd-user_8458003
pd-user_1700399
pd-user_4778634
pd-user_8770156
pd-user_4644025
pd-user_4884737
pd-user_2908877
pd-user_7330883
pd-user_8861219
pd-user_4690757
pd-user_5625983
pd-user_8662895
pd-user_2630784
pd-user_1818090
pd-user_1385877
pd-user_6800967
pd-user_9643539
pd-user_3469395
pd-user_720614
pd-user_6746274
pd-user_9704882
pd-user_4787257
pd-user_2994922
pd-user_1931170
pd-user_8955452
pd-user_9454173
pd-user_2256631
pd-user_4256679
pd-user_3653712
pd-user_7458581
pd-user_6341778
pd-user_8698024
pd-user_9575559
pd-user_7428999
pd-user_9803733
pd-user_8022824
pd-user_7427352
pd-user_7605747
pd-user_2162659
pd-user_4667513
pd-user_1522670
pd-user_2072910
pd-user_3683407
pd-user_3198423
pd-user_8386234
pd-user_1137100
pd-user_5180189
pd-user_4269881
pd-user_5307881
pd-user_3719405
pd-user_6704200
pd-user_5860694
pd-user_3801479
pd-user_4241666
pd-user_7211005
pd-user_5812790
pd-user_2570957
pd-user_8857678
pd-user_4397802
pd-user_1995939
pd-user_7918877
pd-user_8539612
pd-user_3961123
pd-user_5687922
pd-user_9264133
pd-user_6457692
pd-user_8196483
pd-user_788960
pd-user_6629719
pd-user_9132007
pd-user_7038169
pd-user_3003457
pd-user_9205292
pd-user_1228283
pd-user_4102669
pd-user_494331
pd-user_4425091
pd-user_3389409
pd-user_9003936
pd-user_2965267
pd-user_7418592
pd-user_3417752
pd-user_3161513
pd-user_8609398
pd-user_4915520
pd-user_4429530
pd-user_3717902
pd-user_3026102
pd-user_5762508
pd-user_7598001
pd-user_9843469
pd-user_9000022
pd-user_9651252
pd-user_357694
pd-user_6112334
pd-user_1946468
pd-user_7801532
pd-user_2901464
pd-user_1815725
pd-user_9447497
pd-user_7382506
pd-user_9098239
pd-user_1025444
pd-user_7841155
pd-user_473947
pd-user_9274973
pd-user_161889
pd-user_2684857
pd-user_445804
pd-user_6653133
pd-user_7375712
pd-user_2653931
pd-user_5045776
pd-user_3174578
pd-user_4370959
pd-user_1537688
pd-user_9972310
pd-user_2202641
pd-user_4769060
pd-user_2703726
pd-user_6489000
pd-user_2375331
pd-user_6178870
pd-user_311484
pd-user_9051182
pd-user_6493673
pd-user_6907723
pd-user_4507038
pd-user_3233477
pd-user_9496015
pd-user_2072463
pd-user_462343
pd-user_3711615
pd-user_8105654
pd-user_2406314
pd-user_5910796
pd-user_3821980
pd-user_8241070
pd-user_6040487
pd-user_2855640
pd-user_7495228
pd-user_4233721
pd-user_6626408
pd-user_3494698
pd-user_7093380
pd-user_8696865
pd-user_8181355
pd-user_3916381
pd-user_2456626
pd-user_2137026
pd-user_915715
pd-user_6647049
pd-user_420877
pd-user_8157186
pd-user_3908896
pd-user_4594163
pd-user_3274655
pd-user_3310348
pd-user_8361209
pd-user_7672791
pd-user_3488522
pd-user_9576175
pd-user_2818656
pd-user_8804485
pd-user_4778836
pd-user_4400999
pd-user_7308628
pd-user_6226337
pd-user_6656441
pd-user_1892180
pd-user_7538283
pd-user_3851714
pd-user_3050954
pd-user_1463595
pd-user_1155605
pd-user_3552135
pd-user_9544555
pd-user_38610
pd-user_4526433
pd-user_2237732
pd-user_2791573
pd-user_6264956
pd-user_6142410
pd-user_6267127
pd-user_5242031
pd-user_2086576
pd-user_7541512
pd-user_802029
pd-user_467535
pd-user_1453979
pd-user_1138179
pd-user_3419293
pd-user_1491437
pd-user_9829633
pd-user_686348
pd-user_5452515
pd-user_8851917
pd-user_6475407
pd-user_5275522
pd-user_2572220
pd-user_9934128
pd-user_4007893
pd-user_2163135
pd-user_4292539
pd-user_9868512
pd-user_4867129
pd-user_21857
pd-user_2258911
pd-user_4568093
pd-user_8399486
pd-user_3929229
pd-user_6575353
pd-user_1503067
pd-user_9011506
pd-user_3889704
pd-user_8009329
pd-user_5787744
pd-user_6949717
pd-user_536314
pd-user_6365918
pd-user_8625416
pd-user_9009036
pd-user_8364128
pd-user_2267829
pd-user_2518801
pd-user_236905
pd-user_2097450
pd-user_1774465
pd-user_2702841
pd-user_8936436
pd-user_9854587
pd-user_9459247
pd-user_2140910
pd-user_7496044
pd-user_4981183
pd-user_4018998
pd-user_5478542
pd-user_6805626
pd-user_5615641
pd-user_2041750
pd-user_5424182
pd-user_5046585
pd-user_1001377
pd-user_7969474
pd-user_9018589
pd-user_7085908
pd-user_3824491
pd-user_6578906
pd-user_9070326
pd-user_4505926
pd-user_3793081
pd-user_175788
pd-user_144427
pd-user_2144882
pd-user_1470920
pd-user_2564419
pd-user_9331703
pd-user_5599757
pd-user_3287550
pd-user_9526255
pd-user_3697617
pd-user_1825775
pd-user_9297659
pd-user_9987430
pd-user_166746
pd-user_4695501
pd-user_9297610
pd-user_9721972
pd-user_1356562
pd-user_5033724
pd-user_8775653
pd-user_1089415
pd-user_2425085
pd-user_5779552
pd-user_272040
pd-user_1941835
pd-user_3441876
pd-user_2614988
pd-user_358376
pd-user_732084
pd-user_6487537
pd-user_6572896
pd-user_4149098
pd-user_90783
pd-user_2532553
pd-user_9713379
pd-user_8451471
pd-user_2574178
pd-user_9019869
pd-user_2928797
pd-user_5965646
pd-user_2527817
pd-user_1902118
pd-user_8915223
pd-user_4180250
pd-user_5872551
pd-user_4089491
pd-user_3945705
pd-user_247756
pd-user_156330
pd-user_9471239
pd-user_857631
pd-user_2768370
pd-user_2747841
pd-user_3113118
pd-user_6890185
pd-user_901226
pd-user_9982752
pd-user_329151
pd-user_9218295
pd-user_4089911
pd-user_8988504
pd-user_1454076
pd-user_7880162
pd-user_2163354
pd-user_3899966
pd-user_9070495
pd-user_7968836
pd-user_5751465
pd-user_9163005
pd-user_6861637
pd-user_4909836
pd-user_7459969
pd-user_3385373
pd-user_1675126
pd-user_7229043
pd-user_2741113
pd-user_9994091
pd-user_2851953
pd-user_9496989
pd-user_5522819
pd-user_3192489
pd-user_6183789
pd-user_3697238
pd-user_9818738
pd-user_3476539
pd-user_4807659
pd-user_5505448
pd-user_1198598
pd-user_8979803
pd-user_9481140
pd-user_5395760
pd-user_4831685
pd-user_2689537
pd-user_3640066
pd-user_1366336
pd-user_671884
pd-user_430751
pd-user_2537010
pd-user_6073135
pd-user_5807434
pd-user_1969113
pd-user_1151126
pd-user_4560798
pd-user_8798184
pd-user_7538537
pd-user_5827303
pd-user_7442724
pd-user_9278964
pd-user_4183519
pd-user_3020284
pd-user_6828829
pd-user_8745031
pd-user_766095
pd-user_6312408
pd-user_2276682
pd-user_6457036
pd-user_6755018
pd-user_2726541
pd-user_6911694
pd-user_8617601
pd-user_4444384
pd-user_9236567
pd-user_5504419
pd-user_7339177
pd-user_7635861
pd-user_8542069
pd-user_7514287
pd-user_219294
pd-user_4781086
pd-user_3546567
pd-user_3364921
pd-user_9012115
pd-user_9601831
pd-user_1215298
pd-user_1213143
pd-user_4322522
pd-user_1662671
pd-user_7439815
pd-user_2873385
pd-user_1127301
pd-user_2596617
pd-user_1732765
pd-user_6273197
pd-user_1514455
pd-user_1132694
pd-user_6344619
pd-user_4790683
pd-user_2941031
pd-user_5926689
pd-user_8622984
pd-user_2485446
pd-user_763671
pd-user_253313
pd-user_7393096
pd-user_6217017
pd-user_4019563
pd-user_8310973
pd-user_2949942
pd-user_4912555
pd-user_4197097
pd-user_456025
pd-user_4783458
pd-user_8864184
pd-user_4124862
pd-user_5329928
pd-user_3251732
pd-user_5728283
pd-user_8942035
pd-user_1217002
pd-user_9026732
pd-user_9930218
pd-user_7660162
pd-user_6122006
pd-user_8131112
pd-user_4697985
pd-user_9131946
pd-user_7910024
pd-user_382959
pd-user_7636652
pd-user_6350668
pd-user_2134319
pd-user_1506515
pd-user_8893954
pd-user_1594576
pd-user_3675712
pd-user_5126791
pd-user_6779917
pd-user_7183606
pd-user_7154317
pd-user_4106908
pd-user_321723
pd-user_3392751
pd-user_928696
pd-user_122736
pd-user_4925529
pd-user_1964814
pd-user_416426
pd-user_6949434
pd-user_6436031
pd-user_7408721
pd-user_4661704
pd-user_1690114
pd-user_5449437
pd-user_6837632
pd-user_7476975
pd-user_6740568
pd-user_701786
pd-user_5708274
pd-user_8219946
pd-user_3477552
pd-user_8998681
pd-user_7170151
pd-user_4407610
pd-user_3264041
pd-user_1768331
pd-user_6239466
pd-user_913312
pd-user_4581417
pd-user_5047601
pd-user_4111289
pd-user_921378
pd-user_5770323
pd-user_1132835
pd-user_752958
pd-user_5337126
pd-user_8455385
pd-user_8210161
pd-user_9174671
pd-user_2859440
pd-user_8044561
pd-user_4106906
pd-user_6327025
pd-user_6982504
pd-user_9038677
pd-user_7998583
pd-user_6874668
pd-user_8546647
pd-user_3738014
pd-user_7318227
pd-user_2493502
pd-user_4695518
pd-user_5893300
pd-user_2874937
pd-user_6005290
pd-user_8985196
pd-user_3965721
pd-user_688587
pd-user_7665515
pd-user_8221823
pd-user_9385585
pd-user_1080661
pd-user_2069592
pd-user_533081
pd-user_7673805
pd-user_318610
pd-user_2097471
pd-user_5961451
pd-user_4817012
pd-user_29571
pd-user_6410345
pd-user_1346939
pd-user_3349776
pd-user_5657937
pd-user_7555749
pd-user_6323157
pd-user_6635764
pd-user_681237
pd-user_5832730
pd-user_5347732
pd-user_4696687
pd-user_9817645
pd-user_9701787
pd-user_123376
pd-user_5114200
pd-user_5111325
pd-user_3434574
pd-user_960634
pd-user_3428644
pd-user_2584508
pd-user_8041296
pd-user_1618334
pd-user_7084555
pd-user_1165342
pd-user_7862160
pd-user_3258448
pd-user_574845
pd-user_3385893
pd-user_766793
pd-user_2224503
pd-user_5774214
pd-user_5347327
pd-user_7690029
pd-user_8227644
pd-user_1460133
pd-user_207686
pd-user_2473385
pd-user_947452
pd-user_5991694
pd-user_3976728
pd-user_5292307
pd-user_6032318
pd-user_9386507
pd-user_1722375
pd-user_4285319
pd-user_8715510
pd-user_51440
pd-user_864798
pd-user_2912029
pd-user_6598191
pd-user_761468
pd-user_3763063
pd-user_8992782
pd-user_1567367
pd-user_3717917
pd-user_1941534
pd-user_6041452
pd-user_6086638
pd-user_8322917
pd-user_2573601
pd-user_7484863
pd-user_7104415
pd-user_3182241
pd-user_4701804
pd-user_5556129
pd-user_4156634
pd-user_665379
pd-user_4494914
pd-user_9070985
pd-user_9669595
pd-user_67052
pd-user_8920725
pd-user_9821110
pd-user_4784507
pd-user_45397
pd-user_9702742
pd-user_8417805
pd-user_159291
pd-user_6652263
pd-user_4287456
pd-user_4780781
pd-user_3751572
pd-user_2835935
pd-user_2227034
pd-user_9047625
pd-user_6497513
pd-user_6914315
pd-user_8516791
pd-user_7750144
pd-user_5236500
pd-user_6983167
pd-user_5396546
pd-user_625486
pd-user_7057917
pd-user_6405775
pd-user_5669854
pd-user_2818890
pd-user_5991290
pd-user_6282882
pd-user_6911348
pd-user_6370577
pd-user_1075346
pd-user_4140776
pd-user_9357256
pd-user_3528538
pd-user_7693193
pd-user_9849718
pd-user_4107674
pd-user_8677946
pd-user_8175137
pd-user_1080181
pd-user_5619009
pd-user_9763481
pd-user_6895654
pd-user_8241927
pd-user_2769264
pd-user_6683718
pd-user_7314801
pd-user_3094344
pd-user_129470
pd-user_3687861
pd-user_4189596
pd-user_765908
pd-user_7705192
pd-user_6240485
pd-user_4176863
pd-user_2642603
pd-user_8979028
pd-user_8483083
pd-user_1210970
pd-user_1133395
pd-user_190322
pd-user_9097845
pd-user_3235047
pd-user_2056394
pd-user_3289083
pd-user_8828622
pd-user_4335389
pd-user_5178416
pd-user_5072778
pd-user_1949691
pd-user_2140489
pd-user_3006529
pd-user_9661089
pd-user_6414625
pd-user_6712411
pd-user_122982
pd-user_5805534
pd-user_6369977
pd-user_5443011
pd-user_816478
pd-user_5887379
pd-user_4797573
pd-user_7114523
pd-user_8640968
pd-user_603521
pd-user_8508282
pd-user_7190387
pd-user_5944566
pd-user_6193878
pd-user_5205446
pd-user_6489413
pd-user_5056191
pd-user_7191477
pd-user_2688918
pd-user_1487252
pd-user_8720571
pd-user_2058176
pd-user_4742193
pd-user_8836566
pd-user_4739970
pd-user_3270268
pd-user_5907025
pd-user_1918825
pd-user_4495420
pd-user_4741532
pd-user_7002883
pd-user_3059740
pd-user_4009540
pd-user_8745106
pd-user_4178954
pd-user_1405246
pd-user_2437502
pd-user_5655871
pd-user_4862146
pd-user_8454267
pd-user_3981022
pd-user_7936219
pd-user_7637270
pd-user_1951027
pd-user_3922783
pd-user_7561738
pd-user_1060513
pd-user_9774176
pd-user_9020153
pd-user_6085360
pd-user_4498886
pd-user_4558105
pd-user_6511235
pd-user_684064
pd-user_7156190
pd-user_4783865
pd-user_4627108
pd-user_7773610
pd-user_4903957
pd-user_3987834
pd-user_9054561
pd-user_8858991
pd-user_2385029
pd-user_5299458
pd-user_4850477
pd-user_5757131
pd-user_2981549
pd-user_6529848
pd-user_9946013
pd-user_3100931
pd-user_1249486
pd-user_6697358
pd-user_3206321
pd-user_5653721
pd-user_7642701
pd-user_320587
pd-user_8781487
pd-user_3249429
pd-user_7962937
pd-user_9015199
pd-user_5785638
pd-user_1610483
pd-user_1267890
pd-user_2427649
pd-user_2773360
pd-user_446412
pd-user_6135551
pd-user_9649438
pd-user_3444858
pd-user_45653
pd-user_3007589
pd-user_2443823
pd-user_5328478
pd-user_3812968
pd-user_8551904
pd-user_5490403
pd-user_2655573
pd-user_4590419
pd-user_8221040
pd-user_4314493
pd-user_5022388
pd-user_5137371
pd-user_5911384
pd-user_4624198
pd-user_2123543
pd-user_4685295
pd-user_4923266
pd-user_8727824
pd-user_2878011
pd-user_875411
pd-user_6357441
pd-user_9964779
pd-user_3305654
pd-user_9106369
pd-user_6755445
pd-user_8402226
pd-user_9824175
pd-user_5072582
pd-user_4594068
pd-user_6905333
pd-user_3319308
pd-user_445489
pd-user_9493055
pd-user_1797071
pd-user_4169823
pd-user_6632200
pd-user_8297524
pd-user_3316975
pd-user_8326749
pd-user_1682759
pd-user_7046092
pd-user_2738610
pd-user_994771
pd-user_805538
pd-user_7292
pd-user_6997137
pd-user_6287961
pd-user_8614667
pd-user_5719531
pd-user_6520349
pd-user_2930086
pd-user_3192060
pd-user_8334134
pd-user_8692513
pd-user_2656883
pd-user_6567726
pd-user_4830443
pd-user_7652179
pd-user_6865333
pd-user_8235908
pd-user_1607918
pd-user_4500663
pd-user_9636188
pd-user_5909582
pd-user_2480576
pd-user_5529204
pd-user_7335525
pd-user_3429082
pd-user_4808069
pd-user_1329795
pd-user_6030165
pd-user_6847131
pd-user_9517188
pd-user_4658970
pd-user_6743274
pd-user_5503643
pd-user_8453277
pd-user_7630533
pd-user_9452246
pd-user_9735625
pd-user_9443440
pd-user_7082717
pd-user_1147160
pd-user_7261695
pd-user_9100967
pd-user_691898
pd-user_5828698
pd-user_8720808
pd-user_2476759
pd-user_6924095
pd-user_4475919
pd-user_2630053
pd-user_8077024
pd-user_5480089
pd-user_6306125
pd-user_6366578
pd-user_7076710
pd-user_1951165
pd-user_9546893
pd-user_2630195
pd-user_2891644
pd-user_3707113
pd-user_6297709
pd-user_9097685
pd-user_8679664
pd-user_142617
pd-user_8352415
pd-user_8923068
pd-user_3578148
pd-user_8617669
pd-user_6806441
pd-user_7183946
pd-user_8585192
pd-user_37512
pd-user_8373622
pd-user_5420696
pd-user_3391021
pd-user_229842
pd-user_8752873
pd-user_1697153
pd-user_9180611
pd-user_8124828
pd-user_2407051
pd-user_230981
pd-user_703680
pd-user_352602
pd-user_5557586
pd-user_6516089
pd-user_7388234
pd-user_3834181
pd-user_8414000
pd-user_7274357
pd-user_2981369
pd-user_1355829
pd-user_9632105
pd-user_2889045
pd-user_4517473
pd-user_6200104
pd-user_6687279
pd-user_8384213
pd-user_6931511
pd-user_9234597
pd-user_2743644
pd-user_4309713
pd-user_6141342
pd-user_7154899
pd-user_3602582
pd-user_5378355
pd-user_4136817
pd-user_5561611
pd-user_8801013
pd-user_4974968
pd-user_3777066
pd-user_4539827
pd-user_3623928
pd-user_6752868
pd-user_6057504
pd-user_3144697
pd-user_4342133
pd-user_7816399
pd-user_8009571
pd-user_6995505
pd-user_2699213
pd-user_2902063
pd-user_4718809
pd-user_6251337
pd-user_1153799
pd-user_1624602
pd-user_5572121
pd-user_9269300
pd-user_6522759
pd-user_434352
pd-user_4610125
pd-user_612210
pd-user_9655647
pd-user_9843733
pd-user_1491875
pd-user_6375235
pd-user_1742795
pd-user_1738118
pd-user_6847478
pd-user_5137069
pd-user_5085671
pd-user_4989908
pd-user_7951313
pd-user_2935799
pd-user_9998107
pd-user_3438517
pd-user_2726567
pd-user_4236276
pd-user_4373157
pd-user_7277944
pd-user_7785032
pd-user_5142651
pd-user_2908699
pd-user_6469188
pd-user_3290766
pd-user_2286989
pd-user_6278370
pd-user_9822684
pd-user_2890840
pd-user_2495990
pd-user_9209389
pd-user_3415615
pd-user_1912795
pd-user_5495989
pd-user_3885657
pd-user_8783491
pd-user_1238181
pd-user_6685986
pd-user_6666303
pd-user_5878471
pd-user_3262360
pd-user_1674338
pd-user_9214238
pd-user_4054991
pd-user_3654240
pd-user_9494948
pd-user_6822348
pd-user_9793666
pd-user_1100679
pd-user_852353
pd-user_3857601
pd-user_8824983
pd-user_2208726
pd-user_5883444
pd-user_9181777
pd-user_8318893
pd-user_9801188
pd-user_9206146
pd-user_783468
pd-user_7688486
pd-user_9511856
pd-user_8863400
pd-user_5328734
pd-user_4660032
pd-user_9613559
pd-user_9943659
pd-user_4163096
pd-user_9116562
pd-user_4116576
pd-user_6647560
pd-user_7993328
pd-user_6539197
pd-user_2115845
pd-user_5769681
pd-user_1765603
pd-user_3108239
pd-user_6885310
pd-user_5383808
pd-user_2909832
pd-user_5080804
pd-user_5768829
pd-user_2083203
pd-user_7457394
pd-user_8545866
pd-user_6732348
pd-user_5127196
pd-user_1282406
pd-user_2249842
pd-user_7732984
pd-user_6953073
pd-user_5464317
pd-user_2757169
pd-user_9920878
pd-user_1248712
pd-user_1128215
pd-user_7602259
pd-user_3828126
pd-user_7420751
pd-user_4887640
pd-user_7758000
pd-user_2908707
pd-user_8556662
pd-user_5327252
pd-user_9680334
pd-user_976520
pd-user_3652333
pd-user_790843
pd-user_2339801
pd-user_5774402
pd-user_3051905
pd-user_8642917
pd-user_3644427
pd-user_6022290
pd-user_8163295
pd-user_815028
pd-user_4537389
pd-user_5716419
pd-user_7041364
pd-user_4362554
pd-user_9673793
pd-user_2461470
pd-user_5636357
pd-user_9743949
pd-user_7949782
pd-user_9608028
pd-user_9401177
pd-user_7567225
pd-user_801094
pd-user_4516849
pd-user_5860688
pd-user_6323407
pd-user_1720351
pd-user_8129107
pd-user_4827466
pd-user_2977023
pd-user_5980973
pd-user_5047814
pd-user_9600042
pd-user_8165198
pd-user_5502100
pd-user_9349761
pd-user_5244637
pd-user_3699609
pd-user_2325870
pd-user_2470648
pd-user_9623448
pd-user_8325149
pd-user_3120353
pd-user_7067923
pd-user_8487845
pd-user_3791164
pd-user_2105109
pd-user_4195336
pd-user_1898690
pd-user_3201758
pd-user_7203205
pd-user_9074476
pd-user_179773
pd-user_9535129
pd-user_9606454
pd-user_5377744
pd-user_1466737
pd-user_9800780
pd-user_4220518
pd-user_1710956
pd-user_8009978
pd-user_3671179
pd-user_7277678
pd-user_8038870
pd-user_7747853
pd-user_5717523
pd-user_7874489
pd-user_5113873
pd-user_2092096
pd-user_678942
pd-user_3877801
pd-user_4347643
pd-user_5378496
pd-user_8310319
pd-user_6809307
pd-user_8954559
pd-user_7257888
pd-user_5964172
pd-user_8628137
pd-user_1572613
pd-user_9203387
pd-user_3253308
pd-user_80694
pd-user_4744910
pd-user_7270851
pd-user_1624881
pd-user_1562856
pd-user_9772213
pd-user_1659291
pd-user_2995115
pd-user_6361317
pd-user_8770272
pd-user_10463
pd-user_3655173
pd-user_9591273
pd-user_9000431
pd-user_8216492
pd-user_4627720
pd-user_3899688
pd-user_2140825
pd-user_3713006
pd-user_4738969
pd-user_9146911
pd-user_5833586
pd-user_7462006
pd-user_1730692
pd-user_4965786
pd-user_4225846
pd-user_7440196
pd-user_6079568
pd-user_617911
pd-user_7156108
pd-user_5433926
pd-user_5879590
pd-user_4349293
pd-user_617111
pd-user_9893849
pd-user_8420535
pd-user_1230674
pd-user_5088062
pd-user_4809029
pd-user_8719611
pd-user_5831154
pd-user_7691057
pd-user_1466649
pd-user_1365264
pd-user_3600091
pd-user_5482048
pd-user_12241
pd-user_7606214
pd-user_2914877
pd-user_234388
pd-user_6238038
pd-user_4470893
pd-user_8422003
pd-user_4724590
pd-user_5433740
pd-user_5819601
pd-user_3041896
pd-user_8638925
pd-user_4890903
pd-user_5488003
pd-user_2597247
pd-user_1129499
pd-user_6433306
pd-user_9060985
pd-user_9247909
pd-user_7099467
pd-user_8613865
pd-user_5989716
pd-user_8616282
pd-user_7853365
pd-user_8167683
pd-user_2140527
pd-user_7239771
pd-user_51148
pd-user_5205385
pd-user_9425916
pd-user_6354259
pd-user_6892010
pd-user_7451806
pd-user_6558888
pd-user_4766541
pd-user_7079839
pd-user_9070390
pd-user_3795898
pd-user_2862504
pd-user_8148937
pd-user_8927466
pd-user_6808642
pd-user_2770449
pd-user_5237742
pd-user_6501756
pd-user_245895
pd-user_1304109
pd-user_4904267
pd-user_5276206
pd-user_242960
pd-user_3532935
pd-user_3962336
pd-user_8013835
pd-user_1524100
pd-user_7960076
pd-user_9621437
pd-user_8992794
pd-user_5637049
pd-user_1598220
pd-user_4954942
pd-user_286860
pd-user_142351
pd-user_2242072
pd-user_7923823
pd-user_4378024
pd-user_4204568
pd-user_2566564
pd-user_7180107
pd-user_7276668
pd-user_3657556
pd-user_212363
pd-user_4577648
pd-user_1955337
pd-user_9466018
pd-user_42550
pd-user_4016736
pd-user_5435931
pd-user_8682940
pd-user_6267553
pd-user_8664768
pd-user_2176805
pd-user_9128957
pd-user_4250467
pd-user_6837340
pd-user_9429007
pd-user_8745447
pd-user_2747835
pd-user_6741982
pd-user_3338001
pd-user_9585483
pd-user_357873
pd-user_475348
pd-user_7360814
pd-user_51728
pd-user_4584
pd-user_9602356
pd-user_815354
pd-user_3041320
pd-user_7865285
pd-user_6868510
pd-user_3001865
pd-user_4491436
pd-user_9548489
pd-user_3393221
pd-user_1666679
pd-user_4776004
pd-user_7360246
pd-user_824965
pd-user_3704761
pd-user_2742355
pd-user_4495412
pd-user_2810716
pd-user_2571104
pd-user_6109462
pd-user_8018355
pd-user_7543672
pd-user_8433132
pd-user_7004195
pd-user_9462803
pd-user_5999499
pd-user_6557975
pd-user_4335826
pd-user_4402809
pd-user_1812088
pd-user_2461852
pd-user_4448003
pd-user_8759087
pd-user_1224397
pd-user_122124
pd-user_2301868
pd-user_4483009
pd-user_7866965
pd-user_7314070
pd-user_648852
pd-user_9774174
pd-user_1765890
pd-user_4464813
pd-user_6061137
pd-user_1103582
pd-user_8581643
pd-user_9094567
pd-user_9756435
pd-user_9934117
pd-user_577559
pd-user_715534
pd-user_8985577
pd-user_6025241
pd-user_1427266
pd-user_1671060
pd-user_3509096
pd-user_7883453
pd-user_3640138
pd-user_2247903
pd-user_2917803
pd-user_4201592
pd-user_8898611
pd-user_9097171
pd-user_3017154
pd-user_6668388
pd-user_4261518
pd-user_2426806
pd-user_3829858
pd-user_6444554
pd-user_1345867
pd-user_4829301
pd-user_6983899
pd-user_6779123
pd-user_3677607
pd-user_5939720
pd-user_6144175
pd-user_6215400
pd-user_8088922
pd-user_3447800
pd-user_563014
pd-user_5590787
pd-user_3155522
pd-user_2398213
pd-user_4113232
pd-user_7040982
pd-user_1496808
pd-user_8393097
pd-user_8630190
pd-user_1936514
pd-user_8347489
pd-user_8771621
pd-user_497415
pd-user_157756
pd-user_3697490
pd-user_1810218
pd-user_4214474
pd-user_2391539
pd-user_2942656
pd-user_2633510
pd-user_4696198
pd-user_7950852
pd-user_9772102
pd-user_8877875
pd-user_8243137
pd-user_5660323
pd-user_1984529
pd-user_8524479
pd-user_2616392
pd-user_7774547
pd-user_4828228
pd-user_7899490
pd-user_9128585
pd-user_5360433
pd-user_3166004
pd-user_9180378
pd-user_9472959
pd-user_9960464
pd-user_3095130
pd-user_5103020
pd-user_7203630
pd-user_4993484
pd-user_5399335
pd-user_9140478
pd-user_2965416
pd-user_5719406
pd-user_1311148
pd-user_8433980
pd-user_2397695
pd-user_7419732
pd-user_9315796
pd-user_9090836
pd-user_4742958
pd-user_845751
pd-user_4659084
pd-user_7772296
pd-user_1887921
pd-user_7441130
pd-user_8309026
pd-user_1882924
pd-user_5131856
pd-user_455925
pd-user_294217
pd-user_6030072
pd-user_906072
pd-user_4950372
pd-user_7232652
pd-user_1601668
pd-user_4858912
pd-user_8691789
pd-user_9908704
pd-user_1735055
pd-user_6155939
pd-user_3096068
pd-user_4767636
pd-user_9651090
pd-user_7917466
pd-user_3139895
pd-user_2463752
pd-user_6912435
pd-user_3993188
pd-user_5456642
pd-user_3665388
pd-user_9588481
pd-user_7811858
pd-user_4098739
pd-user_8837500
pd-user_4752298
pd-user_1153669
pd-user_9441350
pd-user_6782221
pd-user_4321562
pd-user_2608430
pd-user_8749965
pd-user_4810223
pd-user_8826757
pd-user_2343203
pd-user_3301609
pd-user_355891
pd-user_1532751
pd-user_5341977
pd-user_6283961
pd-user_310590
pd-user_9832590
pd-user_5773648
pd-user_5099183
pd-user_7523572
pd-user_8433826
pd-user_3642780
pd-user_2099217
pd-user_3868181
pd-user_4987484
pd-user_3318479
pd-user_9397440
pd-user_2252985
pd-user_8475048
pd-user_4233439
pd-user_8723266
pd-user_8547185
pd-user_3343287
pd-user_6145061
pd-user_5680628
pd-user_4539634
pd-user_9397827
pd-user_7195126
pd-user_5794137
pd-user_3710236
pd-user_9336374
pd-user_4551461
pd-user_579828
pd-user_3820599
pd-user_2590374
pd-user_561936
pd-user_4598356
pd-user_1031248
pd-user_7360111
pd-user_1353745
pd-user_9950549
pd-user_9149726
pd-user_8034362
pd-user_4437075
pd-user_3867917
pd-user_5355588
pd-user_2525870
pd-user_6313014
pd-user_4162154
pd-user_7518761
pd-user_839120
pd-user_2507370
pd-user_6430709
pd-user_1477508
pd-user_9239648
pd-user_1314965
pd-user_9037772
pd-user_4189400
pd-user_7646900
pd-user_4407237
pd-user_4768372
pd-user_1025822
pd-user_2270509
pd-user_8294362
pd-user_1617472
pd-user_7781642
pd-user_1357487
pd-user_9503890
pd-user_6897778
pd-user_217832
pd-user_8739882
pd-user_9013002
pd-user_1772325
pd-user_2850963
pd-user_9520441
pd-user_4473141
pd-user_2652578
pd-user_1639008
pd-user_6978318
pd-user_3013919
pd-user_5594951
pd-user_7986087
pd-user_5741727
pd-user_2322741
pd-user_1789783
pd-user_7320384
pd-user_4531559
pd-user_1673940
pd-user_572881
pd-user_8717055
pd-user_5895252
pd-user_7123964
pd-user_8267113
pd-user_1125591
pd-user_5184944
pd-user_5739462
pd-user_507915
pd-user_509889
pd-user_2830090
pd-user_4596885
pd-user_4820841
pd-user_2790721
pd-user_2407011
pd-user_6509804
pd-user_9696333
pd-user_8235176
pd-user_8181063
pd-user_286774
pd-user_6408452
pd-user_4746393
pd-user_6893478
pd-user_9463493
pd-user_8011771
pd-user_4481228
pd-user_6364057
pd-user_3785899
pd-user_2778410
pd-user_4311700
pd-user_5512013
pd-user_521362
pd-user_6088281
pd-user_8833134
pd-user_8074818
pd-user_2413303
pd-user_1579840
pd-user_7536580
pd-user_4768157
pd-user_8623268
pd-user_7728362
pd-user_9832575
pd-user_788468
pd-user_4921405
pd-user_2649382
pd-user_5929995
pd-user_8020991
pd-user_7915343
pd-user_8552488
pd-user_538534
pd-user_4447733
pd-user_9032502
pd-user_5797554
pd-user_8807762
pd-user_4559260
pd-user_5136004
pd-user_3447360
pd-user_8310486
pd-user_9365514
pd-user_4267977
pd-user_2672727
pd-user_5330948
pd-user_1795457
pd-user_2703000
pd-user_1504187
pd-user_8392482
pd-user_4657536
pd-user_7075388
pd-user_1560403
pd-user_346435
pd-user_6152090
pd-user_1689458
pd-user_3223759
pd-user_4227701
pd-user_1078678
pd-user_6745039
pd-user_5515814
pd-user_4282049
pd-user_5239670
pd-user_6148605
pd-user_4268252
pd-user_321475
pd-user_7862588
pd-user_7501052
pd-user_506397
pd-user_4045359
pd-user_4488645
pd-user_5291133
pd-user_9797823
pd-user_8175299
pd-user_5182663
pd-user_4693792
pd-user_4863092
pd-user_5962054
pd-user_2794311
pd-user_2366505
pd-user_333670
pd-user_1099995
pd-user_6698308
pd-user_2659111
pd-user_3196212
pd-user_2316221
pd-user_6106228
pd-user_1546586
pd-user_9363346
pd-user_2038312
pd-user_1635581
pd-user_2377191
pd-user_3255197
pd-user_2008744
pd-user_3364499
pd-user_2311782
pd-user_3065568
pd-user_1503087
pd-user_8945610
pd-user_3251694
pd-user_7095032
pd-user_6503919
pd-user_9331173
pd-user_5003382
pd-user_6248820
pd-user_6109616
pd-user_4975728
pd-user_9801812
pd-user_4970252
pd-user_3816856
pd-user_6079471
pd-user_4179669
pd-user_4341147
pd-user_629027
pd-user_9644092
pd-user_1056023
pd-user_9160192
pd-user_3691042
pd-user_589639
pd-user_2734524
pd-user_8455512
pd-user_5175113
pd-user_4636518
pd-user_7078139
pd-user_2592052
pd-user_1102848
pd-user_7003057
pd-user_4232201
pd-user_3620202
pd-user_50567
pd-user_9649211
pd-user_1245499
pd-user_3561886
pd-user_3586505
pd-user_3351330
pd-user_8738023
pd-user_1489873
pd-user_6962217
pd-user_4127694
pd-user_7365677
pd-user_446284
pd-user_5865070
pd-user_8152727
pd-user_436302
pd-user_2109527
pd-user_3090275
pd-user_5087576
pd-user_5440326
pd-user_6342940
pd-user_8735719
pd-user_1185148
pd-user_7869994
pd-user_5528970
pd-user_336403
pd-user_3931339
pd-user_4640173
pd-user_828581
pd-user_245092
pd-user_2405631
pd-user_7140361
pd-user_7887823
pd-user_6952785
pd-user_3368548
pd-user_6438414
pd-user_2329175
pd-user_3996656
pd-user_6928325
pd-user_4167270
pd-user_6955981
pd-user_4370198
pd-user_5830124
pd-user_5251822
pd-user_8218702
pd-user_2504663
pd-user_7073945
pd-user_3518535
pd-user_4645022
pd-user_9036623
pd-user_4565957
pd-user_148332
pd-user_9219098
pd-user_3816602
pd-user_7025464
pd-user_2656897
pd-user_7135099
pd-user_3938286
pd-user_5535431
pd-user_6964171
pd-user_2840654
pd-user_806593
pd-user_9759425
pd-user_6103423
pd-user_6438973
pd-user_2838147
pd-user_2782289
pd-user_4075
pd-user_8606271
pd-user_5371956
pd-user_3945196
pd-user_1684818
pd-user_4646866
pd-user_9930977
pd-user_3669998
pd-user_8470688
pd-user_1580149
pd-user_4928187
pd-user_4469454
pd-user_6592023
pd-user_162676
pd-user_4723026
pd-user_8400993
pd-user_7320656
pd-user_744018
pd-user_3771959
pd-user_5691187
pd-user_7526089
pd-user_9950559
pd-user_4638781
pd-user_4572187
pd-user_1419793
pd-user_8625071
pd-user_5628530
pd-user_8840869
pd-user_2269409
pd-user_8608675
pd-user_3181727
pd-user_161742
pd-user_7979029
pd-user_5241612
pd-user_2132968
pd-user_5415510
pd-user_1220456
pd-user_6737975
pd-user_5130852
pd-user_9647847
pd-user_787899
pd-user_3906212
pd-user_66895
pd-user_7607640
pd-user_3198440
pd-user_8483494
pd-user_218533
pd-user_6192348
pd-user_6821519
pd-user_4093816
pd-user_29058
pd-user_9740367
pd-user_6298913
pd-user_8925975
pd-user_300057
pd-user_6323830
pd-user_7619332
pd-user_9824402
pd-user_7560575
pd-user_6330122
pd-user_2641721
pd-user_1462728
pd-user_1721700
pd-user_5502023
pd-user_4649190
pd-user_2925406
pd-user_1222818
pd-user_3715376
pd-user_7922696
pd-user_7545288
pd-user_511989
pd-user_60819
pd-user_402756
pd-user_2922606
pd-user_8258176
pd-user_9600630
pd-user_3259102
pd-user_6843597
pd-user_5716232
pd-user_2487982
pd-user_9613124
pd-user_5529073
pd-user_1428670
pd-user_5918915
pd-user_1271698
pd-user_8269011
pd-user_5478096
pd-user_56488
pd-user_6004258
pd-user_2643252
pd-user_9883097
pd-user_9891958
pd-user_4949680
pd-user_6141000
pd-user_9576791
pd-user_8704814
pd-user_4769346
pd-user_4692739
pd-user_723224
pd-user_8067352
pd-user_5762307
pd-user_3392832
pd-user_8914053
pd-user_6341500
pd-user_2850313
pd-user_7810374
pd-user_3652280
pd-user_8537872
pd-user_4186249
pd-user_6441846
pd-user_2452472
pd-user_3794422
pd-user_7929479
pd-user_2070949
pd-user_7661509
pd-user_5347047
pd-user_9518745
pd-user_6706335
pd-user_5734552
pd-user_6432462
pd-user_1682685
pd-user_9550855
pd-user_3023210
pd-user_5245221
pd-user_4844500
pd-user_1164747
pd-user_2125893
pd-user_3005600
pd-user_3139292
pd-user_3915889
pd-user_4093951
pd-user_1249922
pd-user_920175
pd-user_5992994
pd-user_9198118
pd-user_5308035
pd-user_2869016
pd-user_9559003
pd-user_8237439
pd-user_3021780
pd-user_2216477
pd-user_5548291
pd-user_7344295
pd-user_8965710
pd-user_9362773
pd-user_5438135
pd-user_2006750
pd-user_7916529
pd-user_3556423
pd-user_9348593
pd-user_2008532
pd-user_755017
pd-user_7230548
pd-user_811763
pd-user_8384905
pd-user_8234500
pd-user_9183412
pd-user_304296
pd-user_3984820
pd-user_2838413
pd-user_6461362
pd-user_6796262
pd-user_132292
pd-user_1012885
pd-user_5530349
pd-user_2342908
pd-user_9006161
pd-user_760664
pd-user_8022739
pd-user_9555295
pd-user_5494417
pd-user_4962789
pd-user_6541985
pd-user_8161724
pd-user_3201936
pd-user_5029000
pd-user_5132842
pd-user_3761737
pd-user_2901562
pd-user_6831352
pd-user_3287525
pd-user_2428719
pd-user_3657797
pd-user_349152
pd-user_4821792
pd-user_3365087
pd-user_9036762
pd-user_3480181
pd-user_5504422
pd-user_4493185
pd-user_864478
pd-user_1226029
pd-user_2653592
pd-user_5039402
pd-user_2128723
pd-user_2986590
pd-user_6213648
pd-user_1394671
pd-user_1095086
pd-user_7736096
pd-user_8364081
pd-user_9276450
pd-user_3320204
pd-user_2110767
pd-user_8678520
pd-user_6593472
pd-user_1048827
pd-user_6509905
pd-user_3051854
pd-user_7009605
pd-user_6768988
pd-user_1498764
pd-user_3435956
pd-user_87527
pd-user_1983840
pd-user_1626527
pd-user_2288949
pd-user_9397395
pd-user_4541950
pd-user_8971496
pd-user_1852399
pd-user_8470105
pd-user_6092633
pd-user_5292542
pd-user_911365
pd-user_4059736
pd-user_7705104
pd-user_7798388
pd-user_1130840
pd-user_6958826
pd-user_1625070
pd-user_1274755
pd-user_6400167
pd-user_8590395
pd-user_7032998
pd-user_2054241
pd-user_7288863
pd-user_504399
pd-user_97781
pd-user_7533650
pd-user_3716536
pd-user_9835722
pd-user_2740736
pd-user_441342
pd-user_6464370
pd-user_7865801
pd-user_4491726
pd-user_982659
pd-user_1232127
pd-user_4520272
pd-user_3585094
pd-user_8307947
pd-user_5898028
pd-user_3616837
pd-user_7937475
pd-user_5857572
pd-user_5228809
pd-user_8007732
pd-user_6014138
pd-user_4336897
pd-user_8760037
pd-user_707452
pd-user_7583306
pd-user_9126373
pd-user_4330335
pd-user_1818096
pd-user_1799558
pd-user_7912408
pd-user_7686747
pd-user_7335379
pd-user_4629051
pd-user_7138738
pd-user_2337474
pd-user_8096011
pd-user_3149897
pd-user_2537865
pd-user_8600202
pd-user_273797
pd-user_4411091
pd-user_8469389
pd-user_3331154
pd-user_94564
pd-user_2943684
pd-user_3762846
pd-user_4486351
pd-user_8128801
pd-user_7659595
pd-user_7782749
pd-user_4587951
pd-user_1936961
pd-user_5860608
pd-user_4439450
pd-user_8662666
pd-user_1999397
pd-user_3271936
pd-user_4415075
pd-user_4686655
pd-user_7137885
pd-user_1752143
pd-user_7440247
pd-user_6590839
pd-user_53486
pd-user_2510076
pd-user_1669668
pd-user_7109159
pd-user_5010369
pd-user_3379482
pd-user_9827911
pd-user_8247362
pd-user_8709669
pd-user_8087710
pd-user_4426720
pd-user_9495939
pd-user_7355987
pd-user_7206073
pd-user_2291414
pd-user_8876413
pd-user_1603066
pd-user_4021561
pd-user_9598322
pd-user_664277
pd-user_6522595
pd-user_9204233
pd-user_4109771
pd-user_8804166
pd-user_7178067
pd-user_6820340
pd-user_1043065
pd-user_5258734
pd-user_6635730
pd-user_5782609
pd-user_4826005
pd-user_8791197
pd-user_8150620
pd-user_2402557
pd-user_3689090
pd-user_1682266
pd-user_2299527
pd-user_1865033
pd-user_198173
pd-user_1276135
pd-user_4648048
pd-user_401641
pd-user_4735719
pd-user_5362615
pd-user_7466910
pd-user_6555213
pd-user_3905340
pd-user_2955930
pd-user_4480573
pd-user_485255
pd-user_5597518
pd-user_8698140
pd-user_2818411
pd-user_3434544
pd-user_6995854
pd-user_5863728
pd-user_1610256
pd-user_9523636
pd-user_5045445
pd-user_1591765
pd-user_5482610
pd-user_7604375
pd-user_3238320
pd-user_4096277
pd-user_8668326
pd-user_1891921
pd-user_7572739
pd-user_1585009
pd-user_4724589
pd-user_3267765
pd-user_4257427
pd-user_3064778
pd-user_380344
pd-user_3014367
pd-user_1535839
pd-user_3245062
pd-user_7520613
pd-user_1171517
pd-user_4356951
pd-user_1756609
pd-user_5313665
pd-user_8139837
pd-user_4264977
pd-user_7044326
pd-user_7715822
pd-user_1377776
pd-user_2362318
pd-user_2039424
pd-user_5969887
pd-user_1742846
pd-user_6858040
pd-user_2146940
pd-user_3222370
pd-user_4086126
pd-user_1745278
pd-user_1209002
pd-user_6296445
pd-user_8534766
pd-user_4503612
pd-user_5922402
pd-user_5319061
pd-user_7072752
pd-user_6315181
pd-user_2414333
pd-user_729637
pd-user_162959
pd-user_4524953
pd-user_1647031
pd-user_7951448
pd-user_5970692
pd-user_26976
pd-user_2269675
pd-user_1575
pd-user_5145288
pd-user_7499315
pd-user_3799037
pd-user_9963477
pd-user_3321846
pd-user_5498351
pd-user_8232664
pd-user_790677
pd-user_8951029
pd-user_4725816
pd-user_887666
pd-user_5482878
pd-user_6169
pd-user_6024116
pd-user_9674301
pd-user_7663199
pd-user_1142411
pd-user_6561457
pd-user_7775448
pd-user_6365239
pd-user_111977
pd-user_5247503
pd-user_9074848
pd-user_3665322
pd-user_4462166
pd-user_5855166
pd-user_861565
pd-user_5968862
pd-user_608156
pd-user_2281773
pd-user_8534305
pd-user_2961897
pd-user_5320104
pd-user_294741
pd-user_799511
pd-user_4641168
pd-user_4870418
pd-user_7936293
pd-user_7711625
pd-user_1496293
pd-user_82286
pd-user_1075838
pd-user_2487682
pd-user_6893225
pd-user_9714876
pd-user_3909217
pd-user_3503031
pd-user_9037287
pd-user_844293
pd-user_8051207
pd-user_4647219
pd-user_9649847
pd-user_1207325
pd-user_7162978
pd-user_1954
pd-user_5286092
pd-user_6430065
pd-user_5467386
pd-user_1252943
pd-user_6729657
pd-user_5090218
pd-user_4768812
pd-user_3526371
pd-user_910461
pd-user_7285939
pd-user_8197822
pd-user_5134122
pd-user_9689636
pd-user_3288723
pd-user_5158080
pd-user_933411
pd-user_7980348
pd-user_795101
pd-user_930510
pd-user_9727434
pd-user_5567639
pd-user_4511343
pd-user_6906409
pd-user_1550716
pd-user_6317815
pd-user_6422116
pd-user_5780718
pd-user_8958029
pd-user_3111749
pd-user_6866382
pd-user_4418461
pd-user_3457141
pd-user_1713937
pd-user_4177804
pd-user_7524367
pd-user_35677
pd-user_8034243
pd-user_7449184
pd-user_579915
pd-user_5851481
pd-user_8448187
pd-user_8513851
pd-user_2670881
pd-user_9693785
pd-user_2231606
pd-user_2522424
pd-user_4531264
pd-user_9195800
pd-user_104501
pd-user_887044
pd-user_1521127
pd-user_5550703
pd-user_2647841
pd-user_9391272
pd-user_630984
pd-user_3727036
pd-user_2999193
pd-user_4472021
pd-user_2873053
pd-user_6101461
pd-user_4228318
pd-user_1111475
pd-user_7940615
pd-user_3993116
pd-user_9834146
pd-user_5426189
pd-user_5302477
pd-user_7004360
pd-user_888946
pd-user_4699385
pd-user_9198397
pd-user_3735522
pd-user_7086858
pd-user_7256138
pd-user_8792765
pd-user_5073899
pd-user_3956600
pd-user_3378302
pd-user_8622618
pd-user_9285025
pd-user_105241
pd-user_9227008
pd-user_4620499
pd-user_2011826
pd-user_2259879
pd-user_1573091
pd-user_896076
pd-user_622944
pd-user_6841349
pd-user_4264063
pd-user_5698356
pd-user_9786472
pd-user_6826735
pd-user_3752612
pd-user_9513439
pd-user_9616663
pd-user_5350405
pd-user_9387778
pd-user_3950263
pd-user_6771068
pd-user_7437014
pd-user_339295
pd-user_8420676
pd-user_775646
pd-user_1252510
pd-user_8828178
pd-user_8340849
pd-user_822975
pd-user_6771149
pd-user_2463909
pd-user_4785077
pd-user_6900183
pd-user_303284
pd-user_5496431
pd-user_9053548
pd-user_2870221
pd-user_1627757
pd-user_4898870
pd-user_412448
pd-user_1937211
pd-user_1127083
pd-user_8500764
pd-user_1771974
pd-user_5455794
pd-user_7831506
pd-user_4267161
pd-user_8829713
pd-user_6710885
pd-user_7178720
pd-user_8634182
pd-user_4413861
pd-user_3826726
pd-user_7177867
pd-user_7929954
pd-user_873408
pd-user_546601
pd-user_8628711
pd-user_5963625
pd-user_8453366
pd-user_8326790
pd-user_5050187
pd-user_5211293
pd-user_2970502
pd-user_3708109
pd-user_5127481
pd-user_5702978
pd-user_7742991
pd-user_744765
pd-user_6893245
pd-user_1656376
pd-user_5878704
pd-user_3274074
pd-user_8298749
pd-user_9110211
pd-user_9255137
pd-user_8350433
pd-user_2783431
pd-user_9937063
pd-user_5840546
pd-user_1642651
pd-user_7548435
pd-user_3964864
pd-user_9837569
pd-user_1289901
pd-user_4111804
pd-user_446655
pd-user_1164500
pd-user_3268728
pd-user_7048273
pd-user_1619571
pd-user_8406975
pd-user_3512245
pd-user_9651607
pd-user_54405
pd-user_2252431
pd-user_7702483
pd-user_8426749
pd-user_7587865
pd-user_917754
pd-user_9863470
pd-user_2932917
pd-user_2976581
pd-user_7363766
pd-user_1566945
pd-user_993385
pd-user_5433602
pd-user_6648763
pd-user_9131473
pd-user_7828369
pd-user_5597674
pd-user_6416925
pd-user_5345231
pd-user_7711663
pd-user_7037837
pd-user_5107069
pd-user_2319836
pd-user_2118566
pd-user_6062990
pd-user_2486492
pd-user_3768229
pd-user_9433526
pd-user_1886140
pd-user_1099805
pd-user_6437206
pd-user_2775145
pd-user_1406069
pd-user_1600394
pd-user_9143014
pd-user_1855875
pd-user_1142030
pd-user_8010806
pd-user_2567496
pd-user_4173072
pd-user_4962434
pd-user_8226053
pd-user_9937601
pd-user_8224560
pd-user_4514576
pd-user_4599806
pd-user_5089970
pd-user_619689
pd-user_8045525
pd-user_5943817
pd-user_1774303
pd-user_7549765
pd-user_4923761
pd-user_4477850
pd-user_474013
pd-user_6555895
pd-user_9090510
pd-user_4878479
pd-user_5734514
pd-user_2501124
pd-user_3903280
pd-user_9443717
pd-user_4721875
pd-user_6163115
pd-user_9566955
pd-user_7191487
pd-user_3670004
pd-user_2909231
pd-user_8366180
pd-user_8734620
pd-user_1600148
pd-user_6479365
pd-user_2479532
pd-user_4922278
pd-user_841522
pd-user_3901270
pd-user_6519991
pd-user_1114325
pd-user_6928643
pd-user_8639060
pd-user_8734596
pd-user_2373524
pd-user_9819175
pd-user_4064077
pd-user_4284063
pd-user_1262807
pd-user_2821900
pd-user_2664109
pd-user_2128105
pd-user_5796799
pd-user_6776281
pd-user_7088662
pd-user_903428
pd-user_5479999
pd-user_7367600
pd-user_5246199
pd-user_9241879
pd-user_2636263
pd-user_516068
pd-user_8436929
pd-user_1257607
pd-user_2251450
pd-user_2345569
pd-user_9655298
pd-user_190492
pd-user_2076475
pd-user_6697282
pd-user_847242
pd-user_9887413
pd-user_3969207
pd-user_3342341
pd-user_9161525
pd-user_579000
pd-user_985132
pd-user_2020426
pd-user_8150648
pd-user_4433024
pd-user_6981736
pd-user_2396960
pd-user_5967158
pd-user_65498
pd-user_8522293
pd-user_4074615
pd-user_6027869
pd-user_1983195
pd-user_7006872
pd-user_6540390
pd-user_3727475
pd-user_1407978
pd-user_1045445
pd-user_560294
pd-user_1369997
pd-user_7034610
pd-user_2813378
pd-user_3246075
pd-user_662014
pd-user_4612560
pd-user_4805559
pd-user_5338194
pd-user_8355621
pd-user_4363123
pd-user_2478047
pd-user_1845998
pd-user_4150245
pd-user_9616435
pd-user_8921165
pd-user_823032
pd-user_8771093
pd-user_1533139
pd-user_3368248
pd-user_8673267
pd-user_5624264
pd-user_8780392
pd-user_8363646
pd-user_4182891
pd-user_5572859
pd-user_9261858
pd-user_7906700
pd-user_8434756
pd-user_7704017
pd-user_8045835
pd-user_5899552
pd-user_9555969
pd-user_810645
pd-user_56032
pd-user_2849626
pd-user_2136752
pd-user_6807645
pd-user_2730211
pd-user_9984675
pd-user_1022751
pd-user_9771247
pd-user_5108743
pd-user_5111807
pd-user_5322008
pd-user_8091257
pd-user_9485798
pd-user_4568849
pd-user_8714192
pd-user_6054833
pd-user_7630091
pd-user_9926495
pd-user_301119
pd-user_934741
pd-user_1446287
pd-user_6460456
pd-user_2909254
pd-user_4917292
pd-user_5606234
pd-user_1861994
pd-user_4886189
pd-user_9054628
pd-user_2193971
pd-user_5610866
pd-user_6373156
pd-user_8539474
pd-user_5430243
pd-user_1413325
pd-user_2289772
pd-user_6272243
pd-user_2695874
pd-user_2770579
pd-user_4175695
pd-user_2498725
pd-user_4880372
pd-user_8536963
pd-user_3830993
pd-user_5088993
pd-user_4529084
pd-user_1900574
pd-user_2854843
pd-user_4285104
pd-user_6531796
pd-user_4940217
pd-user_4145742
pd-user_6020882
pd-user_5671965
pd-user_6048805
pd-user_5617029
pd-user_6864372
pd-user_1802535
pd-user_6259601
pd-user_2647246
pd-user_391756
pd-user_849288
pd-user_2835579
pd-user_4704071
pd-user_8961383
pd-user_4685202
pd-user_4095473
pd-user_3822490
pd-user_3718338
pd-user_2954566
pd-user_3713558
pd-user_9503603
pd-user_2799387
pd-user_4167514
pd-user_6641864
pd-user_7154768
pd-user_2371145
pd-user_335385
pd-user_6057951
pd-user_8739189
pd-user_3897990
pd-user_8044571
pd-user_1667376
pd-user_5795279
pd-user_6750410
pd-user_4271304
pd-user_1399843
pd-user_6724561
pd-user_5010392
pd-user_5452021
pd-user_9209443
pd-user_2283205
pd-user_6078701
pd-user_2201443
pd-user_4329696
pd-user_3566790
pd-user_573509
pd-user_3071384
pd-user_5837197
pd-user_5465135
pd-user_4826967
pd-user_472451
pd-user_5413981
pd-user_177210
pd-user_5494468
pd-user_3092521
pd-user_3486481
pd-user_7728441
pd-user_3454584
pd-user_8857074
pd-user_2510274
pd-user_4091334
pd-user_6494448
pd-user_2483808
pd-user_1130668
pd-user_3052487
pd-user_5279136
pd-user_9217573
pd-user_9773127
pd-user_4399144
pd-user_2893063
pd-user_1683892
pd-user_9242675
pd-user_8964594
pd-user_3259677
pd-user_8732904
pd-user_9310432
pd-user_8907098
pd-user_9652763
pd-user_5874118
pd-user_3384309
pd-user_2513047
pd-user_836394
pd-user_8771388
pd-user_408770
pd-user_4089262
pd-user_5395688
pd-user_7785025
pd-user_7706206
pd-user_1606415
pd-user_2934211
pd-user_3528153
pd-user_8763169
pd-user_6917952
pd-user_5984928
pd-user_4611825
pd-user_4793391
pd-user_5429545
pd-user_6357162
pd-user_2638667
pd-user_1505481
pd-user_7561345
pd-user_2146259
pd-user_6570107
pd-user_5477688
pd-user_5286858
pd-user_668866
pd-user_5263390
pd-user_5089684
pd-user_1297683
pd-user_5846425
pd-user_8389162
pd-user_8305794
pd-user_7331042
pd-user_6709957
pd-user_7248422
pd-user_9945415
pd-user_3857231
pd-user_8715236
pd-user_9159128
pd-user_5857564
pd-user_797896
pd-user_347096
pd-user_9078669
pd-user_5676295
pd-user_5927008
pd-user_1162292
pd-user_1819797
pd-user_547216
pd-user_5029553
pd-user_3137841
pd-user_3132793
pd-user_9356893
pd-user_7716837
pd-user_4280731
pd-user_5960952
pd-user_1981081
pd-user_3087
pd-user_7631948
pd-user_9551536
pd-user_7758981
pd-user_19061
pd-user_1396754
pd-user_5012279
pd-user_5171517
pd-user_7779877
pd-user_4900433
pd-user_1572460
pd-user_3305318
pd-user_4623080
pd-user_1476357
pd-user_3269969
pd-user_4250884
pd-user_5941125
pd-user_1464785
pd-user_8155637
pd-user_8844881
pd-user_1748827
pd-user_2663703
pd-user_1214987
pd-user_1536835
pd-user_3850968
pd-user_2288857
pd-user_4789427
pd-user_53194
pd-user_570436
pd-user_6671362
pd-user_1226599
pd-user_6697296
pd-user_1916629
pd-user_6362709
pd-user_4671895
pd-user_3018287
pd-user_8668355
pd-user_3416097
pd-user_5777197
pd-user_5386957
pd-user_5889940
pd-user_4113648
pd-user_7675233
pd-user_3322476
pd-user_3898482
pd-user_8344619
pd-user_9494988
pd-user_4496234
pd-user_6385417
pd-user_3643685
pd-user_1510225
pd-user_6933803
pd-user_1809421
pd-user_7726609
pd-user_9338799
pd-user_455331
pd-user_4303039
pd-user_6206170
pd-user_2636188
pd-user_2915132
pd-user_9686073
pd-user_1684212
pd-user_4182587
pd-user_8393647
pd-user_6232633
pd-user_4883135
pd-user_6439678
pd-user_936951
pd-user_654332
pd-user_8409143
pd-user_7834729
pd-user_7428665
pd-user_6974328
pd-user_9149728
pd-user_3801874
pd-user_2155651
pd-user_6830420
pd-user_617050
pd-user_9693297
pd-user_1208513
pd-user_1087482
pd-user_9283437
pd-user_5923712
pd-user_885118
pd-user_5887615
pd-user_4064285
pd-user_5660190
pd-user_976106
pd-user_2653189
pd-user_7516566
pd-user_9830847
pd-user_7210839
pd-user_1028046
pd-user_8952522
pd-user_1290470
pd-user_5554757
pd-user_5431822
pd-user_6275179
pd-user_6049017
pd-user_5344346
pd-user_9909153
pd-user_3891246
pd-user_2811715
pd-user_16812
pd-user_2093353
pd-user_8653572
pd-user_9502570
pd-user_8550247
pd-user_8625059
pd-user_8753530
pd-user_1999381
pd-user_8026094
pd-user_2221174
pd-user_6719254
pd-user_6470436
pd-user_4486825
pd-user_1117673
pd-user_2114917
pd-user_3364306
pd-user_2567682
pd-user_4230108
pd-user_5635037
pd-user_7695902
pd-user_4183879
pd-user_5019917
pd-user_5668298
pd-user_6062945
pd-user_2570402
pd-user_2121948
pd-user_9588151
pd-user_8212210
pd-user_9363857
pd-user_1541283
pd-user_9238361
pd-user_6052926
pd-user_2686443
pd-user_5715197
pd-user_4481955
pd-user_3208891
pd-user_3231816
pd-user_3184517
pd-user_5342741
pd-user_6257105
pd-user_2424473
pd-user_7369276
pd-user_228572
pd-user_648556
pd-user_4807821
pd-user_7783067
pd-user_795320
pd-user_8772267
pd-user_6330746
pd-user_4666345
pd-user_3330486
pd-user_7129821
pd-user_3668684
pd-user_3387544
pd-user_1940126
pd-user_6511292
pd-user_3539487
pd-user_155291
pd-user_482062
pd-user_4776683
pd-user_7359653
pd-user_8462617
pd-user_374771
pd-user_1035043
pd-user_1631063
pd-user_5555685
pd-user_328565
pd-user_9520567
pd-user_3537180
pd-user_2423988
pd-user_8563783
pd-user_5638194
pd-user_9504269
pd-user_1113043
pd-user_3660098
pd-user_4535052
pd-user_6720844
pd-user_8699483
pd-user_7240190
pd-user_8972312
pd-user_378778
pd-user_6660836
pd-user_3431889
pd-user_5479232
pd-user_194362
pd-user_5710941
pd-user_4774136
pd-user_444620
pd-user_3906879
pd-user_5286245
pd-user_6249471
pd-user_4684883
pd-user_5090500
pd-user_6035958
pd-user_5882547
pd-user_1852590
pd-user_3772534
pd-user_6864275
pd-user_8507256
pd-user_1100293
pd-user_2860885
pd-user_3184829
pd-user_5088485
pd-user_2903161
pd-user_9391164
pd-user_8406971
pd-user_7134015
pd-user_5149692
pd-user_3476161
pd-user_3585899
pd-user_1019604
pd-user_3488783
pd-user_353801
pd-user_5007897
pd-user_161581
pd-user_5284803
pd-user_195137
pd-user_9039440
pd-user_3545374
pd-user_1646907
pd-user_9003614
pd-user_6054881
pd-user_8468126
pd-user_7677209
pd-user_5216581
pd-user_9185955
pd-user_6605346
pd-user_8998615
pd-user_1477392
pd-user_2259465
pd-user_5037024
pd-user_6447524
pd-user_1175958
pd-user_4698314
pd-user_2450248
pd-user_9078733
pd-user_7743634
pd-user_6603907
pd-user_5422236
pd-user_4195285
pd-user_5077115
pd-user_1527464
pd-user_3926900
pd-user_6864714
pd-user_2260011
pd-user_7317651
pd-user_6376166
pd-user_8179604
pd-user_3204603
pd-user_6391960
pd-user_7269911
pd-user_4374372
pd-user_9278847
pd-user_1066450
pd-user_303074
pd-user_303696
pd-user_8609800
pd-user_748948
pd-user_7003667
pd-user_5233182
pd-user_8200005
pd-user_859097
pd-user_9401632
pd-user_6317886
pd-user_8626311
pd-user_5567863
pd-user_9639353
pd-user_7201671
pd-user_4844440
pd-user_2519288
pd-user_3987389
pd-user_4525735
pd-user_7225797
pd-user_9653484
pd-user_5275374
pd-user_5235787
pd-user_1133398
pd-user_4868650
pd-user_1436748
pd-user_9066194
pd-user_4773752
pd-user_9450557
pd-user_6394947
pd-user_4613962
pd-user_6708119
pd-user_9308815
pd-user_3020101
pd-user_3841883
pd-user_3604862
pd-user_3732871
pd-user_8412517
pd-user_6797021
pd-user_8414152
pd-user_8373790
pd-user_5183909
pd-user_5041357
pd-user_2096315
pd-user_8825829
pd-user_2814563
pd-user_9067902
pd-user_9307710
pd-user_4371162
pd-user_1744864
pd-user_1151247
pd-user_8381251
pd-user_2671688
pd-user_955388
pd-user_675989
pd-user_175406
pd-user_8527967
pd-user_1993279
pd-user_1958013
pd-user_2830518
pd-user_2433835
pd-user_1185549
pd-user_1912031
pd-user_8212094
pd-user_6570378
pd-user_9697032
pd-user_2446648
pd-user_2949940
pd-user_6419205
pd-user_8287565
pd-user_607077
pd-user_416170
pd-user_5934239
pd-user_8141398
pd-user_6397055
pd-user_4680007
pd-user_5146136
pd-user_9414773
pd-user_7398688
pd-user_4209272
pd-user_4486736
pd-user_3042135
pd-user_7202664
pd-user_4987654
pd-user_3833064
pd-user_4390899
pd-user_545650
pd-user_1034416
pd-user_4904217
pd-user_7061347
pd-user_5962954
pd-user_8092223
pd-user_469862
pd-user_5680751
pd-user_8100089
pd-user_4736826
pd-user_3699797
pd-user_8380838
pd-user_8467162
pd-user_6477737
pd-user_7595875
pd-user_583949
pd-user_267586
pd-user_8138215
pd-user_2504417
pd-user_7653866
pd-user_7831439
pd-user_5691685
pd-user_9287860
pd-user_5112457
pd-user_4965335
pd-user_2723875
pd-user_2276963
pd-user_4651713
pd-user_2697808
pd-user_141092
pd-user_2175058
pd-user_721255
pd-user_406805
pd-user_8650280
pd-user_3973526
pd-user_9663494
pd-user_2912096
pd-user_561038
pd-user_7753979
pd-user_3657399
pd-user_8426898
pd-user_7137256
pd-user_4171092
pd-user_6902725
pd-user_2365519
pd-user_4048446
pd-user_7754080
pd-user_6281113
pd-user_1274947
pd-user_7771775
pd-user_5110715
pd-user_9758111
pd-user_3303262
pd-user_7360990
pd-user_940358
pd-user_9191823
pd-user_3876374
pd-user_6013032
pd-user_8884605
pd-user_966279
pd-user_1065978
pd-user_9001914
pd-user_1796544
pd-user_6626641
pd-user_7418109
pd-user_9495626
pd-user_2254946
pd-user_1382589
pd-user_1567235
pd-user_7774716
pd-user_75096
pd-user_8921819
pd-user_4460859
pd-user_2687677
pd-user_3726786
pd-user_8455805
pd-user_1011949
pd-user_402386
pd-user_7737915
pd-user_1061999
pd-user_3422937
pd-user_2672462
pd-user_9531427
pd-user_2264096
pd-user_8565606
pd-user_2506847
pd-user_4188274
pd-user_7724382
pd-user_5595198
pd-user_6597098
pd-user_4612421
pd-user_531077
pd-user_5352207
pd-user_2483547
pd-user_3012898
pd-user_3891106
pd-user_9119173
pd-user_8701714
pd-user_1631556
pd-user_2265640
pd-user_2726184
pd-user_4980779
pd-user_1060790
pd-user_4742925
pd-user_37661
pd-user_4795290
pd-user_5309351
pd-user_8418681
pd-user_3993005
pd-user_9177154
pd-user_2062408
pd-user_4253847
pd-user_1221924
pd-user_6554075
pd-user_4807211
pd-user_2932065
pd-user_73599
pd-user_9101
pd-user_7420626
pd-user_6175831
pd-user_4640280
pd-user_5720344
pd-user_196922
pd-user_9050655
pd-user_3276534
pd-user_9222993
pd-user_6409614
pd-user_7196813
pd-user_8015110
pd-user_5774887
pd-user_356006
pd-user_2299886
pd-user_3611220
pd-user_9969882
pd-user_5162721
pd-user_4956817
pd-user_1492271
pd-user_1506966
pd-user_8738632
pd-user_4584613
pd-user_3616587
pd-user_7411935
pd-user_1644799
pd-user_4168672
pd-user_78877
pd-user_2672475
pd-user_164189
pd-user_8825596
pd-user_3604032
pd-user_1040962
pd-user_5255247
pd-user_4169847
pd-user_4088203
pd-user_2712033
pd-user_4673120
pd-user_4380877
pd-user_1287326
pd-user_8343846
pd-user_7328184
pd-user_6758052
pd-user_4157200
pd-user_54318
pd-user_8866147
pd-user_9818049
pd-user_9089174
pd-user_3021213
pd-user_7912419
pd-user_8964596
pd-user_3473804
pd-user_5246950
pd-user_9737576
pd-user_4233899
pd-user_9115612
pd-user_2086521
pd-user_9809555
pd-user_4616435
pd-user_9691942
pd-user_1930585
pd-user_4517474
pd-user_1289751
pd-user_5719227
pd-user_3255445
pd-user_3737721
pd-user_2421136
pd-user_3570906
pd-user_4675821
pd-user_2122676
pd-user_1342927
pd-user_8892352
pd-user_3043993
pd-user_1259402
pd-user_157265
pd-user_4462677
pd-user_864012
pd-user_6696511
pd-user_1849821
pd-user_2682248
pd-user_7785255
pd-user_8890003
pd-user_2414543
pd-user_8162626
pd-user_1153968
pd-user_2175830
pd-user_3023639
pd-user_5723980
pd-user_113623
pd-user_9590496
pd-user_1967477
pd-user_4540232
pd-user_1932622
pd-user_9142641
pd-user_9540155
pd-user_2351617
pd-user_8319639
pd-user_1616415
pd-user_9672347
pd-user_4675661
pd-user_939966
pd-user_3889942
pd-user_627491
pd-user_6484901
pd-user_2594635
pd-user_1765311
pd-user_7591107
pd-user_116041
pd-user_9491980
pd-user_7861129
pd-user_7273230
pd-user_6570495
pd-user_4617901
pd-user_316544
pd-user_7707565
pd-user_306264
pd-user_9314243
pd-user_2816572
pd-user_916299
pd-user_6172401
pd-user_2095645
pd-user_6879868
pd-user_1083255
pd-user_9087982
pd-user_2502190
pd-user_9413985
pd-user_1206881
pd-user_5742638
pd-user_6273534
pd-user_7458018
pd-user_5649518
pd-user_6960797
pd-user_4041034
pd-user_1929635
pd-user_8642227
pd-user_230450
pd-user_8533181
pd-user_4964594
pd-user_6008154
pd-user_8573169
pd-user_9080302
pd-user_312542
pd-user_2841038
pd-user_1214801
pd-user_3416747
pd-user_6085285
pd-user_7349397
pd-user_5619537
pd-user_7124701
pd-user_6811634
pd-user_8191788
pd-user_8278903
pd-user_9895012
pd-user_522844
pd-user_5982876
pd-user_2005350
pd-user_6747242
pd-user_9032035
pd-user_7951952
pd-user_2928011
pd-user_4821229
pd-user_6170972
pd-user_9736777
pd-user_3231596
pd-user_6337070
pd-user_6419001
pd-user_6458823
pd-user_7222447
pd-user_3478024
pd-user_9959571
pd-user_9024128
pd-user_4682515
pd-user_7647983
pd-user_1805317
pd-user_1609835
pd-user_7547478
pd-user_1699345
pd-user_9967388
pd-user_193659
pd-user_6458245
pd-user_8234090
pd-user_1481482
pd-user_2299124
pd-user_3610373
pd-user_4286662
pd-user_2705934
pd-user_1375032
pd-user_7645789
pd-user_3133811
pd-user_2284616
pd-user_4622189
pd-user_2009559
pd-user_7567476
pd-user_205278
pd-user_2785416
pd-user_2843080
pd-user_2549953
pd-user_2924538
pd-user_7999383
pd-user_8676515
pd-user_8313065
pd-user_322132
pd-user_1553769
pd-user_5397071
pd-user_1833366
pd-user_3013864
pd-user_6730633
pd-user_8256624
pd-user_2157919
pd-user_3905644
pd-user_410026
pd-user_4047356
pd-user_1310110
pd-user_2637269
pd-user_1159314
pd-user_6419236
pd-user_3208948
pd-user_3458636
pd-user_8180201
pd-user_6904984
pd-user_6919842
pd-user_1682860
pd-user_912584
pd-user_8059415
pd-user_4156667
pd-user_2893571
pd-user_4940311
pd-user_5666713
pd-user_3966242
pd-user_7971323
pd-user_3995737
pd-user_1395584
pd-user_6772537
pd-user_9537370
pd-user_1308702
pd-user_6877524
pd-user_8205430
pd-user_8326019
pd-user_9646672
pd-user_5618825
pd-user_8189694
pd-user_3990381
pd-user_9852421
pd-user_9261241
pd-user_567809
pd-user_9173182
pd-user_7534095
pd-user_841560
pd-user_9655469
pd-user_8760788
pd-user_6208791
pd-user_8274729
pd-user_4581634
pd-user_7838199
pd-user_4744927
pd-user_5330764
pd-user_8320682
pd-user_7050967
pd-user_528473
pd-user_3412325
pd-user_2045318
pd-user_5848705
pd-user_4907485
pd-user_9155691
pd-user_6262169
pd-user_5106213
pd-user_4434093
pd-user_2156677
pd-user_1694890
pd-user_5765285
pd-user_2246973
pd-user_6107117
pd-user_5541549
pd-user_7969512
pd-user_5727879
pd-user_2664330
pd-user_8144349
pd-user_3584659
pd-user_3414193
pd-user_7841415
pd-user_6771277
pd-user_8520041
pd-user_4475331
pd-user_5734639
pd-user_6458949
pd-user_9537859
pd-user_2822150
pd-user_7400704
pd-user_2376862
pd-user_5572358
pd-user_5442966
pd-user_3830811
pd-user_4689717
pd-user_9403792
pd-user_2803707
pd-user_3975971
pd-user_6733177
pd-user_7815589
pd-user_429155
pd-user_5688135
pd-user_8122412
pd-user_5299734
pd-user_2603531
pd-user_5951959
pd-user_631942
pd-user_4720664
pd-user_4413366
pd-user_6401551
pd-user_6721611
pd-user_3946124
pd-user_4590978
pd-user_3260104
pd-user_8679595
pd-user_3480898
pd-user_2980615
pd-user_1635830
pd-user_7922836
pd-user_1309902
pd-user_2327748
pd-user_4405646
pd-user_4180248
pd-user_7893315
pd-user_5169418
pd-user_5612935
pd-user_570129
pd-user_9595215
pd-user_7743004
pd-user_4608010
pd-user_8624142
pd-user_9282144
pd-user_9988660
pd-user_2010545
pd-user_1367605
pd-user_8636602
pd-user_9018227
pd-user_1481850
pd-user_1464310
pd-user_2347875
pd-user_4438653
pd-user_8681024
pd-user_9149204
pd-user_5015394
pd-user_9365007
pd-user_6011415
pd-user_135525
pd-user_8634986
pd-user_6748553
pd-user_8228614
pd-user_6494554
pd-user_1123551
pd-user_8051173
pd-user_638725
pd-user_6256900
pd-user_5195867
pd-user_8293708
pd-user_3931083
pd-user_143707
pd-user_3553569
pd-user_3304391
pd-user_894157
pd-user_4239363
pd-user_2071903
pd-user_3913159
pd-user_2489906
pd-user_9084517
pd-user_1374375
pd-user_1413372
pd-user_6211227
pd-user_7078831
pd-user_2744451
pd-user_9830679
pd-user_152786
pd-user_9624962
pd-user_7739416
pd-user_5544065
pd-user_7429945
pd-user_6114785
pd-user_291513
pd-user_7853264
pd-user_5685558
pd-user_9714351
pd-user_3445829
pd-user_9805770
pd-user_2644281
pd-user_1590553
pd-user_5620500
pd-user_1898723
pd-user_3529513
pd-user_7753570
pd-user_2557539
pd-user_6236750
pd-user_6159699
pd-user_503255
pd-user_6006023
pd-user_9735807
pd-user_9820130
pd-user_2692331
pd-user_9234062
pd-user_8661512
pd-user_746499
pd-user_6471605
pd-user_6604814
pd-user_4137463
pd-user_5537024
pd-user_1057443
pd-user_1517703
pd-user_3640043
pd-user_400235
pd-user_9470307
pd-user_6940732
pd-user_5575392
pd-user_8701102
pd-user_4598552
pd-user_3167824
pd-user_9186467
pd-user_3754979
pd-user_8780066
pd-user_1604414
pd-user_4262053
pd-user_8177890
pd-user_4438218
pd-user_4741559
pd-user_4929706
pd-user_178495
pd-user_1317517
pd-user_1606167
pd-user_545809
pd-user_7709850
pd-user_4747547
pd-user_5726173
pd-user_3379701
pd-user_1104323
pd-user_4008840
pd-user_1986476
pd-user_2690242
pd-user_6452558
pd-user_2393274
pd-user_1137392
pd-user_4831863
pd-user_7169850
pd-user_2151079
pd-user_2506555
pd-user_1319121
pd-user_3098489
pd-user_3703290
pd-user_6908671
pd-user_9557341
pd-user_721934
pd-user_7198084
pd-user_5895806
pd-user_1917792
pd-user_796649
pd-user_3022764
pd-user_9080039
pd-user_3778475
pd-user_4923353
pd-user_5746463
pd-user_7897136
pd-user_9945570
pd-user_168446
pd-user_8218450
pd-user_8319169
pd-user_3143602
pd-user_2058777
pd-user_5624089
pd-user_5949521
pd-user_6756
pd-user_2953266
pd-user_5156086
pd-user_700406
pd-user_1315004
pd-user_4439197
pd-user_8540435
pd-user_1201463
pd-user_471896
pd-user_495199
pd-user_5051990
pd-user_9952093
pd-user_4835082
pd-user_6189419
pd-user_5660888
pd-user_2277593
pd-user_8949807
pd-user_7837869
pd-user_6866569
pd-user_2250189
pd-user_4515101
pd-user_589230
pd-user_2932671
pd-user_7386537
pd-user_7125773
pd-user_2534241
pd-user_556376
pd-user_1497587
pd-user_8850616
pd-user_9884687
pd-user_8465510
pd-user_4286930
pd-user_7181779
pd-user_5920067
pd-user_6402764
pd-user_2007385
pd-user_7225143
pd-user_4445640
pd-user_2506285
pd-user_5852792
pd-user_6610377
pd-user_6054568
pd-user_4377550
pd-user_4234138
pd-user_8739193
pd-user_6006355
pd-user_9696443
pd-user_9103959
pd-user_9572170
pd-user_6114764
pd-user_7717679
pd-user_4616412
pd-user_7359862
pd-user_2788718
pd-user_2731317
pd-user_8179071
pd-user_449967
pd-user_3394170
pd-user_7636383
pd-user_341219
pd-user_7601600
pd-user_5030197
pd-user_2474051
pd-user_6858675
pd-user_7276294
pd-user_8055823
pd-user_1006258
pd-user_1075555
pd-user_7904365
pd-user_220778
pd-user_3248250
pd-user_6836296
pd-user_1491883
pd-user_154588
pd-user_452722
pd-user_8024601
pd-user_9883560
pd-user_3985742
pd-user_4106053
pd-user_4501940
pd-user_6505757
pd-user_793528
pd-user_3209372
pd-user_5126927
pd-user_6240014
pd-user_8676842
pd-user_953731
pd-user_9960984
pd-user_1295851
pd-user_5653678
pd-user_2049568
pd-user_964468
pd-user_4870560
pd-user_3167787
pd-user_2276117
pd-user_9490675
pd-user_6492318
pd-user_3624865
pd-user_6809333
pd-user_6909524
pd-user_4634484
pd-user_8000932
pd-user_4513380
pd-user_8474838
pd-user_1600805
pd-user_3665399
pd-user_9737554
pd-user_7823456
pd-user_7208978
pd-user_8556255
pd-user_8030024
pd-user_4984038
pd-user_3263088
pd-user_196628
pd-user_9035029
pd-user_5224941
pd-user_3747448
pd-user_5135142
pd-user_5822274
pd-user_356569
pd-user_722452
pd-user_3529385
pd-user_9098027
pd-user_6210318
pd-user_4796922
pd-user_8861202
pd-user_4278194
pd-user_8605757
pd-user_9667000
pd-user_9118933
pd-user_9257475
pd-user_9456427
pd-user_4380921
pd-user_7783846
pd-user_9716458
pd-user_1411998
pd-user_7639426
pd-user_637032
pd-user_7174796
pd-user_9269793
pd-user_8551983
pd-user_7741114
pd-user_3323153
pd-user_6862495
pd-user_3945249
pd-user_3792163
pd-user_9730164
pd-user_982449
pd-user_6538234
pd-user_6372115
pd-user_8525268
pd-user_2103908
pd-user_3179926
pd-user_6005357
pd-user_6626736
pd-user_5760026
pd-user_5746847
pd-user_1243882
pd-user_3272116
pd-user_3501427
pd-user_2099794
pd-user_4413055
pd-user_3113227
pd-user_3788275
pd-user_37761
pd-user_6127136
pd-user_351025
pd-user_3908319
pd-user_7967664
pd-user_3879392
pd-user_1002466
pd-user_2432398
pd-user_9180626
pd-user_3918570
pd-user_253260
pd-user_8828943
pd-user_2381054
pd-user_9598475
pd-user_3980512
pd-user_5347850
pd-user_1495618
pd-user_1687523
pd-user_5716876
pd-user_3311378
pd-user_3901187
pd-user_2636559
pd-user_7292386
pd-user_773960
pd-user_4006154
pd-user_5232158
pd-user_952777
pd-user_9080321
pd-user_4452541
pd-user_3652638
pd-user_4823976
pd-user_6058806
pd-user_1044147
pd-user_8657870
pd-user_6241088
pd-user_552179
pd-user_8450554
pd-user_9127979
pd-user_6636709
pd-user_9602862
pd-user_9702607
pd-user_5318692
pd-user_8951555
pd-user_2451539
pd-user_8174847
pd-user_1619858
pd-user_8816489
pd-user_5798430
pd-user_807100
pd-user_4510250
pd-user_2178802
pd-user_4383306
pd-user_732593
pd-user_4775497
pd-user_484248
pd-user_6885838
pd-user_9880909
pd-user_2760232
pd-user_1588692
pd-user_1057239
pd-user_8390025
pd-user_3003995
pd-user_5032827
pd-user_8142548
pd-user_7189003
pd-user_5113812
pd-user_788587
pd-user_2876757
pd-user_3756107
pd-user_5091434
pd-user_944868
pd-user_9248707
pd-user_6951557
pd-user_6597073
pd-user_5221421
pd-user_5421530
pd-user_5368523
pd-user_5850815
pd-user_9562788
pd-user_9709111
pd-user_4988568
pd-user_9082933
pd-user_1087279
pd-user_2665730
pd-user_2155155
pd-user_4932727
pd-user_5879727
pd-user_93810
pd-user_2120146
pd-user_9990807
pd-user_894886
pd-user_4122512
pd-user_8416577
pd-user_8922864
pd-user_2897006
pd-user_8317708
pd-user_1943002
pd-user_2234349
pd-user_7512284
pd-user_767336
pd-user_3551927
pd-user_5071446
pd-user_5656556
pd-user_8810143
pd-user_7941363
pd-user_4012145
pd-user_8775579
pd-user_4301920
pd-user_7356750
pd-user_6377480
pd-user_1667310
pd-user_5889856
pd-user_794021
pd-user_883166
pd-user_6761916
pd-user_4839403
pd-user_3568826
pd-user_5118228
pd-user_4573434
pd-user_9115232
pd-user_7753638
pd-user_6669709
pd-user_2358978
pd-user_9797251
pd-user_2482145
pd-user_4072570
pd-user_258409
pd-user_3190070
pd-user_4976325
pd-user_7352481
pd-user_7679891
pd-user_8099128
pd-user_750562
pd-user_3967271
pd-user_7420688
pd-user_8874632
pd-user_8884700
pd-user_8952028
pd-user_3156119
pd-user_5562524
pd-user_665446
pd-user_4395527
pd-user_7753491
pd-user_7666883
pd-user_7975724
pd-user_9118866
pd-user_7462389
pd-user_3162046
pd-user_5851846
pd-user_4214691
pd-user_9734459
pd-user_3329727
pd-user_2132050
pd-user_5699633
pd-user_6237577
pd-user_1368575
pd-user_7005282
pd-user_330766
pd-user_6339684
pd-user_1308874
pd-user_5980077
pd-user_3362635
pd-user_4467705
pd-user_8093291
pd-user_3223991
pd-user_3342544
pd-user_3819557
pd-user_4188614
pd-user_7185130
pd-user_6624279
pd-user_7816264
pd-user_9327866
pd-user_3729209
pd-user_1523498
pd-user_4884011
pd-user_142721
pd-user_7545525
pd-user_7692936
pd-user_1064182
pd-user_2563042
pd-user_9013351
pd-user_5279572
pd-user_1247003
pd-user_2159241
pd-user_3604343
pd-user_2482904
pd-user_6548475
pd-user_2585518
pd-user_2754170
pd-user_3232832
pd-user_6383594
pd-user_819373
pd-user_8465828
pd-user_2499187
pd-user_8618741
pd-user_1008107
pd-user_3650345
pd-user_9472207
pd-user_3916039
pd-user_3988457
pd-user_797564
pd-user_3554917
pd-user_2960581
pd-user_5442378
pd-user_826559
pd-user_6281556
pd-user_5806794
pd-user_569415
pd-user_7706431
pd-user_6770449
pd-user_2555234
pd-user_7118173
pd-user_7873229
pd-user_6391746
pd-user_1083535
pd-user_113702
pd-user_8434281
pd-user_1582039
pd-user_129117
pd-user_1991108
pd-user_4548925
pd-user_5728984
pd-user_5579252
pd-user_7623053
pd-user_3566435
pd-user_5615662
pd-user_5775307
pd-user_7200071
pd-user_9141625
pd-user_3157715
pd-user_3222857
pd-user_7261367
pd-user_6449721
pd-user_3712964
pd-user_5858208
pd-user_3962477
pd-user_7563538
pd-user_5936031
pd-user_4240216
pd-user_4484963
pd-user_1536225
pd-user_9471882
pd-user_2518419
pd-user_19706
pd-user_9593922
pd-user_9104861
pd-user_2036404
pd-user_6099387
pd-user_371223
pd-user_488279
pd-user_2324372
pd-user_750732
pd-user_6609811
pd-user_7552033
pd-user_4432770
pd-user_232445
pd-user_7119417
pd-user_187626
pd-user_1363745
pd-user_2301103
pd-user_9025196
pd-user_5651635
pd-user_3407619
pd-user_7428023
pd-user_9605025
pd-user_4206579
pd-user_9451774
pd-user_4328977
pd-user_2437425
pd-user_2970911
pd-user_52357
pd-user_1570822
pd-user_8264159
pd-user_45922
pd-user_3489856
pd-user_749045
pd-user_1249173
pd-user_7170588
pd-user_4437448
pd-user_5938965
pd-user_3357267
pd-user_8954708
pd-user_9589663
pd-user_1629586
pd-user_9330054
pd-user_859106
pd-user_3580493
pd-user_5714584
pd-user_6609575
pd-user_597643
pd-user_5784106
pd-user_6368997
pd-user_5056063
pd-user_6621661
pd-user_8891187
pd-user_8766320
pd-user_8256660
pd-user_3893204
pd-user_4190692
pd-user_8800878
pd-user_5084012
pd-user_2103231
pd-user_3020298
pd-user_3485612
pd-user_5036598
pd-user_6820993
pd-user_814177
pd-user_9678159
pd-user_9458017
pd-user_7186823
pd-user_3500704
pd-user_3027702
pd-user_7215665
pd-user_6593736
pd-user_6929481
pd-user_2984882
pd-user_2025144
pd-user_166083
pd-user_1197982
pd-user_6870706
pd-user_4586353
pd-user_2127898
pd-user_7248071
pd-user_6562187
pd-user_1581225
pd-user_9691139
pd-user_408685
pd-user_2278580
pd-user_19698
pd-user_7020548
pd-user_357109
pd-user_7817587
pd-user_7381538
pd-user_888302
pd-user_1120338
pd-user_633757
pd-user_310363
pd-user_4717314
pd-user_1774475
pd-user_6109672
pd-user_8869508
pd-user_1178484
pd-user_3524324
pd-user_3183277
pd-user_7781147
pd-user_9781106
pd-user_9100368
pd-user_5353831
pd-user_5313715
pd-user_3553687
pd-user_8906973
pd-user_1258955
pd-user_1197454
pd-user_6687260
pd-user_3676910
pd-user_2491583
pd-user_6899652
pd-user_1820563
pd-user_8662034
pd-user_4453490
pd-user_9288912
pd-user_3583639
pd-user_1068171
pd-user_8801548
pd-user_7172960
pd-user_6411029
pd-user_7744965
pd-user_4700293
pd-user_4777160
pd-user_6044730
pd-user_7003534
pd-user_1043370
pd-user_7682580
pd-user_3872706
pd-user_225882
pd-user_2557158
pd-user_3227540
pd-user_9229074
pd-user_6313872
pd-user_2427735
pd-user_5824403
pd-user_2929921
pd-user_5310953
pd-user_5350927
pd-user_8396896
pd-user_9997562
pd-user_5711150
pd-user_2783085
pd-user_7670813
pd-user_8578033
pd-user_2717729
pd-user_5352627
pd-user_9998356
pd-user_681531
pd-user_3651068
pd-user_1261916
pd-user_380065
pd-user_4814414
pd-user_4206353
pd-user_8728548
pd-user_123034
pd-user_3780465
pd-user_7340279
pd-user_9677564
pd-user_4243900
pd-user_3013727
pd-user_7536864
pd-user_1803035
pd-user_9282376
pd-user_8420084
pd-user_2706745
pd-user_4008580
pd-user_9435952
pd-user_1944702
pd-user_8126036
pd-user_7647279
pd-user_1222187
pd-user_4454084
pd-user_7866387
pd-user_9174159
pd-user_8877678
pd-user_650223
pd-user_290645
pd-user_3491789
pd-user_6252379
pd-user_9844618
pd-user_4005548
pd-user_3615522
pd-user_6849988
pd-user_1670984
pd-user_9040910
pd-user_8242701
pd-user_28159
pd-user_9508115
pd-user_8133620
pd-user_7534141
pd-user_7288288
pd-user_9775713
pd-user_9943411
pd-user_1971181
pd-user_5426205
pd-user_7861796
pd-user_1858460
pd-user_1917713
pd-user_1294639
pd-user_2774004
pd-user_8433592
pd-user_9233471
pd-user_1919336
pd-user_7229391
pd-user_4608078
pd-user_7157958
pd-user_8166901
pd-user_4924638
pd-user_1233905
pd-user_4886106
pd-user_9915060
pd-user_4241665
pd-user_4114581
pd-user_3342272
pd-user_3618638
pd-user_3545882
pd-user_6663688
pd-user_1968004
pd-user_8720490
pd-user_5190921
pd-user_5197345
pd-user_4526799
pd-user_1670564
pd-user_9889371
pd-user_3112937
pd-user_5791378
pd-user_6807361
pd-user_5679208
pd-user_3614267
pd-user_8789128
pd-user_280175
pd-user_750435
pd-user_5755621
pd-user_2202935
pd-user_1776974
pd-user_6502684
pd-user_8466423
pd-user_5392797
pd-user_2120618
pd-user_2934346
pd-user_9931023
pd-user_1464760
pd-user_243793
pd-user_2230598
pd-user_917650
pd-user_1725497
pd-user_3249728
pd-user_3497532
pd-user_5666443
pd-user_2925386
pd-user_8182636
pd-user_7143207
pd-user_4338331
pd-user_4189195
pd-user_8158695
pd-user_9722647
pd-user_138333
pd-user_8769340
pd-user_6834197
pd-user_4191881
pd-user_6456190
pd-user_1919561
pd-user_6428976
pd-user_1578817
pd-user_9769096
pd-user_795999
pd-user_1838263
pd-user_3115634
pd-user_7088630
pd-user_5045869
pd-user_1224780
pd-user_699279
pd-user_8180555
pd-user_1519807
pd-user_439695
pd-user_4491817
pd-user_4177357
pd-user_1186143
pd-user_2334108
pd-user_3064127
pd-user_5175895
pd-user_9106564
pd-user_4282695
pd-user_5759208
pd-user_1168012
pd-user_9193099
pd-user_3082350
pd-user_4365225
pd-user_7143034
pd-user_5617542
pd-user_5261281
pd-user_3347710
pd-user_4098101
pd-user_5639738
pd-user_7757075
pd-user_4847818
pd-user_6105476
pd-user_9072411
pd-user_9821195
pd-user_8910854
pd-user_7430930
pd-user_2344333
pd-user_5613298
pd-user_6806381
pd-user_6838122
pd-user_404466
pd-user_7856120
pd-user_3862809
pd-user_1516001
pd-user_742019
pd-user_2400809
pd-user_8053284
pd-user_2971432
pd-user_4418312
pd-user_2976339
pd-user_7955108
pd-user_2792388
pd-user_462729
pd-user_903730
pd-user_649658
pd-user_1284186
pd-user_6258455
pd-user_1351628
pd-user_3402395
pd-user_9802312
pd-user_1272946
pd-user_1130493
pd-user_6136230
pd-user_4918690
pd-user_8948479
pd-user_1745809
pd-user_5140692
pd-user_311888
pd-user_8717278
pd-user_6867072
pd-user_1968683
pd-user_7269232
pd-user_7524074
pd-user_1711430
pd-user_2735
pd-user_3138351
pd-user_4737188
pd-user_6488807
pd-user_2017228
pd-user_2808705
pd-user_8758168
pd-user_4422994
pd-user_5010639
pd-user_3820112
pd-user_7733930
pd-user_6251039
pd-user_4064278
pd-user_3490009
pd-user_3276322
pd-user_2850712
pd-user_6894007
pd-user_8935586
pd-user_5740050
pd-user_993561
pd-user_9105986
pd-user_4485213
pd-user_1227050
pd-user_6146424
pd-user_7291158
pd-user_3391786
pd-user_1371314
pd-user_8134140
pd-user_4354316
pd-user_961214
pd-user_5683571
pd-user_6630188
pd-user_205453
pd-user_6356465
pd-user_9691041
pd-user_5222034
pd-user_2085012
pd-user_7638256
pd-user_5136503
pd-user_4030778
pd-user_4620877
pd-user_2020931
pd-user_1557238
pd-user_2088844
pd-user_186074
pd-user_357664
pd-user_5874300
pd-user_7755777
pd-user_6239490
pd-user_5085207
pd-user_6139559
pd-user_4226032
pd-user_8057544
pd-user_1702521
pd-user_6151014
pd-user_2381436
pd-user_166172
pd-user_2135065
pd-user_8134325
pd-user_7446305
pd-user_3051422
pd-user_3437443
pd-user_9526819
pd-user_6289459
pd-user_4544747
pd-user_2772312
pd-user_4539447
pd-user_2893236
pd-user_8922401
pd-user_1707971
pd-user_5617789
pd-user_2536535
pd-user_6941845
pd-user_9303630
pd-user_1090422
pd-user_9098668
pd-user_2979018
pd-user_7278058
pd-user_4582399
pd-user_59226
pd-user_4877842
pd-user_1296602
pd-user_7514812
pd-user_5618409
pd-user_549985
pd-user_2100530
pd-user_1786451
pd-user_2988579
pd-user_8465001
pd-user_6675654
pd-user_3365081
pd-user_6730056
pd-user_5766283
pd-user_7332816
pd-user_7306579
pd-user_4776396
pd-user_2894927
pd-user_4541280
pd-user_9314061
pd-user_5166945
pd-user_4911838
pd-user_3747372
pd-user_7855351
pd-user_263896
pd-user_4892307
pd-user_2854941
pd-user_6402082
pd-user_2626880
pd-user_9932789
pd-user_1883649
pd-user_4172495
pd-user_7464537
pd-user_5655678
pd-user_5196973
pd-user_8356691
pd-user_8282092
pd-user_448470
pd-user_8480532
pd-user_4562081
pd-user_5645259
pd-user_7281726
pd-user_6141687
pd-user_2031160
pd-user_7000761
pd-user_4077161
pd-user_1567286
pd-user_9206045
pd-user_1446468
pd-user_4909982
pd-user_439289
pd-user_1392036
pd-user_7482199
pd-user_1920262
pd-user_7500344
pd-user_6994724
pd-user_1125861
pd-user_650363
pd-user_5348582
pd-user_7004075
pd-user_9356919
pd-user_1852348
pd-user_6590162
pd-user_3045999
pd-user_1739409
pd-user_3957694
pd-user_2475167
pd-user_9359348
pd-user_2719220
pd-user_1141428
pd-user_5214475
pd-user_1280603
pd-user_7271054
pd-user_9925225
pd-user_651393
pd-user_2563893
pd-user_3748646
pd-user_7443158
pd-user_5252429
pd-user_8041093
pd-user_3046138
pd-user_4056518
pd-user_3567868
pd-user_288441
pd-user_9148926
pd-user_8884424
pd-user_6296739
pd-user_4445679
pd-user_5120376
pd-user_2630664
pd-user_1109967
pd-user_458574
pd-user_1836670
pd-user_8368858
pd-user_2624948
pd-user_84081
pd-user_705044
pd-user_6584414
pd-user_5375470
pd-user_534046
pd-user_6743133
pd-user_9291339
pd-user_3678393
pd-user_7587903
pd-user_5144006
pd-user_253881
pd-user_5896198
pd-user_9350437
pd-user_7985971
pd-user_1611805
pd-user_3379965
pd-user_4697833
pd-user_1748882
pd-user_7404190
pd-user_7865621
pd-user_7039770
pd-user_5749647
pd-user_8572007
pd-user_946127
pd-user_3584677
pd-user_3088447
pd-user_8744473
pd-user_8425451
pd-user_3429366
pd-user_918005
pd-user_9263245
pd-user_9234181
pd-user_4775125
pd-user_6640671
pd-user_5726823
pd-user_6445767
pd-user_1753552
pd-user_7219245
pd-user_9336088
pd-user_3536003
pd-user_10527
pd-user_4636706
pd-user_2702247
pd-user_3803519
pd-user_8059566
pd-user_6972782
pd-user_7955675
pd-user_39367
pd-user_431766
pd-user_3841036
pd-user_9772660
pd-user_7141887
pd-user_7582797
pd-user_6496429
pd-user_8387536
pd-user_4335842
pd-user_6824875
pd-user_5853148
pd-user_4010314
pd-user_2972301
pd-user_5576747
pd-user_3807537
pd-user_2119579
pd-user_4096506
pd-user_9980495
pd-user_7395401
pd-user_8304508
pd-user_7052804
pd-user_1078928
pd-user_7559782
pd-user_4743939
pd-user_9100763
pd-user_3313066
pd-user_6599141
pd-user_6310990
pd-user_1336954
pd-user_4408858
pd-user_4264820
pd-user_7937546
pd-user_1248260
pd-user_1965238
pd-user_4333629
pd-user_124808
pd-user_5275583
pd-user_5222378
pd-user_4574055
pd-user_9150074
pd-user_5257099
pd-user_4406123
pd-user_4200305
pd-user_8070484
pd-user_9585177
pd-user_1017083
pd-user_7383790
pd-user_9101332
pd-user_8997434
pd-user_3309824
pd-user_6902805
pd-user_4311706
pd-user_3465305
pd-user_3628453
pd-user_7866048
pd-user_1044077
pd-user_2116643
pd-user_1949932
pd-user_5075663
pd-user_225228
pd-user_1759678
pd-user_9783764
pd-user_8692201
pd-user_5776553
pd-user_5929041
pd-user_1675680
pd-user_8544276
pd-user_8881967
pd-user_5009632
pd-user_2588951
pd-user_9068659
pd-user_1098646
pd-user_539833
pd-user_854259
pd-user_1445707
pd-user_6100742
pd-user_203216
pd-user_8547287
pd-user_9336661
pd-user_4914297
pd-user_3343612
pd-user_9204493
pd-user_8914260
pd-user_7960887
pd-user_6647676
pd-user_8051681
pd-user_615580
pd-user_88865
pd-user_7540670
pd-user_8512762
pd-user_4086016
pd-user_8197514
pd-user_129142
pd-user_8706615
pd-user_155941
pd-user_6543420
pd-user_4329506
pd-user_6718514
pd-user_3228631
pd-user_5339508
pd-user_8212379
pd-user_4579277
pd-user_5141145
pd-user_5210584
pd-user_2168019
pd-user_2440525
pd-user_9972890
pd-user_4376655
pd-user_3111483
pd-user_4138027
pd-user_9723439
pd-user_5421775
pd-user_9014308
pd-user_6072180
pd-user_8898747
pd-user_9337200
pd-user_3470538
pd-user_2911787
pd-user_7589983
pd-user_9350421
pd-user_2389289
pd-user_4759293
pd-user_115102
pd-user_8849397
pd-user_7099176
pd-user_1664019
pd-user_4281937
pd-user_8136544
pd-user_9094244
pd-user_2534527
pd-user_4719302
pd-user_1079885
pd-user_1077879
pd-user_8827869
pd-user_6564485
pd-user_3622288
pd-user_7070703
pd-user_7960779
pd-user_3788787
pd-user_9091406
pd-user_7001170
pd-user_1948183
pd-user_5867461
pd-user_9372419
pd-user_5334469
pd-user_345782
pd-user_4434660
pd-user_6787803
pd-user_4293174
pd-user_5737330
pd-user_9233416
pd-user_6965132
pd-user_4492506
pd-user_9297646
pd-user_9122736
pd-user_6545360
pd-user_7557423
pd-user_4770488
pd-user_4869839
pd-user_1469798
pd-user_781289
pd-user_7026074
pd-user_1043388
pd-user_5401488
pd-user_5987388
pd-user_7699307
pd-user_2517529
pd-user_723866
pd-user_8101461
pd-user_8842184
pd-user_7485077
pd-user_6540550
pd-user_9269178
pd-user_6102807
pd-user_8976092
pd-user_5174234
pd-user_9494640
pd-user_811269
pd-user_6831428
pd-user_4487659
pd-user_5319058
pd-user_5840076
pd-user_6450479
pd-user_542290
pd-user_7342284
pd-user_6919980
pd-user_4151782
pd-user_5339103
pd-user_6073048
pd-user_5701906
pd-user_6159341
pd-user_5379407
pd-user_1255154
pd-user_9657131
pd-user_3414488
pd-user_9887495
pd-user_4609316
pd-user_9660196
pd-user_1135518
pd-user_5954479
pd-user_6270597
pd-user_2903447
pd-user_61534
pd-user_6357624
pd-user_8737004
pd-user_6495422
pd-user_9508904
pd-user_9223989
pd-user_7222393
pd-user_1250388
pd-user_8994771
pd-user_2971031
pd-user_9594442
pd-user_224287
pd-user_124606
pd-user_8124785
pd-user_152874
pd-user_6454065
pd-user_3082902
pd-user_6495579
pd-user_7749247
pd-user_5035437
pd-user_7593569
pd-user_4403270
pd-user_6674235
pd-user_6448581
pd-user_4797696
pd-user_3138207
pd-user_5601053
pd-user_4185930
pd-user_8897077
pd-user_3032212
pd-user_5752422
pd-user_8222584
pd-user_7253493
pd-user_3214853
pd-user_1409047
pd-user_9565557
pd-user_5504656
pd-user_5896080
pd-user_3398755
pd-user_7346058
pd-user_2279158
pd-user_5976219
pd-user_8270235
pd-user_2147183
pd-user_5377430
pd-user_5715030
pd-user_7932397
pd-user_2998407
pd-user_1884716
pd-user_5180607
pd-user_185477
pd-user_7486250
pd-user_708960
pd-user_5065484
pd-user_9325642
pd-user_7305728
pd-user_6532815
pd-user_7526444
pd-user_2641905
pd-user_8587751
pd-user_3958591
pd-user_1621972
pd-user_65687
pd-user_437206
pd-user_434230
pd-user_5805992
pd-user_5589751
pd-user_3066790
pd-user_3950697
pd-user_5906866
pd-user_4046725
pd-user_6348569
pd-user_1704453
pd-user_1111364
pd-user_5015167
pd-user_8336231
pd-user_2543049
pd-user_9706214
pd-user_3938318
pd-user_643112
pd-user_9276363
pd-user_6133355
pd-user_3070465
pd-user_2182873
pd-user_5166676
pd-user_2154254
pd-user_6952740
pd-user_9423590
pd-user_8059496
pd-user_4179112
pd-user_2693928
pd-user_7125552
pd-user_4608791
pd-user_9212752
pd-user_1010138
pd-user_2314900
pd-user_1032573
pd-user_5603184
pd-user_8992671
pd-user_2509310
pd-user_7035578
pd-user_1713018
pd-user_564912
pd-user_6436943
pd-user_1666576
pd-user_981940
pd-user_571566
pd-user_5399481
pd-user_504757
pd-user_4429069
pd-user_3253217
pd-user_2931060
pd-user_2073376
pd-user_8912426
pd-user_6019727
pd-user_1056046
pd-user_8651731
pd-user_4466429
pd-user_9544982
pd-user_1784096
pd-user_569440
pd-user_2915210
pd-user_2635176
pd-user_1373779
pd-user_6257960
pd-user_956694
pd-user_1269562
pd-user_5871840
pd-user_7637218
pd-user_5119868
pd-user_7072792
pd-user_1255033
pd-user_6073791
pd-user_1799699
pd-user_4291588
pd-user_1960214
pd-user_968267
pd-user_6383547
pd-user_7299186
pd-user_3714586
pd-user_3456825
pd-user_2047558
pd-user_2471628
pd-user_456055
pd-user_8632310
pd-user_6092753
pd-user_3828186
pd-user_4547192
pd-user_1501304
pd-user_9109141
pd-user_5536191
pd-user_8159561
pd-user_9432898
pd-user_5619309
pd-user_2833264
pd-user_58659
pd-user_7073551
pd-user_1734704
pd-user_1372334
pd-user_9793709
pd-user_9235528
pd-user_6711666
pd-user_2868508
pd-user_9233162
pd-user_895654
pd-user_2413761
pd-user_1218122
pd-user_2951270
pd-user_39641
pd-user_7941739
pd-user_83454
pd-user_6130420
pd-user_3175069
pd-user_6702849
pd-user_1512580
pd-user_36647
pd-user_8147383
pd-user_5825452
pd-user_8132949
pd-user_2926949
pd-user_8464852
pd-user_6499216
pd-user_3589432
pd-user_3312272
pd-user_263020
pd-user_4641378
pd-user_3098170
pd-user_8278372
pd-user_4222012
pd-user_262256
pd-user_5545112
pd-user_5853446
pd-user_5749838
pd-user_897710
pd-user_3938887
pd-user_2465760
pd-user_8657946
pd-user_2217597
pd-user_305509
pd-user_6913608
pd-user_6211590
pd-user_1812734
pd-user_2789657
pd-user_7617963
pd-user_4086022
pd-user_47938
pd-user_7475370
pd-user_9732890
pd-user_9751875
pd-user_7904299
pd-user_6291961
pd-user_6018195
pd-user_9928212
pd-user_9414545
pd-user_4491118
pd-user_2703508
pd-user_9814481
pd-user_3901550
pd-user_3759744
pd-user_7771232
pd-user_5163472
pd-user_8665023
pd-user_9007126
pd-user_2664458
pd-user_3060230
pd-user_6538513
pd-user_6079797
pd-user_5627299
pd-user_1420474
pd-user_8292644
pd-user_5053636
pd-user_8634740
pd-user_6510478
pd-user_8958244
pd-user_8580718
pd-user_529392
pd-user_5972272
pd-user_2779763
pd-user_129052
pd-user_6488410
pd-user_1453748
pd-user_6118547
pd-user_3258051
pd-user_6131376
pd-user_3555368
pd-user_5045961
pd-user_2856305
pd-user_4682615
pd-user_8162472
pd-user_9148864
pd-user_3606557
pd-user_4395838
pd-user_9835662
pd-user_234855
pd-user_9879254
pd-user_1097354
pd-user_2264862
pd-user_189424
pd-user_4395618
pd-user_1457834
pd-user_9668460
pd-user_2800065
pd-user_1362607
pd-user_6681058
pd-user_5512862
pd-user_8370784
pd-user_708599
pd-user_9911475
pd-user_4282477
pd-user_4051718
pd-user_3318587
pd-user_9908720
pd-user_7201400
pd-user_1410449
pd-user_673041
pd-user_8375608
pd-user_7737758
pd-user_3301221
pd-user_8759081
pd-user_4876324
pd-user_351421
pd-user_4016147
pd-user_7322991
pd-user_8573075
pd-user_6064356
pd-user_3368130
pd-user_180365
pd-user_5576728
pd-user_5011607
pd-user_206994
pd-user_4463564
pd-user_5781741
pd-user_3254431
pd-user_756139
pd-user_8279119
pd-user_75357
pd-user_3009707
pd-user_1231873
pd-user_1920837
pd-user_6862289
pd-user_2947962
pd-user_6132967
pd-user_8210167
pd-user_6608742
pd-user_9016643
pd-user_1828819
pd-user_9247355
pd-user_8911316
pd-user_6963451
pd-user_9637776
pd-user_3829627
pd-user_2934483
pd-user_9530298
pd-user_9376911
pd-user_7408629
pd-user_3180101
pd-user_7747586
pd-user_8589739
pd-user_842316
pd-user_9282746
pd-user_9353243
pd-user_5228102
pd-user_7286990
pd-user_1323054
pd-user_4792268
pd-user_1342269
pd-user_6893189
pd-user_8572368
pd-user_594884
pd-user_4782953
pd-user_6410741
pd-user_3960774
pd-user_8347932
pd-user_4971052
pd-user_1492051
pd-user_124422
pd-user_7600561
pd-user_2829278
pd-user_9713646
pd-user_4131445
pd-user_6342367
pd-user_887873
pd-user_4226591
pd-user_4205130
pd-user_3645475
pd-user_3101867
pd-user_1136301
pd-user_4453195
pd-user_5690659
pd-user_2524182
pd-user_390736
pd-user_2244124
pd-user_1731622
pd-user_1532229
pd-user_4174178
pd-user_4533878
pd-user_7013766
pd-user_1200258
pd-user_78577
pd-user_5302463
pd-user_811983
pd-user_9659448
pd-user_8178631
pd-user_1325855
pd-user_7332543
pd-user_4646273
pd-user_1144008
pd-user_379765
pd-user_9704118
pd-user_679033
pd-user_1448092
pd-user_9599499
pd-user_5998044
pd-user_5646986
pd-user_9115773
pd-user_8049873
pd-user_7299571
pd-user_9875159
pd-user_8758411
pd-user_9449828
pd-user_7974072
pd-user_4750582
pd-user_2115767
pd-user_1662369
pd-user_8384504
pd-user_5252861
pd-user_5448086
pd-user_8954079
pd-user_5518344
pd-user_4250359
pd-user_2841885
pd-user_7678183
pd-user_7177200
pd-user_9754648
pd-user_3085521
pd-user_878149
pd-user_8930035
pd-user_3067644
pd-user_6763291
pd-user_9970914
pd-user_7105515
pd-user_9164631
pd-user_6198853
pd-user_4662901
pd-user_6961219
pd-user_8773571
pd-user_6122604
pd-user_639568
pd-user_2701352
pd-user_3635706
pd-user_2181315
pd-user_1869743
pd-user_5225097
pd-user_2147978
pd-user_4483787
pd-user_9737123
pd-user_689557
pd-user_3893825
pd-user_3781357
pd-user_5992214
pd-user_8294937
pd-user_5667195
pd-user_473267
pd-user_9585134
pd-user_3036913
pd-user_1306947
pd-user_5204553
pd-user_2604521
pd-user_9810915
pd-user_1184572
pd-user_9877749
pd-user_1871342
pd-user_9425938
pd-user_9582244
pd-user_4283374
pd-user_1200867
pd-user_4044412
pd-user_911512
pd-user_2677206
pd-user_1472782
pd-user_8369535
pd-user_8164341
pd-user_4560956
pd-user_7085910
pd-user_7472154
pd-user_8422146
pd-user_3572616
pd-user_8360028
pd-user_4329212
pd-user_1642630
pd-user_2864322
pd-user_9340622
pd-user_6936023
pd-user_7549505
pd-user_7839337
pd-user_9632693
pd-user_1424769
pd-user_3148520
pd-user_7257282
pd-user_2183363
pd-user_1441291
pd-user_9606930
pd-user_7507666
pd-user_2731482
pd-user_6509907
pd-user_2991637
pd-user_4796505
pd-user_9017051
pd-user_7453174
pd-user_8529663
pd-user_8059912
pd-user_3033427
pd-user_5843703
pd-user_7977464
pd-user_5186187
pd-user_8903083
pd-user_1300164
pd-user_6294844
pd-user_4701
pd-user_4837637
pd-user_6805899
pd-user_1490819
pd-user_7218606
pd-user_4039441
pd-user_4632077
pd-user_4264856
pd-user_4177693
pd-user_807368
pd-user_8028383
pd-user_8154800
pd-user_1019524
pd-user_4300964
pd-user_1621310
pd-user_6210932
pd-user_9608249
pd-user_4884662
pd-user_6264744
pd-user_7065669
pd-user_4688208
pd-user_3494716
pd-user_3691661
pd-user_5649140
pd-user_1688840
pd-user_7241029
pd-user_4639016
pd-user_4486194
pd-user_5365804
pd-user_758268
pd-user_1145400
pd-user_3431212
pd-user_1464055
pd-user_9005441
pd-user_854797
pd-user_9399389
pd-user_4114377
pd-user_3850757
pd-user_8881358
pd-user_3934463
pd-user_3020183
pd-user_5897575
pd-user_1776384
pd-user_4179431
pd-user_6451129
pd-user_3830603
pd-user_2405387
pd-user_9427448
pd-user_742513
pd-user_2674957
pd-user_4000612
pd-user_6613976
pd-user_8593538
pd-user_903173
pd-user_574329
pd-user_2999082
pd-user_9028521
pd-user_8451548
pd-user_486681
pd-user_9705278
pd-user_2611281
pd-user_326808
pd-user_7903323
pd-user_2574018
pd-user_4659677
pd-user_9507578
pd-user_985504
pd-user_8162626
pd-user_2158520
pd-user_407507
pd-user_7844553
pd-user_7110691
pd-user_6352738
pd-user_8275161
pd-user_2390244
pd-user_8724713
pd-user_3719835
pd-user_3174101
pd-user_520201
pd-user_1808261
pd-user_6347505
pd-user_6353890
pd-user_488991
pd-user_1451439
pd-user_4870171
pd-user_414618
pd-user_5801956
pd-user_4175430
pd-user_5389817
pd-user_8931387
pd-user_2638905
pd-user_9305258
pd-user_3410616
pd-user_3860288
pd-user_8657493
pd-user_287276
pd-user_3094911
pd-user_8823162
pd-user_5904191
pd-user_4677842
pd-user_2630885
pd-user_7789006
pd-user_2745099
pd-user_7212550
pd-user_797358
pd-user_3404948
pd-user_3052001
pd-user_7211459
pd-user_8824876
pd-user_8157776
pd-user_3897942
pd-user_8468679
pd-user_8122592
pd-user_130252
pd-user_8449923
pd-user_9593570
pd-user_3316722
pd-user_1707571
pd-user_3135508
pd-user_1586415
pd-user_92448
pd-user_6117801
pd-user_950730
pd-user_1380553
pd-user_4367369
pd-user_4372806
pd-user_2541571
pd-user_9219943
pd-user_7441796
pd-user_1676131
pd-user_3366661
pd-user_735415
pd-user_2066775
pd-user_6906930
pd-user_35861
pd-user_5284570
pd-user_4296144
pd-user_7976146
pd-user_6876304
pd-user_3322160
pd-user_8514728
pd-user_2861519
pd-user_8364469
pd-user_6481353
pd-user_4352338
pd-user_7455701
pd-user_7218568
pd-user_5800541
pd-user_6926961
pd-user_8654615
pd-user_7346599
pd-user_7520193
pd-user_9112216
pd-user_460051
pd-user_540836
pd-user_432174
pd-user_141990
pd-user_4502630
pd-user_8043055
pd-user_6705316
pd-user_9279247
pd-user_9063570
pd-user_9178886
pd-user_8392776
pd-user_405342
pd-user_7541414
pd-user_4568625
pd-user_2485584
pd-user_5327130
pd-user_6506161
pd-user_5429338
pd-user_5757836
pd-user_5549873
pd-user_9219620
pd-user_6864311
pd-user_4326505
pd-user_6466203
pd-user_1786689
pd-user_1958979
pd-user_8884633
pd-user_2253252
pd-user_3087523
pd-user_8209460
pd-user_8801459
pd-user_7984100
pd-user_4344945
pd-user_3144836
pd-user_4470504
pd-user_7463199
pd-user_3739929
pd-user_8069040
pd-user_4901367
pd-user_4662413
pd-user_3348419
pd-user_8133358
pd-user_6350523
pd-user_618958
pd-user_2670470
pd-user_5455327
pd-user_9666786
pd-user_1554762
pd-user_8990630
pd-user_6257224
pd-user_1000556
pd-user_7382445
pd-user_6982310
pd-user_195915
pd-user_9780900
pd-user_7466764
pd-user_107226
pd-user_4275069
pd-user_4413866
pd-user_8228177
pd-user_2861486
pd-user_5587046
pd-user_7567069
pd-user_3821989
pd-user_4328562
pd-user_2632299
pd-user_6847057
pd-user_3293372
pd-user_3032039
pd-user_7036326
pd-user_1888535
pd-user_6407472
pd-user_8704339
pd-user_6582297
pd-user_4558859
pd-user_7069138
pd-user_1198289
pd-user_8674993
pd-user_2306988
pd-user_4782563
pd-user_751675
pd-user_8937914
pd-user_259863
pd-user_5982231
pd-user_1826865
pd-user_5576210
pd-user_3788306
pd-user_37197
pd-user_6019501
pd-user_1214620
pd-user_7502027
pd-user_3781308
pd-user_3342399
pd-user_3539607
pd-user_8506381
pd-user_5980034
pd-user_3216657
pd-user_4196102
pd-user_2931777
pd-user_9508502
pd-user_1178539
pd-user_293782
pd-user_5549887
pd-user_6285649
pd-user_163892
pd-user_1345098
pd-user_9596117
pd-user_5452640
pd-user_7939588
pd-user_1976622
pd-user_7480583
pd-user_3945779
pd-user_7026955
pd-user_359544
pd-user_2991973
pd-user_2521539
pd-user_8248534
pd-user_5668857
pd-user_5807561
pd-user_9646719
pd-user_1234685
pd-user_3781603
pd-user_1626368
pd-user_2590466
pd-user_5024311
pd-user_7128349
pd-user_5931695
pd-user_2218726
pd-user_1438705
pd-user_4709917
pd-user_4622534
pd-user_9104315
pd-user_2138388
pd-user_4689343
pd-user_3224669
pd-user_8706936
pd-user_8842705
pd-user_9185919
pd-user_5827544
pd-user_3225284
pd-user_5464737
pd-user_8457557
pd-user_2052160
pd-user_1853428
pd-user_1040172
pd-user_9276602
pd-user_515377
pd-user_3028998
pd-user_1510300
pd-user_463349
pd-user_8943474
pd-user_4020228
pd-user_8218671
pd-user_8331034
pd-user_4623704
pd-user_847855
pd-user_5389946
pd-user_4238768
pd-user_8230154
pd-user_7743129
pd-user_9637903
pd-user_4954534
pd-user_2284559
pd-user_9148131
pd-user_5997630
pd-user_5930902
pd-user_2607128
pd-user_9624159
pd-user_9692818
pd-user_4107547
pd-user_6148066
pd-user_9216145
pd-user_4546981
pd-user_28535
pd-user_2204948
pd-user_6989973
pd-user_4824552
pd-user_8008453
pd-user_9055261
pd-user_3429919
pd-user_6534458
pd-user_5884904
pd-user_5622312
pd-user_5783971
pd-user_5956300
pd-user_6079555
pd-user_9813708
pd-user_8437662
pd-user_3637040
pd-user_894735
pd-user_7559171
pd-user_4031793
pd-user_8369150
pd-user_5070589
pd-user_9523772
pd-user_2132106
pd-user_9071214
pd-user_377341
pd-user_4211067
pd-user_8371589
pd-user_3547666
pd-user_341021
pd-user_6455731
pd-user_5132499
pd-user_4833002
pd-user_8317813
pd-user_1635248
pd-user_143905
pd-user_3375226
pd-user_9476621
pd-user_9950520
pd-user_461705
pd-user_18694
pd-user_8207570
pd-user_6803887
pd-user_441486
pd-user_4295411
pd-user_3349116
pd-user_3753173
pd-user_2268289
pd-user_3790376
pd-user_5387186
pd-user_1695988
pd-user_6212385
pd-user_603318
pd-user_2867242
pd-user_2244397
pd-user_9996745
pd-user_5386917
pd-user_1662199
pd-user_2502983
pd-user_7153635
pd-user_4128755
pd-user_2159540
pd-user_1756894
pd-user_6966472
pd-user_8918478
pd-user_9899062
pd-user_1547015
pd-user_5683223
pd-user_2899293
pd-user_4515592
pd-user_4014407
pd-user_9708471
pd-user_7506743
pd-user_4670738
pd-user_6162614
pd-user_3550088
pd-user_404366
pd-user_8923431
pd-user_5284830
pd-user_1865356
pd-user_3956173
pd-user_6292524
pd-user_7853029
pd-user_2406211
pd-user_3798278
pd-user_3747102
pd-user_5170577
pd-user_3100193
pd-user_390451
pd-user_3461682
pd-user_3672988
pd-user_9203495
pd-user_5079028
pd-user_5558014
pd-user_8147348
pd-user_1163585
pd-user_2594289
pd-user_1959239
pd-user_9462692
pd-user_4538720
pd-user_3084074
pd-user_3997926
pd-user_5594639
pd-user_5609004
pd-user_976396
pd-user_8728980
pd-user_4896650
pd-user_8457595
pd-user_5925685
pd-user_1974965
pd-user_8023614
pd-user_7012410
pd-user_8231892
pd-user_1158144
pd-user_2733184
pd-user_6445182
pd-user_7856338
pd-user_1145089
pd-user_4204620
pd-user_9948644
pd-user_5436103
pd-user_7923325
pd-user_4555183
pd-user_579511
pd-user_6773985
pd-user_9201485
pd-user_1249116
pd-user_382738
pd-user_8376228
pd-user_8279218
pd-user_3425388
pd-user_9968823
pd-user_307352
pd-user_5742721
pd-user_9908607
pd-user_2491820
pd-user_9357463
pd-user_801938
pd-user_4221421
pd-user_3790162
pd-user_5129858
pd-user_7828807
pd-user_5952811
pd-user_7903061
pd-user_9273611
pd-user_1846881
pd-user_3366410
pd-user_5089581
pd-user_9376340
pd-user_8718746
pd-user_6214316
pd-user_8752249
pd-user_8566525
pd-user_8178480
pd-user_2446194
pd-user_7332859
pd-user_2908551
pd-user_4114806
pd-user_5790923
pd-user_3001698
pd-user_4608048
pd-user_4421810
pd-user_3431137
pd-user_4476905
pd-user_1218227
pd-user_8332340
pd-user_6110675
pd-user_7100351
pd-user_7896178
pd-user_7004049
pd-user_1755029
pd-user_6929014
pd-user_5956435
pd-user_8344351
pd-user_2438067
pd-user_7726987
pd-user_9408179
pd-user_7974087
pd-user_2398413
pd-user_4156357
pd-user_4761372
pd-user_9639642
pd-user_2056674
pd-user_4537782
pd-user_820433
pd-user_9945832
pd-user_9919725
pd-user_21624
pd-user_5839595
pd-user_1648472
pd-user_5307620
pd-user_334611
pd-user_7742087
pd-user_3166929
pd-user_7031797
pd-user_1831495
pd-user_2489607
pd-user_2862160
pd-user_2897527
pd-user_854938
pd-user_5792228
pd-user_9896375
pd-user_6106538
pd-user_6598673
pd-user_9095085
pd-user_2484425
pd-user_6452976
pd-user_8059143
pd-user_1079177
pd-user_3488434
pd-user_4875342
pd-user_3641436
pd-user_3424309
pd-user_8705177
pd-user_9472832
pd-user_2149168
pd-user_9051479
pd-user_1827392
pd-user_4743368
pd-user_7859612
pd-user_309558
pd-user_4443892
pd-user_9529263
pd-user_1850189
pd-user_7723638
pd-user_2015556
pd-user_4294666
pd-user_5633768
pd-user_9697760
pd-user_4394055
pd-user_88587
pd-user_6694125
pd-user_2286807
pd-user_4927865
pd-user_5985763
pd-user_8695610
pd-user_8708616
pd-user_7221262
pd-user_3080761
pd-user_803681
pd-user_5014678
pd-user_929082
pd-user_8788548
pd-user_6182188
pd-user_9743993
pd-user_1431577
pd-user_441162
pd-user_9850495
pd-user_9135351
pd-user_7510706
pd-user_1291142
pd-user_9616617
pd-user_6402565
pd-user_8786058
pd-user_6100354
pd-user_166804
pd-user_4456739
pd-user_7881022
pd-user_8766698
pd-user_8705600
pd-user_4444690
pd-user_1941028
pd-user_4573519
pd-user_1302182
pd-user_9752362
pd-user_9063966
pd-user_1734165
pd-user_6993511
pd-user_3372639
pd-user_7661425
pd-user_8393113
pd-user_579927
pd-user_1718580
pd-user_1994431
pd-user_4215379
pd-user_7353019
pd-user_7169750
pd-user_6938870
pd-user_4938914
pd-user_6519318
pd-user_2641273
pd-user_3764776
pd-user_9996581
pd-user_1082295
pd-user_4180495
pd-user_5066622
pd-user_3681840
pd-user_7616454
pd-user_391427
pd-user_2834014
pd-user_4004768
pd-user_7306498
pd-user_6636856
pd-user_4016214
pd-user_5460343
pd-user_7608525
pd-user_8443004
pd-user_9980599
pd-user_7557901
pd-user_7533210
pd-user_3103946
pd-user_7094404
pd-user_3803670
pd-user_3576105
pd-user_9566048
pd-user_680987
pd-user_7776496
pd-user_6425784
pd-user_5423097
pd-user_7389842
pd-user_3687659
pd-user_2770811
pd-user_6007096
pd-user_7428612
pd-user_7745660
pd-user_8338281
pd-user_8781434
pd-user_8885463
pd-user_1589221
pd-user_7943115
pd-user_2996912
pd-user_5876901
pd-user_4967375
pd-user_5880866
pd-user_8254920
pd-user_8489341
pd-user_1246526
pd-user_2952802
pd-user_8025475
pd-user_9708029
pd-user_16401
pd-user_4224979
pd-user_3162687
pd-user_3715484
pd-user_1556560
pd-user_3298712
pd-user_5869113
pd-user_9204906
pd-user_3274307
pd-user_6773042
pd-user_6249722
pd-user_6452089
pd-user_987165
pd-user_3436446
pd-user_4339214
pd-user_6587451
pd-user_5914129
pd-user_7159053
pd-user_2462366
pd-user_8315619
pd-user_5998287
pd-user_5554839
pd-user_4324525
pd-user_6081894
pd-user_9880718
pd-user_2161480
pd-user_7673336
pd-user_5343640
pd-user_1393609
pd-user_2016839
pd-user_2724144
pd-user_2854128
pd-user_1177628
pd-user_1546654
pd-user_3987885
pd-user_1985407
pd-user_6398491
pd-user_1458801
pd-user_1915
pd-user_915630
pd-user_3111034
pd-user_7874464
pd-user_9302816
pd-user_7343751
pd-user_7507936
pd-user_8560440
pd-user_4835837
pd-user_9428480
pd-user_3251722
pd-user_1890588
pd-user_6154421
pd-user_5766448
pd-user_3307218
pd-user_5401923
pd-user_4388421
pd-user_7776271
pd-user_559428
pd-user_6808159
pd-user_1593616
pd-user_1765401
pd-user_875414
pd-user_9894642
pd-user_7916275
pd-user_46056
pd-user_2988483
pd-user_6978246
pd-user_2767574
pd-user_8456548
pd-user_1294072
pd-user_7545412
pd-user_4468372
pd-user_4224615
pd-user_626567
pd-user_6942437
pd-user_6134873
pd-user_2665319
pd-user_1941095
pd-user_395683
pd-user_9698825
pd-user_6845490
pd-user_3591049
pd-user_9993577
pd-user_373460
pd-user_5969943
pd-user_6870611
pd-user_8169104
pd-user_3162134
pd-user_1615405
pd-user_6091130
pd-user_6778575
pd-user_8655616
pd-user_1524284
pd-user_5625278
pd-user_4161381
pd-user_4082550
pd-user_329520
pd-user_1768574
pd-user_5274263
pd-user_2526467
pd-user_9966546
pd-user_8662892
pd-user_389579
pd-user_7062349
pd-user_1371742
pd-user_1847464
pd-user_6319796
pd-user_9644104
pd-user_6907523
pd-user_6096997
pd-user_9744587
pd-user_6328953
pd-user_7207646
pd-user_9857288
pd-user_2636012
pd-user_8322993
pd-user_1817413
pd-user_9557488
pd-user_3298713
pd-user_1120789
pd-user_9303332
pd-user_7568810
pd-user_8452913
pd-user_5744299
pd-user_4679637
pd-user_2467067
pd-user_8189911
pd-user_1692998
pd-user_7944313
pd-user_228739
pd-user_992928
pd-user_6466096
pd-user_5523963
pd-user_2672255
pd-user_4277802
pd-user_2221204
pd-user_7660392
pd-user_1523920
pd-user_9960416
pd-user_5868567
pd-user_62091
pd-user_6057174
pd-user_8131409
pd-user_1684941
pd-user_5507106
pd-user_2982382
pd-user_5776695
pd-user_1408829
pd-user_8329735
pd-user_6396829
pd-user_9511144
pd-user_122218
pd-user_2883942
pd-user_2884031
pd-user_8549814
pd-user_7128764
pd-user_337158
pd-user_2724286
pd-user_7223620
pd-user_2704605
pd-user_8404388
pd-user_8653025
pd-user_9387246
pd-user_4622532
pd-user_3853748
pd-user_5661476
pd-user_2403145
pd-user_4982521
pd-user_9484432
pd-user_8453818
pd-user_2848187
pd-user_5666441
pd-user_5510918
pd-user_3482766
pd-user_4708056
pd-user_6240371
pd-user_7816463
pd-user_5353811
pd-user_3730897
pd-user_7841511
pd-user_9762295
pd-user_6169037
pd-user_9978628
pd-user_6470552
pd-user_9866384
pd-user_488007
pd-user_3324311
pd-user_3729068
pd-user_9314796
pd-user_1580042
pd-user_6372209
pd-user_5649507
pd-user_6645110
pd-user_5809665
pd-user_2977576
pd-user_5234834
pd-user_486696
pd-user_2725020
pd-user_5015266
pd-user_4197804
pd-user_9254690
pd-user_8807926
pd-user_1271082
pd-user_5749894
pd-user_3682318
pd-user_4845683
pd-user_6345640
pd-user_6247408
pd-user_9726180
pd-user_5749280
pd-user_2445883
pd-user_2860563
pd-user_9216355
pd-user_7603676
pd-user_4147923
pd-user_7810219
pd-user_9154689
pd-user_2139710
pd-user_4170749
pd-user_8916442
pd-user_6078392
pd-user_5327055
pd-user_1001967
pd-user_1273655
pd-user_5961734
pd-user_5331472
pd-user_2660800
pd-user_7038391
pd-user_879501
pd-user_344589
pd-user_6255049
pd-user_2742355
pd-user_1624267
pd-user_5005960
pd-user_5235800
pd-user_2897337
pd-user_9088829
pd-user_9470726
pd-user_244576
pd-user_6868722
pd-user_8447888
pd-user_6189289
pd-user_9157076
pd-user_1794092
pd-user_6178932
pd-user_3047649
pd-user_3016760
pd-user_2529034
pd-user_1283603
pd-user_7826753
pd-user_9472609
pd-user_2574280
pd-user_6226674
pd-user_5155263
pd-user_4123171
pd-user_5722351
pd-user_6733817
pd-user_2346185
pd-user_3510057
pd-user_1762321
pd-user_5955412
pd-user_6302304
pd-user_9744828
pd-user_3369757
pd-user_9576907
pd-user_9860635
pd-user_652301
pd-user_8667880
pd-user_1969733
pd-user_3770723
pd-user_44831
pd-user_7563217
pd-user_5544192
pd-user_9221516
pd-user_6719926
pd-user_7975030
pd-user_3447740
pd-user_6037905
pd-user_8023691
pd-user_785680
pd-user_2324019
pd-user_1132326
pd-user_942508
pd-user_3326406
pd-user_8827892
pd-user_2263627
pd-user_1835078
pd-user_6169218
pd-user_8346388
pd-user_4121865
pd-user_5084163
pd-user_6971897
pd-user_4440134
pd-user_8582997
pd-user_987016
pd-user_1726396
pd-user_8549435
pd-user_7976550
pd-user_8469061
pd-user_3177666
pd-user_7439724
pd-user_7642964
pd-user_138255
pd-user_1756272
pd-user_8751851
pd-user_6766289
pd-user_14988
pd-user_7835488
pd-user_8032913
pd-user_6327909
pd-user_2985652
pd-user_4293079
pd-user_1090219
pd-user_6667980
pd-user_6128858
pd-user_1566225
pd-user_1962407
pd-user_6739055
pd-user_8960378
pd-user_9713248
pd-user_3317408
pd-user_9626805
pd-user_6919152
pd-user_6130172
pd-user_8191132
pd-user_2551333
pd-user_4189416
pd-user_6421795
pd-user_20235
pd-user_97570
pd-user_3569970
pd-user_3190520
pd-user_7885311
pd-user_2330485
pd-user_8760532
pd-user_1562793
pd-user_4106535
pd-user_346770
pd-user_369486
pd-user_995760
pd-user_5210607
pd-user_3034011
pd-user_4498039
pd-user_1099508
pd-user_1941688
pd-user_7616739
pd-user_9928687
pd-user_1470592
pd-user_7524039
pd-user_6252624
pd-user_7525255
pd-user_5399033
pd-user_9218368
pd-user_3866353
pd-user_6759306
pd-user_7606343
pd-user_7681726
pd-user_6555165
pd-user_3719555
pd-user_7015971
pd-user_7581967
pd-user_1537192
pd-user_9230464
pd-user_1171444
pd-user_9421731
pd-user_9067573
pd-user_5634317
pd-user_6735247
pd-user_1390132
pd-user_319598
pd-user_6890839
pd-user_8448400
pd-user_1065125
pd-user_8230583
pd-user_2432550
pd-user_1169288
pd-user_703833
pd-user_3967845
pd-user_390864
pd-user_3912280
pd-user_9552708
pd-user_1148759
pd-user_1354661
pd-user_6027248
pd-user_7603231
pd-user_1222928
pd-user_3682793
pd-user_7436445
pd-user_460605
pd-user_1021654
pd-user_8765355
pd-user_5618812
pd-user_4351662
pd-user_3491430
pd-user_4976667
pd-user_8140473
pd-user_5289845
pd-user_3821399
pd-user_6632192
pd-user_8864553
pd-user_7832225
pd-user_5898570
pd-user_7310816
pd-user_9408058
pd-user_9336154
pd-user_8013895
pd-user_1495209
pd-user_490357
pd-user_3331332
pd-user_7709700
pd-user_5838483
pd-user_771560
pd-user_26795
pd-user_2657813
pd-user_9637637
pd-user_4859794
pd-user_8946009
pd-user_9644117
pd-user_8928412
pd-user_7669671
pd-user_8796190
pd-user_8417885
pd-user_3466956
pd-user_7107340
pd-user_7162582
pd-user_579160
pd-user_4440106
pd-user_465979
pd-user_4231327
pd-user_7760162
pd-user_818332
pd-user_7655810
pd-user_8273399
pd-user_2624042
pd-user_9002959
pd-user_3230725
pd-user_8174007
pd-user_2136296
pd-user_4915186
pd-user_2139822
pd-user_1279871
pd-user_8037918
pd-user_4310639
pd-user_4143096
pd-user_6636069
pd-user_6984276
pd-user_732829
pd-user_6831268
pd-user_7144952
pd-user_4448862
pd-user_8481821
pd-user_5089465
pd-user_8565617
pd-user_6392202
pd-user_1906256
pd-user_7976116
pd-user_5158985
pd-user_4782808
pd-user_4913274
pd-user_9207729
pd-user_5467491
pd-user_3325207
pd-user_4852873
pd-user_3789237
pd-user_2855575
pd-user_8762253
pd-user_585112
pd-user_28000
pd-user_5804712
pd-user_6152976
pd-user_5441079
pd-user_1536879
pd-user_9402375
pd-user_1132482
pd-user_9603650
pd-user_7907809
pd-user_1027383
pd-user_3583492
pd-user_233142
pd-user_1000642
pd-user_6832851
pd-user_7055209
pd-user_3141854
pd-user_7877467
pd-user_6199933
pd-user_5043695
pd-user_7092780
pd-user_7523108
pd-user_411409
pd-user_6430354
pd-user_3314308
pd-user_7683479
pd-user_7158615
pd-user_2116110
pd-user_7344930
pd-user_7380835
pd-user_683552
pd-user_1959849
pd-user_2011218
pd-user_6946638
pd-user_1891130
pd-user_8538894
pd-user_2313067
pd-user_4996340
pd-user_5929987
pd-user_2155763
pd-user_8250160
pd-user_4877576
pd-user_1979564
pd-user_6749570
pd-user_8525580
pd-user_6868987
pd-user_7689468
pd-user_2952118
pd-user_3466713
pd-user_3113032
pd-user_8175790
pd-user_4201444
pd-user_2595543
pd-user_7695552
pd-user_6930320
pd-user_8940121
pd-user_9320157
pd-user_3680991
pd-user_1524845
pd-user_4855914
pd-user_1199273
pd-user_6050189
pd-user_3752795
pd-user_5158266
pd-user_1316032
pd-user_3532393
pd-user_8934097
pd-user_5153942
pd-user_2207299
pd-user_4932214
pd-user_5205349
pd-user_1721230
pd-user_9623435
pd-user_8202719
pd-user_88621
pd-user_7469718
pd-user_3633272
pd-user_4529596
pd-user_2858201
pd-user_9389165
pd-user_123699
pd-user_3442105
pd-user_1790012
pd-user_7929207
pd-user_1041041
pd-user_3589254
pd-user_3154183
pd-user_6205239
pd-user_5992190
pd-user_6290657
pd-user_3854255
pd-user_6542207
pd-user_1383187
pd-user_4404854
pd-user_9395605
pd-user_4894548
pd-user_8631492
pd-user_8624456
pd-user_749212
pd-user_6126504
pd-user_3944058
pd-user_4272501
pd-user_2384574
pd-user_6520066
pd-user_8925226
pd-user_5496784
pd-user_9492792
pd-user_276896
pd-user_931978
pd-user_6032233
pd-user_2598778
pd-user_3461537
pd-user_8684815
pd-user_2486551
pd-user_7597587
pd-user_5888769
pd-user_2243309
pd-user_4299778
pd-user_4629156
pd-user_5206739
pd-user_1561645
pd-user_8249483
pd-user_424039
pd-user_8551090
pd-user_9806606
pd-user_9292471
pd-user_2777512
pd-user_9888561
pd-user_4764135
pd-user_7705745
pd-user_3582151
pd-user_1587440
pd-user_1732727
pd-user_6529716
pd-user_1811319
pd-user_9014739
pd-user_1650743
pd-user_6686007
pd-user_3149813
pd-user_6188100
pd-user_7350724
pd-user_1747905
pd-user_7421249
pd-user_7216287
pd-user_1450032
pd-user_9027323
pd-user_8106379
pd-user_9651350
pd-user_7823082
pd-user_7410674
pd-user_2461771
pd-user_7690017
pd-user_1677653
pd-user_1578592
pd-user_6919317
pd-user_2130806
pd-user_6360931
pd-user_1566790
pd-user_9272380
pd-user_726450
pd-user_6930217
pd-user_9492484
pd-user_5784997
pd-user_4447137
pd-user_4551
pd-user_5867029
pd-user_4956871
pd-user_7078706
pd-user_1109606
pd-user_6480323
pd-user_386918
pd-user_5467468
pd-user_9891829
pd-user_8835851
pd-user_8877285
pd-user_2035844
pd-user_5750423
pd-user_6457899
pd-user_8786632
pd-user_1456389
pd-user_4215557
pd-user_5239789
pd-user_9019353
pd-user_4627220
pd-user_5613139
pd-user_3038715
pd-user_1656653
pd-user_74498
pd-user_6575361
pd-user_2518584
pd-user_660519
pd-user_9637662
pd-user_764782
pd-user_6286131
pd-user_9699586
pd-user_9017137
pd-user_7781919
pd-user_8071657
pd-user_7555130
pd-user_7685265
pd-user_3721951
pd-user_5255100
pd-user_6356692
pd-user_6473841
pd-user_9719706
pd-user_2681032
pd-user_3178014
pd-user_6299058
pd-user_165827
pd-user_2417876
pd-user_1061721
pd-user_2861622
pd-user_6175195
pd-user_9046597
pd-user_7333548
pd-user_103708
pd-user_3378075
pd-user_3884314
pd-user_6523802
pd-user_8687099
pd-user_8677639
pd-user_5349872
pd-user_3920156
pd-user_7838202
pd-user_1681886
pd-user_2595481
pd-user_7592659
pd-user_6115179
pd-user_9214748
pd-user_427089
pd-user_458745
pd-user_3122695
pd-user_3371897
pd-user_6921610
pd-user_8556371
pd-user_5293628
pd-user_8182661
pd-user_4147268
pd-user_6686113
pd-user_3474980
pd-user_5537723
pd-user_9407386
pd-user_9625221
pd-user_7028883
pd-user_9140115
pd-user_6239657
pd-user_8282215
pd-user_8672683
pd-user_1979273
pd-user_3685808
pd-user_4467947
pd-user_5807481
pd-user_3503191
pd-user_9515861
pd-user_6547291
pd-user_5090887
pd-user_477833
pd-user_7357664
pd-user_9605079
pd-user_3304302
pd-user_5370509
pd-user_5278259
pd-user_2657567
pd-user_7015775
pd-user_9981633
pd-user_6025289
pd-user_9082829
pd-user_4984336
pd-user_5608632
pd-user_8838983
pd-user_6308719
pd-user_5350448
pd-user_8632766
pd-user_8098964
pd-user_8399113
pd-user_3655058
pd-user_2485179
pd-user_1180031
pd-user_6815293
pd-user_3651911
pd-user_8462222
pd-user_2469690
pd-user_8677295
pd-user_2203445
pd-user_8250444
pd-user_2644
pd-user_3315311
pd-user_8326298
pd-user_3202963
pd-user_8856085
pd-user_9982562
pd-user_7517492
pd-user_7696600
pd-user_672914
pd-user_3993330
pd-user_3598507
pd-user_2529247
pd-user_5865868
pd-user_6363016
pd-user_2706891
pd-user_1424523
pd-user_1747321
pd-user_1190280
pd-user_9733940
pd-user_6136225
pd-user_4497855
pd-user_5618438
pd-user_2228102
pd-user_2097160
pd-user_5130427
pd-user_7925407
pd-user_5299799
pd-user_1635518
pd-user_8164909
pd-user_1679567
pd-user_3118366
pd-user_9846173
pd-user_5037097
pd-user_3756183
pd-user_572057
pd-user_1238488
pd-user_4017273
pd-user_7324770
pd-user_2749073
pd-user_6782201
pd-user_4208751
pd-user_1306013
pd-user_9599678
pd-user_2539841
pd-user_5657144
pd-user_976821
pd-user_7854152
pd-user_8061475
pd-user_8774924
pd-user_4429355
pd-user_4805012
pd-user_2282667
pd-user_3638776
pd-user_7370157
pd-user_638176
pd-user_2939415
pd-user_7615006
pd-user_8821121
pd-user_3741664
pd-user_9892914
pd-user_8236521
pd-user_3836639
pd-user_412207
pd-user_2482209
pd-user_4797964
pd-user_3063636
pd-user_4961826
pd-user_2518258
pd-user_9718574
pd-user_233657
pd-user_1888200
pd-user_3673615
pd-user_9655038
pd-user_4143920
pd-user_8677723
pd-user_3101863
pd-user_1325249
pd-user_301902
pd-user_3533382
pd-user_6866252
pd-user_7114849
pd-user_7321069
pd-user_2553455
pd-user_4974725
pd-user_3556410
pd-user_641423
pd-user_9315439
pd-user_415962
pd-user_6224565
pd-user_5850474
pd-user_9060610
pd-user_9060572
pd-user_1198571
pd-user_4002783
pd-user_9243448
pd-user_2565545
pd-user_8488337
pd-user_8759495
pd-user_4180129
pd-user_1780804
pd-user_6899953
pd-user_9658798
pd-user_4950977
pd-user_8384646
pd-user_2614411
pd-user_2671304
pd-user_8165577
pd-user_7573236
pd-user_9634182
pd-user_6796381
pd-user_9785928
pd-user_8412804
pd-user_5598789
pd-user_3166924
pd-user_5771240
pd-user_9203900
pd-user_9785035
pd-user_1921044
pd-user_5626138
pd-user_8838825
pd-user_2127564
pd-user_3265793
pd-user_9639032
pd-user_8318979
pd-user_3285439
pd-user_4162835
pd-user_2769572
pd-user_1604164
pd-user_5425144
pd-user_2813981
pd-user_2341625
pd-user_7702681
pd-user_1087924
pd-user_6400358
pd-user_4753446
pd-user_2527421
pd-user_8528222
pd-user_345079
pd-user_9299350
pd-user_5769170
pd-user_3035172
pd-user_3461189
pd-user_8905344
pd-user_1605215
pd-user_612367
pd-user_3541022
pd-user_5276934
pd-user_6698885
pd-user_7333025
pd-user_9956866
pd-user_3425055
pd-user_9885767
pd-user_2395278
pd-user_4320887
pd-user_2462153
pd-user_1589601
pd-user_4949282
pd-user_5270458
pd-user_6757562
pd-user_6798410
pd-user_6284921
pd-user_6287635
pd-user_8590076
pd-user_4880810
pd-user_606963
pd-user_2735342
pd-user_2697812
pd-user_422591
pd-user_776268
pd-user_6367126
pd-user_9473327
pd-user_5378251
pd-user_974136
pd-user_1669882
pd-user_258725
pd-user_9495893
pd-user_5036717
pd-user_5953768
pd-user_3272925
pd-user_1895916
pd-user_7482245
pd-user_5906360
pd-user_7314843
pd-user_6592993
pd-user_9109861
pd-user_4441139
pd-user_7792148
pd-user_5782678
pd-user_7843120
pd-user_8627440
pd-user_483775
pd-user_4240128
pd-user_5909219
pd-user_4422633
pd-user_7037225
pd-user_9460589
pd-user_151538
pd-user_45538
pd-user_7018207
pd-user_6377317
pd-user_7757673
pd-user_1418122
pd-user_5184018
pd-user_7676175
pd-user_7572791
pd-user_274633
pd-user_729010
pd-user_7658076
pd-user_1567290
pd-user_9121924
pd-user_8473250
pd-user_8297192
pd-user_7409834
pd-user_9019633
pd-user_1270766
pd-user_9235407
pd-user_7876733
pd-user_4616123
pd-user_6512910
pd-user_4896986
pd-user_2237829
pd-user_4933378
pd-user_7148858
pd-user_9876632
pd-user_2598148
pd-user_4556615
pd-user_5053628
pd-user_8568912
pd-user_318219
pd-user_3206126
pd-user_2503491
pd-user_3438242
pd-user_2777990
pd-user_9507287
pd-user_6620173
pd-user_6472553
pd-user_9671399
pd-user_832324
pd-user_7587599
pd-user_1617968
pd-user_8662965
pd-user_2377817
pd-user_1191606
pd-user_4244418
pd-user_5295286
pd-user_4796616
pd-user_3173628
pd-user_8168132
pd-user_9455336
pd-user_2315620
pd-user_3296830
pd-user_2107595
pd-user_1645469
pd-user_2122442
pd-user_9627311
pd-user_6379034
pd-user_4421676
pd-user_4968568
pd-user_9492983
pd-user_183062
pd-user_2682176
pd-user_9315785
pd-user_1593225
pd-user_6978327
pd-user_4218003
pd-user_8214899
pd-user_3336870
pd-user_2243362
pd-user_1244439
pd-user_8601444
pd-user_1269830
pd-user_7205236
pd-user_7912801
pd-user_4431892
pd-user_5044801
pd-user_3941664
pd-user_7948701
pd-user_9217529
pd-user_4364085
pd-user_5066617
pd-user_9629181
pd-user_7619279
pd-user_9771284
pd-user_3188704
pd-user_8826369
pd-user_8945742
pd-user_768582
pd-user_1300341
pd-user_1595744
pd-user_9664707
pd-user_3865046
pd-user_5963306
pd-user_4435587
pd-user_7520459
pd-user_5775791
pd-user_1883564
pd-user_4665364
pd-user_1135206
pd-user_4362596
pd-user_3680959
pd-user_9477489
pd-user_9839379
pd-user_526811
pd-user_1081501
pd-user_3993600
pd-user_570564
pd-user_8407403
pd-user_1326902
pd-user_5028858
pd-user_6642053
pd-user_3054920
pd-user_4733183
pd-user_9163668
pd-user_5056534
pd-user_8078387
pd-user_3782280
pd-user_5649811
pd-user_9858393
pd-user_6980442
pd-user_7286268
pd-user_4788997
pd-user_8978646
pd-user_9062004
pd-user_2436680
pd-user_105926
pd-user_5776709
pd-user_3243766
pd-user_2369156
pd-user_9173939
pd-user_5362118
pd-user_3132253
pd-user_5873181
pd-user_8028083
pd-user_954553
pd-user_898580
pd-user_672283
pd-user_2273403
pd-user_3142348
pd-user_7503974
pd-user_5466082
pd-user_7666986
pd-user_6503836
pd-user_8140925
pd-user_6363255
pd-user_4514851
pd-user_2264572
pd-user_9337854
pd-user_4282559
pd-user_6209743
pd-user_5231421
pd-user_6337820
pd-user_1050872
pd-user_3080335
pd-user_688279
pd-user_5626563
pd-user_6856936
pd-user_4413540
pd-user_531216
pd-user_8959197
pd-user_4178907
pd-user_9702786
pd-user_1167118
pd-user_4718048
pd-user_5215331
pd-user_3781163
pd-user_4967095
pd-user_296265
pd-user_9362966
pd-user_5936421
pd-user_5283680
pd-user_5899341
pd-user_3240119
pd-user_2515694
pd-user_9708271
pd-user_2762986
pd-user_7604921
pd-user_2764328
pd-user_8287638
pd-user_3135137
pd-user_1035070
pd-user_9954092
pd-user_4366769
pd-user_9569679
pd-user_208333
pd-user_5647759
pd-user_8019003
pd-user_2132597
pd-user_9227758
pd-user_5988908
pd-user_3244908
pd-user_8621682
pd-user_1292923
pd-user_1744407
pd-user_5578871
pd-user_5656762
pd-user_9238743
pd-user_8595994
pd-user_206543
pd-user_8739329
pd-user_7107650
pd-user_1650942
pd-user_6578605
pd-user_1195534
pd-user_1281981
pd-user_4655395
pd-user_8328069
pd-user_6238888
pd-user_2968799
pd-user_6104482
pd-user_4848505
pd-user_9282281
pd-user_7565121
pd-user_8352281
pd-user_1691347
pd-user_3122045
pd-user_2276782
pd-user_7502763
pd-user_2758353
pd-user_1838704
pd-user_5452495
pd-user_5165132
pd-user_2571024
pd-user_1699732
pd-user_2468828
pd-user_137059
pd-user_8480246
pd-user_8492169
pd-user_3608426
pd-user_7016581
pd-user_8912082
pd-user_6306492
pd-user_4928161
pd-user_5911804
pd-user_3754221
pd-user_8935944
pd-user_8176416
pd-user_567867
pd-user_6071614
pd-user_5775417
pd-user_5478236
pd-user_947737
pd-user_4944031
pd-user_5759065
pd-user_2535523
pd-user_3399725
pd-user_9532991
pd-user_4071112
pd-user_8377865
pd-user_9364554
pd-user_3423650
pd-user_3343921
pd-user_6180184
pd-user_4301270
pd-user_4090797
pd-user_363584
pd-user_4558231
pd-user_6540436
pd-user_5890431
pd-user_8850656
pd-user_8175774
pd-user_1001841
pd-user_8976314
pd-user_3554992
pd-user_162975
pd-user_2086527
pd-user_5931689
pd-user_3593333
pd-user_1717032
pd-user_4307832
pd-user_7403765
pd-user_1543088
pd-user_8411901
pd-user_2662
pd-user_8722381
pd-user_8984671
pd-user_3462418
pd-user_168250
pd-user_1131221
pd-user_9875231
pd-user_9282513
pd-user_8422
pd-user_2874573
pd-user_4281334
pd-user_840294
pd-user_575905
pd-user_8388902
pd-user_6566297
pd-user_166115
pd-user_7729240
pd-user_5412391
pd-user_2197193
pd-user_3526822
pd-user_1839672
pd-user_4780652
pd-user_7406299
pd-user_8774559
pd-user_2047036
pd-user_8811388
pd-user_9912562
pd-user_9223518
pd-user_6219493
pd-user_1128690
pd-user_9725088
pd-user_6424020
pd-user_5163274
pd-user_4465366
pd-user_8076052
pd-user_1614337
pd-user_8251330
pd-user_8356962
pd-user_2714550
pd-user_2221504
pd-user_4389950
pd-user_3200090
pd-user_4985636
pd-user_4701024
pd-user_4934538
pd-user_5096956
pd-user_1231852
pd-user_2726682
pd-user_109889
pd-user_6598127
pd-user_1303658
pd-user_5418834
pd-user_3121643
pd-user_4505615
pd-user_821092
pd-user_9394232
pd-user_7676718
pd-user_5896248
pd-user_6468908
pd-user_6230084
pd-user_8276904
pd-user_5296041
pd-user_1474736
pd-user_2252389
pd-user_5562227
pd-user_388683
pd-user_4531561
pd-user_2529056
pd-user_6812750
pd-user_6100662
pd-user_1843738
pd-user_2132512
pd-user_497241
pd-user_5680140
pd-user_564791
pd-user_9478934
pd-user_6856572
pd-user_5012817
pd-user_4650690
pd-user_4904432
pd-user_9473598
pd-user_3394739
pd-user_2566025
pd-user_2353644
pd-user_3145118
pd-user_2005533
pd-user_264524
pd-user_3551109
pd-user_1507501
pd-user_2530964
pd-user_8064413
pd-user_5775419
pd-user_9715730
pd-user_8283183
pd-user_6484053
pd-user_7605283
pd-user_4207236
pd-user_6765360
pd-user_3444527
pd-user_7028830
pd-user_5977548
pd-user_4803590
pd-user_8797417
pd-user_6219051
pd-user_7211685
pd-user_2247609
pd-user_9029852
pd-user_1455312
pd-user_6195583
pd-user_8514099
pd-user_2970559
pd-user_474855
pd-user_9547515
pd-user_4418000
pd-user_3557606
pd-user_3010756
pd-user_6990102
pd-user_2816000
pd-user_1133103
pd-user_1889003
pd-user_903157
pd-user_5918962
pd-user_7231182
pd-user_7563758
pd-user_1688634
pd-user_5772107
pd-user_6080052
pd-user_9309961
pd-user_4556341
pd-user_111344
pd-user_4028592
pd-user_4308535
pd-user_9165252
pd-user_2946274
pd-user_1983552
pd-user_542444
pd-user_4819211
pd-user_5104012
pd-user_3707326
pd-user_7904227
pd-user_222044
pd-user_9531116
pd-user_1413876
pd-user_160269
pd-user_5283023
pd-user_6815322
pd-user_1062401
pd-user_1705407
pd-user_6146725
pd-user_6179812
pd-user_4577212
pd-user_894177
pd-user_4590730
pd-user_1223820
pd-user_7277235
pd-user_1629540
pd-user_7838833
pd-user_1003448
pd-user_9924503
pd-user_7895773
pd-user_7848081
pd-user_9324291
pd-user_1030242
pd-user_4784161
pd-user_889025
pd-user_808703
pd-user_274465
pd-user_821153
pd-user_7305912
pd-user_7071024
pd-user_2895064
pd-user_2896895
pd-user_9230378
pd-user_3189307
pd-user_4892703
pd-user_3946424
pd-user_884886
pd-user_6754515
pd-user_5393206
pd-user_4310096
pd-user_5208422
pd-user_7543456
pd-user_760920
pd-user_6956481
pd-user_6808320
pd-user_6242755
pd-user_3354612
pd-user_5833927
pd-user_5001329
pd-user_2965645
pd-user_7275704
pd-user_9679754
pd-user_7863079
pd-user_7445975
pd-user_2256183
pd-user_6632872
pd-user_5176284
pd-user_6885878
pd-user_5814828
pd-user_2274215
pd-user_2519418
pd-user_6392457
pd-user_2062788
pd-user_4104414
pd-user_5466562
pd-user_756897
pd-user_879207
pd-user_4728122
pd-user_9370866
pd-user_3336970
pd-user_369786
pd-user_2012363
pd-user_7468752
pd-user_1291461
pd-user_5791880
pd-user_6045792
pd-user_3974419
pd-user_175169
pd-user_7220576
pd-user_4673239
pd-user_5230980
pd-user_2594424
pd-user_3036918
pd-user_5984824
pd-user_7501036
pd-user_6016448
pd-user_5375232
pd-user_4394602
pd-user_7861397
pd-user_8192939
pd-user_6061339
pd-user_2789669
pd-user_8280547
pd-user_1959202
pd-user_1071776
pd-user_9876215
pd-user_4847245
pd-user_5198976
pd-user_5241609
pd-user_2146898
pd-user_9757517
pd-user_2674014
pd-user_3372416
pd-user_2959268
pd-user_4322602
pd-user_34058
pd-user_2944196
pd-user_8224867
pd-user_6100848
pd-user_2709994
pd-user_861163
pd-user_9487459
pd-user_3902306
pd-user_4969211
pd-user_6587285
pd-user_9800687
pd-user_3553438
pd-user_8944594
pd-user_8500045
pd-user_6059829
pd-user_3561343
pd-user_3882333
pd-user_5328129
pd-user_4041085
pd-user_8171687
pd-user_4658531
pd-user_4112994
pd-user_4475410
pd-user_4749156
pd-user_7049942
pd-user_8095638
pd-user_7033977
pd-user_9754311
pd-user_2845374
pd-user_3290654
pd-user_2578588
pd-user_3005961
pd-user_4929026
pd-user_7497205
pd-user_1595724
pd-user_5019180
pd-user_2588363
pd-user_1414199
pd-user_6710264
pd-user_1493360
pd-user_676078
pd-user_2608937
pd-user_8130802
pd-user_8389307
pd-user_7444268
pd-user_8573432
pd-user_7378621
pd-user_5310707
pd-user_1919823
pd-user_6254455
pd-user_9913316
pd-user_7159020
pd-user_5663886
pd-user_332711
pd-user_5139950
pd-user_9989975
pd-user_5471502
pd-user_3676791
pd-user_8239582
pd-user_9461921
pd-user_3001243
pd-user_5628858
pd-user_4497530
pd-user_6515671
pd-user_6105215
pd-user_3231138
pd-user_7657946
pd-user_4265624
pd-user_8846156
pd-user_6488197
pd-user_6975813
pd-user_952606
pd-user_9378263
pd-user_4034894
pd-user_5673620
pd-user_9966686
pd-user_4065153
pd-user_5713047
pd-user_1914799
pd-user_7573642
pd-user_2456450
pd-user_1895027
pd-user_6891174
pd-user_7298578
pd-user_9727704
pd-user_4997922
pd-user_3021537
pd-user_45409
pd-user_6821922
pd-user_8519043
pd-user_4706190
pd-user_701476
pd-user_8774287
pd-user_6074126
pd-user_3990763
pd-user_3421676
pd-user_1532614
pd-user_5338580
pd-user_4582555
pd-user_1281192
pd-user_495846
pd-user_4565484
pd-user_6592882
pd-user_2788365
pd-user_9102783
pd-user_8496472
pd-user_4605549
pd-user_2530590
pd-user_7890843
pd-user_2251302
pd-user_4835770
pd-user_8676899
pd-user_9714287
pd-user_5962199
pd-user_5576886
pd-user_4161330
pd-user_8455206
pd-user_7467133
pd-user_6562796
pd-user_8107258
pd-user_1367779
pd-user_4859665
pd-user_8318719
pd-user_8183599
pd-user_7450127
pd-user_2893676
pd-user_1325677
pd-user_2589838
pd-user_8321287
pd-user_1659336
pd-user_6298643
pd-user_4199423
pd-user_152317
pd-user_8484584
pd-user_6037540
pd-user_171997
pd-user_5185960
pd-user_2358568
pd-user_4247397
pd-user_5321969
pd-user_8469141
pd-user_9068247
pd-user_2145221
pd-user_8735406
pd-user_3967490
pd-user_9918767
pd-user_800879
pd-user_5679939
pd-user_3247445
pd-user_8029394
pd-user_9060831
pd-user_752363
pd-user_611457
pd-user_2868744
pd-user_4918706
pd-user_233924
pd-user_7685730
pd-user_2419052
pd-user_8936336
pd-user_6383882
pd-user_1775263
pd-user_2412741
pd-user_7149823
pd-user_244485
pd-user_4341172
pd-user_9731263
pd-user_8912323
pd-user_637619
pd-user_2580735
pd-user_3645509
pd-user_1170174
pd-user_4543980
pd-user_6507520
pd-user_5903838
pd-user_2206460
pd-user_6939265
pd-user_7156835
pd-user_5771400
pd-user_5383292
pd-user_6075260
pd-user_7516471
pd-user_2787259
pd-user_2390338
pd-user_5984606
pd-user_2647874
pd-user_321085
pd-user_9015898
pd-user_2458502
pd-user_1467552
pd-user_2459166
pd-user_8246908
pd-user_7400319
pd-user_3760307
pd-user_545817
pd-user_8737091
pd-user_3151172
pd-user_5110044
pd-user_5479087
pd-user_3248150
pd-user_9275726
pd-user_57922
pd-user_5503961
pd-user_3616612
pd-user_2964799
pd-user_9091256
pd-user_4256237
pd-user_468520
pd-user_3952419
pd-user_5956253
pd-user_236688
pd-user_9519955
pd-user_6809754
pd-user_3316416
pd-user_5209682
pd-user_1057684
pd-user_7474937
pd-user_6477738
pd-user_254841
pd-user_9544679
pd-user_3462716
pd-user_6135296
pd-user_2184685
pd-user_2476029
pd-user_7774482
pd-user_4110785
pd-user_8126081
pd-user_7241444
pd-user_5134481
pd-user_8993681
pd-user_31714
pd-user_3000475
pd-user_2234365
pd-user_4989638
pd-user_4640076
pd-user_698153
pd-user_8166591
pd-user_532471
pd-user_9878485
pd-user_9649675
pd-user_6975940
pd-user_4418394
pd-user_333268
pd-user_8075938
pd-user_2860715
pd-user_1008842
pd-user_9411174
pd-user_8824660
pd-user_8747501
pd-user_3493082
pd-user_3020578
pd-user_4263675
pd-user_3529748
pd-user_1964290
pd-user_2079922
pd-user_165310
pd-user_4383046
pd-user_2941986
pd-user_1050549
pd-user_2699297
pd-user_587172
pd-user_4830691
pd-user_419404
pd-user_4182256
pd-user_6599474
pd-user_2381732
pd-user_9362748
pd-user_1272266
pd-user_3774135
pd-user_3301458
pd-user_1250
pd-user_711652
pd-user_7508920
pd-user_1594010
pd-user_3905346
pd-user_3742189
pd-user_9313708
pd-user_2452209
pd-user_303325
pd-user_7839598
pd-user_3984944
pd-user_8314385
pd-user_6886228
pd-user_2578257
pd-user_4927129
pd-user_1417936
pd-user_5051060
pd-user_9471140
pd-user_2206967
pd-user_1402827
pd-user_5154219
pd-user_93160
pd-user_8714011
pd-user_5682480
pd-user_1603253
pd-user_5416262
pd-user_4863688
pd-user_6067365
pd-user_2734467
pd-user_4506495
pd-user_2457051
pd-user_8762263
pd-user_6020105
pd-user_9122444
pd-user_3820403
pd-user_7711787
pd-user_6583017
pd-user_6695182
pd-user_6066015
pd-user_1456381
pd-user_6811509
pd-user_702505
pd-user_9462202
pd-user_3765923
pd-user_1245933
pd-user_9099804
pd-user_9310067
pd-user_2067789
pd-user_8281255
pd-user_1832389
pd-user_652144
pd-user_215939
pd-user_2577528
pd-user_9647547
pd-user_8534503
pd-user_8944826
pd-user_1488854
pd-user_6318228
pd-user_5180949
pd-user_3281518
pd-user_4168378
pd-user_5945389
pd-user_5917051
pd-user_1399850
pd-user_6234152
pd-user_6763875
pd-user_6618885
pd-user_4545446
pd-user_1302390
pd-user_3843746
pd-user_5296412
pd-user_4817729
pd-user_7628043
pd-user_7524310
pd-user_2810701
pd-user_3586175
pd-user_1594844
pd-user_9684624
pd-user_1225172
pd-user_6843142
pd-user_992618
pd-user_5103459
pd-user_7258800
pd-user_8382388
pd-user_4670992
pd-user_8809200
pd-user_4770430
pd-user_8971941
pd-user_292321
pd-user_4573764
pd-user_2140979
pd-user_4514698
pd-user_5857388
pd-user_8527312
pd-user_661352
pd-user_9660649
pd-user_1125761
pd-user_4763360
pd-user_9599545
pd-user_5412261
pd-user_2652401
pd-user_5834942
pd-user_3959364
pd-user_8946175
pd-user_1406742
pd-user_266254
pd-user_8942999
pd-user_6821586
pd-user_2292649
pd-user_781747
pd-user_3016738
pd-user_5144256
pd-user_6717670
pd-user_1001330
pd-user_3658047
pd-user_4987449
pd-user_6177785
pd-user_3802646
pd-user_3994951
pd-user_6585349
pd-user_3402963
pd-user_886988
pd-user_3115623
pd-user_9113095
pd-user_450322
pd-user_2860926
pd-user_6626859
pd-user_7586442
pd-user_2888794
pd-user_6104697
pd-user_7070863
pd-user_595748
pd-user_434610
pd-user_3159561
pd-user_8841617
pd-user_600718
pd-user_4833417
pd-user_6275714
pd-user_669146
pd-user_7250002
pd-user_9967964
pd-user_3358688
pd-user_3114608
pd-user_5546167
pd-user_6320732
pd-user_6489784
pd-user_8723097
pd-user_6993653
pd-user_978467
pd-user_651392
pd-user_3185841
pd-user_5326862
pd-user_3117503
pd-user_87084
pd-user_7115015
pd-user_9322307
pd-user_9510586
pd-user_5503989
pd-user_6414164
pd-user_8205109
pd-user_7876626
pd-user_9645784
pd-user_857030
pd-user_7244027
pd-user_9554157
pd-user_1156156
pd-user_5798872
pd-user_6890251
pd-user_1495708
pd-user_3377474
pd-user_8886328
pd-user_5607648
pd-user_9084866
pd-user_9397828
pd-user_1677342
pd-user_1126858
pd-user_883177
pd-user_9438043
pd-user_3909800
pd-user_3677620
pd-user_6600534
pd-user_8551568
pd-user_4410941
pd-user_5428391
pd-user_4513832
pd-user_3300734
pd-user_5835355
pd-user_8012622
pd-user_5841361
pd-user_9324892
pd-user_2347090
pd-user_8400734
pd-user_2377731
pd-user_1158067
pd-user_9242356
pd-user_4275690
pd-user_4536253
pd-user_157633
pd-user_954402
pd-user_1898992
pd-user_6956210
pd-user_8723609
pd-user_510113
pd-user_6020785
pd-user_1560071
pd-user_6116697
pd-user_9227247
pd-user_6062865
pd-user_8816881
pd-user_1623363
pd-user_8826685
pd-user_9132558
pd-user_4236800
pd-user_4726324
pd-user_3873224
pd-user_3663559
pd-user_8151923
pd-user_2126205
pd-user_4289747
pd-user_4018918
pd-user_5779311
pd-user_9630328
pd-user_4026551
pd-user_5487371
pd-user_9113150
pd-user_6801485
pd-user_3771516
pd-user_1973143
pd-user_9855109
pd-user_2373072
pd-user_1905324
pd-user_8584820
pd-user_1181046
pd-user_2203004
pd-user_5823600
pd-user_7383263
pd-user_6505146
pd-user_7805916
pd-user_4090534
pd-user_7475219
pd-user_9834634
pd-user_6854483
pd-user_2576887
pd-user_7449846
pd-user_8920514
pd-user_4581455
pd-user_1857230
pd-user_3028926
pd-user_2424648
pd-user_4040047
pd-user_7873080
pd-user_7154793
pd-user_397845
pd-user_9164977
pd-user_912205
pd-user_7812642
pd-user_9632383
pd-user_5293507
pd-user_663417
pd-user_9219888
pd-user_5891878
pd-user_1570885
pd-user_7519396
pd-user_4306794
pd-user_217887
pd-user_6700943
pd-user_8530162
pd-user_8229088
pd-user_3253314
pd-user_2461735
pd-user_6978613
pd-user_8926267
pd-user_7055442
pd-user_5103915
pd-user_4811147
pd-user_9720837
pd-user_9327001
pd-user_3367340
pd-user_7559031
pd-user_2881474
pd-user_9005733
pd-user_3414704
pd-user_1677830
pd-user_5952827
pd-user_6941622
pd-user_2823038
pd-user_5077128
pd-user_6059119
pd-user_5290554
pd-user_9930049
pd-user_2679021
pd-user_6599243
pd-user_8789783
pd-user_4736860
pd-user_4766754
pd-user_3364599
pd-user_9292442
pd-user_4076906
pd-user_9074116
pd-user_6078696
pd-user_392660
pd-user_4971321
pd-user_8962165
pd-user_4652445
pd-user_9383791
pd-user_5457247
pd-user_4682266
pd-user_7731889
pd-user_4796038
pd-user_3550920
pd-user_5579363
pd-user_6447131
pd-user_2092386
pd-user_9821117
pd-user_8112966
pd-user_3004719
pd-user_5339300
pd-user_782892
pd-user_6374425
pd-user_3209880
pd-user_2713718
pd-user_7201582
pd-user_8916248
pd-user_7377004
pd-user_2891851
pd-user_9029583
pd-user_9948626
pd-user_9725279
pd-user_8541519
pd-user_8251825
pd-user_70417
pd-user_7056787
pd-user_1338875
pd-user_4665511
pd-user_4438962
pd-user_6420402
pd-user_6209900
pd-user_60101
pd-user_6026389
pd-user_5225328
pd-user_1035963
pd-user_7124612
pd-user_4027662
pd-user_4225894
pd-user_6086045
pd-user_5327166
pd-user_4478012
pd-user_7172493
pd-user_4870989
pd-user_6949572
pd-user_4812443
pd-user_5229667
pd-user_3265312
pd-user_3061393
pd-user_9077546
pd-user_1065326
pd-user_5816400
pd-user_6699636
pd-user_9353340
pd-user_5158087
pd-user_5035621
pd-user_3118914
pd-user_1402411
pd-user_3558129
pd-user_5567976
pd-user_6634981
pd-user_2325241
pd-user_1656965
pd-user_2049673
pd-user_1215095
pd-user_1366086
pd-user_9795932
pd-user_1370014
pd-user_6361916
pd-user_4134806
pd-user_4303754
pd-user_7268717
pd-user_1543713
pd-user_836907
pd-user_8453295
pd-user_2369425
pd-user_7736064
pd-user_850260
pd-user_9356573
pd-user_1719233
pd-user_8283493
pd-user_8537149
pd-user_4991626
pd-user_7639534
pd-user_3087292
pd-user_8479759
pd-user_1232852
pd-user_2996057
pd-user_3724150
pd-user_1433983
pd-user_2049819
pd-user_8175462
pd-user_234929
pd-user_8559819
pd-user_3941529
pd-user_7035502
pd-user_9708803
pd-user_5505087
pd-user_2386470
pd-user_3260648
pd-user_4479942
pd-user_9871869
pd-user_9510512
pd-user_7157193
pd-user_570475
pd-user_5421618
pd-user_796191
pd-user_5796085
pd-user_7594562
pd-user_8309234
pd-user_2046358
pd-user_4373652
pd-user_4790086
pd-user_2524866
pd-user_400014
pd-user_6001067
pd-user_9174930
pd-user_187985
pd-user_7442283
pd-user_6491164
pd-user_910534
pd-user_679825
pd-user_4529903
pd-user_7808539
pd-user_9026420
pd-user_9587278
pd-user_8765051
pd-user_3036787
pd-user_5062555
pd-user_6615847
pd-user_2762911
pd-user_5336070
pd-user_3822658
pd-user_2339126
pd-user_4432528
pd-user_2760038
pd-user_1040102
pd-user_9581997
pd-user_872411
pd-user_1951719
pd-user_8045439
pd-user_9300383
pd-user_3024910
pd-user_348824
pd-user_1422838
pd-user_9215983
pd-user_991823
pd-user_6614362
pd-user_3124095
pd-user_361829
pd-user_7565281
pd-user_7889876
pd-user_6526762
pd-user_4697035
pd-user_7531271
pd-user_9190514
pd-user_5378672
pd-user_8638186
pd-user_4552429
pd-user_381681
pd-user_458175
pd-user_4409673
pd-user_5729475
pd-user_5910540
pd-user_4144803
pd-user_1514728
pd-user_7204511
pd-user_6099554
pd-user_2355025
pd-user_3267173
pd-user_6740709
pd-user_8450547
pd-user_3473724
pd-user_761915
pd-user_2342319
pd-user_8849771
pd-user_8814617
pd-user_2758983
pd-user_3792536
pd-user_5182311
pd-user_5118043
pd-user_5553022
pd-user_1324530
pd-user_6660178
pd-user_9164183
pd-user_9708752
pd-user_8729795
pd-user_5836350
pd-user_610771
pd-user_2734881
pd-user_7600712
pd-user_6856928
pd-user_8410608
pd-user_7731140
pd-user_43117
pd-user_2448379
pd-user_6079199
pd-user_4502974
pd-user_2774368
pd-user_8244726
pd-user_5399592
pd-user_5643952
pd-user_2582043
pd-user_1247528
pd-user_730025
pd-user_9247828
pd-user_6627219
pd-user_8811272
pd-user_1909749
pd-user_6942687
pd-user_8688054
pd-user_4458552
pd-user_6107261
pd-user_8425952
pd-user_1726954
pd-user_2897891
pd-user_2675778
pd-user_1788842
pd-user_4854481
pd-user_6354656
pd-user_9675730
pd-user_6438408
pd-user_9709680
pd-user_5059378
pd-user_3396251
pd-user_8716342
pd-user_4278976
pd-user_3230336
pd-user_9593909
pd-user_8862069
pd-user_8856028
pd-user_5262360
pd-user_989649
pd-user_5499041
pd-user_5278439
pd-user_1217187
pd-user_6264302
pd-user_4008335
pd-user_7679410
pd-user_2865283
pd-user_2756920
pd-user_8530559
pd-user_1266251
pd-user_8741471
pd-user_1361593
pd-user_7855447
pd-user_1391350
pd-user_6678983
pd-user_1535851
pd-user_5511208
pd-user_8074348
pd-user_1086983
pd-user_8765634
pd-user_6149815
pd-user_4964917
pd-user_8717755
pd-user_2081177
pd-user_4745223
pd-user_2279612
pd-user_5208414
pd-user_4893813
pd-user_6098538
pd-user_4436820
pd-user_2171191
pd-user_5136207
pd-user_2918286
pd-user_3970351
pd-user_8356313
pd-user_6502630
pd-user_1852562
pd-user_710919
pd-user_7577156
pd-user_3067712
pd-user_346997
pd-user_2631666
pd-user_281048
pd-user_9249048
pd-user_5756934
pd-user_6152771
pd-user_8331162
pd-user_4728130
pd-user_4614850
pd-user_2403067
pd-user_5102775
pd-user_3090320
pd-user_9415898
pd-user_7311294
pd-user_3284697
pd-user_7083207
pd-user_2516606
pd-user_2072925
pd-user_5687129
pd-user_7230269
pd-user_5366561
pd-user_1242076
pd-user_3969039
pd-user_8626452
pd-user_4669575
pd-user_6264895
pd-user_2455242
pd-user_5065178
pd-user_671372
pd-user_5783879
pd-user_4144615
pd-user_2246155
pd-user_7873167
pd-user_2608632
pd-user_4374622
pd-user_5096749
pd-user_8449975
pd-user_6984380
pd-user_9460834
pd-user_2503939
pd-user_972899
pd-user_3234477
pd-user_7308502
pd-user_617500
pd-user_6009613
pd-user_6026958
pd-user_3953378
pd-user_6533400
pd-user_7754962
pd-user_512378
pd-user_4764764
pd-user_9518181
pd-user_1632846
pd-user_3839255
pd-user_8593447
pd-user_9252456
pd-user_2653207
pd-user_6752195
pd-user_4002186
pd-user_5861438
pd-user_5822030
pd-user_6051470
pd-user_4611590
pd-user_1101175
pd-user_9577403
pd-user_3462731
pd-user_596711
pd-user_8476780
pd-user_4373187
pd-user_6520053
pd-user_8179157
pd-user_9460491
pd-user_1134187
pd-user_650682
pd-user_4780827
pd-user_9158248
pd-user_7727659
pd-user_5325092
pd-user_5807227
pd-user_2813796
pd-user_6895588
pd-user_2729007
pd-user_2388094
pd-user_8913212
pd-user_4185232
pd-user_1655841
pd-user_1670338
pd-user_6564797
pd-user_6926355
pd-user_3912187
pd-user_1859921
pd-user_8138948
pd-user_5448570
pd-user_9217149
pd-user_3450223
pd-user_9441204
pd-user_1763724
pd-user_4499884
pd-user_1175384
pd-user_9363386
pd-user_2365082
pd-user_6686271
pd-user_9824077
pd-user_6739530
pd-user_6693641
pd-user_845089
pd-user_4161662
pd-user_6311629
pd-user_3035768
pd-user_7897625
pd-user_6663901
pd-user_2969403
pd-user_4261849
pd-user_7438641
pd-user_189848
pd-user_7688192
pd-user_968620
pd-user_1568816
pd-user_8008990
pd-user_1506771
pd-user_2266647
pd-user_7192326
pd-user_7492833
pd-user_3494457
pd-user_4728630
pd-user_693271
pd-user_5998823
pd-user_2047368
pd-user_2203758
pd-user_2966977
pd-user_8668691
pd-user_762731
pd-user_5372862
pd-user_4873434
pd-user_5105300
pd-user_5032264
pd-user_2082827
pd-user_4058730
pd-user_2680371
pd-user_733745
pd-user_8497638
pd-user_1611232
pd-user_185093
pd-user_6381168
pd-user_8844795
pd-user_8613450
pd-user_5489964
pd-user_4342281
pd-user_4389542
pd-user_2087116
pd-user_2639070
pd-user_6873391
pd-user_8429397
pd-user_9783943
pd-user_322629
pd-user_5474261
pd-user_7802625
pd-user_8866080
pd-user_6169122
pd-user_4947651
pd-user_5950780
pd-user_9457307
pd-user_434574
pd-user_4533857
pd-user_3689705
pd-user_1695667
pd-user_7584503
pd-user_1298027
pd-user_8674361
pd-user_4022087
pd-user_5462513
pd-user_1103474
pd-user_2479446
pd-user_5768195
pd-user_3267478
pd-user_6842410
pd-user_9620313
pd-user_1932194
pd-user_6772817
pd-user_6117535
pd-user_7110099
pd-user_5886915
pd-user_3323859
pd-user_7359058
pd-user_493574
pd-user_8092550
pd-user_5232575
pd-user_7089687
pd-user_718230
pd-user_4805620
pd-user_2045582
pd-user_3216825
pd-user_4419714
pd-user_4126142
pd-user_6681375
pd-user_8113893
pd-user_2355150
pd-user_8893732
pd-user_4875255
pd-user_1391219
pd-user_2020701
pd-user_1987728
pd-user_3615284
pd-user_2516402
pd-user_7680973
pd-user_9940870
pd-user_7235248
pd-user_1177988
pd-user_6396235
pd-user_9731503
pd-user_684218
pd-user_3063516
pd-user_7293103
pd-user_7743706
pd-user_4791597
pd-user_5474886
pd-user_2871766
pd-user_133296
pd-user_1931141
pd-user_7937998
pd-user_4413079
pd-user_12147
pd-user_6260540
pd-user_2525053
pd-user_4136586
pd-user_7791616
pd-user_5698333
pd-user_5340081
pd-user_7988358
pd-user_7160340
pd-user_220754
pd-user_2416454
pd-user_2882811
pd-user_7906882
pd-user_3635256
pd-user_4143029
pd-user_2434638
pd-user_4058614
pd-user_8968399
pd-user_2456559
pd-user_4387828
pd-user_6444875
pd-user_4150494
pd-user_4037746
pd-user_5386977
pd-user_4092834
pd-user_1673565
pd-user_9393924
pd-user_1010961
pd-user_3982390
pd-user_502854
pd-user_8386219
pd-user_1481132
pd-user_6318566
pd-user_6504252
pd-user_7558193
pd-user_8657623
pd-user_9464849
pd-user_7234302
pd-user_4165094
pd-user_3578359
pd-user_5419556
pd-user_2981405
pd-user_4299576
pd-user_960706
pd-user_450190
pd-user_3124960
pd-user_5374351
pd-user_430645
pd-user_7451165
pd-user_6391749
pd-user_3631917
pd-user_4212109
pd-user_4369356
pd-user_5922415
pd-user_3544705
pd-user_9119044
pd-user_2885888
pd-user_6778103
pd-user_2919199
pd-user_5115290
pd-user_6132845
pd-user_8105137
pd-user_4880736
pd-user_9020316
pd-user_9013583
pd-user_9869104
pd-user_2095931
pd-user_9426643
pd-user_699034
pd-user_6620909
pd-user_1171808
pd-user_5929593
pd-user_7225621
pd-user_3286985
pd-user_198562
pd-user_6552355
pd-user_8983820
pd-user_4111379
pd-user_8730677
pd-user_4280706
pd-user_1391333
pd-user_3482944
pd-user_1911936
pd-user_9877889
pd-user_3359909
pd-user_1635957
pd-user_5941430
pd-user_4770988
pd-user_964263
pd-user_555844
pd-user_8726485
pd-user_8293878
pd-user_9556338
pd-user_1317214
pd-user_7505337
pd-user_5422794
pd-user_6497507
pd-user_2867319
pd-user_9444528
pd-user_4763744
pd-user_4143885
pd-user_3485575
pd-user_6770648
pd-user_6675301
pd-user_3450389
pd-user_1043112
pd-user_4303744
pd-user_9275461
pd-user_9841841
pd-user_7706354
pd-user_6673074
pd-user_2032369
pd-user_7842617
pd-user_1841697
pd-user_1023557
pd-user_4936768
pd-user_6110803
pd-user_2004536
pd-user_500914
pd-user_2485529
pd-user_7019957
pd-user_6002489
pd-user_7013240
pd-user_5448934
pd-user_3864141
pd-user_6522365
pd-user_7483517
pd-user_6327842
pd-user_9228067
pd-user_8147524
pd-user_41310
pd-user_1239607
pd-user_7636676
pd-user_1429465
pd-user_4410955
pd-user_3884374
pd-user_7671432
pd-user_9741676
pd-user_2161846
pd-user_9994219
pd-user_2508419
pd-user_7705629
pd-user_9148750
pd-user_2290070
pd-user_8489251
pd-user_1996669
pd-user_309288
pd-user_5846755
pd-user_551716
pd-user_5988979
pd-user_3882208
pd-user_8792772
pd-user_407298
pd-user_8904607
pd-user_2935373
pd-user_4962736
pd-user_4297508
pd-user_9465756
pd-user_3168787
pd-user_9431069
pd-user_4365332
pd-user_5489810
pd-user_8890391
pd-user_9022908
pd-user_6293248
pd-user_4731243
pd-user_3373495
pd-user_4593925
pd-user_5615185
pd-user_4455386
pd-user_2956133
pd-user_7146387
pd-user_1291592
pd-user_8025980
pd-user_8907840
pd-user_2787976
pd-user_3060414
pd-user_4993726
pd-user_1188380
pd-user_4747994
pd-user_5330737
pd-user_2143424
pd-user_7118802
pd-user_155866
pd-user_1220503
pd-user_7601546
pd-user_9739732
pd-user_1765210
pd-user_7233813
pd-user_7807287
pd-user_9784635
pd-user_9021033
pd-user_3195821
pd-user_2928970
pd-user_7100190
pd-user_4790478
pd-user_9233423
pd-user_3279767
pd-user_7598180
pd-user_527873
pd-user_8491479
pd-user_7789472
pd-user_5374529
pd-user_7586956
pd-user_9572345
pd-user_5179402
pd-user_8432925
pd-user_4927748
pd-user_6087261
pd-user_6465388
pd-user_4925897
pd-user_8224101
pd-user_8762974
pd-user_181474
pd-user_2476800
pd-user_4747175
pd-user_7716615
pd-user_7886462
pd-user_3411960
pd-user_4525603
pd-user_5594068
pd-user_9500933
pd-user_5335377
pd-user_5067014
pd-user_199639
pd-user_4058746
pd-user_7882175
pd-user_3701898
pd-user_5137570
pd-user_1441695
pd-user_396074
pd-user_7127782
pd-user_6866011
pd-user_1634726
pd-user_4713222
pd-user_6875236
pd-user_6742789
pd-user_9203769
pd-user_9081547
pd-user_8793375
pd-user_3662808
pd-user_8168994
pd-user_6974649
pd-user_5637201
pd-user_9336444
pd-user_8070074
pd-user_7246302
pd-user_2655536
pd-user_3497653
pd-user_8717842
pd-user_1286560
pd-user_5973549
pd-user_971285
pd-user_3231597
pd-user_5327192
pd-user_8892639
pd-user_7442292
pd-user_9686068
pd-user_553511
pd-user_6261413
pd-user_2198278
pd-user_1347161
pd-user_2583891
pd-user_3695812
pd-user_9605095
pd-user_8412973
pd-user_7246680
pd-user_5944970
pd-user_875734
pd-user_7464919
pd-user_9766733
pd-user_7655790
pd-user_8994739
pd-user_6920300
pd-user_3802610
pd-user_3049172
pd-user_4845132
pd-user_4549605
pd-user_8876176
pd-user_6313035
pd-user_7581184
pd-user_8691609
pd-user_3283778
pd-user_3674242
pd-user_3499412
pd-user_9323549
pd-user_1182739
pd-user_8995619
pd-user_3883241
pd-user_5609189
pd-user_3245715
pd-user_3916568
pd-user_4602414
pd-user_1761170
pd-user_4655545
pd-user_8360498
pd-user_3440511
pd-user_4662987
pd-user_8173873
pd-user_9705170
pd-user_7794265
pd-user_5665788
pd-user_3887720
pd-user_3763944
pd-user_4412257
pd-user_3570749
pd-user_5979920
pd-user_1551998
pd-user_2955034
pd-user_1806108
pd-user_3257756
pd-user_8263290
pd-user_519451
pd-user_6806996
pd-user_3317461
pd-user_1826813
pd-user_7517442
pd-user_6736780
pd-user_8959542
pd-user_951200
pd-user_744876
pd-user_2253468
pd-user_6722953
pd-user_9349798
pd-user_1854226
pd-user_406468
pd-user_9420727
pd-user_6927498
pd-user_599680
pd-user_184432
pd-user_6242182
pd-user_406237
pd-user_9254422
pd-user_7927745
pd-user_2617948
pd-user_4429793
pd-user_2485403
pd-user_3422956
pd-user_8827194
pd-user_26151
pd-user_2959959
pd-user_1212975
pd-user_1487336
pd-user_8099940
pd-user_7067509
pd-user_2503902
pd-user_123262
pd-user_4672865
pd-user_565758
pd-user_9401847
pd-user_1876333
pd-user_9298713
pd-user_824607
pd-user_9482230
pd-user_9674626
pd-user_9926376
pd-user_9605693
pd-user_7295026
pd-user_8568377
pd-user_7552722
pd-user_1504908
pd-user_1876976
pd-user_6588255
pd-user_5036863
pd-user_7750993
pd-user_565669
pd-user_7285867
pd-user_6138775
pd-user_2116950
pd-user_9397341
pd-user_492287
pd-user_6217018
pd-user_5597108
pd-user_215466
pd-user_9366658
pd-user_9559577
pd-user_9047243
pd-user_3360237
pd-user_1315695
pd-user_8490578
pd-user_6160415
pd-user_6931794
pd-user_7107295
pd-user_4667560
pd-user_7331483
pd-user_1206590
pd-user_7049027
pd-user_7104001
pd-user_9787451
pd-user_5279109
pd-user_3664372
pd-user_8503007
pd-user_1201767
pd-user_3757825
pd-user_3672217
pd-user_8643360
pd-user_7245454
pd-user_7642092
pd-user_1523714
pd-user_5925450
pd-user_1292963
pd-user_8172792
pd-user_5916762
pd-user_4508540
pd-user_34572
pd-user_8580738
pd-user_2346412
pd-user_4719065
pd-user_9377321
pd-user_8468128
pd-user_4661446
pd-user_90238
pd-user_5003409
pd-user_9590084
pd-user_1660047
pd-user_9678572
pd-user_5491260
pd-user_7036198
pd-user_4762720
pd-user_4788543
pd-user_2454376
pd-user_7896585
pd-user_9759066
pd-user_4139096
pd-user_1502808
pd-user_5502042
pd-user_2056363
pd-user_5004925
pd-user_477936
pd-user_562854
pd-user_7345289
pd-user_3814232
pd-user_5788580
pd-user_1304785
pd-user_3440166
pd-user_3191457
pd-user_4394037
pd-user_8145644
pd-user_9873761
pd-user_2065687
pd-user_6437785
pd-user_9905874
pd-user_4707533
pd-user_6202880
pd-user_8798016
pd-user_520820
pd-user_6086232
pd-user_899981
pd-user_6048502
pd-user_8632117
pd-user_2198441
pd-user_5221473
pd-user_4348217
pd-user_7868922
pd-user_2850434
pd-user_8358016
pd-user_7271037
pd-user_7969188
pd-user_6205456
pd-user_8960988
pd-user_4242287
pd-user_6492501
pd-user_3431703
pd-user_1041418
pd-user_3448721
pd-user_2539519
pd-user_6864513
pd-user_1339722
pd-user_5740436
pd-user_9429648
pd-user_4907815
pd-user_8179380
pd-user_6753977
pd-user_5089101
pd-user_2436464
pd-user_3768546
pd-user_2457489
pd-user_5887483
pd-user_4195245
pd-user_4361351
pd-user_4891145
pd-user_7130763
pd-user_5189643
pd-user_8552393
pd-user_8981908
pd-user_7387317
pd-user_6269552
pd-user_3216662
pd-user_1057282
pd-user_6530250
pd-user_5380471
pd-user_8212438
pd-user_915774
pd-user_735078
pd-user_2488854
pd-user_8261899
pd-user_4780913
pd-user_2442208
pd-user_1676521
pd-user_4267446
pd-user_5764698
pd-user_9555107
pd-user_929316
pd-user_2250214
pd-user_4016767
pd-user_8733839
pd-user_5552833
pd-user_3885709
pd-user_5321803
pd-user_9336551
pd-user_3568991
pd-user_6619657
pd-user_3469996
pd-user_8828750
pd-user_2680430
pd-user_4005535
pd-user_7677898
pd-user_7016107
pd-user_2760019
pd-user_3961582
pd-user_9802181
pd-user_315157
pd-user_3479143
pd-user_2673852
pd-user_7231901
pd-user_525346
pd-user_2879290
pd-user_6264482
pd-user_4433050
pd-user_2819472
pd-user_2295376
pd-user_9051245
pd-user_3496558
pd-user_9741681
pd-user_2261010
pd-user_4918946
pd-user_5264995
pd-user_8348061
pd-user_8648899
pd-user_5794471
pd-user_2680376
pd-user_9064955
pd-user_6321969
pd-user_9785085
pd-user_8568212
pd-user_5848905
pd-user_3051172
pd-user_220197
pd-user_4659775
pd-user_3565372
pd-user_7322874
pd-user_8194915
pd-user_9790583
pd-user_3804285
pd-user_3694890
pd-user_493133
pd-user_7806645
pd-user_6629215
pd-user_9213489
pd-user_2027404
pd-user_292758
pd-user_4240667
pd-user_3823958
pd-user_2760166
pd-user_7029082
pd-user_9035985
pd-user_8670112
pd-user_8498084
pd-user_5004421
pd-user_2090384
pd-user_2073493
pd-user_9656624
pd-user_2504275
pd-user_4428823
pd-user_726485
pd-user_569794
pd-user_1664834
pd-user_2445324
pd-user_3108828
pd-user_2391754
pd-user_2343321
pd-user_8084315
pd-user_1742039
pd-user_1675874
pd-user_2015730
pd-user_7310064
pd-user_1278877
pd-user_2935471
pd-user_6428080
pd-user_3131288
pd-user_4334598
pd-user_1693867
pd-user_3197859
pd-user_6739396
pd-user_9248273
pd-user_4082407
pd-user_8516943
pd-user_4178478
pd-user_6469215
pd-user_31493
pd-user_5737287
pd-user_1588829
pd-user_5561781
pd-user_330212
pd-user_418025
pd-user_3287178
pd-user_9888113
pd-user_7818682
pd-user_8667272
pd-user_5053636
pd-user_7325733
pd-user_7871762
pd-user_6876033
pd-user_6207196
pd-user_1863189
pd-user_4190032
pd-user_5507043
pd-user_1815969
pd-user_4965105
pd-user_9270291
pd-user_4150878
pd-user_9963814
pd-user_4134801
pd-user_7636686
pd-user_8356369
pd-user_3048228
pd-user_3130308
pd-user_2235808
pd-user_6564553
pd-user_5226325
pd-user_1459535
pd-user_1806894
pd-user_7583781
pd-user_8265471
pd-user_768079
pd-user_2587093
pd-user_4627962
pd-user_1064840
pd-user_1174633
pd-user_9488046
pd-user_1278629
pd-user_3778503
pd-user_2649769
pd-user_1013558
pd-user_8504805
pd-user_6655905
pd-user_3514145
pd-user_2536275
pd-user_5950842
pd-user_3047129
pd-user_4031149
pd-user_2958988
pd-user_8902861
pd-user_7316117
pd-user_9172516
pd-user_6955618
pd-user_7000248
pd-user_5515993
pd-user_9870123
pd-user_1174100
pd-user_8209391
pd-user_7979108
pd-user_1031295
pd-user_6558372
pd-user_6159508
pd-user_2789105
pd-user_4391414
pd-user_6597768
pd-user_1183745
pd-user_5585943
pd-user_2050474
pd-user_3926204
pd-user_909136
pd-user_1504368
pd-user_8515895
pd-user_4209720
pd-user_6589227
pd-user_8571772
pd-user_4729307
pd-user_8388546
pd-user_8159586
pd-user_6605117
pd-user_5794429
pd-user_9314894
pd-user_9161795
pd-user_2578309
pd-user_8136207
pd-user_9864580
pd-user_4923189
pd-user_3292772
pd-user_5868061
pd-user_9220205
pd-user_2888794
pd-user_1819724
pd-user_9562033
pd-user_9548644
pd-user_8135701
pd-user_5855418
pd-user_3079590
pd-user_6034732
pd-user_3762254
pd-user_3096477
pd-user_5153808
pd-user_5479218
pd-user_9732615
pd-user_8276948
pd-user_334690
pd-user_2264660
pd-user_7620849
pd-user_2895447
pd-user_6852719
pd-user_723575
pd-user_7079457
pd-user_5932647
pd-user_6510657
pd-user_717026
pd-user_8897233
pd-user_6909594
pd-user_5202324
pd-user_8237708
pd-user_2989456
pd-user_8698439
pd-user_8034060
pd-user_2630019
pd-user_1228648
pd-user_6246937
pd-user_7649605
pd-user_9106193
pd-user_1831342
pd-user_8823524
pd-user_5182151
pd-user_1499671
pd-user_5094325
pd-user_1441475
pd-user_942213
pd-user_8943364
pd-user_2400732
pd-user_6830877
pd-user_149850
pd-user_4182995
pd-user_6769116
pd-user_644622
pd-user_5182635
pd-user_1246430
pd-user_7266573
pd-user_9826092
pd-user_8405507
pd-user_3108546
pd-user_9721405
pd-user_6900855
pd-user_4869058
pd-user_2121957
pd-user_4229660
pd-user_1360641
pd-user_4362078
pd-user_8451562
pd-user_3864936
pd-user_7215852
pd-user_7783711
pd-user_127332
pd-user_9977943
pd-user_5269724
pd-user_8528739
pd-user_763063
pd-user_1076337
pd-user_4807057
pd-user_5819735
pd-user_6394604
pd-user_924165
pd-user_293661
pd-user_6200148
pd-user_7040439
pd-user_6900829
pd-user_6562732
pd-user_3259962
pd-user_8771248
pd-user_44695
pd-user_6925368
pd-user_9558338
pd-user_1720988
pd-user_7269398
pd-user_7466690
pd-user_9576364
pd-user_5757060
pd-user_9724434
pd-user_6305548
pd-user_474597
pd-user_4042104
pd-user_7005539
pd-user_3370021
pd-user_2488993
pd-user_4523880
pd-user_8826414
pd-user_1657715
pd-user_1822963
pd-user_8519111
pd-user_333128
pd-user_4068378
pd-user_3331374
pd-user_4182232
pd-user_1380866
pd-user_1382150
pd-user_4225860
pd-user_1429036
pd-user_3600484
pd-user_9084119
pd-user_3316988
pd-user_2299007
pd-user_172531
pd-user_5559103
pd-user_5711340
pd-user_5228718
pd-user_1664684
pd-user_2358494
pd-user_4233223
pd-user_9040064
pd-user_871194
pd-user_8769249
pd-user_4144778
pd-user_4511012
pd-user_7484697
pd-user_8752860
pd-user_8624312
pd-user_5229957
pd-user_5349263
pd-user_5127408
pd-user_4498616
pd-user_2082116
pd-user_3830158
pd-user_8603319
pd-user_1464627
pd-user_6628439
pd-user_6985819
pd-user_6702654
pd-user_2789176
pd-user_5047066
pd-user_8623214
pd-user_7539871
pd-user_8642683
pd-user_7857090
pd-user_4485385
pd-user_7541145
pd-user_1983794
pd-user_2117013
pd-user_1347691
pd-user_5516186
pd-user_3441308
pd-user_7625471
pd-user_5139829
pd-user_8984829
pd-user_4101664
pd-user_8817095
pd-user_269212
pd-user_5982423
pd-user_6012285
pd-user_6911840
pd-user_1829820
pd-user_8399731
pd-user_4073853
pd-user_3903649
pd-user_4972755
pd-user_4565110
pd-user_3711194
pd-user_9458581
pd-user_2378627
pd-user_1786557
pd-user_5788110
pd-user_2883113
pd-user_9511642
pd-user_4373447
pd-user_2792210
pd-user_5708362
pd-user_7909027
pd-user_2299320
pd-user_340031
pd-user_5276996
pd-user_7167737
pd-user_1438040
pd-user_6255094
pd-user_2725126
pd-user_5874897
pd-user_5135527
pd-user_8279470
pd-user_7989503
pd-user_1708152
pd-user_2314529
pd-user_2396669
pd-user_1512606
pd-user_7293242
pd-user_7790737
pd-user_950261
pd-user_6296877
pd-user_2090583
pd-user_6944467
pd-user_1728469
pd-user_4124456
pd-user_1501548
pd-user_6287669
pd-user_387963
pd-user_4288273
pd-user_4262504
pd-user_4460829
pd-user_3166515
pd-user_8097951
pd-user_7570013
pd-user_7142174
pd-user_5095758
pd-user_5211215
pd-user_1584015
pd-user_206815
pd-user_8514558
pd-user_6913734
pd-user_1429554
pd-user_931582
pd-user_5774111
pd-user_1782670
pd-user_8497116
pd-user_8159491
pd-user_4190382
pd-user_6623817
pd-user_2314118
pd-user_9744659
pd-user_6141826
pd-user_2663859
pd-user_4440061
pd-user_3895183
pd-user_1824980
pd-user_9160660
pd-user_7991952
pd-user_506601
pd-user_8626745
pd-user_1934747
pd-user_8769378
pd-user_5436296
pd-user_2526614
pd-user_9650367
pd-user_6956889
pd-user_8572781
pd-user_3634695
pd-user_8222487
pd-user_8969187
pd-user_9266924
pd-user_498745
pd-user_4059696
pd-user_9506181
pd-user_5278302
pd-user_3098118
pd-user_1829482
pd-user_1855514
pd-user_3238819
pd-user_6851346
pd-user_6291620
pd-user_1842356
pd-user_9916372
pd-user_5217696
pd-user_1898920
pd-user_5605740
pd-user_2809883
pd-user_4012683
pd-user_8702865
pd-user_8703518
pd-user_9944227
pd-user_4174765
pd-user_427707
pd-user_8582878
pd-user_7829468
pd-user_44651
pd-user_6555348
pd-user_5345220
pd-user_3363077
pd-user_9549287
pd-user_1702123
pd-user_5811846
pd-user_6064222
pd-user_2158303
pd-user_1145362
pd-user_9690667
pd-user_420436
pd-user_2397341
pd-user_983917
pd-user_4971409
pd-user_2444901
pd-user_5135656
pd-user_8336422
pd-user_5671801
pd-user_9865207
pd-user_7220720
pd-user_9343389
pd-user_5832917
pd-user_5444111
pd-user_4079455
pd-user_6748190
pd-user_218533
pd-user_4940437
pd-user_4411000
pd-user_6770698
pd-user_7573807
pd-user_7886022
pd-user_5765095
pd-user_5344800
pd-user_2108736
pd-user_9145205
pd-user_4048673
pd-user_465511
pd-user_571878
pd-user_3875744
pd-user_1019465
pd-user_4013039
pd-user_3639352
pd-user_2518435
pd-user_5263831
pd-user_9543121
pd-user_2275972
pd-user_5287682
pd-user_2085184
pd-user_5638201
pd-user_9170178
pd-user_1119141
pd-user_4909749
pd-user_5030092
pd-user_364805
pd-user_6395903
pd-user_3700116
pd-user_1699869
pd-user_9156463
pd-user_4385774
pd-user_8476538
pd-user_9647902
pd-user_4251410
pd-user_4950266
pd-user_1673238
pd-user_3636506
pd-user_8025436
pd-user_3781264
pd-user_6218558
pd-user_6030850
pd-user_6622370
pd-user_8190176
pd-user_7406223
pd-user_1072939
pd-user_6219472
pd-user_6925827
pd-user_6925807
pd-user_6854843
pd-user_7343374
pd-user_8749457
pd-user_6369282
pd-user_1001661
pd-user_1966793
pd-user_7702864
pd-user_9103343
pd-user_5657022
pd-user_802917
pd-user_540709
pd-user_145493
pd-user_7833320
pd-user_7881435
pd-user_877274
pd-user_9273159
pd-user_6547990
pd-user_3816148
pd-user_2214326
pd-user_2108818
pd-user_6756407
pd-user_6812069
pd-user_2054413
pd-user_2903540
pd-user_768591
pd-user_1977682
pd-user_1465858
pd-user_5386330
pd-user_7559944
pd-user_9070897
pd-user_2646263
pd-user_6027132
pd-user_4382460
pd-user_6405243
pd-user_6547989
pd-user_3001478
pd-user_7394939
pd-user_4303970
pd-user_3811189
pd-user_459792
pd-user_7531844
pd-user_6800381
pd-user_4401807
pd-user_2883244
pd-user_9722186
pd-user_207615
pd-user_2228477
pd-user_9099011
pd-user_5982348
pd-user_4021616
pd-user_5253903
pd-user_6270056
pd-user_8323180
pd-user_6494810
pd-user_5802169
pd-user_204473
pd-user_5528974
pd-user_649904
pd-user_2738484
pd-user_7268887
pd-user_9569466
pd-user_3471038
pd-user_1086250
pd-user_926684
pd-user_1179934
pd-user_5101483
pd-user_7926949
pd-user_8672078
pd-user_2853498
pd-user_5640529
pd-user_7818129
pd-user_7894088
pd-user_7085254
pd-user_6607643
pd-user_417030
pd-user_4315732
pd-user_3648767
pd-user_3025915
pd-user_2327940
pd-user_6797254
pd-user_1566818
pd-user_5859463
pd-user_6127478
pd-user_5395181
pd-user_9023898
pd-user_142437
pd-user_7268194
pd-user_2795756
pd-user_286283
pd-user_4616442
pd-user_5725745
pd-user_776721
pd-user_7540698
pd-user_7310889
pd-user_6993116
pd-user_8806209
pd-user_2424269
pd-user_7567287
pd-user_3638835
pd-user_8705649
pd-user_2487669
pd-user_7503913
pd-user_6273957
pd-user_2484304
pd-user_8332712
pd-user_9624774
pd-user_1044419
pd-user_500200
pd-user_8959288
pd-user_4051927
pd-user_7203139
pd-user_9535790
pd-user_506981
pd-user_9705814
pd-user_3207581
pd-user_5885898
pd-user_5015239
pd-user_933585
pd-user_3383014
pd-user_3601459
pd-user_4879932
pd-user_7804970
pd-user_5806314
pd-user_1742140
pd-user_5498540
pd-user_5734917
pd-user_1781652
pd-user_2007917
pd-user_2401376
pd-user_1090473
pd-user_8127354
pd-user_6779303
pd-user_735423
pd-user_8522791
pd-user_3548068
pd-user_7586311
pd-user_7167688
pd-user_3999967
pd-user_6430857
pd-user_2096564
pd-user_5400448
pd-user_2464749
pd-user_7805427
pd-user_3739955
pd-user_199712
pd-user_5033527
pd-user_916165
pd-user_3154155
pd-user_9049025
pd-user_6967476
pd-user_9203336
pd-user_6369600
pd-user_9162464
pd-user_1901505
pd-user_6265566
pd-user_7551981
pd-user_5876168
pd-user_1218163
pd-user_8999613
pd-user_6193821
pd-user_4280771
pd-user_6999831
pd-user_2658961
pd-user_246470
pd-user_9406157
pd-user_3205696
pd-user_6794234
pd-user_5794882
pd-user_6298928
pd-user_3698772
pd-user_9886297
pd-user_3413141
pd-user_2315721
pd-user_4810860
pd-user_8616243
pd-user_9693945
pd-user_3032597
pd-user_4301774
pd-user_9235339
pd-user_2922273
pd-user_902298
pd-user_1622272
pd-user_5595606
pd-user_224285
pd-user_5550310
pd-user_4503071
pd-user_4021820
pd-user_6858759
pd-user_7575875
pd-user_1489192
pd-user_530340
pd-user_4703918
pd-user_1723441
pd-user_6674942
pd-user_7389925
pd-user_6107091
pd-user_5730887
pd-user_1775587
pd-user_6394333
pd-user_5407768
pd-user_4593565
pd-user_3219688
pd-user_9693292
pd-user_3430035
pd-user_2050861
pd-user_9826967
pd-user_8576461
pd-user_3505560
pd-user_3109253
pd-user_3653291
pd-user_700993
pd-user_4727735
pd-user_3150540
pd-user_6403539
pd-user_231329
pd-user_9625986
pd-user_6875298
pd-user_3197640
pd-user_1896670
pd-user_2002710
pd-user_7655248
pd-user_8666204
pd-user_5426389
pd-user_5142257
pd-user_7363231
pd-user_55234
pd-user_3737974
pd-user_3107759
pd-user_9915285
pd-user_1551203
pd-user_1765646
pd-user_8006533
pd-user_4496041
pd-user_4013621
pd-user_6625890
pd-user_9927307
pd-user_5155389
pd-user_1816859
pd-user_4225175
pd-user_3272155
pd-user_2570501
pd-user_2267476
pd-user_9092067
pd-user_9284372
pd-user_3891608
pd-user_296627
pd-user_8198724
pd-user_6387755
pd-user_1787308
pd-user_223184
pd-user_1515170
pd-user_4820534
pd-user_1049221
pd-user_8327911
pd-user_4354636
pd-user_6581781
pd-user_6208208
pd-user_9094513
pd-user_198629
pd-user_9457447
pd-user_138116
pd-user_6804504
pd-user_2332755
pd-user_5359772
pd-user_1425204
pd-user_2286464
pd-user_4163607
pd-user_2635717
pd-user_89789
pd-user_8218028
pd-user_5121525
pd-user_1252420
pd-user_4511881
pd-user_7247156
pd-user_6684221
pd-user_9209661
pd-user_1431543
pd-user_7100697
pd-user_6306765
pd-user_6983751
pd-user_4824942
pd-user_3083852
pd-user_349006
pd-user_5636609
pd-user_883152
pd-user_4318637
pd-user_8579883
pd-user_88326
pd-user_5503799
pd-user_9141277
pd-user_6519043
pd-user_3306208
pd-user_3013094
pd-user_1372906
pd-user_8508471
pd-user_7225939
pd-user_2840489
pd-user_2275181
pd-user_4290017
pd-user_6499851
pd-user_7384307
pd-user_6966086
pd-user_1088660
pd-user_3607878
pd-user_6013372
pd-user_2601436
pd-user_158469
pd-user_8111954
pd-user_1331268
pd-user_4640440
pd-user_3785094
pd-user_7758592
pd-user_3399446
pd-user_4367585
pd-user_5800843
pd-user_5746804
pd-user_7578398
pd-user_6025663
pd-user_1848761
pd-user_8436413
pd-user_9989077
pd-user_9675579
pd-user_3196567
pd-user_8744823
pd-user_9509124
pd-user_1619038
pd-user_5584925
pd-user_1977890
pd-user_9065441
pd-user_8594926
pd-user_4201391
pd-user_9279849
pd-user_2448975
pd-user_3068290
pd-user_9891302
pd-user_2802621
pd-user_2396465
pd-user_2443703
pd-user_3878754
pd-user_1086789
pd-user_8312771
pd-user_2169170
pd-user_4158783
pd-user_6517562
pd-user_2238167
pd-user_2691363
pd-user_3179119
pd-user_1030688
pd-user_9075489
pd-user_3882943
pd-user_3644628
pd-user_7301551
pd-user_6079884
pd-user_6239890
pd-user_5064964
pd-user_6800511
pd-user_7282775
pd-user_8679604
pd-user_850995
pd-user_4116874
pd-user_9828810
pd-user_4568582
pd-user_8516247
pd-user_1449602
pd-user_2604041
pd-user_6625238
pd-user_7428599
pd-user_4417198
pd-user_9144987
pd-user_8185328
pd-user_2554030
pd-user_8473723
pd-user_2419284
pd-user_9766049
pd-user_6873209
pd-user_1963780
pd-user_7578922
pd-user_4010977
pd-user_9980452
pd-user_9708294
pd-user_3166418
pd-user_3291492
pd-user_6708192
pd-user_2877313
pd-user_9936839
pd-user_6716299
pd-user_4771632
pd-user_4122402
pd-user_9447361
pd-user_6375211
pd-user_7447538
pd-user_4291929
pd-user_493484
pd-user_9993811
pd-user_7698062
pd-user_6139009
pd-user_6340142
pd-user_153548
pd-user_9111086
pd-user_7962200
pd-user_6315610
pd-user_6681323
pd-user_6455582
pd-user_2603740
pd-user_7865522
pd-user_9410175
pd-user_2262807
pd-user_4500508
pd-user_2679889
pd-user_9933534
pd-user_7448197
pd-user_9193978
pd-user_4131486
pd-user_4754212
pd-user_8464497
pd-user_4001213
pd-user_9768574
pd-user_8477041
pd-user_1936197
pd-user_1695326
pd-user_6106755
pd-user_5047804
pd-user_6910676
pd-user_4100488
pd-user_6079622
pd-user_8997126
pd-user_6000138
pd-user_8195127
pd-user_2108080
pd-user_387256
pd-user_4444949
pd-user_8154838
pd-user_1189951
pd-user_8657654
pd-user_1411233
pd-user_7293798
pd-user_1345310
pd-user_3609336
pd-user_1240457
pd-user_1644267
pd-user_2374481
pd-user_4757454
pd-user_5213300
pd-user_3425369
pd-user_4325906
pd-user_8219093
pd-user_7128679
pd-user_3921903
pd-user_2214776
pd-user_8739887
pd-user_559685
pd-user_5788502
pd-user_5526927
pd-user_2525095
pd-user_9494379
pd-user_3456561
pd-user_7574940
pd-user_6975692
pd-user_4471183
pd-user_7314523
pd-user_9429424
pd-user_8629026
pd-user_7528611
pd-user_7384559
pd-user_8227200
pd-user_219183
pd-user_7116365
pd-user_8105721
pd-user_7521496
pd-user_7740257
pd-user_4773683
pd-user_2762533
pd-user_6619868
pd-user_8696092
pd-user_4051692
pd-user_2951475
pd-user_330339
pd-user_8305161
pd-user_103243
pd-user_4092050
pd-user_5469703
pd-user_454397
pd-user_7299028
pd-user_3335069
pd-user_1135787
pd-user_5861598
pd-user_6379879
pd-user_5015317
pd-user_5734856
pd-user_5757907
pd-user_6790403
pd-user_2039723
pd-user_333635
pd-user_1162678
pd-user_8214102
pd-user_5069872
pd-user_9104333
pd-user_9975504
pd-user_3173456
pd-user_6536311
pd-user_8809533
pd-user_2461449
pd-user_2948721
pd-user_9481861
pd-user_6125456
pd-user_1175865
pd-user_4205271
pd-user_1794716
pd-user_1543532
pd-user_2486471
pd-user_9276343
pd-user_5344040
pd-user_5709001
pd-user_6367474
pd-user_6128363
pd-user_4346049
pd-user_8892378
pd-user_2957246
pd-user_6391402
pd-user_561927
pd-user_4213006
pd-user_2740108
pd-user_2532667
pd-user_4577775
pd-user_117656
pd-user_5215671
pd-user_2284052
pd-user_5538184
pd-user_2480787
pd-user_6728434
pd-user_8432638
pd-user_7483521
pd-user_3283008
pd-user_4641230
pd-user_5872689
pd-user_7170866
pd-user_2450337
pd-user_7266343
pd-user_1827329
pd-user_9349260
pd-user_4248187
pd-user_1397190
pd-user_5442121
pd-user_9364398
pd-user_1382625
pd-user_9607840
pd-user_8260300
pd-user_5294703
pd-user_9975972
pd-user_5623417
pd-user_8296148
pd-user_4136566
pd-user_3354357
pd-user_4782544
pd-user_9037967
pd-user_4693764
pd-user_6881228
pd-user_9864235
pd-user_6513666
pd-user_2297794
pd-user_8484392
pd-user_4421161
pd-user_8021178
pd-user_2594188
pd-user_5250807
pd-user_6270542
pd-user_6280672
pd-user_5097916
pd-user_9452100
pd-user_2498318
pd-user_756113
pd-user_4283198
pd-user_1396715
pd-user_4041697
pd-user_9968616
pd-user_876958
pd-user_8927804
pd-user_1020198
pd-user_6367716
pd-user_1825097
pd-user_3240752
pd-user_5847293
pd-user_2303486
pd-user_6643272
pd-user_5486344
pd-user_708967
pd-user_3511324
pd-user_9861487
pd-user_5161904
pd-user_4264166
pd-user_3421051
pd-user_6221414
pd-user_9535446
pd-user_2779873
pd-user_2621298
pd-user_1550510
pd-user_6224828
pd-user_4885292
pd-user_6271373
pd-user_6543728
pd-user_8952582
pd-user_1925567
pd-user_7298885
pd-user_9308159
pd-user_5388916
pd-user_7640186
pd-user_2001284
pd-user_6600475
pd-user_1605036
pd-user_8222246
pd-user_7708159
pd-user_3340348
pd-user_7871383
pd-user_5091236
pd-user_7886319
pd-user_6221135
pd-user_3762264
pd-user_6546828
pd-user_276706
pd-user_6728949
pd-user_2470110
pd-user_5143122
pd-user_2486081
pd-user_4938204
pd-user_1955267
pd-user_9681546
pd-user_214042
pd-user_3981685
pd-user_2565919
pd-user_307703
pd-user_6384821
pd-user_3249386
pd-user_5816142
pd-user_1489899
pd-user_3063339
pd-user_1187023
pd-user_6440140
pd-user_7144519
pd-user_5388704
pd-user_135919
pd-user_8781434
pd-user_4684631
pd-user_9944770
pd-user_9529171
pd-user_6662512
pd-user_6330875
pd-user_4394390
pd-user_7172749
pd-user_2137106
pd-user_3451808
pd-user_2667777
pd-user_5298512
pd-user_2085257
pd-user_5015800
pd-user_7674091
pd-user_692360
pd-user_9860058
pd-user_2900468
pd-user_1324365
pd-user_4660100
pd-user_3908879
pd-user_5290479
pd-user_8301340
pd-user_4388293
pd-user_4915391
pd-user_7416704
pd-user_7335310
pd-user_5877104
pd-user_9706500
pd-user_567307
pd-user_6695100
pd-user_6459687
pd-user_4124645
pd-user_8812986
pd-user_1464185
pd-user_5534053
pd-user_3544686
pd-user_3149917
pd-user_1914180
pd-user_5109132
pd-user_6435742
pd-user_1332420
pd-user_4363079
pd-user_5067272
pd-user_4932145
pd-user_8543444
pd-user_1544803
pd-user_4669808
pd-user_6010408
pd-user_202493
pd-user_7171730
pd-user_1893741
pd-user_1829983
pd-user_9101364
pd-user_4006413
pd-user_6686795
pd-user_1676860
pd-user_3090705
pd-user_7927953
pd-user_6561278
pd-user_9635661
pd-user_8627682
pd-user_545875
pd-user_5900280
pd-user_4616836
pd-user_4574646
pd-user_761405
pd-user_5690797
pd-user_7640869
pd-user_2059487
pd-user_5385331
pd-user_5858191
pd-user_9838116
pd-user_636223
pd-user_1819719
pd-user_600148
pd-user_6086681
pd-user_1586482
pd-user_4187131
pd-user_4661424
pd-user_1236143
pd-user_6731058
pd-user_8765577
pd-user_4116580
pd-user_4002064
pd-user_90535
pd-user_20590
pd-user_5904023
pd-user_880698
pd-user_7676717
pd-user_9210054
pd-user_2468979
pd-user_6757621
pd-user_170924
pd-user_6659149
pd-user_80908
pd-user_1514098
pd-user_8247104
pd-user_2406997
pd-user_5356406
pd-user_4393168
pd-user_2173402
pd-user_5877855
pd-user_4080960
pd-user_18077
pd-user_639564
pd-user_1344173
pd-user_1747470
pd-user_7583535
pd-user_1160872
pd-user_160198
pd-user_5108344
pd-user_4923441
pd-user_5043809
pd-user_9265539
pd-user_2092934
pd-user_9851156
pd-user_9043592
pd-user_9590692
pd-user_250689
pd-user_3941570
pd-user_6280615
pd-user_14091
pd-user_5477936
pd-user_1844928
pd-user_4254083
pd-user_7954177
pd-user_4518222
pd-user_7515738
pd-user_7430320
pd-user_4379495
pd-user_7759949
pd-user_248118
pd-user_5571732
pd-user_2050927
pd-user_997869
pd-user_1439381
pd-user_880899
pd-user_142021
pd-user_2542608
pd-user_9530503
pd-user_9875145
pd-user_3473810
pd-user_3333710
pd-user_6206390
pd-user_2563067
pd-user_7190146
pd-user_8894746
pd-user_4122566
pd-user_2596066
pd-user_8304538
pd-user_7977237
pd-user_503575
pd-user_2244585
pd-user_8822153
pd-user_6939327
pd-user_1409661
pd-user_6291583
pd-user_5215845
pd-user_2158417
pd-user_1347078
pd-user_5734495
pd-user_897061
pd-user_6172982
[2026-07-07 08:34:11,147] main-instance/INFO/locust.runners: Got quit message from master, shutting down...
test stop
[2026-07-07 08:34:11,179] main-instance/INFO/locust.main: Shutting down (exit code 0)
