[2026-06-28 07:41:15,129] main-instance/INFO/locust.main: Starting Locust 2.44.4
producer start
127.0.0.1:19092, ad-stream-topic
producer creating
created
pd-user_1769128
pd-user_7554314
pd-user_2825873
pd-user_1079877
pd-user_4292396
pd-user_6540818
pd-user_5662898
pd-user_568676
pd-user_6672730
pd-user_2796134
pd-user_2197569
pd-user_6896299
pd-user_2191822
pd-user_57280
pd-user_2284878
pd-user_9586105
pd-user_693268
pd-user_2193597
pd-user_1377172
pd-user_3262476
pd-user_2089055
pd-user_5633544
pd-user_6421820
pd-user_5538092
pd-user_7212699
pd-user_8489624
pd-user_2887075
pd-user_7440012
pd-user_3984288
pd-user_4448348
pd-user_9815017
pd-user_1043416
pd-user_1370631
pd-user_7108164
pd-user_3803860
pd-user_8440847
pd-user_2351985
pd-user_6674294
pd-user_8410205
pd-user_9498217
pd-user_7169688
pd-user_3518549
pd-user_2398414
pd-user_9128196
pd-user_7711401
pd-user_1743860
pd-user_5857596
pd-user_6853017
pd-user_6829885
pd-user_53355
pd-user_642926
pd-user_5325848
pd-user_8706489
pd-user_1643913
pd-user_4439692
pd-user_6247995
pd-user_8534211
pd-user_2906934
pd-user_6470262
pd-user_1268950
pd-user_6410933
pd-user_685772
pd-user_4509635
pd-user_1597577
pd-user_4781815
pd-user_1982227
pd-user_7503907
pd-user_6845469
pd-user_4674138
pd-user_3628766
pd-user_9605327
pd-user_813508
pd-user_3994247
pd-user_5207786
pd-user_5659418
pd-user_8761614
pd-user_5647015
pd-user_9687929
pd-user_6765888
pd-user_5269423
pd-user_1651556
pd-user_1259672
pd-user_9199402
pd-user_1815178
pd-user_4795568
pd-user_131149
pd-user_9776139
pd-user_96812
pd-user_3357809
pd-user_5376480
pd-user_4866585
pd-user_7559610
pd-user_5076366
pd-user_8742310
pd-user_4136960
pd-user_5331098
pd-user_1953907
pd-user_1242590
pd-user_925982
pd-user_1731535
pd-user_7729739
pd-user_802074
pd-user_5336278
pd-user_2543150
pd-user_2258167
pd-user_6127085
pd-user_3977623
pd-user_9566913
pd-user_6217214
pd-user_9513428
pd-user_9110189
pd-user_6312887
pd-user_2153792
pd-user_9803105
pd-user_7518371
pd-user_350511
pd-user_4356483
pd-user_5477814
pd-user_1000406
pd-user_4524988
pd-user_6305114
pd-user_3753948
pd-user_1867136
pd-user_3494383
pd-user_6526982
pd-user_7886640
pd-user_3569249
pd-user_9136307
pd-user_7075744
pd-user_6346016
pd-user_950596
pd-user_7583945
pd-user_2995744
pd-user_8156427
pd-user_797933
pd-user_9327095
pd-user_3083719
pd-user_9923411
pd-user_9104225
pd-user_1655856
pd-user_8196609
pd-user_4105828
pd-user_5426375
pd-user_1809099
pd-user_9815136
pd-user_7924208
pd-user_4592548
pd-user_7527177
pd-user_5589279
pd-user_2402554
pd-user_5423561
pd-user_3226444
pd-user_7467331
pd-user_4084026
pd-user_4609048
pd-user_1110837
pd-user_7799216
pd-user_4567350
pd-user_3557661
pd-user_8408274
pd-user_5147875
pd-user_5394456
pd-user_3013624
pd-user_3435196
pd-user_3813493
pd-user_2181702
pd-user_1797766
pd-user_6039249
pd-user_5217222
pd-user_5671071
pd-user_3493535
pd-user_7432794
pd-user_6277586
pd-user_6409155
pd-user_3063110
pd-user_9418248
pd-user_4744150
pd-user_4219757
pd-user_8157895
pd-user_2707224
pd-user_9157034
pd-user_4841538
pd-user_5592015
pd-user_9493141
pd-user_6208809
pd-user_198703
pd-user_2341915
pd-user_4015017
pd-user_4671193
pd-user_5482292
pd-user_1194915
pd-user_9796556
pd-user_9092180
pd-user_1877469
pd-user_3191960
pd-user_883993
pd-user_6062409
pd-user_6233122
pd-user_1169182
pd-user_6184941
pd-user_2763365
pd-user_7603050
pd-user_8920342
pd-user_4451312
pd-user_4845145
pd-user_1778181
pd-user_9074655
pd-user_6536476
pd-user_83570
pd-user_7648819
pd-user_8042541
pd-user_8281370
pd-user_6055545
pd-user_3977920
pd-user_8448120
pd-user_8540491
pd-user_766974
pd-user_3308345
pd-user_4977944
pd-user_6603246
pd-user_1977797
pd-user_814341
pd-user_3091700
pd-user_1331276
pd-user_1055976
pd-user_5055854
pd-user_1724564
pd-user_4555350
pd-user_3177153
pd-user_7867363
pd-user_5812616
pd-user_5011023
pd-user_5400755
pd-user_4130951
pd-user_9708596
pd-user_4332618
pd-user_8917028
pd-user_8787566
pd-user_2819025
pd-user_9291075
pd-user_3580898
pd-user_5927448
pd-user_3933428
pd-user_9330836
pd-user_2646063
pd-user_8991947
pd-user_7808966
pd-user_628523
pd-user_2297780
pd-user_6599068
pd-user_7810335
pd-user_3406693
pd-user_5093195
pd-user_8256343
pd-user_2224121
pd-user_9067258
pd-user_2836516
pd-user_5052442
pd-user_8643666
pd-user_3333420
pd-user_9626481
pd-user_4883981
pd-user_6228593
pd-user_3158728
pd-user_9202525
pd-user_4414046
pd-user_5887034
pd-user_1528808
pd-user_4600635
pd-user_7264971
pd-user_1684926
pd-user_6804393
pd-user_3460848
pd-user_6820977
pd-user_8772061
pd-user_7177833
pd-user_4335228
pd-user_1911959
pd-user_11483
pd-user_118364
pd-user_4949888
pd-user_4184379
pd-user_7878806
pd-user_1651123
pd-user_7767296
pd-user_3248864
pd-user_235206
pd-user_3369103
pd-user_5801181
pd-user_131841
pd-user_8489358
pd-user_9240282
pd-user_1046589
pd-user_3685115
pd-user_4936749
pd-user_7012970
pd-user_5116168
pd-user_4160675
pd-user_6843410
pd-user_1534962
pd-user_4435387
pd-user_7235459
pd-user_3905508
pd-user_3637053
pd-user_7933891
pd-user_5765307
pd-user_5952412
pd-user_4337333
pd-user_4559917
pd-user_7803236
pd-user_8058195
pd-user_7768223
pd-user_7599667
pd-user_3484186
pd-user_8873802
pd-user_5381173
pd-user_9689327
pd-user_5322355
pd-user_1814193
pd-user_5093194
pd-user_7412702
pd-user_9377028
pd-user_5379911
pd-user_2923422
pd-user_4811640
pd-user_4582729
pd-user_906173
pd-user_309593
pd-user_2904727
pd-user_1864242
pd-user_4701890
pd-user_315843
pd-user_9394733
pd-user_4999120
pd-user_8804799
pd-user_9487369
pd-user_7054272
pd-user_8611939
pd-user_8042013
pd-user_1307200
pd-user_199736
pd-user_810891
pd-user_1192432
pd-user_9626750
pd-user_6612740
pd-user_3682204
pd-user_9148511
pd-user_5812615
pd-user_1422699
pd-user_94194
pd-user_3745964
pd-user_6646663
pd-user_8778410
pd-user_3331483
pd-user_1026261
pd-user_2705154
pd-user_9905903
pd-user_1928462
pd-user_6410733
pd-user_8415319
pd-user_734448
pd-user_2677676
pd-user_8716036
pd-user_4215390
pd-user_3195699
pd-user_197657
pd-user_7647897
pd-user_1067318
pd-user_3223416
pd-user_3058067
pd-user_5869751
pd-user_1734737
pd-user_3688974
pd-user_2150698
pd-user_5426335
pd-user_4879375
pd-user_2125586
pd-user_9057840
pd-user_5692905
pd-user_3062233
pd-user_9278498
pd-user_8981014
pd-user_147635
pd-user_1682135
pd-user_9593398
pd-user_6707428
pd-user_5676420
pd-user_5658675
pd-user_1901639
pd-user_7361229
pd-user_863155
pd-user_4081924
pd-user_1737542
pd-user_4401315
pd-user_1772081
pd-user_3729027
pd-user_7893115
pd-user_9889178
pd-user_6030548
pd-user_7519478
pd-user_7306512
pd-user_2723522
pd-user_2784714
pd-user_6374681
pd-user_4608896
pd-user_2517088
pd-user_8417017
pd-user_3076108
pd-user_4100367
pd-user_6807156
pd-user_9582691
pd-user_1140509
pd-user_633254
pd-user_2743982
pd-user_2317551
pd-user_5169831
pd-user_3180440
pd-user_8174136
pd-user_196747
pd-user_3318681
pd-user_6254740
pd-user_5897321
pd-user_5305398
pd-user_9203552
pd-user_5372939
pd-user_6410105
pd-user_1697838
pd-user_7692690
pd-user_9407734
pd-user_9927991
pd-user_6763757
pd-user_8413588
pd-user_3707565
pd-user_6410783
pd-user_1246497
pd-user_7553041
pd-user_1325787
pd-user_2333002
pd-user_1286904
pd-user_385218
pd-user_5986686
pd-user_4938053
pd-user_8771776
pd-user_6953827
pd-user_5493301
pd-user_7744274
pd-user_5519405
pd-user_2062314
pd-user_6699754
pd-user_7532702
pd-user_789445
pd-user_8918506
pd-user_6403194
pd-user_1871558
pd-user_9499805
pd-user_2817741
pd-user_7883046
pd-user_7242320
pd-user_2483319
pd-user_4379046
pd-user_469175
pd-user_4711260
pd-user_8303135
pd-user_8508429
pd-user_8209926
pd-user_8310624
pd-user_1520432
pd-user_2290558
pd-user_8841948
pd-user_2753063
pd-user_1866438
pd-user_5127669
pd-user_2948385
pd-user_2611618
pd-user_4401457
pd-user_7718470
pd-user_1460305
pd-user_6779104
pd-user_9920826
pd-user_5517436
pd-user_6891785
pd-user_1729383
pd-user_7533958
pd-user_8511470
pd-user_8230067
pd-user_6184417
pd-user_7166071
pd-user_856632
pd-user_912339
pd-user_2597632
pd-user_4878613
pd-user_3119793
pd-user_5716180
pd-user_5001409
pd-user_3580838
pd-user_920970
pd-user_8730306
pd-user_6563501
pd-user_7225073
pd-user_9268899
pd-user_6952804
pd-user_1938326
pd-user_9280494
pd-user_1824208
pd-user_4904451
pd-user_3003725
pd-user_1482213
pd-user_4984804
pd-user_5629526
pd-user_5046304
pd-user_3900587
pd-user_8623261
pd-user_1847642
pd-user_1274450
pd-user_3303577
pd-user_1890858
pd-user_3439012
pd-user_9568250
pd-user_2617382
pd-user_9182205
pd-user_7045599
pd-user_4274905
pd-user_7670238
pd-user_488361
pd-user_7892865
pd-user_8099304
pd-user_3699025
pd-user_9631734
pd-user_1884441
pd-user_1409298
pd-user_5813283
pd-user_207813
pd-user_5611940
pd-user_1488684
pd-user_8916831
pd-user_3193511
pd-user_8249085
pd-user_6024294
pd-user_8886856
pd-user_1410728
pd-user_4290738
pd-user_4377885
pd-user_6612334
pd-user_4577437
pd-user_4924055
pd-user_9846688
pd-user_1089543
pd-user_871300
pd-user_7361865
pd-user_6835965
pd-user_1994961
pd-user_2669528
pd-user_3455297
pd-user_3891802
pd-user_3355790
pd-user_2428617
pd-user_7634950
pd-user_7444823
pd-user_6626944
pd-user_256365
pd-user_5023720
pd-user_4819217
pd-user_1959128
pd-user_5254303
pd-user_6072520
pd-user_5177899
pd-user_4212474
pd-user_9603073
pd-user_6774173
pd-user_9340038
pd-user_7616660
pd-user_5703251
pd-user_7351216
pd-user_2797957
pd-user_7164004
pd-user_8931580
pd-user_9038373
pd-user_6607872
pd-user_2531448
pd-user_2642305
pd-user_8931321
pd-user_9942840
pd-user_8380360
pd-user_8389760
pd-user_1544158
pd-user_8264806
pd-user_502092
pd-user_1966601
pd-user_8779316
pd-user_2121030
pd-user_4985134
pd-user_21022
pd-user_354196
pd-user_4170098
pd-user_2252972
pd-user_798992
pd-user_9069717
pd-user_857669
pd-user_7691733
pd-user_2826851
pd-user_110745
pd-user_3981283
pd-user_1072672
pd-user_4672904
pd-user_2826846
pd-user_620091
pd-user_5282649
pd-user_5305084
pd-user_7087902
pd-user_1615820
pd-user_9766534
pd-user_3446288
pd-user_6448711
pd-user_8508454
pd-user_1964215
pd-user_8359967
pd-user_6700954
pd-user_9104384
pd-user_7346545
pd-user_4771553
pd-user_1806413
pd-user_2681441
pd-user_2808584
pd-user_4516441
pd-user_9296745
pd-user_9399979
pd-user_4295268
pd-user_8827428
pd-user_9242534
pd-user_4344542
pd-user_9425713
pd-user_2509683
pd-user_1290218
pd-user_8713985
pd-user_7376029
pd-user_6404047
pd-user_9579513
pd-user_1749970
pd-user_6091087
pd-user_4806110
pd-user_9772764
pd-user_834924
pd-user_3051776
pd-user_7358668
pd-user_1911224
pd-user_1891821
pd-user_669296
pd-user_4204030
pd-user_6080358
pd-user_5740745
pd-user_3839588
pd-user_4039201
pd-user_372920
pd-user_20931
pd-user_7674534
pd-user_4696500
pd-user_8916362
pd-user_7951986
pd-user_4529053
pd-user_395915
pd-user_9928697
pd-user_4517428
pd-user_607684
pd-user_8985261
pd-user_3189177
pd-user_409295
pd-user_638147
pd-user_3502329
pd-user_9685301
pd-user_6353898
pd-user_9560299
pd-user_7828093
pd-user_6609439
pd-user_4208174
pd-user_641701
pd-user_1541439
pd-user_8818985
pd-user_879094
pd-user_9589700
pd-user_9764240
pd-user_8070604
pd-user_243419
pd-user_859248
pd-user_4086144
pd-user_5176889
pd-user_4583943
pd-user_4452328
pd-user_6865734
pd-user_1888363
pd-user_8904212
pd-user_4117178
pd-user_5120601
pd-user_7790918
pd-user_2868567
pd-user_562271
pd-user_4612424
pd-user_3069006
pd-user_5571166
pd-user_1204370
pd-user_7679206
pd-user_746166
pd-user_2267582
pd-user_6104358
pd-user_1162706
pd-user_3480212
pd-user_9264938
pd-user_1485104
pd-user_9719987
pd-user_6946351
pd-user_4589378
pd-user_9899615
pd-user_1537519
pd-user_5519814
pd-user_7360333
pd-user_3900089
pd-user_6468880
pd-user_7832767
pd-user_8556291
pd-user_5458311
pd-user_5781771
pd-user_6024768
pd-user_203816
pd-user_7472784
pd-user_3729454
pd-user_1280746
pd-user_254526
pd-user_9866438
pd-user_3353853
pd-user_5738071
pd-user_1517395
pd-user_84406
pd-user_1629661
pd-user_3731839
pd-user_5973898
pd-user_1178714
pd-user_5903528
pd-user_8893322
pd-user_1467988
pd-user_8723806
pd-user_5936094
pd-user_6489914
pd-user_1833695
pd-user_4777225
pd-user_9141087
pd-user_3895879
pd-user_4480546
pd-user_4157732
pd-user_6339817
pd-user_2198725
pd-user_6756522
pd-user_7858917
pd-user_9097942
pd-user_3534375
pd-user_3721362
pd-user_3026681
pd-user_616762
pd-user_9872456
pd-user_8493629
pd-user_7914907
pd-user_337382
pd-user_5861336
pd-user_5736345
pd-user_5840416
pd-user_5658858
pd-user_3786195
pd-user_8634428
pd-user_4896432
pd-user_7075816
pd-user_3852937
pd-user_4771176
pd-user_2613151
pd-user_203363
pd-user_5669169
pd-user_2079134
pd-user_7741230
pd-user_9870265
pd-user_725014
pd-user_2538710
pd-user_532190
pd-user_4053393
pd-user_1649105
pd-user_6885859
pd-user_5502558
pd-user_3477039
pd-user_7986672
pd-user_118587
pd-user_1822749
pd-user_475649
pd-user_6010433
pd-user_7988260
pd-user_6400207
pd-user_4183822
pd-user_7580770
pd-user_4360526
pd-user_4599318
pd-user_8283660
pd-user_3450400
pd-user_2863593
pd-user_3338042
pd-user_9644128
pd-user_546442
pd-user_6279577
pd-user_1552219
pd-user_7094127
pd-user_7506347
pd-user_7824463
pd-user_6987360
pd-user_2307189
pd-user_6647074
pd-user_5211644
pd-user_3498008
pd-user_7663150
pd-user_9432674
pd-user_3431400
pd-user_1107634
pd-user_3203392
pd-user_908895
pd-user_4102478
pd-user_8589349
pd-user_8199056
pd-user_9955474
pd-user_242727
pd-user_7996026
pd-user_5988831
pd-user_2189356
pd-user_3900062
pd-user_6987597
pd-user_7674901
pd-user_1529365
pd-user_6446673
pd-user_9192181
pd-user_9432411
pd-user_1393832
pd-user_1651952
pd-user_7087198
pd-user_8550210
pd-user_8770834
pd-user_7282494
pd-user_9323359
pd-user_9100063
pd-user_6896547
pd-user_9792405
pd-user_885554
pd-user_4142474
pd-user_9053529
pd-user_7138226
pd-user_3058842
pd-user_3057884
pd-user_5568686
pd-user_2651049
pd-user_4263138
pd-user_5688566
pd-user_3811953
pd-user_5266706
pd-user_1466589
pd-user_4007461
pd-user_7319602
pd-user_9716392
pd-user_4439630
pd-user_6331628
pd-user_5343755
pd-user_5204344
pd-user_4980148
pd-user_2890034
pd-user_5248519
pd-user_5262720
pd-user_1604790
pd-user_9174736
pd-user_1970943
pd-user_4663797
pd-user_5737419
pd-user_7635376
pd-user_2076227
pd-user_23123
pd-user_1721299
pd-user_5872840
pd-user_9649884
pd-user_2849182
pd-user_1691250
pd-user_2322877
pd-user_8827823
pd-user_369419
pd-user_7568410
pd-user_9582377
pd-user_2831438
pd-user_7654432
pd-user_9556863
pd-user_8011528
pd-user_5946023
pd-user_3633132
pd-user_83879
pd-user_9775458
pd-user_6685457
pd-user_5344194
pd-user_4436721
pd-user_4963815
pd-user_4143302
pd-user_6524641
pd-user_1783517
pd-user_5730723
pd-user_4425880
pd-user_7280286
pd-user_1165108
pd-user_2781518
pd-user_9312028
pd-user_1617079
pd-user_8681250
pd-user_8762084
pd-user_2464855
pd-user_8839645
pd-user_9577714
pd-user_924737
pd-user_3280425
pd-user_2913543
pd-user_7071632
pd-user_8600120
pd-user_3338557
pd-user_7150114
pd-user_9529386
pd-user_1908355
pd-user_5524645
pd-user_9582716
pd-user_697004
pd-user_8714944
pd-user_8399201
pd-user_9070949
pd-user_9481058
pd-user_7135642
pd-user_1373025
pd-user_9509183
pd-user_4066703
pd-user_7576832
pd-user_3796811
pd-user_5786644
pd-user_7393831
pd-user_5368713
pd-user_6142598
pd-user_2948386
pd-user_613862
pd-user_2493905
pd-user_9078165
pd-user_5743353
pd-user_2852464
pd-user_238910
pd-user_4004384
pd-user_9692072
pd-user_695327
pd-user_7862990
pd-user_702324
pd-user_9754417
pd-user_4885088
pd-user_8583780
pd-user_284752
pd-user_1415282
pd-user_6720429
pd-user_2407335
pd-user_1335870
pd-user_9822262
pd-user_1592576
pd-user_5661112
pd-user_2460401
pd-user_7434340
pd-user_8084482
pd-user_4142106
pd-user_505866
pd-user_2228018
pd-user_3684030
pd-user_9376523
pd-user_4291005
pd-user_1826747
pd-user_9141305
pd-user_7452959
pd-user_5427483
pd-user_9219853
pd-user_4347175
pd-user_3351697
pd-user_2692745
pd-user_6340457
pd-user_8513402
pd-user_5476623
pd-user_7989945
pd-user_3330906
pd-user_2581539
pd-user_3862183
pd-user_5890256
pd-user_6470279
pd-user_4673890
pd-user_8019881
pd-user_826943
pd-user_3657063
pd-user_437619
pd-user_1489556
pd-user_8563132
pd-user_4177614
pd-user_3708847
pd-user_4549060
pd-user_7202552
pd-user_9388122
pd-user_2354706
pd-user_8937286
pd-user_4255943
pd-user_9869154
pd-user_3190492
pd-user_7425437
pd-user_4337973
pd-user_5309696
pd-user_2394917
pd-user_2707582
pd-user_9130981
pd-user_3662809
pd-user_85329
pd-user_6817330
pd-user_6770683
pd-user_1433065
pd-user_7019291
pd-user_3153872
pd-user_6992630
pd-user_89767
pd-user_3266477
pd-user_3785215
pd-user_1883634
pd-user_6053908
pd-user_1428911
pd-user_8978449
pd-user_8669978
pd-user_3001436
pd-user_2086583
pd-user_157631
pd-user_1666214
pd-user_6681855
pd-user_8951780
pd-user_8692140
pd-user_7453419
pd-user_4635332
pd-user_6993932
pd-user_5060219
pd-user_5318103
pd-user_2697410
pd-user_7531117
pd-user_1705452
pd-user_3609051
pd-user_2093053
pd-user_3945122
pd-user_7702024
pd-user_2280136
pd-user_6979878
pd-user_1184935
pd-user_4019417
pd-user_5006320
pd-user_8486940
pd-user_1938525
pd-user_3418279
pd-user_954908
pd-user_5799524
pd-user_1674734
pd-user_5329424
pd-user_3479063
pd-user_2089651
pd-user_7290405
pd-user_8948201
pd-user_4413188
pd-user_3326435
pd-user_6765888
pd-user_2596662
pd-user_2784235
pd-user_142546
pd-user_9301164
pd-user_8214395
pd-user_9038676
pd-user_6040442
pd-user_9541048
pd-user_996770
pd-user_6382292
pd-user_5370829
pd-user_4420198
pd-user_7578758
pd-user_7219401
pd-user_6011085
pd-user_2960059
pd-user_5505396
pd-user_1576255
pd-user_7778183
pd-user_4110899
pd-user_5949122
pd-user_5431963
pd-user_6714324
pd-user_5165979
pd-user_5689578
pd-user_1045841
pd-user_9798246
pd-user_9314132
pd-user_3535868
pd-user_8671915
pd-user_3119917
pd-user_3152193
pd-user_6215364
pd-user_1714302
pd-user_8844789
pd-user_9770332
pd-user_9825588
pd-user_9126735
pd-user_7709624
pd-user_4251058
pd-user_6535973
pd-user_3171582
pd-user_4756558
pd-user_3236140
pd-user_7544496
pd-user_4986027
pd-user_235673
pd-user_6579739
pd-user_8724377
pd-user_9214772
pd-user_2494740
pd-user_9711612
pd-user_6608988
pd-user_319230
pd-user_8141435
pd-user_4709737
pd-user_6946502
pd-user_1524611
pd-user_7923741
pd-user_483967
pd-user_4243376
pd-user_8758208
pd-user_6481992
pd-user_3303228
pd-user_5074305
pd-user_3104409
pd-user_5195663
pd-user_3920864
pd-user_9787568
pd-user_5625364
pd-user_5475437
pd-user_9625707
pd-user_9153584
pd-user_9822264
pd-user_4336214
pd-user_36263
pd-user_5348836
pd-user_6032566
pd-user_5874434
pd-user_2933093
pd-user_6735677
pd-user_12499
pd-user_4773706
pd-user_8442194
pd-user_2456744
pd-user_1690658
pd-user_2721229
pd-user_9739386
pd-user_4963718
pd-user_5668628
pd-user_5707116
pd-user_5589257
pd-user_1880118
pd-user_6144853
pd-user_9658337
pd-user_7106788
pd-user_4238638
pd-user_8365132
pd-user_3719097
pd-user_186662
pd-user_1408548
pd-user_2270938
pd-user_4385830
pd-user_9600789
pd-user_4262229
pd-user_5136843
pd-user_6797793
pd-user_61789
pd-user_182061
pd-user_1931177
pd-user_2089829
pd-user_9248301
pd-user_3121381
pd-user_8005342
pd-user_3107404
pd-user_8331092
pd-user_3836703
pd-user_5887884
pd-user_4750076
pd-user_3349699
pd-user_7567967
pd-user_2438657
pd-user_5905216
pd-user_8241349
pd-user_5772081
pd-user_1058392
pd-user_4474228
pd-user_6546072
pd-user_71021
pd-user_7236404
pd-user_673856
pd-user_3133859
pd-user_365686
pd-user_8370846
pd-user_8804871
pd-user_7793573
pd-user_5689003
pd-user_3233558
pd-user_3506395
pd-user_4229892
pd-user_7584300
pd-user_9196358
pd-user_4309050
pd-user_9623707
pd-user_8015059
pd-user_9259141
pd-user_8913400
pd-user_3255994
pd-user_3673279
pd-user_5895128
pd-user_2795166
pd-user_1756641
pd-user_9588574
pd-user_3789206
pd-user_4648762
pd-user_4250555
pd-user_6878264
pd-user_459969
pd-user_1125371
pd-user_8809370
pd-user_8983978
pd-user_5562335
pd-user_55076
pd-user_3982246
pd-user_3792761
pd-user_9023791
pd-user_2314943
pd-user_2445237
pd-user_9297407
pd-user_353147
pd-user_5160269
pd-user_3826579
pd-user_9406450
pd-user_7107798
pd-user_5725706
pd-user_7902492
pd-user_7246526
pd-user_2459520
pd-user_5623796
pd-user_6257482
pd-user_3789938
pd-user_1717570
pd-user_7982088
pd-user_8831000
pd-user_8670030
pd-user_4045074
pd-user_5352775
pd-user_5701403
pd-user_7039446
pd-user_1746583
pd-user_8705812
pd-user_9495000
pd-user_4266107
pd-user_4476711
pd-user_9220123
pd-user_7711825
pd-user_2690784
pd-user_5635120
pd-user_180727
pd-user_6411137
pd-user_3637251
pd-user_5106455
pd-user_5053511
pd-user_9776636
pd-user_7377945
pd-user_5337853
pd-user_7360013
pd-user_1589090
pd-user_3625436
pd-user_1108638
pd-user_1499225
pd-user_8265241
pd-user_7205713
pd-user_7209956
pd-user_1549565
pd-user_7879792
pd-user_9128942
pd-user_1734729
pd-user_3371717
pd-user_7980123
pd-user_423046
pd-user_586193
pd-user_4854508
pd-user_3573509
pd-user_3223430
pd-user_5662961
pd-user_7026418
pd-user_1674088
pd-user_9165457
pd-user_2170805
pd-user_3318942
pd-user_6403796
pd-user_6236825
pd-user_6258704
pd-user_8909072
pd-user_5086995
pd-user_1681250
pd-user_7723881
pd-user_7280667
pd-user_9110055
pd-user_2801874
pd-user_8307686
pd-user_9290024
pd-user_6121278
pd-user_4151766
pd-user_5629135
pd-user_8201180
pd-user_4415818
pd-user_220892
pd-user_2348456
pd-user_6524053
pd-user_7580043
pd-user_4344306
pd-user_4853194
pd-user_9487596
pd-user_3638711
pd-user_9716249
pd-user_2067167
pd-user_8385157
pd-user_6198742
pd-user_5860318
pd-user_4128420
pd-user_9311284
pd-user_1540686
pd-user_298580
pd-user_8995409
pd-user_3143818
pd-user_7069020
pd-user_6382202
pd-user_8649021
pd-user_4071812
pd-user_1425385
pd-user_2767228
pd-user_9578937
pd-user_6354148
pd-user_8297348
pd-user_7739242
pd-user_6031101
pd-user_1637376
pd-user_8111814
pd-user_9210456
pd-user_1822038
pd-user_9731530
pd-user_5162040
pd-user_449944
pd-user_3423510
pd-user_8576847
pd-user_8266429
pd-user_8441099
pd-user_463290
pd-user_3477233
pd-user_4056623
pd-user_1306714
pd-user_6904919
pd-user_1588236
pd-user_2613588
pd-user_6163102
pd-user_827309
pd-user_8299244
pd-user_6370785
pd-user_6642989
pd-user_3378707
pd-user_9833690
pd-user_6643562
pd-user_3671532
pd-user_1365807
pd-user_3276281
pd-user_5478899
pd-user_7465113
pd-user_850525
pd-user_4812062
pd-user_3476738
pd-user_4875792
pd-user_5723873
pd-user_5168525
pd-user_5756149
pd-user_363874
pd-user_3281309
pd-user_5883002
pd-user_5451161
pd-user_3372367
pd-user_8854742
pd-user_1518550
pd-user_9675301
pd-user_5728191
pd-user_8798221
pd-user_569716
pd-user_4487115
pd-user_2377178
pd-user_172087
pd-user_6624493
pd-user_6659323
pd-user_7240393
pd-user_3529155
pd-user_7033231
pd-user_4846515
pd-user_2379554
pd-user_6327278
pd-user_9686208
pd-user_7152533
pd-user_7033138
pd-user_754581
pd-user_6721229
pd-user_9662569
pd-user_8141535
pd-user_754582
pd-user_7620461
pd-user_7994523
pd-user_8130762
pd-user_8532602
pd-user_7971931
pd-user_9813356
pd-user_96844
pd-user_3705172
pd-user_2101308
pd-user_9912197
pd-user_2224521
pd-user_6837008
pd-user_8672451
pd-user_5579458
pd-user_7512457
pd-user_6788296
pd-user_7947123
pd-user_3874984
pd-user_5390385
pd-user_37317
pd-user_5352638
pd-user_5648203
pd-user_843071
pd-user_6885095
pd-user_9426367
pd-user_1483962
pd-user_1937251
pd-user_7753464
pd-user_1783273
pd-user_3859151
pd-user_1062768
pd-user_227216
pd-user_5796064
pd-user_1111987
pd-user_6831943
pd-user_7290762
pd-user_5347272
pd-user_187234
pd-user_9915495
pd-user_7795283
pd-user_6292155
pd-user_2384077
pd-user_5769230
pd-user_1368744
pd-user_7526266
pd-user_9555817
pd-user_1043203
pd-user_3298754
pd-user_3182448
pd-user_9945973
pd-user_2115178
pd-user_6449674
pd-user_2200916
pd-user_5777032
pd-user_465143
pd-user_533039
pd-user_4170007
pd-user_5645354
pd-user_4919128
pd-user_2797782
pd-user_3018435
pd-user_5605957
pd-user_68514
pd-user_5543036
pd-user_1707327
pd-user_5982074
pd-user_9624920
pd-user_6916668
pd-user_4689610
pd-user_4773438
pd-user_273961
pd-user_7590045
pd-user_7423994
pd-user_7987300
pd-user_7258352
pd-user_5593291
pd-user_5389218
pd-user_3489534
pd-user_4697676
pd-user_7989246
pd-user_3745894
pd-user_1678009
pd-user_833914
pd-user_877954
pd-user_8353886
pd-user_1255596
pd-user_2312589
pd-user_5769050
pd-user_7770042
pd-user_8033097
pd-user_3025886
pd-user_2656267
pd-user_1015700
pd-user_7734556
pd-user_6400201
pd-user_4301936
pd-user_9335000
pd-user_2112605
pd-user_9043167
pd-user_524638
pd-user_8410097
pd-user_8851890
pd-user_4172157
pd-user_8940103
pd-user_8174240
pd-user_6792831
pd-user_2689156
pd-user_8284654
pd-user_1995883
pd-user_762501
pd-user_2839803
pd-user_3084458
pd-user_2909557
pd-user_2971791
pd-user_7941030
pd-user_7426354
pd-user_7703895
pd-user_6802018
pd-user_3656443
pd-user_125628
pd-user_556513
pd-user_3396328
pd-user_3670879
pd-user_7860267
pd-user_4018986
pd-user_1420712
pd-user_4854398
pd-user_4417512
pd-user_7784437
pd-user_4291151
pd-user_5893457
pd-user_9403571
pd-user_4480446
pd-user_2717678
pd-user_5023147
pd-user_3600386
pd-user_9624948
pd-user_8822336
pd-user_5957219
pd-user_5848815
pd-user_6999197
pd-user_4812486
pd-user_2610467
pd-user_8888615
pd-user_4981018
pd-user_6021579
pd-user_8522492
pd-user_4946296
pd-user_3144745
pd-user_9940629
pd-user_3776619
pd-user_1017320
pd-user_7216105
pd-user_5168339
pd-user_8290757
pd-user_8647083
pd-user_398710
pd-user_460357
pd-user_752332
pd-user_6813526
pd-user_1530803
pd-user_3931123
pd-user_2074691
pd-user_2501441
pd-user_1325456
pd-user_7172834
pd-user_3208579
pd-user_818625
pd-user_4376806
pd-user_2541484
pd-user_8304250
pd-user_3673368
pd-user_1973964
pd-user_1944736
pd-user_1145728
pd-user_9971859
pd-user_9986225
pd-user_8539537
pd-user_9258954
pd-user_1394421
pd-user_1210965
pd-user_8076979
pd-user_310859
pd-user_6960465
pd-user_5667068
pd-user_6394735
pd-user_257358
pd-user_8145015
pd-user_2456558
pd-user_1884695
pd-user_6107147
pd-user_6702003
pd-user_2728995
pd-user_7568152
pd-user_2617937
pd-user_6612337
pd-user_2420918
pd-user_7187263
pd-user_7535511
pd-user_8038335
pd-user_6080859
pd-user_9433712
pd-user_9824485
pd-user_3873127
pd-user_7314676
pd-user_2031258
pd-user_5601962
pd-user_5727689
pd-user_5090089
pd-user_8687060
pd-user_20390
pd-user_1978260
pd-user_6794743
pd-user_5614091
pd-user_8388518
pd-user_7850988
pd-user_8112314
pd-user_9422498
pd-user_7822209
pd-user_6317494
pd-user_4918859
pd-user_222139
pd-user_5344528
pd-user_9225192
pd-user_8407287
pd-user_1764610
pd-user_5763960
pd-user_1693403
pd-user_7721846
pd-user_379804
pd-user_2184678
pd-user_879756
pd-user_7304042
pd-user_3660078
pd-user_2720021
pd-user_8684465
pd-user_1353752
pd-user_7938554
pd-user_3525621
pd-user_8833154
pd-user_7887864
pd-user_599245
pd-user_80146
pd-user_6684168
pd-user_4205289
pd-user_5848035
pd-user_6758904
pd-user_2998879
pd-user_8536375
pd-user_193766
pd-user_3349013
pd-user_6141817
pd-user_2728512
pd-user_3817460
pd-user_1554109
pd-user_5853735
pd-user_2281998
pd-user_3653816
pd-user_210409
pd-user_7028218
pd-user_1072858
pd-user_4174171
pd-user_8245483
pd-user_3254849
pd-user_2798624
pd-user_7024348
pd-user_7773049
pd-user_7587788
pd-user_3799276
pd-user_7566526
pd-user_8947096
pd-user_6565180
pd-user_5318423
pd-user_7372598
pd-user_3835408
pd-user_7666250
pd-user_5617445
pd-user_6714127
pd-user_1837474
pd-user_1200839
pd-user_6495771
pd-user_7500464
pd-user_1981258
pd-user_3199131
pd-user_6763448
pd-user_2505934
pd-user_8068232
pd-user_9169521
pd-user_5051482
pd-user_6696483
pd-user_3426069
pd-user_7097132
pd-user_6486461
pd-user_2888800
pd-user_7048898
pd-user_157504
pd-user_7415011
pd-user_4445084
pd-user_5025329
pd-user_6140865
pd-user_6572423
pd-user_8072482
pd-user_9432928
pd-user_1854709
pd-user_933606
pd-user_5247052
pd-user_5609973
pd-user_929006
pd-user_7637164
pd-user_3249220
pd-user_3410861
pd-user_3780390
pd-user_8453338
pd-user_5506730
pd-user_1386110
pd-user_6725791
pd-user_1560814
pd-user_4244077
pd-user_1543694
pd-user_4072022
pd-user_962004
pd-user_3503863
pd-user_5667925
pd-user_812347
pd-user_7874260
pd-user_6238562
pd-user_4154695
pd-user_2995117
pd-user_9289334
pd-user_5508606
pd-user_9625139
pd-user_5738887
pd-user_5641120
pd-user_5791237
pd-user_2273803
pd-user_9125951
pd-user_822863
pd-user_1733001
pd-user_6090336
pd-user_5836237
pd-user_5886613
pd-user_8776577
pd-user_7682208
pd-user_7524454
pd-user_5872029
pd-user_4869253
pd-user_4984870
pd-user_9768491
pd-user_720644
pd-user_3678604
pd-user_1350659
pd-user_3219140
pd-user_2060086
pd-user_3756429
pd-user_530188
pd-user_3382931
pd-user_1886096
pd-user_2741966
pd-user_8185667
pd-user_8196236
pd-user_5293748
pd-user_2445558
pd-user_6290962
pd-user_5427657
pd-user_737397
pd-user_9782241
pd-user_227813
pd-user_525684
pd-user_5145321
pd-user_8217906
pd-user_612287
pd-user_8725558
pd-user_3100389
pd-user_3760502
pd-user_1894864
pd-user_3601808
pd-user_1413422
pd-user_6393650
pd-user_1822222
pd-user_2995730
pd-user_489374
pd-user_9558179
pd-user_370535
pd-user_4374893
pd-user_6379183
pd-user_2369079
pd-user_2002116
pd-user_1993748
pd-user_3899199
pd-user_7692346
pd-user_6435223
pd-user_3865611
pd-user_2006959
pd-user_1010419
pd-user_1653075
pd-user_6978096
pd-user_267114
pd-user_644568
pd-user_7830758
pd-user_3424872
pd-user_9662922
pd-user_3678276
pd-user_6463071
pd-user_3847944
pd-user_3712585
pd-user_9106774
pd-user_6915754
pd-user_5694100
pd-user_9213444
pd-user_3970218
pd-user_864908
pd-user_6121094
pd-user_2053343
pd-user_4583497
pd-user_7249904
pd-user_4087541
pd-user_1140877
pd-user_3671223
pd-user_3831410
pd-user_2283862
pd-user_632172
pd-user_9010030
pd-user_5459338
pd-user_4114744
pd-user_524908
pd-user_6277136
pd-user_2770494
pd-user_3871101
pd-user_6957224
pd-user_4872187
pd-user_6724009
pd-user_365734
pd-user_271024
pd-user_9627105
pd-user_2754502
pd-user_1675944
pd-user_6081189
pd-user_5637607
pd-user_5601376
pd-user_9067901
pd-user_597961
pd-user_9515218
pd-user_1435939
pd-user_7124003
pd-user_9352602
pd-user_4737213
pd-user_6734301
pd-user_5718211
pd-user_7252705
pd-user_4186087
pd-user_1001160
pd-user_9116527
pd-user_4707955
pd-user_576990
pd-user_8173417
pd-user_6075699
pd-user_2669560
pd-user_6176289
pd-user_2730118
pd-user_9779864
pd-user_1881264
pd-user_4662857
pd-user_9037796
pd-user_3340182
pd-user_9095133
pd-user_6299533
pd-user_8697457
pd-user_6276785
pd-user_9339114
pd-user_1366837
pd-user_7417890
pd-user_9140264
pd-user_3093080
pd-user_2827578
pd-user_2016510
pd-user_589348
pd-user_2178684
pd-user_4199552
pd-user_3721912
pd-user_580456
pd-user_7778085
pd-user_8909497
pd-user_7135389
pd-user_1840159
pd-user_8190000
pd-user_4459878
pd-user_3318540
pd-user_2159887
pd-user_4899580
pd-user_9560811
pd-user_5965404
pd-user_2200973
pd-user_7367595
pd-user_70802
pd-user_1165229
pd-user_4269797
pd-user_1493247
pd-user_3774374
pd-user_1658939
pd-user_4318644
pd-user_8047464
pd-user_5021592
pd-user_6814827
pd-user_6237179
pd-user_2840859
pd-user_2449739
pd-user_7711610
pd-user_9980592
pd-user_1199092
pd-user_4247221
pd-user_2152555
pd-user_7040972
pd-user_1455798
pd-user_7631403
pd-user_1190010
pd-user_7569115
pd-user_6643871
pd-user_7237344
pd-user_4480711
pd-user_4035696
pd-user_1345479
pd-user_7564252
pd-user_409148
pd-user_2454803
pd-user_4494461
pd-user_1307260
pd-user_6796121
pd-user_6776177
pd-user_4563175
pd-user_6955724
pd-user_7655926
pd-user_9811799
pd-user_4471694
pd-user_956904
pd-user_9750232
pd-user_1462179
pd-user_204730
pd-user_3241040
pd-user_7793001
pd-user_8212129
pd-user_3462861
pd-user_2300609
pd-user_718894
pd-user_5154425
pd-user_2795140
pd-user_1982549
pd-user_3360626
pd-user_1611957
pd-user_6693530
pd-user_2394120
pd-user_9047489
pd-user_9433663
pd-user_5116583
pd-user_1844243
pd-user_4104215
pd-user_3219494
pd-user_6359486
pd-user_2324906
pd-user_6118792
pd-user_6449369
pd-user_3090950
pd-user_667929
pd-user_5511321
pd-user_6347769
pd-user_2437764
pd-user_3779251
pd-user_3290411
pd-user_7264660
pd-user_609548
pd-user_7550926
pd-user_560341
pd-user_2362511
pd-user_1137414
pd-user_4134731
pd-user_9904338
pd-user_9308712
pd-user_8435628
pd-user_7822558
pd-user_7513730
pd-user_568700
pd-user_9019140
pd-user_7010964
pd-user_8328083
pd-user_5731691
pd-user_7414579
pd-user_2207489
pd-user_7121208
pd-user_2700476
pd-user_5183286
pd-user_1095430
pd-user_1767840
pd-user_4468567
pd-user_4831890
pd-user_3935254
pd-user_4609296
pd-user_5099897
pd-user_3795282
pd-user_7843198
pd-user_8486414
pd-user_386467
pd-user_4915870
pd-user_2304504
pd-user_9834580
pd-user_9465977
pd-user_6166705
pd-user_8459968
pd-user_96350
pd-user_3357967
pd-user_6747471
pd-user_1327587
pd-user_1662540
pd-user_208344
pd-user_6908995
pd-user_515004
pd-user_8978905
pd-user_748530
pd-user_453296
pd-user_2807314
pd-user_8049237
pd-user_6901644
pd-user_5148172
pd-user_3340190
pd-user_2665674
pd-user_5902215
pd-user_2134831
pd-user_8407974
pd-user_2898461
pd-user_1089743
pd-user_3691509
pd-user_398283
pd-user_7235064
pd-user_5918386
pd-user_5831108
pd-user_2844312
pd-user_3946441
pd-user_5417564
pd-user_5903703
pd-user_9876731
pd-user_5096205
pd-user_4055878
pd-user_2419077
pd-user_3737461
pd-user_4231751
pd-user_7480598
pd-user_4805513
pd-user_229910
pd-user_5309208
pd-user_3239370
pd-user_2923866
pd-user_8952290
pd-user_8947028
pd-user_8007073
pd-user_5284266
pd-user_4914089
pd-user_1218268
pd-user_2715024
pd-user_502153
pd-user_7772385
pd-user_8215717
pd-user_749775
pd-user_6850375
pd-user_1007982
pd-user_4317593
pd-user_3291245
pd-user_5942865
pd-user_8584224
pd-user_4796612
pd-user_2805045
pd-user_5705402
pd-user_175942
pd-user_3869249
pd-user_6908656
pd-user_2032144
pd-user_7538934
pd-user_2276954
pd-user_6173268
pd-user_4125813
pd-user_986781
pd-user_7550478
pd-user_7099699
pd-user_5354853
pd-user_4807953
pd-user_2587444
pd-user_3463798
pd-user_7352594
pd-user_1427074
pd-user_8156036
pd-user_2552113
pd-user_5047996
pd-user_6627322
pd-user_5479616
pd-user_4805868
pd-user_9933648
pd-user_2995914
pd-user_2204142
pd-user_4941353
pd-user_8837427
pd-user_3314384
pd-user_8756232
pd-user_9407231
pd-user_2635980
pd-user_305550
pd-user_7572771
pd-user_8846285
pd-user_9117737
pd-user_4018855
pd-user_6580036
pd-user_8448483
pd-user_1567141
pd-user_5808614
pd-user_3380970
pd-user_6931516
pd-user_1003434
pd-user_4870071
pd-user_118573
pd-user_7139968
pd-user_3243500
pd-user_9401979
pd-user_9460330
pd-user_490612
pd-user_3237466
pd-user_8114391
pd-user_2827068
pd-user_5455789
pd-user_9825041
pd-user_1968722
pd-user_9629214
pd-user_3070744
pd-user_1228090
pd-user_5513624
pd-user_9158952
pd-user_7445626
pd-user_3500800
pd-user_1315432
pd-user_9581834
pd-user_7175617
pd-user_8696502
pd-user_4799934
pd-user_8822513
pd-user_5570846
pd-user_3166847
pd-user_6419042
pd-user_8342329
pd-user_6739028
pd-user_2386221
pd-user_7568819
pd-user_5093403
pd-user_7111911
pd-user_9350705
pd-user_2949740
pd-user_9241186
pd-user_93955
pd-user_8805756
pd-user_2510737
pd-user_8245932
pd-user_3190009
pd-user_7641692
pd-user_3416739
pd-user_9196244
pd-user_7996523
pd-user_4400093
pd-user_9707619
pd-user_6891681
pd-user_7321379
pd-user_5271878
pd-user_1194222
pd-user_2029265
pd-user_7384941
pd-user_8393526
pd-user_6189229
pd-user_5509712
pd-user_3350607
pd-user_2300132
pd-user_6007955
pd-user_9602477
pd-user_5542738
pd-user_1960945
pd-user_2269063
pd-user_4259687
pd-user_7790169
pd-user_7719227
pd-user_2074319
pd-user_3954925
pd-user_8453061
pd-user_8818457
pd-user_8418646
pd-user_7437273
pd-user_287482
pd-user_6178367
pd-user_5615843
pd-user_3732980
pd-user_4781170
pd-user_567850
pd-user_5619368
pd-user_7408969
pd-user_2645139
pd-user_3908055
pd-user_4018015
pd-user_9527829
pd-user_3235860
pd-user_8324358
pd-user_5197063
pd-user_1892436
pd-user_787383
pd-user_6531462
pd-user_1305009
pd-user_6366937
pd-user_8769066
pd-user_3116733
pd-user_9213138
pd-user_1496201
pd-user_9094366
pd-user_4283143
pd-user_4582635
pd-user_4735302
pd-user_7995275
pd-user_1484961
pd-user_1964735
pd-user_6923345
pd-user_4754194
pd-user_6272103
pd-user_8141520
pd-user_5794342
pd-user_3472771
pd-user_808208
pd-user_1262807
pd-user_9954727
pd-user_2068180
pd-user_1588531
pd-user_8055740
pd-user_6213553
pd-user_5403685
pd-user_5472707
pd-user_2876627
pd-user_3724866
pd-user_3456925
pd-user_4128561
pd-user_6841761
pd-user_2764277
pd-user_7721355
pd-user_2344822
pd-user_8501987
pd-user_2345484
pd-user_7646929
pd-user_1242088
pd-user_1857241
pd-user_7435553
pd-user_3409356
pd-user_2995808
pd-user_5113580
pd-user_2571499
pd-user_3117017
pd-user_1522486
pd-user_8453093
pd-user_6505188
pd-user_8733781
pd-user_5100864
pd-user_2586750
pd-user_8041061
pd-user_3256536
pd-user_2012963
pd-user_1581314
pd-user_6450266
pd-user_3835316
pd-user_971922
pd-user_2905934
pd-user_4139260
pd-user_2029905
pd-user_7840951
pd-user_8674617
pd-user_3213221
pd-user_2685046
pd-user_8427960
pd-user_1141592
pd-user_8584527
pd-user_2972651
pd-user_9542567
pd-user_7930642
pd-user_6526174
pd-user_6237766
pd-user_5459915
pd-user_368123
pd-user_7190420
pd-user_9412825
pd-user_8663905
pd-user_1519893
pd-user_1848942
pd-user_8604324
pd-user_7094661
pd-user_4326893
pd-user_742131
pd-user_8365469
pd-user_973061
pd-user_8507672
pd-user_444344
pd-user_1494443
pd-user_6038917
pd-user_4464114
pd-user_1714412
pd-user_1041517
pd-user_2260672
pd-user_7311209
pd-user_1160359
pd-user_4531243
pd-user_4501713
pd-user_6381747
pd-user_5520640
pd-user_6390139
pd-user_7314632
pd-user_3463794
pd-user_3789738
pd-user_7071527
pd-user_1623585
pd-user_1734650
pd-user_1149426
pd-user_8096500
pd-user_2591484
pd-user_1329415
pd-user_681677
pd-user_6401080
pd-user_4235666
pd-user_454549
pd-user_5663939
pd-user_970956
pd-user_4314166
pd-user_2716734
pd-user_7978549
pd-user_158036
pd-user_7799589
pd-user_6406792
pd-user_7847186
pd-user_8959499
pd-user_3828885
pd-user_8311233
pd-user_4346063
pd-user_9609578
pd-user_824155
pd-user_3795952
pd-user_3096777
pd-user_3132867
pd-user_6366822
pd-user_540307
pd-user_600572
pd-user_7877118
pd-user_5188232
pd-user_7127407
pd-user_5596741
pd-user_9908731
pd-user_7545016
pd-user_3514898
pd-user_6806482
pd-user_6265526
pd-user_1869213
pd-user_3220388
pd-user_6602814
pd-user_9160283
pd-user_8889122
pd-user_8987663
pd-user_5879024
pd-user_1166525
pd-user_8564909
pd-user_5330876
pd-user_7036367
pd-user_7658163
pd-user_5743941
pd-user_2100760
pd-user_2742997
pd-user_8104587
pd-user_5406184
pd-user_2048274
pd-user_1154080
pd-user_1665285
pd-user_9282420
pd-user_8075687
pd-user_8665307
pd-user_4795688
pd-user_5062682
pd-user_8580929
pd-user_4189552
pd-user_1806563
pd-user_6331812
pd-user_846346
pd-user_4415189
pd-user_4453739
pd-user_5797258
pd-user_9036229
pd-user_3997946
pd-user_9745187
pd-user_4840834
pd-user_640148
pd-user_4870030
pd-user_7949743
pd-user_1364478
pd-user_539446
pd-user_6724489
pd-user_3541260
pd-user_1611136
pd-user_8342858
pd-user_4969176
pd-user_4450854
pd-user_9147
pd-user_3037655
pd-user_6289839
pd-user_2404069
pd-user_3666873
pd-user_7932461
pd-user_2079408
pd-user_2049093
pd-user_4579269
pd-user_956146
pd-user_4862580
pd-user_9516544
pd-user_7473457
pd-user_6411617
pd-user_5730637
pd-user_3751278
pd-user_4979975
pd-user_1325160
pd-user_9341751
pd-user_1187269
pd-user_7061474
pd-user_3239971
pd-user_1295456
pd-user_9123181
pd-user_2743611
pd-user_9104001
pd-user_1702322
pd-user_2654535
pd-user_4281671
pd-user_4290392
pd-user_2842060
pd-user_7373687
pd-user_4931878
pd-user_6748615
pd-user_9717864
pd-user_1448355
pd-user_3694298
pd-user_9035562
pd-user_8874504
pd-user_8631005
pd-user_9449367
pd-user_5023893
pd-user_443501
pd-user_2793252
pd-user_1101498
pd-user_4363663
pd-user_1959811
pd-user_8278564
pd-user_4758634
pd-user_4792016
pd-user_6343097
pd-user_8961357
pd-user_5349881
pd-user_6286016
pd-user_796015
pd-user_1976863
pd-user_7173386
pd-user_9531419
pd-user_4147438
pd-user_7677105
pd-user_6331238
pd-user_3057230
pd-user_8013276
pd-user_1502470
pd-user_8508956
pd-user_7885575
pd-user_8168848
pd-user_8549920
pd-user_1501169
pd-user_415620
pd-user_8032111
pd-user_410534
pd-user_5656657
pd-user_8499056
pd-user_8409542
pd-user_6573707
pd-user_14590
pd-user_2355302
pd-user_4447748
pd-user_1682208
pd-user_4043859
pd-user_4010041
pd-user_1693644
pd-user_9851969
pd-user_8825669
pd-user_1968947
pd-user_3663546
pd-user_7423466
pd-user_7944568
pd-user_4287391
pd-user_2543962
pd-user_5499847
pd-user_3612415
pd-user_5988559
pd-user_1947038
pd-user_4191111
pd-user_3844734
pd-user_6515097
pd-user_8287736
pd-user_8891832
pd-user_4239605
pd-user_9123155
pd-user_9271462
pd-user_9569949
pd-user_8549938
pd-user_8734385
pd-user_8853921
pd-user_8098062
pd-user_8871034
pd-user_943229
pd-user_5464427
pd-user_6345944
pd-user_5620962
pd-user_3532561
pd-user_5557527
pd-user_5562945
pd-user_858348
pd-user_5322229
pd-user_6197383
pd-user_2077982
pd-user_9295542
pd-user_7581410
pd-user_590289
pd-user_251201
pd-user_1787932
pd-user_541722
pd-user_796689
pd-user_9979233
pd-user_731226
pd-user_3089578
pd-user_2045648
pd-user_4157836
pd-user_7020378
pd-user_9451925
pd-user_1394760
pd-user_7813813
pd-user_4755850
pd-user_1418994
pd-user_5256312
pd-user_9588094
pd-user_8030347
pd-user_9602305
pd-user_5192153
pd-user_7688087
pd-user_2378019
pd-user_1479430
pd-user_6749937
pd-user_5123067
pd-user_7480251
pd-user_4070563
pd-user_1603344
pd-user_5638360
pd-user_256372
pd-user_2682919
pd-user_7989686
pd-user_5835512
pd-user_3804765
pd-user_7468344
pd-user_1726654
pd-user_2310925
pd-user_6674883
pd-user_8627628
pd-user_3572861
pd-user_2480094
pd-user_3358885
pd-user_7280858
pd-user_9333716
pd-user_8072758
pd-user_9443044
pd-user_6096400
pd-user_4714553
pd-user_2659581
pd-user_1177583
pd-user_9080901
pd-user_686074
pd-user_6941586
pd-user_8101433
pd-user_2478347
pd-user_6525956
pd-user_4068548
pd-user_9772759
pd-user_4909959
pd-user_1578178
pd-user_7925689
pd-user_2655932
pd-user_8260953
pd-user_3102230
pd-user_2124378
pd-user_7407204
pd-user_7624174
pd-user_1712191
pd-user_4973147
pd-user_6828673
pd-user_4361254
pd-user_3809809
pd-user_358715
pd-user_8038690
pd-user_9856505
pd-user_961965
pd-user_8674708
pd-user_5541906
pd-user_324629
pd-user_498019
pd-user_4571660
pd-user_1183867
pd-user_3950068
pd-user_634426
pd-user_8302560
pd-user_3933930
pd-user_2215024
pd-user_892821
pd-user_1706333
pd-user_4494501
pd-user_7478494
pd-user_1678514
pd-user_6728002
pd-user_4507206
pd-user_5026963
pd-user_6693239
pd-user_3606591
pd-user_2138858
pd-user_9693064
pd-user_2234220
pd-user_4435005
pd-user_4775185
pd-user_5769965
pd-user_9738552
pd-user_7868935
pd-user_8550250
pd-user_4650020
pd-user_9961560
pd-user_6561174
pd-user_5084396
pd-user_666500
pd-user_4292867
pd-user_3403963
pd-user_7370222
pd-user_6574951
pd-user_1306585
pd-user_6667499
pd-user_832165
pd-user_8920259
pd-user_4683476
pd-user_1323753
pd-user_2761886
pd-user_8194881
pd-user_206098
pd-user_3149018
pd-user_6658655
pd-user_5712662
pd-user_5198794
pd-user_8735961
pd-user_4589759
pd-user_3432394
pd-user_2092424
pd-user_8614833
pd-user_4087811
pd-user_1133846
pd-user_2303958
pd-user_3207724
pd-user_7436138
pd-user_6047415
pd-user_358277
pd-user_6721269
pd-user_1345210
pd-user_8662278
pd-user_8491784
pd-user_209401
pd-user_140092
pd-user_9407048
pd-user_701111
pd-user_4275695
pd-user_8450256
pd-user_1862591
pd-user_6446823
pd-user_3485050
pd-user_1152663
pd-user_4764793
pd-user_4486726
pd-user_254132
pd-user_5845071
pd-user_7404460
pd-user_7913606
pd-user_6649827
pd-user_8125237
pd-user_4095338
pd-user_4753227
pd-user_5986772
pd-user_9725916
pd-user_7165520
pd-user_6773339
pd-user_8165303
pd-user_8768951
pd-user_9384196
pd-user_6506107
pd-user_4353960
pd-user_2244427
pd-user_7273089
pd-user_1235164
pd-user_6285016
pd-user_8853555
pd-user_3473388
pd-user_9530330
pd-user_382814
pd-user_5437736
pd-user_6129408
pd-user_3054789
pd-user_522221
pd-user_1001845
pd-user_5068468
pd-user_1674758
pd-user_6401306
pd-user_5110304
pd-user_5525700
pd-user_7806865
pd-user_5535390
pd-user_9248757
pd-user_976182
pd-user_802710
pd-user_1757411
pd-user_6187280
pd-user_2972203
pd-user_8135179
pd-user_9343630
pd-user_2779476
pd-user_8772548
pd-user_5096720
pd-user_8880584
pd-user_6502664
pd-user_5361675
pd-user_4091752
pd-user_8083784
pd-user_4560266
pd-user_9182494
pd-user_6707595
pd-user_6092368
pd-user_1361229
pd-user_1781983
pd-user_9767941
pd-user_4852477
pd-user_2796542
pd-user_3196029
pd-user_9316965
pd-user_6812799
pd-user_7145467
pd-user_2022530
pd-user_2943467
pd-user_1168960
pd-user_3311042
pd-user_3816225
pd-user_8690549
pd-user_5037367
pd-user_2237147
pd-user_8726050
pd-user_8733183
pd-user_3743261
pd-user_6623177
pd-user_419711
pd-user_2305919
pd-user_8869207
pd-user_664007
pd-user_6590134
pd-user_5247013
pd-user_8374449
pd-user_4692318
pd-user_1035415
pd-user_4970470
pd-user_5673548
pd-user_1918633
pd-user_5265935
pd-user_4582361
pd-user_6095817
pd-user_134341
pd-user_3960588
pd-user_373798
pd-user_2540288
pd-user_6496169
pd-user_1336858
pd-user_6103598
pd-user_8887658
pd-user_4091299
pd-user_3467614
pd-user_9140022
pd-user_5601552
pd-user_3098733
pd-user_4167762
pd-user_704462
pd-user_9573370
pd-user_7063532
pd-user_5427159
pd-user_3636559
pd-user_79197
pd-user_6502422
pd-user_8609939
pd-user_8438212
pd-user_4819119
pd-user_5870700
pd-user_8722504
pd-user_4669791
pd-user_8095014
pd-user_4286662
pd-user_7851731
pd-user_4317083
pd-user_3821738
pd-user_6358385
pd-user_7051173
pd-user_6972167
pd-user_4828722
pd-user_7494115
pd-user_5477285
pd-user_9207904
pd-user_6811560
pd-user_7494599
pd-user_9300821
pd-user_93688
pd-user_3034619
pd-user_8982799
pd-user_9087236
pd-user_4983491
pd-user_9995645
pd-user_5604766
pd-user_6492587
pd-user_6301001
pd-user_3905741
pd-user_332904
pd-user_5861883
pd-user_3736648
pd-user_9317893
pd-user_3060574
pd-user_713827
pd-user_3680495
pd-user_2471922
pd-user_1114030
pd-user_3638510
pd-user_9459429
pd-user_1240189
pd-user_3001727
pd-user_1009710
pd-user_272355
pd-user_679181
pd-user_976611
pd-user_8477163
pd-user_8378242
pd-user_8457127
pd-user_6613765
pd-user_1296048
pd-user_6397106
pd-user_8102761
pd-user_4806537
pd-user_7170217
pd-user_4175673
pd-user_9986870
pd-user_8299956
pd-user_1914576
pd-user_2323487
pd-user_4924371
pd-user_8969419
pd-user_5323385
pd-user_6508309
pd-user_9210584
pd-user_2663848
pd-user_7072871
pd-user_5378517
pd-user_1449156
pd-user_9891774
pd-user_8946808
pd-user_5463620
pd-user_8774275
pd-user_4618600
pd-user_9778122
pd-user_8437642
pd-user_551431
pd-user_8180038
pd-user_1737612
pd-user_2744776
pd-user_5341111
pd-user_1235724
pd-user_8226076
pd-user_9216945
pd-user_6190129
pd-user_1640593
pd-user_7723862
pd-user_3049048
pd-user_4116313
pd-user_3184324
pd-user_5380832
pd-user_8249578
pd-user_1376975
pd-user_6108716
pd-user_1373976
pd-user_2223179
pd-user_7292966
pd-user_9165469
pd-user_18783
pd-user_7637148
pd-user_5481469
pd-user_8372188
pd-user_8462008
pd-user_9870860
pd-user_7933446
pd-user_1401547
pd-user_5349367
pd-user_377182
pd-user_1252620
pd-user_5287832
pd-user_3255362
pd-user_4494359
pd-user_4376628
pd-user_9916362
pd-user_7042621
pd-user_6570869
pd-user_9347790
pd-user_2057326
pd-user_3070288
pd-user_5926814
pd-user_4141529
pd-user_7788894
pd-user_729592
pd-user_9239586
pd-user_8914908
pd-user_7690664
pd-user_9339344
pd-user_666454
pd-user_4383205
pd-user_3185517
pd-user_1884550
pd-user_7135199
pd-user_9761214
pd-user_2613283
pd-user_7188711
pd-user_7329989
pd-user_6425130
pd-user_1183533
pd-user_3514784
pd-user_6509172
pd-user_1251921
pd-user_9197764
pd-user_4908904
pd-user_7101318
pd-user_4693297
pd-user_8280610
pd-user_3726512
pd-user_1742722
pd-user_9089146
pd-user_7966639
pd-user_3838781
pd-user_2789439
pd-user_8398856
pd-user_2921588
pd-user_5682960
pd-user_8460508
pd-user_6328746
pd-user_2116398
pd-user_7609772
pd-user_9783433
pd-user_7053035
pd-user_7994249
pd-user_2595154
pd-user_8452820
pd-user_926199
pd-user_3664827
pd-user_3911418
pd-user_1819583
pd-user_7971460
pd-user_7103701
pd-user_3952359
pd-user_1133132
pd-user_4326295
pd-user_8764262
pd-user_6480121
pd-user_4328265
pd-user_4381267
pd-user_4530560
pd-user_5073875
pd-user_9005760
pd-user_3094032
pd-user_4140164
pd-user_3957376
pd-user_9259367
pd-user_8518505
pd-user_2397268
pd-user_3201249
pd-user_5528595
pd-user_7708638
pd-user_5396329
pd-user_6445408
pd-user_1371687
pd-user_4071886
pd-user_9405540
pd-user_9850016
pd-user_4706135
pd-user_5173958
pd-user_158379
pd-user_7058223
pd-user_3025667
pd-user_3635022
pd-user_2550779
pd-user_1450946
pd-user_8603998
pd-user_5560052
pd-user_1539667
pd-user_657901
pd-user_2497633
pd-user_7512645
pd-user_6855694
pd-user_209182
pd-user_8689868
pd-user_5064382
pd-user_1448001
pd-user_3121053
pd-user_6028152
pd-user_119567
pd-user_9059129
pd-user_5904329
pd-user_4783707
pd-user_9711495
pd-user_9209806
pd-user_5559700
pd-user_6318467
pd-user_209849
pd-user_2033263
pd-user_2970815
pd-user_4272764
pd-user_2054122
pd-user_9448019
pd-user_664448
pd-user_2609081
pd-user_3341826
pd-user_7364946
pd-user_7279066
pd-user_4636363
pd-user_3035124
pd-user_7363213
pd-user_6252827
pd-user_5619118
pd-user_456160
pd-user_2094123
pd-user_2956434
pd-user_2404673
pd-user_2588798
pd-user_9960109
pd-user_8237096
pd-user_1500514
pd-user_5793657
pd-user_8756516
pd-user_3345464
pd-user_83351
pd-user_609497
pd-user_8737157
pd-user_5297240
pd-user_262125
pd-user_5557215
pd-user_3170809
pd-user_4128648
pd-user_3165376
pd-user_8462399
pd-user_8934962
pd-user_4674205
pd-user_6528259
pd-user_8472305
pd-user_2998070
pd-user_422628
pd-user_5596816
pd-user_3590376
pd-user_6975022
pd-user_139259
pd-user_2090357
pd-user_2584335
pd-user_4185112
pd-user_1634572
pd-user_2502690
pd-user_6718091
pd-user_7357311
pd-user_8863832
pd-user_2167948
pd-user_7396274
pd-user_3945963
pd-user_6120550
pd-user_5178284
pd-user_8692615
pd-user_7782731
pd-user_9917400
pd-user_2999574
pd-user_2368573
pd-user_8847886
pd-user_5897164
pd-user_9450092
pd-user_6410589
pd-user_2184510
pd-user_6941153
pd-user_4285017
pd-user_769832
pd-user_7012586
pd-user_2961750
pd-user_4402069
pd-user_5971249
pd-user_1113272
pd-user_5076592
pd-user_4318209
pd-user_641883
pd-user_1149352
pd-user_9686861
pd-user_2205524
pd-user_3400452
pd-user_3493148
pd-user_2650654
pd-user_5303170
pd-user_3315457
pd-user_1006219
pd-user_6854750
pd-user_7527527
pd-user_9290021
pd-user_9482578
pd-user_1200055
pd-user_6157294
pd-user_1191052
pd-user_848861
pd-user_9423741
pd-user_5030475
pd-user_4662187
pd-user_1396745
pd-user_8761790
pd-user_6124533
pd-user_4637929
pd-user_3682632
pd-user_5042231
pd-user_4930931
pd-user_2366568
pd-user_4340914
pd-user_4237750
pd-user_6304909
pd-user_9317641
pd-user_2356231
pd-user_3115738
pd-user_9685100
pd-user_1497657
pd-user_5407833
pd-user_4878666
pd-user_3585955
pd-user_5087379
pd-user_9417518
pd-user_8313378
pd-user_9940933
pd-user_2517468
pd-user_8686481
pd-user_6060079
pd-user_434463
pd-user_951400
pd-user_3707474
pd-user_779571
pd-user_8901247
pd-user_5945072
pd-user_8438165
pd-user_8292145
pd-user_8160716
pd-user_2520239
pd-user_935362
pd-user_71784
pd-user_3364469
pd-user_5151568
pd-user_9198230
pd-user_3387284
pd-user_7606581
pd-user_7067945
pd-user_8663352
pd-user_1926964
pd-user_4080344
pd-user_3920430
pd-user_8252027
pd-user_8836185
pd-user_5120961
pd-user_1709268
pd-user_9170237
pd-user_4761236
pd-user_1139111
pd-user_7253010
pd-user_9560056
pd-user_4064632
pd-user_6634143
pd-user_2879979
pd-user_1674128
pd-user_3255746
pd-user_2539444
pd-user_2939781
pd-user_6711789
pd-user_7837278
pd-user_9854349
pd-user_8781700
pd-user_5595534
pd-user_2032831
pd-user_827241
pd-user_9707326
pd-user_9967275
pd-user_2163932
pd-user_5637549
pd-user_520295
pd-user_876424
pd-user_3130377
pd-user_3567914
pd-user_1548104
pd-user_755273
pd-user_7018090
pd-user_7584012
pd-user_3288
pd-user_1663712
pd-user_5674141
pd-user_6896233
pd-user_4796997
pd-user_3485762
pd-user_7270634
pd-user_1098076
pd-user_2660673
pd-user_5316257
pd-user_7868561
pd-user_9960450
pd-user_5953200
pd-user_8010863
pd-user_5517862
pd-user_9718997
pd-user_6168868
pd-user_5032728
pd-user_5348216
pd-user_1854842
pd-user_796904
pd-user_3794346
pd-user_5938439
pd-user_3400506
pd-user_5489521
pd-user_452246
pd-user_1215239
pd-user_2567114
pd-user_5574670
pd-user_4724627
pd-user_792213
pd-user_3677942
pd-user_2869812
pd-user_263355
pd-user_6655020
pd-user_9921500
pd-user_8609166
pd-user_5983182
pd-user_262298
pd-user_820539
pd-user_2137916
pd-user_5621138
pd-user_9332701
pd-user_6395892
pd-user_7210614
pd-user_5952044
pd-user_8057851
pd-user_3595849
pd-user_1932135
pd-user_7283096
pd-user_1520768
pd-user_9552320
pd-user_2147019
pd-user_8800569
pd-user_3772061
pd-user_7796302
pd-user_4797699
pd-user_7734729
pd-user_2640173
pd-user_5080895
pd-user_7670974
pd-user_7226516
pd-user_4097550
pd-user_8140228
pd-user_8146596
pd-user_2104937
pd-user_5493219
pd-user_6760946
pd-user_6936740
pd-user_4960863
pd-user_6376002
pd-user_5933375
pd-user_9939561
pd-user_8250268
pd-user_5262286
pd-user_3214260
pd-user_6233977
pd-user_2257288
pd-user_7573461
pd-user_6418448
pd-user_6942589
pd-user_547312
pd-user_1155160
pd-user_6585642
pd-user_6382694
pd-user_8444763
pd-user_4748104
pd-user_7618903
pd-user_2245041
pd-user_8035446
pd-user_8175220
pd-user_6542426
pd-user_7743024
pd-user_9952081
pd-user_4584497
pd-user_8027241
pd-user_4214533
pd-user_1293779
pd-user_9937499
pd-user_9561100
pd-user_1344610
pd-user_442447
pd-user_5055895
pd-user_1422816
pd-user_8506553
pd-user_3456755
pd-user_9444763
pd-user_2108437
pd-user_8410092
pd-user_7689038
pd-user_9638558
pd-user_107962
pd-user_655000
pd-user_5175197
pd-user_305478
pd-user_2227413
pd-user_9599628
pd-user_9568154
pd-user_198040
pd-user_7480577
pd-user_3481951
pd-user_8031905
pd-user_4006897
pd-user_380453
pd-user_4836404
pd-user_5183705
pd-user_3952970
pd-user_4581790
pd-user_1236551
pd-user_5754636
pd-user_4389669
pd-user_8175477
pd-user_7631152
pd-user_5377402
pd-user_3256623
pd-user_3597825
pd-user_7518868
pd-user_9101809
pd-user_2141620
pd-user_2398413
pd-user_4144998
pd-user_5396625
pd-user_4736511
pd-user_3660290
pd-user_389533
pd-user_1117831
pd-user_3372338
pd-user_6761719
pd-user_2661123
pd-user_8486754
pd-user_4243758
pd-user_6944834
pd-user_9278149
pd-user_6997433
pd-user_7923138
pd-user_470416
pd-user_4547312
pd-user_9232512
pd-user_1716108
pd-user_432552
pd-user_2008198
pd-user_7137881
pd-user_1834533
pd-user_9977973
pd-user_7265660
pd-user_9709146
pd-user_9052093
pd-user_9928790
pd-user_3862087
pd-user_8693345
pd-user_5169965
pd-user_375715
pd-user_3883694
pd-user_2342912
pd-user_9664065
pd-user_4706535
pd-user_4134470
pd-user_4095480
pd-user_4656808
pd-user_3236121
pd-user_58228
pd-user_9104557
pd-user_7256526
pd-user_794763
pd-user_8079983
pd-user_1836104
pd-user_5798712
pd-user_5494289
pd-user_8294708
pd-user_3631265
pd-user_1912514
pd-user_396906
pd-user_9730549
pd-user_3543026
pd-user_9487853
pd-user_9976487
pd-user_8990267
pd-user_7715122
pd-user_1640577
pd-user_6907505
pd-user_9343974
pd-user_8586389
pd-user_361639
pd-user_4718665
pd-user_2105380
pd-user_855806
pd-user_5652496
pd-user_6848073
pd-user_9269734
pd-user_9619514
pd-user_1788347
pd-user_3051079
pd-user_1590052
pd-user_8541286
pd-user_9190111
pd-user_3823981
pd-user_2460278
pd-user_5236341
pd-user_7363114
pd-user_3684018
pd-user_4326214
pd-user_4551637
pd-user_4468663
pd-user_6478646
pd-user_8788136
pd-user_1485352
pd-user_7456302
pd-user_1344889
pd-user_5156416
pd-user_4431528
pd-user_9316246
pd-user_7984977
pd-user_8604610
pd-user_452690
pd-user_317414
pd-user_346162
pd-user_2810239
pd-user_9823533
pd-user_5326913
pd-user_1255375
pd-user_8038869
pd-user_4451196
pd-user_8233605
pd-user_959112
pd-user_157387
pd-user_8789296
pd-user_9800660
pd-user_9987498
pd-user_7471691
pd-user_9460561
pd-user_8036078
pd-user_7916484
pd-user_4757646
pd-user_5536274
pd-user_1535201
pd-user_4744361
pd-user_1642663
pd-user_894004
pd-user_4570638
pd-user_8407481
pd-user_4686390
pd-user_4760662
pd-user_9581084
pd-user_156964
pd-user_4352012
pd-user_5771732
pd-user_6748506
pd-user_4436410
pd-user_9797519
pd-user_6254087
pd-user_2240776
pd-user_2813547
pd-user_950927
pd-user_4269064
pd-user_1432217
pd-user_958314
pd-user_713297
pd-user_3047091
pd-user_3385961
pd-user_687815
pd-user_7191684
pd-user_7650549
pd-user_8585326
pd-user_3545882
pd-user_1071136
pd-user_9556438
pd-user_6802850
pd-user_8520183
pd-user_1579270
pd-user_1935382
pd-user_8757437
pd-user_9981121
pd-user_2546916
pd-user_8812029
pd-user_224528
pd-user_3532075
pd-user_184985
pd-user_6226464
pd-user_6206344
pd-user_7423026
pd-user_6116958
pd-user_7845510
pd-user_9301969
pd-user_3388931
pd-user_178179
pd-user_6305349
pd-user_2416663
pd-user_1785313
pd-user_6147290
pd-user_2714059
pd-user_8416054
pd-user_9162798
pd-user_1066153
pd-user_8199190
pd-user_6582256
pd-user_9250198
pd-user_5616790
pd-user_5936341
pd-user_8256468
pd-user_8327835
pd-user_4742232
pd-user_8265321
pd-user_4373932
pd-user_1145349
pd-user_5842632
pd-user_2973618
pd-user_3852652
pd-user_7194843
pd-user_5779945
pd-user_9766622
pd-user_5478173
pd-user_7883163
pd-user_133314
pd-user_2644790
pd-user_4836820
pd-user_3645684
pd-user_4219337
pd-user_2160620
pd-user_8633223
pd-user_7812418
pd-user_5166562
pd-user_5330696
pd-user_1548123
pd-user_9930811
pd-user_6667872
pd-user_2825581
pd-user_3631298
pd-user_6321189
pd-user_4406713
pd-user_2865893
pd-user_9686695
pd-user_8611135
pd-user_1594697
pd-user_7403081
pd-user_4868222
pd-user_2167689
pd-user_6434345
pd-user_3569257
pd-user_4487128
pd-user_783676
pd-user_2248776
pd-user_5839482
pd-user_3505028
pd-user_2305705
pd-user_5909292
pd-user_4607873
pd-user_9752486
pd-user_6403281
pd-user_9517406
pd-user_9815896
pd-user_8924419
pd-user_8163446
pd-user_9654217
pd-user_9088551
pd-user_8472681
pd-user_433250
pd-user_1494780
pd-user_3465048
pd-user_8726268
pd-user_6552649
pd-user_3373913
pd-user_8077729
pd-user_1094586
pd-user_2371062
pd-user_2204584
pd-user_7913129
pd-user_3227662
pd-user_5534749
pd-user_9556296
pd-user_1235588
pd-user_3311520
pd-user_7748297
pd-user_6204413
pd-user_1640050
pd-user_6192452
pd-user_5284844
pd-user_6931426
pd-user_9022915
pd-user_8241013
pd-user_4509544
pd-user_1294692
pd-user_3801721
pd-user_4076742
pd-user_5162165
pd-user_6102903
pd-user_4922581
pd-user_3737972
pd-user_4602858
pd-user_6469932
pd-user_2027376
pd-user_9368586
pd-user_6206438
pd-user_462557
pd-user_6063133
pd-user_9218149
pd-user_4341933
pd-user_7354576
pd-user_4786808
pd-user_5082460
pd-user_5733758
pd-user_1517546
pd-user_8933447
pd-user_3035064
pd-user_7230691
pd-user_9493194
pd-user_5776832
pd-user_6128021
pd-user_3557476
pd-user_4372872
pd-user_1674631
pd-user_6498710
pd-user_9143438
pd-user_3215426
pd-user_9975094
pd-user_7185680
pd-user_242308
pd-user_2932455
pd-user_9806487
pd-user_4537371
pd-user_9248836
pd-user_1692578
pd-user_2319679
pd-user_8489407
pd-user_5641384
pd-user_194751
pd-user_315786
pd-user_6061154
pd-user_3250797
pd-user_6953729
pd-user_1337998
pd-user_5964605
pd-user_2072671
pd-user_426645
pd-user_5234688
pd-user_2531953
pd-user_8849533
pd-user_5181177
pd-user_5752309
pd-user_5163834
pd-user_8142795
pd-user_5144852
pd-user_2295963
pd-user_8319633
pd-user_5900654
pd-user_3882973
pd-user_6787037
pd-user_3381302
pd-user_377399
pd-user_8387385
pd-user_8118838
pd-user_5547964
pd-user_3598181
pd-user_6816882
pd-user_6983401
pd-user_6404728
pd-user_2991673
pd-user_476449
pd-user_5582794
pd-user_6663458
pd-user_6846461
pd-user_5955114
pd-user_280380
pd-user_6456829
pd-user_5848484
pd-user_6817770
pd-user_6875663
pd-user_3963176
pd-user_7445237
pd-user_2711026
pd-user_8103617
pd-user_2958595
pd-user_4044823
pd-user_4164201
pd-user_1353739
pd-user_4983628
pd-user_6484330
pd-user_712975
pd-user_7766218
pd-user_1025118
pd-user_4591966
pd-user_4338235
pd-user_9349070
pd-user_7682724
pd-user_697981
pd-user_5090601
pd-user_1661080
pd-user_5059061
pd-user_9472608
pd-user_8175588
pd-user_2072890
pd-user_6912521
pd-user_5974727
pd-user_7083786
pd-user_5690771
pd-user_746659
pd-user_3783334
pd-user_4575224
pd-user_2555129
pd-user_6941070
pd-user_5064497
pd-user_154966
pd-user_9723263
pd-user_4716873
pd-user_8845144
pd-user_2620949
pd-user_8093410
pd-user_9040570
pd-user_7966782
pd-user_4728771
pd-user_2010273
pd-user_5450955
pd-user_296155
pd-user_4038599
pd-user_1632334
pd-user_8094361
pd-user_1000048
pd-user_4582183
pd-user_8487415
pd-user_7808008
pd-user_2077974
pd-user_2321489
pd-user_3055841
pd-user_7775988
pd-user_5466779
pd-user_9707984
pd-user_1580324
pd-user_25394
pd-user_1111673
pd-user_6306789
pd-user_9208727
pd-user_993860
pd-user_2791277
pd-user_8608865
pd-user_9320918
pd-user_5406485
pd-user_9507881
pd-user_8592586
pd-user_1737418
pd-user_7433999
pd-user_4640959
pd-user_5777130
pd-user_1319045
pd-user_6929525
pd-user_5717990
pd-user_2079887
pd-user_7931621
pd-user_8821211
pd-user_814125
pd-user_2147822
pd-user_2883358
pd-user_710020
pd-user_7785576
pd-user_6063351
pd-user_193186
pd-user_9427149
pd-user_4479783
pd-user_7889082
pd-user_8400272
pd-user_6800060
pd-user_1892666
pd-user_8561291
pd-user_6498527
pd-user_3267601
pd-user_6794299
pd-user_2934134
pd-user_6886689
pd-user_360936
pd-user_1354987
pd-user_5997787
pd-user_8700965
pd-user_2453270
pd-user_7603066
pd-user_5557249
pd-user_9854595
pd-user_7371022
pd-user_7679152
pd-user_389648
pd-user_23407
pd-user_1125127
pd-user_8377817
pd-user_1147204
pd-user_5285385
pd-user_5207199
pd-user_2302065
pd-user_647033
pd-user_1791388
pd-user_4318657
pd-user_5061846
pd-user_8251338
pd-user_146083
pd-user_6388929
pd-user_2418787
pd-user_9505085
pd-user_390631
pd-user_4553175
pd-user_783460
pd-user_41628
pd-user_4899581
pd-user_6574531
pd-user_8283459
pd-user_6028253
pd-user_8631491
pd-user_1418444
pd-user_8630654
pd-user_3029422
pd-user_9741130
pd-user_8465316
pd-user_6638240
pd-user_826903
pd-user_6183577
pd-user_3418563
pd-user_1235789
pd-user_9781377
pd-user_2255853
pd-user_331471
pd-user_3566599
pd-user_1020926
pd-user_7971583
pd-user_1268680
pd-user_755661
pd-user_2953126
pd-user_2191326
pd-user_715368
pd-user_6633426
pd-user_2214124
pd-user_8985361
pd-user_9617257
pd-user_3878627
pd-user_3715909
pd-user_5618975
pd-user_9219008
pd-user_190337
pd-user_5481916
pd-user_9837656
pd-user_5742681
pd-user_3685421
pd-user_1088114
pd-user_3462180
pd-user_4969840
pd-user_9958217
pd-user_2291645
pd-user_5428000
pd-user_6473375
pd-user_2981841
pd-user_9269918
pd-user_5247779
pd-user_1304250
pd-user_1360089
pd-user_9556027
pd-user_6972602
pd-user_9957507
pd-user_5245556
pd-user_3460912
pd-user_4833659
pd-user_7290478
pd-user_7632521
pd-user_2064820
pd-user_6607473
pd-user_2256649
pd-user_9092636
pd-user_9720224
pd-user_7398971
pd-user_3470548
pd-user_6644234
pd-user_9433947
pd-user_3847306
pd-user_8648983
pd-user_7913899
pd-user_2063366
pd-user_303354
pd-user_8859854
pd-user_6799133
pd-user_6656626
pd-user_1539601
pd-user_868661
pd-user_1101871
pd-user_690214
pd-user_7949485
pd-user_3579934
pd-user_3911376
pd-user_6767133
pd-user_958232
pd-user_8642852
pd-user_4673265
pd-user_5548962
pd-user_7457574
pd-user_5256672
pd-user_5240790
pd-user_4996197
pd-user_7748880
pd-user_5402280
pd-user_5199957
pd-user_1662196
pd-user_6807307
pd-user_3130777
pd-user_9430353
pd-user_8792027
pd-user_1773159
pd-user_7365241
pd-user_2859498
pd-user_2864902
pd-user_8559225
pd-user_1153721
pd-user_5996622
pd-user_4978918
pd-user_7041616
pd-user_7042853
pd-user_6078051
pd-user_4487897
pd-user_6389462
pd-user_5594786
pd-user_1080555
pd-user_4232331
pd-user_6522158
pd-user_6769758
pd-user_1239532
pd-user_3499332
pd-user_753512
pd-user_5087093
pd-user_4662163
pd-user_1270063
pd-user_3833556
pd-user_7386086
pd-user_5827294
pd-user_2267453
pd-user_6593447
pd-user_5235109
pd-user_7161922
pd-user_5257406
pd-user_2462070
pd-user_7257135
pd-user_745967
pd-user_2426699
pd-user_6197549
pd-user_1636319
pd-user_8636152
pd-user_5051778
pd-user_5795927
pd-user_9097385
pd-user_3517760
pd-user_392585
pd-user_6724917
pd-user_5080902
pd-user_8880677
pd-user_5660776
pd-user_2124260
pd-user_4598693
pd-user_7420881
pd-user_711002
pd-user_2822316
pd-user_4348216
pd-user_7065414
pd-user_9291249
pd-user_8539697
pd-user_3033901
pd-user_5385517
pd-user_3137079
pd-user_1457314
pd-user_7385929
pd-user_3926776
pd-user_1891013
pd-user_1884690
pd-user_4855098
pd-user_2576560
pd-user_7887828
pd-user_1997086
pd-user_8108509
pd-user_8702979
pd-user_777109
pd-user_2947604
pd-user_8873957
pd-user_4348797
pd-user_9714437
pd-user_7804602
pd-user_8874665
pd-user_225065
pd-user_8890068
pd-user_2069932
pd-user_1597387
pd-user_8550380
pd-user_4959696
pd-user_7434798
pd-user_6999207
pd-user_1597706
pd-user_4732850
pd-user_1180736
pd-user_398543
pd-user_4619201
pd-user_9732028
pd-user_5823658
pd-user_8920473
pd-user_1965273
pd-user_8812517
pd-user_7876075
pd-user_1958725
pd-user_6854905
pd-user_7415336
pd-user_564428
pd-user_6688670
pd-user_2096760
pd-user_4812215
pd-user_7458259
pd-user_9418794
pd-user_7019232
pd-user_9205684
pd-user_8686991
pd-user_5680861
pd-user_1757425
pd-user_7095419
pd-user_4224384
pd-user_7009825
pd-user_4158042
pd-user_5717480
pd-user_5915720
pd-user_3477493
pd-user_8085655
pd-user_9422357
pd-user_7150433
pd-user_8520947
pd-user_7762882
pd-user_7983776
pd-user_3002436
pd-user_8156355
pd-user_6738905
pd-user_2166922
pd-user_98377
pd-user_4143449
pd-user_4204743
pd-user_1250111
pd-user_5499402
pd-user_1305536
pd-user_9219442
pd-user_5002370
pd-user_7902211
pd-user_5084631
pd-user_9716076
pd-user_3708840
pd-user_5352092
pd-user_6699545
pd-user_3047629
pd-user_3148470
pd-user_6573902
pd-user_9846839
pd-user_6852593
pd-user_3900238
pd-user_4532899
pd-user_8277718
pd-user_5113076
pd-user_2680189
pd-user_1301898
pd-user_8776185
pd-user_7361336
pd-user_3002398
pd-user_6936407
pd-user_6704070
pd-user_7304818
pd-user_2807139
pd-user_569051
pd-user_7120294
pd-user_9327303
pd-user_4059160
pd-user_8542483
pd-user_6639162
pd-user_7001713
pd-user_6235272
pd-user_6323595
pd-user_3182835
pd-user_8975500
pd-user_1081102
pd-user_5638739
pd-user_4681002
pd-user_1547192
pd-user_2648209
pd-user_1141904
pd-user_3110165
pd-user_2646555
pd-user_6467790
pd-user_7371071
pd-user_6536287
pd-user_197662
pd-user_8004908
pd-user_5059728
pd-user_2149860
pd-user_3538569
pd-user_4792697
pd-user_2456284
pd-user_1286917
pd-user_9168289
pd-user_824667
pd-user_191928
pd-user_110094
pd-user_553354
pd-user_1033750
pd-user_7446819
pd-user_5030939
pd-user_3946985
pd-user_5551383
pd-user_2719960
pd-user_9754628
pd-user_1037112
pd-user_5597739
pd-user_3124546
pd-user_6072896
pd-user_2816316
pd-user_4640426
pd-user_3933368
pd-user_3737941
pd-user_3315573
pd-user_2023830
pd-user_9074404
pd-user_9629198
pd-user_181561
pd-user_2185082
pd-user_998237
pd-user_8736938
pd-user_3384161
pd-user_4906545
pd-user_6271935
pd-user_3385698
pd-user_1505825
pd-user_8698193
pd-user_8424076
pd-user_9337076
pd-user_5404522
pd-user_7293172
pd-user_56405
pd-user_9654824
pd-user_5258832
pd-user_4157235
pd-user_2158190
pd-user_6060423
pd-user_2396024
pd-user_4501660
pd-user_2175380
pd-user_8452916
pd-user_6645952
pd-user_7929807
pd-user_9640686
pd-user_4622631
pd-user_8402090
pd-user_156979
pd-user_771673
pd-user_2380927
pd-user_4535589
pd-user_9203796
pd-user_764468
pd-user_148592
pd-user_9099755
pd-user_5192229
pd-user_970194
pd-user_2871890
pd-user_3985986
pd-user_5052509
pd-user_291825
pd-user_5401732
pd-user_7132862
pd-user_2289604
pd-user_2225505
pd-user_4413095
pd-user_5250445
pd-user_5816239
pd-user_6633516
pd-user_2900747
pd-user_2157845
pd-user_9279221
pd-user_5620188
pd-user_1951343
pd-user_3933575
pd-user_6120385
pd-user_9323299
pd-user_9751907
pd-user_3546696
pd-user_2937858
pd-user_841265
pd-user_204146
pd-user_6893496
pd-user_2409418
pd-user_6222897
pd-user_3822774
pd-user_9798791
pd-user_7643776
pd-user_3525128
pd-user_6670381
pd-user_8128095
pd-user_696107
pd-user_6752917
pd-user_8880980
pd-user_8298955
pd-user_6300236
pd-user_4689616
pd-user_1112056
pd-user_7451607
pd-user_7914219
pd-user_9114799
pd-user_3961830
pd-user_1066492
pd-user_1456228
pd-user_3403211
pd-user_3615198
pd-user_7982014
pd-user_9293269
pd-user_4275132
pd-user_9195735
pd-user_4862301
pd-user_159410
pd-user_2472238
pd-user_2121982
pd-user_8153149
pd-user_8599196
pd-user_9105228
pd-user_5962805
pd-user_3033988
pd-user_162734
pd-user_1496767
pd-user_5303549
pd-user_8828403
pd-user_8986744
pd-user_5020589
pd-user_9856219
pd-user_9753364
pd-user_853175
pd-user_2332758
pd-user_5794267
pd-user_4724455
pd-user_9515196
pd-user_4886822
pd-user_5057634
pd-user_2048066
pd-user_18829
pd-user_3875640
pd-user_6932644
pd-user_192853
pd-user_7465199
pd-user_4678456
pd-user_6230911
pd-user_5462321
pd-user_9113365
pd-user_1567915
pd-user_1931437
pd-user_9152474
pd-user_1366900
pd-user_8315972
pd-user_6127892
pd-user_8390750
pd-user_612608
pd-user_7315376
pd-user_5794295
pd-user_1522544
pd-user_3809824
pd-user_7790709
pd-user_8591368
pd-user_1764263
pd-user_4483425
pd-user_788622
pd-user_9393235
pd-user_5061973
pd-user_7526419
pd-user_2260316
pd-user_8682407
pd-user_4565839
pd-user_7302186
pd-user_9431330
pd-user_1411753
pd-user_1092809
pd-user_1348355
pd-user_2923414
pd-user_7080504
pd-user_6648973
pd-user_3501859
pd-user_2408132
pd-user_7741327
pd-user_631672
pd-user_1624407
pd-user_5604599
pd-user_5821166
pd-user_9698859
pd-user_149768
pd-user_3025538
pd-user_2928142
pd-user_5086754
pd-user_3656687
pd-user_5292083
pd-user_5821102
pd-user_3816613
pd-user_9543861
pd-user_1083123
pd-user_2397250
pd-user_1633411
pd-user_4814523
pd-user_8905108
pd-user_8053212
pd-user_9740641
pd-user_6530965
pd-user_8398649
pd-user_7518080
pd-user_5035746
pd-user_4819784
pd-user_3783536
pd-user_2575501
pd-user_9271659
pd-user_3537586
pd-user_5645374
pd-user_5946600
pd-user_4468058
pd-user_7169332
pd-user_8730035
pd-user_3125582
pd-user_365829
pd-user_6924582
pd-user_7315977
pd-user_5839189
pd-user_8780884
pd-user_759887
pd-user_633271
pd-user_3844234
pd-user_4387051
pd-user_8943821
pd-user_6737564
pd-user_8565345
pd-user_1023855
pd-user_5190485
pd-user_205941
pd-user_5507594
pd-user_7975039
pd-user_2529703
pd-user_1573614
pd-user_5071756
pd-user_931637
pd-user_8367347
pd-user_6588815
pd-user_1395269
pd-user_1521144
pd-user_5926605
pd-user_7717608
pd-user_9274712
pd-user_9311265
pd-user_1564850
pd-user_1587182
pd-user_1954887
pd-user_7236168
pd-user_9005631
pd-user_744496
pd-user_6425076
pd-user_2090582
pd-user_5790012
pd-user_2349336
pd-user_8469054
pd-user_5914997
pd-user_2189458
pd-user_9936539
pd-user_8335045
pd-user_7211526
pd-user_8368702
pd-user_777922
pd-user_1171606
pd-user_7485653
pd-user_8418429
pd-user_4664387
pd-user_1000368
pd-user_7124865
pd-user_6257810
pd-user_8722165
pd-user_2923452
pd-user_2917494
pd-user_2038402
pd-user_8756232
pd-user_4468247
pd-user_4083907
pd-user_9619138
pd-user_6025823
pd-user_3323957
pd-user_4415017
pd-user_7268078
pd-user_2640737
pd-user_4105168
pd-user_8003263
pd-user_9018861
pd-user_4052423
pd-user_4380102
pd-user_724352
pd-user_3193956
pd-user_4886409
pd-user_7636707
pd-user_165093
pd-user_2669581
pd-user_1369206
pd-user_703282
pd-user_1877734
pd-user_88207
pd-user_8372729
pd-user_8851365
pd-user_1071880
pd-user_5683176
pd-user_8268176
pd-user_1173364
pd-user_977778
pd-user_5253150
pd-user_2700530
pd-user_1485966
pd-user_4958555
pd-user_1371677
pd-user_6830545
pd-user_5500654
pd-user_7918620
pd-user_3259980
pd-user_8061827
pd-user_4647287
pd-user_8931028
pd-user_4275542
pd-user_5732135
pd-user_9655310
pd-user_1566469
pd-user_4786709
pd-user_3354568
pd-user_6827453
pd-user_8976317
pd-user_1493808
pd-user_5884605
pd-user_156384
pd-user_5739116
pd-user_6718220
pd-user_2127689
pd-user_6141808
pd-user_1822211
pd-user_1548703
pd-user_9098988
pd-user_9246556
pd-user_7380997
pd-user_836246
pd-user_766005
pd-user_1854857
pd-user_7138898
pd-user_6382701
pd-user_3096519
pd-user_4569785
pd-user_7370130
pd-user_948872
pd-user_1132239
pd-user_1306566
pd-user_3047752
pd-user_9889247
pd-user_9353797
pd-user_2060876
pd-user_4618208
pd-user_1833216
pd-user_5887682
pd-user_7801014
pd-user_9716133
pd-user_7549766
pd-user_8851199
pd-user_1046753
pd-user_1293590
pd-user_419360
pd-user_6859153
pd-user_5330451
pd-user_5589724
pd-user_7635216
pd-user_4578228
pd-user_7686281
pd-user_8155413
pd-user_8577039
pd-user_3837541
pd-user_49430
pd-user_7019193
pd-user_4963459
pd-user_5089123
pd-user_4760369
pd-user_6193494
pd-user_7487804
pd-user_8890226
pd-user_1592070
pd-user_4911065
pd-user_4216841
pd-user_2162347
pd-user_7815727
pd-user_525993
pd-user_2401091
pd-user_5739782
pd-user_1662924
pd-user_1174014
pd-user_2278401
pd-user_5052221
pd-user_3639664
pd-user_6227786
pd-user_8936564
pd-user_9249945
pd-user_9764786
pd-user_4077331
pd-user_1859424
pd-user_8439433
pd-user_8028866
pd-user_10905
pd-user_9514015
pd-user_6309099
pd-user_7434144
pd-user_5045144
pd-user_3838733
pd-user_2787137
pd-user_8312161
pd-user_7987156
pd-user_2497923
pd-user_5270533
pd-user_5093632
pd-user_3345013
pd-user_8649079
pd-user_1377851
pd-user_1686125
pd-user_9417373
pd-user_8629562
pd-user_3500888
pd-user_9543558
pd-user_3227445
pd-user_3042913
pd-user_3519724
pd-user_4023220
pd-user_9434924
pd-user_1210886
pd-user_9774267
pd-user_8127247
pd-user_1883439
pd-user_2344082
pd-user_8724347
pd-user_8818933
pd-user_19577
pd-user_7039891
pd-user_6589102
pd-user_7122193
pd-user_4507853
pd-user_8460480
pd-user_7838235
pd-user_3062756
pd-user_9969618
pd-user_9415548
pd-user_1971008
pd-user_1140341
pd-user_1493201
pd-user_9313218
pd-user_4625057
pd-user_3747431
pd-user_2674171
pd-user_5137406
pd-user_125115
pd-user_4333127
pd-user_7313701
pd-user_8040021
pd-user_932199
pd-user_7284939
pd-user_3062910
pd-user_5268513
pd-user_1916529
pd-user_2056355
pd-user_1496268
pd-user_275643
pd-user_5031081
pd-user_8326566
pd-user_5726708
pd-user_1711711
pd-user_6468898
pd-user_764831
pd-user_7581789
pd-user_9660690
pd-user_9644312
pd-user_6676666
pd-user_6313590
pd-user_8483091
pd-user_5516491
pd-user_318120
pd-user_6771612
pd-user_4323740
pd-user_1332854
pd-user_1377645
pd-user_278425
pd-user_6240702
pd-user_6778902
pd-user_8759322
pd-user_1516377
pd-user_5818420
pd-user_4405492
pd-user_4747252
pd-user_6673889
pd-user_9330740
pd-user_3840383
pd-user_2403102
pd-user_9478418
pd-user_3479026
pd-user_620975
pd-user_604146
pd-user_3093564
pd-user_9002673
pd-user_8469480
pd-user_649082
pd-user_1176334
pd-user_3591358
pd-user_655642
pd-user_6755436
pd-user_1521180
pd-user_7529603
pd-user_1714067
pd-user_549343
pd-user_8489030
pd-user_697111
pd-user_3781855
pd-user_9608359
pd-user_4696847
pd-user_8243110
pd-user_4374838
pd-user_8814003
pd-user_2865906
pd-user_6664149
pd-user_6829962
pd-user_2211202
pd-user_7712150
pd-user_6518217
pd-user_2053331
pd-user_9908683
pd-user_9228790
pd-user_5053516
pd-user_1398427
pd-user_3099730
pd-user_8842915
pd-user_7927764
pd-user_683023
pd-user_7442682
pd-user_3357847
pd-user_450699
pd-user_295506
pd-user_8933682
pd-user_5070454
pd-user_2665872
pd-user_779867
pd-user_7643616
pd-user_8881908
pd-user_3882452
pd-user_3250515
pd-user_3870989
pd-user_7444428
pd-user_6905158
pd-user_3670567
pd-user_3027236
pd-user_2941757
pd-user_2337335
pd-user_1097968
pd-user_5336611
pd-user_9501151
pd-user_8369496
pd-user_2051033
pd-user_9804689
pd-user_3705573
pd-user_94810
pd-user_9435338
pd-user_9851490
pd-user_6059398
pd-user_4435791
pd-user_9484425
pd-user_4784152
pd-user_8491752
pd-user_8287220
pd-user_4208138
pd-user_2332841
pd-user_8739133
pd-user_9001768
pd-user_7073252
pd-user_9937386
pd-user_3427933
pd-user_3026283
pd-user_4862672
pd-user_4015986
pd-user_2933318
pd-user_1869621
pd-user_2749816
pd-user_7023309
pd-user_9906614
pd-user_7289862
pd-user_2410454
pd-user_1360923
pd-user_5205805
pd-user_2139459
pd-user_5431809
pd-user_5476275
pd-user_7903509
pd-user_3608587
pd-user_1532556
pd-user_1281786
pd-user_6699897
pd-user_3863772
pd-user_4430168
pd-user_8035771
pd-user_6342128
pd-user_6691731
pd-user_3899813
pd-user_2123028
pd-user_2106348
pd-user_6617605
pd-user_9650215
pd-user_2891852
pd-user_442619
pd-user_6796245
pd-user_9724669
pd-user_5806875
pd-user_3472630
pd-user_1177225
pd-user_7309514
pd-user_4520481
pd-user_8386299
pd-user_6957702
pd-user_1352453
pd-user_1932543
pd-user_2713180
pd-user_3909647
pd-user_1265907
pd-user_6018839
pd-user_2469765
pd-user_7265505
pd-user_1787230
pd-user_4186779
pd-user_1979163
pd-user_1834973
pd-user_8431405
pd-user_1535698
pd-user_2124226
pd-user_4046534
pd-user_6956245
pd-user_1896118
pd-user_5838611
pd-user_3435805
pd-user_8722119
pd-user_8502253
pd-user_2667880
pd-user_5230819
pd-user_3173424
pd-user_8639194
pd-user_4540527
pd-user_6083099
pd-user_8335502
pd-user_2317979
pd-user_8479939
pd-user_5302773
pd-user_8454847
pd-user_4791358
pd-user_985564
pd-user_6930621
pd-user_5950647
pd-user_2905900
pd-user_4602819
pd-user_96157
pd-user_3927122
pd-user_6607873
pd-user_7379972
pd-user_1444888
pd-user_7383778
pd-user_977029
pd-user_7984580
pd-user_2086505
pd-user_5789399
pd-user_9463169
pd-user_9046915
pd-user_6578675
pd-user_1451020
pd-user_8711275
pd-user_4541482
pd-user_7317792
pd-user_5881146
pd-user_6287367
pd-user_6327973
pd-user_4904379
pd-user_1542398
pd-user_5393317
pd-user_8502590
pd-user_3195510
pd-user_9506779
pd-user_6866944
pd-user_9926593
pd-user_3118972
pd-user_2700935
pd-user_5674857
pd-user_1392694
pd-user_5743063
pd-user_9109467
pd-user_1193529
pd-user_3046263
pd-user_4117815
pd-user_3613728
pd-user_2844937
pd-user_361387
pd-user_9731226
pd-user_2889974
pd-user_5541207
pd-user_3328398
pd-user_7368090
pd-user_9544108
pd-user_1391196
pd-user_688455
pd-user_258218
pd-user_7485638
pd-user_2801607
pd-user_2792085
pd-user_4388757
pd-user_2212945
pd-user_1081012
pd-user_7982782
pd-user_8222412
pd-user_3479788
pd-user_9966159
pd-user_893981
pd-user_6241817
pd-user_909740
pd-user_8927598
pd-user_6868468
pd-user_3204755
pd-user_2171930
pd-user_7665510
pd-user_4325995
pd-user_4394862
pd-user_4222032
pd-user_4074716
pd-user_4835991
pd-user_4966975
pd-user_1541599
pd-user_2042342
pd-user_8807024
pd-user_5872508
pd-user_2558435
pd-user_8949514
pd-user_4124532
pd-user_8445135
pd-user_9993116
pd-user_588232
pd-user_8325330
pd-user_7303881
pd-user_3199592
pd-user_4494536
pd-user_2892961
pd-user_3718926
pd-user_6377968
pd-user_7704864
pd-user_3219776
pd-user_8382106
pd-user_468250
pd-user_4336044
pd-user_3774504
pd-user_1431600
pd-user_2446960
pd-user_6491044
pd-user_6057355
pd-user_8681487
pd-user_9124729
pd-user_1769060
pd-user_1697861
pd-user_8976281
pd-user_6664584
pd-user_8698661
pd-user_5142599
pd-user_3422828
pd-user_4291889
pd-user_8690592
pd-user_3823736
pd-user_843037
pd-user_2978593
pd-user_6705821
pd-user_3238892
pd-user_6297459
pd-user_7178895
pd-user_9479349
pd-user_3026053
pd-user_8577747
pd-user_4365717
pd-user_7048779
pd-user_6644460
pd-user_5123413
pd-user_4787345
pd-user_6864462
pd-user_8368675
pd-user_1679201
pd-user_9842246
pd-user_6005277
pd-user_491656
pd-user_3763349
pd-user_4428779
pd-user_8289069
pd-user_9600340
pd-user_9858703
pd-user_5998248
pd-user_8940958
pd-user_6138628
pd-user_1632824
pd-user_6586033
pd-user_4524406
pd-user_6874689
pd-user_5093021
pd-user_932666
pd-user_1600704
pd-user_9060754
pd-user_8377361
pd-user_9445492
pd-user_9229579
pd-user_3968495
pd-user_5153578
pd-user_3190744
pd-user_3796360
pd-user_2219376
pd-user_1409492
pd-user_4183601
pd-user_8321060
pd-user_1591658
pd-user_8675878
pd-user_5732211
pd-user_8043087
pd-user_826147
pd-user_7636019
pd-user_7846501
pd-user_2545435
pd-user_4485693
pd-user_4788483
pd-user_2362156
pd-user_5956399
pd-user_1007508
pd-user_9033020
pd-user_4798315
pd-user_2646590
pd-user_8649131
pd-user_7243142
pd-user_3298863
pd-user_6077311
pd-user_2193364
pd-user_3599013
pd-user_1113850
pd-user_2887913
pd-user_7847580
pd-user_2616909
pd-user_5522023
pd-user_2374835
pd-user_1318174
pd-user_5286631
pd-user_5048209
pd-user_6149971
pd-user_5203203
pd-user_4041664
pd-user_3994630
pd-user_836093
pd-user_5212920
pd-user_1471367
pd-user_9454288
pd-user_676466
pd-user_3856762
pd-user_4015270
pd-user_6319481
pd-user_1779276
pd-user_1568495
pd-user_3616287
pd-user_3001802
pd-user_49241
pd-user_8713393
pd-user_3564827
pd-user_135431
pd-user_2675472
pd-user_6538804
pd-user_2438852
pd-user_835654
pd-user_5848928
pd-user_9283968
pd-user_2431908
pd-user_6008132
pd-user_8418729
pd-user_1596985
pd-user_7443450
pd-user_6924754
pd-user_6171453
pd-user_2273562
pd-user_9220933
pd-user_6094801
pd-user_4286284
pd-user_3002796
pd-user_1684453
pd-user_5804522
pd-user_6357791
pd-user_7585230
pd-user_2134843
pd-user_8190436
pd-user_2854885
pd-user_9538207
pd-user_5490647
pd-user_198124
pd-user_8330963
pd-user_9279472
pd-user_1506447
pd-user_4056527
pd-user_1236593
pd-user_3009681
pd-user_706597
pd-user_2593125
pd-user_2378069
pd-user_3840608
pd-user_3526880
pd-user_7741384
pd-user_1189612
pd-user_4222632
pd-user_9845490
pd-user_6644345
pd-user_5435147
pd-user_8294355
pd-user_4961343
pd-user_6526141
pd-user_1580873
pd-user_4954982
pd-user_3389184
pd-user_3902512
pd-user_4325921
pd-user_3413528
pd-user_2689438
pd-user_8793430
pd-user_1348567
pd-user_3324529
pd-user_8403642
pd-user_5022629
pd-user_7147193
pd-user_5492734
pd-user_9272147
pd-user_5188754
pd-user_836967
pd-user_9399976
pd-user_7981443
pd-user_3634242
pd-user_4150859
pd-user_4802285
pd-user_7076434
pd-user_4461253
pd-user_6139338
pd-user_9396689
pd-user_522438
pd-user_8539286
pd-user_7480749
pd-user_2433952
pd-user_4246432
pd-user_6944649
pd-user_984392
pd-user_5915115
pd-user_1741163
pd-user_3305041
pd-user_8134618
pd-user_1997989
pd-user_4155045
pd-user_7762447
pd-user_7944021
pd-user_9418831
pd-user_5575131
pd-user_7553461
pd-user_9363869
pd-user_2918660
pd-user_1212442
pd-user_9432248
pd-user_6255558
pd-user_1821955
pd-user_3829671
pd-user_6388300
pd-user_7555888
pd-user_8791092
pd-user_1291252
pd-user_4829587
pd-user_2544337
pd-user_8545882
pd-user_1925277
pd-user_9215445
pd-user_6233656
pd-user_5871382
pd-user_4138851
pd-user_8580850
pd-user_6515347
pd-user_7727101
pd-user_1585212
pd-user_6621265
pd-user_9181658
pd-user_8469266
pd-user_4435920
pd-user_5196701
pd-user_7973884
pd-user_3406899
pd-user_4916316
pd-user_8113539
pd-user_8022189
pd-user_1579474
pd-user_9593952
pd-user_1893159
pd-user_7524766
pd-user_3963341
pd-user_1140482
pd-user_6404944
pd-user_4014266
pd-user_2292509
pd-user_1490142
pd-user_8732603
pd-user_6921241
pd-user_931358
pd-user_929880
pd-user_7948139
pd-user_9112133
pd-user_2234531
pd-user_8012606
pd-user_575433
pd-user_6780107
pd-user_3771093
pd-user_7336687
pd-user_1067011
pd-user_9873610
pd-user_3651287
pd-user_934504
pd-user_2580171
pd-user_1868955
pd-user_6132462
pd-user_4428313
pd-user_7292564
pd-user_8882040
pd-user_2334274
pd-user_2458337
pd-user_7604486
pd-user_6523731
pd-user_24799
pd-user_7388029
pd-user_7574610
pd-user_167326
pd-user_5487658
pd-user_666923
pd-user_3757412
pd-user_2111591
pd-user_3510393
pd-user_7523117
pd-user_9412017
pd-user_4128922
pd-user_9358411
pd-user_7587066
pd-user_3887561
pd-user_5014011
pd-user_5363727
pd-user_2660288
pd-user_1840923
pd-user_6023448
pd-user_6809678
pd-user_3748256
pd-user_2125043
pd-user_3367560
pd-user_4072681
pd-user_375266
pd-user_6829761
pd-user_1379011
pd-user_8050668
pd-user_899254
pd-user_1010166
pd-user_1622209
pd-user_5743650
pd-user_5442176
pd-user_2712439
pd-user_3014032
pd-user_6627433
pd-user_9187927
pd-user_6091516
pd-user_8407605
pd-user_3564567
pd-user_6611357
pd-user_3209561
pd-user_6388391
pd-user_8091394
pd-user_1420640
pd-user_3255439
pd-user_2188234
pd-user_4229242
pd-user_3361955
pd-user_8397921
pd-user_6493393
pd-user_1216460
pd-user_1506335
pd-user_1390070
pd-user_6025762
pd-user_3618615
pd-user_3184231
pd-user_2747577
pd-user_5145865
pd-user_269496
pd-user_9985130
pd-user_5257006
pd-user_1484920
pd-user_8616424
pd-user_5393320
pd-user_5732995
pd-user_7295257
pd-user_1309696
pd-user_9287541
pd-user_2485176
pd-user_9889494
pd-user_3015296
pd-user_4021120
pd-user_175737
pd-user_1978088
pd-user_1335317
pd-user_6023424
pd-user_5086313
pd-user_6906393
pd-user_573161
pd-user_773795
pd-user_4308764
pd-user_9198291
pd-user_452469
pd-user_4536325
pd-user_6599663
pd-user_2924466
pd-user_8715800
pd-user_1315541
pd-user_2175846
pd-user_6037188
pd-user_6046300
pd-user_7252234
pd-user_6534529
pd-user_2388588
pd-user_2266970
pd-user_5824738
pd-user_6459651
pd-user_1088422
pd-user_1802001
pd-user_229115
pd-user_9925515
pd-user_6405465
pd-user_8373828
pd-user_8069743
pd-user_4162722
pd-user_634659
pd-user_6924654
pd-user_8742410
pd-user_7376756
pd-user_4982146
pd-user_5021422
pd-user_6598079
pd-user_7121654
pd-user_6803019
pd-user_8302835
pd-user_62751
pd-user_8762457
pd-user_9772609
pd-user_9540295
pd-user_1544944
pd-user_5033320
pd-user_4639149
pd-user_6371335
pd-user_4826338
pd-user_398089
pd-user_7958367
pd-user_1432570
pd-user_7782072
pd-user_8461070
pd-user_9485383
pd-user_4248586
pd-user_6202707
pd-user_3257704
pd-user_3480539
pd-user_578774
pd-user_3248009
pd-user_1090457
pd-user_6820060
pd-user_7885033
pd-user_5856932
pd-user_2099093
pd-user_8489111
pd-user_5632278
pd-user_6433796
pd-user_6163541
pd-user_1177003
pd-user_7870781
pd-user_3642074
pd-user_8101913
pd-user_948925
pd-user_9536869
pd-user_432872
pd-user_2203905
pd-user_9079631
pd-user_773059
pd-user_1761374
pd-user_9167924
pd-user_2045155
pd-user_6925906
pd-user_6028909
pd-user_4193838
pd-user_3552394
pd-user_2809102
pd-user_1986144
pd-user_2398588
pd-user_3074564
pd-user_4754764
pd-user_6694049
pd-user_9868602
pd-user_5642213
pd-user_8912754
pd-user_5017954
pd-user_6744785
pd-user_8320963
pd-user_3143045
pd-user_1062782
pd-user_8514228
pd-user_8787513
pd-user_3482939
pd-user_3154676
pd-user_6844607
pd-user_4637209
pd-user_2865853
pd-user_5912382
pd-user_9330464
pd-user_2146168
pd-user_76763
pd-user_3612966
pd-user_8638891
pd-user_1838559
pd-user_1079311
pd-user_1683156
pd-user_2613179
pd-user_9166067
pd-user_3492911
pd-user_3052208
pd-user_4331114
pd-user_7608673
pd-user_4639095
pd-user_6326423
pd-user_1503915
pd-user_6874805
pd-user_8238422
pd-user_8463270
pd-user_1953886
pd-user_1244110
pd-user_3325824
pd-user_7375854
pd-user_2635517
pd-user_5610452
pd-user_7219131
pd-user_8301252
pd-user_3239009
pd-user_9080781
pd-user_3498894
pd-user_4248834
pd-user_6791258
pd-user_2793250
pd-user_3933991
pd-user_1416314
pd-user_7193324
pd-user_6232458
pd-user_5336545
pd-user_2858690
pd-user_7834444
pd-user_8275260
pd-user_3882737
pd-user_8380426
pd-user_2912887
pd-user_81923
pd-user_5753627
pd-user_9522367
pd-user_9805053
pd-user_2698491
pd-user_5662024
pd-user_7773479
pd-user_1788644
pd-user_4884359
pd-user_8795540
pd-user_9864327
pd-user_2786510
pd-user_3045696
pd-user_8833036
pd-user_6764005
pd-user_1109065
pd-user_6501514
pd-user_4343693
pd-user_8998663
pd-user_7659062
pd-user_7009778
pd-user_2592291
pd-user_7051972
pd-user_402855
pd-user_1181631
pd-user_4604119
pd-user_6323982
pd-user_3420070
pd-user_2950130
pd-user_385154
pd-user_3108836
pd-user_3385565
pd-user_3651807
pd-user_4139433
pd-user_2717382
pd-user_4413656
pd-user_5780974
pd-user_3420569
pd-user_5831400
pd-user_6999928
pd-user_643676
pd-user_8715537
pd-user_3174993
pd-user_3001272
pd-user_9439321
pd-user_6561640
pd-user_5430426
pd-user_4947152
pd-user_533954
pd-user_471005
pd-user_2711646
pd-user_9501402
pd-user_3619125
pd-user_3354606
pd-user_9502359
pd-user_4467191
pd-user_8979393
pd-user_3770495
pd-user_3350354
pd-user_9497675
pd-user_2687262
pd-user_7962811
pd-user_2581285
pd-user_1469261
pd-user_902389
pd-user_2034194
pd-user_7271121
pd-user_8048764
pd-user_5036578
pd-user_8482487
pd-user_3759185
pd-user_7110437
pd-user_523464
pd-user_6146925
pd-user_4120769
pd-user_8279013
pd-user_7480933
pd-user_7938068
pd-user_2697697
pd-user_5146259
pd-user_7451755
pd-user_8043245
pd-user_3506846
pd-user_6789373
pd-user_1459041
pd-user_5279721
pd-user_1150358
pd-user_2376192
pd-user_2718880
pd-user_8270736
pd-user_8785784
pd-user_8985451
pd-user_9024533
pd-user_5229144
pd-user_6222339
pd-user_9182253
pd-user_231238
pd-user_8822365
pd-user_4367557
pd-user_9806320
pd-user_6655308
pd-user_2689439
pd-user_5005763
pd-user_3187166
pd-user_9127708
pd-user_3328032
pd-user_8829180
pd-user_1983875
pd-user_6983950
pd-user_7807055
pd-user_1270520
pd-user_7639909
pd-user_8882383
pd-user_6489568
pd-user_8661141
pd-user_7598495
pd-user_1724656
pd-user_1942453
pd-user_637695
pd-user_1698786
pd-user_1156687
pd-user_2045394
pd-user_2331041
pd-user_5316970
pd-user_2166429
pd-user_7712675
pd-user_1888568
pd-user_8343713
pd-user_8535290
pd-user_2739815
pd-user_1067153
pd-user_8268600
pd-user_6708883
pd-user_7419072
pd-user_3325425
pd-user_9098992
pd-user_3662684
pd-user_9968791
pd-user_2051270
pd-user_3095239
pd-user_4297916
pd-user_1113121
pd-user_245157
pd-user_4833685
pd-user_6712793
pd-user_3991831
pd-user_461108
pd-user_3872647
pd-user_7802669
pd-user_9783116
pd-user_6731234
pd-user_4447904
pd-user_8835908
pd-user_7851954
pd-user_569032
pd-user_6039038
pd-user_5584919
pd-user_4799985
pd-user_7143718
pd-user_1355738
pd-user_4688111
pd-user_2105267
pd-user_2015176
pd-user_1134054
pd-user_9838140
pd-user_1820846
pd-user_7241910
pd-user_5765108
pd-user_495894
pd-user_8774291
pd-user_9805632
pd-user_1529526
pd-user_8844337
pd-user_979871
pd-user_1947784
pd-user_5841658
pd-user_5391802
pd-user_5292239
pd-user_4104081
pd-user_3541843
pd-user_3926396
pd-user_4831392
pd-user_6002913
pd-user_2313643
pd-user_5234861
pd-user_6440939
pd-user_6591245
pd-user_4268229
pd-user_5891544
pd-user_7054825
pd-user_577812
pd-user_1091222
pd-user_9236858
pd-user_5564450
pd-user_4381078
pd-user_4371323
pd-user_8656680
pd-user_9492203
pd-user_3339111
pd-user_7060009
pd-user_4684659
pd-user_3460994
pd-user_7528623
pd-user_1602994
pd-user_5315606
pd-user_5397388
pd-user_4924655
pd-user_6230177
pd-user_3153856
pd-user_8756301
pd-user_7650146
pd-user_6413652
pd-user_853696
pd-user_7419748
pd-user_8434553
pd-user_4144891
pd-user_5661546
pd-user_5706479
pd-user_4949101
pd-user_2801967
pd-user_2801749
pd-user_530056
pd-user_9263890
pd-user_1670525
pd-user_1275843
pd-user_425815
pd-user_1988202
pd-user_234544
pd-user_3428027
pd-user_1409167
pd-user_4006030
pd-user_8772709
pd-user_3919606
pd-user_9511448
pd-user_8226961
pd-user_7983440
pd-user_5608051
pd-user_986762
pd-user_3211038
pd-user_1183280
pd-user_1626947
pd-user_6192597
pd-user_5325159
pd-user_5094492
pd-user_3495140
pd-user_3140655
pd-user_9228461
pd-user_46828
pd-user_9972866
pd-user_5101430
pd-user_5190953
pd-user_1331595
pd-user_2696476
pd-user_9586723
pd-user_9266152
pd-user_1632756
pd-user_3175357
pd-user_9349982
pd-user_1227873
pd-user_3540034
pd-user_8494300
pd-user_7392620
pd-user_5911527
pd-user_8226395
pd-user_7276932
pd-user_8742540
pd-user_6319818
pd-user_8166561
pd-user_4065426
pd-user_6828055
pd-user_5830349
pd-user_4510207
pd-user_8198693
pd-user_372626
pd-user_4739714
pd-user_9497076
pd-user_3519889
pd-user_5646277
pd-user_7529824
pd-user_1872754
pd-user_2101576
pd-user_5994106
pd-user_2324915
pd-user_6648219
pd-user_9727447
pd-user_7126670
pd-user_818878
pd-user_8319409
pd-user_8436773
pd-user_425333
pd-user_8496424
pd-user_9274918
pd-user_1998952
pd-user_7191757
pd-user_7269553
pd-user_7235199
pd-user_4210877
pd-user_3999924
pd-user_6331924
pd-user_9764888
pd-user_2455898
pd-user_6283476
pd-user_9665811
pd-user_982035
pd-user_5546739
pd-user_1674768
pd-user_3733423
pd-user_2876203
pd-user_262615
pd-user_1061369
pd-user_8728650
pd-user_4359291
pd-user_8488955
pd-user_1943865
pd-user_5496349
pd-user_5037995
pd-user_9955944
pd-user_8938238
pd-user_3025501
pd-user_1108373
pd-user_2047732
pd-user_6858198
pd-user_8262310
pd-user_5535636
pd-user_2771796
pd-user_8822204
pd-user_276409
pd-user_3565433
pd-user_5500701
pd-user_6841733
pd-user_3456389
pd-user_6044996
pd-user_8238072
pd-user_6481396
pd-user_9710744
pd-user_8103755
pd-user_8883785
pd-user_7460881
pd-user_1459294
pd-user_9237665
pd-user_2258902
pd-user_7305563
pd-user_2083128
pd-user_6796024
pd-user_8782528
pd-user_7624361
pd-user_4420689
pd-user_8145690
pd-user_1778598
pd-user_5419367
pd-user_3019604
pd-user_4523118
pd-user_9691986
pd-user_834985
pd-user_1667397
pd-user_9216986
pd-user_3947392
pd-user_5610579
pd-user_469540
pd-user_267328
pd-user_1092379
pd-user_5392957
pd-user_7615083
pd-user_3370410
pd-user_7617926
pd-user_2026430
pd-user_1281627
pd-user_417121
pd-user_7392785
pd-user_9714066
pd-user_7087610
pd-user_9085293
pd-user_7751503
pd-user_9546186
pd-user_9499831
pd-user_294326
pd-user_9442370
pd-user_6733591
pd-user_2092980
pd-user_4819244
pd-user_2714772
pd-user_9729371
pd-user_9149737
pd-user_439527
pd-user_761011
pd-user_3996692
pd-user_535270
pd-user_1620565
pd-user_2027286
pd-user_1643959
pd-user_5724365
pd-user_3834661
pd-user_9823121
pd-user_7485873
pd-user_4525768
pd-user_229365
pd-user_7274438
pd-user_8034748
pd-user_9969115
pd-user_2649667
pd-user_594296
pd-user_385713
pd-user_7638935
pd-user_7875201
pd-user_7257326
pd-user_9887999
pd-user_3694588
pd-user_8365566
pd-user_3443745
pd-user_4978517
pd-user_2046490
pd-user_4253467
pd-user_2402723
pd-user_9258453
pd-user_181199
pd-user_842410
pd-user_1464324
pd-user_6704910
pd-user_8410787
pd-user_8923964
pd-user_430073
pd-user_8328217
pd-user_6802068
pd-user_9309121
pd-user_6977123
pd-user_1056840
pd-user_4775381
pd-user_6811264
pd-user_1160747
pd-user_5642684
pd-user_4689641
pd-user_4130183
pd-user_9310434
pd-user_8863777
pd-user_3117335
pd-user_8725124
pd-user_9223180
pd-user_4409005
pd-user_9149054
pd-user_232773
pd-user_7830408
pd-user_6303979
pd-user_6110914
pd-user_5100785
pd-user_4492048
pd-user_3772366
pd-user_5130011
pd-user_5623958
pd-user_4603265
pd-user_688980
pd-user_4345827
pd-user_3789592
pd-user_6250585
pd-user_4763853
pd-user_8697102
pd-user_2001848
pd-user_3987131
pd-user_3698170
pd-user_3861281
pd-user_3867354
pd-user_6729422
pd-user_8370649
pd-user_1348483
pd-user_6067660
pd-user_2481676
pd-user_8323735
pd-user_997453
pd-user_2377333
pd-user_2568388
pd-user_6805504
pd-user_9664219
pd-user_3291382
pd-user_3856604
pd-user_9240616
pd-user_653336
pd-user_5878682
pd-user_5145257
pd-user_6940911
pd-user_3766960
pd-user_7338191
pd-user_5177343
pd-user_9787262
pd-user_626066
pd-user_5436785
pd-user_7134113
pd-user_8124305
pd-user_761029
pd-user_2815104
pd-user_6264373
pd-user_3277404
pd-user_6458873
pd-user_9655333
pd-user_1470553
pd-user_793653
pd-user_7949386
pd-user_4714821
pd-user_1720006
pd-user_6484340
pd-user_5192265
pd-user_3208701
pd-user_4732449
pd-user_1920433
pd-user_9794125
pd-user_7086734
pd-user_4090529
pd-user_5382009
pd-user_4349444
pd-user_6415668
pd-user_3059349
pd-user_5310340
pd-user_4651618
pd-user_785859
pd-user_9681458
pd-user_8892376
pd-user_8050112
pd-user_1137186
pd-user_8037961
pd-user_2540955
pd-user_4828094
pd-user_9239305
pd-user_6301548
pd-user_4557385
pd-user_2074443
pd-user_8477284
pd-user_533568
pd-user_8424184
pd-user_4434987
pd-user_9511668
pd-user_9753737
pd-user_5944519
pd-user_2743206
pd-user_3176067
pd-user_9310751
pd-user_1343172
pd-user_5766522
pd-user_758904
pd-user_5146477
pd-user_8756944
pd-user_5748640
pd-user_9997763
pd-user_6557981
pd-user_9912933
pd-user_5805568
pd-user_2644867
pd-user_4774996
pd-user_8926268
pd-user_7082462
pd-user_332112
pd-user_9048093
pd-user_1375970
pd-user_772412
pd-user_2590581
pd-user_9802682
pd-user_3915237
pd-user_1142648
pd-user_3815778
pd-user_4417503
pd-user_5096938
pd-user_5218487
pd-user_8825732
pd-user_4788223
pd-user_4257270
pd-user_3639165
pd-user_3113256
pd-user_2930201
pd-user_7127323
pd-user_880496
pd-user_9248728
pd-user_6821099
pd-user_4450534
pd-user_9654600
pd-user_4145828
pd-user_1750385
pd-user_4009010
pd-user_6270923
pd-user_1295104
pd-user_3114140
pd-user_7415865
pd-user_1474657
pd-user_8338062
pd-user_4711943
pd-user_9893313
pd-user_8783049
pd-user_1306650
pd-user_5370497
pd-user_8038887
pd-user_1155272
pd-user_4767940
pd-user_3843948
pd-user_8238060
pd-user_6263701
pd-user_2416679
pd-user_2124138
pd-user_8493868
pd-user_3713182
pd-user_1202133
pd-user_7173238
pd-user_3723259
pd-user_413948
pd-user_2997917
pd-user_7233910
pd-user_6257824
pd-user_8472744
pd-user_7266488
pd-user_5660770
pd-user_311976
pd-user_7591646
pd-user_9419322
pd-user_9755878
pd-user_4701160
pd-user_2467108
pd-user_4008681
pd-user_9778265
pd-user_8039942
pd-user_4460855
pd-user_1609422
pd-user_6377472
pd-user_9185039
pd-user_4261345
pd-user_572667
pd-user_873408
pd-user_1627237
pd-user_6900409
pd-user_5211313
pd-user_7758601
pd-user_3922698
pd-user_2200764
pd-user_9777390
pd-user_5627271
pd-user_4985559
pd-user_7822951
pd-user_2209357
pd-user_229388
pd-user_5672653
pd-user_8958792
pd-user_3691246
pd-user_3040111
pd-user_7497786
pd-user_6957345
pd-user_6460196
pd-user_709065
pd-user_1440346
pd-user_5830989
pd-user_6251338
pd-user_6299191
pd-user_9234078
pd-user_3545623
pd-user_6346087
pd-user_7039208
pd-user_8315446
pd-user_9529441
pd-user_883866
pd-user_632364
pd-user_1830413
pd-user_7002159
pd-user_3777136
pd-user_6493993
pd-user_8775578
pd-user_4663165
pd-user_6569068
pd-user_1995166
pd-user_8786028
pd-user_9029630
pd-user_3499668
pd-user_7135131
pd-user_8037294
pd-user_3635500
pd-user_1579630
pd-user_8508121
pd-user_3929441
pd-user_5951404
pd-user_7624073
pd-user_75581
pd-user_1894947
pd-user_582330
pd-user_2898502
pd-user_438765
pd-user_5924762
pd-user_1362318
pd-user_7318404
pd-user_8422870
pd-user_1075145
pd-user_7668456
pd-user_3185919
pd-user_4922044
pd-user_121784
pd-user_1047902
pd-user_9312446
pd-user_1852407
pd-user_5965715
pd-user_646071
pd-user_8906748
pd-user_3766007
pd-user_4893766
pd-user_4744239
pd-user_89361
pd-user_8740158
pd-user_8676879
pd-user_4473644
pd-user_4839797
pd-user_1036035
pd-user_4549908
pd-user_8975332
pd-user_4356466
pd-user_6746095
pd-user_2070816
pd-user_3563562
pd-user_3403747
pd-user_5375017
pd-user_5818490
pd-user_374424
pd-user_8978313
pd-user_3234179
pd-user_9307152
pd-user_5768925
pd-user_9656466
pd-user_5109077
pd-user_7268833
pd-user_4151775
pd-user_2939549
pd-user_6716194
pd-user_552251
pd-user_8659637
pd-user_9966532
pd-user_4785016
pd-user_4971130
pd-user_3550455
pd-user_948090
pd-user_9194184
pd-user_8696915
pd-user_7802311
pd-user_9787206
pd-user_1969032
pd-user_8812454
pd-user_542467
pd-user_6474040
pd-user_1018541
pd-user_7021342
pd-user_4576657
pd-user_2247768
pd-user_2181192
pd-user_4236055
pd-user_7875797
pd-user_7724960
pd-user_2389509
pd-user_9824830
pd-user_3519061
pd-user_1013130
pd-user_1268866
pd-user_5220735
pd-user_7805150
pd-user_4982326
pd-user_5928136
pd-user_6530274
pd-user_3364270
pd-user_8299234
pd-user_9620489
pd-user_6215350
pd-user_4328407
pd-user_2078071
pd-user_4414167
pd-user_4252687
pd-user_1612622
pd-user_2025670
pd-user_9773109
pd-user_5685112
pd-user_5959376
pd-user_5078235
pd-user_996280
pd-user_6437912
pd-user_5786941
pd-user_2277009
pd-user_491125
pd-user_1996762
pd-user_4256104
pd-user_488305
pd-user_9905676
pd-user_5494226
pd-user_1089961
pd-user_7374618
pd-user_8963544
pd-user_67273
pd-user_39070
pd-user_9881226
pd-user_751308
pd-user_9999943
pd-user_996347
pd-user_5798632
pd-user_8345881
pd-user_4465909
pd-user_3489741
pd-user_6321211
pd-user_3630668
pd-user_5668693
pd-user_1080976
pd-user_2032575
pd-user_5659741
pd-user_4803511
pd-user_7399949
pd-user_4164866
pd-user_8023407
pd-user_7952652
pd-user_5024811
pd-user_6166325
pd-user_6351481
pd-user_4028591
pd-user_3236009
pd-user_2004243
pd-user_3527686
pd-user_1134366
pd-user_4577852
pd-user_6351404
pd-user_876677
pd-user_8622254
pd-user_2105461
pd-user_229459
pd-user_8485506
pd-user_7957719
pd-user_2760435
pd-user_4369366
pd-user_4632433
pd-user_3550221
pd-user_7458589
pd-user_4609572
pd-user_9739702
pd-user_5703368
pd-user_2944431
pd-user_8880949
pd-user_7336590
pd-user_3935392
pd-user_4614631
pd-user_9947142
pd-user_4798621
pd-user_1728560
pd-user_4787908
pd-user_7405035
pd-user_4090001
pd-user_2761278
pd-user_2451463
pd-user_3637620
pd-user_6826764
pd-user_2225265
pd-user_427292
pd-user_8479936
pd-user_2766277
pd-user_6103505
pd-user_8151986
pd-user_5838303
pd-user_9187827
pd-user_3106169
pd-user_485385
pd-user_9835068
pd-user_8350051
pd-user_4931848
pd-user_8284659
pd-user_2202268
pd-user_4170239
pd-user_701409
pd-user_5654000
pd-user_8402737
pd-user_9989774
pd-user_1947490
pd-user_593464
pd-user_7756326
pd-user_9359618
pd-user_9344566
pd-user_6596416
pd-user_5741930
pd-user_4972901
pd-user_7361327
pd-user_1687745
pd-user_9152869
pd-user_5433783
pd-user_5457492
pd-user_48042
pd-user_2661190
pd-user_7220306
pd-user_3307237
pd-user_8843893
pd-user_835231
pd-user_8900605
pd-user_3627014
pd-user_7432249
pd-user_2886856
pd-user_2682364
pd-user_2106160
pd-user_1123610
pd-user_6926273
pd-user_9201209
pd-user_2656212
pd-user_7637662
pd-user_8564098
pd-user_5948579
pd-user_7124102
pd-user_4505163
pd-user_5894043
pd-user_828189
pd-user_9781259
pd-user_8215785
pd-user_1669596
pd-user_4192611
pd-user_6549541
pd-user_6346415
pd-user_350828
pd-user_4428861
pd-user_7436159
pd-user_5638751
pd-user_144424
pd-user_1432495
pd-user_1289623
pd-user_5364227
pd-user_691352
pd-user_2038885
pd-user_8416760
pd-user_3400472
pd-user_2298187
pd-user_6182259
pd-user_6917264
pd-user_1002277
pd-user_3025813
pd-user_6902863
pd-user_1444380
pd-user_9287594
pd-user_957723
pd-user_9458448
pd-user_8997137
pd-user_8485717
pd-user_6600079
pd-user_4617258
pd-user_9175807
pd-user_117617
pd-user_9029867
pd-user_6998183
pd-user_5287283
pd-user_403981
pd-user_2256780
pd-user_7613992
pd-user_2152485
pd-user_1031546
pd-user_3301037
pd-user_9291814
pd-user_858118
pd-user_4710734
pd-user_1902192
pd-user_4309805
pd-user_8234585
pd-user_1920690
pd-user_1751639
pd-user_2270065
pd-user_2275676
pd-user_9815721
pd-user_875588
pd-user_9189702
pd-user_4139046
pd-user_4683111
pd-user_472902
pd-user_3872232
pd-user_9981179
pd-user_7102133
pd-user_1161017
pd-user_7604085
pd-user_7737255
pd-user_1415009
pd-user_3967850
pd-user_9856613
pd-user_2097689
pd-user_492960
pd-user_596803
pd-user_2366593
pd-user_2343428
pd-user_1066310
pd-user_7264067
pd-user_3357635
pd-user_1305701
pd-user_2721387
pd-user_5237122
pd-user_2611110
pd-user_8716319
pd-user_9949659
pd-user_1700384
pd-user_5594198
pd-user_354147
pd-user_6143667
pd-user_7379315
pd-user_612233
pd-user_4009985
pd-user_5822852
pd-user_7119338
pd-user_8012450
pd-user_2193062
pd-user_9612501
pd-user_5133557
pd-user_4482560
pd-user_8343242
pd-user_3639850
pd-user_8093044
pd-user_9195494
pd-user_3128696
pd-user_2979640
pd-user_8307018
pd-user_9764753
pd-user_9618740
pd-user_8765967
pd-user_6831547
pd-user_2704404
pd-user_7972245
pd-user_1896659
pd-user_3908228
pd-user_7668972
pd-user_4758277
pd-user_9042292
pd-user_992954
pd-user_3974832
pd-user_5803355
pd-user_9338558
pd-user_1327722
pd-user_6665536
pd-user_830828
pd-user_3622502
pd-user_7253291
pd-user_9453715
pd-user_9262457
pd-user_6226742
pd-user_6599129
pd-user_222392
pd-user_224634
pd-user_3054591
pd-user_3442960
pd-user_4092050
pd-user_9280358
pd-user_1359873
pd-user_4609708
pd-user_5817767
pd-user_9449487
pd-user_1868920
pd-user_4539329
pd-user_9066028
pd-user_3776636
pd-user_5437204
pd-user_4087007
pd-user_1108612
pd-user_4257992
pd-user_8346643
pd-user_3529161
pd-user_1750702
pd-user_7493487
pd-user_5400350
pd-user_9835660
pd-user_6761829
pd-user_7813624
pd-user_6570869
pd-user_8571628
pd-user_4144272
pd-user_7719008
pd-user_5675435
pd-user_4954575
pd-user_1478190
pd-user_3430810
pd-user_4786279
pd-user_4889807
pd-user_2881270
pd-user_3729773
pd-user_5345975
pd-user_3157096
pd-user_2583279
pd-user_1612729
pd-user_2191272
pd-user_7775186
pd-user_2869383
pd-user_9366080
pd-user_888042
pd-user_3440472
pd-user_9298407
pd-user_9242677
pd-user_6804219
pd-user_8953545
pd-user_2364036
pd-user_689842
pd-user_7878509
pd-user_4677481
pd-user_6309029
pd-user_7759192
pd-user_6504857
pd-user_5417350
pd-user_7094361
pd-user_331076
pd-user_9303292
pd-user_7939978
pd-user_5361703
pd-user_9483611
pd-user_8399292
pd-user_2483720
pd-user_7408456
pd-user_4025424
pd-user_1606810
pd-user_6880807
pd-user_7554521
pd-user_8589377
pd-user_7508855
pd-user_6613247
pd-user_4099524
pd-user_4877960
pd-user_9599316
pd-user_5489362
pd-user_465947
pd-user_3909734
pd-user_6126642
pd-user_6096792
pd-user_8834835
pd-user_8034538
pd-user_5107020
pd-user_9798443
pd-user_8555666
pd-user_726226
pd-user_238283
pd-user_9477947
pd-user_5209835
pd-user_3782158
pd-user_8974104
pd-user_9890294
pd-user_6362458
pd-user_3104725
pd-user_6557420
pd-user_1413352
pd-user_3460337
pd-user_8145637
pd-user_979818
pd-user_72858
pd-user_210393
pd-user_9015923
pd-user_8083633
pd-user_659739
pd-user_2399458
pd-user_1927750
pd-user_6381261
pd-user_6346984
pd-user_4242891
pd-user_2694283
pd-user_4625594
pd-user_4104118
pd-user_4000830
pd-user_6448846
pd-user_4010379
pd-user_2254132
pd-user_3347385
pd-user_1295185
pd-user_6759058
pd-user_7222313
pd-user_3826460
pd-user_100633
pd-user_4302365
pd-user_8434589
pd-user_263371
pd-user_3491569
pd-user_1326189
pd-user_434891
pd-user_425291
pd-user_26741
pd-user_3762217
pd-user_8417685
pd-user_7125901
pd-user_5896708
pd-user_6866939
pd-user_3253067
pd-user_8568738
pd-user_9356937
pd-user_2590883
pd-user_5383382
pd-user_4332037
pd-user_2088181
pd-user_4027002
pd-user_9770322
pd-user_8842186
pd-user_5171226
pd-user_6156431
pd-user_9694119
pd-user_2538386
pd-user_4052839
pd-user_1263411
pd-user_3110601
pd-user_1546720
pd-user_4507198
pd-user_8722534
pd-user_2931780
pd-user_9642539
pd-user_1582897
pd-user_9233524
pd-user_9757970
pd-user_133269
pd-user_8051088
pd-user_6209166
pd-user_41789
pd-user_5525017
pd-user_8211002
pd-user_5183532
pd-user_2157646
pd-user_9161238
pd-user_5686057
pd-user_1877553
pd-user_6250421
pd-user_6013909
pd-user_8686126
pd-user_6619279
pd-user_3682794
pd-user_8723817
pd-user_9557450
pd-user_3717146
pd-user_7353348
pd-user_8692076
pd-user_2604964
pd-user_9321057
pd-user_2235591
pd-user_6794054
pd-user_1250551
pd-user_5391159
pd-user_7524497
pd-user_1761389
pd-user_1267619
pd-user_7842002
pd-user_606375
pd-user_8322717
pd-user_9558971
pd-user_4488808
pd-user_3810776
pd-user_7610960
pd-user_4564175
pd-user_1147095
pd-user_896846
pd-user_7801371
pd-user_9813986
pd-user_5103789
pd-user_8952403
pd-user_8901349
pd-user_4819697
pd-user_4530465
pd-user_6026387
pd-user_3299852
pd-user_8777097
pd-user_5846192
pd-user_7231763
pd-user_5098348
pd-user_6656813
pd-user_694669
pd-user_9156444
pd-user_296038
pd-user_9786263
pd-user_1046832
pd-user_5735285
pd-user_5933507
pd-user_762670
pd-user_8085439
pd-user_8623628
pd-user_8178552
pd-user_3593441
pd-user_4243250
pd-user_4309757
pd-user_9524641
pd-user_330256
pd-user_8493360
pd-user_3108012
pd-user_9215233
pd-user_3145454
pd-user_9895284
pd-user_4435938
pd-user_9321068
pd-user_5959436
pd-user_1580264
pd-user_8888834
pd-user_2062290
pd-user_5353364
pd-user_952764
pd-user_8892434
pd-user_9598672
pd-user_2885182
pd-user_4694605
pd-user_639452
pd-user_1510861
pd-user_7354696
pd-user_9758390
pd-user_2342120
pd-user_7326443
pd-user_9710945
pd-user_7112688
pd-user_1584376
pd-user_2647792
pd-user_4092946
pd-user_2365308
pd-user_2781814
pd-user_3270534
pd-user_1568701
pd-user_6952156
pd-user_1335744
pd-user_7197092
pd-user_8398940
pd-user_4333098
pd-user_3873871
pd-user_8247366
pd-user_5927227
pd-user_7421765
pd-user_7964203
pd-user_9174565
pd-user_1550560
pd-user_4623832
pd-user_1701560
pd-user_6385029
pd-user_3827023
pd-user_2892462
pd-user_3927275
pd-user_4208118
pd-user_5441892
pd-user_1947051
pd-user_8269052
pd-user_704860
pd-user_3997820
pd-user_8370548
pd-user_9806479
pd-user_7879628
pd-user_3227403
pd-user_3332760
pd-user_277863
pd-user_3029406
pd-user_7137273
pd-user_6626270
pd-user_2987422
pd-user_8140791
pd-user_4804891
pd-user_5118827
pd-user_6102784
pd-user_4403391
pd-user_4420937
pd-user_1961368
pd-user_53025
pd-user_6349710
pd-user_6500986
pd-user_2190653
pd-user_804558
pd-user_1411894
pd-user_9082215
pd-user_603832
pd-user_6919158
pd-user_4210566
pd-user_9906098
pd-user_1924547
pd-user_3214715
pd-user_6462134
pd-user_4572092
pd-user_8447419
pd-user_5705814
pd-user_2502959
pd-user_5470499
pd-user_9523909
pd-user_8879970
pd-user_3455327
pd-user_4379246
pd-user_9581912
pd-user_8719587
pd-user_2695715
pd-user_3082558
pd-user_4965732
pd-user_2552345
pd-user_3203680
pd-user_918097
pd-user_1781306
pd-user_649650
pd-user_1189500
pd-user_6599665
pd-user_7639657
pd-user_4635567
pd-user_7392515
pd-user_4869925
pd-user_1519498
pd-user_2304593
pd-user_1510163
pd-user_4608570
pd-user_3928911
pd-user_4047506
pd-user_5142809
pd-user_5246400
pd-user_6397243
pd-user_8595171
pd-user_5650463
pd-user_3070587
pd-user_7704645
pd-user_4268804
pd-user_9919761
pd-user_6139015
pd-user_1752700
pd-user_4744749
pd-user_8945292
pd-user_3030233
pd-user_7346966
pd-user_9249825
pd-user_6045145
pd-user_9764842
pd-user_6972025
pd-user_2544342
pd-user_6292557
pd-user_7530991
pd-user_2064458
pd-user_8454443
pd-user_7683794
pd-user_5695970
pd-user_6365992
pd-user_4427369
pd-user_3512926
pd-user_7744505
pd-user_5631509
pd-user_7454809
pd-user_221603
pd-user_3546743
pd-user_2694640
pd-user_3456079
pd-user_4258471
pd-user_2511850
pd-user_6415141
pd-user_5242357
pd-user_1220392
pd-user_4879072
pd-user_2887791
pd-user_8928109
pd-user_9477657
pd-user_9273229
pd-user_8267157
pd-user_5506218
pd-user_3208555
pd-user_4393561
pd-user_5858931
pd-user_6346698
pd-user_8913907
pd-user_1385561
pd-user_954380
pd-user_595725
pd-user_848712
pd-user_665580
pd-user_3249429
pd-user_296535
pd-user_5737200
pd-user_9039225
pd-user_6819147
pd-user_4746777
pd-user_1284794
pd-user_545280
pd-user_1927553
pd-user_6635230
pd-user_8801231
pd-user_773881
pd-user_887364
pd-user_2745969
pd-user_1925357
pd-user_6933594
pd-user_5890185
pd-user_8420417
pd-user_4445674
pd-user_5690883
pd-user_47274
pd-user_7935300
pd-user_3438430
pd-user_3535380
pd-user_7087375
pd-user_6533018
pd-user_6404615
pd-user_260816
pd-user_8940265
pd-user_593855
pd-user_9688584
pd-user_8090935
pd-user_8360579
pd-user_37396
pd-user_5824440
pd-user_7225577
pd-user_2308492
pd-user_3021605
pd-user_5111251
pd-user_5403075
pd-user_544444
pd-user_7176573
pd-user_423853
pd-user_7801039
pd-user_3481450
pd-user_9767280
pd-user_5715059
pd-user_2044814
pd-user_2292693
pd-user_2014773
pd-user_4534146
pd-user_6449728
pd-user_4053681
pd-user_7149808
pd-user_7678505
pd-user_3170569
pd-user_3578922
pd-user_8664273
pd-user_8836895
pd-user_4993041
pd-user_4516663
pd-user_1263729
pd-user_3467589
pd-user_4889824
pd-user_3079193
pd-user_6755251
pd-user_2005340
pd-user_9018788
pd-user_9314564
pd-user_1559359
pd-user_7942814
pd-user_296507
pd-user_8579092
pd-user_6168674
pd-user_8621675
pd-user_1880822
pd-user_481474
pd-user_9907876
pd-user_7647739
pd-user_3511027
pd-user_3617964
pd-user_3972751
pd-user_4144292
pd-user_6972066
pd-user_3669972
pd-user_5306542
pd-user_571581
pd-user_3424806
pd-user_374110
pd-user_8212516
pd-user_5996062
pd-user_5988185
pd-user_2481335
pd-user_1476809
pd-user_710451
pd-user_7326232
pd-user_4285663
pd-user_7108374
pd-user_5914815
pd-user_4295023
pd-user_48917
pd-user_741237
pd-user_429406
pd-user_6452755
pd-user_185073
pd-user_7238747
pd-user_2879873
pd-user_79063
pd-user_2551419
pd-user_1913938
pd-user_7531736
pd-user_8398606
pd-user_143577
pd-user_3298899
pd-user_327857
pd-user_9501592
pd-user_8024757
pd-user_5542236
pd-user_1136465
pd-user_94965
pd-user_5126944
pd-user_2944903
pd-user_9332485
pd-user_1276518
pd-user_1032518
pd-user_5840876
pd-user_5099363
pd-user_7290495
pd-user_6849434
pd-user_4782624
pd-user_1339842
pd-user_1881793
pd-user_530536
pd-user_8787552
pd-user_6515863
pd-user_3859945
pd-user_7347345
pd-user_3052390
pd-user_6676567
pd-user_2874816
pd-user_231113
pd-user_6510602
pd-user_2882094
pd-user_4198201
pd-user_1552594
pd-user_8010763
pd-user_44804
pd-user_260695
pd-user_145518
pd-user_6787706
pd-user_5010504
pd-user_300633
pd-user_2749776
pd-user_7244726
pd-user_8461469
pd-user_53372
pd-user_2070661
pd-user_5284687
pd-user_3956456
pd-user_5036476
pd-user_5702338
pd-user_6461416
pd-user_5716017
pd-user_3568581
pd-user_6838599
pd-user_7658162
pd-user_5925561
pd-user_3697650
pd-user_8392822
pd-user_4053658
pd-user_5733662
pd-user_1947094
pd-user_7931754
pd-user_5532345
pd-user_4399475
pd-user_1201907
pd-user_4937144
pd-user_609654
pd-user_4098820
pd-user_9971619
pd-user_3430999
pd-user_4191517
pd-user_7779355
pd-user_9842725
pd-user_2960635
pd-user_5377437
pd-user_9505716
pd-user_6751714
pd-user_2418057
pd-user_2984840
pd-user_3359298
pd-user_1881749
pd-user_360013
pd-user_2021732
pd-user_4768792
pd-user_3102744
pd-user_1091989
pd-user_9646987
pd-user_2532561
pd-user_1507537
pd-user_8622144
pd-user_3408134
pd-user_2380076
pd-user_7143636
pd-user_1254563
pd-user_9795381
pd-user_3737741
pd-user_5215848
pd-user_8477510
pd-user_6790648
pd-user_6957965
pd-user_6945675
pd-user_4294990
pd-user_7587425
pd-user_3563991
pd-user_1647042
pd-user_4036004
pd-user_139236
pd-user_8816303
pd-user_6300445
pd-user_2001835
pd-user_4871937
pd-user_5686797
pd-user_6682397
pd-user_6425334
pd-user_5921393
pd-user_2529603
pd-user_8124567
pd-user_9785509
pd-user_685343
pd-user_5011944
pd-user_5993126
pd-user_5099923
pd-user_7557037
pd-user_4363361
pd-user_6418887
pd-user_1292994
pd-user_6326881
pd-user_4688218
pd-user_9244374
pd-user_4276094
pd-user_7354494
pd-user_9906982
pd-user_2737940
pd-user_8230277
pd-user_5721817
pd-user_9114122
pd-user_973788
pd-user_581196
pd-user_9614894
pd-user_6167254
pd-user_1827407
pd-user_9523827
pd-user_2368703
pd-user_7025245
pd-user_7731277
pd-user_7303777
pd-user_7381554
pd-user_1717924
pd-user_3541645
pd-user_3778415
pd-user_2184169
pd-user_1416399
pd-user_1498635
pd-user_6931234
pd-user_4362108
pd-user_5255545
pd-user_5137588
pd-user_2305080
pd-user_7087314
pd-user_8582936
pd-user_4067098
pd-user_9116253
pd-user_4502468
pd-user_172581
pd-user_3096809
pd-user_7030832
pd-user_1874674
pd-user_8834758
pd-user_5136373
pd-user_1407727
pd-user_321564
pd-user_1068247
pd-user_5307965
pd-user_1341402
pd-user_5064215
pd-user_2305032
pd-user_8729901
pd-user_7730315
pd-user_9819689
pd-user_6531038
pd-user_889599
pd-user_4831646
pd-user_5163503
pd-user_5635968
pd-user_5545704
pd-user_9181959
pd-user_9931631
pd-user_9157829
pd-user_7078062
pd-user_1836085
pd-user_167264
pd-user_9398013
pd-user_7797241
pd-user_889213
pd-user_1665414
pd-user_8531718
pd-user_8655679
pd-user_69823
pd-user_9151751
pd-user_5363576
pd-user_4250234
pd-user_7885098
pd-user_6157888
pd-user_3952494
pd-user_9439602
pd-user_9824939
pd-user_1126038
pd-user_4012487
pd-user_3600106
pd-user_4581138
pd-user_3510109
pd-user_7029664
pd-user_8703164
pd-user_9866161
pd-user_4387440
pd-user_1676650
pd-user_3657597
pd-user_4090176
pd-user_5496397
pd-user_51775
pd-user_7742726
pd-user_9873224
pd-user_5081855
pd-user_4841479
pd-user_6820369
pd-user_608344
pd-user_8420710
pd-user_8746661
pd-user_8636685
pd-user_2214684
pd-user_2323795
pd-user_3878439
pd-user_9269965
pd-user_9349363
pd-user_2046623
pd-user_5658919
pd-user_4945082
pd-user_344550
pd-user_2905311
pd-user_6867006
pd-user_6176007
pd-user_2243210
pd-user_9265465
pd-user_6928405
pd-user_8643046
pd-user_9817983
pd-user_8481978
pd-user_8752340
pd-user_2663566
pd-user_1564733
pd-user_4004947
pd-user_2174165
pd-user_2147450
pd-user_8072580
pd-user_7504571
pd-user_3303879
pd-user_7503785
pd-user_409690
pd-user_4936561
pd-user_2820425
pd-user_8992805
pd-user_3136166
pd-user_6077998
pd-user_2500931
pd-user_3398339
pd-user_3074525
pd-user_9057889
pd-user_9362223
pd-user_1108318
pd-user_2149714
pd-user_6551772
pd-user_6854954
pd-user_1409096
pd-user_9048664
pd-user_4123018
pd-user_5259268
pd-user_9039615
pd-user_583055
pd-user_8679480
pd-user_6322715
pd-user_129851
pd-user_6444887
pd-user_6912501
pd-user_5379207
pd-user_2443175
pd-user_3865542
pd-user_1885415
pd-user_5950009
pd-user_8149311
pd-user_5086777
pd-user_89100
pd-user_7303256
pd-user_5008501
pd-user_6523330
pd-user_9118940
pd-user_3814391
pd-user_2980275
pd-user_3369148
pd-user_4682988
pd-user_2138833
pd-user_9673843
pd-user_3200530
pd-user_363658
pd-user_4504368
pd-user_5910778
pd-user_8852876
pd-user_9911441
pd-user_6909383
pd-user_844430
pd-user_6537220
pd-user_563473
pd-user_3000569
pd-user_5143512
pd-user_8715005
pd-user_9184980
pd-user_5749102
pd-user_6028946
pd-user_3132403
pd-user_9271122
pd-user_1374427
pd-user_9533663
pd-user_3801118
pd-user_4117725
pd-user_2660840
pd-user_708296
pd-user_9176680
pd-user_9687541
pd-user_4814889
pd-user_9449097
pd-user_5109252
pd-user_7285123
pd-user_1645948
pd-user_2934021
pd-user_1112769
pd-user_2076211
pd-user_4683421
pd-user_4250348
pd-user_8984279
pd-user_1618267
pd-user_1247714
pd-user_6529836
pd-user_4504672
pd-user_4348915
pd-user_2088277
pd-user_7717341
pd-user_8195082
pd-user_3030476
pd-user_537221
pd-user_9805969
pd-user_6022517
pd-user_7275425
pd-user_4253850
pd-user_5827533
pd-user_749258
pd-user_5137386
pd-user_765809
pd-user_6466351
pd-user_9131654
pd-user_7774623
pd-user_6576170
pd-user_8398291
pd-user_9452825
pd-user_1494763
pd-user_7062194
pd-user_2389688
pd-user_3631977
pd-user_3303604
pd-user_8639575
pd-user_3385558
pd-user_189085
pd-user_556479
pd-user_1309423
pd-user_528949
pd-user_1333054
pd-user_8712170
pd-user_1447997
pd-user_3878692
pd-user_9721891
pd-user_8330190
pd-user_854682
pd-user_9990235
pd-user_6614033
pd-user_9500007
pd-user_7435078
pd-user_8973474
pd-user_1661527
pd-user_3642122
pd-user_9837426
pd-user_9063085
pd-user_8351754
pd-user_3813649
pd-user_8369044
pd-user_1836814
pd-user_2892163
pd-user_8209549
pd-user_4384008
pd-user_2191053
pd-user_5222220
pd-user_744985
pd-user_4496852
pd-user_9432599
pd-user_9028488
pd-user_9180634
pd-user_180977
pd-user_9991003
pd-user_5690659
pd-user_1368399
pd-user_8177643
pd-user_1879769
pd-user_3073224
pd-user_30498
pd-user_5461238
pd-user_4474646
pd-user_3632554
pd-user_4206579
pd-user_8294456
pd-user_3691992
pd-user_6767328
pd-user_3269568
pd-user_3253124
pd-user_8123162
pd-user_7821756
pd-user_3001876
pd-user_6484011
pd-user_5456372
pd-user_1659824
pd-user_7332395
pd-user_5856555
pd-user_1422565
pd-user_9095063
pd-user_8975264
pd-user_7018317
pd-user_2200797
pd-user_7550432
pd-user_599660
pd-user_1912776
pd-user_2117544
pd-user_1567280
pd-user_9037515
pd-user_6620859
pd-user_8310873
pd-user_4094860
pd-user_4866433
pd-user_3967348
pd-user_7476160
pd-user_9644233
pd-user_9902774
pd-user_7413273
pd-user_8382659
pd-user_4986404
pd-user_3912168
pd-user_6155104
pd-user_6554280
pd-user_6473186
pd-user_7077267
pd-user_207789
pd-user_5192616
pd-user_1176641
pd-user_9449689
pd-user_3049168
pd-user_7843076
pd-user_9288374
pd-user_4531673
pd-user_7965798
pd-user_6072634
pd-user_5401333
pd-user_4843006
pd-user_4722894
pd-user_3424272
pd-user_3111977
pd-user_9992452
pd-user_7808506
pd-user_6488307
pd-user_4059541
pd-user_7658466
pd-user_7515820
pd-user_9337318
pd-user_6892314
pd-user_3248993
pd-user_1814901
pd-user_7785693
pd-user_5474407
pd-user_9316067
pd-user_363766
pd-user_8195080
pd-user_5624610
pd-user_6860730
pd-user_1718122
pd-user_576450
pd-user_3469104
pd-user_3681566
pd-user_976
pd-user_2103355
pd-user_7020118
pd-user_5323444
pd-user_6488682
pd-user_9793127
pd-user_2464609
pd-user_1894204
pd-user_3458701
pd-user_62190
pd-user_726325
pd-user_9926911
pd-user_8276715
pd-user_7248985
pd-user_5870988
pd-user_4834964
pd-user_3066552
pd-user_7308070
pd-user_88462
pd-user_2133853
pd-user_4759612
pd-user_9955350
pd-user_2846854
pd-user_482231
pd-user_1666798
pd-user_3288404
pd-user_1841964
pd-user_7993744
pd-user_7322365
pd-user_4483056
pd-user_7870853
pd-user_8863884
pd-user_1858266
pd-user_4567785
pd-user_5176478
pd-user_5425415
pd-user_3217256
pd-user_3661945
pd-user_1585494
pd-user_8126015
pd-user_8582875
pd-user_5696304
pd-user_2922004
pd-user_7299705
pd-user_1169605
pd-user_9833812
pd-user_328892
pd-user_7222127
pd-user_2768381
pd-user_7816252
pd-user_6307382
pd-user_2076845
pd-user_9864843
pd-user_7232333
pd-user_1105531
pd-user_7769006
pd-user_8511683
pd-user_9680463
pd-user_9353397
pd-user_5227478
pd-user_2527802
pd-user_7166481
pd-user_4855663
pd-user_8507119
pd-user_5382854
pd-user_190828
pd-user_7349909
pd-user_6808033
pd-user_3896316
pd-user_9259597
pd-user_7525761
pd-user_5410209
pd-user_9101914
pd-user_325144
pd-user_7236057
pd-user_8035303
pd-user_8779959
pd-user_2647733
pd-user_9981753
pd-user_7801122
pd-user_2472934
pd-user_487669
pd-user_6294336
pd-user_6834541
pd-user_6383039
pd-user_2460102
pd-user_5177900
pd-user_6113102
pd-user_1719070
pd-user_3193295
pd-user_5291204
pd-user_8047997
pd-user_129830
pd-user_1384621
pd-user_4744241
pd-user_21529
pd-user_2696510
pd-user_3202828
pd-user_9446697
pd-user_2793897
pd-user_5655111
pd-user_3859447
pd-user_2468920
pd-user_7731839
pd-user_3009955
pd-user_410055
pd-user_7849838
pd-user_8232848
pd-user_8712058
pd-user_4909491
pd-user_8714195
pd-user_7572294
pd-user_1367581
pd-user_3818466
pd-user_303186
pd-user_8218273
pd-user_5988229
pd-user_5140229
pd-user_3783041
pd-user_4424850
pd-user_1561209
pd-user_8804198
pd-user_2568498
pd-user_1731734
pd-user_6594680
pd-user_5806543
pd-user_9295845
pd-user_5651579
pd-user_3529748
pd-user_9226057
pd-user_5058215
pd-user_3357384
pd-user_3233978
pd-user_7222894
pd-user_8220567
pd-user_1876838
pd-user_2205680
pd-user_676089
pd-user_3707162
pd-user_3651508
pd-user_2695061
pd-user_1515849
pd-user_8764225
pd-user_4600493
pd-user_8741075
pd-user_7988804
pd-user_5947160
pd-user_2758665
pd-user_1200589
pd-user_2308582
pd-user_9617026
pd-user_2659121
pd-user_2669287
pd-user_5783372
pd-user_8208621
pd-user_7274783
pd-user_7231371
pd-user_438036
pd-user_1275297
pd-user_7145999
pd-user_9093642
pd-user_7052278
pd-user_4794102
pd-user_8189750
pd-user_3087932
pd-user_1215393
pd-user_1457065
pd-user_2055210
pd-user_5139246
pd-user_9842356
pd-user_6959119
pd-user_2426468
pd-user_282745
pd-user_5552436
pd-user_2710848
pd-user_576052
pd-user_8433959
pd-user_4850628
pd-user_9851113
pd-user_8464018
pd-user_5308237
pd-user_9454576
pd-user_2221435
pd-user_3688928
pd-user_5303161
pd-user_7814866
pd-user_8542007
pd-user_5692619
pd-user_2545741
pd-user_3456776
pd-user_2620096
pd-user_3363093
pd-user_9281758
pd-user_7959561
pd-user_3965399
pd-user_9597223
pd-user_3316341
pd-user_562053
pd-user_1324554
pd-user_1121569
pd-user_1179517
pd-user_1756528
pd-user_5994072
pd-user_7528642
pd-user_3967339
pd-user_1239210
pd-user_7798133
pd-user_680496
pd-user_9198746
pd-user_4480657
pd-user_1717092
pd-user_803314
pd-user_4912434
pd-user_8124803
pd-user_5778787
pd-user_9913976
pd-user_3268393
pd-user_8832142
pd-user_2803742
pd-user_3157270
pd-user_5251521
pd-user_5888645
pd-user_706498
pd-user_8583703
pd-user_1213583
pd-user_5087516
pd-user_1551798
pd-user_2329997
pd-user_1065630
pd-user_3958097
pd-user_1527203
pd-user_4084871
pd-user_2028662
pd-user_7509311
pd-user_7978394
pd-user_9812210
pd-user_6829339
pd-user_2586757
pd-user_7543013
pd-user_6960686
pd-user_5186012
pd-user_1540820
pd-user_3517737
pd-user_7189499
pd-user_6590169
pd-user_4579936
pd-user_359379
pd-user_1170586
pd-user_5989868
pd-user_6714754
pd-user_8561207
pd-user_3155095
pd-user_3150307
pd-user_7053422
pd-user_9948896
pd-user_1711082
pd-user_1296555
pd-user_7479594
pd-user_3530345
pd-user_6868142
pd-user_5624619
pd-user_2377481
pd-user_4772715
pd-user_202972
pd-user_2238383
pd-user_2911841
pd-user_2658636
pd-user_5910536
pd-user_9078805
pd-user_8011686
pd-user_935876
pd-user_6099819
pd-user_877155
pd-user_2932334
pd-user_5160765
pd-user_4893436
pd-user_8073500
pd-user_7942063
pd-user_3818274
pd-user_5300154
pd-user_5085369
pd-user_4479880
pd-user_8296414
pd-user_4149564
pd-user_8819933
pd-user_6353937
pd-user_8034256
pd-user_927628
pd-user_8477299
pd-user_9055608
pd-user_9241147
pd-user_7383119
pd-user_9870009
pd-user_321450
pd-user_8510188
pd-user_1304929
pd-user_7479742
pd-user_1823588
pd-user_6116864
pd-user_5897984
pd-user_8511074
pd-user_1214920
pd-user_238868
pd-user_238328
pd-user_8651716
pd-user_4892751
pd-user_5803626
pd-user_4887479
pd-user_5346
pd-user_9577218
pd-user_9702359
pd-user_1009604
pd-user_8817914
pd-user_2508224
pd-user_8852900
pd-user_2235602
pd-user_20618
pd-user_5704121
pd-user_1765096
pd-user_9437513
pd-user_4157337
pd-user_3645323
pd-user_8930454
pd-user_756149
pd-user_9521587
pd-user_1630651
pd-user_5947286
pd-user_4422152
pd-user_5219569
pd-user_5066688
pd-user_9713493
pd-user_3119690
pd-user_8351681
pd-user_8545619
pd-user_1187465
pd-user_6341297
pd-user_848979
pd-user_5812456
pd-user_8422870
pd-user_5933657
pd-user_3612405
pd-user_6825341
pd-user_1360037
pd-user_4156221
pd-user_5299933
pd-user_1237679
pd-user_9861015
pd-user_9137060
pd-user_2389206
pd-user_3651878
pd-user_3108147
pd-user_5458794
pd-user_696083
pd-user_8673495
pd-user_5672851
pd-user_3877554
pd-user_3415251
pd-user_2098820
pd-user_8908705
pd-user_7197585
pd-user_1206106
pd-user_4140546
pd-user_6159780
pd-user_8764813
pd-user_3345992
pd-user_8553030
pd-user_9306158
pd-user_2563124
pd-user_7128289
pd-user_15869
pd-user_3888007
pd-user_7423180
pd-user_5913497
pd-user_1907205
pd-user_2496503
pd-user_8844087
pd-user_4290881
pd-user_1400205
pd-user_9267190
pd-user_9334180
pd-user_4450473
pd-user_9255021
pd-user_8203195
pd-user_8997745
pd-user_8688983
pd-user_6831647
pd-user_9165473
pd-user_5763324
pd-user_8479465
pd-user_8263826
pd-user_6701855
pd-user_9566499
pd-user_9434279
pd-user_6688588
pd-user_977197
pd-user_9939418
pd-user_7048734
pd-user_2383313
pd-user_8716971
pd-user_7869339
pd-user_5441648
pd-user_9283694
pd-user_721620
pd-user_8429231
pd-user_3935547
pd-user_1692556
pd-user_2185931
pd-user_8859129
pd-user_4302653
pd-user_6927933
pd-user_9244288
pd-user_6907233
pd-user_7010439
pd-user_8011017
pd-user_9498242
pd-user_4539843
pd-user_5006753
pd-user_9194248
pd-user_9194385
pd-user_886338
pd-user_5399377
pd-user_3091392
pd-user_3384694
pd-user_6059286
pd-user_4605380
pd-user_451332
pd-user_4704742
pd-user_3363476
pd-user_2960721
pd-user_6689533
pd-user_5233424
pd-user_4276064
pd-user_7213342
pd-user_5019743
pd-user_3641439
pd-user_30391
pd-user_4065013
pd-user_9749573
pd-user_397094
pd-user_4564295
pd-user_916890
pd-user_8798615
pd-user_356548
pd-user_6300533
pd-user_8611550
pd-user_9845780
pd-user_9749617
pd-user_8122358
pd-user_1123383
pd-user_8461271
pd-user_7669927
pd-user_6965286
pd-user_3110115
pd-user_2512742
pd-user_4776066
pd-user_3637067
pd-user_993491
pd-user_2326183
pd-user_8731413
pd-user_1841607
pd-user_6304673
pd-user_9793367
pd-user_8446430
pd-user_5749860
pd-user_6595647
pd-user_3867771
pd-user_2246014
pd-user_9373462
pd-user_8149057
pd-user_2377053
pd-user_6839429
pd-user_3741898
pd-user_8553947
pd-user_4326351
pd-user_9906331
pd-user_2748646
pd-user_5765834
pd-user_7246635
pd-user_6585322
pd-user_7950041
pd-user_5487713
pd-user_3113538
pd-user_4450351
pd-user_2690271
pd-user_82934
pd-user_6876942
pd-user_8160151
pd-user_9192163
pd-user_3582453
pd-user_8089147
pd-user_450719
pd-user_9558445
pd-user_1614545
pd-user_2807367
pd-user_8381958
pd-user_8503299
pd-user_1640983
pd-user_7978036
pd-user_6369257
pd-user_5025533
pd-user_5647871
pd-user_1508374
pd-user_8870750
pd-user_254258
pd-user_4063125
pd-user_8264831
pd-user_735047
pd-user_9373656
pd-user_3218829
pd-user_5910831
pd-user_9573835
pd-user_4022769
pd-user_3235829
pd-user_2357493
pd-user_3654991
pd-user_5471673
pd-user_8521888
pd-user_2483642
pd-user_4039247
pd-user_85552
pd-user_2193092
pd-user_2745274
pd-user_9009182
pd-user_4499655
pd-user_338032
pd-user_1975485
pd-user_2964906
pd-user_6270680
pd-user_5433197
pd-user_6816238
pd-user_7242034
pd-user_6602404
pd-user_7949726
pd-user_439523
pd-user_1392211
pd-user_77347
pd-user_7282260
pd-user_7302148
pd-user_7304913
pd-user_5261155
pd-user_5986635
pd-user_2697819
pd-user_9138451
pd-user_2411905
pd-user_5561652
pd-user_281530
pd-user_2624188
pd-user_4496868
pd-user_9916676
pd-user_9682811
pd-user_9932290
pd-user_5163551
pd-user_7715791
pd-user_8918607
pd-user_9522638
pd-user_3641519
pd-user_8017560
pd-user_2089107
pd-user_920570
pd-user_2689155
pd-user_4536279
pd-user_6075148
pd-user_9757100
pd-user_5673471
pd-user_3419692
pd-user_98788
pd-user_5712935
pd-user_3304505
pd-user_8743278
pd-user_7928486
pd-user_9881590
pd-user_9042842
pd-user_2643552
pd-user_841572
pd-user_262511
pd-user_5357271
pd-user_7249654
pd-user_5106760
pd-user_6909690
pd-user_4810186
pd-user_9396570
pd-user_3944470
pd-user_5434094
pd-user_6708835
pd-user_635788
pd-user_4629243
pd-user_3782450
pd-user_2340374
pd-user_9199742
pd-user_7371359
pd-user_4339461
pd-user_4421696
pd-user_3594169
pd-user_393014
pd-user_114570
pd-user_356436
pd-user_8946387
pd-user_4899659
pd-user_7262962
pd-user_9200063
pd-user_472137
pd-user_6431073
pd-user_4344177
pd-user_8707569
pd-user_8138673
pd-user_3866215
pd-user_7850262
pd-user_1735720
pd-user_6936435
pd-user_9848515
pd-user_7215852
pd-user_1386764
pd-user_7623193
pd-user_5658626
pd-user_7665536
pd-user_9000403
pd-user_1901950
pd-user_9527663
pd-user_1527442
pd-user_7042228
pd-user_4742270
pd-user_7762569
pd-user_4175270
pd-user_859006
pd-user_4942129
pd-user_5410303
pd-user_7154500
pd-user_2121231
pd-user_8622916
pd-user_5656177
pd-user_5891115
pd-user_7306829
pd-user_7352662
pd-user_3589272
pd-user_8435177
pd-user_6523853
pd-user_2903902
pd-user_7837487
pd-user_2710396
pd-user_6329577
pd-user_1334815
pd-user_6744397
pd-user_5768849
pd-user_1892397
pd-user_6992551
pd-user_1768737
pd-user_5925943
pd-user_8064840
pd-user_8201110
pd-user_5482341
pd-user_9694398
pd-user_7642184
pd-user_966654
pd-user_3018295
pd-user_2589128
pd-user_1464638
pd-user_8883342
pd-user_9642368
pd-user_4552511
pd-user_6271451
pd-user_3736234
pd-user_9036036
pd-user_2407653
pd-user_6006761
pd-user_8691979
pd-user_5526690
pd-user_1820153
pd-user_3769459
pd-user_9202578
pd-user_4601881
pd-user_2735782
pd-user_6504493
pd-user_5456120
pd-user_7159607
pd-user_5636250
pd-user_4494695
pd-user_6997045
pd-user_8941726
pd-user_747103
pd-user_7930045
pd-user_7704358
pd-user_2776696
pd-user_3608692
pd-user_9648819
pd-user_2363578
pd-user_1386153
pd-user_624114
pd-user_5496778
pd-user_1853039
pd-user_7295141
pd-user_9520496
pd-user_7956912
pd-user_8864717
pd-user_2922594
pd-user_2772713
pd-user_9071336
pd-user_7984772
pd-user_155577
pd-user_7420635
pd-user_3333364
pd-user_8545048
pd-user_5565446
pd-user_2147644
pd-user_8088734
pd-user_7031761
pd-user_3208079
pd-user_9444444
pd-user_8910804
pd-user_1356572
pd-user_6257977
pd-user_2911987
pd-user_5351724
pd-user_8748498
pd-user_120761
pd-user_9024418
pd-user_7806483
pd-user_5692354
pd-user_4396017
pd-user_9278238
pd-user_3999229
pd-user_1576035
pd-user_6365879
pd-user_8440278
pd-user_8516160
pd-user_7096505
pd-user_5730581
pd-user_5043370
pd-user_5292168
pd-user_784956
pd-user_1174487
pd-user_4956451
pd-user_918007
pd-user_8895595
pd-user_5987094
pd-user_3921695
pd-user_6657881
pd-user_6330126
pd-user_6351665
pd-user_9449978
pd-user_4669721
pd-user_1962527
pd-user_5526553
pd-user_3100826
pd-user_2924505
pd-user_2828844
pd-user_9632965
pd-user_4871032
pd-user_3977393
pd-user_9766128
pd-user_7183777
pd-user_9373707
pd-user_7714423
pd-user_1570977
pd-user_9616477
pd-user_5496368
pd-user_6736792
pd-user_2487162
pd-user_7334678
pd-user_6856688
pd-user_3492305
pd-user_6764577
pd-user_466354
pd-user_7048869
pd-user_1735495
pd-user_3524676
pd-user_5347319
pd-user_3165355
pd-user_9261803
pd-user_9185600
pd-user_6625418
pd-user_3411966
pd-user_5959012
pd-user_3269380
pd-user_4702595
pd-user_27733
pd-user_3009003
pd-user_6825531
pd-user_2309941
pd-user_9585632
pd-user_4759706
pd-user_9765833
pd-user_9894344
pd-user_5926897
pd-user_6889960
pd-user_7233514
pd-user_8670888
pd-user_2581219
pd-user_3124916
pd-user_8087958
pd-user_2969204
pd-user_4705730
pd-user_5286942
pd-user_2645294
pd-user_6810116
pd-user_3771528
pd-user_3097375
pd-user_2567861
pd-user_9756238
pd-user_1605602
pd-user_3239910
pd-user_262828
pd-user_1261983
pd-user_3607806
pd-user_4568621
pd-user_4317483
pd-user_2703119
pd-user_5808688
pd-user_4679056
pd-user_3815663
pd-user_7215543
pd-user_3020911
pd-user_8519503
pd-user_5038229
pd-user_9245006
pd-user_5742812
pd-user_3722058
pd-user_6529632
pd-user_1063888
pd-user_9752004
pd-user_1080510
pd-user_9373856
pd-user_8499827
pd-user_5865445
pd-user_5384149
pd-user_9888987
pd-user_995630
pd-user_4856469
pd-user_9405408
pd-user_9801551
pd-user_5654971
pd-user_8733618
pd-user_8465293
pd-user_8405504
pd-user_2879022
pd-user_2145409
pd-user_7890046
pd-user_4767659
pd-user_9608506
pd-user_380798
pd-user_2140751
pd-user_9195188
pd-user_6150382
pd-user_8888123
pd-user_9871630
pd-user_5419693
pd-user_7794901
pd-user_7571827
pd-user_1206626
pd-user_8184162
pd-user_2198603
pd-user_6052488
pd-user_2610530
pd-user_4688092
pd-user_2472424
pd-user_7160734
pd-user_1625776
pd-user_5328125
pd-user_1927436
pd-user_1257498
pd-user_9601073
pd-user_5010790
pd-user_4425430
pd-user_8263885
pd-user_1922961
pd-user_5028954
pd-user_465735
pd-user_888335
pd-user_2977084
pd-user_9076020
pd-user_3993421
pd-user_5236976
pd-user_4847951
pd-user_9984345
pd-user_5461214
pd-user_771707
pd-user_9733711
pd-user_5559976
pd-user_12598
pd-user_6074025
pd-user_8216348
pd-user_9848763
pd-user_4510833
pd-user_7200803
pd-user_6679632
pd-user_8511307
pd-user_7087348
pd-user_4840864
pd-user_417330
pd-user_3463480
pd-user_1973883
pd-user_4716653
pd-user_8790150
pd-user_3857829
pd-user_4656182
pd-user_2902126
pd-user_3911393
pd-user_302457
pd-user_8449144
pd-user_6372398
pd-user_4821438
pd-user_2050865
pd-user_2879048
pd-user_2871321
pd-user_3506217
pd-user_2868625
pd-user_6781957
pd-user_1142945
pd-user_2178866
pd-user_9676055
pd-user_9585801
pd-user_7696279
pd-user_4707535
pd-user_2041256
pd-user_4130233
pd-user_6335840
pd-user_711956
pd-user_9988975
pd-user_4745200
pd-user_2155804
pd-user_8915007
pd-user_4638672
pd-user_2501574
pd-user_5453422
pd-user_3327514
pd-user_6485001
pd-user_8885284
pd-user_2943660
pd-user_9922488
pd-user_2827735
pd-user_9743771
pd-user_6191705
pd-user_7747726
pd-user_5916647
pd-user_1338604
pd-user_244022
pd-user_8477775
pd-user_7093118
pd-user_7723298
pd-user_296641
pd-user_585962
pd-user_1913746
pd-user_9686806
pd-user_5552470
pd-user_8196140
pd-user_9394675
pd-user_8617689
pd-user_1775681
pd-user_282090
pd-user_8059963
pd-user_7237649
pd-user_3676024
pd-user_1738675
pd-user_370874
pd-user_5808443
pd-user_1300350
pd-user_856773
pd-user_6800171
pd-user_9697042
pd-user_1002422
pd-user_5240201
pd-user_869169
pd-user_2289947
pd-user_2507953
pd-user_595306
pd-user_1280104
pd-user_4341851
pd-user_8350152
pd-user_2508885
pd-user_6110289
pd-user_5442779
pd-user_7579662
pd-user_7017342
pd-user_5698931
pd-user_255915
pd-user_2322351
pd-user_8320210
pd-user_1945477
pd-user_2197150
pd-user_3082806
pd-user_1937926
pd-user_5106567
pd-user_7651987
pd-user_7012276
pd-user_5517167
pd-user_5022831
pd-user_9595691
pd-user_8814008
pd-user_1527981
pd-user_4542414
pd-user_2392022
pd-user_2642377
pd-user_5057272
pd-user_4947202
pd-user_9376262
pd-user_3082180
pd-user_3411482
pd-user_6231944
pd-user_7887557
pd-user_4509773
pd-user_5796959
pd-user_9281008
pd-user_8182909
pd-user_864203
pd-user_6959392
pd-user_1049141
pd-user_1674378
pd-user_1475243
pd-user_9656499
pd-user_5547565
pd-user_6462907
pd-user_5275195
pd-user_9677214
pd-user_933700
pd-user_6502348
pd-user_9353819
pd-user_8905643
pd-user_3547808
pd-user_9889962
pd-user_2037224
pd-user_5499619
pd-user_7546291
pd-user_6589063
pd-user_9633917
pd-user_6781541
pd-user_6484867
pd-user_6908810
pd-user_2705547
pd-user_3719034
pd-user_9512
pd-user_2881154
pd-user_293914
pd-user_4505084
pd-user_7118457
pd-user_8421737
pd-user_2866806
pd-user_3546786
pd-user_765742
pd-user_9887172
pd-user_6295191
pd-user_3302633
pd-user_2846425
pd-user_9304513
pd-user_6809068
pd-user_2659174
pd-user_5279454
pd-user_8752244
pd-user_6586712
pd-user_3394040
pd-user_4153323
pd-user_2248543
pd-user_2065872
pd-user_8004796
pd-user_1998051
pd-user_2845490
pd-user_358599
pd-user_9057180
pd-user_1682264
pd-user_475193
pd-user_2903785
pd-user_8849780
pd-user_4019101
pd-user_5694523
pd-user_9350452
pd-user_2211241
pd-user_2214903
pd-user_1502953
pd-user_3532785
pd-user_2080529
pd-user_254915
pd-user_9002222
pd-user_5119178
pd-user_6613820
pd-user_3756268
pd-user_291985
pd-user_6406324
pd-user_1228002
pd-user_1527661
pd-user_6237239
pd-user_1285336
pd-user_6687280
pd-user_8292375
pd-user_5152458
pd-user_8671328
pd-user_4238332
pd-user_2394060
pd-user_6036978
pd-user_4275596
pd-user_1253588
pd-user_829436
pd-user_4082749
pd-user_3746553
pd-user_8442988
pd-user_4497989
pd-user_6146737
pd-user_1617846
pd-user_8252637
pd-user_7027081
pd-user_6827437
pd-user_3232109
pd-user_1424116
pd-user_6500647
pd-user_3397770
pd-user_1203294
pd-user_8857373
pd-user_4122970
pd-user_2117525
pd-user_4189478
pd-user_1013916
pd-user_3921339
pd-user_4569251
pd-user_2763164
pd-user_8172399
pd-user_9871394
pd-user_4143829
pd-user_1850103
pd-user_5347295
pd-user_986607
pd-user_3073631
pd-user_2215110
pd-user_9707815
pd-user_7836148
pd-user_4800577
pd-user_1421467
pd-user_6088936
pd-user_6422448
pd-user_4355241
pd-user_2477339
pd-user_6895594
pd-user_123928
pd-user_2896372
pd-user_9517305
pd-user_6733183
pd-user_8613135
pd-user_8481280
pd-user_2183703
pd-user_113747
pd-user_5891009
pd-user_4809521
pd-user_711868
pd-user_2827791
pd-user_7557471
pd-user_8833844
pd-user_7896274
pd-user_18653
pd-user_4351485
pd-user_3495561
pd-user_4139733
pd-user_6763447
pd-user_8847814
pd-user_2021999
pd-user_1819584
pd-user_132769
pd-user_1674454
pd-user_3569443
pd-user_6350749
pd-user_7507726
pd-user_608655
pd-user_4982940
pd-user_2703982
pd-user_1698699
pd-user_1670901
pd-user_6409056
pd-user_9995741
pd-user_1031954
pd-user_6340623
pd-user_7758025
pd-user_2956844
pd-user_6375786
pd-user_3287177
pd-user_2752213
pd-user_8698838
pd-user_1750340
pd-user_477251
pd-user_1703308
pd-user_7643247
pd-user_2846847
pd-user_6951365
pd-user_244085
pd-user_2637163
pd-user_3302430
pd-user_1245011
pd-user_512266
pd-user_1412867
pd-user_3209101
pd-user_1574905
pd-user_4332539
pd-user_2283020
pd-user_916736
pd-user_1949585
pd-user_2497189
pd-user_3147190
pd-user_9936622
pd-user_6227775
pd-user_946500
pd-user_3360289
pd-user_7124650
pd-user_8770628
pd-user_91923
pd-user_3129834
pd-user_8053732
pd-user_8523715
pd-user_2249020
pd-user_1695231
pd-user_1292254
pd-user_8919214
pd-user_5617769
pd-user_6846020
pd-user_3589515
pd-user_1571367
pd-user_8890822
pd-user_1772576
pd-user_4392822
pd-user_2884924
pd-user_9549406
pd-user_1236938
pd-user_9352752
pd-user_3819076
pd-user_4582190
pd-user_3434391
pd-user_7849818
pd-user_1150461
pd-user_9598179
pd-user_562402
pd-user_8751862
pd-user_6418508
pd-user_343077
pd-user_7731447
pd-user_8727618
pd-user_9902195
pd-user_5253298
pd-user_8704589
pd-user_2568644
pd-user_7913514
pd-user_2965603
pd-user_7605080
pd-user_8619812
pd-user_8014863
pd-user_9928247
pd-user_5742768
pd-user_5037845
pd-user_4525470
pd-user_1357495
pd-user_4116821
pd-user_9754258
pd-user_803792
pd-user_1896910
pd-user_8591836
pd-user_3539152
pd-user_8107121
pd-user_1075333
pd-user_2883320
pd-user_4004235
pd-user_957052
pd-user_3581612
pd-user_2081046
pd-user_9964465
pd-user_6397292
pd-user_4096630
pd-user_9416399
pd-user_5037007
pd-user_84031
pd-user_8146735
pd-user_3178025
pd-user_6415736
pd-user_2675328
pd-user_4104318
pd-user_887532
pd-user_3240623
pd-user_2983661
pd-user_1950269
pd-user_1549176
pd-user_4893993
pd-user_2842534
pd-user_965878
pd-user_7941796
pd-user_4058458
pd-user_2209518
pd-user_5095560
pd-user_5207267
pd-user_4076524
pd-user_9610103
pd-user_9829650
pd-user_2290912
pd-user_647173
pd-user_9025531
pd-user_5788930
pd-user_9594168
pd-user_9823002
pd-user_9778529
pd-user_4638824
pd-user_7183278
pd-user_5011450
pd-user_9946001
pd-user_5265556
pd-user_4457516
pd-user_1621600
pd-user_8583073
pd-user_5175230
pd-user_3785741
pd-user_2569123
pd-user_1146413
pd-user_8019485
pd-user_7667838
pd-user_45684
pd-user_8118771
pd-user_576223
pd-user_7986306
pd-user_7610903
pd-user_1959297
pd-user_552043
pd-user_8901331
pd-user_7794456
pd-user_4323031
pd-user_9466655
pd-user_454790
pd-user_722011
pd-user_4334595
pd-user_7696804
pd-user_9231185
pd-user_88525
pd-user_2173105
pd-user_6896582
pd-user_2861378
pd-user_5694411
pd-user_8513352
pd-user_3508557
pd-user_9681471
pd-user_6884625
pd-user_4674811
pd-user_6843742
pd-user_848820
pd-user_4207853
pd-user_5502732
pd-user_126665
pd-user_6511470
pd-user_7366398
pd-user_930869
pd-user_7893708
pd-user_2998790
pd-user_4493744
pd-user_2329094
pd-user_2434877
pd-user_222090
pd-user_807804
pd-user_9306936
pd-user_496288
pd-user_5290626
pd-user_3781662
pd-user_2828461
pd-user_8836756
pd-user_3049478
pd-user_9454577
pd-user_4675785
pd-user_4959633
pd-user_3753493
pd-user_1781368
pd-user_9615427
pd-user_5849117
pd-user_6155645
pd-user_5466896
pd-user_2019594
pd-user_210415
pd-user_1025568
pd-user_4937480
pd-user_4359001
pd-user_6673398
pd-user_6607644
pd-user_6552901
pd-user_2385906
pd-user_1386224
pd-user_2327085
pd-user_1061624
pd-user_2733718
pd-user_5555587
pd-user_7683018
pd-user_3299077
pd-user_5058159
pd-user_5717588
pd-user_9217350
pd-user_6636847
pd-user_9825199
pd-user_1433463
pd-user_7863320
pd-user_7962417
pd-user_4023956
pd-user_7300890
pd-user_3064188
pd-user_7881472
pd-user_9751439
pd-user_2324565
pd-user_8687380
pd-user_2854949
pd-user_9301557
pd-user_801796
pd-user_2647378
pd-user_4064682
pd-user_7189626
pd-user_6738441
pd-user_6145180
pd-user_2152233
pd-user_6650710
pd-user_5452810
pd-user_1218376
pd-user_6566118
pd-user_1947930
pd-user_2054937
pd-user_9754870
pd-user_5534056
pd-user_2285577
pd-user_3308180
pd-user_388028
pd-user_1365930
pd-user_3254664
pd-user_1940711
pd-user_9726326
pd-user_8719953
pd-user_460148
pd-user_3087619
pd-user_2116002
pd-user_8862655
pd-user_6516690
pd-user_2498845
pd-user_7697530
pd-user_4977447
pd-user_6819151
pd-user_387321
pd-user_2453058
pd-user_2232737
pd-user_8223730
pd-user_1557738
pd-user_9068397
pd-user_5095381
pd-user_4147859
pd-user_9162708
pd-user_9431507
pd-user_256526
pd-user_3890829
pd-user_6648793
pd-user_1819596
pd-user_2618623
pd-user_543216
pd-user_4499900
pd-user_7013533
pd-user_3751284
pd-user_1682946
pd-user_9854657
pd-user_4799574
pd-user_2359062
pd-user_6803522
pd-user_8599731
pd-user_4356163
pd-user_7102606
pd-user_4223455
pd-user_3105132
pd-user_5076910
pd-user_6569226
pd-user_848626
pd-user_5496471
pd-user_6682236
pd-user_294619
pd-user_9178723
pd-user_8940767
pd-user_8112524
pd-user_726494
pd-user_6420897
pd-user_488242
pd-user_1219634
pd-user_6795166
pd-user_6041388
pd-user_4860355
pd-user_1147258
pd-user_3918160
pd-user_7910489
pd-user_8912195
pd-user_4383914
pd-user_842518
pd-user_1093586
pd-user_5943613
pd-user_8512175
pd-user_2864764
pd-user_2259176
pd-user_451486
pd-user_3779487
pd-user_4041879
pd-user_4551300
pd-user_5938059
pd-user_7422570
pd-user_5640361
pd-user_1060167
pd-user_3462275
pd-user_3800523
pd-user_3973323
pd-user_7221422
pd-user_221368
pd-user_910209
pd-user_4909618
pd-user_4299777
pd-user_2012572
pd-user_764012
pd-user_5251627
pd-user_505050
pd-user_6398750
pd-user_2147140
pd-user_7609595
pd-user_6667409
pd-user_5574292
pd-user_4396896
pd-user_243488
pd-user_8616707
pd-user_3576584
pd-user_8446707
pd-user_2062982
pd-user_1370863
pd-user_7653122
pd-user_1735476
pd-user_3046927
pd-user_3507295
pd-user_5077403
pd-user_292773
pd-user_3607899
pd-user_7559686
pd-user_337081
pd-user_9746335
pd-user_4040383
pd-user_2076514
pd-user_3455070
pd-user_8664653
pd-user_4177081
pd-user_3716598
pd-user_2226159
pd-user_6614911
pd-user_7783831
pd-user_8614228
pd-user_1603752
pd-user_5134565
pd-user_4531151
pd-user_9448423
pd-user_4876673
pd-user_1829993
pd-user_2460984
pd-user_9126337
pd-user_6875065
pd-user_1085848
pd-user_1942630
pd-user_4088469
pd-user_8201775
pd-user_1019511
pd-user_6180906
pd-user_4964421
pd-user_8546915
pd-user_7902074
pd-user_9862846
pd-user_7364871
pd-user_7732332
pd-user_6582370
pd-user_8067837
pd-user_9341099
pd-user_8025399
pd-user_8883923
pd-user_2723721
pd-user_5534533
pd-user_7389980
pd-user_5040537
pd-user_7385293
pd-user_3344703
pd-user_2250118
pd-user_7402339
pd-user_2110066
pd-user_7386307
pd-user_4576330
pd-user_4523081
pd-user_9159596
pd-user_1880505
pd-user_2187783
pd-user_2127219
pd-user_7548848
pd-user_1528784
pd-user_9714630
pd-user_3293080
pd-user_9387613
pd-user_6220940
pd-user_4012901
pd-user_8630301
pd-user_519167
pd-user_1041191
pd-user_6541
pd-user_7677529
pd-user_9737518
pd-user_9411602
pd-user_8089599
pd-user_5621781
pd-user_4714764
pd-user_4656060
pd-user_6466938
pd-user_4855378
pd-user_6112202
pd-user_9022403
pd-user_9215015
pd-user_8734034
pd-user_5107977
pd-user_6661729
pd-user_5686326
pd-user_703641
pd-user_3949362
pd-user_9346341
pd-user_7989486
pd-user_84741
pd-user_5114569
pd-user_8585163
pd-user_1579191
pd-user_4588850
pd-user_9487052
pd-user_92887
pd-user_8401720
pd-user_9927115
pd-user_5713923
pd-user_2863617
pd-user_5700197
pd-user_9352580
pd-user_6923148
pd-user_5039376
pd-user_9281526
pd-user_7135689
pd-user_7420633
pd-user_8386342
pd-user_275470
pd-user_8802478
pd-user_9064400
pd-user_6760753
pd-user_9269782
pd-user_8266836
pd-user_5735834
pd-user_3798452
pd-user_7149495
pd-user_6357072
pd-user_8114735
pd-user_6439167
pd-user_6554690
pd-user_6032948
pd-user_3739040
pd-user_5112127
pd-user_4143584
pd-user_2683356
pd-user_2251211
pd-user_9190735
pd-user_1124243
pd-user_9032622
pd-user_6121433
pd-user_8524228
pd-user_1324982
pd-user_309581
pd-user_8365814
pd-user_9472454
pd-user_7255068
pd-user_9336035
pd-user_2223557
pd-user_6633962
pd-user_3240795
pd-user_3465855
pd-user_1336261
pd-user_6172603
pd-user_134305
pd-user_7653410
pd-user_2853254
pd-user_4321434
pd-user_1675858
pd-user_6568418
pd-user_1033525
pd-user_5885371
pd-user_7714669
pd-user_8927270
pd-user_3761375
pd-user_7277500
pd-user_1411081
pd-user_8816355
pd-user_2244109
pd-user_8213359
pd-user_3587184
pd-user_1619025
pd-user_8485323
pd-user_8635433
pd-user_4330855
pd-user_7340165
pd-user_3909336
pd-user_37258
pd-user_428699
pd-user_3327685
pd-user_505513
pd-user_5635893
pd-user_2983661
pd-user_4506509
pd-user_8044883
pd-user_9511973
pd-user_3466313
pd-user_7489069
pd-user_5778820
pd-user_6105158
pd-user_9225628
pd-user_1989784
pd-user_9875354
pd-user_2869559
pd-user_7115829
pd-user_7061901
pd-user_6008266
pd-user_6995879
pd-user_9415282
pd-user_8575134
pd-user_3471189
pd-user_7868956
pd-user_2795515
pd-user_7780901
pd-user_261255
pd-user_1899129
pd-user_9564182
pd-user_1337361
pd-user_158121
pd-user_7871213
pd-user_933621
pd-user_9407276
pd-user_3958244
pd-user_7895361
pd-user_2690572
pd-user_5605404
pd-user_6529367
pd-user_657264
pd-user_7569613
pd-user_5823999
pd-user_2606651
pd-user_9337038
pd-user_6884362
pd-user_4373035
pd-user_7937818
pd-user_1734559
pd-user_3637226
pd-user_2676283
pd-user_1576788
pd-user_4076949
pd-user_2421999
pd-user_9626880
pd-user_6201729
pd-user_695129
pd-user_5106444
pd-user_1326788
pd-user_7069678
pd-user_5536247
pd-user_2036066
pd-user_8493240
pd-user_2487925
pd-user_2734913
pd-user_6388227
pd-user_7841873
pd-user_8778297
pd-user_5377367
pd-user_5261793
pd-user_7479432
pd-user_4910050
pd-user_2755147
pd-user_5530929
pd-user_4535933
pd-user_6236667
pd-user_8287563
pd-user_5511636
pd-user_420928
pd-user_160924
pd-user_2579439
pd-user_8688598
pd-user_7083976
pd-user_6599013
pd-user_6651297
pd-user_3577743
pd-user_3488632
pd-user_8601280
pd-user_6721292
pd-user_9326198
pd-user_4054684
pd-user_2954199
pd-user_3981192
pd-user_4169128
pd-user_975796
pd-user_3819813
pd-user_7905825
pd-user_281363
pd-user_3670622
pd-user_2567281
pd-user_9045964
pd-user_3480247
pd-user_3960623
pd-user_2769632
pd-user_1824600
pd-user_4160406
pd-user_643758
pd-user_3848341
pd-user_9084536
pd-user_4369576
pd-user_7026738
pd-user_5275237
pd-user_5001183
pd-user_2531244
pd-user_9720033
pd-user_4299430
pd-user_511764
pd-user_2340277
pd-user_3761861
pd-user_3156926
pd-user_6125647
pd-user_3206776
pd-user_6025398
pd-user_9689409
pd-user_4858176
pd-user_5119660
pd-user_7617212
pd-user_7259092
pd-user_8208191
pd-user_4162359
pd-user_7023962
pd-user_2723226
pd-user_2525840
pd-user_2418234
pd-user_5824364
pd-user_681071
pd-user_5516885
pd-user_9961615
pd-user_2935830
pd-user_6697304
pd-user_3877605
pd-user_8127191
pd-user_9606343
pd-user_1306388
pd-user_1285891
pd-user_8827357
pd-user_9788371
pd-user_4565316
pd-user_6116712
pd-user_952034
pd-user_4821868
pd-user_1376825
pd-user_4771538
pd-user_3588907
pd-user_7315055
pd-user_4832500
pd-user_5565522
pd-user_6245127
pd-user_2171241
pd-user_8976495
pd-user_2210832
pd-user_1914552
pd-user_1582576
pd-user_2215410
pd-user_390997
pd-user_946371
pd-user_1783922
pd-user_4795949
pd-user_5689761
pd-user_3452067
pd-user_7910735
pd-user_6933116
pd-user_2147876
pd-user_3446993
pd-user_6540471
pd-user_9262648
pd-user_5665584
pd-user_8976968
pd-user_9483307
pd-user_5541655
pd-user_7017871
pd-user_6550734
pd-user_7522981
pd-user_859801
pd-user_4441279
pd-user_8344898
pd-user_6361175
pd-user_6029166
pd-user_4953686
pd-user_9227835
pd-user_6283543
pd-user_6490406
pd-user_2793819
pd-user_3831979
pd-user_1331614
pd-user_9557816
pd-user_5667575
pd-user_6154891
pd-user_1446470
pd-user_9829500
pd-user_2476203
pd-user_2234683
pd-user_4887791
pd-user_6296440
pd-user_7508776
pd-user_7538234
pd-user_8279442
pd-user_3275757
pd-user_3339684
pd-user_8903886
pd-user_6437400
pd-user_9790444
pd-user_2370649
pd-user_6954369
pd-user_8964481
pd-user_7589501
pd-user_1120798
pd-user_2041549
pd-user_1508128
pd-user_2750562
pd-user_717498
pd-user_7722905
pd-user_3439122
pd-user_615073
pd-user_9161850
pd-user_4341882
pd-user_2264435
pd-user_3083527
pd-user_8368653
pd-user_3862593
pd-user_9749201
pd-user_8920158
pd-user_636568
pd-user_7349020
pd-user_7599314
pd-user_2421679
pd-user_306410
pd-user_1041379
pd-user_8280767
pd-user_1919524
pd-user_6060094
pd-user_8430636
pd-user_9725591
pd-user_5120264
pd-user_1554399
pd-user_6725068
pd-user_4305802
pd-user_3648048
pd-user_2689741
pd-user_3940645
pd-user_8054166
pd-user_8796596
pd-user_3519384
pd-user_8053049
pd-user_6646712
pd-user_3675425
pd-user_126506
pd-user_3692815
pd-user_7840135
pd-user_6579048
pd-user_2422374
pd-user_7620395
pd-user_2259352
pd-user_7932459
pd-user_2565649
pd-user_1516089
pd-user_5818691
pd-user_696059
pd-user_7248112
pd-user_5169604
pd-user_3413500
pd-user_6640186
pd-user_6777040
pd-user_1267861
pd-user_9061194
pd-user_3735634
pd-user_8163703
pd-user_8039023
pd-user_9615266
pd-user_1673796
pd-user_9647401
pd-user_6076277
pd-user_9074239
pd-user_3462875
pd-user_4631065
pd-user_5266979
pd-user_9837557
pd-user_1534139
pd-user_9181020
pd-user_2504051
pd-user_9700966
pd-user_8464104
pd-user_617156
pd-user_4456801
pd-user_3066729
pd-user_1092783
pd-user_6109642
pd-user_6159995
pd-user_3736181
pd-user_4903327
pd-user_4374736
pd-user_6616746
pd-user_6635057
pd-user_1220019
pd-user_9698932
pd-user_3134245
pd-user_9159653
pd-user_5099985
pd-user_7823250
pd-user_4818131
pd-user_6019696
pd-user_6038043
pd-user_6273799
pd-user_4857636
pd-user_7318681
pd-user_4306089
pd-user_8139222
pd-user_1004724
pd-user_276302
pd-user_8963109
pd-user_1813769
pd-user_5024002
pd-user_767617
pd-user_2493177
pd-user_1171529
pd-user_8387625
pd-user_7330563
pd-user_5357
pd-user_5636143
pd-user_7547357
pd-user_6092595
pd-user_4691589
pd-user_260935
pd-user_6431337
pd-user_4977198
pd-user_9097974
pd-user_7624025
pd-user_320151
pd-user_4930643
pd-user_1859597
pd-user_8932588
pd-user_8507413
pd-user_4556936
pd-user_6856730
pd-user_5622238
pd-user_9358287
pd-user_639940
pd-user_7780409
pd-user_499427
pd-user_562375
pd-user_2214515
pd-user_8954943
pd-user_4050477
pd-user_2836711
pd-user_4634932
pd-user_769842
pd-user_2185820
pd-user_7931139
pd-user_9864638
pd-user_2776041
pd-user_6846514
pd-user_709646
pd-user_3851421
pd-user_4496150
pd-user_3386013
pd-user_9429339
pd-user_5149245
pd-user_9481555
pd-user_2461645
pd-user_2323300
pd-user_8846844
pd-user_7108169
pd-user_6997381
pd-user_505876
pd-user_3292091
pd-user_5933245
pd-user_823279
pd-user_331525
pd-user_693152
pd-user_6797501
pd-user_6401141
pd-user_6032817
pd-user_3556500
pd-user_132106
pd-user_380436
pd-user_8128851
pd-user_9504582
pd-user_6801836
pd-user_2456435
pd-user_1096196
pd-user_9948203
pd-user_4062185
pd-user_812715
pd-user_4819897
pd-user_8170394
pd-user_3990929
pd-user_1513073
pd-user_7091181
pd-user_9873452
pd-user_1990718
pd-user_9820470
pd-user_3543211
pd-user_4352639
pd-user_7378345
pd-user_3682184
pd-user_1925525
pd-user_3483374
pd-user_7727235
pd-user_5522562
pd-user_2926114
pd-user_6996040
pd-user_3874070
pd-user_3955895
pd-user_6165655
pd-user_6046144
pd-user_386738
pd-user_5491958
pd-user_4005735
pd-user_4793076
pd-user_6334916
pd-user_2697869
pd-user_4338936
pd-user_9610081
pd-user_886450
pd-user_639929
pd-user_665361
pd-user_2612823
pd-user_4885057
pd-user_9366382
pd-user_4359482
pd-user_6894092
pd-user_8793509
pd-user_3582364
pd-user_1534849
pd-user_2239459
pd-user_7391666
pd-user_152320
pd-user_2591847
pd-user_4655603
pd-user_3180165
pd-user_5708375
pd-user_3048088
pd-user_281438
pd-user_9020756
pd-user_8681646
pd-user_8976129
pd-user_3369798
pd-user_5543747
pd-user_6677823
pd-user_6761028
pd-user_3877430
pd-user_4054542
pd-user_5233268
pd-user_8002062
pd-user_3860932
pd-user_4240476
pd-user_4919767
pd-user_3854992
pd-user_9171040
pd-user_8982569
pd-user_5837116
pd-user_6804398
pd-user_1513719
pd-user_8543841
pd-user_3667712
pd-user_6412638
pd-user_36965
pd-user_7666742
pd-user_3706430
pd-user_130008
pd-user_6258309
pd-user_6735890
pd-user_5656669
pd-user_5991483
pd-user_4385528
pd-user_7294045
pd-user_1387942
pd-user_1412843
pd-user_4944976
pd-user_1741088
pd-user_2439251
pd-user_4073144
pd-user_8157527
pd-user_9576310
pd-user_4582573
pd-user_6647914
pd-user_8224928
pd-user_1426503
pd-user_2997312
pd-user_9736551
pd-user_9393351
pd-user_4861099
pd-user_2410556
pd-user_4049799
pd-user_6205491
pd-user_7520690
pd-user_3000822
pd-user_7660077
pd-user_994911
pd-user_6709745
pd-user_1787826
pd-user_6432670
pd-user_9056157
pd-user_7334291
pd-user_1781902
pd-user_2737612
pd-user_8245273
pd-user_2672879
pd-user_9062441
pd-user_1019621
pd-user_5196241
pd-user_7417082
pd-user_162738
pd-user_9082886
pd-user_7278536
pd-user_836339
pd-user_4164669
pd-user_9676723
pd-user_6595349
pd-user_2478849
pd-user_6459634
pd-user_5429840
pd-user_486664
pd-user_6901642
pd-user_5438961
pd-user_5731873
pd-user_9543331
pd-user_9217141
pd-user_2897628
pd-user_4871417
pd-user_2287217
pd-user_9332497
pd-user_3697323
pd-user_8282504
pd-user_1005984
pd-user_7204757
pd-user_1721210
pd-user_2437584
pd-user_8026084
pd-user_4887506
pd-user_2029057
pd-user_9492877
pd-user_5999864
pd-user_2745187
pd-user_6325959
pd-user_8001539
pd-user_9473651
pd-user_1547025
pd-user_4938895
pd-user_4896589
pd-user_5627395
pd-user_6343822
pd-user_9261697
pd-user_4087140
pd-user_1058180
pd-user_5717760
pd-user_6833208
pd-user_8552053
pd-user_3035439
pd-user_8506870
pd-user_9215364
pd-user_488373
pd-user_6767879
pd-user_2300426
pd-user_9565567
pd-user_3920623
pd-user_4911071
pd-user_2574371
pd-user_4698251
pd-user_2723643
pd-user_5680867
pd-user_8645054
pd-user_939092
pd-user_6815305
pd-user_7712821
pd-user_3009730
pd-user_7328560
pd-user_6649566
pd-user_3955566
pd-user_9301800
pd-user_3859804
pd-user_8490014
pd-user_3188359
pd-user_9966556
pd-user_8187471
pd-user_2108263
pd-user_9349784
pd-user_6874836
pd-user_8981446
pd-user_2591233
pd-user_4465852
pd-user_4865611
pd-user_7569120
pd-user_2813600
pd-user_8682063
pd-user_1578153
pd-user_5028004
pd-user_9061287
pd-user_7582101
pd-user_5407946
pd-user_9715286
pd-user_5263898
pd-user_9080368
pd-user_3150130
pd-user_7615817
pd-user_252239
pd-user_2123361
pd-user_6366354
pd-user_6314724
pd-user_6086754
pd-user_6946127
pd-user_6535462
pd-user_4288630
pd-user_9660720
pd-user_5460430
pd-user_3769333
pd-user_8285943
pd-user_8184757
pd-user_1576920
pd-user_1650073
pd-user_1856705
pd-user_7654484
pd-user_4946003
pd-user_3037666
pd-user_4456938
pd-user_7462389
pd-user_427278
pd-user_5990698
pd-user_29902
pd-user_2472183
pd-user_4752340
pd-user_5484859
pd-user_7717011
pd-user_8112148
pd-user_4573388
pd-user_4232966
pd-user_6981932
pd-user_6648947
pd-user_4987246
pd-user_8679580
pd-user_7646496
pd-user_3352871
pd-user_7349290
pd-user_4984585
pd-user_5240905
pd-user_6983214
pd-user_5890468
pd-user_4729630
pd-user_8868418
pd-user_4114757
pd-user_1738620
pd-user_65839
pd-user_5709877
pd-user_3289564
pd-user_6609682
pd-user_6225929
pd-user_6236728
pd-user_3279921
pd-user_2571086
pd-user_7241641
pd-user_3657209
pd-user_2046191
pd-user_7690163
pd-user_4638665
pd-user_2092568
pd-user_6582578
pd-user_4020945
pd-user_3462828
pd-user_9232719
pd-user_2745621
pd-user_282283
pd-user_4877962
pd-user_2669885
pd-user_7463750
pd-user_8627633
pd-user_633899
pd-user_8502233
pd-user_8762438
pd-user_3704688
pd-user_1430499
pd-user_3107918
pd-user_6450692
pd-user_9377216
pd-user_6157408
pd-user_7639066
pd-user_3940598
pd-user_7598509
pd-user_7716199
pd-user_1963344
pd-user_3571469
pd-user_6630825
pd-user_3267717
pd-user_1978738
pd-user_6177411
pd-user_173764
pd-user_5166584
pd-user_9671386
pd-user_3835585
pd-user_2092446
pd-user_5339075
pd-user_3210417
pd-user_9583249
pd-user_9946670
pd-user_1934441
pd-user_5540771
pd-user_568993
pd-user_7828551
pd-user_1701604
pd-user_8383750
pd-user_3111274
pd-user_6698288
pd-user_4831948
pd-user_3756140
pd-user_5580728
pd-user_7019219
pd-user_2989660
pd-user_6409656
pd-user_8801316
pd-user_8327483
pd-user_3241861
pd-user_181914
pd-user_914927
pd-user_8396904
pd-user_9728606
pd-user_7073528
pd-user_5817445
pd-user_5137071
pd-user_5661942
pd-user_4153246
pd-user_8912969
pd-user_4761181
pd-user_7890122
pd-user_4154003
pd-user_9629096
pd-user_6946539
pd-user_5292615
pd-user_1801686
pd-user_2937511
pd-user_987042
pd-user_5638510
pd-user_1252071
pd-user_8940114
pd-user_2473313
pd-user_3680216
pd-user_501596
pd-user_3244987
pd-user_5249697
pd-user_2696273
pd-user_1893314
pd-user_1422502
pd-user_7571570
pd-user_5396872
pd-user_3117876
pd-user_2459684
pd-user_2532549
pd-user_9996961
pd-user_1539031
pd-user_7606424
pd-user_5717843
pd-user_7517670
pd-user_1454644
pd-user_7356359
pd-user_9204560
pd-user_4663573
pd-user_2287259
pd-user_1570045
pd-user_6442388
pd-user_1702845
pd-user_5188598
pd-user_9262411
pd-user_6987219
pd-user_4793280
pd-user_3146787
pd-user_3528242
pd-user_360083
pd-user_503204
pd-user_7523578
pd-user_3864953
pd-user_4113094
pd-user_8311791
pd-user_3716379
pd-user_7653749
pd-user_2550079
pd-user_9234019
pd-user_8698653
pd-user_2722114
pd-user_5153255
pd-user_4269074
pd-user_3740976
pd-user_7809219
pd-user_4354186
pd-user_5197616
pd-user_557843
pd-user_7387281
pd-user_5612587
pd-user_4642212
pd-user_6409063
pd-user_5809460
pd-user_3700680
pd-user_6255160
pd-user_3363638
pd-user_6145887
pd-user_5682670
pd-user_7591983
pd-user_124844
pd-user_6282835
pd-user_5374452
pd-user_9513642
pd-user_3420224
pd-user_3723741
pd-user_268738
pd-user_7316538
pd-user_9251964
pd-user_8512220
pd-user_7633216
pd-user_4591963
pd-user_1182272
pd-user_4629825
pd-user_784426
pd-user_4636787
pd-user_6773146
pd-user_3176292
pd-user_7230327
pd-user_801574
pd-user_927026
pd-user_7492890
pd-user_7197356
pd-user_6578209
pd-user_754123
pd-user_6884855
pd-user_8362161
pd-user_1047632
pd-user_5688508
pd-user_3427190
pd-user_6416780
pd-user_965676
pd-user_1970203
pd-user_3558873
pd-user_5481490
pd-user_309799
pd-user_4648858
pd-user_9373566
pd-user_8139620
pd-user_7172627
pd-user_7079346
pd-user_5985868
pd-user_3299707
pd-user_7823296
pd-user_4974171
pd-user_8779794
pd-user_7060826
pd-user_6060936
pd-user_9677597
pd-user_9226673
pd-user_6580379
pd-user_1688368
pd-user_5872508
pd-user_887056
pd-user_8019951
pd-user_9201206
pd-user_8272338
pd-user_5839903
pd-user_926617
pd-user_5195975
pd-user_7522419
pd-user_845405
pd-user_7832670
pd-user_8772597
pd-user_6520822
pd-user_8434572
pd-user_9092709
pd-user_1495836
pd-user_9446730
pd-user_9855723
pd-user_4723236
pd-user_6714970
pd-user_3054770
pd-user_1110157
pd-user_4253069
pd-user_6347757
pd-user_3218297
pd-user_6628299
pd-user_3288564
pd-user_2864979
pd-user_8010707
pd-user_4453222
pd-user_8825704
pd-user_7467504
pd-user_1947394
pd-user_9835451
pd-user_8895446
pd-user_9738060
pd-user_7375802
pd-user_2503353
pd-user_6434454
pd-user_4919030
pd-user_3870622
pd-user_1100968
pd-user_4100082
pd-user_5413884
pd-user_2995401
pd-user_2024559
pd-user_3994114
pd-user_7163911
pd-user_2157530
pd-user_4817047
pd-user_8192816
pd-user_5022834
pd-user_712028
pd-user_5904819
pd-user_1218268
pd-user_4146468
pd-user_342558
pd-user_5671636
pd-user_7980016
pd-user_2266016
pd-user_3470199
pd-user_7214784
pd-user_1257828
pd-user_2720450
pd-user_1401855
pd-user_5739392
pd-user_1460919
pd-user_4976685
pd-user_7518390
pd-user_7579855
pd-user_8986487
pd-user_2071613
pd-user_5844100
pd-user_5990482
pd-user_2548101
pd-user_1849523
pd-user_5392416
pd-user_2763072
pd-user_2848098
pd-user_575436
pd-user_8758302
pd-user_9376321
pd-user_9520210
pd-user_450745
pd-user_1496278
pd-user_2185225
pd-user_8605853
pd-user_799909
pd-user_6325508
pd-user_1745127
pd-user_558138
pd-user_3933805
pd-user_5349199
pd-user_5159444
pd-user_7026018
pd-user_9164337
pd-user_6049716
pd-user_8633407
pd-user_2902671
pd-user_8187915
pd-user_5033555
pd-user_9052114
pd-user_6773313
pd-user_5452083
pd-user_6495167
pd-user_4175532
pd-user_5014123
pd-user_1248916
pd-user_5998943
pd-user_1000215
pd-user_3318461
pd-user_901066
pd-user_9627399
pd-user_3935931
pd-user_7909874
pd-user_1872931
pd-user_3119630
pd-user_9708480
pd-user_2675921
pd-user_2509405
pd-user_7712330
pd-user_7441069
pd-user_6020363
pd-user_6346015
pd-user_5982239
pd-user_2005569
pd-user_7299807
pd-user_6204606
pd-user_9939985
pd-user_7627086
pd-user_8688469
pd-user_9035019
pd-user_6878520
pd-user_1996420
pd-user_5397200
pd-user_4206633
pd-user_5452281
pd-user_3734337
pd-user_4226465
pd-user_9755074
pd-user_6042955
pd-user_6707892
pd-user_2804373
pd-user_1670616
pd-user_6090726
pd-user_4145014
pd-user_3651353
pd-user_5752412
pd-user_4836386
pd-user_8638751
pd-user_2538410
pd-user_544816
pd-user_4517842
pd-user_1888066
pd-user_8092302
pd-user_4196383
pd-user_5624597
pd-user_431889
pd-user_8627147
pd-user_3580486
pd-user_225359
pd-user_1807184
pd-user_486848
pd-user_7733898
pd-user_4087931
pd-user_1936185
pd-user_189912
pd-user_9773283
pd-user_9675640
pd-user_4213709
pd-user_5744222
pd-user_65874
pd-user_9018969
pd-user_625252
pd-user_875696
pd-user_4062538
pd-user_1338729
pd-user_5664442
pd-user_8622425
pd-user_4113927
pd-user_7096031
pd-user_9757720
pd-user_4327806
pd-user_4651340
pd-user_3524838
pd-user_7909478
pd-user_6174987
pd-user_2185329
pd-user_133179
pd-user_4396979
pd-user_689212
pd-user_2361334
pd-user_6365487
pd-user_7699882
pd-user_8667657
pd-user_2593253
pd-user_5601604
pd-user_1846462
pd-user_638442
pd-user_1334724
pd-user_1791936
pd-user_1171766
pd-user_8862382
pd-user_1539254
pd-user_3853163
pd-user_8482390
pd-user_5204614
pd-user_6206205
pd-user_950382
pd-user_7022926
pd-user_4893946
pd-user_4766651
pd-user_4149795
pd-user_161498
pd-user_7576738
pd-user_8628106
pd-user_2065114
pd-user_1334723
pd-user_9556088
pd-user_515383
pd-user_9088283
pd-user_3507133
pd-user_3476376
pd-user_9225196
pd-user_6113324
pd-user_9137458
pd-user_1928072
pd-user_9954352
pd-user_3855709
pd-user_4554121
pd-user_4655042
pd-user_2623866
pd-user_2630443
pd-user_299952
pd-user_3259484
pd-user_61551
pd-user_2500837
pd-user_9726739
pd-user_254645
pd-user_256602
pd-user_9544744
pd-user_2099898
pd-user_6569196
pd-user_1160951
pd-user_4459591
pd-user_5268909
pd-user_5083107
pd-user_3116949
pd-user_2693658
pd-user_5592483
pd-user_1228939
pd-user_3729097
pd-user_9035315
pd-user_6095897
pd-user_899758
pd-user_2425852
pd-user_2870983
pd-user_4011182
pd-user_8691846
pd-user_1585271
pd-user_6201397
pd-user_7159294
pd-user_9687841
pd-user_3794709
pd-user_9973496
pd-user_4173204
pd-user_8492759
pd-user_6075498
pd-user_5454456
pd-user_2677239
pd-user_5121489
pd-user_7884915
pd-user_7298109
pd-user_1533515
pd-user_5610046
pd-user_2458200
pd-user_1771347
pd-user_7376188
pd-user_3375559
pd-user_393396
pd-user_6537743
pd-user_4981533
pd-user_998953
pd-user_3871743
pd-user_5385053
pd-user_4961364
pd-user_2136685
pd-user_3686726
pd-user_2657282
pd-user_1116637
pd-user_462002
pd-user_301145
pd-user_5521025
pd-user_2772816
pd-user_3438966
pd-user_8043592
pd-user_928477
pd-user_9714244
pd-user_7017537
pd-user_6576733
pd-user_8331088
pd-user_6572116
pd-user_4771824
pd-user_6811085
pd-user_9407377
pd-user_1178430
pd-user_610870
pd-user_1768444
pd-user_7716939
pd-user_6559171
pd-user_7113729
pd-user_3488608
pd-user_5509236
pd-user_7201054
pd-user_8492527
pd-user_8725219
pd-user_2104150
pd-user_1080052
pd-user_1797897
pd-user_5827704
pd-user_2440979
pd-user_2897320
pd-user_2620534
pd-user_3731411
pd-user_3240121
pd-user_3021965
pd-user_3837760
pd-user_6875873
pd-user_9375589
pd-user_6836135
pd-user_8766197
pd-user_7739636
pd-user_3084907
pd-user_7194636
pd-user_392814
pd-user_1746542
pd-user_3645281
pd-user_21885
pd-user_5107839
pd-user_6771950
pd-user_9371034
pd-user_6832942
pd-user_9384666
pd-user_7118803
pd-user_2115689
pd-user_783797
pd-user_2818188
pd-user_6679234
pd-user_2987112
pd-user_5552645
pd-user_1093053
pd-user_5963528
pd-user_7088353
pd-user_5242056
pd-user_3518003
pd-user_9570529
pd-user_7219609
pd-user_5943797
pd-user_4572724
pd-user_1591438
pd-user_3599624
pd-user_1436234
pd-user_4934213
pd-user_1982128
pd-user_7620667
pd-user_7594070
pd-user_3562651
pd-user_2108486
pd-user_4327013
pd-user_3082558
pd-user_9004232
pd-user_6264650
pd-user_7336273
pd-user_9737879
pd-user_659638
pd-user_4839401
pd-user_7615859
pd-user_633395
pd-user_3107247
pd-user_6110845
pd-user_4097471
pd-user_2850633
pd-user_5356142
pd-user_6271230
pd-user_4804144
pd-user_9746334
pd-user_9687215
pd-user_6976604
pd-user_6443821
pd-user_9657455
pd-user_7563143
pd-user_8809151
pd-user_7455762
pd-user_2210420
pd-user_2157088
pd-user_69424
pd-user_5517631
pd-user_3187932
pd-user_323998
pd-user_4704091
pd-user_9013701
pd-user_8035223
pd-user_4464420
pd-user_980118
pd-user_4072693
pd-user_3006129
pd-user_9190734
pd-user_4606114
pd-user_9861572
pd-user_9970634
pd-user_286690
pd-user_7183261
pd-user_1894646
pd-user_6039579
pd-user_2014453
pd-user_779247
pd-user_7780755
pd-user_494646
pd-user_302924
pd-user_8720134
pd-user_4585870
pd-user_8438790
pd-user_5837473
pd-user_8480253
pd-user_6278971
pd-user_9497563
pd-user_5940290
pd-user_1824210
pd-user_4196660
pd-user_3389234
pd-user_2984819
pd-user_2343863
pd-user_232346
pd-user_6267888
pd-user_5896209
pd-user_7611041
pd-user_3132162
pd-user_3968185
pd-user_5824640
pd-user_9899696
pd-user_6493557
pd-user_1739401
pd-user_7424367
pd-user_3897480
pd-user_4585176
pd-user_9505473
pd-user_3570713
pd-user_625833
pd-user_7779410
pd-user_9904068
pd-user_9745421
pd-user_2773438
pd-user_3362877
pd-user_1469825
pd-user_6200497
pd-user_6641555
pd-user_9713373
pd-user_7853565
pd-user_7164258
pd-user_9751377
pd-user_3053500
pd-user_8189708
pd-user_7591161
pd-user_9986086
pd-user_3868229
pd-user_9521481
pd-user_8453842
pd-user_2893663
pd-user_3877694
pd-user_7231964
pd-user_1276846
pd-user_7811359
pd-user_6446320
pd-user_3935471
pd-user_6819455
pd-user_3951983
pd-user_9815523
pd-user_2719745
pd-user_8053801
pd-user_668800
pd-user_854365
pd-user_9256841
pd-user_6393634
pd-user_8703904
pd-user_9750360
pd-user_2370506
pd-user_8165033
pd-user_5259470
pd-user_379707
pd-user_9317197
pd-user_2608170
pd-user_33206
pd-user_6108234
pd-user_9025074
pd-user_9458185
pd-user_813408
pd-user_3479717
pd-user_6446634
pd-user_2721573
pd-user_5377094
pd-user_183311
pd-user_86601
pd-user_7541983
pd-user_1289366
pd-user_6872792
pd-user_1822871
pd-user_9656340
pd-user_1628943
pd-user_458158
pd-user_3631008
pd-user_9497759
pd-user_667128
pd-user_1664729
pd-user_8148546
pd-user_7406134
pd-user_6534188
pd-user_5407285
pd-user_6234774
pd-user_901989
pd-user_5732606
pd-user_8673665
pd-user_7387271
pd-user_8423519
pd-user_4829046
pd-user_8508064
pd-user_1039361
pd-user_6996532
pd-user_7504735
pd-user_6336824
pd-user_4310922
pd-user_9615302
pd-user_8008272
pd-user_2561024
pd-user_3600610
pd-user_6195876
pd-user_9905379
pd-user_1320974
pd-user_9043556
pd-user_5242155
pd-user_6449040
pd-user_7633820
pd-user_5514191
pd-user_69425
pd-user_2421097
pd-user_3031272
pd-user_4122042
pd-user_1190579
pd-user_5132943
pd-user_1463495
pd-user_9272819
pd-user_5715377
pd-user_8011489
pd-user_1667916
pd-user_5400446
pd-user_5861687
pd-user_5523855
pd-user_8499225
pd-user_7770201
pd-user_7403102
pd-user_4483023
pd-user_7079905
pd-user_1889417
pd-user_4919275
pd-user_8388316
pd-user_3839155
pd-user_4574358
pd-user_618343
pd-user_8194121
pd-user_1337571
pd-user_898917
pd-user_8458643
pd-user_6516360
pd-user_1636910
pd-user_7237163
pd-user_6187891
pd-user_1170370
pd-user_5639187
pd-user_5359809
pd-user_9508735
pd-user_4670640
pd-user_7767234
pd-user_6415129
pd-user_4007815
pd-user_1443946
pd-user_2847644
pd-user_9070488
pd-user_828610
pd-user_8468349
pd-user_2236448
pd-user_7502753
pd-user_9798963
pd-user_3675248
pd-user_266207
pd-user_5772899
pd-user_7464392
pd-user_646556
pd-user_8271398
pd-user_5828709
pd-user_6982530
pd-user_2070448
pd-user_2925803
pd-user_7034223
pd-user_753724
pd-user_2361451
pd-user_3057106
pd-user_8017583
pd-user_3546762
pd-user_2848944
pd-user_2878095
pd-user_1678188
pd-user_2716240
pd-user_8209742
pd-user_5098786
pd-user_8649682
pd-user_4830987
pd-user_4865442
pd-user_8418024
pd-user_1123434
pd-user_7839408
pd-user_8638041
pd-user_7775942
pd-user_542061
pd-user_3817032
pd-user_4549701
pd-user_4165068
pd-user_5698979
pd-user_4153251
pd-user_6014337
pd-user_6586432
pd-user_7735689
pd-user_5131179
pd-user_6150590
pd-user_4552840
pd-user_5129598
pd-user_287142
pd-user_5693825
pd-user_9696471
pd-user_3720082
pd-user_9048792
pd-user_7003757
pd-user_1480221
pd-user_793754
pd-user_4991467
pd-user_6215968
pd-user_6097538
pd-user_8550819
pd-user_139568
pd-user_1660313
pd-user_7520997
pd-user_4427398
pd-user_3902594
pd-user_9857838
pd-user_9010067
pd-user_7209509
pd-user_2122891
pd-user_2557555
pd-user_3038805
pd-user_5871511
pd-user_3941001
pd-user_7110634
pd-user_989361
pd-user_1103737
pd-user_5258219
pd-user_9004621
pd-user_3328360
pd-user_3665030
pd-user_9374098
pd-user_1204001
pd-user_8447431
pd-user_2228675
pd-user_646349
pd-user_7358724
pd-user_2014572
pd-user_6289769
pd-user_5927426
pd-user_3675032
pd-user_9998890
pd-user_1438173
pd-user_6087940
pd-user_5805908
pd-user_7000954
pd-user_4689784
pd-user_2502844
pd-user_9676519
pd-user_920853
pd-user_6424917
pd-user_8540537
pd-user_481118
pd-user_4614048
pd-user_4536269
pd-user_6467443
pd-user_7454182
pd-user_6208685
pd-user_7209167
pd-user_3657393
pd-user_4497081
pd-user_6899105
pd-user_8750576
pd-user_2503285
pd-user_7122401
pd-user_1779105
pd-user_7853876
pd-user_4861405
pd-user_6320844
pd-user_9880045
pd-user_1958971
pd-user_9188958
pd-user_6818824
pd-user_7920292
pd-user_2508738
pd-user_1159671
pd-user_5564854
pd-user_2809622
pd-user_7727732
pd-user_493738
pd-user_293749
pd-user_4712474
pd-user_4415905
pd-user_4293577
pd-user_8129620
pd-user_9739353
pd-user_4798167
pd-user_2839455
pd-user_4976157
pd-user_1797442
pd-user_6046959
pd-user_8825459
pd-user_4400934
pd-user_5679713
pd-user_5147148
pd-user_9790768
pd-user_3167670
pd-user_8252411
pd-user_7830423
pd-user_2961887
pd-user_7413945
pd-user_2196185
pd-user_3711190
pd-user_7449169
pd-user_827428
pd-user_1822222
pd-user_4837033
pd-user_630812
pd-user_1911801
pd-user_3632616
pd-user_3797835
pd-user_3350422
pd-user_8278689
pd-user_4618836
pd-user_7046163
pd-user_6783596
pd-user_419108
pd-user_7290346
pd-user_4536079
pd-user_5975889
pd-user_6986006
pd-user_5510667
pd-user_6104196
pd-user_1777159
pd-user_3360871
pd-user_331370
pd-user_3925231
pd-user_3254469
pd-user_7006959
pd-user_7060914
pd-user_8222147
pd-user_2307231
pd-user_6204339
pd-user_8310149
pd-user_8167863
pd-user_4897040
pd-user_6790262
pd-user_3209431
pd-user_8331994
pd-user_699659
pd-user_2261100
pd-user_7628366
pd-user_1689160
pd-user_4831305
pd-user_3362044
pd-user_4204361
pd-user_6239538
pd-user_8905998
pd-user_4459867
pd-user_844520
pd-user_6754108
pd-user_6147167
pd-user_7030129
pd-user_7810040
pd-user_6697590
pd-user_8592302
pd-user_9828614
pd-user_8591604
pd-user_5163021
pd-user_410836
pd-user_4083869
pd-user_8716804
pd-user_6286735
pd-user_6836989
pd-user_518281
pd-user_373576
pd-user_9358258
pd-user_8818619
pd-user_3583742
pd-user_7604172
pd-user_6495168
pd-user_681087
pd-user_8576965
pd-user_9531722
pd-user_6162736
pd-user_9415627
pd-user_6534086
pd-user_3721011
pd-user_5482150
pd-user_4181289
pd-user_9281736
pd-user_5269740
pd-user_3581838
pd-user_172124
pd-user_5541038
pd-user_7182180
pd-user_3819866
pd-user_2624229
pd-user_290278
pd-user_8271683
pd-user_7785679
pd-user_9898112
pd-user_4157093
pd-user_4037310
pd-user_6159992
pd-user_5081169
pd-user_4441894
pd-user_2575360
pd-user_7140950
pd-user_8439122
pd-user_1253597
pd-user_7880403
pd-user_4716289
pd-user_3618768
pd-user_2773451
pd-user_6712561
pd-user_9462415
pd-user_1028272
pd-user_4338007
pd-user_8931759
pd-user_2538293
pd-user_1513187
pd-user_8034201
pd-user_1311862
pd-user_4234539
pd-user_4517004
pd-user_8249699
pd-user_6916866
pd-user_5080177
pd-user_597904
pd-user_2560552
pd-user_5426103
pd-user_114454
pd-user_5306228
pd-user_9678625
pd-user_6280157
pd-user_5378160
pd-user_8069918
pd-user_6871479
pd-user_6908943
pd-user_7233081
pd-user_2081267
pd-user_6186660
pd-user_1600407
pd-user_7318736
pd-user_3405324
pd-user_4210649
pd-user_9646629
pd-user_211660
pd-user_6135689
pd-user_1572180
pd-user_1885849
pd-user_1791217
pd-user_9306793
pd-user_9794323
pd-user_6009497
pd-user_5350659
pd-user_7965695
pd-user_1088356
pd-user_6145263
pd-user_5634453
pd-user_9153313
pd-user_9331688
pd-user_3145131
pd-user_6522758
pd-user_3312323
pd-user_5308895
pd-user_4467381
pd-user_6463708
pd-user_8803220
pd-user_2844415
pd-user_8200279
pd-user_821133
pd-user_5849647
pd-user_3136605
pd-user_4112262
pd-user_5227865
pd-user_240352
pd-user_6073821
pd-user_6668703
pd-user_2363551
pd-user_3988796
pd-user_8506942
pd-user_1051691
pd-user_4086740
pd-user_1039608
pd-user_3461529
pd-user_1837922
pd-user_4629609
pd-user_3754456
pd-user_1193810
pd-user_275727
pd-user_3814743
pd-user_1281272
pd-user_8617329
pd-user_2997423
pd-user_4638392
pd-user_2585420
pd-user_5585703
pd-user_2566158
pd-user_5852788
pd-user_6506858
pd-user_114576
pd-user_5313681
pd-user_5457187
pd-user_9482214
pd-user_8399948
pd-user_8968941
pd-user_3050344
pd-user_3111685
pd-user_1357372
pd-user_6815116
pd-user_5461552
pd-user_6309661
pd-user_5661324
pd-user_8330804
pd-user_7900891
pd-user_8206346
pd-user_3532451
pd-user_7898429
pd-user_40304
pd-user_8616961
pd-user_8300815
pd-user_5211246
pd-user_4637463
pd-user_6190780
pd-user_5373002
pd-user_2061343
pd-user_5050716
pd-user_6791467
pd-user_5400953
pd-user_5257257
pd-user_3704639
pd-user_6428516
pd-user_6663503
pd-user_5263366
pd-user_169021
pd-user_4538597
pd-user_2017000
pd-user_5255780
pd-user_3178259
pd-user_1590235
pd-user_6039982
pd-user_9683300
pd-user_5044681
pd-user_9026478
pd-user_5310501
pd-user_5685476
pd-user_256660
pd-user_3295192
pd-user_4322441
pd-user_6181311
pd-user_2199253
pd-user_9088953
pd-user_4312650
pd-user_4210000
pd-user_9955921
pd-user_9204207
pd-user_3110140
pd-user_3232027
pd-user_8946349
pd-user_6883945
pd-user_3198886
pd-user_3261966
pd-user_564630
pd-user_3829327
pd-user_1500686
pd-user_175994
pd-user_7781581
pd-user_1526536
pd-user_3353095
pd-user_1495851
pd-user_6602872
pd-user_2988729
pd-user_6823571
pd-user_8723473
pd-user_9155688
pd-user_6207155
pd-user_9761875
pd-user_8360080
pd-user_7043727
pd-user_3129526
pd-user_7052961
pd-user_8370243
pd-user_6673833
pd-user_9723451
pd-user_6928664
pd-user_1502045
pd-user_5073106
pd-user_4316634
pd-user_9557334
pd-user_5545317
pd-user_9242743
pd-user_1499164
pd-user_3683546
pd-user_4192895
pd-user_873048
pd-user_1678
pd-user_3856388
pd-user_1435974
pd-user_1124410
pd-user_5059881
pd-user_8429265
pd-user_8256979
pd-user_6618322
pd-user_724583
pd-user_6892433
pd-user_7559478
pd-user_7646903
pd-user_7934347
pd-user_1097554
pd-user_322646
pd-user_4460942
pd-user_8379648
pd-user_9934378
pd-user_2540226
pd-user_1346648
pd-user_7728969
pd-user_138050
pd-user_4056265
pd-user_3600450
pd-user_4949187
pd-user_4810309
pd-user_9624007
pd-user_4548471
pd-user_9298934
pd-user_3132459
pd-user_6134657
pd-user_6416831
pd-user_5481535
pd-user_723562
pd-user_5212962
pd-user_3756910
pd-user_2738902
pd-user_6619490
pd-user_9137209
pd-user_8949439
pd-user_6131447
pd-user_586087
pd-user_9615180
pd-user_35703
pd-user_1360603
pd-user_8446795
pd-user_8674399
pd-user_4195147
pd-user_763456
pd-user_3121626
pd-user_1287562
pd-user_2732090
pd-user_4929962
pd-user_2958527
pd-user_9484809
pd-user_2689119
pd-user_9186990
pd-user_7188791
pd-user_7817341
pd-user_9456883
pd-user_2273640
pd-user_2480867
pd-user_5141944
pd-user_223065
pd-user_6108675
pd-user_1638475
pd-user_8499105
pd-user_5406472
pd-user_1464025
pd-user_9329584
pd-user_5607446
pd-user_532827
pd-user_993873
pd-user_318716
pd-user_2880684
pd-user_3627313
pd-user_6749384
pd-user_8545810
pd-user_7809749
pd-user_2642297
pd-user_634442
pd-user_8013637
pd-user_504057
pd-user_2709163
pd-user_3297340
pd-user_6475581
pd-user_7746734
pd-user_1891903
pd-user_2218026
pd-user_9840531
pd-user_8144001
pd-user_3273905
pd-user_5093436
pd-user_4328549
pd-user_2373039
pd-user_9618186
pd-user_4509063
pd-user_971014
pd-user_8654794
pd-user_450192
pd-user_2072461
pd-user_6351737
pd-user_145994
pd-user_6286644
pd-user_5003825
pd-user_8434426
pd-user_8480013
pd-user_2175117
pd-user_7231452
pd-user_9260308
pd-user_2334009
pd-user_2811232
pd-user_7509883
pd-user_5765862
pd-user_9172830
pd-user_8074127
pd-user_5126249
pd-user_3670485
pd-user_9159332
pd-user_3922312
pd-user_7360457
pd-user_1446547
pd-user_6451375
pd-user_5882894
pd-user_1643949
pd-user_2632161
pd-user_855036
pd-user_4811235
pd-user_1450498
pd-user_2935927
pd-user_6941767
pd-user_6931484
pd-user_1448995
pd-user_7366474
pd-user_1305405
pd-user_4473961
pd-user_8979576
pd-user_3692026
pd-user_6656003
pd-user_8442856
pd-user_9771266
pd-user_1540916
pd-user_3180301
pd-user_2074929
pd-user_7930730
pd-user_728977
pd-user_2368195
pd-user_5453952
pd-user_5757266
pd-user_9722061
pd-user_263992
pd-user_3660403
pd-user_9761645
pd-user_2796513
pd-user_6777993
pd-user_6377816
pd-user_7143941
pd-user_1994677
pd-user_1760429
pd-user_9495519
pd-user_5461545
pd-user_8874000
pd-user_5729014
pd-user_1166657
pd-user_6163956
pd-user_1760968
pd-user_1200707
pd-user_2630933
pd-user_3997315
pd-user_6567707
pd-user_8333447
pd-user_5087687
pd-user_4200225
pd-user_3248366
pd-user_3257170
pd-user_1339667
pd-user_4441088
pd-user_6006378
pd-user_3431313
pd-user_1819203
pd-user_6222589
pd-user_5027985
pd-user_3076557
pd-user_8944737
pd-user_7688052
pd-user_1176798
pd-user_5433752
pd-user_845200
pd-user_6649914
pd-user_7098316
pd-user_8149632
pd-user_2692270
pd-user_2464325
pd-user_6894312
pd-user_1669958
pd-user_9023619
pd-user_4028001
pd-user_8510805
pd-user_6927212
pd-user_5539221
pd-user_6608635
pd-user_881308
pd-user_7450762
pd-user_2602300
pd-user_4447426
pd-user_5605055
pd-user_4404457
pd-user_6738442
pd-user_6901090
pd-user_8082134
pd-user_4039834
pd-user_6474548
pd-user_7447115
pd-user_2269145
pd-user_7477828
pd-user_8841357
pd-user_3138792
pd-user_6526120
pd-user_9096869
pd-user_1426676
pd-user_1653787
pd-user_1953031
pd-user_6951692
pd-user_3380992
pd-user_140480
pd-user_7330334
pd-user_7086789
pd-user_8235413
pd-user_3027463
pd-user_6651745
pd-user_4035960
pd-user_2429387
pd-user_2058062
pd-user_5615643
pd-user_6113318
pd-user_8063331
pd-user_5434734
pd-user_4270806
pd-user_2248545
pd-user_7397739
pd-user_8728282
pd-user_8104535
pd-user_777798
pd-user_5659785
pd-user_510395
pd-user_3401239
pd-user_8845194
pd-user_7382450
pd-user_5105792
pd-user_6758214
pd-user_441023
pd-user_6134173
pd-user_3576944
pd-user_4495040
pd-user_153575
pd-user_5748116
pd-user_3112273
pd-user_6939104
pd-user_5191843
pd-user_1140637
pd-user_8662893
pd-user_7879960
pd-user_8759411
pd-user_497969
pd-user_3224666
pd-user_3273178
pd-user_9579584
pd-user_9698949
pd-user_4120973
pd-user_5394802
pd-user_3112805
pd-user_5717877
pd-user_8279251
pd-user_9549436
pd-user_7559800
pd-user_8975546
pd-user_1754464
pd-user_8176063
pd-user_2733920
pd-user_2247343
pd-user_7452863
pd-user_2066843
pd-user_7714797
pd-user_1054568
pd-user_7283908
pd-user_5864224
pd-user_1312897
pd-user_3572475
pd-user_3571818
pd-user_8119590
pd-user_355294
pd-user_5111870
pd-user_2711866
pd-user_4745129
pd-user_1995592
pd-user_4396713
pd-user_4488553
pd-user_1848171
pd-user_2573391
pd-user_2939524
pd-user_4616039
pd-user_9313320
pd-user_9488591
pd-user_5730428
pd-user_2430809
pd-user_9789981
pd-user_1585445
pd-user_9190833
pd-user_4408630
pd-user_8162399
pd-user_5237383
pd-user_3125795
pd-user_512175
pd-user_6385363
pd-user_363055
pd-user_723267
pd-user_1131548
pd-user_9366771
pd-user_5110776
pd-user_791044
pd-user_1387039
pd-user_1005102
pd-user_7993904
pd-user_1210664
pd-user_8080410
pd-user_595186
pd-user_6762888
pd-user_4573798
pd-user_3047106
pd-user_3350225
pd-user_7625557
pd-user_2182363
pd-user_6144367
pd-user_121399
pd-user_9774858
pd-user_8429338
pd-user_1124335
pd-user_2429027
pd-user_6817716
pd-user_4115894
pd-user_1448370
pd-user_9256567
pd-user_1525791
pd-user_535782
pd-user_8309182
pd-user_6744913
pd-user_9900220
pd-user_2595665
pd-user_8892914
pd-user_5169353
pd-user_2258189
pd-user_6881007
pd-user_2602799
pd-user_4490233
pd-user_2592998
pd-user_371671
pd-user_8180737
pd-user_7404038
pd-user_114203
pd-user_7430188
pd-user_83329
pd-user_7476015
pd-user_9602300
pd-user_8266099
pd-user_9378508
pd-user_1582672
pd-user_1340685
pd-user_9275498
pd-user_3275029
pd-user_2763004
pd-user_3779800
pd-user_5078381
pd-user_8474455
pd-user_2025853
pd-user_9851338
pd-user_2696754
pd-user_7354655
pd-user_7631842
pd-user_562978
pd-user_9496355
pd-user_7217520
pd-user_837202
pd-user_1462013
pd-user_2088196
pd-user_6958134
pd-user_7104811
pd-user_5478472
pd-user_8345209
pd-user_9483634
pd-user_6752472
pd-user_4680643
pd-user_17296
pd-user_3552521
pd-user_1703021
pd-user_74983
pd-user_7818032
pd-user_7825335
pd-user_3945699
pd-user_3449429
pd-user_5450592
pd-user_3735313
pd-user_1616710
pd-user_8412203
pd-user_9927422
pd-user_8330703
pd-user_1634506
pd-user_107336
pd-user_5214205
pd-user_5386667
pd-user_6281098
pd-user_9252893
pd-user_1646444
pd-user_2972748
pd-user_6622871
pd-user_655616
pd-user_2670290
pd-user_1322252
pd-user_3960347
pd-user_4061645
pd-user_2763904
pd-user_2821577
pd-user_8602157
pd-user_597634
pd-user_2660890
pd-user_8285321
pd-user_7475267
pd-user_7320538
pd-user_2770983
pd-user_1329286
pd-user_7396359
pd-user_6461146
pd-user_6248608
pd-user_1115169
pd-user_1299076
pd-user_5871110
pd-user_8900492
pd-user_8806545
pd-user_5741954
pd-user_8218771
pd-user_314931
pd-user_1879065
pd-user_298202
pd-user_9090526
pd-user_763829
pd-user_4807675
pd-user_6827148
pd-user_5725085
pd-user_4116925
pd-user_4218625
pd-user_1985709
pd-user_1119279
pd-user_5445814
pd-user_162940
pd-user_6080971
pd-user_8070659
pd-user_6390456
pd-user_5899321
pd-user_8129897
pd-user_5428266
pd-user_64019
pd-user_1373553
pd-user_1205619
pd-user_9095552
pd-user_4255833
pd-user_4830791
pd-user_1591008
pd-user_9532016
pd-user_9713412
pd-user_6396815
pd-user_7626769
pd-user_6589236
pd-user_2741711
pd-user_3791826
pd-user_8757947
pd-user_9276051
pd-user_4182684
pd-user_2009844
pd-user_1866611
pd-user_2418283
pd-user_8614480
pd-user_7101663
pd-user_9307625
pd-user_6066670
pd-user_7972518
pd-user_8310283
pd-user_3134218
pd-user_7226045
pd-user_5212515
pd-user_5566970
pd-user_6627381
pd-user_9163152
pd-user_2421959
pd-user_3468641
pd-user_7304005
pd-user_7569904
pd-user_5791317
pd-user_4311127
pd-user_3208645
pd-user_774335
pd-user_7741334
pd-user_934619
pd-user_822871
pd-user_7391239
pd-user_8681934
pd-user_4552577
pd-user_5930646
pd-user_2612568
pd-user_520491
pd-user_1587437
pd-user_6997235
pd-user_9330389
pd-user_8436377
pd-user_9578274
pd-user_5790376
pd-user_5844518
pd-user_5586325
pd-user_2950708
pd-user_6185680
pd-user_8785641
pd-user_7026882
pd-user_4883627
pd-user_3088514
pd-user_9583229
pd-user_9241275
pd-user_2062869
pd-user_5100157
pd-user_2389979
pd-user_388008
pd-user_9680490
pd-user_1588302
pd-user_5778607
pd-user_2836265
pd-user_5424439
pd-user_2802476
pd-user_6828202
pd-user_5610513
pd-user_2596097
pd-user_6890079
pd-user_7874064
pd-user_6059608
pd-user_3096650
pd-user_9033576
pd-user_217732
pd-user_8055943
pd-user_133754
pd-user_621146
pd-user_8425104
pd-user_9970056
pd-user_3679319
pd-user_3961048
pd-user_3657919
pd-user_1333552
pd-user_9162247
pd-user_8108006
pd-user_1494101
pd-user_5025543
pd-user_9972548
pd-user_2830093
pd-user_3983301
pd-user_4532973
pd-user_8101044
pd-user_1853209
pd-user_2999518
pd-user_3603534
pd-user_9038428
pd-user_8378108
pd-user_2888617
pd-user_3893939
pd-user_5264381
pd-user_4220012
pd-user_1852193
pd-user_2544691
pd-user_1265947
pd-user_9288861
pd-user_9584369
pd-user_4138584
pd-user_3185276
pd-user_6332481
pd-user_8388414
pd-user_3455480
pd-user_2234756
pd-user_5458994
pd-user_9926461
pd-user_8184743
pd-user_1736349
pd-user_1625762
pd-user_2329149
pd-user_7996779
pd-user_7552967
pd-user_9885690
pd-user_4349082
pd-user_1655978
pd-user_354998
pd-user_9427226
pd-user_9275926
pd-user_3616961
pd-user_4294578
pd-user_8639009
pd-user_4274105
pd-user_728473
pd-user_7979670
pd-user_2232572
pd-user_5690429
pd-user_9106219
pd-user_1332435
pd-user_9437088
pd-user_9058768
pd-user_518204
pd-user_7227586
pd-user_7789804
pd-user_3951094
pd-user_7221546
pd-user_6110434
pd-user_8286317
pd-user_5660148
pd-user_1035445
pd-user_2652690
pd-user_6543752
pd-user_7088667
pd-user_4639313
pd-user_7481087
pd-user_272441
pd-user_7828997
pd-user_7346411
pd-user_8355131
pd-user_4898605
pd-user_2125477
pd-user_5946786
pd-user_2082973
pd-user_2340646
pd-user_8790848
pd-user_2926610
pd-user_9550845
pd-user_981373
pd-user_513432
pd-user_9425668
pd-user_7616621
pd-user_8389323
pd-user_7227678
pd-user_1940971
pd-user_2259078
pd-user_6642586
pd-user_5973475
pd-user_87887
pd-user_6744414
pd-user_7078903
pd-user_7813629
pd-user_1864396
pd-user_5082457
pd-user_5003318
pd-user_7945280
pd-user_312065
pd-user_1566809
pd-user_5441720
pd-user_2235944
pd-user_6735353
pd-user_677064
pd-user_1733566
pd-user_5760932
pd-user_2345620
pd-user_4870952
pd-user_7121227
pd-user_262243
pd-user_3919492
pd-user_6986776
pd-user_5617417
pd-user_781417
pd-user_9603474
pd-user_9086408
pd-user_1927738
pd-user_4303480
pd-user_1079825
pd-user_5706901
pd-user_1459811
pd-user_6446716
pd-user_8237991
pd-user_4594664
pd-user_5450133
pd-user_8872457
pd-user_219181
pd-user_1231393
pd-user_4029496
pd-user_7435803
pd-user_6333653
pd-user_4800907
pd-user_8752003
pd-user_7369653
pd-user_4841555
pd-user_2008733
pd-user_1258971
pd-user_3094501
pd-user_5788784
pd-user_6189513
pd-user_6624322
pd-user_2674153
pd-user_860323
pd-user_9989873
pd-user_798555
pd-user_5488717
pd-user_3429012
pd-user_4671714
pd-user_4901803
pd-user_7915025
pd-user_6665145
pd-user_3795748
pd-user_6132547
pd-user_9136996
pd-user_8329814
pd-user_8788539
pd-user_7446573
pd-user_1886862
pd-user_9429734
pd-user_3565402
pd-user_8940272
pd-user_7871219
pd-user_3749807
pd-user_3324810
pd-user_1649562
pd-user_4167556
pd-user_2855094
pd-user_1839265
pd-user_1603921
pd-user_2449012
pd-user_9751322
pd-user_4392885
pd-user_9119190
pd-user_2268532
pd-user_4539448
pd-user_7679389
pd-user_5527170
pd-user_3542826
pd-user_2536705
pd-user_5724133
pd-user_3001516
pd-user_7006137
pd-user_4294106
pd-user_4635735
pd-user_2135387
pd-user_2946635
pd-user_1408203
pd-user_2380608
pd-user_389084
pd-user_6776662
pd-user_1257835
pd-user_4851611
pd-user_5274578
pd-user_6113801
pd-user_2009061
pd-user_3665652
pd-user_3743788
pd-user_437400
pd-user_7730129
pd-user_5602848
pd-user_1071308
pd-user_5488105
pd-user_8521622
pd-user_2881051
pd-user_2510175
pd-user_4787237
pd-user_2103293
pd-user_2530717
pd-user_107401
pd-user_4186033
pd-user_1148851
pd-user_7624014
pd-user_8308162
pd-user_8857877
pd-user_3999404
pd-user_5286442
pd-user_6122136
pd-user_8614926
pd-user_2948223
pd-user_5283821
pd-user_194588
pd-user_3580228
pd-user_8978457
pd-user_6409118
pd-user_8912040
pd-user_8758887
pd-user_3066140
pd-user_6790778
pd-user_3511333
pd-user_7500891
pd-user_142544
pd-user_5423339
pd-user_3583774
pd-user_2310564
pd-user_9731263
pd-user_5739903
pd-user_8996532
pd-user_149754
pd-user_470158
pd-user_9705717
pd-user_5597437
pd-user_3294388
pd-user_6227372
pd-user_7353369
pd-user_5967582
pd-user_9292894
pd-user_1193560
pd-user_6296006
pd-user_5875658
pd-user_7298307
pd-user_2626001
pd-user_5622339
pd-user_8989109
pd-user_8815901
pd-user_3316487
pd-user_8038224
pd-user_513988
pd-user_4138861
pd-user_2027651
pd-user_8217386
pd-user_7570168
pd-user_5478970
pd-user_7428725
pd-user_9984717
pd-user_3927825
pd-user_5049985
pd-user_3502476
pd-user_5689116
pd-user_3230807
pd-user_1012354
pd-user_9479846
pd-user_8455139
pd-user_2109807
pd-user_8352136
pd-user_3031481
pd-user_2217666
pd-user_3800540
pd-user_6781279
pd-user_5590484
pd-user_2453723
pd-user_3160012
pd-user_9843410
pd-user_9926995
pd-user_2313183
pd-user_5925088
pd-user_2050075
pd-user_5582283
pd-user_4262384
pd-user_1862334
pd-user_4574063
pd-user_6795234
pd-user_5003066
pd-user_2276807
pd-user_1334013
pd-user_166805
pd-user_1552176
pd-user_2750970
pd-user_7300997
pd-user_2862886
pd-user_5886560
pd-user_2632577
pd-user_3502985
pd-user_6319564
pd-user_7850160
pd-user_7716169
pd-user_9111383
pd-user_874361
pd-user_1776270
pd-user_2256745
pd-user_9162220
pd-user_5520656
pd-user_8653000
pd-user_4595609
pd-user_1168110
pd-user_5780090
pd-user_3484207
pd-user_3090443
pd-user_9568905
pd-user_8150712
pd-user_4714982
pd-user_836961
pd-user_1873793
pd-user_4850748
pd-user_9391127
pd-user_406200
pd-user_4396109
pd-user_9747356
pd-user_4803834
pd-user_3403200
pd-user_9221222
pd-user_182920
pd-user_9923121
pd-user_1501995
pd-user_4265216
pd-user_8410201
pd-user_701118
pd-user_7868298
pd-user_7307239
pd-user_4166882
pd-user_6484650
pd-user_36509
pd-user_4369033
pd-user_5141961
pd-user_1769367
pd-user_3913704
pd-user_6973558
pd-user_4348461
pd-user_5673714
pd-user_9797130
pd-user_3656126
pd-user_1243197
pd-user_3987450
pd-user_958097
pd-user_3237342
pd-user_4505924
pd-user_9297977
pd-user_7576955
pd-user_3871649
pd-user_259594
pd-user_9497468
pd-user_9465009
pd-user_7230456
pd-user_3039937
pd-user_2400581
pd-user_8538415
pd-user_943528
pd-user_7992498
pd-user_7937319
pd-user_9851538
pd-user_1678417
pd-user_718042
pd-user_958395
pd-user_468692
pd-user_9829050
pd-user_5788901
pd-user_2890508
pd-user_735683
pd-user_5627514
pd-user_4142113
pd-user_6026790
pd-user_7132044
pd-user_9438211
pd-user_4351795
pd-user_4549943
pd-user_2450259
pd-user_8172257
pd-user_2000494
pd-user_6883005
pd-user_614073
pd-user_6418901
pd-user_5702673
pd-user_4525648
pd-user_9977254
pd-user_6121836
pd-user_9380201
pd-user_908442
pd-user_5908282
pd-user_7911352
pd-user_4873375
pd-user_5371998
pd-user_5907874
pd-user_4268294
pd-user_9515926
pd-user_1107745
pd-user_8533731
pd-user_1301247
pd-user_7372373
pd-user_1574756
pd-user_1953411
pd-user_5726349
pd-user_5957979
pd-user_8264862
pd-user_2031401
pd-user_7724188
pd-user_3319805
pd-user_3211759
pd-user_2653839
pd-user_1946470
pd-user_979487
pd-user_5650853
pd-user_2255229
pd-user_8048285
pd-user_4617252
pd-user_6237553
pd-user_4977142
pd-user_7455980
pd-user_9827266
pd-user_9132225
pd-user_4827083
pd-user_6872503
pd-user_9966301
pd-user_6752646
pd-user_4958834
pd-user_6585001
pd-user_254343
pd-user_3827787
pd-user_1575537
pd-user_5591809
pd-user_8792663
pd-user_3887393
pd-user_5205134
pd-user_6991128
pd-user_8086281
pd-user_6331121
pd-user_9703570
pd-user_4743298
pd-user_2670408
pd-user_8615896
pd-user_6545692
pd-user_5554604
pd-user_1228448
pd-user_6184501
pd-user_4682210
pd-user_6567832
pd-user_568223
pd-user_8831536
pd-user_9224893
pd-user_1536938
pd-user_5356351
pd-user_290546
pd-user_7067366
pd-user_5032451
pd-user_2903625
pd-user_9610555
pd-user_4615057
pd-user_6698168
pd-user_5619230
pd-user_9411745
pd-user_2375285
pd-user_4639961
pd-user_6684139
pd-user_6701787
pd-user_7153032
pd-user_5548838
pd-user_6993340
pd-user_6038612
pd-user_4070992
pd-user_387904
pd-user_4015506
pd-user_6898915
pd-user_1814527
pd-user_6052085
pd-user_5375162
pd-user_6713953
pd-user_7682938
pd-user_9230386
pd-user_9301064
pd-user_7631099
pd-user_1965825
pd-user_2835326
pd-user_3795318
pd-user_2216045
pd-user_2003804
pd-user_4396540
pd-user_5324136
pd-user_3166894
pd-user_8374652
pd-user_6513885
pd-user_9154122
pd-user_8569582
pd-user_8448081
pd-user_8612268
pd-user_652967
pd-user_9782266
pd-user_9138185
pd-user_8425247
pd-user_8789280
pd-user_9730346
pd-user_2182431
pd-user_1192168
pd-user_2587412
pd-user_4005291
pd-user_8952295
pd-user_5336773
pd-user_6359476
pd-user_7374179
pd-user_5015015
pd-user_5674658
pd-user_1183397
pd-user_2447601
pd-user_6600047
pd-user_7820969
pd-user_6157853
pd-user_2500731
pd-user_3932629
pd-user_7580417
pd-user_4229117
pd-user_7323904
pd-user_8957568
pd-user_5208337
pd-user_7274001
pd-user_8669719
pd-user_1849556
pd-user_9432275
pd-user_4817994
pd-user_9053236
pd-user_7996619
pd-user_2383308
pd-user_6879124
pd-user_6464007
pd-user_4062901
pd-user_5175700
pd-user_3718365
pd-user_6789772
pd-user_3769290
pd-user_3355254
pd-user_7824340
pd-user_8765275
pd-user_7645305
pd-user_5052963
pd-user_8041244
pd-user_3166662
pd-user_8394377
pd-user_3659138
pd-user_5056557
pd-user_1892491
pd-user_7380762
pd-user_5438631
pd-user_7383245
pd-user_5027112
pd-user_8594232
pd-user_5510315
pd-user_9283974
pd-user_6128336
pd-user_4802586
pd-user_3972396
pd-user_7099256
pd-user_4725915
pd-user_8024534
pd-user_4159907
pd-user_823257
pd-user_270093
pd-user_8812280
pd-user_712989
pd-user_977554
pd-user_1314044
pd-user_7481737
pd-user_3746603
pd-user_1610525
pd-user_8248164
pd-user_9663001
pd-user_8166205
pd-user_570549
pd-user_1157808
pd-user_5165790
pd-user_7202297
pd-user_234065
pd-user_1345653
pd-user_9600987
pd-user_4397095
pd-user_5558499
pd-user_7007294
pd-user_5025596
pd-user_9718188
pd-user_4904406
pd-user_7718815
pd-user_9857118
pd-user_4578507
pd-user_2371555
pd-user_7197974
pd-user_4457382
pd-user_4981549
pd-user_9281732
pd-user_9535311
pd-user_6176135
pd-user_6964158
pd-user_2485272
pd-user_7124237
pd-user_2541443
pd-user_3371376
pd-user_1618744
pd-user_9470328
pd-user_2916639
pd-user_7041018
pd-user_4204820
pd-user_9114672
pd-user_6049591
pd-user_9357833
pd-user_9030693
pd-user_9184638
pd-user_1066520
pd-user_5013748
pd-user_3121476
pd-user_3975826
pd-user_4127683
pd-user_5984416
pd-user_1411279
pd-user_2077532
pd-user_3063190
pd-user_7571551
pd-user_8213460
pd-user_6366924
pd-user_4615466
pd-user_6649131
pd-user_4712307
pd-user_2195409
pd-user_5013026
pd-user_8956375
pd-user_9260829
pd-user_9397506
pd-user_4726021
pd-user_342693
pd-user_7077617
pd-user_3073334
pd-user_8164195
pd-user_1792634
pd-user_1494081
pd-user_2908630
pd-user_8090733
pd-user_9580217
pd-user_8655751
pd-user_694377
pd-user_7395187
pd-user_1577786
pd-user_2620461
pd-user_4773981
pd-user_7867494
pd-user_7981406
pd-user_9531388
pd-user_7677938
pd-user_2211002
pd-user_5911512
pd-user_9950224
pd-user_8146371
pd-user_2565527
pd-user_6623511
pd-user_144396
pd-user_975559
pd-user_614940
pd-user_564426
pd-user_1669785
pd-user_9794026
pd-user_4011539
pd-user_5767365
pd-user_7111862
pd-user_7375774
pd-user_2420662
pd-user_9250335
pd-user_2450271
pd-user_3768855
pd-user_43933
pd-user_7223064
pd-user_1105185
pd-user_3980889
pd-user_3484394
pd-user_2011472
pd-user_3155640
pd-user_9665296
pd-user_7408836
pd-user_5428757
pd-user_4548375
pd-user_2990292
pd-user_3213617
pd-user_5451664
pd-user_1275842
pd-user_3119478
pd-user_301883
pd-user_8793933
pd-user_8473513
pd-user_4116448
pd-user_9244587
pd-user_5718890
pd-user_6429649
pd-user_4802449
pd-user_2309669
pd-user_880510
pd-user_8594175
pd-user_3564446
pd-user_4824147
pd-user_5793348
pd-user_572804
pd-user_931389
pd-user_7080406
pd-user_2290922
pd-user_572153
pd-user_4344773
pd-user_7145655
pd-user_2152031
pd-user_126642
pd-user_9897387
pd-user_1717257
pd-user_6437182
pd-user_222766
pd-user_8037405
pd-user_3385930
pd-user_2267495
pd-user_902334
pd-user_497491
pd-user_3768083
pd-user_2998818
pd-user_7317961
pd-user_2944127
pd-user_1937698
pd-user_639814
pd-user_268704
pd-user_6820233
pd-user_784606
pd-user_852331
pd-user_2953077
pd-user_55441
pd-user_4833034
pd-user_8734848
pd-user_5006381
pd-user_6316322
pd-user_8295100
pd-user_6257906
pd-user_6037318
pd-user_5373739
pd-user_7176315
pd-user_6330895
pd-user_1436462
pd-user_1261321
pd-user_7911391
pd-user_1237547
pd-user_8495915
pd-user_3208687
pd-user_7934488
pd-user_9135273
pd-user_2725748
pd-user_7297279
pd-user_2492410
pd-user_2141849
pd-user_6924613
pd-user_9334159
pd-user_4683407
pd-user_7746243
pd-user_5452874
pd-user_2909701
pd-user_9799187
pd-user_1331666
pd-user_8779343
pd-user_7070297
pd-user_1958240
pd-user_4222768
pd-user_5026037
pd-user_7813471
pd-user_179415
pd-user_5933937
pd-user_969613
pd-user_6815804
pd-user_4442639
pd-user_2280784
pd-user_9748779
pd-user_8825746
pd-user_7019765
pd-user_200041
pd-user_5896311
pd-user_5279956
pd-user_1429194
pd-user_9691942
pd-user_4870447
pd-user_6148497
pd-user_1830165
pd-user_4731670
pd-user_9001636
pd-user_8132096
pd-user_983680
pd-user_4455698
pd-user_9604797
pd-user_2657461
pd-user_1364180
pd-user_3561813
pd-user_8872732
pd-user_7330035
pd-user_861004
pd-user_8057754
pd-user_2273996
pd-user_5282526
pd-user_9597906
pd-user_1260744
pd-user_440187
pd-user_4117661
pd-user_3116352
pd-user_5875507
pd-user_4253210
pd-user_6327256
pd-user_7043228
pd-user_1835260
pd-user_8714203
pd-user_6256979
pd-user_4707657
pd-user_6234049
pd-user_2110989
pd-user_2483571
pd-user_1034618
pd-user_8707601
pd-user_321571
pd-user_8151134
pd-user_5068689
pd-user_9092735
pd-user_2660140
pd-user_6953055
pd-user_6340794
pd-user_1282134
pd-user_9803557
pd-user_2326528
pd-user_8152507
pd-user_4440550
pd-user_5937372
pd-user_2890227
pd-user_5474766
pd-user_55332
pd-user_5223209
pd-user_2699491
pd-user_7743603
pd-user_7372641
pd-user_8210615
pd-user_6031379
pd-user_7780634
pd-user_2317642
pd-user_4713218
pd-user_4926869
pd-user_8999949
pd-user_1123692
pd-user_7201255
pd-user_6004772
pd-user_1948835
pd-user_2935622
pd-user_9829341
pd-user_4954138
pd-user_7470366
pd-user_9070658
pd-user_5377179
pd-user_8959609
pd-user_1396909
pd-user_5088158
pd-user_4517960
pd-user_7082299
pd-user_1981294
pd-user_4864374
pd-user_2167419
pd-user_3412970
pd-user_8162716
pd-user_4759845
pd-user_6251987
pd-user_9733094
pd-user_6637463
pd-user_5250737
pd-user_4300732
pd-user_7736109
pd-user_6186408
pd-user_6772984
pd-user_6696651
pd-user_8083186
pd-user_8755774
pd-user_2982815
pd-user_7829271
pd-user_8292941
pd-user_6104905
pd-user_4483989
pd-user_3793981
pd-user_4875838
pd-user_5928236
pd-user_8511516
pd-user_1776653
pd-user_2739443
pd-user_2054176
pd-user_4749318
pd-user_9672188
pd-user_4859111
pd-user_7095755
pd-user_406981
pd-user_9483120
pd-user_2853335
pd-user_2328663
pd-user_2556804
pd-user_6686656
pd-user_8845449
pd-user_6822619
pd-user_3676818
pd-user_6720505
pd-user_4790203
pd-user_6395542
pd-user_16711
pd-user_7103599
pd-user_5300959
pd-user_1685081
pd-user_5542103
pd-user_5322052
pd-user_549089
pd-user_178647
pd-user_7878458
pd-user_6035687
pd-user_7767327
pd-user_816756
pd-user_9232386
pd-user_9473731
pd-user_1962811
pd-user_7982350
pd-user_3378789
pd-user_4927744
pd-user_2780347
pd-user_1476600
pd-user_4046315
pd-user_5416608
pd-user_8738427
pd-user_3620710
pd-user_9245721
pd-user_291531
pd-user_7997625
pd-user_5637248
pd-user_2792420
pd-user_7979550
pd-user_3010143
pd-user_8908088
pd-user_7670242
pd-user_1217737
pd-user_3119515
pd-user_3983747
pd-user_2494181
pd-user_6703405
pd-user_6625123
pd-user_582989
pd-user_2934132
pd-user_1508721
pd-user_6144239
pd-user_4172062
pd-user_6214515
pd-user_7656773
pd-user_7651048
pd-user_2630791
pd-user_645322
pd-user_4631918
pd-user_3931016
pd-user_6684607
pd-user_1737780
pd-user_995906
pd-user_6782611
pd-user_7246256
pd-user_3094219
pd-user_9205179
pd-user_7739376
pd-user_2882819
pd-user_3769151
pd-user_4697720
pd-user_3794707
pd-user_671659
pd-user_7927024
pd-user_4500988
pd-user_6668102
pd-user_8794846
pd-user_1913573
pd-user_6375217
pd-user_7741390
pd-user_4333755
pd-user_5587908
pd-user_4917081
pd-user_5318929
pd-user_357323
pd-user_2548250
pd-user_4351843
pd-user_8679464
pd-user_419383
pd-user_9273892
pd-user_8713887
pd-user_6882438
pd-user_7978876
pd-user_9684751
pd-user_8630136
pd-user_5398923
pd-user_659866
pd-user_6619137
pd-user_9761611
pd-user_4061345
pd-user_192440
pd-user_2666075
pd-user_3681145
pd-user_774994
pd-user_9462466
pd-user_860946
pd-user_6964920
pd-user_3855370
pd-user_7740168
pd-user_7989903
pd-user_8965659
pd-user_2304086
pd-user_1611133
pd-user_5550385
pd-user_9042833
pd-user_7764300
pd-user_8222758
pd-user_9768009
pd-user_5922933
pd-user_3309081
pd-user_1676242
pd-user_4647028
pd-user_6277528
pd-user_1162989
pd-user_3251679
pd-user_1258171
pd-user_9853902
pd-user_3464143
pd-user_1838896
pd-user_5309033
pd-user_7137804
pd-user_7925178
pd-user_2726352
pd-user_3338964
pd-user_450045
pd-user_7476021
pd-user_4802181
pd-user_2694567
pd-user_537041
pd-user_5249668
pd-user_1741000
pd-user_3342217
pd-user_7972000
pd-user_63986
pd-user_9420196
pd-user_1904010
pd-user_9624250
pd-user_5891596
pd-user_3586137
pd-user_5343433
pd-user_8147853
pd-user_8360452
pd-user_9704326
pd-user_1167463
pd-user_1576966
pd-user_5851341
pd-user_8920301
pd-user_2242008
pd-user_128087
pd-user_5108491
pd-user_8399524
pd-user_1062578
pd-user_6299222
pd-user_8203441
pd-user_6287880
pd-user_8556222
pd-user_4645311
pd-user_7164780
pd-user_2663539
pd-user_4552754
pd-user_7125694
pd-user_1478040
pd-user_8867186
pd-user_7145613
pd-user_8640191
pd-user_4734819
pd-user_7323939
pd-user_2332028
pd-user_8271108
pd-user_3680415
pd-user_455124
pd-user_2060238
pd-user_7901135
pd-user_71406
pd-user_3736165
pd-user_9711699
pd-user_8600007
pd-user_1167758
pd-user_3186322
pd-user_3228212
pd-user_9864075
pd-user_2839331
pd-user_5422464
pd-user_2213670
pd-user_145330
pd-user_7388543
pd-user_4467320
pd-user_1982311
pd-user_8196418
pd-user_5250671
pd-user_9646041
pd-user_9279268
pd-user_9554874
pd-user_3573778
pd-user_496498
pd-user_3014197
pd-user_5304420
pd-user_3891193
pd-user_4145176
pd-user_5333502
pd-user_7024181
pd-user_119542
pd-user_2505972
pd-user_333210
pd-user_7116382
pd-user_6817568
pd-user_9196229
pd-user_6781559
pd-user_2124695
pd-user_4241455
pd-user_4960668
pd-user_84158
pd-user_9212887
pd-user_1252719
pd-user_8804897
pd-user_4723971
pd-user_8122247
pd-user_6333648
pd-user_2917859
pd-user_8176730
pd-user_5673596
pd-user_4951712
pd-user_4243896
pd-user_4554098
pd-user_960472
pd-user_819949
pd-user_5561423
pd-user_2717001
pd-user_5495044
pd-user_6210400
pd-user_5628145
pd-user_6329232
pd-user_3642763
pd-user_2288781
pd-user_3819043
pd-user_1042490
pd-user_7604929
pd-user_770240
pd-user_5080659
pd-user_5299528
pd-user_5257090
pd-user_9516164
pd-user_5728499
pd-user_4286778
pd-user_911138
pd-user_8682318
pd-user_1880079
pd-user_6027381
pd-user_4786558
pd-user_5579450
pd-user_6433622
pd-user_8393647
pd-user_9393254
pd-user_1702904
pd-user_9209237
pd-user_3732775
pd-user_2779684
pd-user_6720269
pd-user_9772948
pd-user_6073428
pd-user_786436
pd-user_6068196
pd-user_6528306
pd-user_1195789
pd-user_3183363
pd-user_5733229
pd-user_4618260
pd-user_2515669
pd-user_7212163
pd-user_9851895
pd-user_6003948
pd-user_8248202
pd-user_5105135
pd-user_625240
pd-user_918209
pd-user_5866798
pd-user_5512635
pd-user_8714374
pd-user_5689549
pd-user_4702525
pd-user_7505937
pd-user_1256621
pd-user_7315525
pd-user_2921591
pd-user_5415738
pd-user_6701349
pd-user_3835207
pd-user_4191232
pd-user_8678822
pd-user_9576212
pd-user_8111790
pd-user_1161640
pd-user_6455485
pd-user_1129456
pd-user_4044564
pd-user_1709872
pd-user_1257595
pd-user_9282333
pd-user_3234644
pd-user_9371222
pd-user_8022045
pd-user_1447720
pd-user_2700573
pd-user_8794755
pd-user_8160736
pd-user_8768726
pd-user_1599882
pd-user_8686574
pd-user_7916827
pd-user_7439687
pd-user_5866671
pd-user_9988728
pd-user_8263244
pd-user_4715253
pd-user_1268110
pd-user_4891245
pd-user_6420205
pd-user_7635211
pd-user_4868212
pd-user_6106413
pd-user_3445759
pd-user_6913678
pd-user_6077181
pd-user_2644529
pd-user_5167345
pd-user_9331382
pd-user_1931836
pd-user_788544
pd-user_8853528
pd-user_5038153
pd-user_1499440
pd-user_3228837
pd-user_8544360
pd-user_2600980
pd-user_6857348
pd-user_8525608
pd-user_6215035
pd-user_9461357
pd-user_9382757
pd-user_3553266
pd-user_62797
pd-user_6403099
pd-user_2981489
pd-user_2778944
pd-user_3635284
pd-user_7347627
pd-user_625162
pd-user_2749344
pd-user_6887019
pd-user_105883
pd-user_3564864
pd-user_4842342
pd-user_9088936
pd-user_6734638
pd-user_3170984
pd-user_7915492
pd-user_7947028
pd-user_8866362
pd-user_5806596
pd-user_6913346
pd-user_4663683
pd-user_6876433
pd-user_1503882
pd-user_1269900
pd-user_7169282
pd-user_94969
pd-user_1566787
pd-user_9209437
pd-user_258162
pd-user_8479884
pd-user_6354978
pd-user_1096700
pd-user_5792429
pd-user_9466138
pd-user_2176941
pd-user_5821576
pd-user_518490
pd-user_2585732
pd-user_3543981
pd-user_1582648
pd-user_4711737
pd-user_6427482
pd-user_1180899
pd-user_8917418
pd-user_1874381
pd-user_107635
pd-user_6256200
pd-user_6654265
pd-user_6803238
pd-user_1930692
pd-user_6697060
pd-user_1550345
pd-user_8120712
pd-user_4217843
pd-user_8283790
pd-user_4343699
pd-user_1194581
pd-user_5556268
pd-user_7005778
pd-user_7144111
pd-user_5833132
pd-user_9097655
pd-user_2029376
pd-user_214574
pd-user_8181714
pd-user_8952728
pd-user_1558020
pd-user_3370294
pd-user_3988865
pd-user_3176197
pd-user_9047831
pd-user_8002057
pd-user_4227717
pd-user_8069484
pd-user_8156076
pd-user_3876900
pd-user_6702428
pd-user_2993543
pd-user_3528786
pd-user_7032827
pd-user_9473512
pd-user_4448103
pd-user_333
pd-user_3171069
pd-user_5714727
pd-user_5863181
pd-user_9372124
pd-user_9469004
pd-user_7365249
pd-user_6078478
pd-user_978234
pd-user_5494607
pd-user_4290958
pd-user_8727387
pd-user_121154
pd-user_1261508
pd-user_5337862
pd-user_8845534
pd-user_1241160
pd-user_7185228
pd-user_7124671
pd-user_4897010
pd-user_2155041
pd-user_9483579
pd-user_1190056
pd-user_6095326
pd-user_9596638
pd-user_5239296
pd-user_8563562
pd-user_3786295
pd-user_6730191
pd-user_545983
pd-user_4198113
pd-user_4541537
pd-user_6871661
pd-user_3380087
pd-user_7033244
pd-user_7045713
pd-user_4285193
pd-user_3866487
pd-user_2748612
pd-user_2915791
pd-user_1275078
pd-user_4693440
pd-user_4027348
pd-user_1208986
pd-user_9776800
pd-user_9211962
pd-user_370095
pd-user_6412125
pd-user_7022839
pd-user_1427190
pd-user_8627194
pd-user_2985928
pd-user_4226209
pd-user_3792472
pd-user_6349823
pd-user_278181
pd-user_5641693
pd-user_9235423
pd-user_6393970
pd-user_245256
pd-user_3795165
pd-user_6427064
pd-user_7507469
pd-user_9748226
pd-user_618277
pd-user_8960301
pd-user_6406136
pd-user_4267363
pd-user_5641063
pd-user_9517953
pd-user_3955566
pd-user_4452794
pd-user_5061175
pd-user_4729848
pd-user_7164305
pd-user_4669392
pd-user_3569897
pd-user_4301804
pd-user_8267649
pd-user_2960865
pd-user_1211659
pd-user_5828581
pd-user_8488694
pd-user_8051867
pd-user_3518157
pd-user_8095883
pd-user_8587285
pd-user_8050106
pd-user_3059216
pd-user_349347
pd-user_3813444
pd-user_3040294
pd-user_5279546
pd-user_2109495
pd-user_8166294
pd-user_415103
pd-user_7498918
pd-user_2586537
pd-user_1743132
pd-user_1233144
pd-user_6428891
pd-user_2557068
pd-user_8125485
pd-user_7656364
pd-user_2682561
pd-user_1096127
pd-user_1506140
pd-user_6135000
pd-user_4700327
pd-user_1542721
pd-user_8951161
pd-user_6028928
pd-user_1870401
pd-user_2564589
pd-user_8010687
pd-user_9497286
pd-user_2554154
pd-user_9297749
pd-user_3118484
pd-user_8322395
pd-user_9598439
pd-user_5036231
pd-user_7413413
pd-user_5172246
pd-user_7971084
pd-user_933973
pd-user_5322623
pd-user_8407231
pd-user_9990048
pd-user_9109768
pd-user_8112068
pd-user_2158047
pd-user_2320650
pd-user_5134069
pd-user_5641003
pd-user_6018403
pd-user_6529450
pd-user_3768097
pd-user_2583002
pd-user_5008319
pd-user_5530573
pd-user_6018143
pd-user_9746490
pd-user_4846277
pd-user_9408938
pd-user_3694026
pd-user_5894184
pd-user_6450715
pd-user_1344792
pd-user_3193148
pd-user_6604819
pd-user_8470716
pd-user_960211
pd-user_9617308
pd-user_664631
pd-user_2896216
pd-user_4372388
pd-user_9771895
pd-user_7187037
pd-user_9926066
pd-user_5265037
pd-user_7350796
pd-user_7586749
pd-user_1533601
pd-user_4947936
pd-user_9176516
pd-user_3348247
pd-user_9132544
pd-user_1827470
pd-user_8011020
pd-user_5342848
pd-user_8678475
pd-user_3524524
pd-user_7788153
pd-user_1269958
pd-user_2680111
pd-user_4708428
pd-user_8760143
pd-user_7753489
pd-user_5822946
pd-user_7482211
pd-user_7891492
pd-user_6911750
pd-user_4306133
pd-user_6469050
pd-user_948487
pd-user_6795642
pd-user_8389182
pd-user_8216680
pd-user_3425170
pd-user_2198652
pd-user_7330031
pd-user_5091046
pd-user_3055821
pd-user_1094528
pd-user_9556293
pd-user_4124085
pd-user_7305303
pd-user_5536069
pd-user_3732973
pd-user_5489610
pd-user_538117
pd-user_3434862
pd-user_7882101
pd-user_9137657
pd-user_3951212
pd-user_2043446
pd-user_2175898
pd-user_9496308
pd-user_8507893
pd-user_9821728
pd-user_813466
pd-user_1029005
pd-user_8103193
pd-user_4524314
pd-user_7219559
pd-user_9787178
pd-user_3246409
pd-user_8639952
pd-user_9832641
pd-user_1894126
pd-user_8012651
pd-user_4373439
pd-user_2993638
pd-user_3657934
pd-user_1731524
pd-user_3876955
pd-user_1234277
pd-user_5087737
pd-user_8365444
pd-user_4596649
pd-user_8728353
pd-user_1674416
pd-user_4283496
pd-user_1891972
pd-user_6527394
pd-user_2605335
pd-user_9716378
pd-user_4146975
pd-user_1091354
pd-user_3330929
pd-user_3099428
pd-user_9339798
pd-user_5556781
pd-user_6747653
pd-user_1871563
pd-user_1217890
pd-user_662299
pd-user_1136366
pd-user_4347570
pd-user_1070725
pd-user_3839053
pd-user_9533461
pd-user_6279424
pd-user_7904419
pd-user_8961836
pd-user_4290362
pd-user_2916656
pd-user_596306
pd-user_9668511
pd-user_2778121
pd-user_1219459
pd-user_9583103
pd-user_4809830
pd-user_3779307
pd-user_9401472
pd-user_7044053
pd-user_8983532
pd-user_8264042
pd-user_4526553
pd-user_1221916
pd-user_1381326
pd-user_8308375
pd-user_7037737
pd-user_5041685
pd-user_1459680
pd-user_4329865
pd-user_5030710
pd-user_5195940
pd-user_8755736
pd-user_8547346
pd-user_7268274
pd-user_2232079
pd-user_2403679
pd-user_2959260
pd-user_1169754
pd-user_2649016
pd-user_7876641
pd-user_7406621
pd-user_8777156
pd-user_1579014
pd-user_2712574
pd-user_291782
pd-user_5441898
pd-user_6917161
pd-user_5341078
pd-user_9287807
pd-user_5394345
pd-user_4449001
pd-user_1626829
pd-user_2651370
pd-user_7536400
pd-user_837380
pd-user_6585522
pd-user_2921682
pd-user_5310858
pd-user_2119600
pd-user_6613798
pd-user_3165105
pd-user_163869
pd-user_8850487
pd-user_2930506
pd-user_7100468
pd-user_5445055
pd-user_1305974
pd-user_2527507
pd-user_8065504
pd-user_462190
pd-user_142380
pd-user_2318084
pd-user_5250291
pd-user_5985704
pd-user_7176696
pd-user_2988966
pd-user_7938832
pd-user_7320882
pd-user_8245660
pd-user_8909237
pd-user_6581776
pd-user_9382313
pd-user_2573150
pd-user_6358876
pd-user_8868201
pd-user_4595846
pd-user_5674245
pd-user_2475601
pd-user_1756800
pd-user_2845818
pd-user_1044387
pd-user_192589
pd-user_8107453
pd-user_4091065
pd-user_7881362
pd-user_9444341
pd-user_4701021
pd-user_6932655
pd-user_5807173
pd-user_434227
pd-user_5087493
pd-user_8284249
pd-user_4135177
pd-user_4678123
pd-user_2372119
pd-user_2088087
pd-user_1988428
pd-user_8608284
pd-user_8943207
pd-user_1703797
pd-user_8035972
pd-user_5672545
pd-user_9216530
pd-user_7196108
pd-user_7934138
pd-user_6173998
pd-user_6297084
pd-user_1255171
pd-user_9588116
pd-user_1499251
pd-user_2936171
pd-user_3801108
pd-user_9143022
pd-user_492873
pd-user_2475224
pd-user_5472538
pd-user_617616
pd-user_437339
pd-user_2076659
pd-user_1999319
pd-user_3584554
pd-user_4126322
pd-user_2840285
pd-user_2439436
pd-user_1094120
pd-user_3164699
pd-user_3041654
pd-user_2505513
pd-user_5801711
pd-user_7860525
pd-user_8323979
pd-user_7797464
pd-user_532900
pd-user_2957201
pd-user_2151804
pd-user_8653696
pd-user_9517090
pd-user_7665563
pd-user_2682769
pd-user_3792053
pd-user_3568037
pd-user_558474
pd-user_7120017
pd-user_6288016
pd-user_3888970
pd-user_2375565
pd-user_8774180
pd-user_5252425
pd-user_7920374
pd-user_9645015
pd-user_4662425
pd-user_2956965
pd-user_8773634
pd-user_296734
pd-user_9893882
pd-user_9244591
pd-user_8518784
pd-user_9685888
pd-user_4398018
pd-user_3282416
pd-user_7457578
pd-user_2522383
pd-user_1177849
pd-user_1480335
pd-user_1011013
pd-user_3771349
pd-user_594931
pd-user_1869751
pd-user_8279445
pd-user_5138557
pd-user_7564900
pd-user_3913559
pd-user_2475915
pd-user_6375034
pd-user_9662190
pd-user_114961
pd-user_3134399
pd-user_1164261
pd-user_8869025
pd-user_4302888
pd-user_7034288
pd-user_2793598
pd-user_4055736
pd-user_8233377
pd-user_2596463
pd-user_8229665
pd-user_36597
pd-user_4290813
pd-user_9396267
pd-user_7844489
pd-user_4794351
pd-user_2053463
pd-user_6707166
pd-user_1904502
pd-user_7401053
pd-user_8995530
pd-user_7769497
pd-user_507403
pd-user_795705
pd-user_5666916
pd-user_941632
pd-user_3113506
pd-user_9877731
pd-user_7510418
pd-user_1277282
pd-user_9841856
pd-user_9637387
pd-user_8959065
pd-user_40101
pd-user_3965177
pd-user_4061869
pd-user_4140698
pd-user_815863
pd-user_1059991
pd-user_984661
pd-user_6151114
pd-user_6906229
pd-user_9920911
pd-user_9273135
pd-user_4516826
pd-user_2654832
pd-user_4038399
pd-user_8560368
pd-user_8032070
pd-user_5709299
pd-user_9913765
pd-user_281535
pd-user_7238060
pd-user_8889518
pd-user_411393
pd-user_416905
pd-user_8078778
pd-user_7822514
pd-user_3942045
pd-user_1489174
pd-user_557274
pd-user_8432718
pd-user_8352111
pd-user_9635004
pd-user_5509100
pd-user_2182585
pd-user_1178759
pd-user_2172466
pd-user_4007552
pd-user_637612
pd-user_4923443
pd-user_3099127
pd-user_8866524
pd-user_3344385
pd-user_5133856
pd-user_6984389
pd-user_9597214
pd-user_2105572
pd-user_5626518
pd-user_39754
pd-user_7976454
pd-user_6285133
pd-user_6622726
pd-user_3920394
pd-user_1381887
pd-user_8535832
pd-user_9724525
pd-user_6462387
pd-user_7644811
pd-user_6570224
pd-user_8912570
pd-user_7423944
pd-user_9875090
pd-user_7761347
pd-user_7168985
pd-user_297069
pd-user_1763212
pd-user_5337406
pd-user_7303104
pd-user_1157582
pd-user_7703317
pd-user_2106780
pd-user_3483637
pd-user_7707777
pd-user_7015436
pd-user_6321261
pd-user_8144636
pd-user_5774880
pd-user_785438
pd-user_8728423
pd-user_9488668
pd-user_5238104
pd-user_244454
pd-user_6346917
pd-user_5260242
pd-user_6406628
pd-user_6171557
pd-user_9393611
pd-user_9617735
pd-user_1981826
pd-user_9989359
pd-user_1625650
pd-user_1783942
pd-user_8448447
pd-user_3597927
pd-user_4963386
pd-user_657501
pd-user_9129969
pd-user_3961599
pd-user_6717424
pd-user_6458195
pd-user_5230461
pd-user_2291043
pd-user_9046958
pd-user_9969739
pd-user_1990582
pd-user_7702382
pd-user_8986722
pd-user_9233976
pd-user_1011421
pd-user_8974727
pd-user_327784
pd-user_7802679
pd-user_360047
pd-user_3678674
pd-user_1699614
pd-user_994712
pd-user_2579857
pd-user_8792418
pd-user_6449066
pd-user_219103
pd-user_7022158
pd-user_3566742
pd-user_9392969
pd-user_9912410
pd-user_2542614
pd-user_9939557
pd-user_7372030
pd-user_5640023
pd-user_4368852
pd-user_9085599
pd-user_9454814
pd-user_3750450
pd-user_7584375
pd-user_9213350
pd-user_7900075
pd-user_7674272
pd-user_7798658
pd-user_2653054
pd-user_2972346
pd-user_2320382
pd-user_3158205
pd-user_979694
pd-user_8059485
pd-user_6503154
pd-user_7121987
pd-user_4854780
pd-user_3630327
pd-user_7244778
pd-user_5402452
pd-user_3366638
pd-user_5274952
pd-user_8704719
pd-user_1727529
pd-user_6168968
pd-user_1784222
pd-user_4059011
pd-user_7833425
pd-user_2023129
pd-user_9639639
pd-user_5730870
pd-user_1829430
pd-user_9927127
pd-user_797826
pd-user_4211640
pd-user_4991492
pd-user_4182839
pd-user_5936440
pd-user_8351570
pd-user_4207384
pd-user_927476
pd-user_9431199
pd-user_9543717
pd-user_6549221
pd-user_5671498
pd-user_1908694
pd-user_8221858
pd-user_183817
pd-user_8464723
pd-user_6412289
pd-user_1175797
pd-user_3218404
pd-user_8145048
pd-user_6867358
pd-user_6264447
pd-user_4917247
pd-user_4262569
pd-user_9615136
pd-user_5748137
pd-user_7387850
pd-user_9909915
pd-user_1536932
pd-user_6499344
pd-user_1089172
pd-user_131965
pd-user_5918654
pd-user_1644847
pd-user_1736627
pd-user_3948172
pd-user_5191174
pd-user_5831294
pd-user_4936784
pd-user_4417094
pd-user_5073876
pd-user_6733125
pd-user_4176149
pd-user_4462024
pd-user_7355530
pd-user_4648211
pd-user_924960
pd-user_1522060
pd-user_7938667
pd-user_2001413
pd-user_6324783
pd-user_34947
pd-user_938270
pd-user_1383562
pd-user_9896599
pd-user_1881737
pd-user_7521087
pd-user_2373528
pd-user_7062065
pd-user_1391204
pd-user_5298848
pd-user_2028961
pd-user_7040294
pd-user_3663908
pd-user_9025283
pd-user_9278886
pd-user_1969420
pd-user_7635683
pd-user_720540
pd-user_8081029
pd-user_4464666
pd-user_7632037
pd-user_3109166
pd-user_1021522
pd-user_5868368
pd-user_6692999
pd-user_1704570
pd-user_6755208
pd-user_8109991
pd-user_6487580
pd-user_946679
pd-user_4647369
pd-user_9803334
pd-user_8297917
pd-user_5014178
pd-user_4193589
pd-user_146559
pd-user_6212997
pd-user_4666023
pd-user_9376521
pd-user_3029932
pd-user_9377982
pd-user_83064
pd-user_824919
pd-user_7145834
pd-user_8866108
pd-user_2280666
pd-user_5185913
pd-user_1021107
pd-user_2379399
pd-user_5115352
pd-user_9916397
pd-user_8419788
pd-user_8435373
pd-user_2878233
pd-user_2778460
pd-user_2519982
pd-user_7789809
pd-user_8310043
pd-user_2629318
pd-user_879667
pd-user_3940077
pd-user_1047070
pd-user_3696749
pd-user_6494087
pd-user_331150
pd-user_1890390
pd-user_2714353
pd-user_8023165
pd-user_8778814
pd-user_4910814
pd-user_7416260
pd-user_3692881
pd-user_5239777
pd-user_7112420
pd-user_3199347
pd-user_3484908
pd-user_7324247
pd-user_8358122
pd-user_2901140
pd-user_951456
pd-user_6449163
pd-user_2656004
pd-user_7211901
pd-user_1548904
pd-user_1157388
pd-user_1331416
pd-user_5852350
pd-user_9178618
pd-user_6113439
pd-user_473860
pd-user_9219447
pd-user_9934199
pd-user_3456938
pd-user_5794808
pd-user_5989386
pd-user_3165156
pd-user_3602195
pd-user_7037288
pd-user_3358307
pd-user_9555630
pd-user_6372200
pd-user_8990741
pd-user_9321762
pd-user_965114
pd-user_6001681
pd-user_5317656
pd-user_6370207
pd-user_3904955
pd-user_543318
pd-user_7482341
pd-user_7485377
pd-user_1251678
pd-user_7231370
pd-user_2706261
pd-user_5807663
pd-user_1821566
pd-user_2790278
pd-user_4037763
pd-user_5943134
pd-user_809679
pd-user_6490733
pd-user_4805576
pd-user_3752544
pd-user_1774334
pd-user_6249207
pd-user_5868922
pd-user_2471608
pd-user_9994795
pd-user_6541665
pd-user_9490831
pd-user_3819787
pd-user_8909574
pd-user_6515720
pd-user_748394
pd-user_7945851
pd-user_9796087
pd-user_8240579
pd-user_5364694
pd-user_4458724
pd-user_5599802
pd-user_8805037
pd-user_2356170
pd-user_1444021
pd-user_5519497
pd-user_5403923
pd-user_8037702
pd-user_8615015
pd-user_7106373
pd-user_7578217
pd-user_1572786
pd-user_6625590
pd-user_2432454
pd-user_9443387
pd-user_1388453
pd-user_3413574
pd-user_7089191
pd-user_945344
pd-user_5143982
pd-user_5257590
pd-user_799067
pd-user_3510108
pd-user_756657
pd-user_6139140
pd-user_1823190
pd-user_4279397
pd-user_3197117
pd-user_7895531
pd-user_7271946
pd-user_104446
pd-user_9944384
pd-user_2995748
pd-user_8373057
pd-user_5517138
pd-user_5550266
pd-user_403715
pd-user_1041046
pd-user_2466778
pd-user_191868
pd-user_5724286
pd-user_7684085
pd-user_8601505
pd-user_3990180
pd-user_4136274
pd-user_6948967
pd-user_7610586
pd-user_2051012
pd-user_9315748
pd-user_8017802
pd-user_7551644
pd-user_3957006
pd-user_9159343
pd-user_4198538
pd-user_5658219
pd-user_2745737
pd-user_2631422
pd-user_9618836
pd-user_5562274
pd-user_731562
pd-user_4041278
pd-user_1947219
pd-user_2765086
pd-user_8368268
pd-user_7648158
pd-user_1859727
pd-user_2724532
pd-user_1139738
pd-user_6452051
pd-user_2228246
pd-user_7447902
pd-user_7031987
pd-user_2017075
pd-user_7107791
pd-user_462177
pd-user_3847231
pd-user_5915837
pd-user_3382598
pd-user_6951846
pd-user_1507668
pd-user_8546294
pd-user_6816904
pd-user_823430
pd-user_5210758
pd-user_4830549
pd-user_1926854
pd-user_8175867
pd-user_6096003
pd-user_1692192
pd-user_8993693
pd-user_6931578
pd-user_5045335
pd-user_1257712
pd-user_1114151
pd-user_639851
pd-user_9505766
pd-user_4788859
pd-user_9439175
pd-user_1156393
pd-user_8067622
pd-user_7882998
pd-user_5186045
pd-user_4690186
pd-user_33671
pd-user_1707318
pd-user_1406199
pd-user_9474964
pd-user_9155455
pd-user_8328005
pd-user_2564488
pd-user_8808280
pd-user_4466632
pd-user_5971326
pd-user_2911500
pd-user_2706051
pd-user_9341970
pd-user_1860651
pd-user_8814846
pd-user_3542058
pd-user_5502681
pd-user_8391499
pd-user_1785045
pd-user_8443019
pd-user_204918
pd-user_2726441
pd-user_5200523
pd-user_8491617
pd-user_8537094
pd-user_3347391
pd-user_9601187
pd-user_5669896
pd-user_3993642
pd-user_9287672
pd-user_2197367
pd-user_8346670
pd-user_5093409
pd-user_3843230
pd-user_9438382
pd-user_7113235
pd-user_5726060
pd-user_3723410
pd-user_2536883
pd-user_8431689
pd-user_6597307
pd-user_620142
pd-user_2767841
pd-user_7779045
pd-user_3746282
pd-user_3404518
pd-user_8499044
pd-user_5247957
pd-user_1533063
pd-user_9451831
pd-user_4158287
pd-user_3854828
pd-user_322575
pd-user_3805516
pd-user_7079341
pd-user_8001945
pd-user_5682467
pd-user_353092
pd-user_8770817
pd-user_1067037
pd-user_4948127
pd-user_1479857
pd-user_1368588
pd-user_8951184
pd-user_6677908
pd-user_7739103
pd-user_5265774
pd-user_1689240
pd-user_5440885
pd-user_6530431
pd-user_8366880
pd-user_9786803
pd-user_2149253
pd-user_4280953
pd-user_6074236
pd-user_907322
pd-user_8015964
pd-user_3282902
pd-user_5432694
pd-user_4119300
pd-user_5350831
pd-user_4798136
pd-user_7457009
pd-user_8022339
pd-user_942729
pd-user_8704045
pd-user_5951116
pd-user_8406757
pd-user_7614313
pd-user_4621853
pd-user_5972248
pd-user_5631579
pd-user_2501667
pd-user_2723369
pd-user_8515745
pd-user_523015
pd-user_965921
pd-user_9297206
pd-user_9978951
pd-user_4936321
pd-user_7692867
pd-user_8491355
pd-user_7171875
pd-user_1406147
pd-user_1773802
pd-user_4858077
pd-user_6894012
pd-user_605546
pd-user_4542946
pd-user_2661694
pd-user_8919039
pd-user_3502196
pd-user_3335820
pd-user_1856585
pd-user_7485140
pd-user_8876675
pd-user_2310249
pd-user_1991705
pd-user_2093113
pd-user_6071194
pd-user_3406894
pd-user_3099126
pd-user_2521845
pd-user_6722916
pd-user_7115269
pd-user_8228862
pd-user_4313988
pd-user_7715587
pd-user_3388717
pd-user_6337494
pd-user_9170120
pd-user_5481734
pd-user_6042529
pd-user_5687754
pd-user_7841843
pd-user_9686876
pd-user_5336987
pd-user_2190668
pd-user_9678601
pd-user_3837349
pd-user_2205381
pd-user_344534
pd-user_3258072
pd-user_3762508
pd-user_7474515
pd-user_8488274
pd-user_5921354
pd-user_4709082
pd-user_9393716
pd-user_9175372
pd-user_5389378
pd-user_4220757
pd-user_2266642
pd-user_9486131
pd-user_6504693
pd-user_6440170
pd-user_7484166
pd-user_2479701
pd-user_508482
pd-user_7843194
pd-user_2776996
pd-user_5801154
pd-user_1736611
pd-user_1688901
pd-user_8419456
pd-user_9743986
pd-user_9501975
pd-user_8853011
pd-user_5206192
pd-user_6856134
pd-user_8678278
pd-user_9626075
pd-user_6883991
pd-user_4568552
pd-user_756009
pd-user_3195578
pd-user_3547178
pd-user_7015588
pd-user_9279785
pd-user_3738079
pd-user_3109779
pd-user_2353327
pd-user_4447900
pd-user_1251157
pd-user_9262945
pd-user_673012
pd-user_499573
pd-user_4350985
pd-user_4814307
pd-user_1424737
pd-user_8498239
pd-user_2420923
pd-user_981959
pd-user_2619405
pd-user_4935100
pd-user_8822522
pd-user_5780618
pd-user_6467551
pd-user_1055282
pd-user_3111808
pd-user_1339241
pd-user_7270619
pd-user_1545204
pd-user_4222751
pd-user_3675760
pd-user_7918518
pd-user_7743683
pd-user_1153216
pd-user_1113440
pd-user_8472386
pd-user_9666715
pd-user_3554040
pd-user_9373717
pd-user_3233202
pd-user_1812026
pd-user_9091049
pd-user_5630538
pd-user_6297630
pd-user_798360
pd-user_9779952
pd-user_3857363
pd-user_2203872
pd-user_7090625
pd-user_6854117
pd-user_769513
pd-user_6973736
pd-user_5858835
pd-user_9419326
pd-user_4100756
pd-user_9309341
pd-user_3548842
pd-user_6794966
pd-user_115853
pd-user_1467395
pd-user_726264
pd-user_5928204
pd-user_3120841
pd-user_9196712
pd-user_2623447
pd-user_1050095
pd-user_14277
pd-user_9748712
pd-user_9784526
pd-user_3078808
pd-user_1659553
pd-user_1210837
pd-user_8886399
pd-user_6499674
pd-user_9599943
pd-user_3040123
pd-user_4099456
pd-user_313978
pd-user_9039524
pd-user_6592515
pd-user_2199405
pd-user_4619810
pd-user_4589251
pd-user_1215966
pd-user_3961138
pd-user_8179494
pd-user_7857565
pd-user_3707495
pd-user_8223170
pd-user_6708967
pd-user_3179778
pd-user_3963323
pd-user_2882201
pd-user_6214396
pd-user_9737772
pd-user_2857809
pd-user_303983
pd-user_7645699
pd-user_574452
pd-user_6756249
pd-user_6511410
pd-user_5542029
pd-user_4293651
pd-user_7938932
pd-user_8242418
pd-user_8277980
pd-user_9757516
pd-user_8119019
pd-user_3831802
pd-user_9281326
pd-user_6355589
pd-user_3735599
pd-user_6652673
pd-user_7517010
pd-user_8531969
pd-user_369389
pd-user_1762902
pd-user_864957
pd-user_1988314
pd-user_4952095
pd-user_5401032
pd-user_6536428
pd-user_770132
pd-user_7732871
pd-user_9431010
pd-user_9517356
pd-user_3048187
pd-user_9766587
pd-user_73427
pd-user_6385229
pd-user_4440863
pd-user_2799725
pd-user_835017
pd-user_7604197
pd-user_2326169
pd-user_9745757
pd-user_1079851
pd-user_3848028
pd-user_7525983
pd-user_2020915
pd-user_6980240
pd-user_9658421
pd-user_5400807
pd-user_9426567
pd-user_624322
pd-user_7188414
pd-user_1578536
pd-user_6077195
pd-user_6114627
pd-user_9204357
pd-user_7794854
pd-user_5602600
pd-user_7194584
pd-user_7265582
pd-user_7899929
pd-user_8325210
pd-user_8151662
pd-user_1848499
pd-user_9320439
pd-user_4312226
pd-user_2260557
pd-user_126489
pd-user_2469957
pd-user_4823451
pd-user_954981
pd-user_976637
pd-user_4633864
pd-user_361842
pd-user_7540829
pd-user_748893
pd-user_7863482
pd-user_5581829
pd-user_7641218
pd-user_1364060
pd-user_2311002
pd-user_9215706
pd-user_8652642
pd-user_3334437
pd-user_5912707
pd-user_6329919
pd-user_9634316
pd-user_8711948
pd-user_7841733
pd-user_7899089
pd-user_9702494
pd-user_4044342
pd-user_8240636
pd-user_935095
pd-user_4369448
pd-user_2975140
pd-user_4438993
pd-user_8565717
pd-user_176704
pd-user_7230372
pd-user_1796044
pd-user_8815012
pd-user_2470627
pd-user_6207382
pd-user_3541576
pd-user_5103600
pd-user_6541060
pd-user_5141401
pd-user_746102
pd-user_8944805
pd-user_7999258
pd-user_9966955
pd-user_8376789
pd-user_9685345
pd-user_3724551
pd-user_4429123
pd-user_8468575
pd-user_4579640
pd-user_5950307
pd-user_3127618
pd-user_6446744
pd-user_7392444
pd-user_7365926
pd-user_3679532
pd-user_6245928
pd-user_5656056
pd-user_1661218
pd-user_7757037
pd-user_8348197
pd-user_6972000
pd-user_2009880
pd-user_5919984
pd-user_7442117
pd-user_5786024
pd-user_8001708
pd-user_795940
pd-user_3945113
pd-user_1271612
pd-user_4566490
pd-user_5772847
pd-user_1423672
pd-user_5832305
pd-user_6514921
pd-user_8540041
pd-user_3821527
pd-user_5978671
pd-user_3550430
pd-user_6209313
pd-user_962799
pd-user_2578818
pd-user_1891153
pd-user_3889508
pd-user_9297592
pd-user_8500711
pd-user_7496805
pd-user_6098349
pd-user_5467851
pd-user_5984792
pd-user_9785412
pd-user_8468706
pd-user_7980011
pd-user_932811
pd-user_743667
pd-user_4269447
pd-user_348706
pd-user_3943432
pd-user_1376364
pd-user_4413677
pd-user_303198
pd-user_6938038
pd-user_1182896
pd-user_5269315
pd-user_1669227
pd-user_1831574
pd-user_9386085
pd-user_2539465
pd-user_7551669
pd-user_4208069
pd-user_6882112
pd-user_7422124
pd-user_3202926
pd-user_6706772
pd-user_620819
pd-user_1088184
pd-user_2052573
pd-user_9886445
pd-user_7922496
pd-user_130523
pd-user_7296663
pd-user_7663424
pd-user_1798290
pd-user_4000917
pd-user_6078555
pd-user_2153360
pd-user_1620831
pd-user_6872113
pd-user_5711434
pd-user_9161255
pd-user_687716
pd-user_3716668
pd-user_841313
pd-user_1037050
pd-user_6951097
pd-user_9930087
pd-user_6000775
pd-user_1455429
pd-user_6202014
pd-user_7102967
pd-user_4161219
pd-user_7906068
pd-user_155705
pd-user_1646347
pd-user_1989779
pd-user_2562917
pd-user_4212022
pd-user_468614
pd-user_1384149
pd-user_7669458
pd-user_958405
pd-user_896802
pd-user_7897786
pd-user_6042055
pd-user_2775913
pd-user_3254220
pd-user_6222205
pd-user_9374115
pd-user_6649849
pd-user_3319769
pd-user_6989717
pd-user_8132035
pd-user_7162253
pd-user_2170276
pd-user_6748935
pd-user_8793133
pd-user_5444460
pd-user_1897052
pd-user_4941414
pd-user_2943158
pd-user_5016982
pd-user_1627795
pd-user_7415939
pd-user_2347040
pd-user_3062227
pd-user_2932898
pd-user_5785890
pd-user_284119
pd-user_3381819
pd-user_5623177
pd-user_3825371
pd-user_4134652
pd-user_1080054
pd-user_7356503
pd-user_8050241
pd-user_9923074
pd-user_1967929
pd-user_8712039
pd-user_5940119
pd-user_2387167
pd-user_6440152
pd-user_8229475
pd-user_6698293
pd-user_8010927
pd-user_5046328
pd-user_1320537
pd-user_2197914
pd-user_139745
pd-user_150583
pd-user_9418882
pd-user_8746320
pd-user_9622844
pd-user_1824394
pd-user_3427946
pd-user_8901973
pd-user_2691377
pd-user_4857668
pd-user_6602185
pd-user_6593638
pd-user_5661532
pd-user_1251590
pd-user_6361627
pd-user_4767907
pd-user_1465903
pd-user_2573741
pd-user_1045450
pd-user_668061
pd-user_2020550
pd-user_6457089
pd-user_4170195
pd-user_9155228
pd-user_649840
pd-user_7362913
pd-user_6382265
pd-user_6453908
pd-user_9291588
pd-user_471656
pd-user_2676482
pd-user_630466
pd-user_9687134
pd-user_1916283
pd-user_529107
pd-user_3459955
pd-user_7103882
pd-user_7419513
pd-user_7241434
pd-user_4758804
pd-user_5487216
pd-user_7476219
pd-user_9043025
pd-user_6128099
pd-user_9208752
pd-user_2077690
pd-user_7954610
pd-user_2914839
pd-user_1039763
pd-user_7084839
pd-user_3519522
pd-user_4072038
pd-user_8209874
pd-user_9640970
pd-user_811344
pd-user_4873796
pd-user_8440469
pd-user_9209208
pd-user_7789407
pd-user_550636
pd-user_4556969
pd-user_7316221
pd-user_3721048
pd-user_9700544
pd-user_7993139
pd-user_7768128
pd-user_8785175
pd-user_8807373
pd-user_4180725
pd-user_5614087
pd-user_2228737
pd-user_2041818
pd-user_5761078
pd-user_3562341
pd-user_1091609
pd-user_1943286
pd-user_8973823
pd-user_4337895
pd-user_6665143
pd-user_6684451
pd-user_4918884
pd-user_4949328
pd-user_4204630
pd-user_6386237
pd-user_699774
pd-user_1361935
pd-user_3369363
pd-user_9044000
pd-user_4130139
pd-user_7171224
pd-user_8616988
pd-user_4236957
pd-user_8680395
pd-user_2549316
pd-user_638768
pd-user_6170552
pd-user_1210552
pd-user_5833896
pd-user_4963083
pd-user_2314539
pd-user_4479907
pd-user_9402785
pd-user_3535556
pd-user_1041776
pd-user_1000729
pd-user_1414361
pd-user_5110933
pd-user_3756242
pd-user_345197
pd-user_1577440
pd-user_5504263
pd-user_6292494
pd-user_9340286
pd-user_7723763
pd-user_8009339
pd-user_8108627
pd-user_1688130
pd-user_8209446
pd-user_563971
pd-user_1293657
pd-user_3447535
pd-user_1391859
pd-user_6026197
pd-user_4027441
pd-user_2232621
pd-user_1610454
pd-user_9755056
pd-user_8606417
pd-user_7197286
pd-user_5901813
pd-user_7681143
pd-user_1998814
pd-user_9615687
pd-user_4913690
pd-user_3215820
pd-user_2814534
pd-user_2754744
pd-user_5890361
pd-user_7969964
pd-user_3449954
pd-user_4024665
pd-user_8440011
pd-user_9945555
pd-user_5518210
pd-user_3676487
pd-user_9800692
pd-user_8974514
pd-user_1969574
pd-user_966456
pd-user_4369124
pd-user_440400
pd-user_5789386
pd-user_505589
pd-user_3950623
pd-user_664439
pd-user_9905251
pd-user_4961789
pd-user_3171139
pd-user_3677840
pd-user_940493
pd-user_8526098
pd-user_6163454
pd-user_1969270
pd-user_6358610
pd-user_1171634
pd-user_6886585
pd-user_3598280
pd-user_8777377
pd-user_94273
pd-user_5082560
pd-user_2622052
pd-user_8724052
pd-user_7164813
pd-user_1337235
pd-user_6514786
pd-user_9013084
pd-user_6930518
pd-user_1640476
pd-user_2901910
pd-user_2340015
pd-user_6749730
pd-user_6381305
pd-user_2384308
pd-user_9003865
pd-user_484429
pd-user_672132
pd-user_5060376
pd-user_5841158
pd-user_6864260
pd-user_5709265
pd-user_2242742
pd-user_7732067
pd-user_3151600
pd-user_8949939
pd-user_3685489
pd-user_3743709
pd-user_5224511
pd-user_3621960
pd-user_6934926
pd-user_6441763
pd-user_9649632
pd-user_8977882
pd-user_7764146
pd-user_6119818
pd-user_3402271
pd-user_7042216
pd-user_6158708
pd-user_9997520
pd-user_602684
pd-user_5768645
pd-user_5469827
pd-user_6086092
pd-user_1144794
pd-user_5820933
pd-user_1711803
pd-user_4043458
pd-user_5298808
pd-user_6382704
pd-user_4452393
pd-user_3645806
pd-user_3553156
pd-user_3646189
pd-user_2028554
pd-user_9262183
pd-user_5540652
pd-user_5370382
pd-user_1004747
pd-user_1108925
pd-user_7645216
pd-user_2334658
pd-user_4067689
pd-user_2153839
pd-user_8115720
pd-user_7363375
pd-user_1993997
pd-user_5673951
pd-user_2555740
pd-user_6950169
pd-user_3931784
pd-user_4490676
pd-user_8405107
pd-user_3406434
pd-user_9717798
pd-user_773175
pd-user_1635976
pd-user_1268824
pd-user_921148
pd-user_9388055
pd-user_5367345
pd-user_4249995
pd-user_4937880
pd-user_8989687
pd-user_9106824
pd-user_7154078
pd-user_2919932
pd-user_9607717
pd-user_7099869
pd-user_8072161
pd-user_7521775
pd-user_6103224
pd-user_2729349
pd-user_2544329
pd-user_3737038
pd-user_8623332
pd-user_5841164
pd-user_7736774
pd-user_4616464
pd-user_5870879
pd-user_6101568
pd-user_2681088
pd-user_2032768
pd-user_6693117
pd-user_3256129
pd-user_2273932
pd-user_87900
pd-user_3272557
pd-user_8753279
pd-user_3836787
pd-user_8598908
pd-user_4998126
pd-user_6009683
pd-user_7247686
pd-user_1088915
pd-user_5339922
pd-user_279528
pd-user_8963087
pd-user_8035127
pd-user_4164975
pd-user_4337960
pd-user_2845799
pd-user_4354572
pd-user_1481511
pd-user_4830529
pd-user_6306404
pd-user_3956494
pd-user_5473336
pd-user_144087
pd-user_7715512
pd-user_4365920
pd-user_7102414
pd-user_877586
pd-user_5082275
pd-user_3535059
pd-user_5825089
pd-user_5430618
pd-user_8009677
pd-user_6332354
pd-user_62933
pd-user_7061599
pd-user_3441301
pd-user_2934081
pd-user_9207272
pd-user_1326229
pd-user_2561413
pd-user_8148436
pd-user_9633555
pd-user_3234640
pd-user_7957868
pd-user_4830808
pd-user_1203456
pd-user_7862944
pd-user_50567
pd-user_5585729
pd-user_5210960
pd-user_8615054
pd-user_6700817
pd-user_2354830
pd-user_1225877
pd-user_739744
pd-user_241188
pd-user_1480190
pd-user_7881612
pd-user_3720658
pd-user_7494959
pd-user_6425829
pd-user_8422719
pd-user_2216722
pd-user_8480514
pd-user_2658846
pd-user_4701962
pd-user_4779433
pd-user_9662283
pd-user_4681001
pd-user_6405652
pd-user_6733009
pd-user_4535163
pd-user_2339614
pd-user_2107518
pd-user_1676453
pd-user_4994168
pd-user_3143953
pd-user_8037905
pd-user_9031938
pd-user_9949421
pd-user_241087
pd-user_9087939
pd-user_3542798
pd-user_4424352
pd-user_1794580
pd-user_492821
pd-user_1276913
pd-user_7572761
pd-user_225096
pd-user_8595997
pd-user_1779115
pd-user_261050
pd-user_5358733
pd-user_2605107
pd-user_8882809
pd-user_9141958
pd-user_2949546
pd-user_4189683
pd-user_8309945
pd-user_1453649
pd-user_2926737
pd-user_9017408
pd-user_8683225
pd-user_2159249
pd-user_7028747
pd-user_2789830
pd-user_4432086
pd-user_7767358
pd-user_3567665
pd-user_9971594
pd-user_8577417
pd-user_1757977
pd-user_7985443
pd-user_858821
pd-user_3407560
pd-user_9092755
pd-user_1309836
pd-user_2978630
pd-user_5375381
pd-user_3280420
pd-user_643512
pd-user_8966650
pd-user_430751
pd-user_9124497
pd-user_4823900
pd-user_6091730
pd-user_2109889
pd-user_9821130
pd-user_1970482
pd-user_9628441
pd-user_8996965
pd-user_5543832
pd-user_142984
pd-user_5148376
pd-user_6348124
pd-user_1874143
pd-user_4261151
pd-user_3429678
pd-user_86697
pd-user_672237
pd-user_4101635
pd-user_2543302
pd-user_7790436
pd-user_3255188
pd-user_4151857
pd-user_3577273
pd-user_9172175
pd-user_9067786
pd-user_1193487
pd-user_9385708
pd-user_8815852
pd-user_1472861
pd-user_8246629
pd-user_6884700
pd-user_6330161
pd-user_5235261
pd-user_9182031
pd-user_227818
pd-user_4082720
pd-user_6709548
pd-user_8833234
pd-user_793697
pd-user_3707252
pd-user_99052
pd-user_8168196
pd-user_1401770
pd-user_3375325
pd-user_9964664
pd-user_491332
pd-user_418177
pd-user_932281
pd-user_9818993
pd-user_9027302
pd-user_1978945
pd-user_5071019
pd-user_5200902
pd-user_5111857
pd-user_4918478
pd-user_9648605
pd-user_5866666
pd-user_9087588
pd-user_9185126
pd-user_5502778
pd-user_3028875
pd-user_2279511
pd-user_8323829
pd-user_7665051
pd-user_5015813
pd-user_229227
pd-user_4683246
pd-user_8274953
pd-user_5409513
pd-user_2365183
pd-user_1053987
pd-user_3189838
pd-user_3069586
pd-user_228199
pd-user_5541641
pd-user_6137235
pd-user_6207255
pd-user_8446250
pd-user_5499941
pd-user_8894713
pd-user_2009617
pd-user_3976519
pd-user_7924485
pd-user_8731937
pd-user_4779273
pd-user_3842236
pd-user_8727045
pd-user_5663802
pd-user_4026145
pd-user_2600100
pd-user_9663318
pd-user_4810548
pd-user_6444338
pd-user_4286105
pd-user_589696
pd-user_5712127
pd-user_9970879
pd-user_131971
pd-user_5533067
pd-user_7299752
pd-user_6043850
pd-user_2642338
pd-user_9609817
pd-user_8755351
pd-user_8606770
pd-user_3437217
pd-user_2374287
pd-user_7557525
pd-user_2525568
pd-user_3853823
pd-user_5733173
pd-user_7303137
pd-user_277980
pd-user_7801194
pd-user_2982320
pd-user_7190760
pd-user_200233
pd-user_7394263
pd-user_4847052
pd-user_4589574
pd-user_1159266
pd-user_9816298
pd-user_5499615
pd-user_6702502
pd-user_1535093
pd-user_8769626
pd-user_6500511
pd-user_8044442
pd-user_6602824
pd-user_2998386
pd-user_246619
pd-user_7413400
pd-user_9148900
pd-user_8273887
pd-user_9562360
pd-user_3668782
pd-user_1786283
pd-user_751500
pd-user_9409285
pd-user_2872147
pd-user_7359146
pd-user_9471165
pd-user_3012500
pd-user_5578888
pd-user_8252834
pd-user_4579511
pd-user_5510895
pd-user_1090767
pd-user_949678
pd-user_2439761
pd-user_4831643
pd-user_5389654
pd-user_4316729
pd-user_801077
pd-user_7123924
pd-user_8353173
pd-user_7386714
pd-user_4425721
pd-user_2033202
pd-user_1774185
pd-user_8310853
pd-user_7878911
pd-user_9712431
pd-user_8329982
pd-user_120849
pd-user_9506451
pd-user_6192473
pd-user_1611358
pd-user_85521
pd-user_2855436
pd-user_1053214
pd-user_9102563
pd-user_4096690
pd-user_6626096
pd-user_5535137
pd-user_2211184
pd-user_4202700
pd-user_1567907
pd-user_84550
pd-user_3486107
pd-user_643727
pd-user_2829469
pd-user_1824392
pd-user_6832363
pd-user_7979201
pd-user_700991
pd-user_851000
pd-user_913177
pd-user_6417048
pd-user_5523990
pd-user_9334845
pd-user_7551302
pd-user_5789800
pd-user_8415228
pd-user_8461924
pd-user_3455179
pd-user_8846140
pd-user_8864324
pd-user_1569229
pd-user_1154845
pd-user_2399291
pd-user_3686785
pd-user_8893131
pd-user_7401058
pd-user_1935800
pd-user_199465
pd-user_7337742
pd-user_1931891
pd-user_6186830
pd-user_3270670
pd-user_3077047
pd-user_585276
pd-user_2601517
pd-user_4498078
pd-user_9323645
pd-user_4218917
pd-user_5795288
pd-user_4072369
pd-user_997426
pd-user_724868
pd-user_9138804
pd-user_899219
pd-user_9404235
pd-user_6268501
pd-user_1744789
pd-user_147730
pd-user_5095618
pd-user_1771752
pd-user_6122437
pd-user_2102207
pd-user_1126949
pd-user_8292483
pd-user_2079153
pd-user_7972274
pd-user_5278463
pd-user_9980518
pd-user_2353224
pd-user_8555683
pd-user_6546635
pd-user_4608966
pd-user_5346439
pd-user_271493
pd-user_8664994
pd-user_4653877
pd-user_1817136
pd-user_8553101
pd-user_137806
pd-user_245680
pd-user_6145842
pd-user_708084
pd-user_1618830
pd-user_1555788
pd-user_412885
pd-user_7368155
pd-user_5551432
pd-user_5344565
pd-user_8345980
pd-user_2916981
pd-user_8148900
pd-user_686027
pd-user_6148079
pd-user_8206578
pd-user_9616048
pd-user_7937724
pd-user_6221255
pd-user_9591272
pd-user_6363641
pd-user_9302290
pd-user_1649201
pd-user_4203954
pd-user_3048888
pd-user_6059525
pd-user_8425651
pd-user_6942177
pd-user_7466926
pd-user_7313113
pd-user_2906717
pd-user_1268788
pd-user_530136
pd-user_1100991
pd-user_5854095
pd-user_8340227
pd-user_2215685
pd-user_9764471
pd-user_7704322
pd-user_1619677
pd-user_6230933
pd-user_484523
pd-user_6650925
pd-user_9466489
pd-user_1234331
pd-user_9169645
pd-user_2627502
pd-user_3841347
pd-user_1591729
pd-user_812053
pd-user_885856
pd-user_684512
pd-user_574104
pd-user_7701973
pd-user_4011062
pd-user_6110031
pd-user_5220443
pd-user_9122002
pd-user_6386014
pd-user_2733593
pd-user_51235
pd-user_3853391
pd-user_1105502
pd-user_7688822
pd-user_1005414
pd-user_4039895
pd-user_2201280
pd-user_6720446
pd-user_9692145
pd-user_9990148
pd-user_4732961
pd-user_8605843
pd-user_4928206
pd-user_7065770
pd-user_6505438
pd-user_4885723
pd-user_5911871
pd-user_238549
pd-user_9259875
pd-user_5068011
pd-user_9620216
pd-user_2767378
pd-user_4996315
pd-user_8799604
pd-user_7517764
pd-user_4914231
pd-user_6816041
pd-user_9930852
pd-user_6760655
pd-user_7525649
pd-user_1304251
pd-user_17351
pd-user_4056903
pd-user_3974635
pd-user_7589123
pd-user_2215392
pd-user_2688421
pd-user_8269682
pd-user_4083827
pd-user_7541832
pd-user_2324440
pd-user_9952183
pd-user_7154855
pd-user_7971972
pd-user_7925757
pd-user_5271597
pd-user_3030558
pd-user_8299088
pd-user_4239213
pd-user_4070862
pd-user_6997554
pd-user_3911916
pd-user_4307237
pd-user_8027341
pd-user_4882303
pd-user_5994164
pd-user_7035819
pd-user_7739267
pd-user_6723589
pd-user_9056522
pd-user_2327960
pd-user_3045583
pd-user_6958939
pd-user_8905996
pd-user_5466091
pd-user_424903
pd-user_5004432
pd-user_1071535
pd-user_39306
pd-user_7041660
pd-user_1127156
pd-user_2718959
pd-user_1721323
pd-user_5918470
pd-user_4312657
pd-user_7268206
pd-user_7704022
pd-user_3454668
pd-user_7066482
pd-user_9668116
pd-user_1012297
pd-user_6194491
pd-user_2801446
pd-user_6626753
pd-user_8166671
pd-user_6815572
pd-user_1531342
pd-user_1315119
pd-user_1283534
pd-user_9524555
pd-user_6125585
pd-user_8407202
pd-user_921072
pd-user_3359663
pd-user_7001011
pd-user_294807
pd-user_488375
pd-user_6917741
pd-user_4478608
pd-user_9001387
pd-user_4110381
pd-user_1366099
pd-user_4362994
pd-user_2937608
pd-user_8310066
pd-user_1346841
pd-user_3055776
pd-user_6176736
pd-user_8265531
pd-user_2099436
pd-user_6388373
pd-user_9569634
pd-user_7148907
pd-user_1493786
pd-user_4055636
pd-user_4080957
pd-user_3659669
pd-user_9167174
pd-user_4101199
pd-user_7662286
pd-user_9388762
pd-user_5653893
pd-user_2780922
pd-user_9971047
pd-user_7893411
pd-user_886593
pd-user_5515474
pd-user_4788976
pd-user_4251493
pd-user_2217508
pd-user_327170
pd-user_9457573
pd-user_2243239
pd-user_8349103
pd-user_2461304
pd-user_8228125
pd-user_2505877
pd-user_2623763
pd-user_7816256
pd-user_4177009
pd-user_1146456
pd-user_4010170
pd-user_1669942
pd-user_8060157
pd-user_158084
pd-user_7074902
pd-user_9137876
pd-user_9129194
pd-user_7708813
pd-user_833636
pd-user_9018635
pd-user_4546385
pd-user_9646437
pd-user_76146
pd-user_5747051
pd-user_1970377
pd-user_3875862
pd-user_424074
pd-user_7984509
pd-user_6412242
pd-user_3794671
pd-user_7980061
pd-user_449996
pd-user_9060544
pd-user_3073803
pd-user_9035041
pd-user_6853231
pd-user_1128567
pd-user_8174155
pd-user_8978247
pd-user_9038744
pd-user_3905250
pd-user_6256212
pd-user_3814628
pd-user_3465648
pd-user_1280132
pd-user_778095
pd-user_7501209
pd-user_9919994
pd-user_2021592
pd-user_8196878
pd-user_9130866
pd-user_7672430
pd-user_3833795
pd-user_3437957
pd-user_9926562
pd-user_3761914
pd-user_1595209
pd-user_5328138
pd-user_4319370
pd-user_892926
pd-user_104745
pd-user_4806405
pd-user_831991
pd-user_717630
pd-user_8916268
pd-user_9600650
pd-user_7554263
pd-user_9928304
pd-user_9249866
pd-user_6527843
pd-user_5945282
pd-user_4292317
pd-user_4967452
pd-user_6894495
pd-user_1498292
pd-user_9557757
pd-user_2688465
pd-user_2161495
pd-user_8366867
pd-user_235621
pd-user_7276111
pd-user_5610164
pd-user_9933887
pd-user_9417698
pd-user_921464
pd-user_9987690
pd-user_7485487
pd-user_6962122
pd-user_2737025
pd-user_8301337
pd-user_2262888
pd-user_2802780
pd-user_1503854
pd-user_9967740
pd-user_1328543
pd-user_5899083
pd-user_6783402
pd-user_7526979
pd-user_608596
pd-user_7424319
pd-user_8340791
pd-user_5173401
pd-user_4335493
pd-user_7923307
pd-user_2124721
pd-user_8296874
pd-user_8002221
pd-user_6692583
pd-user_8671166
pd-user_9546806
pd-user_2731302
pd-user_8888277
pd-user_788239
pd-user_4260496
pd-user_3308089
pd-user_3440853
pd-user_9403644
pd-user_5114103
pd-user_5373784
pd-user_2752222
pd-user_3714675
pd-user_6248626
pd-user_7246569
pd-user_5233153
pd-user_7113617
pd-user_8715636
pd-user_2348581
pd-user_3998362
pd-user_5699554
pd-user_2436545
pd-user_287613
pd-user_4303346
pd-user_6109519
pd-user_9123730
pd-user_1803905
pd-user_1848509
pd-user_6334631
pd-user_6065956
pd-user_7959102
pd-user_3598231
pd-user_9913168
pd-user_5920351
pd-user_6093199
pd-user_4973032
pd-user_7308062
pd-user_2913298
pd-user_5363293
pd-user_7135601
pd-user_9762576
pd-user_8258349
pd-user_2916962
pd-user_788973
pd-user_8283050
pd-user_7759698
pd-user_811311
pd-user_7345680
pd-user_8860973
pd-user_4025269
pd-user_5404212
pd-user_9050065
pd-user_6462719
pd-user_1959751
pd-user_5882620
pd-user_1339036
pd-user_4765712
pd-user_9803565
pd-user_1218308
pd-user_7106812
pd-user_9553724
pd-user_8132071
pd-user_6272537
pd-user_7625203
pd-user_2063924
pd-user_2394918
pd-user_7426146
pd-user_471733
pd-user_8964561
pd-user_4618726
pd-user_2241175
pd-user_4332369
pd-user_7450788
pd-user_6850429
pd-user_4965848
pd-user_9330435
pd-user_3854271
pd-user_3901419
pd-user_7979793
pd-user_1230747
pd-user_9347718
pd-user_6646702
pd-user_5737901
pd-user_9772133
pd-user_9750813
pd-user_9662818
pd-user_2612761
pd-user_523636
pd-user_139788
pd-user_5164614
pd-user_1067111
pd-user_5058514
pd-user_707071
pd-user_7942579
pd-user_5531334
pd-user_9490029
pd-user_344429
pd-user_6570055
pd-user_9140619
pd-user_6348823
pd-user_4200974
pd-user_27480
pd-user_3353388
pd-user_3399877
pd-user_6744214
pd-user_5497722
pd-user_5338080
pd-user_4249969
pd-user_9172772
pd-user_4137355
pd-user_6849219
pd-user_6534840
pd-user_2319000
pd-user_1704302
pd-user_9668625
pd-user_9242392
pd-user_4408482
pd-user_3291082
pd-user_9232152
pd-user_3430128
pd-user_4423412
pd-user_6283162
pd-user_8358624
pd-user_2170494
pd-user_1970230
pd-user_2864699
pd-user_404961
pd-user_5787548
pd-user_1919264
pd-user_5233391
pd-user_3400350
pd-user_5444769
pd-user_2704436
pd-user_7284895
pd-user_6100430
pd-user_1326121
pd-user_7636227
pd-user_3307469
pd-user_2566659
pd-user_1636832
pd-user_3695784
pd-user_8476134
pd-user_305920
pd-user_2106154
pd-user_1455104
pd-user_4573582
pd-user_1991438
pd-user_5642686
pd-user_1528930
pd-user_4717824
pd-user_4305372
pd-user_8584261
pd-user_3662588
pd-user_7036514
pd-user_2654353
pd-user_8076047
pd-user_8972088
pd-user_4474655
pd-user_1249963
pd-user_5311000
pd-user_9813677
pd-user_7493222
pd-user_5111272
pd-user_9784331
pd-user_2403057
pd-user_2733185
pd-user_551276
pd-user_6289874
pd-user_7832217
pd-user_2451161
pd-user_1587403
pd-user_5401642
pd-user_6393187
pd-user_4754051
pd-user_3631516
pd-user_248970
pd-user_2995023
pd-user_5674742
pd-user_7869797
pd-user_2136039
pd-user_2654791
pd-user_4875956
pd-user_3905756
pd-user_8693042
pd-user_144999
pd-user_2248115
pd-user_7094836
pd-user_283394
pd-user_1297362
pd-user_2024510
pd-user_9869280
pd-user_2644801
pd-user_5470635
pd-user_3716027
pd-user_1981472
pd-user_8876656
pd-user_9418036
pd-user_8794912
pd-user_4888983
pd-user_848102
pd-user_3825875
pd-user_4654175
pd-user_2687020
pd-user_2818737
pd-user_2955205
pd-user_2424214
pd-user_5303198
pd-user_2386998
pd-user_7074176
pd-user_4939441
pd-user_3502067
pd-user_4282728
pd-user_3043333
pd-user_5027658
pd-user_3529457
pd-user_6767410
pd-user_6522714
pd-user_6320703
pd-user_8095880
pd-user_1461159
pd-user_4264281
pd-user_3668985
pd-user_4826010
pd-user_2672054
pd-user_6875064
pd-user_4237962
pd-user_2243278
pd-user_837677
pd-user_2661397
pd-user_8675468
pd-user_6899800
pd-user_9057885
pd-user_4197435
pd-user_2925510
pd-user_8843985
pd-user_4321452
pd-user_7854172
pd-user_2415575
pd-user_8022277
pd-user_5296867
pd-user_6815552
pd-user_271314
pd-user_9875748
pd-user_1311899
pd-user_8215646
pd-user_3219630
pd-user_806780
pd-user_780518
pd-user_5314048
pd-user_393042
pd-user_7688309
pd-user_1135316
pd-user_6255718
pd-user_2169962
pd-user_1051313
pd-user_1514720
pd-user_4166723
pd-user_1416809
pd-user_5121072
pd-user_5683006
pd-user_2445936
pd-user_7368442
pd-user_9030172
pd-user_2662771
pd-user_7890780
pd-user_2348158
pd-user_4285280
pd-user_5841162
pd-user_1323577
pd-user_8967698
pd-user_370319
pd-user_7164658
pd-user_5019917
pd-user_754986
pd-user_8381315
pd-user_5435345
pd-user_6755671
pd-user_6477896
pd-user_8375518
pd-user_2053414
pd-user_9545727
pd-user_8781174
pd-user_2952707
pd-user_6964783
pd-user_4281545
pd-user_8265283
pd-user_5411535
pd-user_9867076
pd-user_9068045
pd-user_4699260
pd-user_318606
pd-user_7518265
pd-user_3556213
pd-user_4752871
pd-user_1043825
pd-user_100898
pd-user_9253393
pd-user_9773114
pd-user_9988771
pd-user_4965795
pd-user_4669734
pd-user_4708873
pd-user_6981308
pd-user_4094578
pd-user_9114213
pd-user_8901802
pd-user_1859778
pd-user_6673055
pd-user_6889548
pd-user_4832394
pd-user_3639687
pd-user_8647342
pd-user_8102547
pd-user_9117270
pd-user_8398108
pd-user_7127245
pd-user_6981876
pd-user_3009578
pd-user_7379618
pd-user_6616506
pd-user_7646593
pd-user_760442
pd-user_3961712
pd-user_879606
pd-user_8460750
pd-user_6400807
pd-user_9419700
pd-user_8417119
pd-user_7188566
pd-user_7590561
pd-user_1574926
pd-user_4086533
pd-user_3359451
pd-user_7346007
pd-user_6865801
pd-user_6812363
pd-user_3952476
pd-user_5717769
pd-user_4201677
pd-user_9173733
pd-user_9217008
pd-user_3423517
pd-user_5112441
pd-user_7954012
pd-user_3765966
pd-user_7760689
pd-user_7785673
pd-user_1472227
pd-user_7412264
pd-user_2867666
pd-user_2435755
pd-user_5689013
pd-user_9546280
pd-user_5592089
pd-user_2304129
pd-user_567713
pd-user_5035991
pd-user_4363969
pd-user_5667414
pd-user_4072632
pd-user_3581376
pd-user_3413904
pd-user_9904577
pd-user_9830673
pd-user_5572706
pd-user_581857
pd-user_7911245
pd-user_8766506
pd-user_9455876
pd-user_9034551
pd-user_7724671
pd-user_9900012
pd-user_8494369
pd-user_2958801
pd-user_8022356
pd-user_2376810
pd-user_2475099
pd-user_493329
pd-user_5569590
pd-user_2199198
pd-user_8185266
pd-user_1627548
pd-user_6756034
pd-user_437792
pd-user_1609023
pd-user_8123299
pd-user_4824172
pd-user_231494
pd-user_9042877
pd-user_3909474
pd-user_997229
pd-user_6176866
pd-user_3844953
pd-user_1064226
pd-user_1231198
pd-user_786863
pd-user_6564671
pd-user_160102
pd-user_8677530
pd-user_101759
pd-user_3345162
pd-user_2261961
pd-user_7249491
pd-user_3607768
pd-user_6031455
pd-user_9074481
pd-user_3990498
pd-user_8939063
pd-user_2170959
pd-user_8215120
pd-user_3351664
pd-user_2982014
pd-user_5981564
pd-user_4994321
pd-user_9862439
pd-user_4719382
pd-user_1718997
pd-user_9531932
pd-user_9195078
pd-user_2740880
pd-user_827655
pd-user_5278325
pd-user_8131048
pd-user_192627
pd-user_9795990
pd-user_7996402
pd-user_6687772
pd-user_8757781
pd-user_1092972
pd-user_7345085
pd-user_5134315
pd-user_9501678
pd-user_2685660
pd-user_1822187
pd-user_1597363
pd-user_15970
pd-user_258648
pd-user_2758743
pd-user_7407768
pd-user_1677724
pd-user_4498866
pd-user_2541146
pd-user_3100293
pd-user_6434583
pd-user_3132094
pd-user_3762437
pd-user_9229156
pd-user_4276922
pd-user_95575
pd-user_4564148
pd-user_6621626
pd-user_3856458
pd-user_3713640
pd-user_5676701
pd-user_3583863
pd-user_9686907
pd-user_9154045
pd-user_9871004
pd-user_7040848
pd-user_1452871
pd-user_7500843
pd-user_2514490
pd-user_3128154
pd-user_1707266
pd-user_1858412
pd-user_3315429
pd-user_9666722
pd-user_3889169
pd-user_7875988
pd-user_2644153
pd-user_8293211
pd-user_4809597
pd-user_8416592
pd-user_7940728
pd-user_9209025
pd-user_6340928
pd-user_9126274
pd-user_8644163
pd-user_3162453
pd-user_1115492
pd-user_6572099
pd-user_9065134
pd-user_636297
pd-user_2985036
pd-user_2097941
pd-user_7706591
pd-user_2811416
pd-user_2682794
pd-user_7127945
pd-user_9020897
pd-user_6027267
pd-user_3490605
pd-user_5721662
pd-user_6774142
pd-user_7016494
pd-user_6981474
pd-user_3976182
pd-user_7788869
pd-user_3833385
pd-user_557916
pd-user_4500622
pd-user_5785290
pd-user_9620247
pd-user_3448781
pd-user_2142848
pd-user_4529722
pd-user_6310812
pd-user_722148
pd-user_2380688
pd-user_574509
pd-user_5940056
pd-user_5743662
pd-user_4344977
pd-user_9015220
pd-user_980897
pd-user_8173992
pd-user_3211164
pd-user_2736644
pd-user_4936962
pd-user_2352724
pd-user_4591123
pd-user_8935052
pd-user_6276527
pd-user_2904472
pd-user_1577381
pd-user_8536675
pd-user_8129281
pd-user_6152272
pd-user_4443647
pd-user_6406748
pd-user_9753687
pd-user_2819647
pd-user_3018404
pd-user_7520584
pd-user_8399652
pd-user_4140402
pd-user_516174
pd-user_5186615
pd-user_3754446
pd-user_5864994
pd-user_9248911
pd-user_2609718
pd-user_8628878
pd-user_5041455
pd-user_9475644
pd-user_5759169
pd-user_5213003
pd-user_2731093
pd-user_5014732
pd-user_6221124
pd-user_2981931
pd-user_2981795
pd-user_4552122
pd-user_1773671
pd-user_8955342
pd-user_664129
pd-user_3071579
pd-user_8233374
pd-user_9765983
pd-user_1533412
pd-user_3311419
pd-user_4046281
pd-user_3356355
pd-user_7998962
pd-user_2482867
pd-user_7810101
pd-user_3017920
pd-user_8911853
pd-user_369904
pd-user_3875433
pd-user_4658325
pd-user_9617960
pd-user_2904608
pd-user_8827304
pd-user_7970379
pd-user_1095129
pd-user_9766432
pd-user_3353720
pd-user_1181169
pd-user_8518797
pd-user_6336382
pd-user_7975706
pd-user_8277500
pd-user_6368671
pd-user_2255512
pd-user_7916821
pd-user_9789293
pd-user_4574057
pd-user_1942024
pd-user_7150931
pd-user_6034677
pd-user_9830564
pd-user_1084118
pd-user_7724126
pd-user_1714124
pd-user_1691950
pd-user_3047592
pd-user_7295852
pd-user_5289256
pd-user_8857708
pd-user_7692339
pd-user_2454574
pd-user_2985730
pd-user_2554969
pd-user_2290237
pd-user_6392979
pd-user_441343
pd-user_1369759
pd-user_7781478
pd-user_5273459
pd-user_7193263
pd-user_6418243
pd-user_4488721
pd-user_5195691
pd-user_1102948
pd-user_5109644
pd-user_8448389
pd-user_1590415
pd-user_44766
pd-user_312548
pd-user_2773699
pd-user_4175479
pd-user_5521503
pd-user_6282509
pd-user_1259206
pd-user_5732448
pd-user_2908840
pd-user_2159113
pd-user_6544673
pd-user_7955365
pd-user_4023195
pd-user_5983020
pd-user_6013568
pd-user_9974851
pd-user_6780387
pd-user_2887921
pd-user_9980925
pd-user_7856091
pd-user_779905
pd-user_5567095
pd-user_8852425
pd-user_5003585
pd-user_1910113
pd-user_54833
pd-user_8059429
pd-user_4998661
pd-user_4378633
pd-user_2241006
pd-user_8561787
pd-user_2493792
pd-user_5933374
pd-user_6608967
pd-user_5291757
pd-user_7739638
pd-user_8994467
pd-user_3755302
pd-user_7448055
pd-user_5001126
pd-user_3327139
pd-user_9166330
pd-user_629351
pd-user_5476422
pd-user_5166780
pd-user_6989454
pd-user_3416658
pd-user_1443129
pd-user_169771
pd-user_6877424
pd-user_4344231
pd-user_4140655
pd-user_9401498
pd-user_7615658
pd-user_7322019
pd-user_6943584
pd-user_142287
pd-user_2026936
pd-user_1327391
pd-user_9383088
pd-user_3266933
pd-user_2734432
pd-user_1514459
pd-user_5747283
pd-user_2055007
pd-user_9969315
pd-user_7467699
pd-user_350606
pd-user_9428369
pd-user_1509805
pd-user_59407
pd-user_4338813
pd-user_9516144
pd-user_1751689
pd-user_6791603
pd-user_9524967
pd-user_6412310
pd-user_7881875
pd-user_279625
pd-user_389861
pd-user_4122294
pd-user_7725093
pd-user_1821496
pd-user_809446
pd-user_2438781
pd-user_8746047
pd-user_2676999
pd-user_8777846
pd-user_3232020
pd-user_7751877
pd-user_1073874
pd-user_273507
pd-user_8251621
pd-user_5955431
pd-user_2182704
pd-user_6463456
pd-user_715245
pd-user_3461985
pd-user_8113352
pd-user_6630958
pd-user_6035794
pd-user_7084613
pd-user_3252794
pd-user_4881358
pd-user_6458691
pd-user_2327827
pd-user_4227893
pd-user_3660074
pd-user_7730985
pd-user_3936359
pd-user_6124346
pd-user_5135991
pd-user_141131
pd-user_4433431
pd-user_5544989
pd-user_689946
pd-user_369931
pd-user_5096245
pd-user_9944344
pd-user_861133
pd-user_2476815
pd-user_9726986
pd-user_6830677
pd-user_9825482
pd-user_5520438
pd-user_8168903
pd-user_9872425
pd-user_7845588
pd-user_4185489
pd-user_9473594
pd-user_9765522
pd-user_5674973
pd-user_9269310
pd-user_6120058
pd-user_1101020
pd-user_4942224
pd-user_1885621
pd-user_3769327
pd-user_2071104
pd-user_7214565
pd-user_6307337
pd-user_6988035
pd-user_611217
pd-user_1004243
pd-user_7179972
pd-user_8701825
pd-user_8727381
pd-user_9074095
pd-user_6392771
pd-user_2133556
pd-user_3613756
pd-user_8800580
pd-user_5016160
pd-user_8414464
pd-user_5791885
pd-user_6015600
pd-user_8696404
pd-user_8154341
pd-user_2186309
pd-user_5532088
pd-user_285034
pd-user_1108128
pd-user_1280707
pd-user_5124362
pd-user_634561
pd-user_5934486
pd-user_525020
pd-user_2054177
pd-user_5068344
pd-user_7577774
pd-user_8293466
pd-user_7107619
pd-user_9426016
pd-user_4545259
pd-user_6681011
pd-user_6675189
pd-user_5733254
pd-user_4826326
pd-user_9088183
pd-user_3357670
pd-user_4305508
pd-user_6405875
pd-user_4528093
pd-user_2445750
pd-user_9022057
pd-user_9224913
pd-user_6863295
pd-user_9019506
pd-user_9833183
pd-user_2064748
pd-user_817668
pd-user_7174473
pd-user_1070709
pd-user_3961650
pd-user_5910363
pd-user_3032841
pd-user_9781162
pd-user_4734731
pd-user_1492843
pd-user_7196788
pd-user_9731790
pd-user_782290
pd-user_9585071
pd-user_1127273
pd-user_5840456
pd-user_9647507
pd-user_7056926
pd-user_4916829
pd-user_7823547
pd-user_4548446
pd-user_8603072
pd-user_7603522
pd-user_8006140
pd-user_5330188
pd-user_1662052
pd-user_6223467
pd-user_328497
pd-user_2058776
pd-user_5110050
pd-user_2172945
pd-user_3599772
pd-user_183854
pd-user_3235141
pd-user_5641503
pd-user_6707052
pd-user_9482477
pd-user_3841185
pd-user_7741564
pd-user_4666143
pd-user_9702126
pd-user_1160101
pd-user_6832738
pd-user_5852265
pd-user_824642
pd-user_6955446
pd-user_2414587
pd-user_1382600
pd-user_7902083
pd-user_1849889
pd-user_9344975
pd-user_9641840
pd-user_6202013
pd-user_2782064
pd-user_7161546
pd-user_6510343
pd-user_5082099
pd-user_204036
pd-user_2163790
pd-user_1729107
pd-user_1735626
pd-user_8416008
pd-user_6047627
pd-user_9430746
pd-user_5220103
pd-user_8976421
pd-user_8217644
pd-user_7271381
pd-user_2031083
pd-user_7645113
pd-user_3668885
pd-user_8457815
pd-user_4467441
pd-user_5939447
pd-user_5349554
pd-user_8037990
pd-user_2411125
pd-user_7290030
pd-user_8101540
pd-user_6314105
pd-user_40711
pd-user_7082617
pd-user_3654674
pd-user_8984202
pd-user_5282334
pd-user_7879652
pd-user_2980588
pd-user_7521899
pd-user_3779300
pd-user_3736451
pd-user_3142452
pd-user_8340153
pd-user_5923925
pd-user_8437914
pd-user_7317378
pd-user_252162
pd-user_4932506
pd-user_5361477
pd-user_173045
pd-user_994894
pd-user_3604292
pd-user_4528641
pd-user_1285776
pd-user_6852323
pd-user_8394784
pd-user_4504415
pd-user_3541087
pd-user_9210259
pd-user_3643594
pd-user_8622691
pd-user_4874509
pd-user_6387194
pd-user_1227660
pd-user_5228985
pd-user_7566413
pd-user_6494490
pd-user_8184363
pd-user_1321383
pd-user_6556903
pd-user_4466516
pd-user_4665394
pd-user_5136715
pd-user_7172776
pd-user_1131803
pd-user_8087216
pd-user_5647642
pd-user_3266021
pd-user_7586639
pd-user_9193028
pd-user_4130300
pd-user_7024041
pd-user_2587609
pd-user_913177
pd-user_4788164
pd-user_6275079
pd-user_4611243
pd-user_2064520
pd-user_356015
pd-user_6787087
pd-user_2670026
pd-user_4739148
pd-user_7363256
pd-user_3687959
pd-user_7658813
pd-user_9269538
pd-user_7539343
pd-user_43072
pd-user_3116139
pd-user_1273748
pd-user_4565787
pd-user_7746735
pd-user_9437125
pd-user_977715
pd-user_6221299
pd-user_9036895
pd-user_6733975
pd-user_4323914
pd-user_5651960
pd-user_2134279
pd-user_7364075
pd-user_2082410
pd-user_8645411
pd-user_9792564
pd-user_8177493
pd-user_6764542
pd-user_9769528
pd-user_7483117
pd-user_1837017
pd-user_9419290
pd-user_4081024
pd-user_75631
pd-user_907361
pd-user_1291349
pd-user_1407808
pd-user_3297914
pd-user_4090979
pd-user_4759216
pd-user_9793567
pd-user_5821123
pd-user_9499730
pd-user_4254333
pd-user_7539979
pd-user_3798685
pd-user_6429959
pd-user_8919968
pd-user_971070
pd-user_9468985
pd-user_299022
pd-user_8695969
pd-user_1936542
pd-user_8986627
pd-user_4849658
pd-user_1438336
pd-user_4917282
pd-user_8273760
pd-user_874054
pd-user_3426193
pd-user_1168693
pd-user_7890072
pd-user_4532225
pd-user_9186226
pd-user_3468963
pd-user_8655377
pd-user_1435427
pd-user_7671481
pd-user_1401238
pd-user_7867302
pd-user_8530682
pd-user_2972311
pd-user_3649718
pd-user_5054482
pd-user_1838374
pd-user_8958633
pd-user_5325985
pd-user_8204016
pd-user_513233
pd-user_1315692
pd-user_6209542
pd-user_6580253
pd-user_491624
pd-user_5939361
pd-user_6713616
pd-user_1054026
pd-user_4073839
pd-user_4651907
pd-user_6110103
pd-user_2004909
pd-user_7016997
pd-user_6268546
pd-user_7638373
pd-user_6965066
pd-user_3819101
pd-user_7310739
pd-user_5591305
pd-user_6734299
pd-user_3428583
pd-user_5875697
pd-user_3416241
pd-user_9386029
pd-user_1988743
pd-user_9293664
pd-user_3643920
pd-user_7034259
pd-user_3672004
pd-user_2409226
pd-user_2727272
pd-user_7648540
pd-user_3056540
pd-user_5916916
pd-user_2970203
pd-user_1235499
pd-user_3030713
pd-user_2001742
pd-user_9197098
pd-user_5140461
pd-user_17877
pd-user_7421231
pd-user_7987588
pd-user_1203624
pd-user_4605928
pd-user_5872242
pd-user_9745517
pd-user_2470946
pd-user_8945653
pd-user_9929612
pd-user_2779414
pd-user_6838828
pd-user_6263417
pd-user_7429695
pd-user_5011184
pd-user_4863921
pd-user_7060862
pd-user_2668963
pd-user_1284382
pd-user_689338
pd-user_9549554
pd-user_3125682
pd-user_1601642
pd-user_890454
pd-user_6805220
pd-user_3751321
pd-user_8129432
pd-user_3676336
pd-user_1223307
pd-user_3286980
pd-user_9346646
pd-user_6578822
pd-user_693396
pd-user_3800866
pd-user_2409927
pd-user_4049409
pd-user_5241057
pd-user_2012326
pd-user_3283758
pd-user_3378467
pd-user_3615409
pd-user_7609781
pd-user_3448304
pd-user_5059911
pd-user_5186807
pd-user_338526
pd-user_2749402
pd-user_1867927
pd-user_3989937
pd-user_217680
pd-user_3019875
pd-user_5559478
pd-user_7217901
pd-user_3246844
pd-user_3276823
pd-user_417722
pd-user_9706922
pd-user_1816949
pd-user_6564299
pd-user_2616672
pd-user_1838703
pd-user_9689071
pd-user_7204785
pd-user_5003815
pd-user_8879015
pd-user_4290714
pd-user_8533603
pd-user_6529830
pd-user_3390055
pd-user_6171057
pd-user_4368843
pd-user_251151
pd-user_4551756
pd-user_5969045
pd-user_2363462
pd-user_8602276
pd-user_7725922
pd-user_669022
pd-user_6221469
pd-user_1791563
pd-user_1135299
pd-user_6705085
pd-user_2800582
pd-user_7970662
pd-user_792515
pd-user_8760180
pd-user_2567401
pd-user_8302990
pd-user_1207637
pd-user_2194696
pd-user_9976770
pd-user_1447525
pd-user_5087130
pd-user_2032589
pd-user_7689944
pd-user_5162781
pd-user_8409407
pd-user_4669950
pd-user_3971127
pd-user_576540
pd-user_1950570
pd-user_2821467
pd-user_4659867
pd-user_9123925
pd-user_3282568
pd-user_890299
pd-user_3265120
pd-user_28539
pd-user_1925393
pd-user_8312306
pd-user_9853856
pd-user_6123151
pd-user_5012009
pd-user_6307299
pd-user_8670836
pd-user_7054539
pd-user_131638
pd-user_1202907
pd-user_9594215
pd-user_5011120
pd-user_7879731
pd-user_762765
pd-user_3944454
pd-user_5233624
pd-user_8928822
pd-user_1544771
pd-user_218416
pd-user_260
pd-user_4632705
pd-user_7961594
pd-user_1806993
pd-user_9181031
pd-user_3709574
pd-user_736905
pd-user_8649430
pd-user_331423
pd-user_7960883
pd-user_5930175
pd-user_5889925
pd-user_4035798
pd-user_4707131
pd-user_1013558
pd-user_5986865
pd-user_552649
pd-user_3231105
pd-user_4800811
pd-user_1747618
pd-user_152814
pd-user_1457800
pd-user_6721417
pd-user_4212913
pd-user_5337610
pd-user_7018293
pd-user_1188457
pd-user_1911672
pd-user_5437426
pd-user_480413
pd-user_1053320
pd-user_4763941
pd-user_2144371
pd-user_6057490
pd-user_4202625
pd-user_677199
pd-user_337664
pd-user_6090422
pd-user_6314930
pd-user_6235907
pd-user_1184544
pd-user_8860395
pd-user_7537620
pd-user_1117544
pd-user_9567268
pd-user_7430875
pd-user_5429177
pd-user_2338193
pd-user_3854768
pd-user_1030060
pd-user_4746713
pd-user_4009003
pd-user_3220176
pd-user_3833265
pd-user_42238
pd-user_4240844
pd-user_2803073
pd-user_7890333
pd-user_5415194
pd-user_9465772
pd-user_3443243
pd-user_4896389
pd-user_9160339
pd-user_7037974
pd-user_1415096
pd-user_5561414
pd-user_6695198
pd-user_1488700
pd-user_3877678
pd-user_3287270
pd-user_8893562
pd-user_3760349
pd-user_8855495
pd-user_3741448
pd-user_3786021
pd-user_6020783
pd-user_592946
pd-user_1358548
pd-user_1667049
pd-user_9106757
pd-user_2311939
pd-user_114327
pd-user_4779594
pd-user_7102374
pd-user_767913
pd-user_1376339
pd-user_6751005
pd-user_9365598
pd-user_3748551
pd-user_4531871
pd-user_5173113
pd-user_4291233
pd-user_6216019
pd-user_9250940
pd-user_1125071
pd-user_8409243
pd-user_3245521
pd-user_9848648
pd-user_3296866
pd-user_6109675
pd-user_2210604
pd-user_4372310
pd-user_3458978
pd-user_5777149
pd-user_4287034
pd-user_8357842
pd-user_9120828
pd-user_4147156
pd-user_6719234
pd-user_7313778
pd-user_8320140
pd-user_9353875
pd-user_6771193
pd-user_657869
pd-user_6478159
pd-user_6011990
pd-user_8315703
pd-user_4279759
pd-user_2738479
pd-user_7295119
pd-user_1131507
pd-user_3584334
pd-user_533518
pd-user_334350
pd-user_9167635
pd-user_3522714
pd-user_5112279
pd-user_5789536
pd-user_8099873
pd-user_5131754
pd-user_9733943
pd-user_807451
pd-user_9300778
pd-user_3708278
pd-user_7820778
pd-user_6410336
pd-user_157994
pd-user_5079774
pd-user_5157938
pd-user_3690490
pd-user_5390912
pd-user_1610319
pd-user_2304712
pd-user_2755789
pd-user_7276514
pd-user_4685968
pd-user_8237311
pd-user_1784363
pd-user_4663712
pd-user_4817947
pd-user_2500934
pd-user_1935596
pd-user_1382406
pd-user_7927412
pd-user_9256817
pd-user_779570
pd-user_4793083
pd-user_1743529
pd-user_7459776
pd-user_9489184
pd-user_8928347
pd-user_4711873
pd-user_2046548
pd-user_3180780
pd-user_1144135
pd-user_1779238
pd-user_4169749
pd-user_4867497
pd-user_5373564
pd-user_6434399
pd-user_1657119
pd-user_9850241
pd-user_741192
pd-user_6317404
pd-user_9737741
pd-user_7520057
pd-user_8098832
pd-user_1530180
pd-user_7807042
pd-user_2185046
pd-user_9102998
pd-user_5105065
pd-user_7998476
pd-user_2883979
pd-user_9443202
pd-user_4825122
pd-user_2938595
pd-user_3797028
pd-user_3495487
pd-user_1554413
pd-user_471101
pd-user_9303954
pd-user_4403464
pd-user_3501857
pd-user_9711414
pd-user_9313338
pd-user_685447
pd-user_9701004
pd-user_3053891
pd-user_4603671
pd-user_3244079
pd-user_6543596
pd-user_6371898
pd-user_2969301
pd-user_2142949
pd-user_9120792
pd-user_4795323
pd-user_6524800
pd-user_9903772
pd-user_2364157
pd-user_5885421
pd-user_9939877
pd-user_4002928
pd-user_345418
pd-user_7185581
pd-user_2291515
pd-user_4590171
pd-user_4286841
pd-user_246117
pd-user_3450173
pd-user_9669911
pd-user_2698564
pd-user_2916281
pd-user_1049275
pd-user_7069532
pd-user_7028941
pd-user_5587328
pd-user_3805168
pd-user_1311040
pd-user_6553622
pd-user_335346
pd-user_4317388
pd-user_8305079
pd-user_1420
pd-user_5466589
pd-user_9294691
pd-user_4259934
pd-user_6623517
pd-user_5383740
pd-user_3544329
pd-user_7285497
pd-user_5196156
pd-user_4716984
pd-user_6738250
pd-user_5499526
pd-user_812427
pd-user_2021253
pd-user_1877570
pd-user_9773211
pd-user_1346375
pd-user_769939
pd-user_8235898
pd-user_8953883
pd-user_1795220
pd-user_3917151
pd-user_2450571
pd-user_3941274
pd-user_464408
pd-user_1777267
pd-user_6865833
pd-user_4282635
pd-user_3909424
pd-user_7327708
pd-user_805996
pd-user_9875131
pd-user_8690223
pd-user_6066279
pd-user_8357119
pd-user_3919717
pd-user_2700353
pd-user_4801060
pd-user_1790445
pd-user_9209291
pd-user_4454248
pd-user_1422233
pd-user_3302000
pd-user_9247182
pd-user_9050134
pd-user_2331291
pd-user_6897565
pd-user_3259340
pd-user_9144401
pd-user_3871387
pd-user_6777116
pd-user_807163
pd-user_2292198
pd-user_1055691
pd-user_1925040
pd-user_2055276
pd-user_3163942
pd-user_5859932
pd-user_4676132
pd-user_773915
pd-user_4701584
pd-user_7235933
pd-user_1392070
pd-user_7201560
pd-user_4321412
pd-user_3795043
pd-user_4055496
pd-user_5303404
pd-user_709466
pd-user_9102435
pd-user_6235186
pd-user_4209780
pd-user_8815076
pd-user_7850632
pd-user_4500469
pd-user_5989369
pd-user_8816059
pd-user_5287168
pd-user_519493
pd-user_954462
pd-user_1215864
pd-user_7023483
pd-user_472369
pd-user_7920928
pd-user_8510719
pd-user_4636256
pd-user_5707941
pd-user_8237813
pd-user_4359792
pd-user_8322344
pd-user_642579
pd-user_8364078
pd-user_6320317
pd-user_72651
pd-user_7848769
pd-user_3779415
pd-user_3748898
pd-user_6540122
pd-user_4437440
pd-user_474018
pd-user_8277941
pd-user_62202
pd-user_1954893
pd-user_4771990
pd-user_9458440
pd-user_7682760
pd-user_9092984
pd-user_1304805
pd-user_819923
pd-user_9436540
pd-user_7295069
pd-user_1279280
pd-user_2946029
pd-user_7937732
pd-user_6038319
pd-user_8465944
pd-user_9746438
pd-user_6509136
pd-user_9903895
pd-user_1688870
pd-user_3988335
pd-user_8777287
pd-user_6558727
pd-user_5134458
pd-user_9568620
pd-user_3822695
pd-user_7023494
pd-user_9802415
pd-user_279152
pd-user_2845883
pd-user_2949612
pd-user_5852727
pd-user_8677608
pd-user_4908519
pd-user_5144500
pd-user_8430863
pd-user_8486667
pd-user_4099275
pd-user_8002980
pd-user_4618289
pd-user_1998484
pd-user_96997
pd-user_8682349
pd-user_9717992
pd-user_8283335
pd-user_3797824
pd-user_7012501
pd-user_5352787
pd-user_5813677
pd-user_1747689
pd-user_9490829
pd-user_7107395
pd-user_5229825
pd-user_2022280
pd-user_7372249
pd-user_4655498
pd-user_5762509
pd-user_3162116
pd-user_3842030
pd-user_5651249
pd-user_5753783
pd-user_9755991
pd-user_7981371
pd-user_697407
pd-user_7785066
pd-user_3698523
pd-user_1351681
pd-user_9944773
pd-user_8931265
pd-user_4579147
pd-user_2615433
pd-user_4089825
pd-user_3774459
pd-user_8870666
pd-user_4500582
pd-user_1562328
pd-user_8123024
pd-user_5938290
pd-user_6607603
pd-user_4670575
pd-user_8850496
pd-user_3062997
pd-user_730174
pd-user_3180455
pd-user_6682203
pd-user_4839566
pd-user_6090441
pd-user_712765
pd-user_4202015
pd-user_7084344
pd-user_1709823
pd-user_7733625
pd-user_4305798
pd-user_1700117
pd-user_1174683
pd-user_3641897
pd-user_4659433
pd-user_7823727
pd-user_4820824
pd-user_4543323
pd-user_9074557
pd-user_4734965
pd-user_8545281
pd-user_5198900
pd-user_9464043
pd-user_2810959
pd-user_807702
pd-user_9144121
pd-user_6823378
pd-user_2911322
pd-user_7130420
pd-user_6132577
pd-user_5934456
pd-user_5800701
pd-user_9451824
pd-user_578765
pd-user_8919347
pd-user_4678869
pd-user_4112258
pd-user_7983734
pd-user_879492
pd-user_3299446
pd-user_895535
pd-user_5652686
pd-user_8117091
pd-user_6202878
pd-user_6459497
pd-user_8516049
pd-user_1698881
pd-user_9861959
pd-user_326535
pd-user_8971947
pd-user_6690738
pd-user_7778815
pd-user_7332407
pd-user_3814639
pd-user_8098758
pd-user_1169857
pd-user_8534439
pd-user_3081560
pd-user_8245807
pd-user_5385921
pd-user_2588193
pd-user_2215307
pd-user_604558
pd-user_9132734
pd-user_292293
pd-user_6583261
pd-user_6651763
pd-user_9871078
pd-user_6391886
pd-user_2600697
pd-user_3277128
pd-user_1268859
pd-user_1942409
pd-user_6305899
pd-user_5620766
pd-user_3557145
pd-user_958087
pd-user_3417349
pd-user_4548581
pd-user_109196
pd-user_5197146
pd-user_8049823
pd-user_5680283
pd-user_7174207
pd-user_434517
pd-user_9932873
pd-user_3387507
pd-user_3719732
pd-user_4529631
pd-user_5301932
pd-user_7684196
pd-user_8086181
pd-user_8040489
pd-user_7460928
pd-user_2948513
pd-user_5315999
pd-user_4209152
pd-user_7633682
pd-user_2895320
pd-user_8506902
pd-user_3517342
pd-user_5437034
pd-user_4146970
pd-user_9387715
pd-user_9274954
pd-user_4745529
pd-user_6121160
pd-user_4414254
pd-user_6597157
pd-user_1523681
pd-user_4677003
pd-user_2384782
pd-user_175845
pd-user_9502022
pd-user_25436
pd-user_6751912
pd-user_8729378
pd-user_4230514
pd-user_8533110
pd-user_3012042
pd-user_4247612
pd-user_6584338
pd-user_5162668
pd-user_6918695
pd-user_1397584
pd-user_5764069
pd-user_4753026
pd-user_7404731
pd-user_1003561
pd-user_5979387
pd-user_8051470
pd-user_3294046
pd-user_2460914
pd-user_4589620
pd-user_7048620
pd-user_2091105
pd-user_8301668
pd-user_8710026
pd-user_8678883
pd-user_4496936
pd-user_7869912
pd-user_4853618
pd-user_2548235
pd-user_2912537
pd-user_7540908
pd-user_5263012
pd-user_2544429
pd-user_8617596
pd-user_9568195
pd-user_7347236
pd-user_4631877
pd-user_6578720
pd-user_6344727
pd-user_8771930
pd-user_7165362
pd-user_2873009
pd-user_7447176
pd-user_5166255
pd-user_2866437
pd-user_8996255
pd-user_1877
pd-user_2353924
pd-user_920743
pd-user_634368
pd-user_3954782
pd-user_7245235
pd-user_1535526
pd-user_6622293
pd-user_6858627
pd-user_5541189
pd-user_7401500
pd-user_6901419
pd-user_2381671
pd-user_7653529
pd-user_6127017
pd-user_2814314
pd-user_1402490
pd-user_5633532
pd-user_3440599
pd-user_4698566
pd-user_9230098
pd-user_1536914
pd-user_2437797
pd-user_5755029
pd-user_2281385
pd-user_3962756
pd-user_7306702
pd-user_5723256
pd-user_7278642
pd-user_1916353
pd-user_2953501
pd-user_5936583
pd-user_6029203
pd-user_4606053
pd-user_4485961
pd-user_6704489
pd-user_3215799
pd-user_1880121
pd-user_9545730
pd-user_3371866
pd-user_2543062
pd-user_2381405
pd-user_6118500
pd-user_2372209
pd-user_5683691
pd-user_8891446
pd-user_806967
pd-user_7152474
pd-user_3544615
pd-user_5870096
pd-user_5699568
pd-user_1541738
pd-user_2273289
pd-user_7113353
pd-user_372364
pd-user_2294889
pd-user_1068672
pd-user_1357831
pd-user_6816241
pd-user_9806988
pd-user_5848922
pd-user_4758783
pd-user_8252368
pd-user_6385258
pd-user_8679187
pd-user_9488799
pd-user_7743017
pd-user_1928409
pd-user_6177231
pd-user_3283781
pd-user_2775049
pd-user_4812728
pd-user_310812
pd-user_9733858
pd-user_5547227
pd-user_4872771
pd-user_3297784
pd-user_3897021
pd-user_8888844
pd-user_6476820
pd-user_8426957
pd-user_3678770
pd-user_4135439
pd-user_7242073
pd-user_1253974
pd-user_1284669
pd-user_9606230
pd-user_6625517
pd-user_1400904
pd-user_6674538
pd-user_3719397
pd-user_6211944
pd-user_6239326
pd-user_5508967
pd-user_9839248
pd-user_4553943
pd-user_8911554
pd-user_9757310
pd-user_153994
pd-user_3642357
pd-user_2958750
pd-user_2826138
pd-user_4027897
pd-user_5246732
pd-user_7332884
pd-user_4731906
pd-user_7168610
pd-user_6638426
pd-user_9293798
pd-user_3221467
pd-user_452723
pd-user_6640471
pd-user_105682
pd-user_7885759
pd-user_9041535
pd-user_9565191
pd-user_672902
pd-user_8742267
pd-user_5147474
pd-user_6495326
pd-user_3386842
pd-user_6693877
pd-user_6522739
pd-user_777742
pd-user_706165
pd-user_3738442
pd-user_3647820
pd-user_6860439
pd-user_4918249
pd-user_6729505
pd-user_4971047
pd-user_3768778
pd-user_7399862
pd-user_3891875
pd-user_221896
pd-user_1416921
pd-user_4519147
pd-user_1492091
pd-user_6909526
pd-user_6354567
pd-user_1481252
pd-user_6998708
pd-user_1853687
pd-user_8977833
pd-user_225963
pd-user_4297496
pd-user_9143122
pd-user_5331722
pd-user_2333415
pd-user_9447249
pd-user_7854025
pd-user_8818241
pd-user_9469757
pd-user_4077824
pd-user_1816799
pd-user_7246782
pd-user_4833883
pd-user_615482
pd-user_3197305
pd-user_3493616
pd-user_5870479
pd-user_9861386
pd-user_1592772
pd-user_1951917
pd-user_8404571
pd-user_4483301
pd-user_3929753
pd-user_1496951
pd-user_8687758
pd-user_3962876
pd-user_6400592
pd-user_6530356
pd-user_3471197
pd-user_9653470
pd-user_8744949
pd-user_6220305
pd-user_8884842
pd-user_5786817
pd-user_4167902
pd-user_3901497
pd-user_6766166
pd-user_1327111
pd-user_7510767
pd-user_7223917
pd-user_9998787
pd-user_4263516
pd-user_1778805
pd-user_5836671
pd-user_3300293
pd-user_8735915
pd-user_3132034
pd-user_8767336
pd-user_6139360
pd-user_6832033
pd-user_8654160
pd-user_9832326
pd-user_2812430
pd-user_6370571
pd-user_3980381
pd-user_9580789
pd-user_3978552
pd-user_6750396
pd-user_2399202
pd-user_3093098
pd-user_8584598
pd-user_8554755
pd-user_4656370
pd-user_4409049
pd-user_534064
pd-user_2555440
pd-user_9677726
pd-user_1067648
pd-user_3161517
pd-user_4155423
pd-user_992309
pd-user_5921744
pd-user_4972163
pd-user_5397241
pd-user_2425758
pd-user_7143082
pd-user_2107198
pd-user_2148069
pd-user_568003
pd-user_864574
pd-user_5019729
pd-user_9216459
pd-user_745176
pd-user_5134553
pd-user_206286
pd-user_8864924
pd-user_7614128
pd-user_1297929
pd-user_9079965
pd-user_8692649
pd-user_3012035
pd-user_1287301
pd-user_2241292
pd-user_1711841
pd-user_1521967
pd-user_2354905
pd-user_1312403
pd-user_7326370
pd-user_4821702
pd-user_6192108
pd-user_5249589
pd-user_4161584
pd-user_2662168
pd-user_970296
pd-user_4667325
pd-user_9043961
pd-user_5326392
pd-user_9366644
pd-user_6410900
pd-user_681574
pd-user_4621649
pd-user_1840886
pd-user_4168408
pd-user_6809327
pd-user_2732751
pd-user_5082788
pd-user_9675605
pd-user_1151717
pd-user_2379263
pd-user_4837962
pd-user_4399731
pd-user_454567
pd-user_3669765
pd-user_7861156
pd-user_590705
pd-user_7253041
pd-user_6871839
pd-user_7978925
pd-user_2731935
pd-user_1809771
pd-user_6497292
pd-user_8221166
pd-user_8934375
pd-user_5382356
pd-user_5369001
pd-user_6886923
pd-user_3932943
pd-user_6774889
pd-user_8726300
pd-user_8883453
pd-user_3529975
pd-user_2660889
pd-user_7700349
pd-user_4137690
pd-user_9701042
pd-user_2040782
pd-user_7453302
pd-user_8647218
pd-user_4736850
pd-user_6668214
pd-user_6790925
pd-user_5695573
pd-user_2431515
pd-user_7660402
pd-user_3113318
pd-user_7799947
pd-user_5519357
pd-user_4879867
pd-user_320782
pd-user_8823364
pd-user_1929113
pd-user_5542239
pd-user_6103471
pd-user_8433746
pd-user_6557871
pd-user_6894943
pd-user_5602774
pd-user_1036324
pd-user_5859281
pd-user_6628880
pd-user_7880267
pd-user_9495476
pd-user_515489
pd-user_8119698
pd-user_6822044
pd-user_5214314
pd-user_1484541
pd-user_3891827
pd-user_6276582
pd-user_3360080
pd-user_8244422
pd-user_1198431
pd-user_9442840
pd-user_4790463
pd-user_3557485
pd-user_9650457
pd-user_2330748
pd-user_7748521
pd-user_9630364
pd-user_7288316
pd-user_169579
pd-user_8671321
pd-user_2109081
pd-user_8821961
pd-user_445124
pd-user_788058
pd-user_7414279
pd-user_5679151
pd-user_236498
pd-user_6737753
pd-user_2304542
pd-user_9825547
pd-user_6172818
pd-user_202483
pd-user_67562
pd-user_8552482
pd-user_7927952
pd-user_3134547
pd-user_3463523
pd-user_8801643
pd-user_7217875
pd-user_8491142
pd-user_9165405
pd-user_2317842
pd-user_5134481
pd-user_1770127
pd-user_7233616
pd-user_7835996
pd-user_2848976
pd-user_6332028
pd-user_8051000
pd-user_6775069
pd-user_9054098
pd-user_5914921
pd-user_5045677
pd-user_870050
pd-user_7989356
pd-user_7428289
pd-user_9358732
pd-user_5022311
pd-user_7424053
pd-user_5762637
pd-user_3086168
pd-user_3101903
pd-user_7055789
pd-user_602561
pd-user_7054634
pd-user_6464502
pd-user_7977333
pd-user_4521360
pd-user_2833874
pd-user_8385672
pd-user_9031817
pd-user_659361
pd-user_1834336
pd-user_5449347
pd-user_6132489
pd-user_6697817
pd-user_6022860
pd-user_2402112
pd-user_7866428
pd-user_3084925
pd-user_1870381
pd-user_2431566
pd-user_310821
pd-user_2857437
pd-user_3424705
pd-user_6559203
pd-user_5727142
pd-user_6968429
pd-user_3971000
pd-user_3193223
pd-user_6262490
pd-user_1735601
pd-user_2720935
pd-user_5041206
pd-user_57147
pd-user_4147904
pd-user_555046
pd-user_1575311
pd-user_3490102
pd-user_363594
pd-user_4501983
pd-user_2659204
pd-user_6272167
pd-user_7917656
pd-user_4776144
pd-user_4494859
pd-user_9784251
pd-user_9288181
pd-user_8462391
pd-user_2211553
pd-user_3955715
pd-user_4824432
pd-user_3566070
pd-user_6938612
pd-user_2658714
pd-user_1960539
pd-user_8692596
pd-user_7213335
pd-user_8376224
pd-user_5853733
pd-user_727032
pd-user_8085360
pd-user_4246887
pd-user_1396275
pd-user_9271649
pd-user_9676457
pd-user_7908918
pd-user_7716792
pd-user_4090281
pd-user_1417476
pd-user_4688620
pd-user_321888
pd-user_6030702
pd-user_1168988
pd-user_1995657
pd-user_3662317
pd-user_7068912
pd-user_7807068
pd-user_4325395
pd-user_6441553
pd-user_4166243
pd-user_6172721
pd-user_7311926
pd-user_10388
pd-user_6545374
pd-user_7601844
pd-user_5730928
pd-user_9047604
pd-user_1454972
pd-user_7937783
pd-user_1645861
pd-user_2583931
pd-user_4598131
pd-user_1156551
pd-user_9638804
pd-user_2359069
pd-user_8536097
pd-user_2665839
pd-user_3123392
pd-user_3964801
pd-user_9116547
pd-user_6231533
pd-user_2061576
pd-user_4438948
pd-user_9846052
pd-user_978450
pd-user_5358851
pd-user_9688589
pd-user_7266045
pd-user_4306730
pd-user_6238427
pd-user_4530147
pd-user_4843423
pd-user_4479869
pd-user_9585698
pd-user_530333
pd-user_3617022
pd-user_676090
pd-user_9766821
pd-user_1442809
pd-user_7022899
pd-user_5288586
pd-user_7625745
pd-user_4813217
pd-user_4922840
pd-user_3214728
pd-user_6265668
pd-user_702998
pd-user_5550797
pd-user_9410643
pd-user_3082149
pd-user_6166312
pd-user_8392562
pd-user_5553008
pd-user_3920130
pd-user_7291266
pd-user_6565
pd-user_5895777
pd-user_1636915
pd-user_5981923
pd-user_6471079
pd-user_4043864
pd-user_5447083
pd-user_8974519
pd-user_9463550
pd-user_3914756
pd-user_4554277
pd-user_1289868
pd-user_8541168
pd-user_8568987
pd-user_5467662
pd-user_2349372
pd-user_7330208
pd-user_4522264
pd-user_7005130
pd-user_3831545
pd-user_6993269
pd-user_5467807
pd-user_3293426
pd-user_3611462
pd-user_8049139
pd-user_1368086
pd-user_4812926
pd-user_2764989
pd-user_4731160
pd-user_8015744
pd-user_4309544
pd-user_8237027
pd-user_6616807
pd-user_1976495
pd-user_9818132
pd-user_6737406
pd-user_8769426
pd-user_1361101
pd-user_9681715
pd-user_8932394
pd-user_3893089
pd-user_421066
pd-user_722348
pd-user_6509069
pd-user_4722118
pd-user_5744262
pd-user_1210655
pd-user_2806352
pd-user_4714096
pd-user_4762633
pd-user_1640791
pd-user_8424588
pd-user_7441004
pd-user_539309
pd-user_9708833
pd-user_5767791
pd-user_6996501
pd-user_1608968
pd-user_6964019
pd-user_2759584
pd-user_3881296
pd-user_5457132
pd-user_7194373
pd-user_9071432
pd-user_3915372
pd-user_8446806
pd-user_7710193
pd-user_7895497
pd-user_5002258
pd-user_7475515
pd-user_6087938
pd-user_8744108
pd-user_6441880
pd-user_8640660
pd-user_9749321
pd-user_3857774
pd-user_2955575
pd-user_8290784
pd-user_1247808
pd-user_6007039
pd-user_1428767
pd-user_2813962
pd-user_4836939
pd-user_362816
pd-user_5300946
pd-user_8002996
pd-user_3551067
pd-user_5769748
pd-user_7006222
pd-user_5037559
pd-user_596078
pd-user_4553433
pd-user_2342746
pd-user_5603360
pd-user_1381758
pd-user_4840578
pd-user_1345386
pd-user_3808641
pd-user_5882519
pd-user_2198628
pd-user_2545936
pd-user_832777
pd-user_652102
pd-user_5272086
pd-user_1823088
pd-user_9024855
pd-user_4436069
pd-user_3055617
pd-user_9729092
pd-user_4503421
pd-user_1682572
pd-user_1940440
pd-user_152027
pd-user_7737744
pd-user_7811554
pd-user_8729083
pd-user_1296882
pd-user_8868301
pd-user_1156131
pd-user_1889964
pd-user_5657122
pd-user_3264923
pd-user_8465851
pd-user_2893745
pd-user_8609035
pd-user_6179197
pd-user_6852273
pd-user_6918184
pd-user_2778915
pd-user_7563843
pd-user_3996930
pd-user_7045994
pd-user_8786308
pd-user_7115956
pd-user_2880772
pd-user_5402201
pd-user_4112321
pd-user_2611854
pd-user_4813404
pd-user_7614622
pd-user_9732248
pd-user_3664921
pd-user_59086
pd-user_82930
pd-user_7988342
pd-user_7559252
pd-user_6428688
pd-user_8203299
pd-user_6470142
pd-user_9050134
pd-user_7708448
pd-user_6573325
pd-user_1786934
pd-user_291510
pd-user_589487
pd-user_9157499
pd-user_1400721
pd-user_5381807
pd-user_1595489
pd-user_8822975
pd-user_7239144
pd-user_4448748
pd-user_6768933
pd-user_7581407
pd-user_2393091
pd-user_2585385
pd-user_6679139
pd-user_6344564
pd-user_3778658
pd-user_4867274
pd-user_2794876
pd-user_5062963
pd-user_8393856
pd-user_2687243
pd-user_5391419
pd-user_2667020
pd-user_4572053
pd-user_8133545
pd-user_6201891
pd-user_6421646
pd-user_2060452
pd-user_5630513
pd-user_5360266
pd-user_5831594
pd-user_16163
pd-user_8397359
pd-user_6025948
pd-user_6232886
pd-user_7519536
pd-user_9512845
pd-user_4639434
pd-user_3971501
pd-user_181410
pd-user_8088173
pd-user_2856006
pd-user_8222597
pd-user_6119429
pd-user_3651530
pd-user_6376436
pd-user_9695971
pd-user_8768849
pd-user_1629174
pd-user_399140
pd-user_3031717
pd-user_9039102
pd-user_1362023
pd-user_5052802
pd-user_5396417
pd-user_5924424
pd-user_2992728
pd-user_5073384
pd-user_7784434
pd-user_9801190
pd-user_7677644
pd-user_3368053
pd-user_6775214
pd-user_7384332
pd-user_2051156
pd-user_7201730
pd-user_5814921
pd-user_956450
pd-user_1012394
pd-user_3531047
pd-user_1263809
pd-user_3261878
pd-user_8760772
pd-user_9861777
pd-user_4387672
pd-user_9099954
pd-user_4051319
pd-user_9258922
pd-user_3822732
pd-user_5846914
pd-user_2476186
pd-user_5014908
pd-user_2622698
pd-user_5704033
pd-user_8707741
pd-user_421271
pd-user_3845003
pd-user_9758021
pd-user_3704101
pd-user_4762543
pd-user_5824181
pd-user_2625823
pd-user_7498950
pd-user_9142034
pd-user_4703737
pd-user_6023923
pd-user_9679577
pd-user_4884629
pd-user_7611655
pd-user_7451987
pd-user_6117079
pd-user_7231450
pd-user_6664401
pd-user_2893263
pd-user_1484218
pd-user_4910352
pd-user_719669
pd-user_3417773
pd-user_3389575
pd-user_1705279
pd-user_5406250
pd-user_8964134
pd-user_8523363
pd-user_9819048
pd-user_2663896
pd-user_4542923
pd-user_9060519
pd-user_2400896
pd-user_7688652
pd-user_5499234
pd-user_3009299
pd-user_4193221
pd-user_718927
pd-user_8562707
pd-user_8887670
pd-user_4934786
pd-user_1150970
pd-user_6475254
pd-user_6782775
pd-user_1706509
pd-user_7221543
pd-user_8354287
pd-user_8272208
pd-user_4842824
pd-user_9643200
pd-user_8094881
pd-user_4849858
pd-user_2901177
pd-user_1902611
pd-user_9903230
pd-user_2806045
pd-user_5715719
pd-user_3375276
pd-user_2661994
pd-user_5861295
pd-user_52324
pd-user_7857123
pd-user_9266198
pd-user_7497901
pd-user_7978494
pd-user_7407868
pd-user_2279547
pd-user_6990062
pd-user_6915402
pd-user_8739654
pd-user_5473775
pd-user_3291949
pd-user_2357898
pd-user_5605377
pd-user_9935532
pd-user_2619167
pd-user_3351760
pd-user_2197820
pd-user_4543331
pd-user_3740141
pd-user_1618041
pd-user_9835790
pd-user_2098393
pd-user_1527535
pd-user_4949054
pd-user_8218801
pd-user_171842
pd-user_3254144
pd-user_6840540
pd-user_5723963
pd-user_5801905
pd-user_7038478
pd-user_6216051
pd-user_7913501
pd-user_1559334
pd-user_5629219
pd-user_2539163
pd-user_9808343
pd-user_5311318
pd-user_8744355
pd-user_3649814
pd-user_2425127
pd-user_8854743
pd-user_8819360
pd-user_8240217
pd-user_6892825
pd-user_166834
pd-user_5256899
pd-user_7061195
pd-user_2758015
pd-user_759719
pd-user_8869065
pd-user_7046621
pd-user_1696013
pd-user_2742781
pd-user_1671183
pd-user_3638158
pd-user_3440733
pd-user_5546871
pd-user_9723525
pd-user_677888
pd-user_447883
pd-user_1626495
pd-user_1575951
pd-user_2566012
pd-user_4569286
pd-user_5212878
pd-user_2906807
pd-user_7433555
pd-user_583316
pd-user_6105591
pd-user_9784779
pd-user_386210
pd-user_8435947
pd-user_451410
pd-user_4834043
pd-user_1602616
pd-user_8936503
pd-user_8873327
pd-user_3452574
pd-user_8781744
pd-user_3880117
pd-user_5377331
pd-user_4203213
pd-user_5788624
pd-user_7628366
pd-user_3154987
pd-user_2361663
pd-user_6954259
pd-user_8891629
pd-user_9482440
pd-user_3519347
pd-user_6031472
pd-user_9539529
pd-user_7799842
pd-user_6856079
pd-user_375961
pd-user_3783994
pd-user_5484199
pd-user_9957315
pd-user_8931636
pd-user_3798351
pd-user_3637647
pd-user_6029591
pd-user_7006644
pd-user_7883510
pd-user_1221595
pd-user_5623740
pd-user_3710000
pd-user_8897975
pd-user_9164149
pd-user_8579899
pd-user_3465307
pd-user_3710667
pd-user_1483477
pd-user_8369455
pd-user_2670428
pd-user_5412964
pd-user_6383675
pd-user_6123831
pd-user_692947
pd-user_3798906
pd-user_1055456
pd-user_2654462
pd-user_8036401
pd-user_9834688
pd-user_3369707
pd-user_2366961
pd-user_4501523
pd-user_5582455
pd-user_4699048
pd-user_9289045
pd-user_8516325
pd-user_5366512
pd-user_9515588
pd-user_1102604
pd-user_3447652
pd-user_2494320
pd-user_7807470
pd-user_3935162
pd-user_1568150
pd-user_3863312
pd-user_268717
pd-user_7241056
pd-user_8305604
pd-user_5069142
pd-user_729228
pd-user_846964
pd-user_3710585
pd-user_9279160
pd-user_1455722
pd-user_2015463
pd-user_2857031
pd-user_5479069
pd-user_8688380
pd-user_7570223
pd-user_1504559
pd-user_6856485
pd-user_6609012
pd-user_2826263
pd-user_1823359
pd-user_4182795
pd-user_9499254
pd-user_4379542
pd-user_3124180
pd-user_6212732
pd-user_2875012
pd-user_2212615
pd-user_2265661
pd-user_5804303
pd-user_2890581
pd-user_7016938
pd-user_2120613
pd-user_6093520
pd-user_1249552
pd-user_7269452
pd-user_7438647
pd-user_5312020
pd-user_9084344
pd-user_9609996
pd-user_5425682
pd-user_8163952
pd-user_1017252
pd-user_5721986
pd-user_3090017
pd-user_4553685
pd-user_4511553
pd-user_612262
pd-user_2171980
pd-user_22388
pd-user_9778781
pd-user_8719679
pd-user_1987958
pd-user_3091844
pd-user_7635171
pd-user_2106496
pd-user_3014491
pd-user_7415195
pd-user_7593135
pd-user_4956453
pd-user_6623443
pd-user_7056273
pd-user_2568216
pd-user_252344
pd-user_6211577
pd-user_3695157
pd-user_6942050
pd-user_8741525
pd-user_3637468
pd-user_8072669
pd-user_1347782
pd-user_5888956
pd-user_4345813
pd-user_4795266
pd-user_7432651
pd-user_8318272
pd-user_319155
pd-user_3711532
pd-user_9155626
pd-user_2804439
pd-user_4940314
pd-user_7098131
pd-user_5093568
pd-user_6316103
pd-user_9931478
pd-user_5088465
pd-user_339862
pd-user_1855021
pd-user_3018958
pd-user_4949463
pd-user_3168362
pd-user_3186336
pd-user_8467166
pd-user_6583851
pd-user_9667649
pd-user_5245278
pd-user_2515470
pd-user_4511805
pd-user_6419330
pd-user_7212652
pd-user_8942928
pd-user_6732025
pd-user_8585770
pd-user_4871090
pd-user_1848699
pd-user_6786210
pd-user_6019862
pd-user_1101850
pd-user_5566061
pd-user_206597
pd-user_722315
pd-user_7647066
pd-user_5976550
pd-user_1461514
pd-user_7196952
pd-user_6367080
pd-user_7477795
pd-user_2775342
pd-user_9971981
pd-user_7705870
pd-user_7619094
pd-user_2179190
pd-user_7501648
pd-user_6203613
pd-user_2545916
pd-user_9957788
pd-user_2827148
pd-user_9911319
pd-user_5828417
pd-user_2459697
pd-user_8120676
pd-user_1108978
pd-user_3627645
pd-user_9778
pd-user_253380
pd-user_9156862
pd-user_9413988
pd-user_3731238
pd-user_5428347
pd-user_5929089
pd-user_1728512
pd-user_5775891
pd-user_7563643
pd-user_2938617
pd-user_7820130
pd-user_4895000
pd-user_6047053
pd-user_1189233
pd-user_8768531
pd-user_8943277
pd-user_2630536
pd-user_7314856
pd-user_1239115
pd-user_3985241
pd-user_5310009
pd-user_1735854
pd-user_5986401
pd-user_3489760
pd-user_1442680
pd-user_7525566
pd-user_6977843
pd-user_3847837
pd-user_2955997
pd-user_3762231
pd-user_3380236
pd-user_4164633
pd-user_257536
pd-user_3760938
pd-user_4085913
pd-user_8413313
pd-user_441250
pd-user_1650759
pd-user_9480735
pd-user_2486774
pd-user_7880558
pd-user_5558130
pd-user_4588221
pd-user_8826356
pd-user_6099627
pd-user_384619
pd-user_8943665
pd-user_1350468
pd-user_6581495
pd-user_7098204
pd-user_5478487
pd-user_1603292
pd-user_485197
pd-user_3441417
pd-user_9220073
pd-user_2665519
pd-user_7109631
pd-user_7882414
pd-user_4400586
pd-user_159765
pd-user_8562297
pd-user_3429218
pd-user_118049
pd-user_880910
pd-user_5306069
pd-user_6396820
pd-user_8383222
pd-user_1801388
pd-user_8396622
pd-user_7818346
pd-user_9550231
pd-user_9267651
pd-user_3690916
pd-user_4821736
pd-user_8474217
pd-user_587510
pd-user_7406790
pd-user_9640247
pd-user_2606799
pd-user_6947290
pd-user_833015
pd-user_9256668
pd-user_2161145
pd-user_4955036
pd-user_3591307
pd-user_1910680
pd-user_9959979
pd-user_8500053
pd-user_1323381
pd-user_4268754
pd-user_7829591
pd-user_9831948
pd-user_8718748
pd-user_1985603
pd-user_2665300
pd-user_1631578
pd-user_4200664
pd-user_5915241
pd-user_7716889
pd-user_2470495
pd-user_8213505
pd-user_7406304
pd-user_2373546
pd-user_4350549
pd-user_9724960
pd-user_803557
pd-user_85760
pd-user_3908213
pd-user_393767
pd-user_375898
pd-user_4241299
pd-user_7780721
pd-user_5958863
pd-user_3009041
pd-user_7410710
pd-user_1465384
pd-user_7849312
pd-user_4346889
pd-user_3843931
pd-user_3265124
pd-user_5948787
pd-user_922619
pd-user_5306673
pd-user_7823235
pd-user_1511323
pd-user_7344733
pd-user_9037062
pd-user_4043878
pd-user_625480
pd-user_6951727
pd-user_5464526
pd-user_1693371
pd-user_6432600
pd-user_945866
pd-user_3335412
pd-user_515570
pd-user_2172971
pd-user_5783022
pd-user_4872517
pd-user_9781737
pd-user_9853522
pd-user_6904264
pd-user_7075167
pd-user_824379
pd-user_6332278
pd-user_7772878
pd-user_5948194
pd-user_6058692
pd-user_8494143
pd-user_9152048
pd-user_6521294
pd-user_3271771
pd-user_3835765
pd-user_578281
pd-user_9419187
pd-user_6852309
pd-user_2043205
pd-user_665827
pd-user_2299765
pd-user_4712699
pd-user_9928645
pd-user_3911361
pd-user_879610
pd-user_4424495
pd-user_880514
pd-user_3675413
pd-user_1381600
pd-user_651985
pd-user_7293513
pd-user_7001555
pd-user_5999330
pd-user_610218
pd-user_8606915
pd-user_8091857
pd-user_749011
pd-user_407012
pd-user_6142529
pd-user_916666
pd-user_4635110
pd-user_4981405
pd-user_855102
pd-user_7069466
pd-user_6713883
pd-user_6939776
pd-user_379532
pd-user_6228639
pd-user_6358584
pd-user_2462996
pd-user_2824707
pd-user_1038830
pd-user_8811879
pd-user_1968889
pd-user_5978365
pd-user_2355384
pd-user_3937935
pd-user_53205
pd-user_106898
pd-user_4788070
pd-user_306692
pd-user_6760364
pd-user_5079608
pd-user_119803
pd-user_2516565
pd-user_9955843
pd-user_4838667
pd-user_3781642
pd-user_7693528
pd-user_5749988
pd-user_4298874
pd-user_4980820
pd-user_6746665
pd-user_7516227
pd-user_8458578
pd-user_5550171
pd-user_8726916
pd-user_3363645
pd-user_1679717
pd-user_7909893
pd-user_337899
pd-user_3880930
pd-user_341061
pd-user_7268404
pd-user_9703459
pd-user_1944079
pd-user_5075319
pd-user_3949742
pd-user_8167765
pd-user_9590648
pd-user_8773476
pd-user_4429731
pd-user_4381014
pd-user_3073918
pd-user_8963611
pd-user_474640
pd-user_6224729
pd-user_4973975
pd-user_5832127
pd-user_8333963
pd-user_7897216
pd-user_1831588
pd-user_6230106
pd-user_4500662
pd-user_7950088
pd-user_1641477
pd-user_5831328
pd-user_5500611
pd-user_2183529
pd-user_682468
pd-user_1580827
pd-user_1189149
pd-user_2421363
pd-user_4289235
pd-user_5846561
pd-user_9940492
pd-user_6944753
pd-user_9935002
pd-user_4670698
pd-user_6200943
pd-user_5104915
pd-user_6835350
pd-user_2765712
pd-user_2449201
pd-user_5260474
pd-user_2698708
pd-user_8100867
pd-user_9498377
pd-user_9825846
pd-user_7846325
pd-user_2598979
pd-user_9995758
pd-user_5119873
pd-user_790640
pd-user_4781200
pd-user_5905009
pd-user_8478672
pd-user_2239853
pd-user_6817961
pd-user_6706076
pd-user_1953572
pd-user_2580693
pd-user_1952980
pd-user_9956356
pd-user_1958808
pd-user_9544345
pd-user_3540411
pd-user_4584164
pd-user_5423358
pd-user_7685406
pd-user_7871843
pd-user_1485976
pd-user_3904201
pd-user_725501
pd-user_1570025
pd-user_1566369
pd-user_1481553
pd-user_5514
pd-user_9936193
pd-user_6849172
pd-user_7078820
pd-user_1641452
pd-user_1344723
pd-user_9772953
pd-user_48431
pd-user_5340840
pd-user_1378158
pd-user_6562796
pd-user_9367091
pd-user_5820258
pd-user_697769
pd-user_2848096
pd-user_8284488
pd-user_502688
pd-user_9575418
pd-user_8827676
pd-user_5999045
pd-user_5222131
pd-user_913872
pd-user_4168139
pd-user_4091789
pd-user_322352
pd-user_5712901
pd-user_4078044
pd-user_7856812
pd-user_5307516
pd-user_8375240
pd-user_519466
pd-user_6568178
pd-user_6956178
pd-user_9935658
pd-user_6552518
pd-user_4118532
pd-user_1076260
pd-user_9433590
pd-user_480410
pd-user_5497611
pd-user_6826021
pd-user_7342281
pd-user_5303134
pd-user_8142891
pd-user_6164281
pd-user_8506048
pd-user_7836830
pd-user_3572866
pd-user_5651523
pd-user_4341805
pd-user_2560249
pd-user_7421526
pd-user_9695368
pd-user_4688256
pd-user_6885358
pd-user_7661044
pd-user_4317515
pd-user_8382389
pd-user_4921225
pd-user_606135
pd-user_6303580
pd-user_7763028
pd-user_9939959
pd-user_8918622
pd-user_2687597
pd-user_8114685
pd-user_3174888
pd-user_3139574
pd-user_5781935
pd-user_190092
pd-user_5678750
pd-user_7649590
pd-user_7183498
pd-user_528642
pd-user_4743820
pd-user_4599328
pd-user_5381672
pd-user_596987
pd-user_2092778
pd-user_8805688
pd-user_3505735
pd-user_5864717
pd-user_5593033
pd-user_5907162
pd-user_8056373
pd-user_5218716
pd-user_5779349
pd-user_9792072
pd-user_9468629
pd-user_7106560
pd-user_6297193
pd-user_5371169
pd-user_7564419
pd-user_6376393
pd-user_1700198
pd-user_6400429
pd-user_6595352
pd-user_2655066
pd-user_6917472
pd-user_414009
pd-user_3487032
pd-user_183392
pd-user_3553269
pd-user_2148601
pd-user_552216
pd-user_9940899
pd-user_6954117
pd-user_476648
pd-user_2908448
pd-user_7749768
pd-user_2587748
pd-user_1116435
pd-user_2943938
pd-user_870827
pd-user_1556262
pd-user_7768847
pd-user_6495701
pd-user_3087767
pd-user_5885967
pd-user_7773531
pd-user_5793831
pd-user_757687
pd-user_5759737
pd-user_4069376
pd-user_5522744
pd-user_2579258
pd-user_4482371
pd-user_9233407
pd-user_9163523
pd-user_2598297
pd-user_3803655
pd-user_3569709
pd-user_7900909
pd-user_3029731
pd-user_6174375
pd-user_9811180
pd-user_6933670
pd-user_9610232
pd-user_8514312
pd-user_140312
pd-user_7131248
pd-user_6307191
pd-user_6488914
pd-user_7635746
pd-user_6684930
pd-user_1217329
pd-user_4781182
pd-user_6795229
pd-user_1605440
pd-user_2151206
pd-user_4366258
pd-user_1764539
pd-user_5649487
pd-user_7322410
pd-user_8687900
pd-user_3787402
pd-user_6563946
pd-user_9109053
pd-user_612697
pd-user_9292334
pd-user_2576490
pd-user_3995878
pd-user_9652394
pd-user_5741862
pd-user_5678942
pd-user_3503810
pd-user_3380524
pd-user_8556377
pd-user_9346525
pd-user_7094558
pd-user_8707299
pd-user_7379653
pd-user_9236277
pd-user_948906
pd-user_7764927
pd-user_1175457
pd-user_3513034
pd-user_9353340
pd-user_7980505
pd-user_8471688
pd-user_8609
pd-user_6065593
pd-user_1492800
pd-user_7014418
pd-user_4056769
pd-user_9626320
pd-user_8718174
pd-user_1565288
pd-user_2236104
pd-user_6444428
pd-user_6795167
pd-user_2887709
pd-user_4734304
pd-user_1444122
pd-user_2463752
pd-user_8404054
pd-user_6706505
pd-user_806109
pd-user_8808904
pd-user_4927254
pd-user_1816475
pd-user_6534942
pd-user_8178832
pd-user_1586214
pd-user_6826093
pd-user_6905410
pd-user_5865813
pd-user_5333346
pd-user_6200937
pd-user_6304103
pd-user_1602949
pd-user_7261850
pd-user_7651449
pd-user_8815238
pd-user_7745342
pd-user_9838136
pd-user_3659434
pd-user_9531458
pd-user_2053022
pd-user_1911077
pd-user_7610685
pd-user_8399908
pd-user_9125823
pd-user_1446756
pd-user_4671761
pd-user_4000344
pd-user_3694402
pd-user_744230
pd-user_5522124
pd-user_1295842
pd-user_212625
pd-user_5013136
pd-user_300496
pd-user_1263839
pd-user_5139944
pd-user_5676904
pd-user_6674460
pd-user_2599783
pd-user_7548249
pd-user_610910
pd-user_8052732
pd-user_9635133
pd-user_6436615
pd-user_238194
pd-user_8798791
pd-user_2314589
pd-user_7376659
pd-user_8199753
pd-user_3126122
pd-user_4548545
pd-user_2304748
pd-user_8875956
pd-user_7567609
pd-user_3859563
pd-user_226900
pd-user_3469218
pd-user_553030
pd-user_864526
pd-user_5520231
pd-user_3458492
pd-user_2969800
pd-user_1156991
pd-user_4850149
pd-user_7424273
pd-user_4388182
pd-user_9366545
pd-user_4665489
pd-user_1966601
pd-user_3934762
pd-user_157291
pd-user_5275872
pd-user_749145
pd-user_2763699
pd-user_1436682
pd-user_83688
pd-user_264272
pd-user_8218384
pd-user_9833495
pd-user_3453071
pd-user_4718078
pd-user_2886044
pd-user_7960679
pd-user_5962905
pd-user_8889236
pd-user_5847102
pd-user_6164960
pd-user_9923175
pd-user_8283518
pd-user_5808383
pd-user_82663
pd-user_2554049
pd-user_6569260
pd-user_8670674
pd-user_9349230
pd-user_6204452
pd-user_6912717
pd-user_5161132
pd-user_3737149
pd-user_1831072
pd-user_4348693
pd-user_4784370
pd-user_537048
pd-user_9507658
pd-user_8707400
pd-user_8720308
pd-user_5470923
pd-user_6981524
pd-user_8156737
pd-user_8142021
pd-user_4081157
pd-user_4598992
pd-user_2845856
pd-user_3224142
pd-user_264486
pd-user_5654088
pd-user_2130416
pd-user_7650347
pd-user_5915431
pd-user_5138803
pd-user_6175256
pd-user_7062051
pd-user_7320543
pd-user_2017072
pd-user_2374543
pd-user_4627641
pd-user_3757624
pd-user_1496618
pd-user_88832
pd-user_7621669
pd-user_8441563
pd-user_4607839
pd-user_4879157
pd-user_2495160
pd-user_7969800
pd-user_9018175
pd-user_8283996
pd-user_1019875
pd-user_5025980
pd-user_9332358
pd-user_2345138
pd-user_1915212
pd-user_5868286
pd-user_8402241
pd-user_415212
pd-user_1993858
pd-user_925367
pd-user_6402199
pd-user_8586362
pd-user_4610302
pd-user_2141202
pd-user_6123243
pd-user_8389668
pd-user_5227560
pd-user_6526807
pd-user_1554535
pd-user_7637470
pd-user_7629773
pd-user_1083057
pd-user_4387814
pd-user_2869668
pd-user_4581226
pd-user_133496
pd-user_7226169
pd-user_3724014
pd-user_7390322
pd-user_1109101
pd-user_9624426
pd-user_3024578
pd-user_9307473
pd-user_8460445
pd-user_5180420
pd-user_3141039
pd-user_9966979
pd-user_8455273
pd-user_6456962
pd-user_6594609
pd-user_5276560
pd-user_9870174
pd-user_7773741
pd-user_6267362
pd-user_7744332
pd-user_2937510
pd-user_602696
pd-user_219168
pd-user_1458422
pd-user_3348218
pd-user_505879
pd-user_4986249
pd-user_3290723
pd-user_4286052
pd-user_5585604
pd-user_2690548
pd-user_9060054
pd-user_7055079
pd-user_9249599
pd-user_3542934
pd-user_6624568
pd-user_9427254
pd-user_4030438
pd-user_1389955
pd-user_386969
pd-user_2346798
pd-user_5702948
pd-user_6700452
pd-user_2155556
pd-user_898237
pd-user_7084985
pd-user_8313420
pd-user_4981132
pd-user_5096231
pd-user_1324847
pd-user_9270551
pd-user_9512590
pd-user_9807252
pd-user_3194087
pd-user_6592550
pd-user_4025312
pd-user_6550032
pd-user_1138979
pd-user_9762502
pd-user_3395602
pd-user_6616939
pd-user_4255036
pd-user_495247
pd-user_2376075
pd-user_4223879
pd-user_8267199
pd-user_4891744
pd-user_5854554
pd-user_7188612
pd-user_5922305
pd-user_7162721
pd-user_2317518
pd-user_4540053
pd-user_8850619
pd-user_8138149
pd-user_4940175
pd-user_9650775
pd-user_17266
pd-user_570074
pd-user_7257529
pd-user_735745
pd-user_504247
pd-user_164135
pd-user_7038757
pd-user_2647105
pd-user_436212
pd-user_1552867
pd-user_5896338
pd-user_6098629
pd-user_2760220
pd-user_526501
pd-user_5333060
pd-user_6982430
pd-user_6377511
pd-user_7339825
pd-user_6099758
pd-user_529758
pd-user_6881131
pd-user_1216247
pd-user_5751663
pd-user_7431909
pd-user_9867891
pd-user_7454337
pd-user_9283064
pd-user_2625286
pd-user_6734440
pd-user_5089836
pd-user_4332955
pd-user_5948969
pd-user_4899111
pd-user_8091754
pd-user_123113
pd-user_6385804
pd-user_3472108
pd-user_7001773
pd-user_5944193
pd-user_2088768
pd-user_3489723
pd-user_2430331
pd-user_3981029
pd-user_967428
pd-user_317904
pd-user_2356805
pd-user_5428132
pd-user_158497
pd-user_4878126
pd-user_1313648
pd-user_570159
pd-user_755855
pd-user_1112502
pd-user_4830980
pd-user_5654973
pd-user_2971756
pd-user_844196
pd-user_4248404
pd-user_4695806
pd-user_3555372
pd-user_6385821
pd-user_7784873
pd-user_5784784
pd-user_1269504
pd-user_2397706
pd-user_4190089
pd-user_1637725
pd-user_742185
pd-user_114411
pd-user_9632378
pd-user_3420184
pd-user_5697352
pd-user_763664
pd-user_5403265
pd-user_5752616
pd-user_8405341
pd-user_1700661
pd-user_4481874
pd-user_3448513
pd-user_5400130
pd-user_1165161
pd-user_2914146
pd-user_9599403
pd-user_9926080
pd-user_6785328
pd-user_7186311
pd-user_7442227
pd-user_7930424
pd-user_3386142
pd-user_8612221
pd-user_4460676
pd-user_3027182
pd-user_6342240
pd-user_218891
pd-user_9794795
pd-user_112990
pd-user_1435326
pd-user_9650694
pd-user_4395075
pd-user_3036261
pd-user_6434065
pd-user_2608995
pd-user_9804500
pd-user_1911614
pd-user_3398812
pd-user_1188576
pd-user_5183767
pd-user_1774375
pd-user_965645
pd-user_5740611
pd-user_1293711
pd-user_2642265
pd-user_3105950
pd-user_9992034
pd-user_6637732
pd-user_7449969
pd-user_3333260
pd-user_1488523
pd-user_3396040
pd-user_4524883
pd-user_1844465
pd-user_2240708
pd-user_9063481
pd-user_850455
pd-user_9840086
pd-user_4684660
pd-user_6703826
pd-user_7299385
pd-user_9766567
pd-user_4289802
pd-user_8020234
pd-user_4365107
pd-user_9818455
pd-user_3749554
pd-user_349410
pd-user_5733464
pd-user_502702
pd-user_9796380
pd-user_9154090
pd-user_6795838
pd-user_2875557
pd-user_8758810
pd-user_4311950
pd-user_4124110
pd-user_908741
pd-user_3545075
pd-user_8903199
pd-user_973318
pd-user_6390382
pd-user_1970673
pd-user_4633498
pd-user_2893731
pd-user_6623884
pd-user_5720521
pd-user_2961019
pd-user_612895
pd-user_1025439
pd-user_3513541
pd-user_2405387
pd-user_7088250
pd-user_5589511
pd-user_6875532
pd-user_199682
pd-user_4615430
pd-user_2146243
pd-user_5822896
pd-user_7713762
pd-user_7458222
pd-user_7267724
pd-user_5999316
pd-user_4687382
pd-user_4569899
pd-user_3742329
pd-user_502313
pd-user_556808
pd-user_3160003
pd-user_7651023
pd-user_669388
pd-user_3892721
pd-user_5828018
pd-user_4388855
pd-user_2939752
pd-user_8857122
pd-user_7266384
pd-user_7591933
pd-user_1325221
pd-user_7583640
pd-user_1252366
pd-user_3770520
pd-user_766416
pd-user_6575484
pd-user_5659411
pd-user_2439078
pd-user_6567213
pd-user_2504364
pd-user_2966886
pd-user_6261506
pd-user_7402936
pd-user_1793937
pd-user_8907918
pd-user_2496234
pd-user_6303666
pd-user_9744406
pd-user_6592902
pd-user_9713930
pd-user_6560913
pd-user_3687350
pd-user_178907
pd-user_2800669
pd-user_4352565
pd-user_785044
pd-user_9768634
pd-user_202697
pd-user_4391040
pd-user_7708415
pd-user_5384877
pd-user_1603823
pd-user_1727181
pd-user_4881381
pd-user_8668528
pd-user_3195413
pd-user_5651500
pd-user_8101463
pd-user_2883425
pd-user_7126324
pd-user_9023938
pd-user_534994
pd-user_9197294
pd-user_9190154
pd-user_8461289
pd-user_7870466
pd-user_2235471
pd-user_7802405
pd-user_1451563
pd-user_6744738
pd-user_4874290
pd-user_5678428
pd-user_5592970
pd-user_3139898
pd-user_531896
pd-user_4872221
pd-user_5133203
pd-user_3049765
pd-user_1025990
pd-user_712354
pd-user_3060914
pd-user_4505171
pd-user_4395026
pd-user_9740055
pd-user_4736248
pd-user_5701225
pd-user_7625533
pd-user_5311184
pd-user_6884845
pd-user_1859831
pd-user_9002357
pd-user_6532098
pd-user_7723851
pd-user_334132
pd-user_5680013
pd-user_6649721
pd-user_6155971
pd-user_2712766
pd-user_9217659
pd-user_432617
pd-user_1848763
pd-user_8272241
pd-user_467851
pd-user_6356830
pd-user_7292832
pd-user_4617933
pd-user_8149526
pd-user_2747623
pd-user_7315637
pd-user_4134880
pd-user_2688239
pd-user_6964925
pd-user_3362137
pd-user_1522994
pd-user_4852586
pd-user_4343316
pd-user_1568440
pd-user_1117025
pd-user_5829779
pd-user_6889946
pd-user_8742962
pd-user_8975177
pd-user_3016422
pd-user_4542609
pd-user_2953572
pd-user_9934783
pd-user_4528302
pd-user_7346889
pd-user_3205295
pd-user_5802057
pd-user_4424053
pd-user_1160315
pd-user_4602542
pd-user_5562697
pd-user_2350836
pd-user_564585
pd-user_7594270
pd-user_2268032
pd-user_819234
pd-user_3829258
pd-user_6566025
pd-user_9136508
pd-user_3354857
pd-user_762138
pd-user_7910197
pd-user_983155
pd-user_3658062
pd-user_1607765
pd-user_7376071
pd-user_8653534
pd-user_6688637
pd-user_5659881
pd-user_8443991
pd-user_6621606
pd-user_1888232
pd-user_1813099
pd-user_6583738
pd-user_2788273
pd-user_4010409
pd-user_3821883
pd-user_4813337
pd-user_6002565
pd-user_3037479
pd-user_5664242
pd-user_5088938
pd-user_8999419
pd-user_9218153
pd-user_8726699
pd-user_9102539
pd-user_5464547
pd-user_2546711
pd-user_3679488
pd-user_2703669
pd-user_2639547
pd-user_4615043
pd-user_1306873
pd-user_8240776
pd-user_4897062
pd-user_7778373
pd-user_519359
pd-user_8208427
pd-user_6388703
pd-user_6265570
pd-user_6980986
pd-user_3457598
pd-user_5696057
pd-user_7344435
pd-user_1596298
pd-user_7360369
pd-user_3234391
pd-user_9356846
pd-user_3317014
pd-user_9606130
pd-user_9983714
pd-user_6874419
pd-user_2212546
pd-user_7467721
pd-user_7480824
pd-user_2738265
pd-user_6783084
pd-user_58915
pd-user_8188343
pd-user_1989774
pd-user_5995132
pd-user_7877693
pd-user_6464464
pd-user_7082766
pd-user_8023770
pd-user_4296664
pd-user_2273803
pd-user_9555421
pd-user_9349760
pd-user_4739665
pd-user_8304961
pd-user_518221
pd-user_7448605
pd-user_5474198
pd-user_7229857
pd-user_271760
pd-user_1983382
pd-user_1034059
pd-user_4229236
pd-user_1311379
pd-user_4336722
pd-user_1554233
pd-user_6376833
pd-user_5688629
pd-user_3774657
pd-user_884446
pd-user_2669107
pd-user_2028481
pd-user_2690865
pd-user_9331749
pd-user_2246514
pd-user_5387764
pd-user_4932180
pd-user_1948433
pd-user_7658075
pd-user_6413445
pd-user_4191865
pd-user_6846938
pd-user_770862
pd-user_7412798
pd-user_2218801
pd-user_5720007
pd-user_3164874
pd-user_6857469
pd-user_6013
pd-user_7817987
pd-user_3272609
pd-user_8856504
pd-user_9995625
pd-user_4440673
pd-user_1637033
pd-user_5282620
pd-user_2079345
pd-user_1565284
pd-user_3358157
pd-user_6789002
pd-user_7912249
pd-user_5736068
pd-user_3962756
pd-user_5399130
pd-user_1274514
pd-user_3783727
pd-user_4178893
pd-user_9999750
pd-user_6508039
pd-user_4264583
pd-user_4936860
pd-user_3935869
pd-user_8203175
pd-user_7516346
pd-user_4215552
pd-user_2234831
pd-user_6828192
pd-user_1818534
pd-user_6172340
pd-user_8403701
pd-user_4267386
pd-user_7389020
pd-user_4371780
pd-user_172417
pd-user_1305419
pd-user_7928433
pd-user_2929072
pd-user_705971
pd-user_8692824
pd-user_7790407
pd-user_6763587
pd-user_2430714
pd-user_3554710
pd-user_297002
pd-user_2117181
pd-user_8143398
pd-user_9884416
pd-user_9275856
pd-user_7174633
pd-user_64452
pd-user_4499417
pd-user_8901572
pd-user_9984997
pd-user_9483325
pd-user_165393
pd-user_8701289
pd-user_9025566
pd-user_4017881
pd-user_7651148
pd-user_4852772
pd-user_8675382
pd-user_4449619
pd-user_1299136
pd-user_851187
pd-user_9572689
pd-user_6665245
pd-user_9804931
pd-user_1508120
pd-user_6007450
pd-user_6894092
pd-user_7702246
pd-user_9854329
pd-user_1878703
pd-user_8556680
pd-user_6450714
pd-user_4280115
pd-user_9164185
pd-user_4980507
pd-user_8711568
pd-user_2747909
pd-user_9031262
pd-user_9722684
pd-user_9424038
pd-user_2582793
pd-user_4685612
pd-user_4874880
pd-user_4838775
pd-user_6662745
pd-user_2440031
pd-user_4199980
pd-user_6627393
pd-user_2268515
pd-user_4208841
pd-user_5719917
pd-user_4228964
pd-user_8170517
pd-user_6516170
pd-user_6430951
pd-user_3132160
pd-user_8096042
pd-user_7678874
pd-user_7696547
pd-user_9381240
pd-user_7055504
pd-user_5685410
pd-user_8327472
pd-user_8525759
pd-user_1299280
pd-user_3510899
pd-user_6498817
pd-user_6974745
pd-user_8728595
pd-user_3972826
pd-user_3597894
pd-user_1505545
pd-user_8388751
pd-user_1812362
pd-user_294840
pd-user_9582972
pd-user_5888930
pd-user_7852939
pd-user_3609626
pd-user_5890308
pd-user_5059017
pd-user_9183880
pd-user_7926034
pd-user_5158972
pd-user_6364307
pd-user_5638771
pd-user_647547
pd-user_569250
pd-user_2987386
pd-user_1503703
pd-user_8585905
pd-user_5015953
pd-user_6445837
pd-user_9174426
pd-user_4313180
pd-user_1624464
pd-user_9563551
pd-user_7522991
pd-user_8676862
pd-user_3450623
pd-user_8545764
pd-user_4614303
pd-user_2933718
pd-user_8278482
pd-user_4306080
pd-user_8093009
pd-user_6485514
pd-user_5294245
pd-user_2571689
pd-user_92241
pd-user_3638039
pd-user_7273015
pd-user_5492668
pd-user_2194546
pd-user_3578761
pd-user_8654412
pd-user_3610344
pd-user_1729265
pd-user_905137
pd-user_663766
pd-user_8345735
pd-user_2946821
pd-user_3739704
pd-user_4101857
pd-user_8261731
pd-user_6618135
pd-user_4685398
pd-user_4774238
pd-user_9524037
pd-user_8663243
pd-user_1613860
pd-user_9942294
pd-user_1524238
pd-user_4260123
pd-user_1695186
pd-user_5437710
pd-user_5762511
pd-user_1061561
pd-user_2758307
pd-user_4997793
pd-user_2876401
pd-user_270694
pd-user_3825669
pd-user_9753093
pd-user_1771396
pd-user_8579145
pd-user_6499422
pd-user_9047845
pd-user_5728518
pd-user_6169750
pd-user_8269760
pd-user_4280184
pd-user_1004779
pd-user_6333241
pd-user_6663960
pd-user_5311812
pd-user_2521034
pd-user_5448470
pd-user_3303606
pd-user_601952
pd-user_2476145
pd-user_8593697
pd-user_32964
pd-user_3125748
pd-user_6879331
pd-user_7795997
pd-user_2381733
pd-user_5358720
pd-user_2209233
pd-user_319572
pd-user_6573669
pd-user_3270412
pd-user_5059799
pd-user_9535852
pd-user_280350
pd-user_2350369
pd-user_2589732
pd-user_6187673
pd-user_8284321
pd-user_350873
pd-user_9634946
pd-user_3864956
pd-user_8492709
pd-user_8429825
pd-user_9578016
pd-user_7355669
pd-user_1816349
pd-user_609452
pd-user_1727410
pd-user_5814305
pd-user_6702314
pd-user_9774998
pd-user_4967611
pd-user_6173413
pd-user_7625701
pd-user_7693779
pd-user_4690086
pd-user_8214053
pd-user_2677153
pd-user_391667
pd-user_9941051
pd-user_7816000
pd-user_6341358
pd-user_4807425
pd-user_6968714
pd-user_9612837
pd-user_5473165
pd-user_7004134
pd-user_8956833
pd-user_432833
pd-user_6182760
pd-user_3754611
pd-user_1062552
pd-user_5942612
pd-user_7585672
pd-user_7025722
pd-user_7064124
pd-user_8393381
pd-user_6911146
pd-user_7341303
pd-user_279208
pd-user_8051172
pd-user_8215929
pd-user_789339
pd-user_6519470
pd-user_1670380
pd-user_9871429
pd-user_4005175
pd-user_4150631
pd-user_9446784
pd-user_1849079
pd-user_59545
pd-user_4657565
pd-user_2169441
pd-user_8789480
pd-user_2485445
pd-user_2105517
pd-user_4768173
pd-user_6417170
pd-user_9661312
pd-user_2074402
pd-user_9656879
pd-user_282437
pd-user_9504367
pd-user_4181770
pd-user_7658704
pd-user_5797796
pd-user_4484799
pd-user_3973146
pd-user_9325270
pd-user_8441459
pd-user_3733088
pd-user_5733783
pd-user_1716571
pd-user_7193438
pd-user_2781120
pd-user_281807
pd-user_804894
pd-user_5986700
pd-user_7030284
pd-user_3764334
pd-user_3453763
pd-user_696004
pd-user_1390690
pd-user_7513139
pd-user_5507149
pd-user_1459216
pd-user_539958
pd-user_7209630
pd-user_1226561
pd-user_10998
pd-user_6506695
pd-user_2701386
pd-user_4017331
pd-user_3936941
pd-user_5322171
pd-user_8798273
pd-user_1034309
pd-user_169210
pd-user_8009368
pd-user_9267401
pd-user_3365255
pd-user_6900187
pd-user_3261238
pd-user_3010225
pd-user_5622666
pd-user_563684
pd-user_5435787
pd-user_8675547
pd-user_9818554
pd-user_6593805
pd-user_8956103
pd-user_5073923
pd-user_478381
pd-user_2755045
pd-user_5901419
pd-user_2057643
pd-user_4413394
pd-user_1481936
pd-user_5493473
pd-user_7145961
pd-user_4245293
pd-user_3214278
pd-user_5065162
pd-user_1298111
pd-user_6108205
pd-user_8567284
pd-user_4095675
pd-user_1631236
pd-user_5770850
pd-user_3382193
pd-user_1981066
pd-user_2602116
pd-user_3878237
pd-user_7640970
pd-user_4556883
pd-user_9855076
pd-user_1147167
pd-user_2667088
pd-user_6351685
pd-user_220598
pd-user_5617074
pd-user_611520
pd-user_4490748
pd-user_833204
pd-user_1018302
pd-user_169609
pd-user_6932963
pd-user_3632541
pd-user_5350340
pd-user_3653881
pd-user_1871711
pd-user_387620
pd-user_521222
pd-user_82013
pd-user_3085162
pd-user_4988584
pd-user_2626414
pd-user_2819803
pd-user_7950434
pd-user_742645
pd-user_584315
pd-user_4527541
pd-user_4138780
pd-user_800946
pd-user_6509637
pd-user_6044927
pd-user_2748826
pd-user_5279827
pd-user_4530878
pd-user_9680275
pd-user_3133217
pd-user_1613747
pd-user_5384344
pd-user_4787158
pd-user_981311
pd-user_7399007
pd-user_1720699
pd-user_7983812
pd-user_7518710
pd-user_5058364
pd-user_1227758
pd-user_6052571
pd-user_9695209
pd-user_2838310
pd-user_7872950
pd-user_2591826
pd-user_1649151
pd-user_8180994
pd-user_6235291
pd-user_4771562
pd-user_6098462
pd-user_2628846
pd-user_8735237
pd-user_3956868
pd-user_6051612
pd-user_8613734
pd-user_4407554
pd-user_4185291
pd-user_7443582
pd-user_1386269
pd-user_3980292
pd-user_4736738
pd-user_1787314
pd-user_3103033
pd-user_8810065
pd-user_3913935
pd-user_8043772
pd-user_7984605
pd-user_2744021
pd-user_4563192
pd-user_5603313
pd-user_3676694
pd-user_9646344
pd-user_11901
pd-user_8157683
pd-user_4929481
pd-user_7319661
pd-user_3722095
pd-user_6575856
pd-user_5720083
pd-user_6507917
pd-user_134046
pd-user_9491114
pd-user_4262971
pd-user_9074371
pd-user_7227487
pd-user_6336954
pd-user_4695257
pd-user_1566086
pd-user_2088276
pd-user_4794193
pd-user_2994283
pd-user_3713441
pd-user_2732270
pd-user_8868355
pd-user_3022253
pd-user_6728419
pd-user_720375
pd-user_930597
pd-user_6766913
pd-user_1980154
pd-user_684536
pd-user_7187421
pd-user_7067733
pd-user_4259404
pd-user_3761560
pd-user_3623341
pd-user_101707
pd-user_2052114
pd-user_8560621
pd-user_5657971
pd-user_222344
pd-user_3189278
pd-user_258007
pd-user_8378975
pd-user_9231109
pd-user_7202166
pd-user_6924117
pd-user_680146
pd-user_7557734
pd-user_9335396
pd-user_9166488
pd-user_238084
pd-user_9345301
pd-user_8257625
pd-user_6846022
pd-user_4115354
pd-user_555197
pd-user_472778
pd-user_1956192
pd-user_2525012
pd-user_1678094
pd-user_5645779
pd-user_4239190
pd-user_4573856
pd-user_2286868
pd-user_919338
pd-user_2966646
pd-user_6074131
pd-user_7503138
pd-user_6176370
pd-user_3340780
pd-user_6779649
pd-user_103774
pd-user_7647470
pd-user_7196566
pd-user_3107222
pd-user_5358670
pd-user_8398637
pd-user_7032971
pd-user_6459223
pd-user_3797379
pd-user_8401944
pd-user_1876299
pd-user_4620080
pd-user_4737903
pd-user_4390955
pd-user_1715165
pd-user_6050120
pd-user_6380754
pd-user_5040131
pd-user_7641179
pd-user_7458515
pd-user_849808
pd-user_2370796
pd-user_3687024
pd-user_2176212
pd-user_2912367
pd-user_6777625
pd-user_7421414
pd-user_4626251
pd-user_336928
pd-user_1061735
pd-user_1298945
pd-user_5524794
pd-user_7693304
pd-user_4725413
pd-user_4418115
pd-user_699853
pd-user_4006547
pd-user_9458388
pd-user_8377175
pd-user_3067495
pd-user_7013474
pd-user_9071935
pd-user_8828985
pd-user_540456
pd-user_1509015
pd-user_9230625
pd-user_3155126
pd-user_4920568
pd-user_4005095
pd-user_1921607
pd-user_8022164
pd-user_7118843
pd-user_2295355
pd-user_2880785
pd-user_1328071
pd-user_8960542
pd-user_3931405
pd-user_2053569
pd-user_3911170
pd-user_7146490
pd-user_1038008
pd-user_738662
pd-user_7463618
pd-user_5672519
pd-user_1736719
pd-user_6467603
pd-user_3282665
pd-user_8958200
pd-user_8499634
pd-user_6250274
pd-user_9353326
pd-user_6647891
pd-user_9945404
pd-user_794264
pd-user_1162214
pd-user_6810192
pd-user_8731301
pd-user_2287614
pd-user_8664701
pd-user_9407422
pd-user_8932904
pd-user_2759194
pd-user_9829291
pd-user_2305207
pd-user_9241557
pd-user_1907933
pd-user_512192
pd-user_8819475
pd-user_2620016
pd-user_7275082
pd-user_7504175
pd-user_2003095
pd-user_1935134
pd-user_1247059
pd-user_871874
pd-user_9679065
pd-user_7904778
pd-user_9585645
pd-user_3225738
pd-user_9646162
pd-user_6961628
pd-user_7519804
pd-user_9232804
pd-user_101568
pd-user_6703749
pd-user_5780428
pd-user_2933060
pd-user_326112
pd-user_2814833
pd-user_3635373
pd-user_3097328
pd-user_4530680
pd-user_5809160
pd-user_472811
pd-user_2857386
pd-user_6471578
pd-user_2982733
pd-user_8670615
pd-user_5748346
pd-user_5774227
pd-user_7837265
pd-user_6570718
pd-user_3786883
pd-user_3595948
pd-user_5195701
pd-user_334396
pd-user_8444173
pd-user_1615939
pd-user_105608
pd-user_7807522
pd-user_6855709
pd-user_5038096
pd-user_2682413
pd-user_766204
pd-user_2149858
pd-user_4580621
pd-user_9947889
pd-user_231756
pd-user_3934289
pd-user_2574074
pd-user_2927485
pd-user_5061022
pd-user_3589223
pd-user_6575218
pd-user_3363181
pd-user_5156857
pd-user_4440804
pd-user_4834092
pd-user_5215065
pd-user_6557779
pd-user_6117115
pd-user_3912686
pd-user_1759787
pd-user_3014009
pd-user_8525347
pd-user_3725380
pd-user_3525858
pd-user_8809016
pd-user_5430477
pd-user_7057012
pd-user_5954850
pd-user_8014904
pd-user_2443868
pd-user_1195282
pd-user_6436625
pd-user_7322231
pd-user_6308336
pd-user_4542793
pd-user_8491350
pd-user_5443218
pd-user_6101440
pd-user_3761729
pd-user_6008548
pd-user_6549796
pd-user_1500110
pd-user_6060945
pd-user_8097227
pd-user_6496183
pd-user_5465382
pd-user_5881241
pd-user_5653846
pd-user_2638432
pd-user_1305550
pd-user_518902
pd-user_3946979
pd-user_4432017
pd-user_3493202
pd-user_882289
pd-user_5742088
pd-user_6546630
pd-user_7242388
pd-user_3932792
pd-user_1821218
pd-user_6002648
pd-user_9269175
pd-user_5494698
pd-user_707596
pd-user_6156976
pd-user_9413186
pd-user_5153577
pd-user_2084705
pd-user_174955
pd-user_1759867
pd-user_1889217
pd-user_357009
pd-user_4057147
pd-user_4325875
pd-user_9302085
pd-user_9685323
pd-user_715102
pd-user_1460754
pd-user_617674
pd-user_2641014
pd-user_6737114
pd-user_3270110
pd-user_3960027
pd-user_7635778
pd-user_6715173
pd-user_1451598
pd-user_2212941
pd-user_4653928
pd-user_5846069
pd-user_6550904
pd-user_5006392
pd-user_3122299
pd-user_9106379
pd-user_8975462
pd-user_9418550
pd-user_1885278
pd-user_4088666
pd-user_9913802
pd-user_5617810
pd-user_5299826
pd-user_137616
pd-user_7328929
pd-user_3977830
pd-user_6882066
pd-user_3618677
pd-user_2100668
pd-user_5348754
pd-user_5808366
pd-user_7469928
pd-user_662139
pd-user_7466210
pd-user_1602594
pd-user_3107361
pd-user_8024155
pd-user_8644052
pd-user_7639727
pd-user_2824693
pd-user_3019953
pd-user_2675856
pd-user_8259688
pd-user_8670172
pd-user_6105118
pd-user_2545152
pd-user_3157412
pd-user_8718821
pd-user_9929911
pd-user_397959
pd-user_3583757
pd-user_6839767
pd-user_4846587
pd-user_1093820
pd-user_5839032
pd-user_4751055
pd-user_3217331
pd-user_7016870
pd-user_8663330
pd-user_5383405
pd-user_7498475
pd-user_2244284
pd-user_5526429
pd-user_6433951
pd-user_2465633
pd-user_7774658
pd-user_4328239
pd-user_9657587
pd-user_4363764
pd-user_1745135
pd-user_7363881
pd-user_8081310
pd-user_4768608
pd-user_4714442
pd-user_6570673
pd-user_9816363
pd-user_5343459
pd-user_8376085
pd-user_8514245
pd-user_1142707
pd-user_6353658
pd-user_5207308
pd-user_4260972
pd-user_608946
pd-user_1613821
pd-user_852015
pd-user_93037
pd-user_1392295
pd-user_840497
pd-user_3325408
pd-user_8348766
pd-user_2928010
pd-user_6037334
pd-user_305207
pd-user_3597964
pd-user_73782
pd-user_770278
pd-user_7078597
pd-user_9447288
pd-user_7004725
pd-user_9754435
pd-user_7417110
pd-user_1112732
pd-user_5336912
pd-user_547018
pd-user_1352449
pd-user_6987815
pd-user_3976249
pd-user_8018904
pd-user_8796883
pd-user_5579810
pd-user_4091751
pd-user_9211251
pd-user_9342312
pd-user_9438574
pd-user_8596199
pd-user_1115400
pd-user_3792689
pd-user_2781085
pd-user_6846603
pd-user_1146293
pd-user_2245875
pd-user_5830563
pd-user_724330
pd-user_3084598
pd-user_5884348
pd-user_3860501
pd-user_7887215
pd-user_1696124
pd-user_5001215
pd-user_2172280
pd-user_8161477
pd-user_5865268
pd-user_5933965
pd-user_2072960
pd-user_3446502
pd-user_364688
pd-user_187863
pd-user_2420367
pd-user_1056144
pd-user_6271799
pd-user_4837597
pd-user_50109
pd-user_8769135
pd-user_9677308
pd-user_3449649
pd-user_2687229
pd-user_9591714
pd-user_2931314
pd-user_3221630
pd-user_8231386
pd-user_8363363
pd-user_3203407
pd-user_58895
pd-user_3976859
pd-user_8996527
pd-user_6634391
pd-user_6093968
pd-user_1545909
pd-user_3469737
pd-user_7151204
pd-user_9332802
pd-user_7696510
pd-user_3440072
pd-user_6047001
pd-user_8300713
pd-user_9441548
pd-user_7261695
pd-user_108573
pd-user_3620769
pd-user_4150371
pd-user_7078734
pd-user_9698907
pd-user_1722389
pd-user_3714791
pd-user_7691840
pd-user_7866688
pd-user_5761741
pd-user_1444893
pd-user_2482392
pd-user_3111596
pd-user_9247001
pd-user_8446814
pd-user_3837609
pd-user_5652032
pd-user_6996409
pd-user_6443155
pd-user_8433609
pd-user_1830820
pd-user_8869377
pd-user_3747290
pd-user_8329881
pd-user_8391085
pd-user_7772270
pd-user_5300380
pd-user_4181371
pd-user_5963743
pd-user_9332603
pd-user_5747655
pd-user_3392908
pd-user_7793894
pd-user_856017
pd-user_9501604
pd-user_293977
pd-user_4284168
pd-user_422006
pd-user_5023182
pd-user_428585
pd-user_456773
pd-user_7300627
pd-user_8880265
pd-user_3588278
pd-user_9105278
pd-user_5748301
pd-user_9163070
pd-user_136928
pd-user_9391195
pd-user_8909357
pd-user_6831420
pd-user_5422506
pd-user_74214
pd-user_7216360
pd-user_1532314
pd-user_7472164
pd-user_5723410
pd-user_4097367
pd-user_9349472
pd-user_1910960
pd-user_3712895
pd-user_1847337
pd-user_3746084
pd-user_9135558
pd-user_6717210
pd-user_1625797
pd-user_834185
pd-user_5201362
pd-user_5697153
pd-user_4557313
pd-user_991481
pd-user_4900806
pd-user_3061828
pd-user_614911
pd-user_2588685
pd-user_6802626
pd-user_5823400
pd-user_4386167
pd-user_5679479
pd-user_4027408
pd-user_2546347
pd-user_8718814
pd-user_2054146
pd-user_1569462
pd-user_7567587
pd-user_910762
pd-user_4233923
pd-user_8750413
pd-user_9026666
pd-user_6436342
pd-user_8738340
pd-user_5177501
pd-user_4067261
pd-user_9606958
pd-user_8872179
pd-user_775263
pd-user_6250873
pd-user_1525323
pd-user_1869880
pd-user_659389
pd-user_4318623
pd-user_9551117
pd-user_3668458
pd-user_2169520
pd-user_1723846
pd-user_3491310
pd-user_8882458
pd-user_6328848
pd-user_7772403
pd-user_6561227
pd-user_3261118
pd-user_8144542
pd-user_4376294
pd-user_3183018
pd-user_8424731
pd-user_9414777
pd-user_8153836
pd-user_4636102
pd-user_9329255
pd-user_671642
pd-user_9306478
pd-user_9507740
pd-user_5679910
pd-user_1297452
pd-user_6402618
pd-user_5898611
pd-user_2080592
pd-user_9522829
pd-user_8220270
pd-user_4457600
pd-user_8323320
pd-user_6512909
pd-user_762864
pd-user_1548048
pd-user_6156379
pd-user_6743758
pd-user_5257178
pd-user_5112536
pd-user_2935895
pd-user_2045727
pd-user_1154617
pd-user_2116683
pd-user_8117989
pd-user_2927606
pd-user_6533785
pd-user_7925942
pd-user_3400496
pd-user_8929251
pd-user_9327894
pd-user_6918222
pd-user_8984516
pd-user_505488
pd-user_5235476
pd-user_625601
pd-user_3175591
pd-user_7345351
pd-user_3306672
pd-user_4734001
pd-user_9502991
pd-user_8630215
pd-user_3344761
pd-user_9597420
pd-user_4557260
pd-user_1741759
pd-user_7492889
pd-user_5574525
pd-user_7425277
pd-user_161250
pd-user_6290581
pd-user_5905407
pd-user_2201692
pd-user_1127285
pd-user_1997819
pd-user_3287275
pd-user_5712630
pd-user_6632465
pd-user_6797733
pd-user_247614
pd-user_2554869
pd-user_2031935
pd-user_1007533
pd-user_8950991
pd-user_4753001
pd-user_2610011
pd-user_4853040
pd-user_4293448
pd-user_2447510
pd-user_2100707
pd-user_7070799
pd-user_5149042
pd-user_6739807
pd-user_8049908
pd-user_346271
pd-user_1865475
pd-user_8773159
pd-user_5331779
pd-user_838033
pd-user_1138141
pd-user_2445252
pd-user_7646033
pd-user_5656495
pd-user_1021904
pd-user_1228099
pd-user_1159821
pd-user_2831327
pd-user_3449470
pd-user_1444526
pd-user_5910251
pd-user_2580
pd-user_3770131
pd-user_5841277
pd-user_4307653
pd-user_6945601
pd-user_5479498
pd-user_9484500
pd-user_2386951
pd-user_8552286
pd-user_7892758
pd-user_1826992
pd-user_1716328
pd-user_6904496
pd-user_2811639
pd-user_7214795
pd-user_8959098
pd-user_3343617
pd-user_9365952
pd-user_964977
pd-user_1461806
pd-user_209776
pd-user_3748430
pd-user_106223
pd-user_9530330
pd-user_8450616
pd-user_7854784
pd-user_9865741
pd-user_5935543
pd-user_4972189
pd-user_4843175
pd-user_9829787
pd-user_938947
pd-user_8043340
pd-user_2344510
pd-user_1958666
pd-user_2403434
pd-user_6261931
pd-user_5120694
pd-user_9282310
pd-user_9504195
pd-user_9562969
pd-user_6087850
pd-user_6966422
pd-user_3306215
pd-user_9969207
pd-user_2952088
pd-user_4047366
pd-user_8769542
pd-user_1647232
pd-user_2776565
pd-user_8339161
pd-user_8876195
pd-user_5249261
pd-user_4298686
pd-user_4672535
pd-user_6979646
pd-user_4677887
pd-user_2497695
pd-user_4306690
pd-user_2681659
pd-user_1609049
pd-user_4365764
pd-user_7225076
pd-user_4671834
pd-user_5460177
pd-user_2535974
pd-user_294941
pd-user_4275138
pd-user_8002152
pd-user_4380530
pd-user_9387997
pd-user_8482240
pd-user_7118663
pd-user_7654726
pd-user_5790300
pd-user_4155184
pd-user_2928931
pd-user_9875297
pd-user_4831533
pd-user_8630743
pd-user_1012724
pd-user_3616503
pd-user_3952787
pd-user_2169745
pd-user_7302596
pd-user_1677019
pd-user_1113510
pd-user_5312327
pd-user_9510152
pd-user_4546419
pd-user_5031927
pd-user_1059041
pd-user_9017774
pd-user_5945492
pd-user_676544
pd-user_2281045
pd-user_3583704
pd-user_7203738
pd-user_5424191
pd-user_7113453
pd-user_7910825
pd-user_8558664
pd-user_1909266
pd-user_5561061
pd-user_3805927
pd-user_4842416
pd-user_1146708
pd-user_5244981
pd-user_7030102
pd-user_1513858
pd-user_3176284
pd-user_2921532
pd-user_9776897
pd-user_7811701
pd-user_1790063
pd-user_6166067
pd-user_8873687
pd-user_9247558
pd-user_8277436
pd-user_5093705
pd-user_1591144
pd-user_9300657
pd-user_187539
pd-user_6490004
pd-user_4206077
pd-user_423904
pd-user_3133217
pd-user_2730289
pd-user_6679301
pd-user_9657061
pd-user_6595763
pd-user_7458201
pd-user_3352332
pd-user_9041578
pd-user_8452691
pd-user_4255869
pd-user_4636155
pd-user_9040538
pd-user_6734820
pd-user_5780930
pd-user_4985100
pd-user_2573486
pd-user_8013244
pd-user_105023
pd-user_8869971
pd-user_1102989
pd-user_8251718
pd-user_6186418
pd-user_6945807
pd-user_1250804
pd-user_3905599
pd-user_8058008
pd-user_4358089
pd-user_181948
pd-user_8131106
pd-user_372604
pd-user_7772643
pd-user_6074705
pd-user_7834434
pd-user_9275751
pd-user_5813535
pd-user_6680569
pd-user_6764561
pd-user_5257262
pd-user_2303005
pd-user_2664756
pd-user_5147604
pd-user_4406989
pd-user_9211522
pd-user_2601943
pd-user_1502197
pd-user_6267722
pd-user_7800426
pd-user_139660
pd-user_4930460
pd-user_168868
pd-user_5452549
pd-user_448953
pd-user_2730753
pd-user_2391419
pd-user_5150774
pd-user_5590398
pd-user_6662350
pd-user_3428460
pd-user_7394763
pd-user_3123826
pd-user_9449828
pd-user_4364008
pd-user_4679752
pd-user_4134226
pd-user_611473
pd-user_4877169
pd-user_4153214
pd-user_2857581
pd-user_3876809
pd-user_7621924
pd-user_2587761
pd-user_6555979
pd-user_998250
pd-user_3222730
pd-user_7515178
pd-user_2662783
pd-user_6022631
pd-user_2300067
pd-user_5483841
pd-user_7054467
pd-user_3020306
pd-user_4626397
pd-user_3382369
pd-user_9906175
pd-user_5610535
pd-user_8865499
pd-user_4100338
pd-user_6414805
pd-user_317758
pd-user_1772031
pd-user_4732103
pd-user_2555036
pd-user_6569091
pd-user_5981809
pd-user_9432282
pd-user_5659697
pd-user_312273
pd-user_339236
pd-user_215260
pd-user_416306
pd-user_7502301
pd-user_2333430
pd-user_6600297
pd-user_3589129
pd-user_5267911
pd-user_5698240
pd-user_2630207
pd-user_511877
pd-user_7135335
pd-user_278971
pd-user_8473082
pd-user_5862656
pd-user_9781849
pd-user_5196719
pd-user_6954313
pd-user_3081515
pd-user_8644013
pd-user_5468557
pd-user_7778900
pd-user_7838922
pd-user_7644871
pd-user_7807269
pd-user_8431143
pd-user_523738
pd-user_4169442
pd-user_9325859
pd-user_7985163
pd-user_4947352
pd-user_4367987
pd-user_8947342
pd-user_7035808
pd-user_5603724
pd-user_3332911
pd-user_7096226
pd-user_8620892
pd-user_7972150
pd-user_3196002
pd-user_7615133
pd-user_8214441
pd-user_8339390
pd-user_2238429
pd-user_9659416
pd-user_3331421
pd-user_1014435
pd-user_8496837
pd-user_7730533
pd-user_290956
pd-user_8256936
pd-user_9612690
pd-user_3121952
pd-user_6997781
pd-user_2458542
pd-user_8891001
pd-user_1952145
pd-user_2617811
pd-user_2946091
pd-user_4833395
pd-user_2047456
pd-user_8612330
pd-user_2857006
pd-user_4711450
pd-user_3660247
pd-user_5670673
pd-user_8232225
pd-user_5510971
pd-user_1543056
pd-user_4821029
pd-user_7977618
pd-user_2398975
pd-user_3151168
pd-user_9393700
pd-user_6933454
pd-user_8209080
pd-user_9970354
pd-user_3460249
pd-user_1306413
pd-user_3761257
pd-user_6047665
pd-user_6855879
pd-user_8936856
pd-user_7702590
pd-user_2588573
pd-user_1683623
pd-user_8355903
pd-user_7737063
pd-user_980805
pd-user_9548118
pd-user_6561688
pd-user_8822189
pd-user_6294022
pd-user_4094808
pd-user_557266
pd-user_6918425
pd-user_1696014
pd-user_1594900
pd-user_4047833
pd-user_8051861
pd-user_9511664
pd-user_5579399
pd-user_4633863
pd-user_5064872
pd-user_2049996
pd-user_9900753
pd-user_3310373
pd-user_9850817
pd-user_8545482
pd-user_1772981
pd-user_6385631
pd-user_2515045
pd-user_3159687
pd-user_4682716
pd-user_9180497
pd-user_6138479
pd-user_5878116
pd-user_5926062
pd-user_3000277
pd-user_4707119
pd-user_9137349
pd-user_3126272
pd-user_5349634
pd-user_2568751
pd-user_6083560
pd-user_652994
pd-user_7448003
pd-user_5481012
pd-user_7299115
pd-user_7170236
pd-user_9255018
pd-user_2609184
pd-user_2599484
pd-user_7493301
pd-user_7426247
pd-user_4380063
pd-user_434302
pd-user_7944144
pd-user_2520180
pd-user_6605183
pd-user_1049397
pd-user_3101605
pd-user_3954855
pd-user_1814776
pd-user_1127016
pd-user_6614018
pd-user_941068
pd-user_1270282
pd-user_3717639
pd-user_8802413
pd-user_3807311
pd-user_1394533
pd-user_148385
pd-user_9592043
pd-user_3587850
pd-user_8894636
pd-user_4120237
pd-user_2924809
pd-user_4474913
pd-user_8651967
pd-user_45243
pd-user_7390062
pd-user_4616843
pd-user_8684658
pd-user_5175424
pd-user_4268491
pd-user_880013
pd-user_5390132
pd-user_7220054
pd-user_5105488
pd-user_3514231
pd-user_8560481
pd-user_6407953
pd-user_9757137
pd-user_643703
pd-user_7899836
pd-user_5221236
pd-user_2956757
pd-user_4217269
pd-user_8908685
pd-user_4996985
pd-user_6144357
pd-user_6796101
pd-user_2477808
pd-user_2223923
pd-user_5472607
pd-user_6288922
pd-user_173966
pd-user_5960440
pd-user_941575
pd-user_2198795
pd-user_2174701
pd-user_7283248
pd-user_6011873
pd-user_9676861
pd-user_7361292
pd-user_4583815
pd-user_5507177
pd-user_358807
pd-user_622412
pd-user_1639241
pd-user_1124362
pd-user_7067818
pd-user_650345
pd-user_8933311
pd-user_7213192
pd-user_8306502
pd-user_2515709
pd-user_9364564
pd-user_6067284
pd-user_7724517
pd-user_6771718
pd-user_3953432
pd-user_1393649
pd-user_8249991
pd-user_154181
pd-user_1537208
pd-user_6787874
pd-user_9230670
pd-user_27505
pd-user_94499
pd-user_9639694
pd-user_2281230
pd-user_9094902
pd-user_2949310
pd-user_8474522
pd-user_8564357
pd-user_553247
pd-user_6022106
pd-user_7159076
pd-user_4100823
pd-user_670455
pd-user_2692011
pd-user_7743114
pd-user_6236540
pd-user_3394482
pd-user_5252996
pd-user_4820822
pd-user_1480904
pd-user_8351929
pd-user_151078
pd-user_8772702
pd-user_9436780
pd-user_9530432
pd-user_2447089
pd-user_6168570
pd-user_1238517
pd-user_2166046
pd-user_2720494
pd-user_3417065
pd-user_8033988
pd-user_5574736
pd-user_5087238
pd-user_2678787
pd-user_8520245
pd-user_3108114
pd-user_1694755
pd-user_5652655
pd-user_5978281
pd-user_9289780
pd-user_274411
pd-user_990478
pd-user_8146845
pd-user_5422010
pd-user_2443009
pd-user_466404
pd-user_3156334
pd-user_7909062
pd-user_7832894
pd-user_8694414
pd-user_4560451
pd-user_8641551
pd-user_2959367
pd-user_2821270
pd-user_1396112
pd-user_8781681
pd-user_309227
pd-user_1290461
pd-user_6512442
pd-user_3930475
pd-user_6942851
pd-user_4904187
pd-user_2605930
pd-user_8726629
pd-user_9573256
pd-user_5611382
pd-user_7931360
pd-user_8223416
pd-user_1165005
pd-user_1437109
pd-user_254532
pd-user_9779752
pd-user_31055
pd-user_1984811
pd-user_8561070
pd-user_77271
pd-user_7114131
pd-user_5488567
pd-user_2162769
pd-user_6431117
pd-user_1733130
pd-user_9499818
pd-user_7623659
pd-user_1201027
pd-user_8582583
pd-user_3993850
pd-user_5475166
pd-user_433292
pd-user_7257531
pd-user_1469172
pd-user_5770506
pd-user_4534332
pd-user_9684313
pd-user_6925106
pd-user_1111694
pd-user_9992268
pd-user_4298506
pd-user_7056938
pd-user_7687298
pd-user_2564332
pd-user_2351041
pd-user_3568759
pd-user_5259089
pd-user_1011224
pd-user_2884761
pd-user_2852457
pd-user_5681690
pd-user_4291772
pd-user_2236625
pd-user_7034800
pd-user_7938737
pd-user_2564793
pd-user_5886553
pd-user_342000
pd-user_9688045
pd-user_1806129
pd-user_1728552
pd-user_1603627
pd-user_5671409
pd-user_8039511
pd-user_4479477
pd-user_6975654
pd-user_25799
pd-user_625540
pd-user_7878184
pd-user_4787805
pd-user_2368942
pd-user_1744854
pd-user_4989308
pd-user_8531489
pd-user_4218710
pd-user_3274484
pd-user_7210810
pd-user_6554946
pd-user_2597780
pd-user_8193870
pd-user_4742356
pd-user_172203
pd-user_9766088
pd-user_8876785
pd-user_3171435
pd-user_3249210
pd-user_6156453
pd-user_8334680
pd-user_8219900
pd-user_8358032
pd-user_1396530
pd-user_4073416
pd-user_7624015
pd-user_1296374
pd-user_6722158
pd-user_9461865
pd-user_7005341
pd-user_463162
pd-user_8001069
pd-user_3866839
pd-user_3170690
pd-user_383741
pd-user_4456492
pd-user_5777870
pd-user_7188275
pd-user_7783256
pd-user_8223141
pd-user_4658757
pd-user_6970692
pd-user_1484368
pd-user_9691954
pd-user_3534969
pd-user_2842005
pd-user_4044488
pd-user_9731117
pd-user_2376362
pd-user_1399950
pd-user_3242650
pd-user_4383275
pd-user_1414012
pd-user_706365
pd-user_984440
pd-user_1617454
pd-user_7853861
pd-user_6300221
pd-user_2814664
pd-user_2624759
pd-user_5312882
pd-user_937662
pd-user_1722871
pd-user_1475122
pd-user_5183414
pd-user_1008333
pd-user_4896110
pd-user_4011621
pd-user_3281400
pd-user_3370764
pd-user_7490176
pd-user_7834187
pd-user_8440201
pd-user_3763071
pd-user_5374661
pd-user_4317681
pd-user_8778412
pd-user_5387282
pd-user_4451155
pd-user_3102682
pd-user_3074666
pd-user_8286862
pd-user_4035524
pd-user_2433734
pd-user_6803883
pd-user_1942140
pd-user_869097
pd-user_7097556
pd-user_2452347
pd-user_2431740
pd-user_6989500
pd-user_6944447
pd-user_6701972
pd-user_8662359
pd-user_8666219
pd-user_5391153
pd-user_7946054
pd-user_5294366
pd-user_9541431
pd-user_7572355
pd-user_6757602
pd-user_5903693
pd-user_263709
pd-user_1387297
pd-user_9117294
pd-user_4458584
pd-user_4175439
pd-user_8934626
pd-user_8019801
pd-user_5282744
pd-user_2448438
pd-user_5954297
pd-user_9753729
pd-user_4319686
pd-user_9643929
pd-user_7784483
pd-user_2894060
pd-user_6385604
pd-user_2638578
pd-user_1585614
pd-user_2015926
pd-user_7810620
pd-user_6883834
pd-user_5385405
pd-user_8812070
pd-user_6607758
pd-user_812854
pd-user_6072905
pd-user_7800839
pd-user_313210
pd-user_6056494
pd-user_4465347
pd-user_8216786
pd-user_2384145
pd-user_3165289
pd-user_5406195
pd-user_55029
pd-user_1705613
pd-user_475371
pd-user_5453531
pd-user_9030062
pd-user_4244654
pd-user_6679112
pd-user_6137374
pd-user_442263
pd-user_6930397
pd-user_6954413
pd-user_4044542
pd-user_603298
pd-user_3613536
pd-user_9813707
pd-user_6626759
pd-user_8279752
pd-user_3055750
pd-user_3857876
pd-user_6114063
pd-user_4367961
pd-user_5728068
pd-user_5199521
pd-user_2777963
pd-user_3633339
pd-user_3481039
pd-user_3647716
pd-user_5132029
pd-user_2045487
pd-user_4736628
pd-user_8479519
pd-user_1628425
pd-user_9824802
pd-user_2230777
pd-user_2061939
pd-user_4363555
pd-user_3963843
pd-user_348839
pd-user_4515752
pd-user_8741895
pd-user_2228522
pd-user_3945126
pd-user_2238846
pd-user_360595
pd-user_9517259
pd-user_4027550
pd-user_6557639
pd-user_6620564
pd-user_3591725
pd-user_6605620
pd-user_5385711
pd-user_8089446
pd-user_3513880
pd-user_7901656
pd-user_4946667
pd-user_1410750
pd-user_5686010
pd-user_2900585
pd-user_7364009
pd-user_7868509
pd-user_2936545
pd-user_69730
pd-user_687828
pd-user_8481165
pd-user_3944624
pd-user_7060162
pd-user_9875150
pd-user_7665312
pd-user_3253197
pd-user_8767352
pd-user_1584019
pd-user_8849543
pd-user_4326157
pd-user_4000986
pd-user_2469542
pd-user_840131
pd-user_7735981
pd-user_2536619
pd-user_9842163
pd-user_8102792
pd-user_2155700
pd-user_3978984
pd-user_1431942
pd-user_3200556
pd-user_7548172
pd-user_3751199
pd-user_5427511
pd-user_750841
pd-user_6695688
pd-user_4912118
pd-user_8853344
pd-user_6557736
pd-user_1838468
pd-user_5911299
pd-user_8848802
pd-user_6362161
pd-user_9877739
pd-user_381802
pd-user_5954262
pd-user_5746439
pd-user_1660905
pd-user_64664
pd-user_3690717
pd-user_721948
pd-user_3000565
pd-user_3875610
pd-user_6592143
pd-user_5036482
pd-user_5762791
pd-user_4631031
pd-user_3226169
pd-user_2108177
pd-user_7232177
pd-user_9980438
pd-user_412690
pd-user_9548499
pd-user_961659
pd-user_374423
pd-user_755942
pd-user_1660218
pd-user_9791633
pd-user_7164352
pd-user_2583614
pd-user_5365951
pd-user_7027124
pd-user_364903
pd-user_2925749
pd-user_8115633
pd-user_2103820
pd-user_8656048
pd-user_1752910
pd-user_241006
pd-user_7136714
pd-user_937241
pd-user_1458115
pd-user_2179660
pd-user_2549465
pd-user_9023887
pd-user_8425412
pd-user_4491967
pd-user_4270954
pd-user_8595432
pd-user_540698
pd-user_845226
pd-user_4576849
pd-user_1947334
pd-user_4300440
pd-user_645191
pd-user_7060509
pd-user_8236342
pd-user_3037051
pd-user_599072
pd-user_6934271
pd-user_7218724
pd-user_9091099
pd-user_7014277
pd-user_9449217
pd-user_9153254
pd-user_8958402
pd-user_9136270
pd-user_4067994
pd-user_3474353
pd-user_9464709
pd-user_1765687
pd-user_6360902
pd-user_2465018
pd-user_196706
pd-user_5547594
pd-user_5938375
pd-user_2388436
pd-user_2800950
pd-user_4165884
pd-user_1284619
pd-user_7188987
pd-user_1016208
pd-user_5438226
pd-user_8682848
pd-user_3829760
pd-user_9083286
pd-user_6361756
pd-user_6560813
pd-user_2312112
pd-user_4989953
pd-user_637327
pd-user_194284
pd-user_2766311
pd-user_1637095
pd-user_1050471
pd-user_9759802
pd-user_3157010
pd-user_6319801
pd-user_3002489
pd-user_1777150
pd-user_7673216
pd-user_6279018
pd-user_619070
pd-user_7773742
pd-user_2388193
pd-user_6802668
pd-user_3290923
pd-user_3956436
pd-user_442256
pd-user_7959828
pd-user_5902965
pd-user_6340682
pd-user_1044582
pd-user_9508838
pd-user_374384
pd-user_2620297
pd-user_9254500
pd-user_4893484
pd-user_5987043
pd-user_5297029
pd-user_645264
pd-user_3083051
pd-user_8376070
pd-user_7240196
pd-user_8933817
pd-user_873215
pd-user_2911103
pd-user_8885256
pd-user_5958618
pd-user_5319539
pd-user_6692908
pd-user_8980120
pd-user_9994895
pd-user_8854458
pd-user_9859830
pd-user_7430519
pd-user_6548754
pd-user_2419336
pd-user_1152822
pd-user_7583111
pd-user_5292240
pd-user_443403
pd-user_4425019
pd-user_6751773
pd-user_5063937
pd-user_9641971
pd-user_4473143
pd-user_1651810
pd-user_4639850
pd-user_2126410
pd-user_6404233
pd-user_2898728
pd-user_9615141
pd-user_8243562
pd-user_6765600
pd-user_6829463
pd-user_220978
pd-user_640036
pd-user_2135794
pd-user_3486558
pd-user_862042
pd-user_284772
pd-user_1805757
pd-user_478135
pd-user_6032387
pd-user_5565387
pd-user_601782
pd-user_7849626
pd-user_8927975
pd-user_645102
pd-user_6646104
pd-user_7134322
pd-user_4440011
pd-user_6073285
pd-user_7218187
pd-user_1730341
pd-user_173734
pd-user_5723918
pd-user_4331162
pd-user_5887603
pd-user_4042860
pd-user_9441598
pd-user_3374592
pd-user_9250042
pd-user_1505621
pd-user_8771690
pd-user_9525469
pd-user_9005415
pd-user_3853620
pd-user_4252621
pd-user_6227612
pd-user_1456398
pd-user_9441846
pd-user_9350607
pd-user_8442913
pd-user_7865505
pd-user_9319141
pd-user_7900120
pd-user_6968629
pd-user_4479470
pd-user_7676897
pd-user_4136421
pd-user_8972610
pd-user_5904787
pd-user_7400817
pd-user_3307400
pd-user_5141891
pd-user_515516
pd-user_2524766
pd-user_8595052
pd-user_4712463
pd-user_3973784
pd-user_526121
pd-user_9076883
pd-user_9935738
pd-user_5365169
pd-user_852897
pd-user_5320477
pd-user_4961283
pd-user_7156826
pd-user_2763455
pd-user_4381522
pd-user_746805
pd-user_5664891
pd-user_4775402
pd-user_3302442
pd-user_8375397
pd-user_1040396
pd-user_3405031
pd-user_1051939
pd-user_4948649
pd-user_3383340
pd-user_9894428
pd-user_6057749
pd-user_5339414
pd-user_5447773
pd-user_4086837
pd-user_54683
pd-user_4344206
pd-user_3360333
pd-user_3537489
pd-user_3695768
pd-user_8273400
pd-user_4725173
pd-user_4702374
pd-user_7368675
pd-user_4843309
pd-user_8852041
pd-user_3135528
pd-user_4573514
pd-user_3044037
pd-user_9609728
pd-user_6933205
pd-user_7832917
pd-user_8687075
pd-user_1302287
pd-user_6644448
pd-user_1940433
pd-user_7111505
pd-user_4762177
pd-user_8713317
pd-user_5035965
pd-user_7395513
pd-user_9410567
pd-user_4229996
pd-user_7908983
pd-user_7201734
pd-user_191766
pd-user_7479980
pd-user_1642232
pd-user_1819092
pd-user_6047733
pd-user_9906968
pd-user_1268108
pd-user_8815617
pd-user_7521081
pd-user_6104960
pd-user_6549758
pd-user_5206063
pd-user_9507001
pd-user_5294025
pd-user_8147920
pd-user_9891321
pd-user_5748569
pd-user_537395
pd-user_4622919
pd-user_2288553
pd-user_3369634
pd-user_3221813
pd-user_9833712
pd-user_2840334
pd-user_8782644
pd-user_7344097
pd-user_6245319
pd-user_3419714
pd-user_720274
pd-user_8463270
pd-user_8593512
pd-user_5215477
pd-user_3534329
pd-user_5857610
pd-user_6782478
pd-user_5103756
pd-user_1633733
pd-user_5656936
pd-user_3937317
pd-user_2601712
pd-user_1759124
pd-user_8605712
pd-user_5460656
pd-user_8991791
pd-user_4136725
pd-user_6558574
pd-user_1552723
pd-user_7165161
pd-user_5546859
pd-user_8025366
pd-user_3152495
pd-user_4299304
pd-user_2758500
pd-user_6430321
pd-user_3872137
pd-user_2319020
pd-user_8758002
pd-user_2834921
pd-user_5123426
pd-user_4466059
pd-user_3746276
pd-user_9058402
pd-user_3030850
pd-user_3710563
pd-user_7036544
pd-user_9429619
pd-user_1651182
pd-user_6261629
pd-user_462780
pd-user_5324027
pd-user_8966220
pd-user_4778887
pd-user_1439437
pd-user_924104
pd-user_1710511
pd-user_9337298
pd-user_6848211
pd-user_1208383
pd-user_6516464
pd-user_5193766
pd-user_7355443
pd-user_4821741
pd-user_182466
pd-user_2402452
pd-user_4890537
pd-user_1315056
pd-user_443250
pd-user_2090365
pd-user_3466691
pd-user_2596342
pd-user_2500884
pd-user_7501227
pd-user_6695395
pd-user_1991511
pd-user_1129789
pd-user_590355
pd-user_3372532
pd-user_4868595
pd-user_7360973
pd-user_5692292
pd-user_370508
pd-user_6920465
pd-user_1028418
pd-user_9894565
pd-user_7971367
pd-user_649501
pd-user_3182498
pd-user_1645674
pd-user_1257675
pd-user_2285397
pd-user_2912139
pd-user_9042981
pd-user_4171900
pd-user_7954428
pd-user_8286753
pd-user_3379580
pd-user_7772224
pd-user_1136071
pd-user_6795171
pd-user_9650743
pd-user_155777
pd-user_2827242
pd-user_927915
pd-user_1217785
pd-user_5881058
pd-user_372351
pd-user_6800380
pd-user_5140263
pd-user_870595
pd-user_7280278
pd-user_2452788
pd-user_823799
pd-user_6658877
pd-user_2596817
pd-user_7023196
pd-user_7206690
pd-user_1041046
pd-user_7326115
pd-user_1111294
pd-user_6409614
pd-user_3710895
pd-user_9527606
pd-user_9955296
pd-user_4781314
pd-user_1422225
pd-user_9918270
pd-user_344562
pd-user_5870494
pd-user_7372357
pd-user_5905629
pd-user_5662230
pd-user_4429151
pd-user_5310050
pd-user_9616526
pd-user_2147879
pd-user_1397431
pd-user_1813586
pd-user_6337899
pd-user_8713028
pd-user_4450704
pd-user_4371079
pd-user_4620522
pd-user_2288683
pd-user_6520528
pd-user_4661211
pd-user_5892997
pd-user_7658103
pd-user_8851007
pd-user_2737454
pd-user_9248671
pd-user_9511300
pd-user_3890401
pd-user_6041327
pd-user_6654779
pd-user_4008228
pd-user_1194647
pd-user_4562869
pd-user_9553167
pd-user_9144761
pd-user_5484775
pd-user_2015533
pd-user_9585497
pd-user_9915818
pd-user_1809737
pd-user_7497607
pd-user_5553708
pd-user_9169113
pd-user_2541016
pd-user_56974
pd-user_4870797
pd-user_6094041
pd-user_4638289
pd-user_5182534
pd-user_4113298
pd-user_6342826
pd-user_3473735
pd-user_9274386
pd-user_3017925
pd-user_7057334
pd-user_1894317
pd-user_1563323
pd-user_4657873
pd-user_1351465
pd-user_8338491
pd-user_5846205
pd-user_4063743
pd-user_3257955
pd-user_1768859
pd-user_1312003
pd-user_8654138
pd-user_1074864
pd-user_6051771
pd-user_9053847
pd-user_3767318
pd-user_9421517
pd-user_4457210
pd-user_5318324
pd-user_4194063
pd-user_2996855
pd-user_7935142
pd-user_9557624
pd-user_4737346
pd-user_3165214
pd-user_2634329
pd-user_253367
pd-user_8457310
pd-user_9889824
pd-user_1101066
pd-user_1135736
pd-user_6212939
pd-user_2613954
pd-user_195803
pd-user_7139244
pd-user_6223506
pd-user_830743
pd-user_3020688
pd-user_9915870
pd-user_3919808
pd-user_9638141
pd-user_6927448
pd-user_3869235
pd-user_3512531
pd-user_4276202
pd-user_8734208
pd-user_1609209
pd-user_1081457
pd-user_2154755
pd-user_9914861
pd-user_2536880
pd-user_1781554
pd-user_3757328
pd-user_9186223
pd-user_8192708
pd-user_6640101
pd-user_3664286
pd-user_1630589
pd-user_3273935
pd-user_9840829
pd-user_4164175
pd-user_4454005
pd-user_759016
pd-user_2444532
pd-user_3006942
pd-user_9467193
pd-user_6048384
pd-user_1917589
pd-user_4898646
pd-user_5838485
pd-user_911857
pd-user_2652546
pd-user_3494028
pd-user_48907
pd-user_8836805
pd-user_7682134
pd-user_223641
pd-user_2876637
pd-user_1603754
pd-user_852514
pd-user_9879948
pd-user_8152153
pd-user_4123461
pd-user_2119178
pd-user_8591712
pd-user_8883657
pd-user_8937597
pd-user_9456577
pd-user_9579400
pd-user_9866722
pd-user_784680
pd-user_7738582
pd-user_3377606
pd-user_6412883
pd-user_7941414
pd-user_3960619
pd-user_9741305
pd-user_5507808
pd-user_3733637
pd-user_9498639
pd-user_5629947
pd-user_886652
pd-user_5119388
pd-user_9996747
pd-user_9031222
pd-user_1443584
pd-user_4366748
pd-user_7763585
pd-user_784544
pd-user_8130915
pd-user_543192
pd-user_3775712
pd-user_9122053
pd-user_5422866
pd-user_6255556
pd-user_3768515
pd-user_8166194
pd-user_299632
pd-user_8184917
pd-user_8315898
pd-user_8636682
pd-user_935947
pd-user_2300445
pd-user_77899
pd-user_8803264
pd-user_8229653
pd-user_2093976
pd-user_7669225
pd-user_3897097
pd-user_3765301
pd-user_9853403
pd-user_4926739
pd-user_378576
pd-user_984685
pd-user_9819518
pd-user_26741
pd-user_9772484
pd-user_1111234
pd-user_54722
pd-user_2958845
pd-user_2263406
pd-user_8832094
pd-user_2469571
pd-user_6126495
pd-user_3943855
pd-user_7525069
pd-user_5522346
pd-user_503100
pd-user_3678058
pd-user_6530870
pd-user_6574033
pd-user_6570122
pd-user_2022841
pd-user_1126359
pd-user_1874835
pd-user_3079371
pd-user_1337774
pd-user_494068
pd-user_4759141
pd-user_962766
pd-user_6203321
pd-user_2645542
pd-user_5243882
pd-user_4155217
pd-user_3338178
pd-user_5690205
pd-user_9318931
pd-user_9170232
pd-user_5931377
pd-user_2725561
pd-user_8088170
pd-user_6304389
pd-user_2341002
pd-user_794389
pd-user_1510603
pd-user_8739538
pd-user_7077746
pd-user_9310856
pd-user_4101185
pd-user_9721519
pd-user_468019
pd-user_7786568
pd-user_1535646
pd-user_1702182
pd-user_8157934
pd-user_4852847
pd-user_6324966
pd-user_9645509
pd-user_2099543
pd-user_659459
pd-user_6011856
pd-user_8532998
pd-user_3796502
pd-user_4384849
pd-user_2869698
pd-user_8519145
pd-user_3175691
pd-user_9668001
pd-user_9192800
pd-user_5021905
pd-user_3185214
pd-user_4031927
pd-user_6065682
pd-user_5775084
pd-user_7131216
pd-user_8322012
pd-user_8734671
pd-user_4656949
pd-user_4457898
pd-user_6987134
pd-user_6459591
pd-user_9411130
pd-user_6546053
pd-user_8902182
pd-user_37055
pd-user_5866029
pd-user_4368788
pd-user_5296599
pd-user_6495111
pd-user_2620836
pd-user_4987893
pd-user_9633552
pd-user_4942810
pd-user_8727867
pd-user_4656856
pd-user_5860475
pd-user_5379623
pd-user_6638148
pd-user_8854615
pd-user_6977773
pd-user_5352460
pd-user_66369
pd-user_4465142
pd-user_3474792
pd-user_1080294
pd-user_6971202
pd-user_1444876
pd-user_6436891
pd-user_2258169
pd-user_195772
pd-user_4165300
pd-user_1898254
pd-user_9547389
pd-user_3722229
pd-user_399102
pd-user_5902433
pd-user_3690894
pd-user_7107748
pd-user_5454633
pd-user_4390951
pd-user_9861804
pd-user_4307955
pd-user_5040088
pd-user_7150589
pd-user_8364406
pd-user_2404501
pd-user_1598789
pd-user_6891346
pd-user_3298601
pd-user_2282271
pd-user_5255796
pd-user_511226
pd-user_2057023
pd-user_3764663
pd-user_5991400
pd-user_5604914
pd-user_8101598
pd-user_9062414
pd-user_1204279
pd-user_9609736
pd-user_1930554
pd-user_596311
pd-user_6430806
pd-user_5410387
pd-user_9007862
pd-user_5695103
pd-user_8830329
pd-user_6759157
pd-user_7867557
pd-user_9332172
pd-user_9568836
pd-user_206337
pd-user_3366013
pd-user_1096815
pd-user_8563339
pd-user_6471430
pd-user_7675703
pd-user_9153367
pd-user_2495066
pd-user_6875539
pd-user_6982363
pd-user_2946480
pd-user_7703509
pd-user_1385017
pd-user_2547340
pd-user_8539185
pd-user_5607043
pd-user_261160
pd-user_2031093
pd-user_8384744
pd-user_3139167
pd-user_7881774
pd-user_7063273
pd-user_8516467
pd-user_9377714
pd-user_1142478
pd-user_1402908
pd-user_3823965
pd-user_1189867
pd-user_9717944
pd-user_778222
pd-user_4017151
pd-user_301912
pd-user_7530480
pd-user_6492000
pd-user_6859252
pd-user_7900500
pd-user_479458
pd-user_466716
pd-user_6846105
pd-user_8694872
pd-user_3725942
pd-user_2612021
pd-user_7059706
pd-user_7945949
pd-user_693292
pd-user_9223955
pd-user_6400925
pd-user_3942090
pd-user_3496718
pd-user_9045291
pd-user_7468502
pd-user_99322
pd-user_6761194
pd-user_5523695
pd-user_2319801
pd-user_2669150
pd-user_9131731
pd-user_9782309
pd-user_2672296
pd-user_7884127
pd-user_6259732
pd-user_3097706
pd-user_477491
pd-user_5673266
pd-user_5501546
pd-user_8140035
pd-user_6584209
pd-user_3173990
pd-user_6625579
pd-user_6762917
pd-user_2116014
pd-user_7631715
pd-user_1769979
pd-user_3550183
pd-user_7695215
pd-user_3753993
pd-user_8647840
pd-user_8724317
pd-user_8898809
pd-user_2068995
pd-user_9393110
pd-user_1116600
pd-user_2869261
pd-user_934060
pd-user_9658305
pd-user_9098234
pd-user_2872350
pd-user_8892537
pd-user_7942203
pd-user_5313390
pd-user_417895
pd-user_6339534
pd-user_5073424
pd-user_8857950
pd-user_1396034
pd-user_4634626
pd-user_5993054
pd-user_7616811
pd-user_4972109
pd-user_1044044
pd-user_7092438
pd-user_8971054
pd-user_6025303
pd-user_9401219
pd-user_3154335
pd-user_3444608
pd-user_3181423
pd-user_599023
pd-user_3413228
pd-user_1103719
pd-user_8690768
pd-user_2301471
pd-user_3573102
pd-user_3291943
pd-user_3286192
pd-user_6139814
pd-user_9068445
pd-user_8825805
pd-user_5587990
pd-user_6660626
pd-user_704335
pd-user_652332
pd-user_7575100
pd-user_5195948
pd-user_5412244
pd-user_7660039
pd-user_1752564
pd-user_7580093
pd-user_6550038
pd-user_9817114
pd-user_1109808
pd-user_5736539
pd-user_5581398
pd-user_1101599
pd-user_8504111
pd-user_3619391
pd-user_4393264
pd-user_4971310
pd-user_3615761
pd-user_8963283
pd-user_385372
pd-user_3637022
pd-user_5644768
pd-user_3888852
pd-user_568731
pd-user_1796113
pd-user_308571
pd-user_3216466
pd-user_4692428
pd-user_4287223
pd-user_3649707
pd-user_1290313
pd-user_6672993
pd-user_1652539
pd-user_1727734
pd-user_7611751
pd-user_3217277
pd-user_1245843
pd-user_6535977
pd-user_7147699
pd-user_4023888
pd-user_1461618
pd-user_3777396
pd-user_5734652
pd-user_8421139
pd-user_6085838
pd-user_3104526
pd-user_5746754
pd-user_3895514
pd-user_3262776
pd-user_8908837
pd-user_2440225
pd-user_2409718
pd-user_9356238
pd-user_5014668
pd-user_3338031
pd-user_8357134
pd-user_2266158
pd-user_6077634
pd-user_1877127
pd-user_8940752
pd-user_9489003
pd-user_6833681
pd-user_1322817
pd-user_7958660
pd-user_463519
pd-user_1351709
pd-user_8846276
pd-user_9324604
pd-user_4856064
pd-user_3336686
pd-user_7997616
pd-user_9689332
pd-user_8758522
pd-user_1955109
pd-user_7384226
pd-user_8910626
pd-user_4478472
pd-user_2318374
pd-user_3817896
pd-user_8196772
pd-user_1799934
pd-user_5091907
pd-user_5760828
pd-user_4457755
pd-user_9746227
pd-user_5180247
pd-user_1227300
pd-user_5157295
pd-user_7935174
pd-user_8701048
pd-user_7423405
pd-user_3304427
pd-user_9991151
pd-user_7470515
pd-user_3553433
pd-user_2254322
pd-user_7075374
pd-user_2970813
pd-user_1372515
pd-user_9833840
pd-user_213996
pd-user_3429938
pd-user_9805131
pd-user_2027111
pd-user_2441426
pd-user_7314312
pd-user_6017417
pd-user_3121154
pd-user_2015648
pd-user_8106231
pd-user_5737193
pd-user_1007562
pd-user_5885438
pd-user_7787560
pd-user_6506709
pd-user_2881779
pd-user_9320393
pd-user_8367563
pd-user_604788
pd-user_9070446
pd-user_1269550
pd-user_3731805
pd-user_8979827
pd-user_3241588
pd-user_7884149
pd-user_8747636
pd-user_1505083
pd-user_4724340
pd-user_2712462
pd-user_9485715
pd-user_840614
pd-user_3758942
pd-user_6166648
pd-user_8706518
pd-user_7331355
pd-user_4433880
pd-user_3064883
pd-user_2714583
pd-user_9627314
pd-user_8915735
pd-user_6918013
pd-user_8394962
pd-user_3524862
pd-user_8307250
pd-user_3343935
pd-user_1271553
pd-user_7148389
pd-user_2696822
pd-user_9789627
pd-user_8409435
pd-user_1677189
pd-user_9888436
pd-user_9006220
pd-user_3814312
pd-user_4912929
pd-user_2924519
pd-user_8865261
pd-user_6818378
pd-user_7471637
pd-user_9758337
pd-user_9102803
pd-user_4878414
pd-user_1196212
pd-user_5080507
pd-user_4675142
pd-user_6123702
pd-user_4180966
pd-user_7461280
pd-user_2514966
pd-user_8785750
pd-user_2894034
pd-user_5514522
pd-user_2771776
pd-user_2101194
pd-user_4185993
pd-user_5503586
pd-user_5242045
pd-user_6210444
pd-user_7117377
pd-user_1596291
pd-user_6014962
pd-user_8449672
pd-user_3844387
pd-user_1140961
pd-user_5747226
pd-user_712589
pd-user_2592835
pd-user_1095713
pd-user_7315277
pd-user_7450260
pd-user_8759408
pd-user_3688258
pd-user_306979
pd-user_7762990
pd-user_8210958
pd-user_8220159
pd-user_4926537
pd-user_4944027
pd-user_2513637
pd-user_2255437
pd-user_1772407
pd-user_1607811
pd-user_3938113
pd-user_5082561
pd-user_7118890
pd-user_4627961
pd-user_5880062
pd-user_5972607
pd-user_55464
pd-user_6715950
pd-user_5642164
pd-user_8030479
pd-user_6580994
pd-user_9133379
pd-user_3428379
pd-user_4767925
pd-user_705022
pd-user_3988389
pd-user_9390363
pd-user_9416345
pd-user_788281
pd-user_379429
pd-user_3979165
pd-user_782678
pd-user_6480476
pd-user_2246749
pd-user_8623608
pd-user_2927314
pd-user_2318152
pd-user_1444332
pd-user_5721293
pd-user_2770330
pd-user_3715971
pd-user_7607983
pd-user_1393060
pd-user_5571814
pd-user_7397477
pd-user_9375454
pd-user_7158215
pd-user_4842521
pd-user_3943913
pd-user_2251319
pd-user_6074320
pd-user_94571
pd-user_3739931
pd-user_3674281
pd-user_2397224
pd-user_3694244
pd-user_2505076
pd-user_628713
pd-user_138687
pd-user_7054406
pd-user_4771916
pd-user_1856208
pd-user_7767289
pd-user_1212018
pd-user_1949114
pd-user_762292
pd-user_9629039
pd-user_9885209
pd-user_4617448
pd-user_4649606
pd-user_2098521
pd-user_9851991
pd-user_415771
pd-user_3006836
pd-user_3263110
pd-user_8610988
pd-user_61900
pd-user_3287612
pd-user_7713334
pd-user_7577500
pd-user_9964125
pd-user_4345872
pd-user_5683502
pd-user_2311181
pd-user_5803634
pd-user_3785673
pd-user_401078
pd-user_7719172
pd-user_2507338
pd-user_5665135
pd-user_3913279
pd-user_5436524
pd-user_2361540
pd-user_3632373
pd-user_6456115
pd-user_1712923
pd-user_9933520
pd-user_1908763
pd-user_8062601
pd-user_1803267
pd-user_8786556
pd-user_4668236
pd-user_6000622
pd-user_3123400
pd-user_3205217
pd-user_3605463
pd-user_8149318
pd-user_2174000
pd-user_1513782
pd-user_3199870
pd-user_3346452
pd-user_8304675
pd-user_224885
pd-user_2970375
pd-user_5533745
pd-user_9261019
pd-user_6940352
pd-user_1730823
pd-user_1580785
pd-user_6724251
pd-user_1855035
pd-user_5492866
pd-user_9190168
pd-user_9500077
pd-user_1041804
pd-user_5756037
pd-user_4889524
pd-user_9876754
pd-user_7388354
pd-user_7995112
pd-user_9486951
pd-user_2900170
pd-user_2725144
pd-user_8634039
pd-user_4184632
pd-user_5930562
pd-user_1385657
pd-user_1558382
pd-user_3294224
pd-user_6908005
pd-user_9643829
pd-user_9040698
pd-user_9327291
pd-user_4395187
pd-user_3125765
pd-user_1432092
pd-user_4135921
pd-user_5525548
pd-user_8122540
pd-user_3880226
pd-user_8479411
pd-user_6032738
pd-user_5037807
pd-user_7572666
pd-user_8246360
pd-user_5466122
pd-user_9849732
pd-user_4472758
pd-user_1872109
pd-user_5058354
pd-user_8253212
pd-user_7577449
pd-user_5085385
pd-user_5058676
pd-user_6779425
pd-user_5483412
pd-user_6174996
pd-user_5651518
pd-user_7531724
pd-user_3408718
pd-user_2650459
pd-user_977727
pd-user_521992
pd-user_2211717
pd-user_3238012
pd-user_5345883
pd-user_3507524
pd-user_3252111
pd-user_187113
pd-user_4483758
pd-user_6239387
pd-user_16357
pd-user_8936478
pd-user_1720597
pd-user_1557697
pd-user_3074662
pd-user_4852215
pd-user_5977158
pd-user_664154
pd-user_4642955
pd-user_3958730
pd-user_1396322
pd-user_1613288
pd-user_8445536
pd-user_3649470
pd-user_3924612
pd-user_6919624
pd-user_8979100
pd-user_2868853
pd-user_4199310
pd-user_6698262
pd-user_9375762
pd-user_1388969
pd-user_4017020
pd-user_7619954
pd-user_5642365
pd-user_357186
pd-user_8217480
pd-user_1908191
pd-user_4271273
pd-user_9050198
pd-user_5675530
pd-user_1431836
pd-user_919977
pd-user_4169827
pd-user_9329390
pd-user_6473946
pd-user_5483107
pd-user_3715923
pd-user_2582847
pd-user_2390917
pd-user_961835
pd-user_8451681
pd-user_3591245
pd-user_5832172
pd-user_4492097
pd-user_1108860
pd-user_3599636
pd-user_2942106
pd-user_2826176
pd-user_2385182
pd-user_7377488
pd-user_3411722
pd-user_5479938
pd-user_4629216
pd-user_1403358
pd-user_8463024
pd-user_3851846
pd-user_6472508
pd-user_104022
pd-user_5002223
pd-user_2324570
pd-user_7230590
pd-user_6992216
pd-user_6766846
pd-user_5664719
pd-user_3583636
pd-user_1113717
pd-user_6176248
pd-user_4800106
pd-user_4344539
pd-user_9172540
pd-user_4996971
pd-user_2558102
pd-user_5187691
pd-user_61140
pd-user_3801518
pd-user_8761336
pd-user_9311075
pd-user_1827668
pd-user_7306608
pd-user_105963
pd-user_5198700
pd-user_3852728
pd-user_1553490
pd-user_8517201
pd-user_4136031
pd-user_1276504
pd-user_5998820
pd-user_4676516
pd-user_7619147
pd-user_7917020
pd-user_9805594
pd-user_2316050
pd-user_189742
pd-user_3342446
pd-user_6285295
pd-user_3909845
pd-user_7496360
pd-user_2672189
pd-user_8508196
pd-user_7835584
pd-user_3677503
pd-user_7445299
pd-user_7113000
pd-user_7183545
pd-user_845775
pd-user_9842001
pd-user_1088941
pd-user_1697697
pd-user_7225438
pd-user_260812
pd-user_5539883
pd-user_3091572
pd-user_8678139
pd-user_8836116
pd-user_7741496
pd-user_9450434
pd-user_6709645
pd-user_3010725
pd-user_6897437
pd-user_6710756
pd-user_1574661
pd-user_9563555
pd-user_5136699
pd-user_841904
pd-user_575195
pd-user_103139
pd-user_4448583
pd-user_282803
pd-user_5519054
pd-user_4249959
pd-user_3550496
pd-user_4799586
pd-user_7166467
pd-user_4223915
pd-user_3873128
pd-user_687578
pd-user_4108704
pd-user_3654154
pd-user_8123195
pd-user_5923619
pd-user_4936555
pd-user_6814179
pd-user_494831
pd-user_6921206
pd-user_9699117
pd-user_5014486
pd-user_7173344
pd-user_1272904
pd-user_5903485
pd-user_7299428
pd-user_7713137
pd-user_3904621
pd-user_45038
pd-user_5436664
pd-user_383351
pd-user_4005696
pd-user_2836961
pd-user_447492
pd-user_2058126
pd-user_4660182
pd-user_634402
pd-user_2241253
pd-user_6968697
pd-user_2884884
pd-user_4363425
pd-user_601420
pd-user_9757271
pd-user_9136909
pd-user_9134183
pd-user_9484668
pd-user_51916
pd-user_6600520
pd-user_5817805
pd-user_6203474
pd-user_3840331
pd-user_7157541
pd-user_4768860
pd-user_9941593
pd-user_4729801
pd-user_2334266
pd-user_1468835
pd-user_8562249
pd-user_3933134
pd-user_232334
pd-user_4465532
pd-user_1794567
pd-user_4503503
pd-user_9854780
pd-user_5805418
pd-user_9234128
pd-user_1257496
pd-user_669708
pd-user_3387513
pd-user_3359347
pd-user_3629158
pd-user_4661525
pd-user_8322622
pd-user_2055638
pd-user_8656898
pd-user_6635771
pd-user_8313486
pd-user_4365795
pd-user_8147473
pd-user_9913376
pd-user_3912021
pd-user_3830939
pd-user_7884424
pd-user_7358617
pd-user_2153242
pd-user_965914
pd-user_3868864
pd-user_4427518
pd-user_2498539
pd-user_9389947
pd-user_6742021
pd-user_3293709
pd-user_9533266
pd-user_8451570
pd-user_7878121
pd-user_4111565
pd-user_7702763
pd-user_4694081
pd-user_3025279
pd-user_453517
pd-user_7952068
pd-user_5771569
pd-user_2377902
pd-user_9150657
pd-user_4571479
pd-user_8143448
pd-user_2545654
pd-user_2000050
pd-user_2251137
pd-user_5430895
pd-user_7149584
pd-user_5355057
pd-user_2238998
pd-user_6251167
pd-user_4488680
pd-user_9644037
pd-user_1196090
pd-user_499976
pd-user_3675554
pd-user_7233614
pd-user_2262077
pd-user_1806977
pd-user_3710306
pd-user_1344892
pd-user_8195299
pd-user_9000925
pd-user_62166
pd-user_4963719
pd-user_1171591
pd-user_6120586
pd-user_174252
pd-user_3542082
pd-user_6908428
pd-user_3494363
pd-user_1397866
pd-user_9148779
pd-user_8044787
pd-user_4129785
pd-user_5912791
pd-user_7704583
pd-user_837448
pd-user_9490870
pd-user_4469404
pd-user_4354265
pd-user_491046
pd-user_6400005
pd-user_1394243
pd-user_9359531
pd-user_6373980
pd-user_5860399
pd-user_6551827
pd-user_3361913
pd-user_1834057
pd-user_3226963
pd-user_4659591
pd-user_3612136
pd-user_8528520
pd-user_4835689
pd-user_884016
pd-user_3941079
pd-user_9262255
pd-user_1958582
pd-user_237045
pd-user_6627792
pd-user_1068087
pd-user_414952
pd-user_2563963
pd-user_7564344
pd-user_9050139
pd-user_337632
pd-user_532358
pd-user_2850700
pd-user_7946203
pd-user_4059903
pd-user_8754498
pd-user_4479107
pd-user_4889255
pd-user_3866017
pd-user_7374469
pd-user_7615537
pd-user_9712215
pd-user_9682707
pd-user_2432965
pd-user_3464763
pd-user_3372814
pd-user_4821156
pd-user_721818
pd-user_2740609
pd-user_52255
pd-user_8342187
pd-user_1997114
pd-user_3026717
pd-user_2042539
pd-user_7270697
pd-user_4705532
pd-user_792648
pd-user_3125185
pd-user_5446741
pd-user_6767102
pd-user_785244
pd-user_7883842
pd-user_8879458
pd-user_3934588
pd-user_3119692
pd-user_5146541
pd-user_3093099
pd-user_2443137
pd-user_3070209
pd-user_396553
pd-user_6723492
pd-user_1962585
pd-user_3545591
pd-user_726623
pd-user_3688286
pd-user_7306305
pd-user_5241156
pd-user_1987476
pd-user_4765012
pd-user_1995135
pd-user_2504512
pd-user_858266
pd-user_9294451
pd-user_2518459
pd-user_4691872
pd-user_3304232
pd-user_823624
pd-user_6135633
pd-user_4814970
pd-user_8831046
pd-user_7536110
pd-user_3396392
pd-user_2808475
pd-user_1474823
pd-user_3348391
pd-user_9278010
pd-user_9132610
pd-user_2876364
pd-user_3720279
pd-user_4600647
pd-user_5524418
pd-user_1438195
pd-user_3187948
pd-user_5082869
pd-user_5451392
pd-user_5688452
pd-user_4127478
pd-user_3757637
pd-user_9479689
pd-user_6529653
pd-user_8710506
pd-user_9659336
pd-user_1026043
pd-user_3206648
pd-user_3180920
pd-user_1175533
pd-user_5820144
pd-user_9936375
pd-user_6543886
pd-user_7102612
pd-user_4982045
pd-user_9180852
pd-user_4621225
pd-user_9749329
pd-user_3098765
pd-user_184401
pd-user_9362451
pd-user_1049564
pd-user_7722961
pd-user_7763589
pd-user_4153680
pd-user_3410582
pd-user_6502927
pd-user_8540484
pd-user_7597837
pd-user_9226899
pd-user_1093951
pd-user_1256538
pd-user_3679135
pd-user_512176
pd-user_2357614
pd-user_9766558
pd-user_9460509
pd-user_1801607
pd-user_9543103
pd-user_6465334
pd-user_9441069
pd-user_3370084
pd-user_2476272
pd-user_5449666
pd-user_9316492
pd-user_6343768
pd-user_6326976
pd-user_6248886
pd-user_2133203
pd-user_6384152
pd-user_433496
pd-user_1523401
pd-user_110801
pd-user_6488421
pd-user_4845867
pd-user_1895480
pd-user_4697042
pd-user_6902078
pd-user_3640297
pd-user_5948340
pd-user_13960
pd-user_7782766
pd-user_4651134
pd-user_2355043
pd-user_3255266
pd-user_7816426
pd-user_6674436
pd-user_45552
pd-user_4025136
pd-user_8231279
pd-user_7275301
pd-user_7093657
pd-user_574678
pd-user_793049
pd-user_1592519
pd-user_5276543
pd-user_4346031
pd-user_3997972
pd-user_4085680
pd-user_6379404
pd-user_8289284
pd-user_9931891
pd-user_4587994
pd-user_978619
pd-user_3209708
pd-user_2292198
pd-user_6626333
pd-user_5489344
pd-user_5051203
pd-user_3448729
pd-user_4592142
pd-user_2784987
pd-user_4825548
pd-user_6710557
pd-user_2403127
pd-user_1524084
pd-user_7322853
pd-user_3577921
pd-user_2369136
pd-user_973991
pd-user_7128444
pd-user_5201799
pd-user_446798
pd-user_5071542
pd-user_7136934
pd-user_6556550
pd-user_9759477
pd-user_7304465
pd-user_9194677
pd-user_9914594
pd-user_3144271
pd-user_9744790
pd-user_7377792
pd-user_6013433
pd-user_3996972
pd-user_2824116
pd-user_9245584
pd-user_5684391
pd-user_7851536
pd-user_8677435
pd-user_7179547
pd-user_7466840
pd-user_620187
pd-user_8445109
pd-user_3592573
pd-user_443386
pd-user_1871387
pd-user_5316515
pd-user_2712521
pd-user_1861651
pd-user_8716741
pd-user_6984673
pd-user_6113863
pd-user_9644849
pd-user_7465516
pd-user_4548150
pd-user_5725670
pd-user_3007770
pd-user_1659878
pd-user_1040520
pd-user_8738532
pd-user_3692242
pd-user_3654610
pd-user_1009511
pd-user_571540
pd-user_4063379
pd-user_8985255
pd-user_9605891
pd-user_3974342
pd-user_9934204
pd-user_8573302
pd-user_2793142
pd-user_821978
pd-user_8903956
pd-user_4471784
pd-user_6607959
pd-user_94726
pd-user_5484218
pd-user_1602886
pd-user_8698763
pd-user_4405572
pd-user_4943765
pd-user_2278335
pd-user_1390895
pd-user_5859075
pd-user_3719126
pd-user_3377707
pd-user_4668244
pd-user_9278085
pd-user_5287667
pd-user_9334971
pd-user_9320379
pd-user_1003137
pd-user_942261
pd-user_8541435
pd-user_1053017
pd-user_3207202
pd-user_5683092
pd-user_1819270
pd-user_4017490
pd-user_9333094
pd-user_4041665
pd-user_6181759
pd-user_3868887
pd-user_3481723
pd-user_1328757
pd-user_7483719
pd-user_7638503
pd-user_5167540
pd-user_5777606
pd-user_5492449
pd-user_9783450
pd-user_4959455
pd-user_6994415
pd-user_8512131
pd-user_4980198
pd-user_3227410
pd-user_5373423
pd-user_7970383
pd-user_5472385
pd-user_2514447
pd-user_3968931
pd-user_3626484
pd-user_3384005
pd-user_2748029
pd-user_1503536
pd-user_4282027
pd-user_6229692
pd-user_9883957
pd-user_5824958
pd-user_2327383
pd-user_2522127
pd-user_7331431
pd-user_554678
pd-user_5469095
pd-user_5086401
pd-user_9167442
pd-user_6973695
pd-user_5294423
pd-user_4261662
pd-user_3513592
pd-user_7912124
pd-user_7340187
pd-user_474696
pd-user_6397345
pd-user_7653143
pd-user_366099
pd-user_8582910
pd-user_8992673
pd-user_965728
pd-user_6025212
pd-user_3995728
pd-user_1226987
pd-user_1777790
pd-user_2822321
pd-user_5945959
pd-user_8352050
pd-user_6941417
pd-user_3153550
pd-user_4183333
pd-user_7974661
pd-user_8369234
pd-user_7432963
pd-user_9891212
pd-user_6864486
pd-user_3925344
pd-user_2591040
pd-user_9891601
pd-user_2722716
pd-user_433974
pd-user_5997834
pd-user_3454691
pd-user_3458747
pd-user_1561862
pd-user_4882552
pd-user_5082040
pd-user_3221745
pd-user_2054217
pd-user_560780
pd-user_9173223
pd-user_2513447
pd-user_6410736
pd-user_9684538
pd-user_3014898
pd-user_510697
pd-user_7935092
pd-user_4016376
pd-user_7641720
pd-user_7783886
pd-user_4119347
pd-user_4449006
pd-user_9504868
pd-user_7715968
pd-user_947598
pd-user_1218207
pd-user_5537210
pd-user_5637537
pd-user_3057340
pd-user_222735
pd-user_226926
pd-user_262554
pd-user_1274708
pd-user_8635908
pd-user_5943502
pd-user_4357230
pd-user_6393117
pd-user_3987212
pd-user_5049119
pd-user_5473099
pd-user_3585847
pd-user_1054952
pd-user_7363049
pd-user_751835
pd-user_6120708
pd-user_4818258
pd-user_8100001
pd-user_9100610
pd-user_7843993
pd-user_9688606
pd-user_9603544
pd-user_3390241
pd-user_8830143
pd-user_5737931
pd-user_6218374
pd-user_9202717
pd-user_1796608
pd-user_9003133
pd-user_9951703
pd-user_93066
pd-user_6699452
pd-user_7765771
pd-user_6566063
pd-user_7452941
pd-user_478232
pd-user_452297
pd-user_9788142
pd-user_7020684
pd-user_7841056
pd-user_2767620
pd-user_9013750
pd-user_4318777
pd-user_1352371
pd-user_7693153
pd-user_5219981
pd-user_7780978
pd-user_2320061
pd-user_8782882
pd-user_8448444
pd-user_2334378
pd-user_4695905
pd-user_9605108
pd-user_3846719
pd-user_6379680
pd-user_1431519
pd-user_8216494
pd-user_172373
pd-user_3134919
pd-user_2786134
pd-user_4826742
pd-user_3307949
pd-user_4012387
pd-user_2362462
pd-user_3291327
pd-user_4144471
pd-user_1367024
pd-user_5379685
pd-user_5155269
pd-user_8162217
pd-user_3350190
pd-user_4495438
pd-user_2643860
pd-user_3447047
pd-user_8596253
pd-user_7186476
pd-user_6207726
pd-user_5963882
pd-user_5593620
pd-user_4606440
pd-user_1026185
pd-user_5008460
pd-user_9473827
pd-user_1910039
pd-user_8273410
pd-user_4835904
pd-user_6957612
pd-user_9474106
pd-user_6804880
pd-user_6711341
pd-user_1805496
pd-user_8753841
pd-user_1312415
pd-user_1999152
pd-user_42106
pd-user_308010
pd-user_9726430
pd-user_7421943
pd-user_8442084
pd-user_3157961
pd-user_7703670
pd-user_273191
pd-user_1589596
pd-user_306758
pd-user_7293333
pd-user_1930718
pd-user_5945657
pd-user_2662355
pd-user_3770992
pd-user_6146899
pd-user_4243007
pd-user_6668845
pd-user_2259364
pd-user_5339201
pd-user_2123959
pd-user_4673552
pd-user_8189825
pd-user_3166227
pd-user_5060344
pd-user_3667521
pd-user_6844702
pd-user_373251
pd-user_4321740
pd-user_4951902
pd-user_6412349
pd-user_5820853
pd-user_1307350
pd-user_2225123
pd-user_7890440
pd-user_7255216
pd-user_4162891
pd-user_8690174
pd-user_9109942
pd-user_2750364
pd-user_7994749
pd-user_8105637
pd-user_3094156
pd-user_916295
pd-user_6656189
pd-user_9944628
pd-user_5458865
pd-user_395318
pd-user_2441856
pd-user_9232993
pd-user_6571881
pd-user_7587493
pd-user_2458978
pd-user_4053337
pd-user_9225646
pd-user_3171444
pd-user_8978948
pd-user_9291117
pd-user_6859092
pd-user_6497477
pd-user_4475139
pd-user_1646109
pd-user_5199803
pd-user_2242934
pd-user_1988921
pd-user_7857350
pd-user_3877982
pd-user_5650464
pd-user_3590766
pd-user_7634431
pd-user_3135699
pd-user_340231
pd-user_9023162
pd-user_9347613
pd-user_1330357
pd-user_8604446
pd-user_8096477
pd-user_1577984
pd-user_3167438
pd-user_3056762
pd-user_3106461
pd-user_1548373
pd-user_172892
pd-user_3797008
pd-user_2247769
pd-user_3415939
pd-user_4282846
pd-user_1935094
pd-user_1943480
pd-user_4239665
pd-user_5830084
pd-user_7190045
pd-user_5056162
pd-user_1558050
pd-user_8907390
pd-user_4864108
pd-user_1246572
pd-user_951876
pd-user_4416653
pd-user_1687573
pd-user_8362208
pd-user_8068457
pd-user_7987705
pd-user_4878719
pd-user_3329420
pd-user_3431998
pd-user_7727554
pd-user_1861879
pd-user_4390890
pd-user_5651356
pd-user_6336188
pd-user_5890659
pd-user_4498669
pd-user_4529881
pd-user_5470561
pd-user_2173332
pd-user_6829052
pd-user_5258576
pd-user_9889181
pd-user_2512889
pd-user_509836
pd-user_9773563
pd-user_7960622
pd-user_4493696
pd-user_1269635
pd-user_1915606
pd-user_4515408
pd-user_8204302
pd-user_5313704
pd-user_4767825
pd-user_9237100
pd-user_7341131
pd-user_8623826
pd-user_3239978
pd-user_1827767
pd-user_2277770
pd-user_5425277
pd-user_5577746
pd-user_8387282
pd-user_7761363
pd-user_2962128
pd-user_3421787
pd-user_9765872
pd-user_439844
pd-user_8049805
pd-user_5576400
pd-user_2667660
pd-user_7705235
pd-user_8182523
pd-user_8096563
pd-user_7619305
pd-user_2440055
pd-user_9938845
pd-user_8154145
pd-user_1387715
pd-user_8478055
pd-user_923192
pd-user_1445128
pd-user_1831958
pd-user_4723576
pd-user_5846654
pd-user_7643866
pd-user_7876627
pd-user_5741808
pd-user_3913529
pd-user_3558647
pd-user_5775124
pd-user_2426995
pd-user_4416954
pd-user_7768751
pd-user_4837368
pd-user_376237
pd-user_718081
pd-user_1113754
pd-user_2008375
pd-user_7291380
pd-user_1143048
pd-user_8793519
pd-user_8552691
pd-user_102090
pd-user_9694408
pd-user_3720828
pd-user_7195184
pd-user_8784638
pd-user_2980460
pd-user_8075098
pd-user_1803351
pd-user_3326567
pd-user_6029288
pd-user_8522942
pd-user_5793424
pd-user_7553778
pd-user_6459783
pd-user_2396811
pd-user_7758141
pd-user_7148662
pd-user_5787227
pd-user_9826093
pd-user_3993283
pd-user_9957144
pd-user_2281514
pd-user_7347738
pd-user_403564
pd-user_2132173
pd-user_8084439
pd-user_5907854
pd-user_9919118
pd-user_903633
pd-user_6680368
pd-user_9543869
pd-user_9247482
pd-user_9696932
pd-user_3437315
pd-user_4467655
pd-user_8863796
pd-user_4871273
pd-user_9456082
pd-user_6952652
pd-user_7338210
pd-user_1312342
pd-user_3937291
pd-user_7630556
pd-user_1016151
pd-user_2931629
pd-user_3480778
pd-user_6413236
pd-user_9972641
pd-user_1542733
pd-user_9122037
pd-user_8303217
pd-user_2785297
pd-user_5467192
pd-user_4348949
pd-user_3223273
pd-user_4345234
pd-user_1308897
pd-user_1651704
pd-user_4849509
pd-user_6323933
pd-user_6065697
pd-user_5908069
pd-user_9678282
pd-user_814356
pd-user_5566358
pd-user_6445558
pd-user_4961125
pd-user_3136525
pd-user_8306155
pd-user_2194279
pd-user_5836818
pd-user_7990517
pd-user_8354649
pd-user_6490949
pd-user_6595855
pd-user_8774478
pd-user_5236073
pd-user_8196611
pd-user_8726190
pd-user_6086477
pd-user_6678518
pd-user_576241
pd-user_291571
pd-user_2986302
pd-user_1041821
pd-user_761704
pd-user_4345744
pd-user_2356149
pd-user_1679785
pd-user_528032
pd-user_3657518
pd-user_7799275
pd-user_9622372
pd-user_847287
pd-user_3434300
pd-user_3648919
pd-user_9476521
pd-user_2397506
pd-user_3521941
pd-user_5123601
pd-user_9934077
pd-user_7476582
pd-user_278240
pd-user_3076394
pd-user_123121
pd-user_1924762
pd-user_6425618
pd-user_9278272
pd-user_5037848
pd-user_3094364
pd-user_9887437
pd-user_6005413
pd-user_9113243
pd-user_9699688
pd-user_7486317
pd-user_4699602
pd-user_7164833
pd-user_1103445
pd-user_3127923
pd-user_9126338
pd-user_9544347
pd-user_7573653
pd-user_2408651
pd-user_7520359
pd-user_99788
pd-user_8532344
pd-user_8807615
pd-user_5230331
pd-user_5874387
pd-user_2145149
pd-user_9213752
pd-user_8807825
pd-user_5037187
pd-user_7542702
pd-user_1428810
pd-user_4199148
pd-user_5373011
pd-user_643666
pd-user_1940288
pd-user_6852068
pd-user_9344526
pd-user_4476386
pd-user_8033115
pd-user_1761752
pd-user_9859583
pd-user_8742154
pd-user_6781507
pd-user_5993574
pd-user_7872985
pd-user_8020424
pd-user_5698005
pd-user_345708
pd-user_7506176
pd-user_6258210
pd-user_9962943
pd-user_1917116
pd-user_3328716
pd-user_6427705
pd-user_6613024
pd-user_9322458
pd-user_9961256
pd-user_6091597
pd-user_2640005
pd-user_3156053
pd-user_6460781
pd-user_3954497
pd-user_8540606
pd-user_884611
pd-user_2391723
pd-user_95074
pd-user_8071800
pd-user_3589405
pd-user_5081320
pd-user_1849194
pd-user_6051944
pd-user_9695113
pd-user_9390250
pd-user_9555971
pd-user_3753704
pd-user_7425927
pd-user_8601223
pd-user_4216861
pd-user_3649312
pd-user_9580394
pd-user_1758535
pd-user_4523194
pd-user_3489871
pd-user_4555162
pd-user_8424879
pd-user_9542890
pd-user_1469845
pd-user_1714825
pd-user_2905461
pd-user_3594709
pd-user_6900069
pd-user_7884450
pd-user_8418654
pd-user_1552679
pd-user_3791725
pd-user_7829550
pd-user_6669970
pd-user_7957630
pd-user_7641709
pd-user_3549952
pd-user_9822944
pd-user_6876316
pd-user_1591475
pd-user_4962657
pd-user_3718066
pd-user_2766471
pd-user_8923831
pd-user_9855767
pd-user_1012648
pd-user_4284824
pd-user_6125155
pd-user_7253695
pd-user_1255198
pd-user_6181913
pd-user_9518577
pd-user_3704578
pd-user_7056965
pd-user_6776910
pd-user_7115960
pd-user_5862990
pd-user_161395
pd-user_683448
pd-user_9982874
pd-user_5849126
pd-user_1349088
pd-user_4297879
pd-user_2365742
pd-user_8168904
pd-user_9541636
pd-user_8986150
pd-user_4396156
pd-user_8830355
pd-user_3915132
pd-user_1397663
pd-user_9231414
pd-user_950296
pd-user_5903060
pd-user_8644750
pd-user_4297769
pd-user_5663571
pd-user_7731121
pd-user_4595398
pd-user_2916106
pd-user_1681152
pd-user_8893873
pd-user_634397
pd-user_9059996
pd-user_5484406
pd-user_6912186
pd-user_3106239
pd-user_2887147
pd-user_657332
pd-user_1982169
pd-user_7429965
pd-user_2255636
pd-user_3955837
pd-user_7956415
pd-user_2048281
pd-user_6299287
pd-user_1732354
pd-user_554612
pd-user_7754600
pd-user_9769275
pd-user_7599019
pd-user_6819183
pd-user_3620452
pd-user_7280140
pd-user_4506873
pd-user_8041774
pd-user_2491615
pd-user_2793789
pd-user_213424
pd-user_5381613
pd-user_915252
pd-user_1224917
pd-user_1873815
pd-user_6173137
pd-user_1641563
pd-user_3314665
pd-user_6495232
pd-user_9536278
pd-user_643791
pd-user_3135528
pd-user_6691696
pd-user_3495536
pd-user_2833839
pd-user_3233282
pd-user_5470024
pd-user_1329726
pd-user_4398894
pd-user_6234213
pd-user_4748940
pd-user_1357166
pd-user_387042
pd-user_8120209
pd-user_1350870
pd-user_410889
pd-user_3447595
pd-user_8078366
pd-user_1221985
pd-user_2890491
pd-user_6950849
pd-user_635640
pd-user_6678157
pd-user_3755193
pd-user_9378050
pd-user_1719983
pd-user_2562250
pd-user_8721127
pd-user_2583621
pd-user_8677172
pd-user_2781510
pd-user_6773251
pd-user_8843989
pd-user_7068034
pd-user_4149871
pd-user_2516051
pd-user_7612809
pd-user_594788
pd-user_4239807
pd-user_1923448
pd-user_5686553
pd-user_2964831
pd-user_7183275
pd-user_8265361
pd-user_8393819
pd-user_4409944
pd-user_7959277
pd-user_4822786
pd-user_5790963
pd-user_7741759
pd-user_2079343
pd-user_9536475
pd-user_9170798
pd-user_4803378
pd-user_1213123
pd-user_2786521
pd-user_6813331
pd-user_2569052
pd-user_6414088
pd-user_9841104
pd-user_7148418
pd-user_6659592
pd-user_1591201
pd-user_7666099
pd-user_7194214
pd-user_8535176
pd-user_9364083
pd-user_2488256
pd-user_6212399
pd-user_5011296
pd-user_2503177
pd-user_2114307
pd-user_4380157
pd-user_7079656
pd-user_9428190
pd-user_368433
pd-user_9780270
pd-user_4795955
pd-user_1564412
pd-user_1437102
pd-user_968734
pd-user_3596776
pd-user_6047254
pd-user_9897647
pd-user_7356456
pd-user_9667486
pd-user_8069798
pd-user_5129308
pd-user_4885562
pd-user_4189577
pd-user_388552
pd-user_3438654
pd-user_69817
pd-user_1089580
pd-user_6983048
pd-user_5052207
pd-user_5848113
pd-user_535386
pd-user_7940696
pd-user_2395687
pd-user_6063719
pd-user_5114447
pd-user_1201300
pd-user_1504121
pd-user_7604906
pd-user_2481466
pd-user_8918789
pd-user_7117116
pd-user_4935622
pd-user_7054917
pd-user_4378177
pd-user_4138781
pd-user_3748183
pd-user_5049399
pd-user_4244303
pd-user_4519762
pd-user_1848546
pd-user_3399677
pd-user_2325153
pd-user_4862587
pd-user_8675567
pd-user_288645
pd-user_2576745
pd-user_4162459
pd-user_9946822
pd-user_9308361
pd-user_5612129
pd-user_8921551
pd-user_1421186
pd-user_3645551
pd-user_4206186
pd-user_354686
pd-user_5444304
pd-user_4317664
pd-user_6611501
pd-user_5216988
pd-user_4848686
pd-user_2341314
pd-user_5740181
pd-user_7094588
pd-user_2975870
pd-user_3452210
pd-user_9837801
pd-user_6263683
pd-user_6546071
pd-user_5932797
pd-user_3696746
pd-user_2044428
pd-user_6596683
pd-user_735511
pd-user_2295813
pd-user_224032
pd-user_7114725
pd-user_2036813
pd-user_9384017
pd-user_4328123
pd-user_5357249
pd-user_7710570
pd-user_6671666
pd-user_4202296
pd-user_743837
pd-user_7381798
pd-user_5776286
pd-user_980791
pd-user_6558541
pd-user_5464677
pd-user_977022
pd-user_5141744
pd-user_5660085
pd-user_9415105
pd-user_7416197
pd-user_6350950
pd-user_7489895
pd-user_1282090
pd-user_7492352
pd-user_8808616
pd-user_4789167
pd-user_2984792
pd-user_8702213
pd-user_8493346
pd-user_4682717
pd-user_7702761
pd-user_5404679
pd-user_1559615
pd-user_7250262
pd-user_371023
pd-user_7315191
pd-user_5266996
pd-user_8932276
pd-user_4879746
pd-user_4131671
pd-user_1552384
pd-user_4947446
pd-user_5601160
pd-user_3015957
pd-user_8557215
pd-user_8857101
pd-user_3218311
pd-user_1819877
pd-user_1808326
pd-user_3056085
pd-user_9589133
pd-user_6223123
pd-user_5728235
pd-user_346959
pd-user_1607363
pd-user_6648230
pd-user_1534340
pd-user_5015971
pd-user_458652
pd-user_6505798
pd-user_3298263
pd-user_8318309
pd-user_5071973
pd-user_7665104
pd-user_3396362
pd-user_9557788
pd-user_6869589
pd-user_2763335
pd-user_2228388
pd-user_6188772
pd-user_5112135
pd-user_6958439
pd-user_2358495
pd-user_5041586
pd-user_4153701
pd-user_5569618
pd-user_9889479
pd-user_3113252
pd-user_304989
pd-user_3082370
pd-user_4247676
pd-user_3867377
pd-user_2371730
pd-user_6041492
pd-user_4673921
pd-user_6617000
pd-user_9189738
pd-user_6333459
pd-user_8657405
pd-user_9499877
pd-user_1138169
pd-user_7566386
pd-user_7696565
pd-user_1261854
pd-user_1739406
pd-user_996242
pd-user_8631143
pd-user_8657045
pd-user_4506815
pd-user_7171745
pd-user_7642032
pd-user_508611
pd-user_1658295
pd-user_4596472
pd-user_3838818
pd-user_4420222
pd-user_4128624
pd-user_6772476
pd-user_684094
pd-user_8289487
pd-user_2278389
pd-user_725036
pd-user_6611318
pd-user_9164932
pd-user_744037
pd-user_4296546
pd-user_1649359
pd-user_4998400
pd-user_6639906
pd-user_7732857
pd-user_1837631
pd-user_1124634
pd-user_3093
pd-user_5396509
pd-user_1859843
pd-user_3601837
pd-user_5465069
pd-user_8673350
pd-user_2912909
pd-user_3997626
pd-user_769230
pd-user_8621676
pd-user_7120369
pd-user_855962
pd-user_1276690
pd-user_5102492
pd-user_1435704
pd-user_6218576
pd-user_9891077
pd-user_8828396
pd-user_2890649
pd-user_5327445
pd-user_6594125
pd-user_6128574
pd-user_9389684
pd-user_5613295
pd-user_4271297
pd-user_1643192
pd-user_4376407
pd-user_9980021
pd-user_2169840
pd-user_1421573
pd-user_8793431
pd-user_7259490
pd-user_6719029
pd-user_8463576
pd-user_421104
pd-user_7575426
pd-user_8861266
pd-user_4665503
pd-user_9903050
pd-user_1586625
pd-user_8822224
pd-user_5474763
pd-user_1289057
pd-user_5643508
pd-user_4230566
pd-user_3574184
pd-user_5858642
pd-user_6810097
pd-user_1110086
pd-user_557165
pd-user_6174713
pd-user_1556650
pd-user_1167649
pd-user_5389040
pd-user_6480943
pd-user_7524873
pd-user_670886
pd-user_1600528
pd-user_4132209
pd-user_8776573
pd-user_4853518
pd-user_165372
pd-user_8984443
pd-user_2374734
pd-user_1302854
pd-user_4056128
pd-user_2173705
pd-user_8887221
pd-user_9405250
pd-user_30185
pd-user_2386811
pd-user_4445543
pd-user_6929628
pd-user_7122079
pd-user_4504967
pd-user_2584661
pd-user_709460
pd-user_9723396
pd-user_9642949
pd-user_6753569
pd-user_2074938
pd-user_4719524
pd-user_1499247
pd-user_2312993
pd-user_3476990
pd-user_8934593
pd-user_2413087
pd-user_3366011
pd-user_2571847
pd-user_9998738
pd-user_5976973
pd-user_2034989
pd-user_5137967
pd-user_2535525
pd-user_4305630
pd-user_588260
pd-user_3437832
pd-user_4128111
pd-user_5896059
pd-user_3918247
pd-user_9279816
pd-user_3128662
pd-user_9916684
pd-user_779130
pd-user_4035689
pd-user_212341
pd-user_5048090
pd-user_8745947
pd-user_7540893
pd-user_5969946
pd-user_6624292
pd-user_1169593
pd-user_7423819
pd-user_3104755
pd-user_6167272
pd-user_7412422
pd-user_5147577
pd-user_6667693
pd-user_4664420
pd-user_5986734
pd-user_6699554
pd-user_8783427
pd-user_3185209
pd-user_9629406
pd-user_1481976
pd-user_8693008
pd-user_6379699
pd-user_3832167
pd-user_1912741
pd-user_5685124
pd-user_8563555
pd-user_4935756
pd-user_2754467
pd-user_2313357
pd-user_2614132
pd-user_7090431
pd-user_4729700
pd-user_2616824
pd-user_3336130
pd-user_9909516
pd-user_6634196
pd-user_3183068
pd-user_463847
pd-user_6871665
pd-user_7508089
pd-user_2698109
pd-user_3176316
pd-user_6916864
pd-user_3735336
pd-user_152117
pd-user_9168729
pd-user_6563221
pd-user_5778260
pd-user_5343033
pd-user_2992261
pd-user_3710585
pd-user_3436284
pd-user_3403117
pd-user_991678
pd-user_5879343
pd-user_50943
pd-user_4933474
pd-user_9853106
pd-user_371759
pd-user_2909304
pd-user_6860417
pd-user_1771797
pd-user_4600882
pd-user_6642214
pd-user_5192873
pd-user_1313044
pd-user_1655012
pd-user_6071706
pd-user_7820735
pd-user_8393972
pd-user_9535841
pd-user_7783945
pd-user_4934913
pd-user_7965515
pd-user_7522755
pd-user_7968127
pd-user_202749
pd-user_5135130
pd-user_5236332
pd-user_8218400
pd-user_9023287
pd-user_5579541
pd-user_884140
pd-user_7740830
pd-user_970902
pd-user_7292439
pd-user_4305102
pd-user_2833052
pd-user_5321306
pd-user_182316
pd-user_9864412
pd-user_866523
pd-user_4928955
pd-user_3971687
pd-user_7529740
pd-user_5579518
pd-user_1048690
pd-user_215320
pd-user_9422025
pd-user_7975079
pd-user_130481
pd-user_3974196
pd-user_596628
pd-user_1701574
pd-user_1381371
pd-user_4292034
pd-user_8780808
pd-user_7165854
pd-user_7608605
pd-user_9201723
pd-user_5450072
pd-user_2524502
pd-user_3305630
pd-user_9456146
pd-user_1686295
pd-user_9153264
pd-user_2855987
pd-user_3933190
pd-user_946000
pd-user_8164728
pd-user_4404787
pd-user_5719656
pd-user_578112
pd-user_5283255
pd-user_1298329
pd-user_6907657
pd-user_6143683
pd-user_3506380
pd-user_264890
pd-user_1202086
pd-user_4434214
pd-user_6218708
pd-user_6781790
pd-user_3495186
pd-user_7954358
pd-user_3915057
pd-user_2504978
pd-user_6356921
pd-user_8328887
pd-user_9732168
pd-user_3783316
pd-user_9908174
pd-user_6847100
pd-user_5580479
pd-user_2767755
pd-user_4689579
pd-user_6221492
pd-user_1888233
pd-user_7240229
pd-user_3803745
pd-user_6574313
pd-user_4503431
pd-user_5503240
pd-user_1280521
pd-user_6366677
pd-user_7991403
pd-user_7083990
pd-user_5300600
pd-user_5278159
pd-user_3794980
pd-user_1538386
pd-user_3651723
pd-user_5091708
pd-user_8794084
pd-user_171042
pd-user_1190431
pd-user_6403378
pd-user_792548
pd-user_5782851
pd-user_1017151
pd-user_4733891
pd-user_709202
pd-user_427304
pd-user_5490909
pd-user_4711672
pd-user_6574045
pd-user_6693004
pd-user_2330777
pd-user_7064924
pd-user_8734781
pd-user_9791000
pd-user_4072460
pd-user_8986747
pd-user_2696618
pd-user_7662722
pd-user_1861527
pd-user_7696859
pd-user_2515668
pd-user_8288567
pd-user_7911545
pd-user_1590366
pd-user_5606272
pd-user_6393176
pd-user_8727421
pd-user_9337459
pd-user_6161201
pd-user_5973675
pd-user_7902543
pd-user_6704518
pd-user_1640463
pd-user_2850412
pd-user_515272
pd-user_5639220
pd-user_8983680
pd-user_7635636
pd-user_9063774
pd-user_799827
pd-user_2446006
pd-user_7527362
pd-user_5000578
pd-user_1453315
pd-user_469923
pd-user_2176397
pd-user_6129718
pd-user_5366947
pd-user_7966095
pd-user_6053440
pd-user_2190313
pd-user_1678029
pd-user_4881536
pd-user_2047253
pd-user_1165262
pd-user_1877587
pd-user_2267378
pd-user_9420275
pd-user_6659265
pd-user_5428918
pd-user_9815377
pd-user_6206640
pd-user_4838713
pd-user_3996453
pd-user_6283854
pd-user_8114750
pd-user_3308046
pd-user_4491947
pd-user_1245983
pd-user_6468913
pd-user_3539457
pd-user_3334107
pd-user_5845632
pd-user_2292219
pd-user_2647335
pd-user_3856782
pd-user_8727293
pd-user_559951
pd-user_6285945
pd-user_9528556
pd-user_2041550
pd-user_1702695
pd-user_1744455
pd-user_3821636
pd-user_8038732
pd-user_1664516
pd-user_7195933
pd-user_633418
pd-user_7949399
pd-user_1237653
pd-user_2531715
pd-user_8176606
pd-user_3920215
pd-user_1145597
pd-user_7962979
pd-user_9039956
pd-user_579946
pd-user_9717753
pd-user_6276546
pd-user_1036808
pd-user_703379
pd-user_6423710
pd-user_445514
pd-user_834139
pd-user_6529449
pd-user_419189
pd-user_6098537
pd-user_9568314
pd-user_2502815
pd-user_6775032
pd-user_8480801
pd-user_6185032
pd-user_6000175
pd-user_4305073
pd-user_7211567
pd-user_3508110
pd-user_232656
pd-user_6107193
pd-user_466304
pd-user_5989597
pd-user_3238432
pd-user_9973026
pd-user_7550104
pd-user_5683536
pd-user_8059310
pd-user_1496527
pd-user_5091077
pd-user_7594358
pd-user_4008354
pd-user_8146213
pd-user_2722614
pd-user_5040465
pd-user_8656302
pd-user_1661072
pd-user_2883032
pd-user_3737627
pd-user_186336
pd-user_3436952
pd-user_4260051
pd-user_1895369
pd-user_1804077
pd-user_2650556
pd-user_4734545
pd-user_8779025
pd-user_1298141
pd-user_8410422
pd-user_6071154
pd-user_1311500
pd-user_9505172
pd-user_6714584
pd-user_658949
pd-user_4291155
pd-user_1996073
pd-user_7498693
pd-user_7240572
pd-user_200884
pd-user_2540414
pd-user_8447667
pd-user_8402795
pd-user_1501825
pd-user_4369006
pd-user_9788073
pd-user_1713787
pd-user_100440
pd-user_5793631
pd-user_9881527
pd-user_8380584
pd-user_2403172
pd-user_8925408
pd-user_4457302
pd-user_809741
pd-user_4246342
pd-user_8037673
pd-user_5303278
pd-user_3856960
pd-user_7249601
pd-user_9566673
pd-user_5767727
pd-user_3063067
pd-user_7869173
pd-user_2892467
pd-user_4053837
pd-user_1244806
pd-user_5987988
pd-user_154728
pd-user_5766490
pd-user_5141201
pd-user_4485603
pd-user_527296
pd-user_4435643
pd-user_6571007
pd-user_476758
pd-user_1261424
pd-user_84516
pd-user_6583850
pd-user_4782672
pd-user_9100240
pd-user_4769168
pd-user_4876083
pd-user_5551769
pd-user_557446
pd-user_3345030
pd-user_2122033
pd-user_7366052
pd-user_4468161
pd-user_1220070
pd-user_9647965
pd-user_2072893
pd-user_6666650
pd-user_8540372
pd-user_4995497
pd-user_6302322
pd-user_9948214
pd-user_111999
pd-user_2330984
pd-user_4676883
pd-user_3104756
pd-user_9641637
pd-user_7799191
pd-user_4346004
pd-user_7739415
pd-user_8110283
pd-user_7664412
pd-user_2588507
pd-user_1350367
pd-user_825218
pd-user_4321014
pd-user_4752952
pd-user_9580663
pd-user_6616524
pd-user_8250147
pd-user_9966596
pd-user_2156149
pd-user_6369580
pd-user_4608220
pd-user_7130136
pd-user_1555382
pd-user_4399565
pd-user_3746879
pd-user_1423633
pd-user_9364606
pd-user_8428785
pd-user_8715482
pd-user_2613050
pd-user_9605345
pd-user_5237802
pd-user_1898716
pd-user_841739
pd-user_4741735
pd-user_2063088
pd-user_4644027
pd-user_88444
pd-user_5324332
pd-user_8428131
pd-user_835401
pd-user_6774821
pd-user_3469931
pd-user_9216461
pd-user_8366383
pd-user_1415633
pd-user_9537236
pd-user_709472
pd-user_6687373
pd-user_7692176
pd-user_5094587
pd-user_7619115
pd-user_6728320
pd-user_984478
pd-user_8664371
pd-user_1017768
pd-user_6240336
pd-user_4646828
pd-user_8012187
pd-user_6365771
pd-user_8040565
pd-user_3139148
pd-user_7272485
pd-user_7459254
pd-user_3590730
pd-user_8497057
pd-user_7401471
pd-user_9487072
pd-user_4053894
pd-user_765959
pd-user_6112621
pd-user_7182367
pd-user_1655593
pd-user_3747009
pd-user_6343704
pd-user_8541019
pd-user_107250
pd-user_3007962
pd-user_5515768
pd-user_7894563
pd-user_5723514
pd-user_6313147
pd-user_2890978
pd-user_3414333
pd-user_3627972
pd-user_5370308
pd-user_363748
pd-user_6573176
pd-user_4478537
pd-user_8608513
pd-user_313676
pd-user_7761170
pd-user_2524607
pd-user_7029789
pd-user_1697049
pd-user_2907680
pd-user_2429618
pd-user_6210864
pd-user_4099483
pd-user_1024268
pd-user_3652122
pd-user_9645369
pd-user_4494938
pd-user_3090929
pd-user_5287917
pd-user_285569
pd-user_5137313
pd-user_5459676
pd-user_9244485
pd-user_2012534
pd-user_5890278
pd-user_4146853
pd-user_1846630
pd-user_2528883
pd-user_7869858
pd-user_8215470
pd-user_1731338
pd-user_768350
pd-user_9429056
pd-user_9253740
pd-user_9601716
pd-user_6697669
pd-user_6967718
pd-user_2370708
pd-user_7084635
pd-user_4871925
pd-user_4081956
pd-user_9314465
pd-user_8997880
pd-user_9529895
pd-user_3990902
pd-user_7887264
pd-user_9592668
pd-user_5192764
pd-user_879967
pd-user_2754962
pd-user_8925730
pd-user_4135371
pd-user_7761340
pd-user_5365331
pd-user_3552518
pd-user_2452645
pd-user_8032123
pd-user_602551
pd-user_4363413
pd-user_4296814
pd-user_8042652
pd-user_9428241
pd-user_1083406
pd-user_8258581
pd-user_5077918
pd-user_9328351
pd-user_9936318
pd-user_7342671
pd-user_8395769
pd-user_4683715
pd-user_3256019
pd-user_5870497
pd-user_722833
pd-user_5923353
pd-user_8570529
pd-user_6672393
pd-user_1338909
pd-user_6260235
pd-user_319302
pd-user_766838
pd-user_7641380
pd-user_7715947
pd-user_9354626
pd-user_6609289
pd-user_2662610
pd-user_8310112
pd-user_3774996
pd-user_5581081
pd-user_9869321
pd-user_6413804
pd-user_8433986
pd-user_3779765
pd-user_8120711
pd-user_2765640
pd-user_2417305
pd-user_8797489
pd-user_8320636
pd-user_6026081
pd-user_7493323
pd-user_4512736
pd-user_3824950
pd-user_8438324
pd-user_1025243
pd-user_372789
pd-user_8842253
pd-user_4579849
pd-user_6779956
pd-user_1494694
pd-user_9239294
pd-user_37852
pd-user_1988484
pd-user_3862417
pd-user_1538738
pd-user_3384529
pd-user_5405247
pd-user_4203709
pd-user_4330136
pd-user_8840267
pd-user_9392520
pd-user_6154677
pd-user_3495602
pd-user_6125489
pd-user_9399217
pd-user_8978873
pd-user_9994855
pd-user_7420200
pd-user_3189602
pd-user_5929172
pd-user_6146492
pd-user_103604
pd-user_3512235
pd-user_2445494
pd-user_742627
pd-user_9537991
pd-user_7813094
pd-user_6565566
pd-user_2915944
pd-user_7887625
pd-user_9171392
pd-user_9483150
pd-user_7296818
pd-user_521139
pd-user_3326894
pd-user_3795046
pd-user_5547289
pd-user_8030108
pd-user_7293269
pd-user_860226
pd-user_1695394
pd-user_8767281
pd-user_4199895
pd-user_2642685
pd-user_8509388
pd-user_1603563
pd-user_7715439
pd-user_7276493
pd-user_1326749
pd-user_5572238
pd-user_1283248
pd-user_9831862
pd-user_6419038
pd-user_5138196
pd-user_4007835
pd-user_8264652
pd-user_934217
pd-user_633474
pd-user_7320758
pd-user_7774459
pd-user_6972772
pd-user_7599139
pd-user_5966448
pd-user_2048942
pd-user_2047644
pd-user_6140399
pd-user_5978255
pd-user_1451230
pd-user_1216187
pd-user_8082813
pd-user_7603680
pd-user_7530355
pd-user_8666684
pd-user_6044036
pd-user_266487
pd-user_6866303
pd-user_57180
pd-user_3749015
pd-user_485653
pd-user_8445011
pd-user_7679556
pd-user_5225317
pd-user_6477734
pd-user_836536
pd-user_4130284
pd-user_5344376
pd-user_5891690
pd-user_7282355
pd-user_8990570
pd-user_810074
pd-user_7611064
pd-user_4678540
pd-user_4329067
pd-user_572896
pd-user_3265971
pd-user_553955
pd-user_9229882
pd-user_6966945
pd-user_4888651
pd-user_5549320
pd-user_9294948
pd-user_6870086
pd-user_9524866
pd-user_3245786
pd-user_5496092
pd-user_6462330
pd-user_142775
pd-user_2625461
pd-user_6883175
pd-user_755159
pd-user_9872777
pd-user_7442721
pd-user_393145
pd-user_5229126
pd-user_8922192
pd-user_6111151
pd-user_3223963
pd-user_1596377
pd-user_5756242
pd-user_2958868
pd-user_9543970
pd-user_5766740
pd-user_9735739
pd-user_5503995
pd-user_2051108
pd-user_5192088
pd-user_7515098
pd-user_4729923
pd-user_8268087
pd-user_7952894
pd-user_5176954
pd-user_801063
pd-user_9873347
pd-user_5323023
pd-user_8193951
pd-user_6892762
pd-user_6987602
pd-user_6712629
pd-user_2745844
pd-user_1024615
pd-user_9354786
pd-user_9694265
pd-user_49630
pd-user_2339643
pd-user_5339543
pd-user_7400178
pd-user_7492227
pd-user_5048726
pd-user_6787007
pd-user_2541676
pd-user_3084659
pd-user_3396992
pd-user_3690809
pd-user_6862291
pd-user_1665841
pd-user_4209190
pd-user_3709376
pd-user_102144
pd-user_519178
pd-user_791724
pd-user_1698566
pd-user_8253936
pd-user_3509953
pd-user_3356168
pd-user_5568512
pd-user_3194361
pd-user_6922157
pd-user_8365373
pd-user_6425017
pd-user_9104519
pd-user_2113821
pd-user_3766766
pd-user_7497862
pd-user_3744346
pd-user_6891317
pd-user_6896826
pd-user_5564861
pd-user_1114294
pd-user_8036442
pd-user_4211833
pd-user_1972527
pd-user_931858
pd-user_8209110
pd-user_2284434
pd-user_9391860
pd-user_13305
pd-user_4602151
pd-user_5595711
pd-user_4580100
pd-user_8516479
pd-user_3725981
pd-user_6559345
pd-user_9329604
pd-user_7911715
pd-user_3865622
pd-user_8615549
pd-user_4607050
pd-user_5859470
pd-user_256978
pd-user_2607909
pd-user_8931934
pd-user_3632886
pd-user_5907143
pd-user_6826473
pd-user_2584241
pd-user_5281246
pd-user_9418970
pd-user_2581032
pd-user_3657672
pd-user_2390715
pd-user_5370166
pd-user_927633
pd-user_3475225
pd-user_6051341
pd-user_6497847
pd-user_9678983
pd-user_4140170
pd-user_6288194
pd-user_4536936
pd-user_7366065
pd-user_321955
pd-user_9199265
pd-user_5094914
pd-user_2522619
pd-user_7750388
pd-user_7011048
pd-user_4109809
pd-user_8987882
pd-user_5053086
pd-user_325646
pd-user_5843407
pd-user_9219334
pd-user_5465026
pd-user_5218961
pd-user_7315416
pd-user_9543366
pd-user_6340474
pd-user_5153105
pd-user_9648575
pd-user_9811748
pd-user_2089859
pd-user_2500691
pd-user_386056
pd-user_9931641
pd-user_7279997
pd-user_5690070
pd-user_8683155
pd-user_3793251
pd-user_901265
pd-user_8548869
pd-user_2915138
pd-user_9910346
pd-user_4276560
pd-user_6777823
pd-user_1457518
pd-user_6408537
pd-user_6477653
pd-user_3284114
pd-user_387253
pd-user_2860657
pd-user_5037339
pd-user_120310
pd-user_2722211
pd-user_8633380
pd-user_7665177
pd-user_9773054
pd-user_1416107
pd-user_4143162
pd-user_9627644
pd-user_340367
pd-user_9123750
pd-user_4470764
pd-user_1105777
pd-user_6445126
pd-user_4602289
pd-user_7495709
pd-user_4010192
pd-user_7585324
pd-user_2755389
pd-user_2313319
pd-user_4989511
pd-user_315515
pd-user_3178350
pd-user_6716907
pd-user_8028122
pd-user_1310595
pd-user_3419636
pd-user_2647976
pd-user_2807771
pd-user_8908602
pd-user_7138567
pd-user_2447090
pd-user_9600670
pd-user_205126
pd-user_8076419
pd-user_9513160
pd-user_338683
pd-user_7759430
pd-user_144999
pd-user_5962329
pd-user_938996
pd-user_6362566
pd-user_945583
pd-user_7930245
pd-user_744731
pd-user_9442359
pd-user_3806478
pd-user_2945460
pd-user_2869499
pd-user_5822930
pd-user_1966308
pd-user_7889443
pd-user_3226149
pd-user_5936628
pd-user_3600777
pd-user_4114028
pd-user_585775
pd-user_2730683
pd-user_9829189
pd-user_7061726
pd-user_582858
pd-user_4044768
pd-user_3080578
pd-user_321426
pd-user_9102641
pd-user_6457225
pd-user_412322
pd-user_4434962
pd-user_5841535
pd-user_6647046
pd-user_9418676
pd-user_7558017
pd-user_4640194
pd-user_8684849
pd-user_9675543
pd-user_9567276
pd-user_1647131
pd-user_4547111
pd-user_8377258
pd-user_4935241
pd-user_3811377
pd-user_9673128
pd-user_8430135
pd-user_3900178
pd-user_6492572
pd-user_6160733
pd-user_5237576
pd-user_6177841
pd-user_7096005
pd-user_46338
pd-user_4943892
pd-user_8591300
pd-user_5294363
pd-user_1116270
pd-user_5289674
pd-user_4286364
pd-user_6182611
pd-user_885242
pd-user_4508468
pd-user_140222
pd-user_824927
pd-user_6514185
pd-user_5321571
pd-user_8532795
pd-user_2072394
pd-user_9870966
pd-user_179079
pd-user_3210994
pd-user_4171145
pd-user_333700
pd-user_5247046
pd-user_2668169
pd-user_2756744
pd-user_1008757
pd-user_4120580
pd-user_7229140
pd-user_2857965
pd-user_8798176
pd-user_3782070
pd-user_8951747
pd-user_2715295
pd-user_7606615
pd-user_2743044
pd-user_3513593
pd-user_7105233
pd-user_7672966
pd-user_7151253
pd-user_9640186
pd-user_2298080
pd-user_2259782
pd-user_7909194
pd-user_4442020
pd-user_8667874
pd-user_7384110
pd-user_4468618
pd-user_8949742
pd-user_3074174
pd-user_2708843
pd-user_5300310
pd-user_4324907
pd-user_1132956
pd-user_2067171
pd-user_4804706
pd-user_3226277
pd-user_2688389
pd-user_2676909
pd-user_685133
pd-user_7911516
pd-user_3902401
pd-user_9444016
pd-user_3458659
pd-user_3778044
pd-user_3956203
pd-user_7507711
pd-user_3316824
pd-user_4372731
pd-user_8761122
pd-user_6790380
pd-user_1865410
pd-user_4868574
pd-user_1936237
pd-user_3482638
pd-user_6275230
pd-user_1017433
pd-user_3365906
pd-user_1577685
pd-user_9763949
pd-user_2430192
pd-user_5072679
pd-user_8682523
pd-user_7701453
pd-user_7069218
pd-user_8256540
pd-user_5349810
pd-user_5714022
pd-user_6326058
pd-user_4144655
pd-user_1843322
pd-user_13449
pd-user_9466396
pd-user_3037765
pd-user_8054154
pd-user_7902037
pd-user_9014695
pd-user_6896388
pd-user_5009449
pd-user_2118578
pd-user_4885178
pd-user_6825023
pd-user_1820995
pd-user_4025794
pd-user_1959527
pd-user_7621038
pd-user_8668130
pd-user_8757663
pd-user_5111510
pd-user_252769
pd-user_7648125
pd-user_8345061
pd-user_3395421
pd-user_8662008
pd-user_165175
pd-user_7153319
pd-user_6352264
pd-user_4841338
pd-user_8538051
pd-user_5385980
pd-user_9311530
pd-user_8483179
pd-user_7906168
pd-user_8417549
pd-user_9075741
pd-user_5337336
pd-user_9331725
pd-user_9978402
pd-user_7374949
pd-user_9332184
pd-user_5380849
pd-user_5083125
pd-user_3471128
pd-user_7432230
pd-user_5485127
pd-user_7542398
pd-user_3966355
pd-user_1452159
pd-user_8422297
pd-user_3156767
pd-user_6027694
pd-user_7245511
pd-user_1748100
pd-user_8314338
pd-user_6300688
pd-user_6393884
pd-user_1538390
pd-user_7291609
pd-user_7746267
pd-user_3369364
pd-user_2023594
pd-user_9689493
pd-user_9860438
pd-user_6328136
pd-user_7497030
pd-user_9655035
pd-user_4157249
pd-user_179926
pd-user_2854471
pd-user_9431162
pd-user_3669336
pd-user_820694
pd-user_5394456
pd-user_4747871
pd-user_3208925
pd-user_6945696
pd-user_6265438
pd-user_5074549
pd-user_5524317
pd-user_9442273
pd-user_8657677
pd-user_2979407
pd-user_9442465
pd-user_6957448
pd-user_2513250
pd-user_8072691
pd-user_5191551
pd-user_6662878
pd-user_3761079
pd-user_5608931
pd-user_822364
pd-user_6956273
pd-user_868544
pd-user_9489579
pd-user_8368268
pd-user_9961234
pd-user_7600665
pd-user_152367
pd-user_8389209
pd-user_387934
pd-user_1519463
pd-user_8575863
pd-user_4651434
pd-user_3184289
pd-user_4057324
pd-user_9021675
pd-user_736957
pd-user_8776818
pd-user_3816566
pd-user_905425
pd-user_8903561
pd-user_4056163
pd-user_5685348
pd-user_722012
pd-user_9919599
pd-user_9704487
pd-user_9313400
pd-user_3151507
pd-user_8297681
pd-user_3359797
pd-user_8927059
pd-user_6067862
pd-user_2120845
pd-user_2458576
pd-user_9901676
pd-user_344807
pd-user_4540369
pd-user_5949214
pd-user_3021125
pd-user_8898532
pd-user_7467660
pd-user_6641427
pd-user_2558198
pd-user_4565183
pd-user_3460684
pd-user_5321018
pd-user_2854141
pd-user_7480267
pd-user_5099748
pd-user_7178762
pd-user_1382840
pd-user_4572403
pd-user_3633945
pd-user_9516102
pd-user_6762524
pd-user_1331960
pd-user_393505
pd-user_581306
pd-user_3050918
pd-user_4035788
pd-user_4403923
pd-user_4954526
pd-user_6576467
pd-user_4198918
pd-user_6119208
pd-user_8603776
pd-user_3158663
pd-user_129329
pd-user_1118458
pd-user_5831709
pd-user_3262541
pd-user_3019324
pd-user_1807533
pd-user_8305397
pd-user_7859631
pd-user_2564075
pd-user_9543673
pd-user_204778
pd-user_9940462
pd-user_6639566
pd-user_6213916
pd-user_1671453
pd-user_78276
pd-user_5844935
pd-user_3661371
pd-user_8265380
pd-user_5522507
pd-user_6369162
pd-user_293579
pd-user_9949704
pd-user_9294583
pd-user_7429349
pd-user_228121
pd-user_6751417
pd-user_9734052
pd-user_4914823
pd-user_2689102
pd-user_4765119
pd-user_7554880
pd-user_425258
pd-user_8085355
pd-user_4335369
pd-user_7729276
pd-user_1975039
pd-user_1493300
pd-user_3486181
pd-user_1249797
pd-user_2435590
pd-user_7094970
pd-user_5557173
pd-user_8246343
pd-user_7987707
pd-user_4113928
pd-user_733263
pd-user_326926
pd-user_2196243
pd-user_6445358
pd-user_3241301
pd-user_9573281
pd-user_2304471
pd-user_4506064
pd-user_8260123
pd-user_3456092
pd-user_2669538
pd-user_57773
pd-user_9999638
pd-user_3004624
pd-user_1019011
pd-user_978427
pd-user_6766551
pd-user_3201405
pd-user_7605245
pd-user_5192181
pd-user_5387716
pd-user_8017657
pd-user_8267856
pd-user_2384382
pd-user_6852401
pd-user_2111320
pd-user_3827349
pd-user_6453728
pd-user_336324
pd-user_6224928
pd-user_1088799
pd-user_2710341
pd-user_5806219
pd-user_5521635
pd-user_6811680
pd-user_8017763
pd-user_4536117
pd-user_2571623
pd-user_7417923
pd-user_3672175
pd-user_6462643
pd-user_9038092
pd-user_433338
pd-user_8345559
pd-user_9115664
pd-user_8314731
pd-user_9098250
pd-user_6996624
pd-user_7789300
pd-user_5504440
pd-user_5189879
pd-user_6936879
pd-user_4176303
pd-user_3024952
pd-user_1538004
pd-user_2536035
pd-user_4025844
pd-user_9380504
pd-user_3381597
pd-user_7571032
pd-user_1720212
pd-user_2457871
pd-user_2921046
pd-user_4850646
pd-user_2261446
pd-user_2493112
pd-user_1867221
pd-user_7766408
pd-user_664221
pd-user_7271496
pd-user_4708488
pd-user_7356346
pd-user_949508
pd-user_9027808
pd-user_4438115
pd-user_2722039
pd-user_9162346
pd-user_2433325
pd-user_6600770
pd-user_7958496
pd-user_3729335
pd-user_1942522
pd-user_566522
pd-user_1647126
pd-user_6451264
pd-user_1052171
pd-user_5642006
pd-user_78630
pd-user_7428518
pd-user_1681304
pd-user_9437237
pd-user_5425338
pd-user_9227448
pd-user_3366840
pd-user_4487841
pd-user_3695976
pd-user_5958495
pd-user_5052410
pd-user_5467724
pd-user_1116507
pd-user_5109769
pd-user_9480705
pd-user_8382908
pd-user_1448627
pd-user_9222095
pd-user_9215842
pd-user_1581584
pd-user_3463293
pd-user_5112631
pd-user_7117882
pd-user_2476696
pd-user_6311231
pd-user_4668622
pd-user_1172309
pd-user_2927919
pd-user_9403607
pd-user_4857235
pd-user_9519010
pd-user_8158409
pd-user_1919179
pd-user_6923334
pd-user_9836169
pd-user_6694403
pd-user_7663177
pd-user_7198212
pd-user_6608354
pd-user_4554291
pd-user_7278222
pd-user_7549370
pd-user_3835305
pd-user_1122901
pd-user_3586789
pd-user_2315384
pd-user_5659399
pd-user_7724017
pd-user_9598047
pd-user_8128818
pd-user_5878926
pd-user_6227036
pd-user_5469537
pd-user_4863925
pd-user_446395
pd-user_9936071
pd-user_5920215
pd-user_5504827
pd-user_8490324
pd-user_4839724
pd-user_9489360
pd-user_8580576
pd-user_4611350
pd-user_7065799
pd-user_7900979
pd-user_9100730
pd-user_1924075
pd-user_8704536
pd-user_2061051
pd-user_8300815
pd-user_571090
pd-user_3663922
pd-user_2081035
pd-user_8620611
pd-user_3080844
pd-user_2961826
pd-user_2815357
pd-user_2667213
pd-user_2544235
pd-user_8057634
pd-user_9137332
pd-user_6934537
pd-user_1809961
pd-user_6983162
pd-user_3572545
pd-user_9714666
pd-user_6040214
pd-user_9844866
pd-user_1373976
pd-user_3322496
pd-user_9798426
pd-user_9840719
pd-user_1128537
pd-user_1188289
pd-user_8465667
pd-user_2578481
pd-user_2122244
pd-user_5175928
pd-user_8127976
pd-user_619817
pd-user_2207986
pd-user_1664986
pd-user_4652342
pd-user_6190822
pd-user_7703385
pd-user_9637401
pd-user_9456033
pd-user_4856122
pd-user_6873411
pd-user_5036307
pd-user_8191691
pd-user_748141
pd-user_4310877
pd-user_7992703
pd-user_4117872
pd-user_2771216
pd-user_8612677
pd-user_6694364
pd-user_9568773
pd-user_6925503
pd-user_4978635
pd-user_8747246
pd-user_3356651
pd-user_9322649
pd-user_5047327
pd-user_1716783
pd-user_2090335
pd-user_6720088
pd-user_1145674
pd-user_5890766
pd-user_8748113
pd-user_7729372
pd-user_874130
pd-user_4913921
pd-user_6144792
pd-user_9995586
pd-user_1242961
pd-user_8990168
pd-user_4134344
pd-user_2248394
pd-user_7735911
pd-user_6593214
pd-user_9860661
pd-user_7439869
pd-user_1763986
pd-user_7295567
pd-user_2144462
pd-user_3863782
pd-user_1505176
pd-user_6280243
pd-user_1354415
pd-user_6017060
pd-user_4417106
pd-user_3715091
pd-user_5259635
pd-user_4787150
pd-user_6981421
pd-user_1029938
pd-user_7679790
pd-user_9833978
pd-user_1552362
pd-user_5414862
pd-user_7995241
pd-user_6835136
pd-user_5076687
pd-user_2025279
pd-user_4203413
pd-user_1565307
pd-user_3488598
pd-user_5286384
pd-user_5902568
pd-user_5692774
pd-user_4404061
pd-user_3147442
pd-user_4589683
pd-user_6855444
pd-user_3881539
pd-user_2253138
pd-user_4563460
pd-user_260009
pd-user_2596676
pd-user_2020336
pd-user_4166309
pd-user_477277
pd-user_5664369
pd-user_5094509
pd-user_931398
pd-user_1874120
pd-user_5055095
pd-user_6266536
pd-user_7018510
pd-user_5522003
pd-user_1304886
pd-user_7956079
pd-user_6758381
pd-user_8098956
pd-user_6885443
pd-user_7253874
pd-user_184298
pd-user_2482167
pd-user_6451737
pd-user_5082270
pd-user_789548
pd-user_3786150
pd-user_2901346
pd-user_3408153
pd-user_4195187
pd-user_4730601
pd-user_1884290
pd-user_7237181
pd-user_2738213
pd-user_4912228
pd-user_5823590
pd-user_7270484
pd-user_9350677
pd-user_2401702
pd-user_6544622
pd-user_2721558
pd-user_3194643
pd-user_343413
pd-user_7196134
pd-user_960845
pd-user_5874479
pd-user_8948152
pd-user_5585863
pd-user_2979254
pd-user_90103
pd-user_4432138
pd-user_8148253
pd-user_7594258
pd-user_3334826
pd-user_2517458
pd-user_3363077
pd-user_807342
pd-user_6184545
pd-user_7152430
pd-user_3015554
pd-user_1346901
pd-user_7698437
pd-user_1340695
pd-user_2997369
pd-user_5477026
pd-user_4856509
pd-user_1233424
pd-user_3776800
pd-user_8779620
pd-user_7015361
pd-user_4825532
pd-user_73644
pd-user_7777728
pd-user_309563
pd-user_9582088
pd-user_1821320
pd-user_3221543
pd-user_546767
pd-user_4368343
pd-user_580520
pd-user_1206354
pd-user_8057982
pd-user_1129206
pd-user_8031927
pd-user_3067420
pd-user_6379140
pd-user_2624234
pd-user_688493
pd-user_2279568
pd-user_8786027
pd-user_7277873
pd-user_5638392
pd-user_3752652
pd-user_4881893
pd-user_2790282
pd-user_3285724
pd-user_8720868
pd-user_7057035
pd-user_8985690
pd-user_9634535
pd-user_9346024
pd-user_4738695
pd-user_2861697
pd-user_7657511
pd-user_8552670
pd-user_3322588
pd-user_5044751
pd-user_7431800
pd-user_1856003
pd-user_1094280
pd-user_4906888
pd-user_1868279
pd-user_381960
pd-user_7956371
pd-user_7782824
pd-user_457589
pd-user_1101280
pd-user_4445564
pd-user_1275749
pd-user_2096070
pd-user_815542
pd-user_3532906
pd-user_4558338
pd-user_1958074
pd-user_3533794
pd-user_4117068
pd-user_119966
pd-user_1481787
pd-user_2455666
pd-user_1901962
pd-user_5814548
pd-user_820052
pd-user_9210280
pd-user_9360532
pd-user_2146305
pd-user_655949
pd-user_6454215
pd-user_3585266
pd-user_5080431
pd-user_7489358
pd-user_7617826
pd-user_3712384
pd-user_852122
pd-user_9231061
pd-user_8521749
pd-user_2661811
pd-user_4105021
pd-user_8947733
pd-user_4112534
pd-user_8543445
pd-user_2839386
pd-user_8997574
pd-user_8447430
pd-user_8437390
pd-user_3264326
pd-user_1846815
pd-user_7197648
pd-user_8097388
pd-user_7907197
pd-user_5368496
pd-user_2737520
pd-user_9948460
pd-user_705942
pd-user_7213501
pd-user_1004647
pd-user_5061405
pd-user_7500108
pd-user_9246217
pd-user_4202832
pd-user_9956788
pd-user_5572727
pd-user_9325076
pd-user_4713357
pd-user_3306431
pd-user_641508
pd-user_9457988
pd-user_2324825
pd-user_7956711
pd-user_3734135
pd-user_1704427
pd-user_8736855
pd-user_2777379
pd-user_1011122
pd-user_426940
pd-user_4644230
pd-user_142479
pd-user_2093360
pd-user_4273575
pd-user_4841825
pd-user_7523245
pd-user_7815139
pd-user_813361
pd-user_8510326
pd-user_6008399
pd-user_2664864
pd-user_1645943
pd-user_1316459
pd-user_5927360
pd-user_2946490
pd-user_9135235
pd-user_9067626
pd-user_5868499
pd-user_6375801
pd-user_1769899
pd-user_2321699
pd-user_7303477
pd-user_3554928
pd-user_3100496
pd-user_6459624
pd-user_129164
pd-user_2989364
pd-user_837145
pd-user_8211241
pd-user_6623776
pd-user_781187
pd-user_5806294
pd-user_390744
pd-user_1221513
pd-user_1378036
pd-user_6902292
pd-user_9557699
pd-user_5467572
pd-user_9771298
pd-user_9349446
pd-user_8243255
pd-user_3352915
pd-user_9473725
pd-user_4250472
pd-user_6283566
pd-user_2617133
pd-user_1409965
pd-user_5219015
pd-user_4256548
pd-user_4603501
pd-user_8924162
pd-user_3488216
pd-user_7535360
pd-user_4477030
pd-user_6265798
pd-user_5386178
pd-user_5342410
pd-user_7280270
pd-user_3229702
pd-user_7354083
pd-user_5730570
pd-user_9444202
pd-user_1490952
pd-user_1873501
pd-user_1901123
pd-user_3552817
pd-user_5426598
pd-user_8751633
pd-user_9594162
pd-user_2409764
pd-user_1090654
pd-user_5654629
pd-user_1920812
pd-user_307257
pd-user_6976704
pd-user_6497328
pd-user_9285457
pd-user_2366379
pd-user_2534225
pd-user_2418606
pd-user_5738905
pd-user_3279772
pd-user_3842575
pd-user_9648934
pd-user_8210918
pd-user_1667470
pd-user_597034
pd-user_8887302
pd-user_2735137
pd-user_6849282
pd-user_8922511
pd-user_9957474
pd-user_4355779
pd-user_9669942
pd-user_2664966
pd-user_3957553
pd-user_5455823
pd-user_3745009
pd-user_2956010
pd-user_9622230
pd-user_6858277
pd-user_6587431
pd-user_2654208
pd-user_4650435
pd-user_9193776
pd-user_8306597
pd-user_1397705
pd-user_9396614
pd-user_4230604
pd-user_2651122
pd-user_7947668
pd-user_55839
pd-user_4234429
pd-user_2873141
pd-user_2123654
pd-user_1573236
pd-user_7010797
pd-user_7975715
pd-user_7642393
pd-user_1250757
pd-user_5099985
pd-user_7860443
pd-user_6534018
pd-user_9591944
pd-user_2805429
pd-user_6547242
pd-user_1424494
pd-user_559264
pd-user_9787326
pd-user_9127023
pd-user_1484983
pd-user_1260793
pd-user_4719676
pd-user_6999983
pd-user_6044736
pd-user_3439580
pd-user_2096437
pd-user_2805226
pd-user_5454499
pd-user_7855064
pd-user_6835393
pd-user_4442413
pd-user_4907355
pd-user_7028286
pd-user_2109950
pd-user_5974014
pd-user_8977062
pd-user_9669787
pd-user_8997139
pd-user_2088603
pd-user_7960077
pd-user_4530570
pd-user_2845516
pd-user_7290321
pd-user_2408293
pd-user_3616429
pd-user_6535475
pd-user_4217274
pd-user_2548444
pd-user_3840486
pd-user_8492379
pd-user_9682872
pd-user_5814142
pd-user_891499
pd-user_172618
pd-user_7535697
pd-user_2389480
pd-user_773452
pd-user_383236
pd-user_4063641
pd-user_9725092
pd-user_4815530
pd-user_862548
pd-user_1482382
pd-user_4262480
pd-user_4962520
pd-user_6116915
pd-user_881642
pd-user_6222412
pd-user_4108898
pd-user_8018158
pd-user_5727823
pd-user_3817273
pd-user_8919835
pd-user_5611458
pd-user_8842684
pd-user_3812656
pd-user_578857
pd-user_9641392
pd-user_7951679
pd-user_1065560
pd-user_2368181
pd-user_2998641
pd-user_8023189
pd-user_169676
pd-user_5703326
pd-user_8901972
pd-user_151041
pd-user_8857407
pd-user_7318384
pd-user_4773601
pd-user_4761278
pd-user_5754960
pd-user_9591386
pd-user_6338927
pd-user_3153223
pd-user_4871091
pd-user_9731511
pd-user_667144
pd-user_4129795
pd-user_5511037
pd-user_8777044
pd-user_1031654
pd-user_4583931
pd-user_205493
pd-user_9364954
pd-user_7031976
pd-user_690362
pd-user_1567640
pd-user_4285223
pd-user_8021408
pd-user_4420821
pd-user_5266500
pd-user_1916077
pd-user_591655
pd-user_8164550
pd-user_8328590
pd-user_7032364
pd-user_4019365
pd-user_9269254
pd-user_8551996
pd-user_4398886
pd-user_9930175
pd-user_6206736
pd-user_7491628
pd-user_5394457
pd-user_9391706
pd-user_5978118
pd-user_4144438
pd-user_5903570
pd-user_8967879
pd-user_8725726
pd-user_3392601
pd-user_2148879
pd-user_2068058
pd-user_1359823
pd-user_841838
pd-user_5269335
pd-user_7815547
pd-user_526498
pd-user_6371935
pd-user_1038296
pd-user_6704537
pd-user_6244451
pd-user_20278
pd-user_8609617
pd-user_4203326
pd-user_408860
pd-user_3238684
pd-user_1505281
pd-user_7774757
pd-user_53786
pd-user_7635724
pd-user_6620160
pd-user_9364154
pd-user_7499064
pd-user_5533884
pd-user_2994454
pd-user_7385627
pd-user_9621951
pd-user_2344328
pd-user_5861797
pd-user_92752
pd-user_9130962
pd-user_3572871
pd-user_1684283
pd-user_6341830
pd-user_8163745
pd-user_6124861
pd-user_9292242
pd-user_597638
pd-user_1865901
pd-user_9498575
pd-user_2942776
pd-user_4684067
pd-user_8181745
pd-user_8179198
pd-user_4526341
pd-user_8041967
pd-user_638061
pd-user_3569185
pd-user_3460657
pd-user_4042773
pd-user_1827731
pd-user_8692150
pd-user_4053625
pd-user_3148383
pd-user_6170786
pd-user_5687913
pd-user_8515224
pd-user_7007144
pd-user_7020547
pd-user_5704145
pd-user_7082375
pd-user_2322570
pd-user_6731144
pd-user_2470069
pd-user_9406425
pd-user_8863563
pd-user_9249364
pd-user_6872721
pd-user_9746194
pd-user_8931584
pd-user_2457450
pd-user_4339709
pd-user_6766938
pd-user_5264382
pd-user_5664743
pd-user_8617931
pd-user_2990231
pd-user_9746438
pd-user_8482635
pd-user_1103723
pd-user_644941
pd-user_833980
pd-user_7069002
pd-user_5983780
pd-user_8747675
pd-user_19576
pd-user_1866211
pd-user_2088208
pd-user_3890029
pd-user_5649406
pd-user_1119267
pd-user_155435
pd-user_6488601
pd-user_7679049
pd-user_7598778
pd-user_8404449
pd-user_6443231
pd-user_1091302
pd-user_6937557
pd-user_1701176
pd-user_4534928
pd-user_1750593
pd-user_7459212
pd-user_6308674
pd-user_3142587
pd-user_8949081
pd-user_1598309
pd-user_4823451
pd-user_6786492
pd-user_3834974
pd-user_9346283
pd-user_2140622
pd-user_2425087
pd-user_7733378
pd-user_6821391
pd-user_8253336
pd-user_2706940
pd-user_5798904
pd-user_3117258
pd-user_3672210
pd-user_4704705
pd-user_9938727
pd-user_7037196
pd-user_2895981
pd-user_6383005
pd-user_6748514
pd-user_5899616
pd-user_6084779
pd-user_8451693
pd-user_6695848
pd-user_8468805
pd-user_5844551
pd-user_2141697
pd-user_4108195
pd-user_1608825
pd-user_2668359
pd-user_7298315
pd-user_6820827
pd-user_7620567
pd-user_7111578
pd-user_9741538
pd-user_9671442
pd-user_5057745
pd-user_5231902
pd-user_6813663
pd-user_4104911
pd-user_922354
pd-user_1542880
pd-user_7385495
pd-user_5201317
pd-user_6453576
pd-user_8587295
pd-user_1751838
pd-user_8435380
pd-user_5789604
pd-user_2779754
pd-user_1109953
pd-user_8096348
pd-user_4022383
pd-user_3070422
pd-user_499312
pd-user_9469525
pd-user_4001195
pd-user_1764559
pd-user_1658021
pd-user_7492394
pd-user_3689863
pd-user_5614127
pd-user_107548
pd-user_871336
pd-user_2928110
pd-user_3137300
pd-user_5805099
pd-user_4078002
pd-user_5961968
pd-user_2053409
pd-user_6107968
pd-user_3411528
pd-user_1810399
pd-user_3779800
pd-user_1299514
pd-user_7997607
pd-user_7233102
pd-user_9801327
pd-user_5806674
pd-user_1545528
pd-user_9226845
pd-user_9118993
pd-user_6453557
pd-user_77172
pd-user_4376714
pd-user_7004710
pd-user_339401
pd-user_3304811
pd-user_5456198
pd-user_6685115
pd-user_4708765
pd-user_3377791
pd-user_3663862
pd-user_3825625
pd-user_5407944
pd-user_936010
pd-user_9961809
pd-user_4123607
pd-user_1113307
pd-user_5896713
pd-user_2385392
pd-user_2483313
pd-user_5050404
pd-user_8767650
pd-user_2876780
pd-user_9128820
pd-user_3974577
pd-user_6022132
pd-user_9000679
pd-user_1888433
pd-user_5795197
pd-user_4193498
pd-user_9808413
pd-user_1077315
pd-user_564264
pd-user_812174
pd-user_7009176
pd-user_8411343
pd-user_5740164
pd-user_2710054
pd-user_425276
pd-user_4162013
pd-user_6369779
pd-user_7647404
pd-user_5458168
pd-user_689656
pd-user_2230968
pd-user_4616000
pd-user_795264
pd-user_3330424
pd-user_7772621
pd-user_638518
pd-user_374556
pd-user_6930611
pd-user_7666686
pd-user_5143403
pd-user_3075636
pd-user_6487908
pd-user_998870
pd-user_6315886
pd-user_1350376
pd-user_1662099
pd-user_8006281
pd-user_6280066
pd-user_5201862
pd-user_8828545
pd-user_481877
pd-user_9723989
pd-user_8465655
pd-user_9444937
pd-user_4797997
pd-user_9007369
pd-user_7581125
pd-user_8808712
pd-user_2155000
pd-user_4772149
pd-user_3155912
pd-user_7689726
pd-user_7470964
pd-user_2618134
pd-user_2327830
pd-user_7140694
pd-user_5957455
pd-user_4272177
pd-user_6906162
pd-user_5088222
pd-user_2421070
pd-user_1817939
pd-user_7340219
pd-user_4165065
pd-user_2093241
pd-user_2570902
pd-user_4855532
pd-user_4940874
pd-user_7337981
pd-user_3016464
pd-user_8829367
pd-user_5958090
pd-user_8708370
pd-user_8117954
pd-user_169091
pd-user_5305524
pd-user_270512
pd-user_6710176
pd-user_8913865
pd-user_4255932
pd-user_7358957
pd-user_1537519
pd-user_8209243
pd-user_3987513
pd-user_5861316
pd-user_57146
pd-user_6800011
pd-user_3038510
pd-user_2487346
pd-user_7469117
pd-user_2909526
pd-user_4327209
pd-user_4101760
pd-user_2212159
pd-user_7314147
pd-user_4255371
pd-user_3032983
pd-user_37145
pd-user_8361509
pd-user_7263494
pd-user_5188358
pd-user_8804221
pd-user_2454816
pd-user_9348675
pd-user_6638279
pd-user_4101984
pd-user_4726576
pd-user_6878623
pd-user_4535808
pd-user_1064485
pd-user_3873513
pd-user_2272675
pd-user_8110948
pd-user_1050534
pd-user_5348266
pd-user_2213704
pd-user_3362383
pd-user_6142099
pd-user_6484891
pd-user_9364147
pd-user_1205713
pd-user_6689423
pd-user_1275249
pd-user_4365155
pd-user_9575815
pd-user_4422328
pd-user_7460221
pd-user_8529551
pd-user_7587480
pd-user_56231
pd-user_6433684
pd-user_390942
pd-user_1450384
pd-user_595710
pd-user_9366211
pd-user_3285409
pd-user_4194558
pd-user_4179094
pd-user_9669640
pd-user_5940978
pd-user_9804991
pd-user_1868786
pd-user_9562062
pd-user_1335813
pd-user_6123329
pd-user_9183742
pd-user_9096560
pd-user_8323790
pd-user_5686023
pd-user_9563674
pd-user_5295947
pd-user_5237985
pd-user_3476388
pd-user_7373037
pd-user_2726931
pd-user_3553375
pd-user_2154981
pd-user_6051732
pd-user_6385745
pd-user_8390335
pd-user_2849726
pd-user_5662093
pd-user_7606962
pd-user_4325237
pd-user_4558193
pd-user_6071266
pd-user_7672865
pd-user_8253096
pd-user_3844877
pd-user_5166765
pd-user_373904
pd-user_2634998
pd-user_1683168
pd-user_880182
pd-user_1063243
pd-user_1206366
pd-user_9327235
pd-user_7811343
pd-user_3892469
pd-user_3109617
pd-user_7011532
pd-user_184403
pd-user_6293534
pd-user_8192509
pd-user_2737269
pd-user_191796
pd-user_7684
pd-user_9481004
pd-user_8793568
pd-user_4888866
pd-user_1017566
pd-user_4360797
pd-user_5020826
pd-user_7468239
pd-user_7049418
pd-user_2553932
pd-user_5740419
pd-user_7163050
pd-user_719763
pd-user_9196126
pd-user_6357206
pd-user_625239
pd-user_8912741
pd-user_9580094
pd-user_2004389
pd-user_1439684
pd-user_9823155
pd-user_3511974
pd-user_3042957
pd-user_220332
pd-user_5092058
pd-user_7020479
pd-user_9475190
pd-user_5889656
pd-user_6167622
pd-user_6697581
pd-user_5916037
pd-user_4427847
pd-user_2171785
pd-user_6102703
pd-user_4982516
pd-user_9889875
pd-user_1208733
pd-user_8659994
pd-user_7041129
pd-user_5216510
pd-user_9017017
pd-user_130612
pd-user_3410100
pd-user_9985049
pd-user_987094
pd-user_7182041
pd-user_3036759
pd-user_7739832
pd-user_9258074
pd-user_3248229
pd-user_460196
pd-user_3664006
pd-user_9975514
pd-user_8629647
pd-user_9134207
pd-user_4151765
pd-user_1863056
pd-user_545921
pd-user_8658576
pd-user_8520466
pd-user_8998304
pd-user_360943
pd-user_8528557
pd-user_6809623
pd-user_2052236
pd-user_5793970
pd-user_2443908
pd-user_2432461
pd-user_7975565
pd-user_1090850
pd-user_9546954
pd-user_3664996
pd-user_1126130
pd-user_1059449
pd-user_6962584
pd-user_6032923
pd-user_9212806
pd-user_8357081
pd-user_5532114
pd-user_2106182
pd-user_5653097
pd-user_4264542
pd-user_8896510
pd-user_1735988
pd-user_8047712
pd-user_417253
pd-user_3949165
pd-user_3735766
pd-user_1312926
pd-user_5556951
pd-user_8692136
pd-user_3702751
pd-user_9448851
pd-user_5840076
pd-user_7616646
pd-user_9816946
pd-user_7771898
pd-user_1183869
pd-user_112827
pd-user_6834073
pd-user_6613753
pd-user_5410519
pd-user_5100311
pd-user_6633434
pd-user_368647
pd-user_5640113
pd-user_3487852
pd-user_3608377
pd-user_9893115
pd-user_141287
pd-user_2672878
pd-user_7365548
pd-user_3862138
pd-user_4701382
pd-user_9784811
pd-user_3981397
pd-user_2707723
pd-user_4344054
pd-user_1234343
pd-user_9150388
pd-user_5209638
pd-user_9043783
pd-user_8599501
pd-user_4837389
pd-user_8423967
pd-user_5462386
pd-user_2230521
pd-user_4406456
pd-user_3421930
pd-user_1386305
pd-user_9244825
pd-user_6663094
pd-user_8580401
pd-user_1295446
pd-user_6728519
pd-user_3039817
pd-user_6418490
pd-user_9043809
pd-user_4194380
pd-user_5013417
pd-user_6398848
pd-user_2597173
pd-user_1022504
pd-user_8381532
pd-user_4788912
pd-user_7587798
pd-user_3838581
pd-user_4032032
pd-user_4163809
pd-user_2844873
pd-user_5427212
pd-user_7439621
pd-user_8351465
pd-user_4543919
pd-user_4797232
pd-user_8507548
pd-user_550232
pd-user_3463656
pd-user_2306673
pd-user_3216390
pd-user_7198117
pd-user_1139683
pd-user_4647192
pd-user_5924503
pd-user_8544701
pd-user_896175
pd-user_299966
pd-user_301163
pd-user_4315933
pd-user_832466
pd-user_4079379
pd-user_9135177
pd-user_299192
pd-user_9707711
pd-user_9321006
pd-user_8821427
pd-user_9292119
pd-user_4345480
pd-user_1196660
pd-user_6078237
pd-user_8114752
pd-user_2698563
pd-user_6365385
pd-user_9558629
pd-user_4788810
pd-user_5051660
pd-user_3330372
pd-user_6503873
pd-user_3863039
pd-user_3674912
pd-user_2268284
pd-user_1772900
pd-user_975760
pd-user_4317410
pd-user_3679836
pd-user_7185595
pd-user_3452915
pd-user_3238205
pd-user_1660502
pd-user_5594915
pd-user_4408858
pd-user_5435424
pd-user_626016
pd-user_1233279
pd-user_5147018
pd-user_6657322
pd-user_3175111
pd-user_7682640
pd-user_8909451
pd-user_8886807
pd-user_8319920
pd-user_9764955
pd-user_5816897
pd-user_656316
pd-user_5222635
pd-user_8858721
pd-user_9243074
pd-user_928185
pd-user_5803907
pd-user_9572671
pd-user_8644922
pd-user_786604
pd-user_7251968
pd-user_5111802
pd-user_8369184
pd-user_8673169
pd-user_5099819
pd-user_6743417
pd-user_2199359
pd-user_29874
pd-user_8313180
pd-user_3438935
pd-user_348286
pd-user_5381467
pd-user_4207128
pd-user_658196
pd-user_8714958
pd-user_7049462
pd-user_2312874
pd-user_6604228
pd-user_9195611
pd-user_9327366
pd-user_4673140
pd-user_7937712
pd-user_1952497
pd-user_5728120
pd-user_7799415
pd-user_8797920
pd-user_6820075
pd-user_9785472
pd-user_4986632
pd-user_1784325
pd-user_510726
pd-user_5316326
pd-user_6815191
pd-user_6317666
pd-user_7978690
pd-user_2277826
pd-user_1491564
pd-user_3422744
pd-user_4856874
pd-user_5472913
pd-user_8874106
pd-user_9116680
pd-user_2144775
pd-user_6716210
pd-user_6370288
pd-user_7965181
pd-user_1912031
pd-user_4075161
pd-user_7636951
pd-user_6548632
pd-user_1525635
pd-user_3469504
pd-user_4060501
pd-user_6375851
pd-user_7766258
pd-user_4727679
pd-user_8550748
pd-user_9507507
pd-user_4180315
pd-user_4304238
pd-user_6422040
pd-user_1372902
pd-user_2341839
pd-user_3001427
pd-user_2900849
pd-user_5822347
pd-user_3948886
pd-user_7499416
pd-user_6621227
pd-user_6047221
pd-user_9732003
pd-user_7754376
pd-user_8079368
pd-user_5111330
pd-user_7512359
pd-user_7747841
pd-user_4148275
pd-user_4131966
pd-user_3513961
pd-user_5941201
pd-user_5739
pd-user_1355443
pd-user_7779792
pd-user_6270469
pd-user_4635766
pd-user_9518994
pd-user_8246155
pd-user_5670525
pd-user_1549011
pd-user_8215237
pd-user_3519051
pd-user_6115844
pd-user_3461134
pd-user_963622
pd-user_9414354
pd-user_7591633
pd-user_4599063
pd-user_6644761
pd-user_9119451
pd-user_9656965
pd-user_3651448
pd-user_6004191
pd-user_8587351
pd-user_6278381
pd-user_5413829
pd-user_9821824
pd-user_4866683
pd-user_9771397
pd-user_9711065
pd-user_6752567
pd-user_1888204
pd-user_4054359
pd-user_5186753
pd-user_1760353
pd-user_8252079
pd-user_7292136
pd-user_257913
pd-user_1161090
pd-user_9357569
pd-user_419167
pd-user_9292757
pd-user_1818124
pd-user_2428615
pd-user_5785156
pd-user_5812098
pd-user_6981203
pd-user_7144964
pd-user_890721
pd-user_9055270
pd-user_4270582
pd-user_8868844
pd-user_5790448
pd-user_4970982
pd-user_1348506
pd-user_1640920
pd-user_1026074
pd-user_7426484
pd-user_4031026
pd-user_6481128
pd-user_3519353
pd-user_3966527
pd-user_7204102
pd-user_2407663
pd-user_5972565
pd-user_3463290
pd-user_5735241
pd-user_2275738
pd-user_4796081
pd-user_3260218
pd-user_9692552
pd-user_9524145
pd-user_7005794
pd-user_1491665
pd-user_2870700
pd-user_7716929
pd-user_6513117
pd-user_5180017
pd-user_335700
pd-user_1372060
pd-user_1678119
pd-user_9049488
pd-user_4835312
pd-user_8440345
pd-user_4562057
pd-user_1407664
pd-user_207008
pd-user_9013669
pd-user_1442629
pd-user_142703
pd-user_4291225
pd-user_5935965
pd-user_7961705
pd-user_3780173
pd-user_6819338
pd-user_3929165
pd-user_1288068
pd-user_2059407
pd-user_8070647
pd-user_2419360
pd-user_6077036
pd-user_1257927
pd-user_5403954
pd-user_8646606
pd-user_8563686
pd-user_7546100
pd-user_5638803
pd-user_9460467
pd-user_9166969
pd-user_1917199
pd-user_9297769
pd-user_7121674
pd-user_6756152
pd-user_2521909
pd-user_2131237
pd-user_5257786
pd-user_255411
pd-user_6970348
pd-user_6059754
pd-user_7744262
pd-user_1776427
pd-user_7595391
pd-user_2726459
pd-user_3935556
pd-user_1770971
pd-user_6686473
pd-user_1038962
pd-user_3220813
pd-user_9247360
pd-user_8428328
pd-user_3365923
pd-user_6854704
pd-user_2094994
pd-user_8615923
pd-user_6873830
pd-user_1967508
pd-user_3531972
pd-user_3284408
pd-user_744461
pd-user_5752441
pd-user_7721434
pd-user_426077
pd-user_4653453
pd-user_5246146
pd-user_4465390
pd-user_785113
pd-user_6679288
pd-user_3878306
pd-user_542020
pd-user_7494418
pd-user_446669
pd-user_4421332
pd-user_8685155
pd-user_8037433
pd-user_175132
pd-user_7463553
pd-user_2923516
pd-user_4785461
pd-user_2920056
pd-user_1038979
pd-user_8456971
pd-user_5618722
pd-user_5820281
pd-user_5408084
pd-user_4538468
pd-user_6145493
pd-user_1619235
pd-user_1150788
pd-user_117712
pd-user_4117774
pd-user_3912469
pd-user_3121851
pd-user_3696658
pd-user_2002125
pd-user_607535
pd-user_5944108
pd-user_7350684
pd-user_5452001
pd-user_3257297
pd-user_3950204
pd-user_5303354
pd-user_4691627
pd-user_1701317
pd-user_509029
pd-user_2403946
pd-user_7699226
pd-user_7441734
pd-user_6705153
pd-user_2051469
pd-user_5832201
pd-user_1746655
pd-user_8062101
pd-user_5702231
pd-user_4903300
pd-user_4212482
pd-user_3509156
pd-user_4683142
pd-user_9829819
pd-user_2625820
pd-user_6540194
pd-user_2387008
pd-user_2885108
pd-user_9765429
pd-user_4866033
pd-user_8217985
pd-user_278833
pd-user_1114472
pd-user_3543750
pd-user_5813521
pd-user_9674822
pd-user_5109573
pd-user_6764398
pd-user_6664912
pd-user_2806128
pd-user_4905770
pd-user_8537177
pd-user_441281
pd-user_1016250
pd-user_1227689
pd-user_3267428
pd-user_8034506
pd-user_7094823
pd-user_2221681
pd-user_6238704
pd-user_9717120
pd-user_8932476
pd-user_1994841
pd-user_2199071
pd-user_6632560
pd-user_3507136
pd-user_9405156
pd-user_4358505
pd-user_185927
pd-user_5750505
pd-user_8134111
pd-user_1752862
pd-user_1622973
pd-user_3455079
pd-user_7464674
pd-user_1565574
pd-user_1511011
pd-user_7618985
pd-user_4446151
pd-user_2916579
pd-user_5111548
pd-user_2946863
pd-user_1596706
pd-user_2311577
pd-user_2990061
pd-user_5570539
pd-user_872159
pd-user_427086
pd-user_3125786
pd-user_9264314
pd-user_2342217
pd-user_7695890
pd-user_4259486
pd-user_1438219
pd-user_6887986
pd-user_8569164
pd-user_8874083
pd-user_1228896
pd-user_5537885
pd-user_5356684
pd-user_4944883
pd-user_9522541
pd-user_1185990
pd-user_3958508
pd-user_5096926
pd-user_7269473
pd-user_630347
pd-user_1083867
pd-user_6523869
pd-user_9067264
pd-user_7841249
pd-user_974784
pd-user_8573024
pd-user_5973157
pd-user_3331576
pd-user_5741396
pd-user_8837993
pd-user_6413941
pd-user_497645
pd-user_6373041
pd-user_4405787
pd-user_8159484
pd-user_2549451
pd-user_8002199
pd-user_1683291
pd-user_3522361
pd-user_2916687
pd-user_3369907
pd-user_9555947
pd-user_2746115
pd-user_8137899
pd-user_4039735
pd-user_2309694
pd-user_6398760
pd-user_8596834
pd-user_8302542
pd-user_6343526
pd-user_4540920
pd-user_227422
pd-user_2048951
pd-user_2051861
pd-user_9094555
pd-user_1232589
pd-user_5802378
pd-user_4665699
pd-user_1726835
pd-user_4028102
pd-user_2192212
pd-user_2763457
pd-user_3238617
pd-user_5977177
pd-user_924059
pd-user_4120730
pd-user_6966371
pd-user_9438684
pd-user_7999838
pd-user_1417248
pd-user_3745655
pd-user_8971851
pd-user_3764955
pd-user_258758
pd-user_6179571
pd-user_9747834
pd-user_52010
pd-user_7715284
pd-user_7893946
pd-user_5116508
pd-user_5274108
pd-user_1745583
pd-user_600386
pd-user_9215378
pd-user_3981510
pd-user_9116803
pd-user_604618
pd-user_4590875
pd-user_1696246
pd-user_7676603
pd-user_8476254
pd-user_9252456
pd-user_2029469
pd-user_831457
pd-user_2989321
pd-user_5334639
pd-user_103165
pd-user_3100445
pd-user_5881409
pd-user_6142355
pd-user_7819872
pd-user_8089203
pd-user_1922228
pd-user_904628
pd-user_8927154
pd-user_7198534
pd-user_8923175
pd-user_7775216
pd-user_4801052
pd-user_9503079
pd-user_8438038
pd-user_2904073
pd-user_5222394
pd-user_6316971
pd-user_9454933
pd-user_1679272
pd-user_9865821
pd-user_6020829
pd-user_5406074
pd-user_7744168
pd-user_5313598
pd-user_2964585
pd-user_2576891
pd-user_9957211
pd-user_4833161
pd-user_7359473
pd-user_5453167
pd-user_8643846
pd-user_6905505
pd-user_183042
pd-user_3129356
pd-user_4433026
pd-user_337173
pd-user_3655866
pd-user_1235301
pd-user_7408617
pd-user_8340106
pd-user_4717193
pd-user_675907
pd-user_3345210
pd-user_1417826
pd-user_8972540
pd-user_2479517
pd-user_155038
pd-user_1279899
pd-user_1981505
pd-user_990752
pd-user_8216438
pd-user_3959426
pd-user_2277489
pd-user_9216642
pd-user_620746
pd-user_5635612
pd-user_7395614
pd-user_3572099
pd-user_537913
pd-user_907757
pd-user_4777538
pd-user_6994426
pd-user_2243540
pd-user_6745465
pd-user_9183219
pd-user_8017949
pd-user_9734956
pd-user_2424572
pd-user_2496957
pd-user_7394017
pd-user_4701730
pd-user_3552583
pd-user_4296055
pd-user_137140
pd-user_5258758
pd-user_7634039
pd-user_9831669
pd-user_9357454
pd-user_545915
pd-user_3678103
pd-user_7885882
pd-user_867418
pd-user_3003322
pd-user_1283272
pd-user_3240011
pd-user_3859410
pd-user_8988488
pd-user_2480929
pd-user_5533713
pd-user_4818267
pd-user_8382463
pd-user_8254439
pd-user_9688652
pd-user_1900298
pd-user_8751193
pd-user_5040674
pd-user_4380016
pd-user_1327836
pd-user_4657574
pd-user_5190056
pd-user_9635171
pd-user_5051278
pd-user_6342260
pd-user_2224879
pd-user_5335395
pd-user_9968538
pd-user_2509271
pd-user_5768104
pd-user_5186385
pd-user_4328953
pd-user_7210205
pd-user_2664158
pd-user_7103877
pd-user_2360261
pd-user_2243662
pd-user_426708
pd-user_2940752
pd-user_3579523
pd-user_9173418
pd-user_8981354
pd-user_4236052
pd-user_4213428
pd-user_6142053
pd-user_5520399
pd-user_671056
pd-user_4139210
pd-user_5630600
pd-user_7912485
pd-user_2455863
pd-user_3607763
pd-user_4790576
pd-user_6232134
pd-user_5612560
pd-user_1753156
pd-user_8310877
pd-user_6744838
pd-user_4030796
pd-user_4602074
pd-user_7704791
pd-user_1687954
pd-user_4151438
pd-user_8763164
pd-user_9280048
pd-user_3283412
pd-user_4635123
pd-user_1800648
pd-user_7778001
pd-user_8186158
pd-user_4383349
pd-user_4110233
pd-user_2715831
pd-user_4884295
pd-user_845396
pd-user_2798067
pd-user_4168570
pd-user_7746270
pd-user_6072907
pd-user_6737415
pd-user_152004
pd-user_9915316
pd-user_4608387
pd-user_8036800
pd-user_2118653
pd-user_9739240
pd-user_807138
pd-user_8362550
pd-user_4202186
pd-user_7388445
pd-user_9721620
pd-user_8782412
pd-user_9714140
pd-user_1005470
pd-user_958287
pd-user_7652361
pd-user_4363732
pd-user_9600121
pd-user_9945708
pd-user_4493785
pd-user_992699
pd-user_6574121
pd-user_8335903
pd-user_5385811
pd-user_7732851
pd-user_3050875
pd-user_487074
pd-user_3586934
pd-user_5456153
pd-user_9842365
pd-user_4435793
pd-user_4049701
pd-user_1775749
pd-user_3841846
pd-user_8344456
pd-user_198074
pd-user_3434517
pd-user_9364554
pd-user_4795081
pd-user_342123
pd-user_4449970
pd-user_2305497
pd-user_1026972
pd-user_9152872
pd-user_640999
pd-user_4651939
pd-user_6223088
pd-user_9834323
pd-user_3284939
pd-user_7399800
pd-user_360216
pd-user_8355180
pd-user_7221962
pd-user_8765037
pd-user_7890675
pd-user_4675987
pd-user_9465360
pd-user_4348904
pd-user_7201060
pd-user_4587787
pd-user_9241286
pd-user_2503774
pd-user_9128728
pd-user_3836763
pd-user_3177143
pd-user_26172
pd-user_6906733
pd-user_6839399
pd-user_5543950
pd-user_5426446
pd-user_644932
pd-user_2097640
pd-user_830431
pd-user_7170925
pd-user_5668025
pd-user_6470356
pd-user_2721460
pd-user_8005132
pd-user_706607
pd-user_6704550
pd-user_4390547
pd-user_6319217
pd-user_755190
pd-user_807883
pd-user_5925344
pd-user_4285975
pd-user_5151058
pd-user_4079129
pd-user_8219632
pd-user_3810983
pd-user_227987
pd-user_4647952
pd-user_7951562
pd-user_1417103
pd-user_6570404
pd-user_8638377
pd-user_8690720
pd-user_8396034
pd-user_3051729
pd-user_9992955
pd-user_9231800
pd-user_1997540
pd-user_5093228
pd-user_1804735
pd-user_8510720
pd-user_1742981
pd-user_596828
pd-user_9830916
pd-user_2728916
pd-user_172901
pd-user_9729083
pd-user_1575712
pd-user_5463919
pd-user_4934115
pd-user_2018280
pd-user_929690
pd-user_6887803
pd-user_8572520
pd-user_7449825
pd-user_8449391
pd-user_574526
pd-user_4656021
pd-user_3854733
pd-user_8090588
pd-user_8896123
pd-user_2148248
pd-user_4440008
pd-user_5901390
pd-user_9931459
pd-user_6365889
pd-user_9452088
pd-user_5222647
pd-user_8508659
pd-user_8965128
pd-user_9827503
pd-user_148083
pd-user_4982760
pd-user_8262243
pd-user_6067538
pd-user_9246737
pd-user_9212330
pd-user_6892036
pd-user_5685672
pd-user_9481208
pd-user_6262726
pd-user_7751040
pd-user_3501485
pd-user_9487029
pd-user_6965706
pd-user_6209794
pd-user_5404669
pd-user_3409557
pd-user_2302124
pd-user_8407184
pd-user_8056637
pd-user_8904506
pd-user_7138971
pd-user_4137573
pd-user_1292941
pd-user_5073964
pd-user_6638529
pd-user_2608449
pd-user_6298056
pd-user_5588739
pd-user_7614745
pd-user_8795233
pd-user_8690207
pd-user_5925605
pd-user_3242499
pd-user_6140765
pd-user_7288918
pd-user_7245654
pd-user_5901191
pd-user_7079927
pd-user_8104525
pd-user_3554734
pd-user_4107836
pd-user_3818782
pd-user_7068295
pd-user_5397051
pd-user_479842
pd-user_2316028
pd-user_7897701
pd-user_938046
pd-user_9303524
pd-user_3791384
pd-user_3654758
pd-user_5921009
pd-user_8793563
pd-user_247665
pd-user_1401201
pd-user_5681487
pd-user_5429576
pd-user_2499933
pd-user_5445821
pd-user_3139659
pd-user_1629806
pd-user_9334391
pd-user_3021030
pd-user_7691897
pd-user_5126648
pd-user_1324313
pd-user_4416930
pd-user_5200105
pd-user_2767821
pd-user_3348986
pd-user_9977839
pd-user_6777535
pd-user_704155
pd-user_4854465
pd-user_5353666
pd-user_2846949
pd-user_5557760
pd-user_9435183
pd-user_3206248
pd-user_5314064
pd-user_8709638
pd-user_7346087
pd-user_3599631
pd-user_8692770
pd-user_6660409
pd-user_8619072
pd-user_4163284
pd-user_1970936
pd-user_847534
pd-user_2786142
pd-user_6744391
pd-user_5313739
pd-user_8905416
pd-user_1519173
pd-user_9025752
pd-user_6486192
pd-user_8027956
pd-user_2653347
pd-user_4136869
pd-user_3165610
pd-user_4407138
pd-user_2225344
pd-user_8804050
pd-user_1750215
pd-user_8938805
pd-user_9138458
pd-user_5195072
pd-user_2905394
pd-user_3984631
pd-user_9932277
pd-user_4610820
pd-user_7109271
pd-user_8079652
pd-user_1229938
pd-user_1975966
pd-user_5592219
pd-user_4061892
pd-user_2449322
pd-user_5693620
pd-user_3706443
pd-user_4477253
pd-user_3966766
pd-user_62937
pd-user_3794597
pd-user_1237118
pd-user_3550812
pd-user_3919285
pd-user_9395509
pd-user_6084988
pd-user_5273925
pd-user_5395060
pd-user_4762395
pd-user_8874288
pd-user_8269018
pd-user_9562137
pd-user_9354129
pd-user_8526922
pd-user_2342817
pd-user_1029098
pd-user_5738597
pd-user_8977962
pd-user_2896015
pd-user_2426495
pd-user_5625470
pd-user_3610108
pd-user_430669
pd-user_1041489
pd-user_2841310
pd-user_5868303
pd-user_1311372
pd-user_5433909
pd-user_5098169
pd-user_3722720
pd-user_5337787
pd-user_9092010
pd-user_3949686
pd-user_8046008
pd-user_6194004
pd-user_2296746
pd-user_1202386
pd-user_6755013
pd-user_1010058
pd-user_8670304
pd-user_8981091
pd-user_832090
pd-user_5633769
pd-user_1151505
pd-user_7805291
pd-user_901664
pd-user_602775
pd-user_7527568
pd-user_3887046
pd-user_2508243
pd-user_9056406
pd-user_5683468
pd-user_2462226
pd-user_9563100
pd-user_9836472
pd-user_9249420
pd-user_713346
pd-user_5835263
pd-user_7446794
pd-user_2861079
pd-user_9743640
pd-user_6208114
pd-user_4681427
pd-user_6961062
pd-user_8370949
pd-user_5538405
pd-user_9338334
pd-user_1198541
pd-user_4942099
pd-user_5086087
pd-user_1244489
pd-user_4606081
pd-user_9413720
pd-user_8002257
pd-user_4793270
pd-user_3331875
pd-user_8882139
pd-user_8298000
pd-user_4150576
pd-user_8019953
pd-user_1574621
pd-user_4234199
pd-user_1629205
pd-user_9887434
pd-user_4141215
pd-user_3352317
pd-user_6998152
pd-user_9429846
pd-user_3467537
pd-user_8053367
pd-user_9645610
pd-user_9371204
pd-user_2438831
pd-user_7276876
pd-user_1527660
pd-user_169973
pd-user_7387790
pd-user_8562520
pd-user_5711116
pd-user_1903318
pd-user_2703541
pd-user_8411045
pd-user_6546042
pd-user_481989
pd-user_675612
pd-user_955693
pd-user_7106508
pd-user_5685025
pd-user_3637323
pd-user_4464098
pd-user_7922635
pd-user_6130489
pd-user_8317711
pd-user_8573289
pd-user_7325864
pd-user_2257131
pd-user_3814549
pd-user_2577086
pd-user_3479361
pd-user_356801
pd-user_8252638
pd-user_8685429
pd-user_161434
pd-user_7820435
pd-user_7538267
pd-user_3646158
pd-user_7716480
pd-user_5866750
pd-user_8866997
pd-user_3378362
pd-user_3008762
pd-user_83741
pd-user_8270106
pd-user_4808451
pd-user_9707687
pd-user_1687739
pd-user_9745434
pd-user_8267396
pd-user_5215173
pd-user_6850393
pd-user_3196802
pd-user_2032447
pd-user_5827749
pd-user_9716069
pd-user_956559
pd-user_9860209
pd-user_1808349
pd-user_5842031
pd-user_9841862
pd-user_6205552
pd-user_5347666
pd-user_271437
pd-user_6299028
pd-user_8009164
pd-user_5750935
pd-user_5375339
pd-user_1586573
pd-user_3116666
pd-user_4390002
pd-user_4641451
pd-user_9602370
pd-user_6645614
pd-user_5701673
pd-user_8608879
pd-user_820665
pd-user_4365291
pd-user_5251411
pd-user_7077261
pd-user_6008315
pd-user_5453784
pd-user_9119066
pd-user_6507966
pd-user_9517866
pd-user_4100523
pd-user_5696732
pd-user_238443
pd-user_3820549
pd-user_4301368
pd-user_1702055
pd-user_3752970
pd-user_4396663
pd-user_7602496
pd-user_7607306
pd-user_6214881
pd-user_5869120
pd-user_4689008
pd-user_2406066
pd-user_957983
pd-user_1317369
pd-user_8060182
pd-user_4817922
pd-user_452932
pd-user_7344723
pd-user_6530367
pd-user_8059523
pd-user_9533354
pd-user_3111345
pd-user_2895322
pd-user_642893
pd-user_5833002
pd-user_142724
pd-user_9077069
pd-user_6988096
pd-user_8602703
pd-user_1763328
pd-user_251811
pd-user_8661850
pd-user_4252622
pd-user_8559698
pd-user_8730415
pd-user_1277318
pd-user_3850908
pd-user_352830
pd-user_8589737
pd-user_1498664
pd-user_558471
pd-user_3634422
pd-user_9291935
pd-user_5199158
pd-user_7717537
pd-user_368864
pd-user_1069879
pd-user_5849363
pd-user_6340832
pd-user_8898298
pd-user_620924
pd-user_5711853
pd-user_4153306
pd-user_5251818
pd-user_2557587
pd-user_128224
pd-user_1042625
pd-user_8706159
pd-user_4541945
pd-user_6175600
pd-user_8953908
pd-user_439579
pd-user_4590655
pd-user_1120536
pd-user_4980268
pd-user_3329061
pd-user_6353678
pd-user_545229
pd-user_5720001
pd-user_2857390
pd-user_5214809
pd-user_5398978
pd-user_6446210
pd-user_6278930
pd-user_2111706
pd-user_1531895
pd-user_1767567
pd-user_5825458
pd-user_4349239
pd-user_7213977
pd-user_6185500
pd-user_9434916
pd-user_4475654
pd-user_1398549
pd-user_9005415
pd-user_4963852
pd-user_4882389
pd-user_3194694
pd-user_1413203
pd-user_5889596
pd-user_833640
pd-user_3689079
pd-user_8823989
pd-user_2620818
pd-user_7661209
pd-user_5668022
pd-user_8146880
pd-user_6664319
pd-user_4664290
pd-user_6205746
pd-user_1245560
pd-user_170725
pd-user_9641384
pd-user_6778103
pd-user_3306845
pd-user_4382236
pd-user_8574518
pd-user_4815701
pd-user_1457826
pd-user_9749903
pd-user_5382903
pd-user_5287746
pd-user_850514
pd-user_6844237
pd-user_5878607
pd-user_7914412
pd-user_8496507
pd-user_1494534
pd-user_5768075
pd-user_9088710
pd-user_88744
pd-user_8020513
pd-user_3201458
pd-user_7852294
pd-user_4696730
pd-user_6549327
pd-user_9911008
pd-user_3681903
pd-user_3946940
pd-user_5262817
pd-user_5899721
pd-user_1890226
pd-user_9346706
pd-user_9991472
pd-user_5526783
pd-user_4091028
pd-user_982034
pd-user_1302343
pd-user_9208195
pd-user_7058127
pd-user_5377557
pd-user_9035181
pd-user_36785
pd-user_4217436
pd-user_1890910
pd-user_2445719
pd-user_2797253
pd-user_6294486
pd-user_1010208
pd-user_4268843
pd-user_2283856
pd-user_4956441
pd-user_1051970
pd-user_8135710
pd-user_7841858
pd-user_3896685
pd-user_7713172
pd-user_1217233
pd-user_2228356
pd-user_7985683
pd-user_7405002
pd-user_9062207
pd-user_103880
pd-user_7720100
pd-user_3235648
pd-user_2887893
pd-user_6546005
pd-user_1698425
pd-user_614435
pd-user_793884
pd-user_7621550
pd-user_9379415
pd-user_5708957
pd-user_9035503
pd-user_8631565
pd-user_5543595
pd-user_7551183
pd-user_2244569
pd-user_1074915
pd-user_903094
pd-user_613919
pd-user_5878111
pd-user_1616477
pd-user_4985521
pd-user_9271975
pd-user_8218472
pd-user_3949112
pd-user_9271554
pd-user_7795743
pd-user_9645887
pd-user_3661658
pd-user_2553740
pd-user_4274150
pd-user_4152745
pd-user_1344405
pd-user_5066479
pd-user_1420685
pd-user_2804969
pd-user_4012545
pd-user_4318949
pd-user_2064916
pd-user_2875222
pd-user_5955121
pd-user_7224370
pd-user_4585231
pd-user_9724397
pd-user_5559291
pd-user_7362396
pd-user_6925097
pd-user_646003
pd-user_6349117
pd-user_8314176
pd-user_8930832
pd-user_3940257
pd-user_9069164
pd-user_4423569
pd-user_374782
pd-user_910726
pd-user_2808744
pd-user_6707997
pd-user_9445857
pd-user_5259839
pd-user_6439639
pd-user_823804
pd-user_3223027
pd-user_7510371
pd-user_5155320
pd-user_7874760
pd-user_5334528
pd-user_5886571
pd-user_8690583
pd-user_2448262
pd-user_1962794
pd-user_964867
pd-user_2304779
pd-user_7484147
pd-user_1928307
pd-user_5016601
pd-user_4585024
pd-user_5052989
pd-user_8110785
pd-user_2596388
pd-user_8805373
pd-user_6220334
pd-user_2520312
pd-user_6311065
pd-user_1263049
pd-user_2283930
pd-user_8650185
pd-user_4148192
pd-user_9670340
pd-user_222178
pd-user_2803123
pd-user_5086635
pd-user_6061538
pd-user_1182685
pd-user_5338160
pd-user_3273208
pd-user_827345
pd-user_2335419
pd-user_8619774
pd-user_6429988
pd-user_4869557
pd-user_4836690
pd-user_2991892
pd-user_6731056
pd-user_4996511
pd-user_7187670
pd-user_8400641
pd-user_3148466
pd-user_1023724
pd-user_6054417
pd-user_1843140
pd-user_263194
pd-user_9992537
pd-user_7336839
pd-user_7423340
pd-user_9253390
pd-user_4579585
pd-user_5462649
pd-user_5888787
pd-user_7899588
pd-user_8982333
pd-user_9781209
pd-user_9481476
pd-user_8824374
pd-user_155879
pd-user_8375412
pd-user_5174451
pd-user_9118211
pd-user_5117398
pd-user_9872230
pd-user_6158644
pd-user_1608631
pd-user_1019285
pd-user_1523772
pd-user_1567767
pd-user_28442
pd-user_4957413
pd-user_4416125
pd-user_7464219
pd-user_8308890
pd-user_1391175
pd-user_69864
pd-user_5990055
pd-user_766864
pd-user_993601
pd-user_6248937
pd-user_4691742
pd-user_7345561
pd-user_3999506
pd-user_5489457
pd-user_1824715
pd-user_7868053
pd-user_7955714
pd-user_3618704
pd-user_9938474
pd-user_8898545
pd-user_6952607
pd-user_9243042
pd-user_8074298
pd-user_1678373
pd-user_2674160
pd-user_5795990
pd-user_1568548
pd-user_4241617
pd-user_4712821
pd-user_8529611
pd-user_630519
pd-user_8187533
pd-user_9330507
pd-user_9554788
pd-user_6083494
pd-user_9849788
pd-user_1732387
pd-user_3652522
pd-user_3823289
pd-user_6285853
pd-user_6240032
pd-user_9343246
pd-user_8300741
pd-user_9167436
pd-user_1347996
pd-user_7673166
pd-user_339275
pd-user_4677131
pd-user_2982771
pd-user_220830
pd-user_6955445
pd-user_7565910
pd-user_2260403
pd-user_4481438
pd-user_1373503
pd-user_4117861
pd-user_7018410
pd-user_3520480
pd-user_3468333
pd-user_6311167
pd-user_9261473
pd-user_5387571
pd-user_5882922
pd-user_9262177
pd-user_7392799
pd-user_9051844
pd-user_7020122
pd-user_1547079
pd-user_6698342
pd-user_7572446
pd-user_4350710
pd-user_2740306
pd-user_2210946
pd-user_8506079
pd-user_95271
pd-user_2645640
pd-user_3422918
pd-user_5732150
pd-user_3353519
pd-user_5659273
pd-user_7047646
pd-user_2336405
pd-user_3337848
pd-user_1681109
pd-user_9090212
pd-user_2040618
pd-user_2287751
pd-user_4735010
pd-user_8035332
pd-user_8048838
pd-user_9497910
pd-user_5844647
pd-user_8398788
pd-user_5660006
pd-user_2625684
pd-user_7953667
pd-user_5477997
pd-user_3371518
pd-user_76932
pd-user_8288601
pd-user_7639324
pd-user_4979905
pd-user_4044971
pd-user_95526
pd-user_7243129
pd-user_2772351
pd-user_7925348
pd-user_9581569
pd-user_959871
pd-user_9034555
pd-user_5638406
pd-user_1790404
pd-user_8048551
pd-user_7745121
pd-user_3196249
pd-user_4789517
pd-user_6192714
pd-user_1518737
pd-user_276707
pd-user_4221694
pd-user_1317240
pd-user_1926434
pd-user_9778463
pd-user_3483753
pd-user_2117904
pd-user_8870897
pd-user_5399603
pd-user_1493149
pd-user_77817
pd-user_7936521
pd-user_1780403
pd-user_3048112
pd-user_4751453
pd-user_1395012
pd-user_7016326
pd-user_3790364
pd-user_5353857
pd-user_7448574
pd-user_1860787
pd-user_5143594
pd-user_3029922
pd-user_12108
pd-user_8667636
pd-user_8882049
pd-user_8031080
pd-user_5178615
pd-user_7239715
pd-user_1307413
pd-user_6044824
pd-user_5289757
pd-user_7163713
pd-user_1762178
pd-user_3379130
pd-user_1645392
pd-user_4262654
pd-user_6423546
pd-user_4807589
pd-user_3763613
pd-user_2382736
pd-user_4660599
pd-user_2594342
pd-user_4777576
pd-user_1273923
pd-user_3036779
pd-user_4950341
pd-user_3448265
pd-user_2600324
pd-user_4131099
pd-user_5426486
pd-user_9476087
pd-user_5220743
pd-user_4644229
pd-user_2187875
pd-user_3230723
pd-user_8458610
pd-user_4052532
pd-user_1835594
pd-user_4650257
pd-user_3891788
pd-user_7968962
pd-user_9959415
pd-user_9493264
pd-user_3337559
pd-user_512304
pd-user_1121612
pd-user_4346990
pd-user_8362767
pd-user_9375309
pd-user_7294533
pd-user_264228
pd-user_3139228
pd-user_8496751
pd-user_2376253
pd-user_2507661
pd-user_2676528
pd-user_5400005
pd-user_5686977
pd-user_5820705
pd-user_5339368
pd-user_1861598
pd-user_834551
pd-user_5283213
pd-user_1649879
pd-user_8665195
pd-user_4685299
pd-user_3358498
pd-user_6307236
pd-user_5296487
pd-user_2533474
pd-user_2295877
pd-user_417300
pd-user_2095354
pd-user_4240448
pd-user_8931409
pd-user_3627078
pd-user_8387540
pd-user_6386892
pd-user_494200
pd-user_3521694
pd-user_805355
pd-user_7399136
pd-user_1322099
pd-user_9554798
pd-user_5090195
pd-user_4480935
pd-user_942045
pd-user_3479459
pd-user_1802100
pd-user_8076607
pd-user_681554
pd-user_6625257
pd-user_3509727
pd-user_6026917
pd-user_5798329
pd-user_9300071
pd-user_2955608
pd-user_1603482
pd-user_9285094
pd-user_2883225
pd-user_9365287
pd-user_9083266
pd-user_5177914
pd-user_708754
pd-user_9951710
pd-user_9495650
pd-user_2887569
pd-user_4806057
pd-user_9640385
pd-user_3862421
pd-user_7539572
pd-user_4113998
pd-user_2517555
pd-user_7118884
pd-user_8265728
pd-user_3770632
pd-user_4417520
pd-user_8160447
pd-user_3904484
pd-user_3199273
pd-user_103336
pd-user_8673767
pd-user_3094878
pd-user_422472
pd-user_2881521
pd-user_8167320
pd-user_2821428
pd-user_1401865
pd-user_4447473
pd-user_7320300
pd-user_757875
pd-user_6169839
pd-user_9067034
pd-user_796666
pd-user_4792725
pd-user_2424794
pd-user_6429138
pd-user_6736429
pd-user_1162412
pd-user_3688643
pd-user_4247227
pd-user_3617115
pd-user_9396941
pd-user_3097291
pd-user_8783559
pd-user_297718
pd-user_9611532
pd-user_2885296
pd-user_3806440
pd-user_1835039
pd-user_3045945
pd-user_9780329
pd-user_8060496
pd-user_3417839
pd-user_891225
pd-user_82028
pd-user_15532
pd-user_805989
pd-user_2237648
pd-user_8764645
pd-user_1200661
pd-user_6516533
pd-user_9223624
pd-user_8276981
pd-user_2926573
pd-user_64
pd-user_5525512
pd-user_9362577
pd-user_2446632
pd-user_4307640
pd-user_5830923
pd-user_6313581
pd-user_9663633
pd-user_54160
pd-user_7881255
pd-user_7203045
pd-user_6006328
pd-user_1024684
pd-user_6169772
pd-user_4411967
pd-user_9031572
pd-user_5717119
pd-user_2935280
pd-user_4497288
pd-user_5513184
pd-user_2835687
pd-user_766758
pd-user_5506086
pd-user_8976382
pd-user_9530967
pd-user_9554367
pd-user_9036103
pd-user_4863510
pd-user_8616442
pd-user_8520115
pd-user_7982251
pd-user_8203046
pd-user_1436810
pd-user_3780294
pd-user_3277598
pd-user_4466016
pd-user_5603475
pd-user_1527246
pd-user_182270
pd-user_5852925
pd-user_1433205
pd-user_8949323
pd-user_6878801
pd-user_4649908
pd-user_866298
pd-user_7289124
pd-user_2598624
pd-user_4361848
pd-user_5071042
pd-user_2001080
pd-user_6401441
pd-user_6165129
pd-user_1738987
pd-user_4944998
pd-user_729734
pd-user_91347
pd-user_8652949
pd-user_3282521
pd-user_7406877
pd-user_3219515
pd-user_3169226
pd-user_2970171
pd-user_21353
pd-user_9519143
pd-user_1302390
pd-user_6847144
pd-user_7222722
pd-user_8334934
pd-user_8956475
pd-user_176419
pd-user_1500152
pd-user_9687076
pd-user_2773698
pd-user_8497872
pd-user_9094178
pd-user_5620619
pd-user_1899033
pd-user_8455222
pd-user_8567457
pd-user_1491168
pd-user_3295391
pd-user_7457668
pd-user_1583590
pd-user_4652861
pd-user_9140983
pd-user_2987616
pd-user_1578260
pd-user_1449811
pd-user_2251150
pd-user_2433844
pd-user_5634522
pd-user_4443764
pd-user_5256152
pd-user_3886041
pd-user_1220546
pd-user_3397848
pd-user_2405569
pd-user_6509115
pd-user_953766
pd-user_5988244
pd-user_6921269
pd-user_3759683
pd-user_8478825
pd-user_7849978
pd-user_4575058
pd-user_1446324
pd-user_149630
pd-user_5835366
pd-user_508051
pd-user_904596
pd-user_1025362
pd-user_719765
pd-user_7577877
pd-user_7148897
pd-user_3926514
pd-user_1403639
pd-user_6124404
pd-user_4403454
pd-user_7478231
pd-user_5697986
pd-user_4407286
pd-user_5152537
pd-user_9052806
pd-user_4478903
pd-user_9128455
pd-user_503945
pd-user_2766074
pd-user_2575264
pd-user_9347673
pd-user_9953204
pd-user_41661
pd-user_2916546
pd-user_1578130
pd-user_868826
pd-user_7353838
pd-user_8297491
pd-user_509772
pd-user_3604666
pd-user_7752396
pd-user_2641773
pd-user_6750737
pd-user_8346643
pd-user_8554922
pd-user_1300647
pd-user_9724852
pd-user_7218259
pd-user_6481616
pd-user_9304089
pd-user_6564276
pd-user_456159
pd-user_7205508
pd-user_2911350
pd-user_9213616
pd-user_2617721
pd-user_5609914
pd-user_5670510
pd-user_6726081
pd-user_9165495
pd-user_2949843
pd-user_9204357
pd-user_6904796
pd-user_1842378
pd-user_59541
pd-user_5197248
pd-user_573176
pd-user_9074442
pd-user_8094604
pd-user_4935380
pd-user_6449145
pd-user_251472
pd-user_1199503
pd-user_4837256
pd-user_9261909
pd-user_6577605
pd-user_7940480
pd-user_859111
pd-user_9638585
pd-user_9387956
pd-user_2815866
pd-user_1810589
pd-user_705855
pd-user_8439009
pd-user_8204452
pd-user_618853
pd-user_9855919
pd-user_7752660
pd-user_2795699
pd-user_712657
pd-user_4882593
pd-user_812841
pd-user_7745666
pd-user_3483501
pd-user_1563678
pd-user_9930903
pd-user_7249439
pd-user_3645396
pd-user_9819474
pd-user_4936853
pd-user_6614568
pd-user_5031993
pd-user_8895279
pd-user_3559662
pd-user_5925610
pd-user_5980339
pd-user_6602117
pd-user_9375863
pd-user_7279438
pd-user_270813
pd-user_9668772
pd-user_1466794
pd-user_6487285
pd-user_1560964
pd-user_8307157
pd-user_9617538
pd-user_8141741
pd-user_5089034
pd-user_2859097
pd-user_666168
pd-user_7228731
pd-user_2489835
pd-user_9148389
pd-user_2196589
pd-user_3765767
pd-user_160921
pd-user_3784028
pd-user_5678070
pd-user_7862859
pd-user_431913
pd-user_8358486
pd-user_4322541
pd-user_957557
pd-user_2014150
pd-user_8843085
pd-user_4131405
pd-user_8413345
pd-user_8010971
pd-user_7296652
pd-user_9788354
pd-user_548319
pd-user_7788557
pd-user_9843426
pd-user_9278267
pd-user_4274091
pd-user_9123434
pd-user_6191480
pd-user_8378028
pd-user_3620098
pd-user_4664010
pd-user_1277349
pd-user_3375591
pd-user_4890846
pd-user_3013001
pd-user_4485925
pd-user_5428534
pd-user_4738235
pd-user_5088112
pd-user_1837711
pd-user_7693691
pd-user_2557351
pd-user_9896868
pd-user_2667698
pd-user_4274514
pd-user_8500389
pd-user_1626367
pd-user_8160337
pd-user_6164210
pd-user_5039137
pd-user_5686662
pd-user_4904080
pd-user_6881661
pd-user_2877297
pd-user_4194451
pd-user_8081008
pd-user_6858734
pd-user_4811307
pd-user_5664852
pd-user_9236826
pd-user_3599730
pd-user_1587562
pd-user_4877898
pd-user_768444
pd-user_3354152
pd-user_9978459
pd-user_8922438
pd-user_5563790
pd-user_7989676
pd-user_4314921
pd-user_2704042
pd-user_3246005
pd-user_9614470
pd-user_1345948
pd-user_3342957
pd-user_2457875
pd-user_441446
pd-user_4860310
pd-user_7480568
pd-user_2291801
pd-user_5460287
pd-user_2890071
pd-user_613883
pd-user_4023429
pd-user_7701576
pd-user_6788611
pd-user_5323841
pd-user_2783640
pd-user_207915
pd-user_3339039
pd-user_1337407
pd-user_4726681
pd-user_2556682
pd-user_9197286
pd-user_7767654
pd-user_9956067
pd-user_5635595
pd-user_8752398
pd-user_9491536
pd-user_5530318
pd-user_4142083
pd-user_6691036
pd-user_399355
pd-user_8730932
pd-user_3492694
pd-user_939202
pd-user_6168226
pd-user_8909439
pd-user_483428
pd-user_3318118
pd-user_7143781
pd-user_2253455
pd-user_515595
pd-user_3951639
pd-user_5229640
pd-user_8339632
pd-user_4895790
pd-user_3357979
pd-user_9696385
pd-user_6163614
pd-user_349232
pd-user_1807129
pd-user_1127121
pd-user_6752546
pd-user_4601953
pd-user_9648620
pd-user_8439570
pd-user_621733
pd-user_7618323
pd-user_7701989
pd-user_2442223
pd-user_1820286
pd-user_8611169
pd-user_8838978
pd-user_1211344
pd-user_6289247
pd-user_9858367
pd-user_7080229
pd-user_8117466
pd-user_5393622
pd-user_4516134
pd-user_9556558
pd-user_4114666
pd-user_2685096
pd-user_4720791
pd-user_2592422
pd-user_8340165
pd-user_1066010
pd-user_6230953
pd-user_6954095
pd-user_712965
pd-user_3543881
pd-user_6127097
pd-user_263426
pd-user_306025
pd-user_7705150
pd-user_5509864
pd-user_837254
pd-user_8867009
pd-user_7444219
pd-user_100866
pd-user_6058182
pd-user_8104093
pd-user_8537516
pd-user_525172
pd-user_8678387
pd-user_3647025
pd-user_1304876
pd-user_1889456
pd-user_8189770
pd-user_2098269
pd-user_9956469
pd-user_5762489
pd-user_3889686
pd-user_8720878
pd-user_9954588
pd-user_7443034
pd-user_6409796
pd-user_1345958
pd-user_4479402
pd-user_181193
pd-user_4879980
pd-user_8693243
pd-user_3991756
pd-user_1128865
pd-user_6890274
pd-user_1410021
pd-user_7412156
pd-user_5753403
pd-user_4515829
pd-user_6874808
pd-user_8947498
pd-user_14341
pd-user_7308059
pd-user_8327026
pd-user_4592940
pd-user_6357908
pd-user_4886703
pd-user_4070631
pd-user_2149686
pd-user_9625389
pd-user_7659997
pd-user_7150211
pd-user_1464753
pd-user_9094506
pd-user_2850762
pd-user_5328200
pd-user_8252677
pd-user_439025
pd-user_3951791
pd-user_866786
pd-user_6767500
pd-user_5457849
pd-user_1410536
pd-user_8044801
pd-user_5756556
pd-user_9938350
pd-user_6373875
pd-user_721267
pd-user_3956975
pd-user_4543458
pd-user_9562360
pd-user_6585454
pd-user_1606770
pd-user_2571996
pd-user_2209314
pd-user_5888479
pd-user_3381260
pd-user_946024
pd-user_2916604
pd-user_7996709
pd-user_2650146
pd-user_5343960
pd-user_5020329
pd-user_9972765
pd-user_4173289
pd-user_9231058
pd-user_8978896
pd-user_496717
pd-user_1731131
pd-user_9729434
pd-user_365406
pd-user_8893650
pd-user_2719993
pd-user_1759586
pd-user_4167782
pd-user_63093
pd-user_2492744
pd-user_7697813
pd-user_4574931
pd-user_5070951
pd-user_3520227
pd-user_3730121
pd-user_5377742
pd-user_3447154
pd-user_2282904
pd-user_9264658
pd-user_368160
pd-user_2534131
pd-user_5766777
pd-user_1838393
pd-user_56983
pd-user_1711646
pd-user_1523143
pd-user_6011833
pd-user_1718554
pd-user_2359634
pd-user_2515161
pd-user_2303940
pd-user_6569457
pd-user_1551255
pd-user_2367046
pd-user_3001770
pd-user_823290
pd-user_8547203
pd-user_3268236
pd-user_693317
pd-user_769501
pd-user_753730
pd-user_1939137
pd-user_2369899
pd-user_4809259
pd-user_6732374
pd-user_8244848
pd-user_3274024
pd-user_1859257
pd-user_3787519
pd-user_3576524
pd-user_1731304
pd-user_2187354
pd-user_9418503
pd-user_7560503
pd-user_1024476
pd-user_5016256
pd-user_5986322
pd-user_877066
pd-user_9799992
pd-user_9698705
pd-user_2970085
pd-user_3465168
pd-user_801980
pd-user_63985
pd-user_4824421
pd-user_2030618
pd-user_9107428
pd-user_1393218
pd-user_4998996
pd-user_4606500
pd-user_4472153
pd-user_1548147
pd-user_4488915
pd-user_9848436
pd-user_6881744
pd-user_5246103
pd-user_274020
pd-user_9136741
pd-user_297349
pd-user_2225743
pd-user_2662522
pd-user_5024367
pd-user_2585097
pd-user_2616256
pd-user_2528869
pd-user_4879000
pd-user_5892608
pd-user_4386049
pd-user_3980151
pd-user_2804487
pd-user_4185755
pd-user_5503409
pd-user_7860138
pd-user_5726691
pd-user_1044635
pd-user_4029353
pd-user_6426433
pd-user_8748933
pd-user_6783698
pd-user_5363416
pd-user_2708998
pd-user_7287952
pd-user_4453832
pd-user_6403724
pd-user_6281627
pd-user_9677236
pd-user_8888653
pd-user_2691899
pd-user_2470898
pd-user_5587908
pd-user_5185686
pd-user_2158820
pd-user_6729041
pd-user_3928106
pd-user_8662062
pd-user_4317180
pd-user_2213028
pd-user_6792512
pd-user_6244606
pd-user_3105790
pd-user_319167
pd-user_3252365
pd-user_9959380
pd-user_3336870
pd-user_587837
pd-user_5183051
pd-user_9047139
pd-user_6140342
pd-user_8035343
pd-user_4070613
pd-user_269305
pd-user_6947045
pd-user_7800555
pd-user_9610498
pd-user_6291624
pd-user_9648639
pd-user_7961108
pd-user_3960719
pd-user_9840072
pd-user_2369338
pd-user_9813266
pd-user_2207570
pd-user_8005239
pd-user_1167263
pd-user_4065678
pd-user_8444221
pd-user_4468748
pd-user_2290623
pd-user_3111957
pd-user_4984556
pd-user_4592078
pd-user_4669141
pd-user_2767851
pd-user_2669275
pd-user_7667695
pd-user_3267493
pd-user_366982
pd-user_5641701
pd-user_1006841
pd-user_4024558
pd-user_7267341
pd-user_3141102
pd-user_7038599
pd-user_5731119
pd-user_4973351
pd-user_2647340
pd-user_3107176
pd-user_4070297
pd-user_6896674
pd-user_6408555
pd-user_541867
pd-user_4413431
pd-user_451256
pd-user_8592008
pd-user_8158025
pd-user_1013637
pd-user_3497773
pd-user_7636215
pd-user_7026097
pd-user_4267605
pd-user_8927569
pd-user_7576496
pd-user_2404661
pd-user_4637498
pd-user_7274013
pd-user_7769510
pd-user_2238658
pd-user_5453995
pd-user_7401357
pd-user_9755892
pd-user_350785
pd-user_488319
pd-user_349915
pd-user_1545990
pd-user_9107221
pd-user_9504095
pd-user_3854105
pd-user_2363519
pd-user_7350890
pd-user_4877250
pd-user_7347323
pd-user_6129451
pd-user_6977151
pd-user_1024653
pd-user_6475963
pd-user_9080879
pd-user_9894012
pd-user_3428688
pd-user_695533
pd-user_312298
pd-user_2681923
pd-user_8546354
pd-user_814128
pd-user_5916102
pd-user_2922857
pd-user_9486305
pd-user_3051875
pd-user_3506549
pd-user_573215
pd-user_1700748
pd-user_6635974
pd-user_7636039
pd-user_3620174
pd-user_8001084
pd-user_3959912
pd-user_8705070
pd-user_6892431
pd-user_6200698
pd-user_5266830
pd-user_7436693
pd-user_972584
pd-user_3675084
pd-user_1629897
pd-user_3598739
pd-user_6121165
pd-user_345826
pd-user_9872246
pd-user_2197748
pd-user_373300
pd-user_848802
pd-user_2672880
pd-user_6771398
pd-user_5825944
pd-user_833077
pd-user_4893562
pd-user_9865918
pd-user_9510101
pd-user_8237707
pd-user_5970329
pd-user_6355457
pd-user_3695001
pd-user_2747483
pd-user_8298640
pd-user_9897487
pd-user_6687220
pd-user_9765715
pd-user_109512
pd-user_3818802
pd-user_1836466
pd-user_4339926
pd-user_6275216
pd-user_7758692
pd-user_7826802
pd-user_349827
pd-user_9633713
pd-user_8539259
pd-user_5134071
pd-user_2017275
pd-user_5571191
pd-user_1867728
pd-user_4162468
pd-user_4974473
pd-user_6636488
pd-user_6852846
pd-user_9817982
pd-user_5292818
pd-user_285075
pd-user_698445
pd-user_1052795
pd-user_9289337
pd-user_435587
pd-user_3043385
pd-user_9653218
pd-user_9217747
pd-user_8003671
pd-user_4439674
pd-user_7645678
pd-user_7623841
pd-user_6892741
pd-user_2685525
pd-user_1021819
pd-user_6862550
pd-user_4691724
pd-user_854227
pd-user_3665957
pd-user_4634357
pd-user_1028852
pd-user_2304041
pd-user_9086087
pd-user_4941767
pd-user_8956294
pd-user_5439802
pd-user_7724579
pd-user_2304661
pd-user_4599492
pd-user_4585500
pd-user_2190073
pd-user_7664907
pd-user_1417647
pd-user_9280028
pd-user_8787854
pd-user_5816867
pd-user_6672613
pd-user_7033040
pd-user_6130664
pd-user_7285647
pd-user_3355608
pd-user_7143810
pd-user_1064080
pd-user_3468568
pd-user_1944758
pd-user_5707240
pd-user_8056173
pd-user_1017703
pd-user_6690687
pd-user_7939409
pd-user_7476218
pd-user_5617649
pd-user_3670915
pd-user_3730519
pd-user_7005594
pd-user_9905186
pd-user_5776093
pd-user_2280757
pd-user_5539704
pd-user_7944118
pd-user_4428035
pd-user_3923902
pd-user_3401065
pd-user_4503051
pd-user_7759196
pd-user_6859140
pd-user_7927151
pd-user_5392201
pd-user_4292633
pd-user_8518337
pd-user_1573193
pd-user_5255922
pd-user_9985293
pd-user_4620643
pd-user_3664093
pd-user_5913076
pd-user_7703558
pd-user_9494515
pd-user_660409
pd-user_8288865
pd-user_9482522
pd-user_8371992
pd-user_1911431
pd-user_353625
pd-user_1343094
pd-user_3003617
pd-user_4509659
pd-user_733017
pd-user_1566537
pd-user_8598304
pd-user_2202074
pd-user_6095492
pd-user_1089391
pd-user_4685831
pd-user_9685047
pd-user_965903
pd-user_5894780
pd-user_5906675
pd-user_528075
pd-user_9079022
pd-user_9807486
pd-user_9250401
pd-user_9669592
pd-user_3633134
pd-user_5034451
pd-user_8845670
pd-user_1977717
pd-user_2328288
pd-user_7355773
pd-user_4522796
pd-user_8444996
pd-user_8589754
pd-user_645477
pd-user_1088436
pd-user_1794743
pd-user_3790816
pd-user_7782147
pd-user_882828
pd-user_8312418
pd-user_8230283
pd-user_8542796
pd-user_8511488
pd-user_209608
pd-user_5584643
pd-user_1566209
pd-user_9801177
pd-user_325022
pd-user_2796611
pd-user_291902
pd-user_3509408
pd-user_1364696
pd-user_8446931
pd-user_6792476
pd-user_5624125
pd-user_2748284
pd-user_3185825
pd-user_3168885
pd-user_2404817
pd-user_4640453
pd-user_4357586
pd-user_9819859
pd-user_7515409
pd-user_4933347
pd-user_1724255
pd-user_2775383
pd-user_7601412
pd-user_7451845
pd-user_4977206
pd-user_9274459
pd-user_1859705
pd-user_9216414
pd-user_9711364
pd-user_1041175
pd-user_7171386
pd-user_6629281
pd-user_6446281
pd-user_5051246
pd-user_1019489
pd-user_7955431
pd-user_5469166
pd-user_8677838
pd-user_2498008
pd-user_6298182
pd-user_2002410
pd-user_6837229
pd-user_7816975
pd-user_8831693
pd-user_4707357
pd-user_247223
pd-user_7625750
pd-user_8232400
pd-user_3292967
pd-user_574124
pd-user_4491160
pd-user_3044916
pd-user_9309543
pd-user_8275611
pd-user_5371842
pd-user_5119497
pd-user_790454
pd-user_8620157
pd-user_6621660
pd-user_465875
pd-user_9666101
pd-user_1694148
pd-user_6828036
pd-user_1937652
pd-user_7161400
pd-user_9230465
pd-user_6630503
pd-user_2170846
pd-user_9096775
pd-user_7681306
pd-user_9738479
pd-user_8018188
pd-user_5114040
pd-user_4592480
pd-user_4142253
pd-user_6129117
pd-user_3615892
pd-user_8642938
pd-user_5036384
pd-user_9169433
pd-user_5275104
pd-user_8163522
pd-user_8584065
pd-user_630642
pd-user_616689
pd-user_6846871
pd-user_7671475
pd-user_4695609
pd-user_8267632
pd-user_2407653
pd-user_9172831
pd-user_1920359
pd-user_7134292
pd-user_9192968
pd-user_9892919
pd-user_8092192
pd-user_8118377
pd-user_4674816
pd-user_9033081
pd-user_375167
pd-user_2876296
pd-user_704624
pd-user_3547626
pd-user_4131155
pd-user_2560267
pd-user_6602719
pd-user_6642983
pd-user_1220320
pd-user_6436480
pd-user_1853996
pd-user_4883236
pd-user_2544611
pd-user_1195456
pd-user_2411953
pd-user_3284371
pd-user_3789956
pd-user_479673
pd-user_5417883
pd-user_7661373
pd-user_7116777
pd-user_5218812
pd-user_4059056
pd-user_396882
pd-user_4344001
pd-user_8970303
pd-user_6894382
pd-user_7752452
pd-user_4744162
pd-user_4461442
pd-user_1043728
pd-user_5073219
pd-user_1608379
pd-user_1852292
pd-user_4266507
pd-user_1398939
pd-user_5147021
pd-user_2169252
pd-user_4315839
pd-user_8505990
pd-user_9345933
pd-user_7984689
pd-user_7437205
pd-user_7837238
pd-user_4254005
pd-user_3467498
pd-user_4770411
pd-user_3836419
pd-user_7126971
pd-user_5368553
pd-user_3330942
pd-user_8419815
pd-user_9862847
pd-user_1102636
pd-user_1681459
pd-user_8578439
pd-user_8672428
pd-user_280576
pd-user_6864147
pd-user_2943555
pd-user_5075113
pd-user_3827254
pd-user_9498063
pd-user_5428324
pd-user_4841324
pd-user_1032844
pd-user_4005094
pd-user_8769706
pd-user_2390626
pd-user_1445582
pd-user_5727696
pd-user_1261842
pd-user_3738195
pd-user_6386930
pd-user_2150494
pd-user_8975887
pd-user_3733440
pd-user_7253200
pd-user_9796691
pd-user_4245296
pd-user_8419312
pd-user_2642423
pd-user_6462735
pd-user_1809348
pd-user_9548890
pd-user_3241136
pd-user_9590258
pd-user_6388977
pd-user_224435
pd-user_5403841
pd-user_9344923
pd-user_9173285
pd-user_960488
pd-user_6843958
pd-user_6883959
pd-user_8778461
pd-user_2355525
pd-user_5604246
pd-user_3325722
pd-user_9773678
pd-user_1285127
pd-user_9496037
pd-user_4997010
pd-user_4991652
pd-user_1654090
pd-user_2389186
pd-user_6894698
pd-user_4162512
pd-user_8620648
pd-user_5739944
pd-user_1542275
pd-user_4353398
pd-user_1009708
pd-user_697652
pd-user_4410124
pd-user_5669693
pd-user_2026068
pd-user_1629667
pd-user_310969
pd-user_1776109
pd-user_3729477
pd-user_2716419
pd-user_6842701
pd-user_3952270
pd-user_8755455
pd-user_4698259
pd-user_9053182
pd-user_9485451
pd-user_1139572
pd-user_4830154
pd-user_9928260
pd-user_408640
pd-user_8069618
pd-user_4082651
pd-user_8263517
pd-user_3383096
pd-user_4240170
pd-user_7869360
pd-user_8218692
pd-user_9980151
pd-user_15802
pd-user_826900
pd-user_1323760
pd-user_5714285
pd-user_5481091
pd-user_7982940
pd-user_6456395
pd-user_3622650
pd-user_2051125
pd-user_6026648
pd-user_8197391
pd-user_9676257
pd-user_5609742
pd-user_4701326
pd-user_680477
pd-user_3486879
pd-user_7930816
pd-user_5075495
pd-user_5485004
pd-user_1263335
pd-user_6326730
pd-user_1753909
pd-user_8397837
pd-user_9233768
pd-user_762778
pd-user_4009845
pd-user_1540108
pd-user_294779
pd-user_2105828
pd-user_8140404
pd-user_8372563
pd-user_9111335
pd-user_8418097
pd-user_6234680
pd-user_9135461
pd-user_4107090
pd-user_4604564
pd-user_6154321
pd-user_2822468
pd-user_308667
pd-user_8350201
pd-user_5044566
pd-user_9342507
pd-user_2705387
pd-user_8981143
pd-user_3808636
pd-user_28175
pd-user_3547702
pd-user_3414460
pd-user_8217040
pd-user_8097225
pd-user_9998269
pd-user_9063549
pd-user_8216914
pd-user_6953165
pd-user_2925850
pd-user_2053605
pd-user_3691075
pd-user_1616009
pd-user_6182135
pd-user_1898615
pd-user_1346233
pd-user_3711332
pd-user_6776962
pd-user_2685980
pd-user_7350234
pd-user_6894049
pd-user_8168888
pd-user_2705272
pd-user_7360451
pd-user_5276665
pd-user_3514387
pd-user_7930379
pd-user_6061826
pd-user_5517825
pd-user_4484916
pd-user_7716351
pd-user_5904794
pd-user_7112443
pd-user_9850704
pd-user_5874530
pd-user_7813141
pd-user_5032130
pd-user_1812580
pd-user_8753909
pd-user_1038126
pd-user_7840015
pd-user_736699
pd-user_9499118
pd-user_258451
pd-user_6958837
pd-user_6141356
pd-user_6588487
pd-user_2902745
pd-user_8775969
pd-user_1297479
pd-user_3041882
pd-user_4493702
pd-user_6334342
pd-user_6027106
pd-user_6309640
pd-user_8565054
pd-user_8932243
pd-user_9731845
pd-user_6863833
pd-user_277828
pd-user_7182664
pd-user_3967428
pd-user_9099859
pd-user_6537355
pd-user_2089966
pd-user_822379
pd-user_1825544
pd-user_3372374
pd-user_7190689
pd-user_3411370
pd-user_2438099
pd-user_8891108
pd-user_8220434
pd-user_835869
pd-user_6981953
pd-user_9784958
pd-user_8248517
pd-user_1527921
pd-user_6802421
pd-user_7966091
pd-user_6436532
pd-user_1854173
pd-user_2164687
pd-user_6282319
pd-user_7609610
pd-user_1658331
pd-user_9750380
pd-user_6286397
pd-user_517082
pd-user_4479037
pd-user_5767266
pd-user_4768665
pd-user_811762
pd-user_3762244
pd-user_3955587
pd-user_7470779
pd-user_3172545
pd-user_9767316
pd-user_6717094
pd-user_3136551
pd-user_8912692
pd-user_4411347
pd-user_1958385
pd-user_5669985
pd-user_899531
pd-user_957075
pd-user_1227778
pd-user_6376251
pd-user_1457367
pd-user_6458928
pd-user_4667648
pd-user_5046888
pd-user_992876
pd-user_9919492
pd-user_199288
pd-user_1539862
pd-user_4985846
pd-user_4196524
pd-user_2713867
pd-user_4668653
pd-user_5053320
pd-user_936613
pd-user_1435022
pd-user_8538438
pd-user_3209722
pd-user_4894282
pd-user_193253
pd-user_2495805
pd-user_4144099
pd-user_1343362
pd-user_1075540
pd-user_5263223
pd-user_2824803
pd-user_4256471
pd-user_4513731
pd-user_8494931
pd-user_6504531
pd-user_3266403
pd-user_9741950
pd-user_9515863
pd-user_5549555
pd-user_9504695
pd-user_2744778
pd-user_4130820
pd-user_9752374
pd-user_3394759
pd-user_7769409
pd-user_6416802
pd-user_4545239
pd-user_1480476
pd-user_2812787
pd-user_3583532
pd-user_5550318
pd-user_8281093
pd-user_9799937
pd-user_5529404
pd-user_9099253
pd-user_4111086
pd-user_9270535
pd-user_8504016
pd-user_5067272
pd-user_2212531
pd-user_7087605
pd-user_4227568
pd-user_9700758
pd-user_8441163
pd-user_1694760
pd-user_3939020
pd-user_7209290
pd-user_4987530
pd-user_4567587
pd-user_1264227
pd-user_8627730
pd-user_8036605
pd-user_9857740
pd-user_8591301
pd-user_8295993
pd-user_9489758
pd-user_8053498
pd-user_530368
pd-user_2462138
pd-user_1090110
pd-user_6835231
pd-user_8681992
pd-user_7634953
pd-user_807822
pd-user_4644523
pd-user_7041073
pd-user_438035
pd-user_8674089
pd-user_2959759
pd-user_1977597
pd-user_4248075
pd-user_6044012
pd-user_4125051
pd-user_7948636
pd-user_9631967
pd-user_1385646
pd-user_7067218
pd-user_9905760
pd-user_6767940
pd-user_4354849
pd-user_8374336
pd-user_8556362
pd-user_7882082
pd-user_7205370
pd-user_3114691
pd-user_8622117
pd-user_9746137
pd-user_8730756
pd-user_7858836
pd-user_5237385
pd-user_4168658
pd-user_1912448
pd-user_746095
pd-user_1451997
pd-user_1684365
pd-user_6262292
pd-user_896967
pd-user_3536384
pd-user_2659209
pd-user_9107268
pd-user_4179588
pd-user_3017020
pd-user_2907291
pd-user_6206791
pd-user_3701639
pd-user_5657193
pd-user_2830818
pd-user_3024575
pd-user_5478476
pd-user_7599821
pd-user_9966861
pd-user_5039451
pd-user_4748412
pd-user_2934173
pd-user_6354865
pd-user_8092970
pd-user_8802157
pd-user_277894
pd-user_4038825
pd-user_6360343
pd-user_7930510
pd-user_1229639
pd-user_1994660
pd-user_4917026
pd-user_4767231
pd-user_5910722
pd-user_5901046
pd-user_103923
pd-user_6255334
pd-user_5998172
pd-user_4569733
pd-user_812088
pd-user_8267419
pd-user_461444
pd-user_1677309
pd-user_9011310
pd-user_3985715
pd-user_190694
pd-user_8726634
pd-user_8217705
pd-user_2788906
pd-user_1208948
pd-user_3982037
pd-user_1282725
pd-user_4564560
pd-user_146259
pd-user_3846705
pd-user_3217073
pd-user_9820853
pd-user_707717
pd-user_6100765
pd-user_5204235
pd-user_1193487
pd-user_6121155
pd-user_5866428
pd-user_2599275
pd-user_365995
pd-user_8815006
pd-user_2179523
pd-user_8253286
pd-user_890311
pd-user_9115468
pd-user_3800322
pd-user_8990083
pd-user_715516
pd-user_6264936
pd-user_7347383
pd-user_2890685
pd-user_3370965
pd-user_9757376
pd-user_3709669
pd-user_4320634
pd-user_3224976
pd-user_8801892
pd-user_1603522
pd-user_7819558
pd-user_2207745
pd-user_6675711
pd-user_3552084
pd-user_3004827
pd-user_7216890
pd-user_9678452
pd-user_8885194
pd-user_7651566
pd-user_159230
pd-user_7901823
pd-user_5551735
pd-user_4565806
pd-user_2476633
pd-user_2677283
pd-user_796758
pd-user_5387500
pd-user_9173132
pd-user_1025636
pd-user_3302134
pd-user_5803273
pd-user_5599716
pd-user_5209087
pd-user_6644460
pd-user_5619889
pd-user_2159360
pd-user_1686147
pd-user_239710
pd-user_3000041
pd-user_893386
pd-user_4177640
pd-user_1125409
pd-user_1955585
pd-user_1158094
pd-user_1781758
pd-user_2545378
pd-user_9460424
pd-user_1145418
pd-user_1237156
pd-user_1686823
pd-user_5648379
pd-user_5297758
pd-user_6934499
pd-user_4272899
pd-user_9092268
pd-user_2749251
pd-user_7031146
pd-user_6873476
pd-user_9977065
pd-user_2839175
pd-user_7686486
pd-user_1104471
pd-user_8867386
pd-user_890552
pd-user_2071989
pd-user_707884
pd-user_7274041
pd-user_2781101
pd-user_5177794
pd-user_1037410
pd-user_1616232
pd-user_8918386
pd-user_6522921
pd-user_7028662
pd-user_2147653
pd-user_619826
pd-user_159068
pd-user_9875954
pd-user_7212816
pd-user_588121
pd-user_6491735
pd-user_4790090
pd-user_4395212
pd-user_3229449
pd-user_6664599
pd-user_8612644
pd-user_4025683
pd-user_7578234
pd-user_4303967
pd-user_8083726
pd-user_2963473
pd-user_4376870
pd-user_2680635
pd-user_9527965
pd-user_6868472
pd-user_51108
pd-user_3250801
pd-user_6236665
pd-user_8181127
pd-user_6962640
pd-user_7021161
pd-user_3032082
pd-user_3807006
pd-user_2512325
pd-user_3917186
pd-user_3735588
pd-user_1086857
pd-user_5478750
pd-user_4634025
pd-user_6814763
pd-user_9594650
pd-user_3090766
pd-user_1961761
pd-user_3271418
pd-user_5276652
pd-user_1512570
pd-user_1099024
pd-user_1266735
pd-user_385644
pd-user_9479181
pd-user_5868566
pd-user_5066076
pd-user_7254828
pd-user_6713229
pd-user_2990758
pd-user_3591844
pd-user_1472375
pd-user_2798978
pd-user_4749824
pd-user_3726771
pd-user_5079999
pd-user_6180439
pd-user_7470269
pd-user_9385324
pd-user_932374
pd-user_1428580
pd-user_3359610
pd-user_7341764
pd-user_8653771
pd-user_9522136
pd-user_6082566
pd-user_5218545
pd-user_263216
pd-user_4589528
pd-user_4010055
pd-user_3018724
pd-user_1384265
pd-user_1972601
pd-user_5986143
pd-user_7655614
pd-user_7886160
pd-user_6849462
pd-user_5649736
pd-user_9685874
pd-user_6511128
pd-user_1588060
pd-user_1374453
pd-user_1245201
pd-user_2720163
pd-user_9966243
pd-user_9048121
pd-user_3414697
pd-user_9373619
pd-user_5129911
pd-user_3449571
pd-user_6779787
pd-user_1921838
pd-user_1248052
pd-user_8316765
pd-user_4316248
pd-user_4998600
pd-user_1653810
pd-user_6995782
pd-user_8126902
pd-user_4064839
pd-user_8420793
pd-user_5038490
pd-user_3291719
pd-user_1258218
pd-user_3922964
pd-user_4520267
pd-user_7226588
pd-user_5779704
pd-user_3445331
pd-user_5335178
pd-user_6487466
pd-user_271441
pd-user_3913985
pd-user_3413589
pd-user_4420628
pd-user_7029459
pd-user_1255924
pd-user_4413886
pd-user_224674
pd-user_7507405
pd-user_2094688
pd-user_2141915
pd-user_9498692
pd-user_8653280
pd-user_4861336
pd-user_4405196
pd-user_367770
pd-user_1685702
pd-user_8264913
pd-user_3129241
pd-user_2820915
pd-user_1291262
pd-user_4020005
pd-user_9037438
pd-user_38102
pd-user_2248928
pd-user_1611204
pd-user_3397032
pd-user_6652399
pd-user_693776
pd-user_659793
pd-user_6368706
pd-user_2034249
pd-user_9838089
pd-user_5107678
pd-user_2147685
pd-user_1957311
pd-user_9371261
pd-user_4427349
pd-user_531371
pd-user_8559432
pd-user_3833653
pd-user_9726290
pd-user_3483381
pd-user_7237228
pd-user_6103975
pd-user_2573868
pd-user_4779378
pd-user_2626374
pd-user_710758
pd-user_9651450
pd-user_5049311
pd-user_7370341
pd-user_8103290
pd-user_5298854
pd-user_8356011
pd-user_3971660
pd-user_1762393
pd-user_1023312
pd-user_9132336
pd-user_6205570
pd-user_3836321
pd-user_5665338
pd-user_934741
pd-user_3639814
pd-user_9820236
pd-user_5522276
pd-user_9046627
pd-user_1553013
pd-user_6524055
pd-user_6592368
pd-user_4516345
pd-user_7290139
pd-user_7724079
pd-user_6787951
pd-user_3636917
pd-user_4514345
pd-user_1210048
pd-user_4824249
pd-user_4541922
pd-user_2993357
pd-user_7550317
pd-user_748611
pd-user_9795945
pd-user_8769004
pd-user_4568815
pd-user_4221291
pd-user_4763286
pd-user_1488571
pd-user_3754626
pd-user_8726957
pd-user_4098282
pd-user_2967027
pd-user_8547204
pd-user_1506492
pd-user_6815176
pd-user_9993503
pd-user_3322711
pd-user_1171587
pd-user_5670613
pd-user_9826129
pd-user_5296745
pd-user_1541963
pd-user_3203992
pd-user_8059035
pd-user_5021348
pd-user_5063090
pd-user_156845
pd-user_527511
pd-user_8794294
pd-user_7346769
pd-user_1329049
pd-user_6733035
pd-user_6080714
pd-user_2352055
pd-user_8997577
pd-user_9690677
pd-user_2788947
pd-user_4061204
pd-user_372829
pd-user_5104881
pd-user_6210187
pd-user_5086376
pd-user_7109504
pd-user_7548638
pd-user_1213122
pd-user_8514582
pd-user_519129
pd-user_9042485
pd-user_5587031
pd-user_6503089
pd-user_4429328
pd-user_2181875
pd-user_5183724
pd-user_1003796
pd-user_2337934
pd-user_4929270
pd-user_7476422
pd-user_8406270
pd-user_1630461
pd-user_5297663
pd-user_3345659
pd-user_3949677
pd-user_3730635
pd-user_4328644
pd-user_3106141
pd-user_1444587
pd-user_6484327
pd-user_2972988
pd-user_9276784
pd-user_9348823
pd-user_6169405
pd-user_5051372
pd-user_1169049
pd-user_3030331
pd-user_4866500
pd-user_2792704
pd-user_2849009
pd-user_8906648
pd-user_9863827
pd-user_3546718
pd-user_3967738
pd-user_9128975
pd-user_3546400
pd-user_5192802
pd-user_3861053
pd-user_912442
pd-user_995596
pd-user_9627782
pd-user_950446
pd-user_6017787
pd-user_1103773
pd-user_1760409
pd-user_2364491
pd-user_8605535
pd-user_386766
pd-user_4693684
pd-user_6820983
pd-user_5981993
pd-user_3651743
pd-user_1198388
pd-user_3221237
pd-user_3177919
pd-user_9290113
pd-user_1263486
pd-user_2150466
pd-user_694654
pd-user_253646
pd-user_7194975
pd-user_2256333
pd-user_4924298
pd-user_7752820
pd-user_6389824
pd-user_7564587
pd-user_6726979
pd-user_4263272
pd-user_4991202
pd-user_8383963
pd-user_3868049
pd-user_4807711
pd-user_173437
pd-user_566147
pd-user_155671
pd-user_8487283
pd-user_6497261
pd-user_2625112
pd-user_565414
pd-user_5250601
pd-user_5798862
pd-user_3908083
pd-user_2817189
pd-user_7143111
pd-user_538639
pd-user_3900474
pd-user_2418145
pd-user_4051050
pd-user_5444199
pd-user_8781063
pd-user_208371
pd-user_7504244
pd-user_499065
pd-user_504525
pd-user_1212027
pd-user_2503923
pd-user_8109277
pd-user_9685150
pd-user_4852122
pd-user_3017964
pd-user_9516789
pd-user_8971945
pd-user_5063351
pd-user_8180968
pd-user_275513
pd-user_6864045
pd-user_4042488
pd-user_6398922
pd-user_7980225
pd-user_8558071
pd-user_4670173
pd-user_2465452
pd-user_3340900
pd-user_4697856
pd-user_8327222
pd-user_6695445
pd-user_2049129
pd-user_4882314
pd-user_2341069
pd-user_5895944
pd-user_6057784
pd-user_8437217
pd-user_7182666
pd-user_5037253
pd-user_282965
pd-user_1136043
pd-user_5518357
pd-user_2087978
pd-user_895853
pd-user_9942648
pd-user_4562678
pd-user_387736
pd-user_839269
pd-user_7274641
pd-user_6844727
pd-user_1164261
pd-user_6175953
pd-user_3907209
pd-user_62642
pd-user_7425805
pd-user_8358794
pd-user_7426334
pd-user_6082835
pd-user_1561863
pd-user_5162579
pd-user_4530193
pd-user_6829576
pd-user_3278763
pd-user_2649107
pd-user_4491864
pd-user_7177162
pd-user_2558019
pd-user_8029311
pd-user_2713797
pd-user_2103340
pd-user_7376488
pd-user_8513998
pd-user_104133
pd-user_1908955
pd-user_2877958
pd-user_7887282
pd-user_1274710
pd-user_4465204
pd-user_5059564
pd-user_9063954
pd-user_2010598
pd-user_1296690
pd-user_934960
pd-user_2636881
pd-user_2245018
pd-user_9521767
pd-user_2219749
pd-user_9706905
pd-user_6402225
pd-user_6393556
pd-user_8100594
pd-user_6496104
pd-user_3588215
pd-user_7408235
pd-user_8849386
pd-user_7624675
pd-user_2178196
pd-user_8589600
pd-user_2149608
pd-user_8345417
pd-user_8128047
pd-user_9840579
pd-user_6748004
pd-user_9287459
pd-user_3382091
pd-user_4237229
pd-user_4851710
pd-user_3909849
pd-user_6644766
pd-user_1201928
pd-user_9625896
pd-user_4816161
pd-user_9713607
pd-user_7340325
pd-user_4035760
pd-user_180759
pd-user_1495454
pd-user_4064533
pd-user_6164747
pd-user_780170
pd-user_8701491
pd-user_4516834
pd-user_5519379
pd-user_7902453
pd-user_3738490
pd-user_1979135
pd-user_5455024
pd-user_777302
pd-user_310779
pd-user_1778236
pd-user_5721203
pd-user_7027156
pd-user_3620401
pd-user_785841
pd-user_7557008
pd-user_6224020
pd-user_2510951
pd-user_8697594
pd-user_7857816
pd-user_365002
pd-user_6696594
pd-user_173575
pd-user_6425924
pd-user_7570200
pd-user_6861095
pd-user_8007251
pd-user_8775011
pd-user_930385
pd-user_1074626
pd-user_3110909
pd-user_8256628
pd-user_6700542
pd-user_5304258
pd-user_1212676
pd-user_127553
pd-user_9281885
pd-user_6611452
pd-user_7097708
pd-user_7447696
pd-user_570610
pd-user_3263659
pd-user_9657010
pd-user_6171324
pd-user_1424080
pd-user_3412570
pd-user_4254951
pd-user_2717455
pd-user_8946937
pd-user_3994513
pd-user_9833991
pd-user_2790159
pd-user_9050656
pd-user_9406966
pd-user_6880074
pd-user_445064
pd-user_9789043
pd-user_6873857
pd-user_1649382
pd-user_6802746
pd-user_2274822
pd-user_5838537
pd-user_4455833
pd-user_2446115
pd-user_2047980
pd-user_4985568
pd-user_9657902
pd-user_1083680
pd-user_8950817
pd-user_9160365
pd-user_1332330
pd-user_3521786
pd-user_1275478
pd-user_3352629
pd-user_2848306
pd-user_8471235
pd-user_4925703
pd-user_3987824
pd-user_665398
pd-user_3862636
pd-user_9349648
pd-user_4806103
pd-user_5239541
pd-user_2174047
pd-user_9205210
pd-user_2412998
pd-user_7416458
pd-user_1355327
pd-user_9226976
pd-user_8342027
pd-user_4010727
pd-user_4132440
pd-user_3795876
pd-user_9494398
pd-user_8526161
pd-user_8622855
pd-user_8873701
pd-user_5498236
pd-user_3450705
pd-user_3428127
pd-user_1340623
pd-user_2088460
pd-user_9252587
pd-user_7248296
pd-user_1600363
pd-user_8494111
pd-user_3439213
pd-user_4964996
pd-user_2506267
pd-user_6027422
pd-user_3290010
pd-user_5114030
pd-user_920407
pd-user_6341092
pd-user_981171
pd-user_367500
pd-user_3193015
pd-user_8772697
pd-user_1326549
pd-user_9529832
pd-user_5296537
pd-user_2594664
pd-user_1996480
pd-user_216323
pd-user_4504050
pd-user_1344748
pd-user_2539701
pd-user_9587281
pd-user_6481431
pd-user_387554
pd-user_9493228
pd-user_9608577
pd-user_8201038
pd-user_4331715
pd-user_2610019
pd-user_6123322
pd-user_4801999
pd-user_264121
pd-user_1217960
pd-user_9956832
pd-user_2235132
pd-user_5469938
pd-user_6768253
pd-user_9125057
pd-user_7554595
pd-user_4829825
pd-user_7901898
pd-user_8395408
pd-user_9687475
pd-user_2932102
pd-user_1446004
pd-user_6344227
pd-user_8658347
pd-user_1326592
pd-user_9876215
pd-user_2415972
pd-user_2714372
pd-user_341902
pd-user_8151355
pd-user_7069589
pd-user_6395472
pd-user_4998694
pd-user_1432453
pd-user_4189755
pd-user_483764
pd-user_5976635
pd-user_6348812
pd-user_4478628
pd-user_9344026
pd-user_9385762
pd-user_2477468
pd-user_2336564
pd-user_5150841
pd-user_4507785
pd-user_8206292
pd-user_8072136
pd-user_969145
pd-user_3306924
pd-user_5817632
pd-user_2661160
pd-user_7231345
pd-user_4374738
pd-user_1173793
pd-user_1303403
pd-user_9843531
pd-user_1218973
pd-user_7942342
pd-user_5255836
pd-user_6955626
pd-user_539135
pd-user_5876553
pd-user_7698724
pd-user_3721705
pd-user_8823879
pd-user_503033
pd-user_70920
pd-user_3259707
pd-user_1806514
pd-user_5414756
pd-user_7752526
pd-user_3714326
pd-user_2085785
pd-user_5902140
pd-user_2214502
pd-user_3449487
pd-user_8398297
pd-user_4760208
pd-user_1495732
pd-user_4799334
pd-user_7791828
pd-user_4286445
pd-user_5417330
pd-user_3944550
pd-user_2124904
pd-user_3840865
pd-user_715161
pd-user_7210758
pd-user_2407262
pd-user_3585105
pd-user_6012141
pd-user_8260313
pd-user_8323596
pd-user_5332787
pd-user_3148848
pd-user_7756221
pd-user_3326117
pd-user_4909228
pd-user_6821339
pd-user_4403096
pd-user_4110109
pd-user_3750642
pd-user_8859896
pd-user_9374993
pd-user_6486020
pd-user_8693391
pd-user_2880271
pd-user_4290448
pd-user_9401106
pd-user_5746439
pd-user_4939416
pd-user_6126035
pd-user_9170216
pd-user_8913608
pd-user_8219651
pd-user_6286250
pd-user_7038304
pd-user_1916612
pd-user_699554
pd-user_567932
pd-user_6620774
pd-user_1980733
pd-user_6608520
pd-user_3005540
pd-user_1071584
pd-user_5601685
pd-user_5103914
pd-user_4222455
pd-user_6837240
pd-user_8021794
pd-user_1061754
pd-user_2681333
pd-user_2753573
pd-user_8875228
pd-user_761214
pd-user_5491428
pd-user_9075477
pd-user_1526325
pd-user_1159617
pd-user_2234112
pd-user_5850093
pd-user_7896537
pd-user_4048811
pd-user_2159314
pd-user_9181569
pd-user_6963490
pd-user_448401
pd-user_9297093
pd-user_334922
pd-user_8156140
pd-user_7964945
pd-user_7612505
pd-user_138994
pd-user_551694
pd-user_1228187
pd-user_5978735
pd-user_3834707
pd-user_5679170
pd-user_1237960
pd-user_2341694
pd-user_6344552
pd-user_8234327
pd-user_990364
pd-user_6997610
pd-user_4484031
pd-user_1537793
pd-user_4327155
pd-user_6944786
pd-user_9033728
pd-user_4887471
pd-user_4717075
pd-user_908644
pd-user_4957547
pd-user_7034230
pd-user_2552754
pd-user_6316713
pd-user_5227533
pd-user_3735758
pd-user_5992202
pd-user_1910472
pd-user_8210021
pd-user_2776142
pd-user_1193004
pd-user_5367075
pd-user_33196
pd-user_7848516
pd-user_3255861
pd-user_6106677
pd-user_5123738
pd-user_8902578
pd-user_4702790
pd-user_4864802
pd-user_7547980
pd-user_2054297
pd-user_1113500
pd-user_1537699
pd-user_8759208
pd-user_1893387
pd-user_5774777
pd-user_4634633
pd-user_3921177
pd-user_8720827
pd-user_1682664
pd-user_1468971
pd-user_7685957
pd-user_5205824
pd-user_9866485
pd-user_6475441
pd-user_2432529
pd-user_3482348
pd-user_2496636
pd-user_5350956
pd-user_2049709
pd-user_1293159
pd-user_9178515
pd-user_5495805
pd-user_8973850
pd-user_7048762
pd-user_3008383
pd-user_6884583
pd-user_52227
pd-user_1036396
pd-user_4018720
pd-user_6523709
pd-user_6107994
pd-user_5936777
pd-user_5907209
pd-user_7156717
pd-user_5314599
pd-user_6820469
pd-user_7915623
pd-user_9889562
pd-user_9707496
pd-user_7128847
pd-user_4390090
pd-user_3013315
pd-user_7060862
pd-user_3960199
pd-user_5414135
pd-user_8872891
pd-user_4428982
pd-user_1921306
pd-user_305615
pd-user_2320513
pd-user_8587067
pd-user_459388
pd-user_8615609
pd-user_6847923
pd-user_1721829
pd-user_9490274
pd-user_171484
pd-user_4469830
pd-user_4656323
pd-user_1579487
pd-user_9143807
pd-user_6304486
pd-user_4774452
pd-user_8292807
pd-user_8280923
pd-user_8623458
pd-user_1400512
pd-user_3829001
pd-user_1392828
pd-user_6663172
pd-user_5494357
pd-user_3400117
pd-user_2509666
pd-user_5774221
pd-user_2220227
pd-user_8908933
pd-user_2861032
pd-user_2500453
pd-user_7122409
pd-user_9642111
pd-user_3751597
pd-user_8105633
pd-user_9323705
pd-user_9633062
pd-user_1143197
pd-user_4314591
pd-user_6711498
pd-user_5830045
pd-user_3933576
pd-user_4826324
pd-user_7662060
pd-user_7797287
pd-user_5252598
pd-user_4851132
pd-user_2522251
pd-user_6990277
pd-user_8259014
pd-user_9390761
pd-user_4556020
pd-user_6814781
pd-user_8381237
pd-user_6104974
pd-user_1422348
pd-user_3220968
pd-user_9643849
pd-user_2732066
pd-user_941568
pd-user_8661396
pd-user_2384582
pd-user_7543633
pd-user_7114130
pd-user_7705779
pd-user_1887993
pd-user_759636
pd-user_4787345
pd-user_2768797
pd-user_2047392
pd-user_9717528
pd-user_5159885
pd-user_649588
pd-user_341299
pd-user_8014708
pd-user_4298819
pd-user_6006602
pd-user_9277930
pd-user_8327384
pd-user_7188183
pd-user_6206419
pd-user_3742654
pd-user_7094396
pd-user_147595
pd-user_8624379
pd-user_3807883
pd-user_3546789
pd-user_1055775
pd-user_3864122
pd-user_5480910
pd-user_9226818
pd-user_2351395
pd-user_161937
pd-user_6831733
pd-user_8181579
pd-user_7908300
pd-user_2552923
pd-user_2478382
pd-user_2251948
pd-user_7740956
pd-user_4255915
pd-user_9073396
pd-user_9014981
pd-user_4768101
pd-user_521087
pd-user_4373301
pd-user_6330909
pd-user_3773309
pd-user_8642095
pd-user_3861673
pd-user_2078072
pd-user_9102170
pd-user_4315288
pd-user_803462
pd-user_923600
pd-user_8197808
pd-user_3063778
pd-user_781007
pd-user_6321017
pd-user_9018733
pd-user_2295874
pd-user_8746048
pd-user_332201
pd-user_7836376
pd-user_2781075
pd-user_3663791
pd-user_8456741
pd-user_9915522
pd-user_2860948
pd-user_6616076
pd-user_5102636
pd-user_3895306
pd-user_3916703
pd-user_2183173
pd-user_7214746
pd-user_9910522
pd-user_6850177
pd-user_8763688
pd-user_8676916
pd-user_89201
pd-user_8382668
pd-user_7891082
pd-user_4158714
pd-user_2829478
pd-user_1890944
pd-user_5422012
pd-user_8312469
pd-user_3468214
pd-user_2327874
pd-user_8522973
pd-user_4116009
pd-user_4921655
pd-user_3900634
pd-user_2664434
pd-user_8737182
pd-user_3503725
pd-user_3733446
pd-user_1599605
pd-user_5656402
pd-user_8614669
pd-user_3882812
pd-user_4676301
pd-user_72269
pd-user_490339
pd-user_3954862
pd-user_5066439
pd-user_7519925
pd-user_4617271
pd-user_5161415
pd-user_881244
pd-user_9252749
pd-user_8360682
pd-user_7340829
pd-user_4839148
pd-user_6887784
pd-user_9007508
pd-user_3258495
pd-user_8844264
pd-user_2512469
pd-user_889418
pd-user_2967671
pd-user_7754969
pd-user_9699029
pd-user_7177167
pd-user_6192861
pd-user_3469387
pd-user_125620
pd-user_5186191
pd-user_1871985
pd-user_1629344
pd-user_1269859
pd-user_9463315
pd-user_9925149
pd-user_2847307
pd-user_6073051
pd-user_2143564
pd-user_278732
pd-user_5193972
pd-user_5633566
pd-user_2996943
pd-user_9209287
pd-user_7223104
pd-user_6708846
pd-user_6605023
pd-user_3659215
pd-user_768372
pd-user_5951328
pd-user_9564050
pd-user_5716784
pd-user_3976280
pd-user_7549314
pd-user_7638653
pd-user_6085123
pd-user_6551569
pd-user_8766592
pd-user_7297568
pd-user_1522656
pd-user_5052602
pd-user_5803626
pd-user_6825404
pd-user_8237816
pd-user_3251259
pd-user_6316581
pd-user_6743547
pd-user_1981260
pd-user_2940795
pd-user_6860502
pd-user_4852237
pd-user_1724812
pd-user_3500563
pd-user_652231
pd-user_164564
pd-user_5873143
pd-user_8863645
pd-user_1271189
pd-user_6424582
pd-user_6133649
pd-user_6850336
pd-user_3520276
pd-user_7489422
pd-user_2004223
pd-user_1955257
pd-user_1510016
pd-user_3889440
pd-user_8247430
pd-user_483206
pd-user_4107123
pd-user_6400505
pd-user_2825834
pd-user_2489315
pd-user_1671846
pd-user_744938
pd-user_8273633
pd-user_5816348
pd-user_4846177
pd-user_8934381
pd-user_3900993
pd-user_839859
pd-user_7549498
pd-user_2202986
pd-user_783917
pd-user_1288820
pd-user_1688517
pd-user_8884116
pd-user_906087
pd-user_8092605
pd-user_9146888
pd-user_9697239
pd-user_6488916
pd-user_9206627
pd-user_9626274
pd-user_7437440
pd-user_9602119
pd-user_3952100
pd-user_2136649
pd-user_9008329
pd-user_957468
pd-user_5869570
pd-user_5738303
pd-user_9817758
pd-user_4332394
pd-user_721621
pd-user_9931265
pd-user_7403101
pd-user_4161866
pd-user_7842203
pd-user_8692132
pd-user_7686586
pd-user_7311897
pd-user_7286540
pd-user_6342063
pd-user_394480
pd-user_3142013
pd-user_4200533
pd-user_7385143
pd-user_5569644
pd-user_9695185
pd-user_1167577
pd-user_4440016
pd-user_5481408
pd-user_4822830
pd-user_4512735
pd-user_5056137
pd-user_3380079
pd-user_4981320
pd-user_9463563
pd-user_9051792
pd-user_2216762
pd-user_424626
pd-user_3672647
pd-user_137055
pd-user_1700394
pd-user_6375727
pd-user_5102873
pd-user_101515
pd-user_9763094
pd-user_3330079
pd-user_9510569
pd-user_7733080
pd-user_6035225
pd-user_3748441
pd-user_3935152
pd-user_1421531
pd-user_1990627
pd-user_6083819
pd-user_6872877
pd-user_9614946
pd-user_4571951
pd-user_4571053
pd-user_7969985
pd-user_5335043
pd-user_5270568
pd-user_8614024
pd-user_3220908
pd-user_189403
pd-user_6185826
pd-user_9963493
pd-user_4028345
pd-user_3368241
pd-user_5652649
pd-user_1290519
pd-user_9944338
pd-user_3312640
pd-user_9529851
pd-user_1846517
pd-user_9714583
pd-user_8439174
pd-user_7413223
pd-user_5255295
pd-user_1480252
pd-user_2872949
pd-user_1007126
pd-user_2697291
pd-user_7086589
pd-user_9581835
pd-user_487590
pd-user_6072126
pd-user_2494481
pd-user_9247041
pd-user_4525886
pd-user_5175712
pd-user_770824
pd-user_4063654
pd-user_8868580
pd-user_60931
pd-user_1147208
pd-user_5512311
pd-user_8963019
pd-user_539332
pd-user_4030694
pd-user_2344900
pd-user_6577970
pd-user_609083
pd-user_4515994
pd-user_8330834
pd-user_7223942
pd-user_5628261
pd-user_9363352
pd-user_5188439
pd-user_2527802
pd-user_9237525
pd-user_3834403
pd-user_9092842
pd-user_3679117
pd-user_4465151
pd-user_552278
pd-user_9675574
pd-user_9253402
pd-user_6247993
pd-user_112958
pd-user_5302445
pd-user_4032733
pd-user_8164670
pd-user_6985706
pd-user_1012881
pd-user_9302892
pd-user_352244
pd-user_1568351
pd-user_329561
pd-user_613769
pd-user_5199592
pd-user_1950191
pd-user_9710214
pd-user_138251
pd-user_4682479
pd-user_4326154
pd-user_9193996
pd-user_8709194
pd-user_6660308
pd-user_5895705
pd-user_4147311
pd-user_8271270
pd-user_679352
pd-user_382515
pd-user_5160576
pd-user_4868840
pd-user_2469955
pd-user_1113884
pd-user_1004137
pd-user_4574335
pd-user_1107131
pd-user_7194594
pd-user_8082431
pd-user_4348005
pd-user_5993991
pd-user_6665142
pd-user_2818285
pd-user_3141228
pd-user_2407956
pd-user_6298637
pd-user_8645513
pd-user_5630502
pd-user_6276948
pd-user_7246585
pd-user_2100571
pd-user_6474197
pd-user_851713
pd-user_9609238
pd-user_4463794
pd-user_9207661
pd-user_5296288
pd-user_5076972
pd-user_5354433
pd-user_4683085
pd-user_8115071
pd-user_2452522
pd-user_4150538
pd-user_9949111
pd-user_4351781
pd-user_4820286
pd-user_7224642
pd-user_3285621
pd-user_4886372
pd-user_219789
pd-user_8063505
pd-user_1930241
pd-user_8169927
pd-user_5629045
pd-user_9388515
pd-user_4571797
pd-user_9211856
pd-user_7381219
pd-user_1613482
pd-user_4448662
pd-user_7152306
pd-user_8241556
pd-user_8215974
pd-user_8717139
pd-user_7615771
pd-user_409412
pd-user_7190487
pd-user_6592599
pd-user_2906480
pd-user_9543072
pd-user_994851
pd-user_2738622
pd-user_276258
pd-user_3612460
pd-user_5874971
pd-user_5871535
pd-user_7204083
pd-user_9002120
pd-user_6027908
pd-user_9560256
pd-user_6870713
pd-user_8794330
pd-user_988001
pd-user_9398956
pd-user_4498046
pd-user_5939168
pd-user_3250703
pd-user_2105200
pd-user_7259997
pd-user_7929878
pd-user_339179
pd-user_9150627
pd-user_8601887
pd-user_9976112
pd-user_6733050
pd-user_2024203
pd-user_949097
pd-user_9121528
pd-user_3752680
pd-user_4683624
pd-user_770165
pd-user_6527690
pd-user_7098233
pd-user_2741517
pd-user_5822683
pd-user_9123192
pd-user_7727579
pd-user_4208078
pd-user_3043078
pd-user_5137036
pd-user_1047331
pd-user_9115288
pd-user_934750
pd-user_6999021
pd-user_3358893
pd-user_9008999
pd-user_5081131
pd-user_5511690
pd-user_5466142
pd-user_8047400
pd-user_1413347
pd-user_1461462
pd-user_8872177
pd-user_9212709
pd-user_8033306
pd-user_9823060
pd-user_4009815
pd-user_7287873
pd-user_9383004
pd-user_6995816
pd-user_7302020
pd-user_137581
pd-user_7584858
pd-user_9296189
pd-user_5797287
pd-user_9307642
pd-user_6202990
pd-user_7372209
pd-user_4017351
pd-user_5668549
pd-user_7745842
pd-user_798759
pd-user_799111
pd-user_1175646
pd-user_8632807
pd-user_9918469
pd-user_2199866
pd-user_4829580
pd-user_2369920
pd-user_6189426
pd-user_5174817
pd-user_6015313
pd-user_7747213
pd-user_567950
pd-user_8842700
pd-user_41732
pd-user_9049967
pd-user_5014881
pd-user_4060779
pd-user_6418331
pd-user_7569258
pd-user_6520329
pd-user_5869121
pd-user_218618
pd-user_812814
pd-user_9772004
pd-user_9184073
pd-user_6354981
pd-user_1800271
pd-user_8367368
pd-user_424169
pd-user_2208926
pd-user_6311550
pd-user_8461213
pd-user_2663832
pd-user_1275810
pd-user_7548044
pd-user_2132457
pd-user_7827493
pd-user_6726698
pd-user_7742235
pd-user_3430566
pd-user_5338913
pd-user_1431451
pd-user_8352675
pd-user_5180656
pd-user_2344630
pd-user_5693407
pd-user_4469039
pd-user_6264404
pd-user_5391974
pd-user_7859173
pd-user_9583631
pd-user_73288
pd-user_6697033
pd-user_784823
pd-user_8368353
pd-user_4735961
pd-user_576426
pd-user_2142653
pd-user_9881218
pd-user_147243
pd-user_6380461
pd-user_8420312
pd-user_2214824
pd-user_8335505
pd-user_3253124
pd-user_891286
pd-user_3876947
pd-user_9815853
pd-user_6225338
pd-user_1854197
pd-user_4506797
pd-user_5761444
pd-user_5087782
pd-user_9071148
pd-user_3657570
pd-user_5180715
pd-user_1961775
pd-user_8576528
pd-user_7818869
pd-user_7629837
pd-user_5039342
pd-user_3078113
pd-user_4590862
pd-user_32795
pd-user_8602708
pd-user_4915731
pd-user_2018155
pd-user_6011959
pd-user_9028751
pd-user_5247396
pd-user_3939308
pd-user_1347186
pd-user_6432993
pd-user_7102361
pd-user_7034010
pd-user_5059748
pd-user_9771193
pd-user_6413399
pd-user_7138270
pd-user_1553554
pd-user_9403884
pd-user_1936025
pd-user_9780462
pd-user_2362722
pd-user_3513485
pd-user_6382495
pd-user_4562974
pd-user_6019395
pd-user_7701583
pd-user_4805901
pd-user_605939
pd-user_7745406
pd-user_9838192
pd-user_3630561
pd-user_3915282
pd-user_9365377
pd-user_2175559
pd-user_8723088
pd-user_5223032
pd-user_5437011
pd-user_2748776
pd-user_1276108
pd-user_8441895
pd-user_7563235
pd-user_2643815
pd-user_4898513
pd-user_2262627
pd-user_2870868
pd-user_7530995
pd-user_8521803
pd-user_5546175
pd-user_2853236
pd-user_9854509
pd-user_112379
pd-user_5149572
pd-user_2758903
pd-user_852575
pd-user_835288
pd-user_2392727
pd-user_7017253
pd-user_5081709
pd-user_6799892
pd-user_6317334
pd-user_88828
pd-user_2244613
pd-user_7322695
pd-user_8231025
pd-user_2323574
pd-user_83671
pd-user_1178828
pd-user_5958069
pd-user_8903806
pd-user_5388848
pd-user_713590
pd-user_9466809
pd-user_9557378
pd-user_1265315
pd-user_7567179
pd-user_7537275
pd-user_2851026
pd-user_3317424
pd-user_619324
pd-user_2922734
pd-user_2529429
pd-user_3752984
pd-user_641705
pd-user_4008429
pd-user_3659987
pd-user_5501347
pd-user_7552209
pd-user_6877730
pd-user_730574
pd-user_6206313
pd-user_8636595
pd-user_3319943
pd-user_8172994
pd-user_8667341
pd-user_1367756
pd-user_6633120
pd-user_5405650
pd-user_2315981
pd-user_3376057
pd-user_6149646
pd-user_2234110
pd-user_1477053
pd-user_3906096
pd-user_9792456
pd-user_8968070
pd-user_5063150
pd-user_9642208
pd-user_8590407
pd-user_5826196
pd-user_939571
pd-user_2330417
pd-user_4453904
pd-user_83056
pd-user_4944836
pd-user_1749596
pd-user_1004605
pd-user_6288151
pd-user_6599224
pd-user_2881103
pd-user_3836254
pd-user_6448319
pd-user_7017697
pd-user_231823
pd-user_8311645
pd-user_9294437
pd-user_65701
pd-user_3504691
pd-user_5258045
pd-user_3812869
pd-user_13582
pd-user_1713585
pd-user_3331794
pd-user_4512503
pd-user_1512955
pd-user_8417791
pd-user_8808520
pd-user_8038919
pd-user_5615612
pd-user_6137920
pd-user_6591146
pd-user_9006771
pd-user_3254351
pd-user_190961
pd-user_2997300
pd-user_4293135
pd-user_4160766
pd-user_6332273
pd-user_7002006
pd-user_728392
pd-user_3232876
pd-user_5113707
pd-user_860359
pd-user_3472368
pd-user_2878326
pd-user_6175232
pd-user_2579980
pd-user_4104139
pd-user_3541703
pd-user_3884464
pd-user_6125915
pd-user_6356423
pd-user_8690070
pd-user_6954478
pd-user_2462112
pd-user_1313479
pd-user_9150065
pd-user_76077
pd-user_5206538
pd-user_6812063
pd-user_6250766
pd-user_7572753
pd-user_2006798
pd-user_5582549
pd-user_5303506
pd-user_970573
pd-user_2103526
pd-user_5795057
pd-user_1897590
pd-user_1461806
pd-user_6121373
pd-user_8922284
pd-user_8461661
pd-user_8645133
pd-user_822833
pd-user_109408
pd-user_8212133
pd-user_5313333
pd-user_9611892
pd-user_8702463
pd-user_6830714
pd-user_707708
pd-user_9386141
pd-user_9769340
pd-user_6148890
pd-user_7442358
pd-user_1959580
pd-user_1885073
pd-user_7906693
pd-user_3187567
pd-user_7636332
pd-user_8552
pd-user_7176230
pd-user_3531359
pd-user_8213826
pd-user_9297137
pd-user_4590515
pd-user_7694156
pd-user_2834599
pd-user_8085859
pd-user_991631
pd-user_8829492
pd-user_6949984
pd-user_9811974
pd-user_4471859
pd-user_4938595
pd-user_8822678
pd-user_6722257
pd-user_183335
pd-user_8466990
pd-user_8098658
pd-user_7006383
pd-user_1791120
pd-user_4979976
pd-user_748711
pd-user_4184415
pd-user_3569053
pd-user_3790987
pd-user_5740667
pd-user_3421049
pd-user_2343526
pd-user_346193
pd-user_2565143
pd-user_7115064
pd-user_8424060
pd-user_4691341
pd-user_8897050
pd-user_9497195
pd-user_7667356
pd-user_8788632
pd-user_9540267
pd-user_906022
pd-user_449935
pd-user_2703543
pd-user_8236703
pd-user_9070592
pd-user_2258229
pd-user_9242258
pd-user_112195
pd-user_237102
pd-user_1794827
pd-user_902967
pd-user_8173640
pd-user_2861513
pd-user_1413753
pd-user_531078
pd-user_1063398
pd-user_2558702
pd-user_6053981
pd-user_6768954
pd-user_1560707
pd-user_4403001
pd-user_7904067
pd-user_1430872
pd-user_9161870
pd-user_3701893
pd-user_1025227
pd-user_3938229
pd-user_455911
pd-user_6857456
pd-user_657780
pd-user_3367017
pd-user_5047640
pd-user_5916782
pd-user_8831923
pd-user_1102665
pd-user_1348443
pd-user_8606511
pd-user_1240163
pd-user_8437659
pd-user_4270836
pd-user_1820844
pd-user_3719584
pd-user_8702187
pd-user_3078761
pd-user_5191355
pd-user_2831811
pd-user_3488271
pd-user_7391738
pd-user_129652
pd-user_1658969
pd-user_3516348
pd-user_3322358
pd-user_4272311
pd-user_4744780
pd-user_1912981
pd-user_8997961
pd-user_8110231
pd-user_1377231
pd-user_5985886
pd-user_781971
pd-user_138975
pd-user_8689826
pd-user_1984379
pd-user_409821
pd-user_3900636
pd-user_7029194
pd-user_5828843
pd-user_8273179
pd-user_3467470
pd-user_1972476
pd-user_7254963
pd-user_7698785
pd-user_8944901
pd-user_3727073
pd-user_3816706
pd-user_4324582
pd-user_8732641
pd-user_2670690
pd-user_750532
pd-user_8805475
pd-user_6225859
pd-user_2011376
pd-user_5153897
pd-user_9090409
pd-user_3947962
pd-user_836149
pd-user_5910246
pd-user_3125739
pd-user_5219048
pd-user_9464968
pd-user_2622855
pd-user_7977380
pd-user_4323985
pd-user_2445837
pd-user_8939947
pd-user_5616152
pd-user_1143472
pd-user_7418306
pd-user_755633
pd-user_7229358
pd-user_1239806
pd-user_1219023
pd-user_261522
pd-user_6076138
pd-user_1696314
pd-user_7410049
pd-user_571429
pd-user_2068195
pd-user_1591374
pd-user_7581738
pd-user_2837813
pd-user_4728472
pd-user_2568158
pd-user_199326
pd-user_4330224
pd-user_8171508
pd-user_4207750
pd-user_2868408
pd-user_4679686
pd-user_3552152
pd-user_8448770
pd-user_9338475
pd-user_6613125
pd-user_2625179
pd-user_8601635
pd-user_6180530
pd-user_2312365
pd-user_7168615
pd-user_8274602
pd-user_2027684
pd-user_3661998
pd-user_2084780
pd-user_4675262
pd-user_2347449
pd-user_321787
pd-user_9960070
pd-user_484076
pd-user_479054
pd-user_2916222
pd-user_6353638
pd-user_2914378
pd-user_4800031
pd-user_5730674
pd-user_6616319
pd-user_6476647
pd-user_3901772
pd-user_6370109
pd-user_5932068
pd-user_1670219
pd-user_5334446
pd-user_1517885
pd-user_6763035
pd-user_5047560
pd-user_8052848
pd-user_1440931
pd-user_8422775
pd-user_8757372
pd-user_2658034
pd-user_7682512
pd-user_7494229
pd-user_5473802
pd-user_9141597
pd-user_6255069
pd-user_2466013
pd-user_2258756
pd-user_6151970
pd-user_1822602
pd-user_5646272
pd-user_950455
pd-user_4685966
pd-user_2761957
pd-user_5155427
pd-user_68674
pd-user_9492622
pd-user_1881144
pd-user_6432914
pd-user_338223
pd-user_9764070
pd-user_7896753
pd-user_3814236
pd-user_3080317
pd-user_1609755
pd-user_7455122
pd-user_4479637
pd-user_5404203
pd-user_9237843
pd-user_8611331
pd-user_6182816
pd-user_6364407
pd-user_3578154
pd-user_3266577
pd-user_8712134
pd-user_7854776
pd-user_8250730
pd-user_1898320
pd-user_6145499
pd-user_6249415
pd-user_9327913
pd-user_801466
pd-user_3866796
pd-user_9349599
pd-user_5452590
pd-user_7962425
pd-user_6980161
pd-user_9379408
pd-user_5298564
pd-user_9590019
pd-user_14391
pd-user_1752406
pd-user_6706985
pd-user_3302953
pd-user_3638772
pd-user_1882297
pd-user_5916697
pd-user_7398792
pd-user_991671
pd-user_2676442
pd-user_7944173
pd-user_4847188
pd-user_4381694
pd-user_4482453
pd-user_4341426
pd-user_1554837
pd-user_7390513
pd-user_7215018
pd-user_6231443
pd-user_8746421
pd-user_8226658
pd-user_7438483
pd-user_4924168
pd-user_1456073
pd-user_9469830
pd-user_8164120
pd-user_7028030
pd-user_6320704
pd-user_2646384
pd-user_3003156
pd-user_877553
pd-user_6872044
pd-user_262372
pd-user_2200662
pd-user_6802658
pd-user_4859822
pd-user_9604727
pd-user_1723241
pd-user_8802944
pd-user_5895264
pd-user_5736522
pd-user_5513566
pd-user_2311594
pd-user_5384030
pd-user_849740
pd-user_9478764
pd-user_6593943
pd-user_1669712
pd-user_8848289
pd-user_7712993
pd-user_7145818
pd-user_7405557
pd-user_8236474
pd-user_1231811
pd-user_9514898
pd-user_3243490
pd-user_8784334
pd-user_8988796
pd-user_9505127
pd-user_2190086
pd-user_7736814
pd-user_701733
pd-user_2969623
pd-user_9674336
pd-user_9478816
pd-user_4274094
pd-user_3364520
pd-user_1079779
pd-user_5534298
pd-user_1678046
pd-user_7492731
pd-user_7891808
pd-user_5456159
pd-user_2181652
pd-user_305458
pd-user_2564535
pd-user_1740606
pd-user_6665076
pd-user_2247685
pd-user_4759980
pd-user_8636681
pd-user_8186416
pd-user_1211310
pd-user_4853692
pd-user_9051480
pd-user_8176521
pd-user_4107103
pd-user_5259246
pd-user_3262698
pd-user_7510450
pd-user_9043587
pd-user_8615111
pd-user_6395506
pd-user_2738794
pd-user_7251898
pd-user_9412739
pd-user_9204784
pd-user_8026339
pd-user_6325307
pd-user_6100874
pd-user_4959862
pd-user_1798280
pd-user_8983183
pd-user_6386997
pd-user_7288255
pd-user_1039514
pd-user_7751914
pd-user_2863857
pd-user_9794295
pd-user_2070019
pd-user_592214
pd-user_5451486
pd-user_2018494
pd-user_5250355
pd-user_8648224
pd-user_6618770
pd-user_3809238
pd-user_605833
pd-user_8415563
pd-user_2487507
pd-user_1087995
pd-user_696964
pd-user_6537749
pd-user_3337871
pd-user_4648266
pd-user_3057022
pd-user_877866
pd-user_4340687
pd-user_1231784
pd-user_794300
pd-user_235633
pd-user_7287965
pd-user_5847339
pd-user_8355310
pd-user_5816467
pd-user_3124038
pd-user_2743248
pd-user_3338591
pd-user_5846425
pd-user_9438023
pd-user_2943381
pd-user_3344985
pd-user_4720838
pd-user_1555120
pd-user_522815
pd-user_1531687
pd-user_2317110
pd-user_1583127
pd-user_8783433
pd-user_5025048
pd-user_6353923
pd-user_2707826
pd-user_9252103
pd-user_5002136
pd-user_2860960
pd-user_4385198
pd-user_8305366
pd-user_889441
pd-user_7399996
pd-user_2377681
pd-user_3908556
pd-user_5475819
pd-user_3946331
pd-user_6969512
pd-user_1036241
pd-user_3357563
pd-user_1803600
pd-user_242805
pd-user_891679
pd-user_4888109
pd-user_6441245
pd-user_8847798
pd-user_5779867
pd-user_2481608
pd-user_6923546
pd-user_8477382
pd-user_7622821
pd-user_9996921
pd-user_6427663
pd-user_7390283
pd-user_6135758
pd-user_1081303
pd-user_3183959
pd-user_6311679
pd-user_5814153
pd-user_6402138
pd-user_7135287
pd-user_9663491
pd-user_9687749
pd-user_3103772
pd-user_3674938
pd-user_3955171
pd-user_4050676
pd-user_3159615
pd-user_3524378
pd-user_8387820
pd-user_4474984
pd-user_4303294
pd-user_4777033
pd-user_3626677
pd-user_8851586
pd-user_5672150
pd-user_5828023
pd-user_8498514
pd-user_7112726
pd-user_614435
pd-user_9109470
pd-user_6106146
pd-user_1069171
pd-user_4443128
pd-user_9560456
pd-user_1372360
pd-user_8417758
pd-user_289977
pd-user_7769239
pd-user_6139386
pd-user_9539353
pd-user_4531443
pd-user_4176072
pd-user_9081363
pd-user_7135469
pd-user_2896098
pd-user_5155312
pd-user_9351542
pd-user_720835
pd-user_2930762
pd-user_1602641
pd-user_6349169
pd-user_2651252
pd-user_9001607
pd-user_4900859
pd-user_5904692
pd-user_9130511
pd-user_6399236
pd-user_7935506
pd-user_5205555
pd-user_5855861
pd-user_2980503
pd-user_1429281
pd-user_9676911
pd-user_5241409
pd-user_1626904
pd-user_8052310
pd-user_3898499
pd-user_7675887
pd-user_9381209
pd-user_3331052
pd-user_2191252
pd-user_7331788
pd-user_6452273
pd-user_6559669
pd-user_912802
pd-user_7473751
pd-user_1943278
pd-user_4102661
pd-user_9941687
pd-user_5244554
pd-user_1710982
pd-user_912329
pd-user_1653431
pd-user_2456246
pd-user_3273656
pd-user_2181007
pd-user_809108
pd-user_7360883
pd-user_1430258
pd-user_748452
pd-user_1093104
pd-user_8507090
pd-user_5499826
pd-user_1547321
pd-user_5953329
pd-user_4588825
pd-user_3126812
pd-user_1585878
pd-user_7902454
pd-user_3192878
pd-user_6570423
pd-user_8473754
pd-user_3464231
pd-user_3533604
pd-user_8303816
pd-user_5563334
pd-user_6034033
pd-user_1092112
pd-user_4723995
pd-user_2437814
pd-user_256128
pd-user_9335220
pd-user_4052436
pd-user_8452740
pd-user_3254110
pd-user_9369030
pd-user_4955744
pd-user_9223780
pd-user_547797
pd-user_6797559
pd-user_2839903
pd-user_1633497
pd-user_6987273
pd-user_1605782
pd-user_7667362
pd-user_9591402
pd-user_7704342
pd-user_3612020
pd-user_7558957
pd-user_5344808
pd-user_2701714
pd-user_4502413
pd-user_266751
pd-user_1216677
pd-user_2721213
pd-user_1812630
pd-user_4735371
pd-user_8979741
pd-user_2084909
pd-user_263785
pd-user_3892762
pd-user_398112
pd-user_2120416
pd-user_4672594
pd-user_1041572
pd-user_2944590
pd-user_1465998
pd-user_3081813
pd-user_5198365
pd-user_573441
pd-user_4661686
pd-user_3851159
pd-user_8849130
pd-user_9828679
pd-user_8753554
pd-user_9431838
pd-user_8000639
pd-user_1090439
pd-user_7685197
pd-user_2037063
pd-user_9991134
pd-user_2027160
pd-user_7214142
pd-user_1186086
pd-user_7775451
pd-user_3515346
pd-user_153684
pd-user_4541201
pd-user_9881622
pd-user_8441544
pd-user_1634711
pd-user_9387039
pd-user_6532148
pd-user_2559675
pd-user_6133183
pd-user_7775
pd-user_2526970
pd-user_4434110
pd-user_6611227
pd-user_3826843
pd-user_9295387
pd-user_7491687
pd-user_4974300
pd-user_893658
pd-user_3214551
pd-user_7756100
pd-user_6702197
pd-user_3547287
pd-user_6323309
pd-user_2953823
pd-user_3101232
pd-user_9631660
pd-user_1412064
pd-user_2341
pd-user_6429494
pd-user_2854259
pd-user_3554749
pd-user_848019
pd-user_3912312
pd-user_8701754
pd-user_8385512
pd-user_1203070
pd-user_8735747
pd-user_1497810
pd-user_2682138
pd-user_619229
pd-user_1885292
pd-user_1751143
pd-user_3248320
pd-user_7307115
pd-user_5970493
pd-user_4777861
pd-user_7902130
pd-user_9428789
pd-user_2687647
pd-user_8977274
pd-user_9849509
pd-user_5277064
pd-user_9305058
pd-user_2959092
pd-user_8643066
pd-user_3129429
pd-user_9122713
pd-user_3316620
pd-user_2408844
pd-user_2449543
pd-user_6852690
pd-user_9755235
pd-user_2239307
pd-user_6240828
pd-user_9094067
pd-user_6394014
pd-user_2671138
pd-user_366505
pd-user_6281392
pd-user_348317
pd-user_9774259
pd-user_4247017
pd-user_7202617
pd-user_810410
pd-user_4035975
pd-user_5018203
pd-user_6463934
pd-user_8545736
pd-user_7421905
pd-user_22954
pd-user_6293300
pd-user_8220525
pd-user_2579822
pd-user_2990681
pd-user_8621158
pd-user_7771610
pd-user_3043047
pd-user_6966866
pd-user_8138819
pd-user_4316294
pd-user_7885987
pd-user_8138264
pd-user_1342281
pd-user_3212641
pd-user_3446694
pd-user_9565695
pd-user_1689373
pd-user_8918663
pd-user_9764199
pd-user_6797691
pd-user_8569972
pd-user_1246555
pd-user_5691891
pd-user_2906035
pd-user_8238279
pd-user_8322780
pd-user_6753467
pd-user_3511221
pd-user_3777978
pd-user_7682367
pd-user_3359618
pd-user_9915816
pd-user_1195030
pd-user_8139694
pd-user_7739144
pd-user_8068951
pd-user_4234478
pd-user_8060302
pd-user_4397955
pd-user_4934058
pd-user_996742
pd-user_7170672
pd-user_5184467
pd-user_1032178
pd-user_2028030
pd-user_6404342
pd-user_336558
pd-user_270661
pd-user_5336102
pd-user_1023425
pd-user_753987
pd-user_9281263
pd-user_7140907
pd-user_8239982
pd-user_7859101
pd-user_5439248
pd-user_5267163
pd-user_1467826
pd-user_8166464
pd-user_451094
pd-user_9620900
pd-user_8263865
pd-user_7767870
pd-user_7422894
pd-user_5416637
pd-user_9240776
pd-user_6255156
pd-user_4312241
pd-user_5005840
pd-user_1475048
pd-user_4879595
pd-user_7774855
pd-user_6863879
pd-user_8133962
pd-user_5728335
pd-user_1040571
pd-user_7224040
pd-user_9312535
pd-user_3687569
pd-user_2086456
pd-user_737673
pd-user_1681646
pd-user_2973860
pd-user_8318301
pd-user_7821459
pd-user_932271
pd-user_4438875
pd-user_8850526
pd-user_6607477
pd-user_2998220
pd-user_3993266
pd-user_5638136
pd-user_4582602
pd-user_4992236
pd-user_9180891
pd-user_8405182
pd-user_5540628
pd-user_888098
pd-user_9852044
pd-user_3689469
pd-user_7931911
pd-user_153786
pd-user_1903209
pd-user_9036590
pd-user_4595725
pd-user_221116
pd-user_4279607
pd-user_7968206
pd-user_5409892
pd-user_3906697
pd-user_6082611
pd-user_7695613
pd-user_8634224
pd-user_6703912
pd-user_6026376
pd-user_2887029
pd-user_182972
pd-user_11046
pd-user_9338315
pd-user_2714311
pd-user_9095611
pd-user_7065872
pd-user_9219898
pd-user_1454308
pd-user_6878232
pd-user_1673704
pd-user_2872059
pd-user_7241441
pd-user_9031131
pd-user_2484179
pd-user_5643474
pd-user_7015521
pd-user_8090793
pd-user_4125856
pd-user_9038591
pd-user_1800458
pd-user_1880487
pd-user_4456036
pd-user_5794306
pd-user_927556
pd-user_2569976
pd-user_1854916
pd-user_4470011
pd-user_6130469
pd-user_3448745
pd-user_2848812
pd-user_4151216
pd-user_493170
pd-user_6182045
pd-user_8102395
pd-user_4616499
pd-user_1877456
pd-user_890976
pd-user_2734166
pd-user_6154490
pd-user_7378319
pd-user_6173
pd-user_4448788
pd-user_756724
pd-user_3231669
pd-user_6517044
pd-user_5972251
pd-user_3317841
pd-user_6959
pd-user_1711234
pd-user_6797958
pd-user_5008514
pd-user_663764
pd-user_2717107
pd-user_3307952
pd-user_756266
pd-user_5022405
pd-user_3932347
pd-user_1804766
pd-user_9366631
pd-user_892241
pd-user_3681878
pd-user_9700463
pd-user_6998173
pd-user_5655255
pd-user_7668924
pd-user_1920137
pd-user_5354802
pd-user_198143
pd-user_693645
pd-user_5184093
pd-user_7643208
pd-user_6200611
pd-user_9020520
pd-user_2932484
pd-user_8828032
pd-user_8517444
pd-user_3160098
pd-user_5592273
pd-user_5459528
pd-user_4630201
pd-user_7193444
pd-user_1736594
pd-user_8920048
pd-user_2949065
pd-user_960448
pd-user_1522673
pd-user_9252872
pd-user_1900146
pd-user_5013148
pd-user_296196
pd-user_1462766
pd-user_9025980
pd-user_8498096
pd-user_3518080
pd-user_5416389
pd-user_1774541
pd-user_6034711
pd-user_4464287
pd-user_6259088
pd-user_9168962
pd-user_9200588
pd-user_8741535
pd-user_4491087
pd-user_9058579
pd-user_9964474
pd-user_1774715
pd-user_7577119
pd-user_9886269
pd-user_8593156
pd-user_9477724
pd-user_8801879
pd-user_1518292
pd-user_5592263
pd-user_3532879
pd-user_4717409
pd-user_3758079
pd-user_5885910
pd-user_9081050
pd-user_428377
pd-user_1197444
pd-user_6522220
pd-user_3161070
pd-user_4933307
pd-user_6352035
pd-user_4313612
pd-user_8679261
pd-user_3033272
pd-user_1971255
pd-user_1650793
pd-user_6111629
pd-user_9368996
pd-user_1644478
pd-user_2859390
pd-user_8771481
pd-user_7351433
pd-user_3141803
pd-user_9196846
pd-user_3288379
pd-user_6556873
pd-user_7804212
pd-user_3909912
pd-user_4735785
pd-user_9122476
pd-user_2849637
pd-user_2497950
pd-user_1733445
pd-user_9810718
pd-user_8047277
pd-user_8648235
pd-user_448120
pd-user_1170019
pd-user_4188359
pd-user_496406
pd-user_3376337
pd-user_4765577
pd-user_424651
pd-user_7263706
pd-user_4508054
pd-user_8454506
pd-user_9102654
pd-user_7214592
pd-user_3647106
pd-user_4275499
pd-user_6279359
pd-user_3221304
pd-user_1837357
pd-user_568902
pd-user_5295740
pd-user_4091586
pd-user_872303
pd-user_1045173
pd-user_8085107
pd-user_5947058
pd-user_8639782
pd-user_509693
pd-user_5271080
pd-user_9546750
pd-user_1775320
pd-user_3005462
pd-user_5832773
pd-user_6991311
pd-user_3971069
pd-user_6312797
pd-user_6637478
pd-user_2243831
pd-user_9724923
pd-user_87141
pd-user_6983898
pd-user_2404019
pd-user_3902012
pd-user_4058160
pd-user_6912966
pd-user_7448682
pd-user_2865505
pd-user_7468082
pd-user_3737177
pd-user_1254119
pd-user_3171829
pd-user_6757772
pd-user_8428253
pd-user_2840026
pd-user_584193
pd-user_8747741
pd-user_4680949
pd-user_2829863
pd-user_1743744
pd-user_1020549
pd-user_4378984
pd-user_1168720
pd-user_2165143
pd-user_5607978
pd-user_1605646
pd-user_6021361
pd-user_5487065
pd-user_5583644
pd-user_5817278
pd-user_2037194
pd-user_3802338
pd-user_3669803
pd-user_2763757
pd-user_104526
pd-user_8137694
pd-user_7141383
pd-user_7580402
pd-user_380310
pd-user_8777000
pd-user_4818705
pd-user_7786648
pd-user_8167100
pd-user_3514247
pd-user_8460814
pd-user_8179120
pd-user_5115105
pd-user_8504669
pd-user_2915466
pd-user_6123409
pd-user_2095606
pd-user_4468469
pd-user_720821
pd-user_7883335
pd-user_9032814
pd-user_5460585
pd-user_6369928
pd-user_4397580
pd-user_4470988
pd-user_3423559
pd-user_5968838
pd-user_7393652
pd-user_4012682
pd-user_7759791
pd-user_610058
pd-user_2637006
pd-user_6345819
pd-user_4340936
pd-user_8769534
pd-user_9044068
pd-user_6394882
pd-user_821937
pd-user_8512525
pd-user_9556411
pd-user_3970777
pd-user_3919026
pd-user_4087641
pd-user_1806082
pd-user_9566532
pd-user_8240717
pd-user_2497905
pd-user_755731
pd-user_4665892
pd-user_9562708
pd-user_4376941
pd-user_1333499
pd-user_1582306
pd-user_1061316
pd-user_4546724
pd-user_4323200
pd-user_3323172
pd-user_701528
pd-user_2826562
pd-user_6777943
pd-user_5001121
pd-user_1917604
pd-user_1254715
pd-user_1382009
pd-user_2858317
pd-user_8561649
pd-user_2016369
pd-user_2425023
pd-user_8466742
pd-user_6118280
pd-user_4055117
pd-user_979054
pd-user_9229785
pd-user_251317
pd-user_7944693
pd-user_9150283
pd-user_6458826
pd-user_9511478
pd-user_9991988
pd-user_6906219
pd-user_9937163
pd-user_454798
pd-user_4412781
pd-user_5299256
pd-user_8828987
pd-user_857352
pd-user_2050925
pd-user_1924838
pd-user_1949474
pd-user_2590153
pd-user_4057272
pd-user_6752692
pd-user_8801622
pd-user_3144114
pd-user_183126
pd-user_711168
pd-user_821841
pd-user_1575999
pd-user_5317975
pd-user_6199605
pd-user_1312305
pd-user_326509
pd-user_44166
pd-user_5913698
pd-user_558312
pd-user_2176038
pd-user_5091602
pd-user_4728385
pd-user_9032493
pd-user_9449512
pd-user_6477886
pd-user_7357904
pd-user_3791771
pd-user_2502287
pd-user_3696495
pd-user_9073667
pd-user_3793050
pd-user_593984
pd-user_555667
pd-user_7902846
pd-user_5368146
pd-user_2200607
pd-user_7325401
pd-user_282956
pd-user_4724363
pd-user_6387005
pd-user_8312448
pd-user_7964012
pd-user_9177204
pd-user_9591987
pd-user_4882617
pd-user_6585684
pd-user_7603863
pd-user_3930757
pd-user_6349561
pd-user_3208850
pd-user_8210035
pd-user_1775825
pd-user_1766107
pd-user_5223802
pd-user_2956587
pd-user_1495395
pd-user_944841
pd-user_2941700
pd-user_752276
pd-user_6055227
pd-user_9513175
pd-user_4377322
pd-user_8252417
pd-user_160284
pd-user_2254601
pd-user_370509
pd-user_4466716
pd-user_3536543
pd-user_1563753
pd-user_1224174
pd-user_4851368
pd-user_2852961
pd-user_9427373
pd-user_8954737
pd-user_3920031
pd-user_6040957
pd-user_6776112
pd-user_1873196
pd-user_3565786
pd-user_6464054
pd-user_561749
pd-user_5407479
pd-user_4929036
pd-user_3729752
pd-user_3442470
pd-user_1452228
pd-user_4589149
pd-user_378087
pd-user_6371976
pd-user_6622040
pd-user_2159839
pd-user_7565013
pd-user_5270310
pd-user_8109616
pd-user_4531488
pd-user_4080749
pd-user_5301026
pd-user_3264822
pd-user_3549632
pd-user_4925634
pd-user_6489326
pd-user_8077038
pd-user_4664738
pd-user_601728
pd-user_528925
pd-user_9900155
pd-user_7277556
pd-user_8807532
pd-user_4180225
pd-user_9112786
pd-user_8363991
pd-user_7963763
pd-user_7372985
pd-user_3835519
pd-user_6313259
pd-user_5125924
pd-user_650368
pd-user_871591
pd-user_7585969
pd-user_4371106
pd-user_6259923
pd-user_2833863
pd-user_6636593
pd-user_8768131
pd-user_8021401
pd-user_6088170
pd-user_3126626
pd-user_5462713
pd-user_5787387
pd-user_9799912
pd-user_6710802
pd-user_5201593
pd-user_4718228
pd-user_1328402
pd-user_3187768
pd-user_1490097
pd-user_4817702
pd-user_1140457
pd-user_302482
pd-user_7440774
pd-user_7946011
pd-user_4913094
pd-user_8872242
pd-user_4543655
pd-user_5954940
pd-user_6563319
pd-user_2324152
pd-user_9223469
pd-user_3382424
pd-user_8104595
pd-user_3867272
pd-user_1348594
pd-user_9174640
pd-user_6712352
pd-user_5863190
pd-user_7802479
pd-user_1624899
pd-user_8073837
pd-user_6402709
pd-user_9828348
pd-user_9734230
pd-user_2297418
pd-user_2524839
pd-user_3783657
pd-user_4722655
pd-user_7132549
pd-user_6077215
pd-user_9169
pd-user_8193646
pd-user_1151887
pd-user_9879419
pd-user_8439263
pd-user_7335399
pd-user_4140881
pd-user_9422834
pd-user_4991014
pd-user_9529869
pd-user_1632397
pd-user_4616406
pd-user_1097665
pd-user_7309424
pd-user_7682914
pd-user_4149330
pd-user_1787286
pd-user_5468910
pd-user_9908162
pd-user_8642841
pd-user_8745743
pd-user_2849664
pd-user_8326480
pd-user_1580929
pd-user_9883148
pd-user_8196209
pd-user_5887725
pd-user_7480475
pd-user_3812558
pd-user_334585
pd-user_5272726
pd-user_9543618
pd-user_9696798
pd-user_4376737
pd-user_3758630
pd-user_3351554
pd-user_9651059
pd-user_8452507
pd-user_6415115
pd-user_2798232
pd-user_6689224
pd-user_3494065
pd-user_7253702
pd-user_4661585
pd-user_1740119
pd-user_2841336
pd-user_9654009
pd-user_5815580
pd-user_982158
pd-user_1201484
pd-user_3904000
pd-user_6467185
pd-user_7402945
pd-user_2903868
pd-user_4558193
pd-user_9013349
pd-user_6097549
pd-user_6700509
pd-user_7721942
pd-user_1067673
pd-user_9979963
pd-user_9020687
pd-user_9875251
pd-user_9048034
pd-user_3810000
pd-user_7328897
pd-user_5701080
pd-user_3688234
pd-user_1402845
pd-user_869717
pd-user_127115
pd-user_8657677
pd-user_7055328
pd-user_4551592
pd-user_7642222
pd-user_3293454
pd-user_7675209
pd-user_9088408
pd-user_1632173
pd-user_5929847
pd-user_8831897
pd-user_1799007
pd-user_4126864
pd-user_9477512
pd-user_2789918
pd-user_7627193
pd-user_2114406
pd-user_5219291
pd-user_8771754
pd-user_5020923
pd-user_1248621
pd-user_7786359
pd-user_1638640
pd-user_8015525
pd-user_1536643
pd-user_8489563
pd-user_9667433
pd-user_7089885
pd-user_9093205
pd-user_2582606
pd-user_5272920
pd-user_7744323
pd-user_3431353
pd-user_961171
pd-user_6923291
pd-user_9231293
pd-user_4410003
pd-user_839458
pd-user_8376553
pd-user_6563548
pd-user_2330077
pd-user_8683628
pd-user_462725
pd-user_7833016
pd-user_9279292
pd-user_286668
pd-user_7225323
pd-user_4761491
pd-user_1070733
pd-user_7391057
pd-user_1738678
pd-user_1015522
pd-user_7073370
pd-user_526338
pd-user_6649303
pd-user_8650448
pd-user_5058085
pd-user_1212006
pd-user_530317
pd-user_6964850
pd-user_3523634
pd-user_5279146
pd-user_578835
pd-user_2527005
pd-user_2582901
pd-user_8484657
pd-user_3843296
pd-user_9847491
pd-user_2148109
pd-user_462677
pd-user_563380
pd-user_502747
pd-user_9702403
pd-user_8361386
pd-user_9114531
pd-user_8857884
pd-user_5596281
pd-user_1406151
pd-user_7391777
pd-user_7812615
pd-user_3092937
pd-user_3047234
pd-user_3788074
pd-user_4192832
pd-user_1916333
pd-user_5644190
pd-user_4390239
pd-user_8954263
pd-user_7839762
pd-user_4140190
pd-user_8899198
pd-user_4568234
pd-user_8576897
pd-user_8078191
pd-user_4740196
pd-user_4403992
pd-user_5131225
pd-user_1742030
pd-user_3196800
pd-user_3009331
pd-user_2343367
pd-user_9264135
pd-user_8038332
pd-user_8761880
pd-user_5839066
pd-user_2499021
pd-user_4706033
pd-user_1981845
pd-user_156226
pd-user_8172351
pd-user_8746598
pd-user_8936277
pd-user_6397027
pd-user_8353936
pd-user_1861838
pd-user_1989346
pd-user_9119981
pd-user_1074580
pd-user_2202776
pd-user_491668
pd-user_2957810
pd-user_789632
pd-user_6856638
pd-user_2032393
pd-user_8346412
pd-user_6056083
pd-user_1748805
pd-user_6389783
pd-user_1160069
pd-user_6517585
pd-user_3672015
pd-user_7241273
pd-user_7113603
pd-user_1789728
pd-user_7983551
pd-user_8900981
pd-user_9857330
pd-user_9857785
pd-user_3071354
pd-user_7800252
pd-user_6990728
pd-user_6549905
pd-user_5804127
pd-user_2656419
pd-user_3043310
pd-user_9340502
pd-user_3411440
pd-user_9204914
pd-user_9734666
pd-user_9770038
pd-user_7810499
pd-user_4649639
pd-user_5849801
pd-user_4080375
pd-user_6259363
pd-user_3846506
pd-user_2089581
pd-user_7847334
pd-user_481361
pd-user_7448991
pd-user_2325660
pd-user_6105774
pd-user_9855422
pd-user_942947
pd-user_313040
pd-user_1835871
pd-user_3045517
pd-user_5129419
pd-user_8366082
pd-user_4024912
pd-user_6545083
pd-user_7386800
pd-user_1547569
pd-user_2033237
pd-user_1649780
pd-user_299273
pd-user_7939573
pd-user_17003
pd-user_9940304
pd-user_651219
pd-user_9172219
pd-user_3161675
pd-user_549032
pd-user_1096563
pd-user_8725580
pd-user_531677
pd-user_6303967
pd-user_3339187
pd-user_6555530
pd-user_9831354
pd-user_7405901
pd-user_9855739
pd-user_7836267
pd-user_3011202
pd-user_1120934
pd-user_9352591
pd-user_4592934
pd-user_3971222
pd-user_9532762
pd-user_4002039
pd-user_4644807
pd-user_4546451
pd-user_1858583
pd-user_4379765
pd-user_7885762
pd-user_3074807
pd-user_4698993
pd-user_3978428
pd-user_5574299
pd-user_4124587
pd-user_6601060
pd-user_3840178
pd-user_449297
pd-user_3154015
pd-user_5232527
pd-user_5443964
pd-user_5396806
pd-user_4305856
pd-user_3769792
pd-user_1250384
pd-user_4814087
pd-user_1566986
pd-user_5517417
pd-user_1022485
pd-user_958346
pd-user_712626
pd-user_16374
pd-user_9391907
pd-user_6294971
pd-user_6731395
pd-user_2317544
pd-user_8253897
pd-user_7799092
pd-user_6113419
pd-user_9679511
pd-user_5957101
pd-user_6613549
pd-user_1700767
pd-user_4301847
pd-user_9825729
pd-user_1484600
pd-user_5491093
pd-user_6769118
pd-user_9196481
pd-user_1828811
pd-user_9488340
pd-user_8461882
pd-user_991409
pd-user_9699538
pd-user_51160
pd-user_1657330
pd-user_5116036
pd-user_1377315
pd-user_3664964
pd-user_4191183
pd-user_2441281
pd-user_2704764
pd-user_7077059
pd-user_7158959
pd-user_4939796
pd-user_9308695
pd-user_7901085
pd-user_3692684
pd-user_3289516
pd-user_6458182
pd-user_1987336
pd-user_3328382
pd-user_2113477
pd-user_3408814
pd-user_7623821
pd-user_6835276
pd-user_4646070
pd-user_5143787
pd-user_7763752
pd-user_569612
pd-user_1788180
pd-user_4984254
pd-user_6993660
pd-user_4817096
pd-user_4668010
pd-user_4256425
pd-user_7990887
pd-user_6587348
pd-user_4293684
pd-user_186576
pd-user_2539198
pd-user_1629238
pd-user_2281643
pd-user_9334278
pd-user_5337237
pd-user_149111
pd-user_8360614
pd-user_2037886
pd-user_5877839
pd-user_9171777
pd-user_8782794
pd-user_2522900
pd-user_939823
pd-user_2685241
pd-user_1075700
pd-user_7870133
pd-user_4764467
pd-user_196013
pd-user_9654328
pd-user_2567678
pd-user_5288862
pd-user_6999952
pd-user_3940386
pd-user_8112009
pd-user_9970793
pd-user_543181
pd-user_6266314
pd-user_7660944
pd-user_4311220
pd-user_7300114
pd-user_3004090
pd-user_6911358
pd-user_1883126
pd-user_4244896
pd-user_6592302
pd-user_4380588
pd-user_6217419
pd-user_9133250
pd-user_796659
pd-user_258891
pd-user_3064186
pd-user_4153775
pd-user_3855970
pd-user_8808404
pd-user_2899282
pd-user_645372
pd-user_2014721
pd-user_1388598
pd-user_6098064
pd-user_1140594
pd-user_8351609
pd-user_9904172
pd-user_5119853
pd-user_538984
pd-user_6192494
pd-user_3688476
pd-user_5412358
pd-user_3524473
pd-user_6010946
pd-user_4826897
pd-user_8502055
pd-user_2539953
pd-user_5888482
pd-user_2969348
pd-user_10220
pd-user_7583249
pd-user_8893860
pd-user_6783692
pd-user_6525413
pd-user_1180257
pd-user_7894612
pd-user_8510269
pd-user_6630641
pd-user_7779620
pd-user_865752
pd-user_740910
pd-user_8891168
pd-user_9916120
pd-user_6756479
pd-user_6984602
pd-user_8128076
pd-user_8830642
pd-user_6921630
pd-user_6005249
pd-user_1193870
pd-user_8199861
pd-user_7047632
pd-user_6492260
pd-user_9790037
pd-user_1761173
pd-user_7032249
pd-user_4569342
pd-user_9751259
pd-user_7136250
pd-user_9382147
pd-user_2448604
pd-user_8085662
pd-user_6958410
pd-user_2622215
pd-user_6706267
pd-user_9758044
pd-user_6205490
pd-user_6803582
pd-user_6268454
pd-user_3191002
pd-user_1725773
pd-user_6002454
pd-user_9629053
pd-user_8958758
pd-user_2286200
pd-user_8433620
pd-user_1444386
pd-user_2282836
pd-user_4042002
pd-user_9463390
pd-user_5377413
pd-user_6072992
pd-user_8422313
pd-user_5098592
pd-user_3059532
pd-user_3916093
pd-user_4663793
pd-user_4459317
pd-user_5840234
pd-user_9971351
pd-user_723939
pd-user_7016289
pd-user_7578975
pd-user_7986584
pd-user_916979
pd-user_9463461
pd-user_2583384
pd-user_7797951
pd-user_6552263
pd-user_2125770
pd-user_2830235
pd-user_9440143
pd-user_7806533
pd-user_8245582
pd-user_7703205
pd-user_6997539
pd-user_892127
pd-user_4413780
pd-user_752003
pd-user_3231526
pd-user_8603422
pd-user_352877
pd-user_6079829
pd-user_1052829
pd-user_4033175
pd-user_7979237
pd-user_6024976
pd-user_6031023
pd-user_3982254
pd-user_1731390
pd-user_6260691
pd-user_597723
pd-user_8705650
pd-user_8585018
pd-user_3612048
pd-user_9824413
pd-user_5777661
pd-user_2872699
pd-user_757057
pd-user_746713
pd-user_4860591
pd-user_8867860
pd-user_1769799
pd-user_5269005
pd-user_9116090
pd-user_5800687
pd-user_2703454
pd-user_3176128
pd-user_9288797
pd-user_1264190
pd-user_6797917
pd-user_4556732
pd-user_6381273
pd-user_6133881
pd-user_6731059
pd-user_8139330
pd-user_2788703
pd-user_4395971
pd-user_5614601
pd-user_6924344
pd-user_9971892
pd-user_6832916
pd-user_4849701
pd-user_2712307
pd-user_2875823
pd-user_7773916
pd-user_2910596
pd-user_6369227
pd-user_3786056
pd-user_4521775
pd-user_6920286
pd-user_2719940
pd-user_2426518
pd-user_1666902
pd-user_5510866
pd-user_4034345
pd-user_4421208
pd-user_2358851
pd-user_8942221
pd-user_9736173
pd-user_3447118
pd-user_7881903
pd-user_5559209
pd-user_5303382
pd-user_6316724
pd-user_7240887
pd-user_7094030
pd-user_1997205
pd-user_2246932
pd-user_2621070
pd-user_3158482
pd-user_8756121
pd-user_44438
pd-user_6516931
pd-user_6284038
pd-user_245121
pd-user_1866809
pd-user_2668409
pd-user_6080376
pd-user_9402482
pd-user_5520053
pd-user_7142699
pd-user_3953233
pd-user_6870269
pd-user_4787315
pd-user_8429444
pd-user_2572575
pd-user_8353137
pd-user_589600
pd-user_2944111
pd-user_721036
pd-user_7545126
pd-user_711145
pd-user_756353
pd-user_6409222
pd-user_4160995
pd-user_2704387
pd-user_601052
pd-user_2513919
pd-user_8678553
pd-user_6247427
pd-user_9788506
pd-user_5527654
pd-user_2654966
pd-user_7475040
pd-user_3157734
pd-user_9166515
pd-user_268196
pd-user_9649145
pd-user_7244240
pd-user_3430989
pd-user_2271883
pd-user_2603825
pd-user_7324253
pd-user_2845115
pd-user_7054798
pd-user_2195854
pd-user_3759328
pd-user_8378901
pd-user_969174
pd-user_2713671
pd-user_4949410
pd-user_9509511
pd-user_3991109
pd-user_4415217
pd-user_6319689
pd-user_653129
pd-user_447233
pd-user_8266658
pd-user_5470609
pd-user_4277342
pd-user_2065209
pd-user_2495161
pd-user_8760740
pd-user_7988975
pd-user_1976198
pd-user_9949822
pd-user_859398
pd-user_2955833
pd-user_7488858
pd-user_3245644
pd-user_1018627
pd-user_5671323
pd-user_2897003
pd-user_3834997
pd-user_3905300
pd-user_8123609
pd-user_6111035
pd-user_2502790
pd-user_4968759
pd-user_4127170
pd-user_3448240
pd-user_8479536
pd-user_968352
pd-user_9611205
pd-user_5229397
pd-user_3423278
pd-user_5703223
pd-user_3953626
pd-user_9371469
pd-user_7388351
pd-user_8345732
pd-user_5768510
pd-user_6300816
pd-user_1858309
pd-user_1165106
pd-user_3139391
pd-user_5961756
pd-user_9515131
pd-user_1731544
pd-user_4773953
pd-user_4978504
pd-user_4553383
pd-user_1396621
pd-user_8508918
pd-user_563918
pd-user_1650887
pd-user_9271007
pd-user_5868559
pd-user_9844194
pd-user_7015557
pd-user_5426366
pd-user_6783678
pd-user_1967612
pd-user_2099400
pd-user_3186900
pd-user_7549933
pd-user_9921672
pd-user_4861308
pd-user_5915960
pd-user_7454501
pd-user_2539556
pd-user_8725488
pd-user_1287800
pd-user_2968176
pd-user_6017624
pd-user_4453700
pd-user_576634
pd-user_3886935
pd-user_1711808
pd-user_5671584
pd-user_7450809
pd-user_4963152
pd-user_7877429
pd-user_3480626
pd-user_8631461
pd-user_9454072
pd-user_9211305
pd-user_1118629
pd-user_4927994
pd-user_4216519
pd-user_8820580
pd-user_5978360
pd-user_6103521
pd-user_8834178
pd-user_4548736
pd-user_9960806
pd-user_6318797
pd-user_1493332
pd-user_4391886
pd-user_3152973
pd-user_6399158
pd-user_4823346
pd-user_4367842
pd-user_6399823
pd-user_6697722
pd-user_5092359
pd-user_521674
pd-user_9013599
pd-user_5806328
pd-user_1266956
pd-user_5938622
pd-user_5931028
pd-user_3129129
pd-user_4021758
pd-user_9586930
pd-user_804982
pd-user_3534354
pd-user_6591136
pd-user_7848445
pd-user_3904230
pd-user_1675822
pd-user_3632845
pd-user_1192017
pd-user_5763831
pd-user_1630037
pd-user_1943231
pd-user_3496876
pd-user_5476740
pd-user_3093612
pd-user_214490
pd-user_594201
pd-user_5787720
pd-user_2570765
pd-user_5387378
pd-user_8752818
pd-user_31674
pd-user_8667326
pd-user_1421650
pd-user_5732386
pd-user_3026906
pd-user_526206
pd-user_5477732
pd-user_9671054
pd-user_6567323
pd-user_7099058
pd-user_6523495
pd-user_3992180
pd-user_7476086
pd-user_9303862
pd-user_5220119
pd-user_1404934
pd-user_9426792
pd-user_9756500
pd-user_7510790
pd-user_3941310
pd-user_3566655
pd-user_3207570
pd-user_5591292
pd-user_5037274
pd-user_3358100
pd-user_1162139
pd-user_1101054
pd-user_9161901
pd-user_8144275
pd-user_7767689
pd-user_4361109
pd-user_2465772
pd-user_9331551
pd-user_2933652
pd-user_2528446
pd-user_2682893
pd-user_1518108
pd-user_2698648
pd-user_9367731
pd-user_6310981
pd-user_7149523
pd-user_6333694
pd-user_8189686
pd-user_324260
pd-user_1194578
pd-user_6599800
pd-user_5863716
pd-user_2918459
pd-user_1570444
pd-user_8532111
pd-user_5116168
pd-user_9451505
pd-user_9557303
pd-user_9705363
pd-user_7259025
pd-user_3245975
pd-user_6933036
pd-user_487290
pd-user_3521088
pd-user_2450792
pd-user_3801396
pd-user_4765720
pd-user_1547518
pd-user_2975019
pd-user_532628
pd-user_8549549
pd-user_5919055
pd-user_9390220
pd-user_5482471
pd-user_7604619
pd-user_3443324
pd-user_2845822
pd-user_1524898
pd-user_3647160
pd-user_6483230
pd-user_9401475
pd-user_3723884
pd-user_2544942
pd-user_3636370
pd-user_6464016
pd-user_1973245
pd-user_9974162
pd-user_6850945
pd-user_6699460
pd-user_4197144
pd-user_8644097
pd-user_3049681
pd-user_6315426
pd-user_5735092
pd-user_2280124
pd-user_3266876
pd-user_3418731
pd-user_5877633
pd-user_9152849
pd-user_4787997
pd-user_2238161
pd-user_7986182
pd-user_6850932
pd-user_8044153
pd-user_9460900
pd-user_9799142
pd-user_9328589
pd-user_6571253
pd-user_7729300
pd-user_1089655
pd-user_7075579
pd-user_7549497
pd-user_849005
pd-user_289444
pd-user_3029721
pd-user_4851038
pd-user_6863065
pd-user_6761069
pd-user_6427290
pd-user_7889371
pd-user_4784694
pd-user_4673635
pd-user_8109128
pd-user_1740641
pd-user_8109946
pd-user_4726746
pd-user_9142603
pd-user_9676454
pd-user_8790803
pd-user_7960727
pd-user_289745
pd-user_2464264
pd-user_1466620
pd-user_6742291
pd-user_8920914
pd-user_5317112
pd-user_456161
pd-user_3518921
pd-user_7927251
pd-user_5873265
pd-user_3035673
pd-user_7054805
pd-user_1655537
pd-user_3423858
pd-user_8415450
pd-user_3852561
pd-user_7174703
pd-user_8252949
pd-user_3033405
pd-user_3842158
pd-user_3482397
pd-user_9024140
pd-user_4901569
pd-user_3200050
pd-user_4867312
pd-user_3541871
pd-user_3957715
pd-user_4397591
pd-user_4037275
pd-user_9850853
pd-user_7320214
pd-user_4635569
pd-user_5554108
pd-user_4970262
pd-user_9048117
pd-user_402938
pd-user_7841832
pd-user_8781268
pd-user_9445490
pd-user_8246515
pd-user_8204228
pd-user_8977520
pd-user_3554394
pd-user_3159816
pd-user_7606436
pd-user_178917
pd-user_5937641
pd-user_4744007
pd-user_6000019
pd-user_1043090
pd-user_702359
pd-user_3916393
pd-user_8806862
pd-user_6046847
pd-user_6662978
pd-user_7589502
pd-user_6456471
pd-user_1307197
pd-user_9077206
pd-user_5071055
pd-user_5780531
pd-user_9438040
pd-user_3897020
pd-user_2169441
pd-user_292744
pd-user_7010531
pd-user_6885698
pd-user_3518249
pd-user_7735460
pd-user_5976356
pd-user_8207439
pd-user_2329900
pd-user_5097380
pd-user_2426755
pd-user_3022612
pd-user_8921396
pd-user_5234727
pd-user_4418532
pd-user_4861066
pd-user_2445971
pd-user_8603997
pd-user_9924584
pd-user_5422259
pd-user_2871221
pd-user_1958122
pd-user_4976327
pd-user_2662645
pd-user_2694497
pd-user_1627562
pd-user_9391414
pd-user_1252238
pd-user_8533904
pd-user_4124134
pd-user_6259798
pd-user_4307218
pd-user_2857177
pd-user_9595757
pd-user_6276136
pd-user_9438926
pd-user_2241459
pd-user_316108
pd-user_7598820
pd-user_3612549
pd-user_7206629
pd-user_2638198
pd-user_1926517
pd-user_6300315
pd-user_1123868
pd-user_973182
pd-user_6946522
pd-user_7872917
pd-user_371063
pd-user_795125
pd-user_5327919
pd-user_9885094
pd-user_4174851
pd-user_43263
pd-user_773988
pd-user_7288173
pd-user_9669508
pd-user_9982074
pd-user_4490333
pd-user_8420065
pd-user_7718398
pd-user_4824577
pd-user_790473
pd-user_5911754
pd-user_6170292
pd-user_7430483
pd-user_9766733
pd-user_1589304
pd-user_3564365
pd-user_4932199
pd-user_3713131
pd-user_554472
pd-user_8657882
pd-user_3241836
pd-user_7177748
pd-user_5170557
pd-user_4481217
pd-user_3607580
pd-user_7606921
pd-user_3323687
pd-user_2259629
pd-user_9634505
pd-user_1266171
pd-user_419518
pd-user_3154982
pd-user_1252142
pd-user_8688591
pd-user_7239340
pd-user_1393862
pd-user_7863073
pd-user_4858733
pd-user_7962946
pd-user_8759967
pd-user_7798389
pd-user_623292
pd-user_574003
pd-user_8558221
pd-user_7119132
pd-user_7618234
pd-user_5339227
pd-user_8292621
pd-user_489289
pd-user_7223242
pd-user_3504734
pd-user_9456030
pd-user_2172097
pd-user_3810754
pd-user_7981590
pd-user_1739738
pd-user_7899825
pd-user_7185243
pd-user_6387401
pd-user_279092
pd-user_3124048
pd-user_6355101
pd-user_8226382
pd-user_7481187
pd-user_6703447
pd-user_5245229
pd-user_2468516
pd-user_9241589
pd-user_1353615
pd-user_5746765
pd-user_6494364
pd-user_2520968
pd-user_7697888
pd-user_1938334
pd-user_1616574
pd-user_3267197
pd-user_4140021
pd-user_9172125
pd-user_4731959
pd-user_3678857
pd-user_5151204
pd-user_7787578
pd-user_6149779
pd-user_9215670
pd-user_4138841
pd-user_6622690
pd-user_2678641
pd-user_1326172
pd-user_8731188
pd-user_308256
pd-user_1545282
pd-user_6172544
pd-user_8519697
pd-user_9410298
pd-user_3268413
pd-user_5142056
pd-user_2190397
pd-user_3212520
pd-user_5371793
pd-user_3896273
pd-user_5033756
pd-user_6751095
pd-user_4706535
pd-user_3260336
pd-user_1625224
pd-user_6087172
pd-user_7477856
pd-user_8928496
pd-user_8762788
pd-user_7149164
pd-user_6730145
pd-user_3772122
pd-user_2830612
pd-user_7001495
pd-user_8478355
pd-user_5296811
pd-user_5205087
pd-user_7697264
pd-user_1065846
pd-user_4677420
pd-user_5687365
pd-user_375249
pd-user_8394922
pd-user_7338303
pd-user_4342863
pd-user_6698171
pd-user_9516812
pd-user_3839586
pd-user_7332047
pd-user_7451507
pd-user_9453109
pd-user_2137024
pd-user_4391860
pd-user_5424427
pd-user_8751561
pd-user_5108315
pd-user_2640172
pd-user_2986760
pd-user_9192094
pd-user_2099198
pd-user_2214743
pd-user_3235178
pd-user_3102366
pd-user_9441006
pd-user_1250907
pd-user_4825945
pd-user_9445861
pd-user_30039
pd-user_4807678
pd-user_1507505
pd-user_8595923
pd-user_2831857
pd-user_3183256
pd-user_2664048
pd-user_943598
pd-user_3397816
pd-user_9382404
pd-user_2400541
pd-user_9993296
pd-user_1022672
pd-user_3051985
pd-user_7707017
pd-user_9408793
pd-user_4692031
pd-user_5352016
pd-user_8598306
pd-user_3851376
pd-user_211040
pd-user_8446457
pd-user_6525933
pd-user_9691639
pd-user_1223215
pd-user_772381
pd-user_8007396
pd-user_8925215
pd-user_5279859
pd-user_2092221
pd-user_405816
pd-user_3129109
pd-user_7051947
pd-user_301500
pd-user_2097053
pd-user_6843097
pd-user_2357086
pd-user_3444786
pd-user_306129
pd-user_1018104
pd-user_7435782
pd-user_5989654
pd-user_3077395
pd-user_3457845
pd-user_8947600
pd-user_2093870
pd-user_2389280
pd-user_3640693
pd-user_144284
pd-user_4833396
pd-user_1391499
pd-user_7809494
pd-user_2509040
pd-user_6904248
pd-user_1915027
pd-user_2426529
pd-user_6409336
pd-user_7049388
pd-user_1013394
pd-user_5261678
pd-user_37546
pd-user_2435227
pd-user_2286723
pd-user_9054182
pd-user_4049406
pd-user_7759869
pd-user_5498614
pd-user_4115268
pd-user_5056012
pd-user_8852968
pd-user_2901637
pd-user_6932618
pd-user_8815136
pd-user_7190364
pd-user_7920348
pd-user_8291638
pd-user_6239122
pd-user_7100196
pd-user_8335780
pd-user_4292246
pd-user_743355
pd-user_7468068
pd-user_3172790
pd-user_5744985
pd-user_43360
pd-user_4219029
pd-user_8266003
pd-user_8175671
pd-user_9777446
pd-user_7251461
pd-user_1229538
pd-user_2849754
pd-user_3903211
pd-user_8631835
pd-user_1530354
pd-user_4928242
pd-user_4103042
pd-user_1894589
pd-user_2845812
pd-user_2667256
pd-user_533599
pd-user_818111
pd-user_1818501
pd-user_9070754
pd-user_821487
pd-user_5856528
pd-user_2031615
pd-user_6499268
pd-user_7104118
pd-user_2634295
pd-user_4940032
pd-user_446272
pd-user_1130352
pd-user_3789230
pd-user_3161611
pd-user_1311496
pd-user_4527857
pd-user_3760538
pd-user_8191014
pd-user_1436093
pd-user_1303533
pd-user_6608978
pd-user_8245310
pd-user_5584604
pd-user_8693119
pd-user_3440152
pd-user_5399533
pd-user_6947664
pd-user_6199143
pd-user_7989203
pd-user_8135532
pd-user_6630686
pd-user_8797326
pd-user_9563424
pd-user_177243
pd-user_8183154
pd-user_4479969
pd-user_107918
pd-user_1426605
pd-user_30523
pd-user_9474583
pd-user_722925
pd-user_3507317
pd-user_8556605
pd-user_5271413
pd-user_3088367
pd-user_8953964
pd-user_4197249
pd-user_9541930
pd-user_8395077
pd-user_7032142
pd-user_3698494
pd-user_3829162
pd-user_3483085
pd-user_6322860
pd-user_3805503
pd-user_2644644
pd-user_3682584
pd-user_5583976
pd-user_1930867
pd-user_7291662
pd-user_9102488
pd-user_1681717
pd-user_3028831
pd-user_887810
pd-user_8680481
pd-user_5296125
pd-user_7899085
pd-user_2270843
pd-user_8054566
pd-user_8670329
pd-user_1492632
pd-user_8841621
pd-user_5332474
pd-user_6382012
pd-user_3066443
pd-user_1104516
pd-user_9439672
pd-user_703121
pd-user_1978619
pd-user_5410677
pd-user_8210703
pd-user_7233144
pd-user_8085291
pd-user_5329649
pd-user_6889659
pd-user_3619265
pd-user_2476018
pd-user_4570794
pd-user_8589436
pd-user_8396732
pd-user_9453732
pd-user_3090707
pd-user_5516856
pd-user_9347465
pd-user_4236361
pd-user_4621276
pd-user_4876467
pd-user_4854146
pd-user_8281005
pd-user_1898867
pd-user_6163249
pd-user_7289330
pd-user_1573122
pd-user_9380134
pd-user_9108039
pd-user_1303007
pd-user_59022
pd-user_2757394
pd-user_7823475
pd-user_5586972
pd-user_9733541
pd-user_6904321
pd-user_1875990
pd-user_1815602
pd-user_4083328
pd-user_6334206
pd-user_2094442
pd-user_31127
pd-user_9731069
pd-user_695799
pd-user_6051405
pd-user_5732032
pd-user_1792817
pd-user_5301745
pd-user_6307454
pd-user_6608601
pd-user_7935134
pd-user_9419241
pd-user_541925
pd-user_444716
pd-user_2495837
pd-user_7445203
pd-user_1616544
pd-user_1645682
pd-user_1920175
pd-user_1315369
pd-user_1684950
pd-user_1676494
pd-user_5766866
pd-user_5685397
pd-user_4259145
pd-user_3869492
pd-user_9461558
pd-user_6981118
pd-user_3273948
pd-user_5472229
pd-user_4817023
pd-user_7633521
pd-user_5965640
pd-user_9392380
pd-user_3798096
pd-user_7855826
pd-user_118239
pd-user_4959143
pd-user_4412389
pd-user_6131842
pd-user_7417903
pd-user_2159916
pd-user_5507367
pd-user_6020558
pd-user_3378831
pd-user_467912
pd-user_8689658
pd-user_9873024
pd-user_7255864
pd-user_552773
pd-user_3554099
pd-user_2961524
pd-user_8211282
pd-user_4488413
pd-user_3842394
pd-user_229415
pd-user_3649387
pd-user_153521
pd-user_9970651
pd-user_8212969
pd-user_5334956
pd-user_4188130
pd-user_6848726
pd-user_8287975
pd-user_1402597
pd-user_4613794
pd-user_2254391
pd-user_9964339
pd-user_453646
pd-user_8972381
pd-user_7493063
pd-user_5287325
pd-user_1124875
pd-user_962237
pd-user_6193512
pd-user_6085744
pd-user_9686358
pd-user_9849001
pd-user_4261955
pd-user_2886141
pd-user_8204448
pd-user_5352421
pd-user_1552219
pd-user_85102
pd-user_9066001
pd-user_6930413
pd-user_589224
pd-user_1520108
pd-user_487014
pd-user_7040493
pd-user_956
pd-user_5568775
pd-user_1446757
pd-user_8973367
pd-user_9604972
pd-user_1723675
pd-user_3225994
pd-user_2383572
pd-user_4998515
pd-user_1391955
pd-user_2395213
pd-user_195928
pd-user_4515402
pd-user_9658125
pd-user_3715899
pd-user_5922124
pd-user_5788041
pd-user_7904018
pd-user_8607124
pd-user_3922799
pd-user_3173657
pd-user_3301969
pd-user_1129461
pd-user_2750322
pd-user_5712263
pd-user_6125562
pd-user_8766429
pd-user_755620
pd-user_9573383
pd-user_8352451
pd-user_9530993
pd-user_2328598
pd-user_3921306
pd-user_8812081
pd-user_6001790
pd-user_5563236
pd-user_6663153
pd-user_8040424
pd-user_6921880
pd-user_5301946
pd-user_5790678
pd-user_1252963
pd-user_3037599
pd-user_3232745
pd-user_6777219
pd-user_8540537
pd-user_4809289
pd-user_3401024
pd-user_6563223
pd-user_7951537
pd-user_5610918
pd-user_6930371
pd-user_82385
pd-user_4138043
pd-user_6421166
pd-user_8078129
pd-user_5331074
pd-user_6697196
pd-user_5792139
pd-user_88489
pd-user_3328964
pd-user_9984189
pd-user_9388759
pd-user_2155102
pd-user_6955105
pd-user_6089559
pd-user_4399374
pd-user_311380
pd-user_9942265
pd-user_9033611
pd-user_4241435
pd-user_9538046
pd-user_4543943
pd-user_558582
pd-user_1316248
pd-user_7636
pd-user_2307418
pd-user_8641376
pd-user_1246313
pd-user_5509117
pd-user_7354727
pd-user_4254071
pd-user_8707166
pd-user_5068305
pd-user_3379554
pd-user_2882829
pd-user_3745689
pd-user_4136359
pd-user_7337164
pd-user_6452482
pd-user_4199275
pd-user_3587262
pd-user_8279209
pd-user_6514492
pd-user_4159098
pd-user_2170385
pd-user_4818077
pd-user_5711721
pd-user_360018
pd-user_5322442
pd-user_7232648
pd-user_2212149
pd-user_6813281
pd-user_2206507
pd-user_8322454
pd-user_5770200
pd-user_4944601
pd-user_8257831
pd-user_5144544
pd-user_8840528
pd-user_7618385
pd-user_521949
pd-user_9972145
pd-user_4850406
pd-user_1351719
pd-user_1046099
pd-user_1997958
pd-user_6776633
pd-user_8553708
pd-user_8433844
pd-user_6404470
pd-user_3370431
pd-user_9892102
pd-user_3396092
pd-user_9546273
pd-user_444528
pd-user_5529465
pd-user_3125207
pd-user_8417107
pd-user_213722
pd-user_3878702
pd-user_8005392
pd-user_7433578
pd-user_9620202
pd-user_5406243
pd-user_6035662
pd-user_6716661
pd-user_4384649
pd-user_4905155
pd-user_6017477
pd-user_561871
pd-user_3228617
pd-user_8628094
pd-user_7767139
pd-user_7183700
pd-user_3212348
pd-user_2396968
pd-user_1630680
pd-user_2866151
pd-user_811098
pd-user_966223
pd-user_1946243
pd-user_3379049
pd-user_5343250
pd-user_4932193
pd-user_4232660
pd-user_4978258
pd-user_7748759
pd-user_6543261
pd-user_6075465
pd-user_4704737
pd-user_7289296
pd-user_6192825
pd-user_7469945
pd-user_2690315
pd-user_3862886
pd-user_5532713
pd-user_2145268
pd-user_9763427
pd-user_2307203
pd-user_9261846
pd-user_9153928
pd-user_2595369
pd-user_1270660
pd-user_9841850
pd-user_9725115
pd-user_8332046
pd-user_2757521
pd-user_9830717
pd-user_8647148
pd-user_4242806
pd-user_5952098
pd-user_4296933
pd-user_4884788
pd-user_3207746
pd-user_5996768
pd-user_5751170
pd-user_6690431
pd-user_9512750
pd-user_7212150
pd-user_1373803
pd-user_8208623
pd-user_6238900
pd-user_4731854
pd-user_8224426
pd-user_6342835
pd-user_9077650
pd-user_2909624
pd-user_556469
pd-user_9172780
pd-user_427649
pd-user_4180752
pd-user_3246101
pd-user_1742779
pd-user_2292174
pd-user_1690162
pd-user_3718595
pd-user_3972837
pd-user_6458676
pd-user_3738371
pd-user_8283161
pd-user_2460029
pd-user_4550532
pd-user_9597703
pd-user_6937119
pd-user_2455048
pd-user_1814785
pd-user_1786963
pd-user_6459026
pd-user_8075954
pd-user_1115387
pd-user_5597516
pd-user_4540086
pd-user_1532567
pd-user_7847136
pd-user_3623362
pd-user_1136310
pd-user_594878
pd-user_7710453
pd-user_5322041
pd-user_3488832
pd-user_5888787
pd-user_2708365
pd-user_6481467
pd-user_8869974
pd-user_1882559
pd-user_7816069
pd-user_7293413
pd-user_1567128
pd-user_8074066
pd-user_9715692
pd-user_4472132
pd-user_6771940
pd-user_8252450
pd-user_6843586
pd-user_4436384
pd-user_1053587
pd-user_7787980
pd-user_7168938
pd-user_5106904
pd-user_2268162
pd-user_9207940
pd-user_8991456
pd-user_7742541
pd-user_3349317
pd-user_9732885
pd-user_1006752
pd-user_4920195
pd-user_4254454
pd-user_4903994
pd-user_6006236
pd-user_8881750
pd-user_2663438
pd-user_2256978
pd-user_5468414
pd-user_6554909
pd-user_6288341
pd-user_7746222
pd-user_1124812
pd-user_5961899
pd-user_1364225
pd-user_1403454
pd-user_3605429
pd-user_6132192
pd-user_5345399
pd-user_8373393
pd-user_5874833
pd-user_6005973
pd-user_7509554
pd-user_6398912
pd-user_1422664
pd-user_9492802
pd-user_3112064
pd-user_827653
pd-user_1344018
pd-user_7353150
pd-user_9049433
pd-user_6012223
pd-user_5679056
pd-user_9960223
pd-user_872548
pd-user_5233016
pd-user_7660275
pd-user_9415080
pd-user_6252208
pd-user_1958656
pd-user_8051448
pd-user_241635
pd-user_1990297
pd-user_1474317
pd-user_8076095
pd-user_6728924
pd-user_2770949
pd-user_8479171
pd-user_7302285
pd-user_4151880
pd-user_9800408
pd-user_5771621
pd-user_3557818
pd-user_8520864
pd-user_5775366
pd-user_6387127
pd-user_6510596
pd-user_3495436
pd-user_1873086
pd-user_5718381
pd-user_9170844
pd-user_3939353
pd-user_6630588
pd-user_4407753
pd-user_599158
pd-user_1793115
pd-user_398889
pd-user_5601967
pd-user_1579122
pd-user_4305109
pd-user_8529268
pd-user_7974216
pd-user_8322293
pd-user_2042382
pd-user_3102630
pd-user_1120082
pd-user_3684241
pd-user_4064440
pd-user_4497693
pd-user_453699
pd-user_4504259
pd-user_3570071
pd-user_5369777
pd-user_2240228
pd-user_6723706
pd-user_2320043
pd-user_1666584
pd-user_8532432
pd-user_3220577
pd-user_1491952
pd-user_8699324
pd-user_2549849
pd-user_9528954
pd-user_9510752
pd-user_592199
pd-user_4257050
pd-user_5760973
pd-user_7561685
pd-user_5802456
pd-user_1806818
pd-user_4134915
pd-user_3226763
pd-user_7754749
pd-user_4224178
pd-user_1680688
pd-user_9209287
pd-user_5149039
pd-user_2163408
pd-user_2694136
pd-user_6239137
pd-user_4159456
pd-user_1265338
pd-user_6139541
pd-user_1926074
pd-user_5909592
pd-user_5476178
pd-user_9583937
pd-user_916939
pd-user_959217
pd-user_6642334
pd-user_9548759
pd-user_4662442
pd-user_1540481
pd-user_6562171
pd-user_1677307
pd-user_1713295
pd-user_194187
pd-user_5054467
pd-user_769132
pd-user_5886188
pd-user_600220
pd-user_4273294
pd-user_9357638
pd-user_9430551
pd-user_9622914
pd-user_4197375
pd-user_7905955
pd-user_3170901
pd-user_8761580
pd-user_9105075
pd-user_7190044
pd-user_5159859
pd-user_9829603
pd-user_8728327
pd-user_3652592
pd-user_8400790
pd-user_4579273
pd-user_485987
pd-user_7107577
pd-user_3741051
pd-user_8712052
pd-user_2887817
pd-user_5536532
pd-user_3930683
pd-user_7193086
pd-user_7409954
pd-user_4534069
pd-user_6553676
pd-user_5225261
pd-user_4310098
pd-user_2113115
pd-user_2240348
pd-user_6561716
pd-user_8452299
pd-user_6846694
pd-user_2640676
pd-user_8281762
pd-user_4395202
pd-user_2318538
pd-user_4525523
pd-user_1794240
pd-user_3922242
pd-user_8791241
pd-user_4676670
pd-user_7553154
pd-user_2246127
pd-user_9733892
pd-user_7434802
pd-user_201143
pd-user_7743107
pd-user_8654555
pd-user_1881422
pd-user_2449063
pd-user_9275554
pd-user_6880292
pd-user_8158176
pd-user_8296259
pd-user_4791403
pd-user_9423048
pd-user_9313281
pd-user_1149652
pd-user_9438289
pd-user_6555989
pd-user_3028777
pd-user_1173429
pd-user_8568882
pd-user_9819311
pd-user_2860676
pd-user_7467467
pd-user_8049555
pd-user_859128
pd-user_8408584
pd-user_1753772
pd-user_8543547
pd-user_7115347
pd-user_7332930
pd-user_2919498
pd-user_2534610
pd-user_7651736
pd-user_8823676
pd-user_5116314
pd-user_6023314
pd-user_1957816
pd-user_7079961
pd-user_86602
pd-user_7092169
pd-user_790959
pd-user_7531490
pd-user_3801973
pd-user_9087826
pd-user_8133998
pd-user_1231122
pd-user_1799946
pd-user_3272425
pd-user_4283945
pd-user_8645550
pd-user_6913902
pd-user_1932540
pd-user_4480171
pd-user_7563714
pd-user_9916561
pd-user_8941610
pd-user_4169721
pd-user_3868839
pd-user_4993968
pd-user_8788862
pd-user_1275972
pd-user_8720289
pd-user_7326939
pd-user_9427605
pd-user_3433647
pd-user_2285413
pd-user_7815558
pd-user_206112
pd-user_4090108
pd-user_3784787
pd-user_3000612
pd-user_2949977
pd-user_8725504
pd-user_1243621
pd-user_4713353
pd-user_3666951
pd-user_5366025
pd-user_8175085
pd-user_521486
pd-user_3098063
pd-user_805426
pd-user_1241036
pd-user_3150485
pd-user_2366702
pd-user_2807810
pd-user_3097286
pd-user_1756411
pd-user_3724144
pd-user_6255582
pd-user_3237120
pd-user_3858420
pd-user_7360602
pd-user_6485582
pd-user_2727157
pd-user_854657
pd-user_454078
pd-user_1268439
pd-user_5765593
pd-user_4271598
pd-user_3420210
pd-user_8339330
pd-user_5331731
pd-user_9648322
pd-user_2663896
pd-user_4994347
pd-user_7008745
pd-user_3953056
pd-user_58677
pd-user_3486978
pd-user_8104944
pd-user_2184304
pd-user_3254787
pd-user_8581529
pd-user_4865942
pd-user_1497058
pd-user_746362
pd-user_7104664
pd-user_4249654
pd-user_116240
pd-user_5186000
pd-user_517409
pd-user_7235617
pd-user_4912337
pd-user_9306176
pd-user_724365
pd-user_8363446
pd-user_8743571
pd-user_7950542
pd-user_1120053
pd-user_862265
pd-user_9679642
pd-user_4542399
pd-user_9946398
pd-user_2734252
pd-user_8269411
pd-user_1345513
pd-user_3669627
pd-user_4235918
pd-user_1143001
pd-user_6765570
pd-user_9212667
pd-user_6276727
pd-user_1754435
pd-user_4500641
pd-user_8682118
pd-user_741648
pd-user_5202948
pd-user_6116212
pd-user_7546691
pd-user_9735971
pd-user_4853037
pd-user_8723020
pd-user_4390339
pd-user_5537985
pd-user_865063
pd-user_2524571
pd-user_3414449
pd-user_562202
pd-user_6987813
pd-user_1895500
pd-user_2882148
pd-user_1108335
pd-user_5742165
pd-user_1733657
pd-user_1405679
pd-user_3905469
pd-user_6082873
pd-user_2353936
pd-user_6448439
pd-user_8111259
pd-user_7950174
pd-user_8815820
pd-user_4680803
pd-user_8481914
pd-user_3950810
pd-user_5122492
pd-user_2511376
pd-user_7230408
pd-user_8076542
pd-user_3759626
pd-user_2887205
pd-user_8449370
pd-user_8429105
pd-user_9648372
pd-user_6356317
pd-user_3785826
pd-user_3609978
pd-user_6011573
pd-user_5608441
pd-user_1425400
pd-user_998872
pd-user_3596010
pd-user_9959312
pd-user_3349200
pd-user_5185801
pd-user_2816514
pd-user_7618832
pd-user_9376566
pd-user_6397333
pd-user_8578097
pd-user_3910142
pd-user_6358822
pd-user_5537043
pd-user_3643700
pd-user_8483484
pd-user_6845481
pd-user_1942313
pd-user_9579741
pd-user_7235038
pd-user_6239404
pd-user_2452928
pd-user_2108115
pd-user_7546457
pd-user_5972940
pd-user_7428474
pd-user_2079120
pd-user_41991
pd-user_9451993
pd-user_865375
pd-user_8898245
pd-user_1888560
pd-user_3927228
pd-user_2647030
pd-user_2885085
pd-user_2087775
pd-user_1045759
pd-user_9071698
pd-user_1548820
pd-user_22168
pd-user_6306203
pd-user_6698948
pd-user_7823544
pd-user_9709352
pd-user_3430869
pd-user_6776869
pd-user_3681604
pd-user_8229852
pd-user_6105013
pd-user_8582893
pd-user_5747544
pd-user_9402353
pd-user_668438
pd-user_9272993
pd-user_9178080
pd-user_7782662
pd-user_4800146
pd-user_6570970
pd-user_5183177
pd-user_1994249
pd-user_8254589
pd-user_822986
pd-user_1765666
pd-user_4440562
pd-user_2039241
pd-user_6512075
pd-user_7562522
pd-user_7742921
pd-user_8864545
pd-user_4691211
pd-user_2366494
pd-user_1194910
pd-user_9034111
pd-user_9275376
pd-user_9572983
pd-user_3312741
pd-user_3800259
pd-user_9066259
pd-user_7432322
pd-user_9060604
pd-user_6367242
pd-user_8540166
pd-user_3834899
pd-user_2812223
pd-user_326940
pd-user_8201026
pd-user_8031911
pd-user_9938688
pd-user_1832916
pd-user_9542680
pd-user_7075507
pd-user_4493760
pd-user_9757039
pd-user_8278588
pd-user_7656660
pd-user_7992675
pd-user_9147751
pd-user_1229639
pd-user_7094385
pd-user_646747
pd-user_6762999
pd-user_5574169
pd-user_8749746
pd-user_4646385
pd-user_8530391
pd-user_2555490
pd-user_6754878
pd-user_9421060
pd-user_5675140
pd-user_9570065
pd-user_5601263
pd-user_4928986
pd-user_3853741
pd-user_1305613
pd-user_4191445
pd-user_6357372
pd-user_6520510
pd-user_4514476
pd-user_4783296
pd-user_8272990
pd-user_6678089
pd-user_6316614
pd-user_7852464
pd-user_2782051
pd-user_9253226
pd-user_2159545
pd-user_3943025
pd-user_3607400
pd-user_2980786
pd-user_8176549
pd-user_9887333
pd-user_1632755
pd-user_6028368
pd-user_8288027
pd-user_6694937
pd-user_7181101
pd-user_9276417
pd-user_5338640
pd-user_4272640
pd-user_9125145
pd-user_1545890
pd-user_9083036
pd-user_7161297
pd-user_7380215
pd-user_1128963
pd-user_4658524
pd-user_9367869
pd-user_3336626
pd-user_4509299
pd-user_9256976
pd-user_110381
pd-user_3129596
pd-user_1947845
pd-user_1799627
pd-user_9904976
pd-user_7841937
pd-user_3208230
pd-user_6316869
pd-user_6182081
pd-user_4012771
pd-user_9922420
pd-user_564518
pd-user_2337742
pd-user_4999303
pd-user_4240173
pd-user_2739
pd-user_1599157
pd-user_3931497
pd-user_4637442
pd-user_8696651
pd-user_1800508
pd-user_4104348
pd-user_4617191
pd-user_4288662
pd-user_9925736
pd-user_798005
pd-user_6707834
pd-user_2610270
pd-user_5523344
pd-user_6744636
pd-user_8497452
pd-user_9926445
pd-user_5163643
pd-user_2300964
pd-user_9697639
pd-user_2845999
pd-user_5899638
pd-user_7851189
pd-user_2664016
pd-user_5865974
pd-user_7692862
pd-user_2607115
pd-user_1514052
pd-user_366335
pd-user_2198366
pd-user_1035202
pd-user_9878119
pd-user_6253081
pd-user_7651428
pd-user_5538068
pd-user_3351595
pd-user_8107814
pd-user_9005475
pd-user_6429359
pd-user_509813
pd-user_3863157
pd-user_6353212
pd-user_8399777
pd-user_8724781
pd-user_9190638
pd-user_227053
pd-user_9997103
pd-user_5896923
pd-user_8785153
pd-user_4706395
pd-user_1547051
pd-user_4341832
pd-user_8954150
pd-user_687292
pd-user_533464
pd-user_9108353
pd-user_6802176
pd-user_9763008
pd-user_3521740
pd-user_7400044
pd-user_8015168
pd-user_8029846
pd-user_128697
pd-user_2431263
pd-user_4384125
pd-user_8382379
pd-user_1372289
pd-user_5226126
pd-user_5202015
pd-user_1956779
pd-user_8694397
pd-user_2417718
pd-user_1125343
pd-user_3931569
pd-user_8511214
pd-user_2000568
pd-user_9829973
pd-user_6549572
pd-user_965999
pd-user_355552
pd-user_1862971
pd-user_2585498
pd-user_3169478
pd-user_2652278
pd-user_3596183
pd-user_2141645
pd-user_1025969
pd-user_737446
pd-user_6786671
pd-user_1603592
pd-user_1122936
pd-user_9858724
pd-user_2773913
pd-user_1341405
pd-user_7487416
pd-user_6700628
pd-user_4603358
pd-user_7765905
pd-user_5048250
pd-user_1502323
pd-user_872563
pd-user_4779908
pd-user_4989187
pd-user_2159718
pd-user_3098312
pd-user_6300360
pd-user_2940213
pd-user_4173008
pd-user_9185122
pd-user_8561566
pd-user_3522303
pd-user_4842535
pd-user_8042284
pd-user_529988
pd-user_5681018
pd-user_9647427
pd-user_9723685
pd-user_6654349
pd-user_7347988
pd-user_4442363
pd-user_1415022
pd-user_5466809
pd-user_7345597
pd-user_6397482
pd-user_7931801
pd-user_8446564
pd-user_8367844
pd-user_543896
pd-user_9074914
pd-user_3700723
pd-user_756613
pd-user_6948630
pd-user_227158
pd-user_1281111
pd-user_4592036
pd-user_2920702
pd-user_4253847
pd-user_3730526
pd-user_3519808
pd-user_8756150
pd-user_6594461
pd-user_1765852
pd-user_8111755
pd-user_8600283
pd-user_81934
pd-user_1660884
pd-user_8357915
pd-user_9141257
pd-user_7949551
pd-user_9125468
pd-user_8355758
pd-user_7698836
pd-user_2565728
pd-user_594018
pd-user_1894985
pd-user_5228737
pd-user_6307652
pd-user_3807109
pd-user_5920668
pd-user_6691522
pd-user_8961135
pd-user_3856730
pd-user_3723061
pd-user_7711405
pd-user_4735036
pd-user_8786488
pd-user_9950272
pd-user_9159286
pd-user_2402366
pd-user_7126184
pd-user_2309527
pd-user_758502
pd-user_8768053
pd-user_8750863
pd-user_7212531
pd-user_7134823
pd-user_5487685
pd-user_5821540
pd-user_4174058
pd-user_5441167
pd-user_8856091
pd-user_2721501
pd-user_722055
pd-user_9908769
pd-user_7473680
pd-user_5663958
pd-user_7626650
pd-user_3362549
pd-user_1112437
pd-user_1316879
pd-user_7055759
pd-user_4515381
pd-user_4540863
pd-user_1756533
pd-user_8613469
pd-user_9037427
pd-user_2355934
pd-user_7147102
pd-user_9897422
pd-user_949806
pd-user_4356600
pd-user_5907940
pd-user_8815304
pd-user_1955924
pd-user_5383916
pd-user_7683600
pd-user_6448799
pd-user_7439527
pd-user_7413559
pd-user_4807743
pd-user_505963
pd-user_4734603
pd-user_4660037
pd-user_8975245
pd-user_988389
pd-user_9966175
pd-user_3358003
pd-user_5684705
pd-user_3991017
pd-user_169564
pd-user_7047786
pd-user_1359589
pd-user_5437638
pd-user_1710330
pd-user_6135643
pd-user_61829
pd-user_9885812
pd-user_6496800
pd-user_5987219
pd-user_8089433
pd-user_8788232
pd-user_5916979
pd-user_7510370
pd-user_4129904
pd-user_8472900
pd-user_7224673
pd-user_8473106
pd-user_3315553
pd-user_9652233
pd-user_9436194
pd-user_8425887
pd-user_7763017
pd-user_5821084
pd-user_8050139
pd-user_8263053
pd-user_7092775
pd-user_4253675
pd-user_6470657
pd-user_1921537
pd-user_3231251
pd-user_9843327
pd-user_7804483
pd-user_3166952
pd-user_2573711
pd-user_8214140
pd-user_4984059
pd-user_4862761
pd-user_4657759
pd-user_1116739
pd-user_1499752
pd-user_4687387
pd-user_8801189
pd-user_1577621
pd-user_8143577
pd-user_3174909
pd-user_5919
pd-user_6295360
pd-user_1036927
pd-user_8822787
pd-user_5477100
pd-user_1625185
pd-user_173721
pd-user_2961985
pd-user_7400489
pd-user_2454700
pd-user_9520472
pd-user_2507305
pd-user_316390
pd-user_1573393
pd-user_7603269
pd-user_121837
pd-user_3519270
pd-user_5469678
pd-user_797383
pd-user_9705720
pd-user_5794297
pd-user_2198774
pd-user_2630320
pd-user_7975540
pd-user_8859471
pd-user_1178870
pd-user_7745882
pd-user_9533666
pd-user_5917450
pd-user_6217618
pd-user_4826912
pd-user_3888056
pd-user_9440221
pd-user_7611488
pd-user_9215102
pd-user_927275
pd-user_6107699
pd-user_604067
pd-user_6103817
pd-user_9755275
pd-user_933686
pd-user_7515895
pd-user_9396709
pd-user_8670887
pd-user_2351364
pd-user_2187390
pd-user_3934974
pd-user_4418105
pd-user_3127208
pd-user_4355702
pd-user_9815218
pd-user_5955790
pd-user_5433544
pd-user_2469471
pd-user_7702899
pd-user_9359207
pd-user_9593377
pd-user_4653258
pd-user_8648837
pd-user_6977642
pd-user_2090320
pd-user_2877957
pd-user_9801208
pd-user_7721859
pd-user_9467504
pd-user_7181721
pd-user_5948265
pd-user_3123978
pd-user_2292072
pd-user_4817283
pd-user_4305544
pd-user_2328250
pd-user_8727799
pd-user_7632809
pd-user_7152066
pd-user_8610944
pd-user_7669925
pd-user_7066819
pd-user_5250133
pd-user_4110199
pd-user_8134010
pd-user_2057194
pd-user_2444589
pd-user_3340436
pd-user_9848873
pd-user_2815687
pd-user_930217
pd-user_8332684
pd-user_5514607
pd-user_8122388
pd-user_4909713
pd-user_7729820
pd-user_1860892
pd-user_4545584
pd-user_3949170
pd-user_5003476
pd-user_9977798
pd-user_9024452
pd-user_1298036
pd-user_4003238
pd-user_8830379
pd-user_8483731
pd-user_8041813
pd-user_3623194
pd-user_4448092
pd-user_155797
pd-user_3393374
pd-user_3664781
pd-user_1260893
pd-user_8903444
pd-user_4042044
pd-user_7714202
pd-user_7083140
pd-user_8491537
pd-user_5531789
pd-user_5491119
pd-user_1188883
pd-user_7873470
pd-user_3068841
pd-user_2386047
pd-user_5917247
pd-user_3068985
pd-user_4117877
pd-user_4460223
pd-user_412661
pd-user_7862669
pd-user_9100604
pd-user_679657
pd-user_5213153
pd-user_2667229
pd-user_5072544
pd-user_9431045
pd-user_517104
pd-user_5659380
pd-user_9054664
pd-user_9356019
pd-user_3645511
pd-user_3081852
pd-user_5368867
pd-user_5271994
pd-user_4464838
pd-user_8730740
pd-user_7107046
pd-user_7173036
pd-user_5714992
pd-user_2773150
pd-user_9457267
pd-user_4679955
pd-user_3365831
pd-user_5833318
pd-user_531862
pd-user_302210
pd-user_5143489
pd-user_811033
pd-user_3591303
pd-user_6520059
pd-user_4076570
pd-user_3537798
pd-user_4341473
pd-user_5389355
pd-user_4808427
pd-user_4677562
pd-user_2106057
pd-user_7014996
pd-user_5194820
pd-user_8345525
pd-user_350150
pd-user_8579721
pd-user_6297478
pd-user_4605315
pd-user_1723161
pd-user_8704444
pd-user_9895712
pd-user_5210722
pd-user_6353305
pd-user_9201884
pd-user_294238
pd-user_7890082
pd-user_6990677
pd-user_8692364
pd-user_5698378
pd-user_8849019
pd-user_8173035
pd-user_6853529
pd-user_1839622
pd-user_7323695
pd-user_6411880
pd-user_8754013
pd-user_7740346
pd-user_2240089
pd-user_1442060
pd-user_4816981
pd-user_5474661
pd-user_9693904
pd-user_2666744
pd-user_1032062
pd-user_3522520
pd-user_4349929
pd-user_2448884
pd-user_1622693
pd-user_2624584
pd-user_6497657
pd-user_1824397
pd-user_346541
pd-user_6788931
pd-user_8441167
pd-user_7890747
pd-user_8378084
pd-user_6427957
pd-user_386405
pd-user_9796143
pd-user_3062766
pd-user_2905720
pd-user_326300
pd-user_4385114
pd-user_7421407
pd-user_8836797
pd-user_3888856
pd-user_5408620
pd-user_6282512
pd-user_9100897
pd-user_6194668
pd-user_294650
pd-user_7971301
pd-user_4713730
pd-user_9528241
pd-user_9006319
pd-user_531756
pd-user_7527255
pd-user_3917501
pd-user_6297518
pd-user_5008411
pd-user_456302
pd-user_5647246
pd-user_4616098
pd-user_5613298
pd-user_1924670
pd-user_851920
pd-user_9211815
pd-user_6898076
pd-user_9798150
pd-user_550827
pd-user_2415030
pd-user_1847565
pd-user_7069927
pd-user_614073
pd-user_8358907
pd-user_323644
pd-user_8240492
pd-user_7814997
pd-user_3723490
pd-user_247001
pd-user_5153423
pd-user_6624804
pd-user_6314176
pd-user_4907638
pd-user_5876486
pd-user_6388295
pd-user_1928912
pd-user_2140603
pd-user_1039152
pd-user_6225225
pd-user_8655399
pd-user_5159042
pd-user_5740086
pd-user_9185761
pd-user_2860796
pd-user_3226340
pd-user_995371
pd-user_7639425
pd-user_8477699
pd-user_8968066
pd-user_4982217
pd-user_6783682
pd-user_9513422
pd-user_1629084
pd-user_4077805
pd-user_1921774
pd-user_5950525
pd-user_5423037
pd-user_826421
pd-user_7996703
pd-user_6446045
pd-user_5200867
pd-user_5213752
pd-user_6292738
pd-user_1856242
pd-user_3992159
pd-user_4203946
pd-user_9733905
pd-user_6674334
pd-user_3129055
pd-user_7532643
pd-user_6176024
pd-user_5460840
pd-user_4594208
pd-user_6145926
pd-user_394538
pd-user_1509437
pd-user_3637196
pd-user_1004539
pd-user_6469286
pd-user_1994698
pd-user_6065103
pd-user_2719634
pd-user_9896875
pd-user_3530238
pd-user_9647547
pd-user_3220732
pd-user_1822424
pd-user_7715549
pd-user_6275335
pd-user_1991955
pd-user_7109151
pd-user_3336256
pd-user_5238042
pd-user_5157690
pd-user_7724589
pd-user_1364892
pd-user_3570249
pd-user_7423298
pd-user_9375080
pd-user_5224348
pd-user_435987
pd-user_7516081
pd-user_742612
pd-user_2558979
pd-user_9627266
pd-user_1782248
pd-user_8317752
pd-user_3368142
pd-user_5647764
pd-user_3654302
pd-user_8121536
pd-user_8129001
pd-user_6131361
pd-user_5927937
pd-user_1647112
pd-user_58751
pd-user_9416043
pd-user_2023510
pd-user_1371773
pd-user_1122956
pd-user_1774477
pd-user_5553979
pd-user_4377316
pd-user_9663163
pd-user_1697749
pd-user_9720120
pd-user_726048
pd-user_398571
pd-user_9382730
pd-user_7518527
pd-user_1896441
pd-user_2416832
pd-user_6524706
pd-user_1402741
pd-user_8631134
pd-user_5357120
pd-user_750850
pd-user_3338539
pd-user_4832948
pd-user_7837396
pd-user_1186805
pd-user_7986909
pd-user_9557588
pd-user_7269083
pd-user_4616584
pd-user_454972
pd-user_5743568
pd-user_2050575
pd-user_7848416
pd-user_5860679
pd-user_1999960
pd-user_3859388
pd-user_7743222
pd-user_8788712
pd-user_1653011
pd-user_9224623
pd-user_4190899
pd-user_4612614
pd-user_1553666
pd-user_9809705
pd-user_3871820
pd-user_4555909
pd-user_8283425
pd-user_5999795
pd-user_5485067
pd-user_2292606
pd-user_1843552
pd-user_2423087
pd-user_7992468
pd-user_6045090
pd-user_1314973
pd-user_9988611
pd-user_4652845
pd-user_6207286
pd-user_5265947
pd-user_6096574
pd-user_2382505
pd-user_7711371
pd-user_2622995
pd-user_3967850
pd-user_3062694
pd-user_7190787
pd-user_7023830
pd-user_5594167
pd-user_5342896
pd-user_2478472
pd-user_1273895
pd-user_1668970
pd-user_2023955
pd-user_3377367
pd-user_4582034
pd-user_6141943
pd-user_3079298
pd-user_2798062
pd-user_6907524
pd-user_3433611
pd-user_9170285
pd-user_2424254
pd-user_4074052
pd-user_453290
pd-user_1356005
pd-user_2888469
pd-user_50622
pd-user_813861
pd-user_7323736
pd-user_218903
pd-user_3218117
pd-user_1079737
pd-user_84011
pd-user_208610
pd-user_1027059
pd-user_3098179
pd-user_4274628
pd-user_1935280
pd-user_6612567
pd-user_9039850
pd-user_9918675
pd-user_2406042
pd-user_7170240
pd-user_8881197
pd-user_847908
pd-user_6674401
pd-user_6094565
pd-user_2442095
pd-user_7840446
pd-user_8952364
pd-user_4306223
pd-user_8997361
pd-user_5963744
pd-user_3810540
pd-user_2353068
pd-user_9304259
pd-user_5771047
pd-user_5399891
pd-user_198716
pd-user_3054409
pd-user_7663940
pd-user_3393334
pd-user_3974156
pd-user_2562533
pd-user_7435468
pd-user_4265928
pd-user_175386
pd-user_795019
pd-user_1377052
pd-user_8449408
pd-user_6276694
pd-user_8269337
pd-user_5774598
pd-user_7292618
pd-user_8204763
pd-user_1596276
pd-user_4943720
pd-user_6965798
pd-user_8198915
pd-user_1091450
pd-user_5337917
pd-user_3925987
pd-user_8113326
pd-user_3091244
pd-user_7576155
pd-user_3926282
pd-user_7966908
pd-user_2498057
pd-user_9115589
pd-user_4324195
pd-user_3170572
pd-user_385957
pd-user_3552841
pd-user_6163994
pd-user_4483669
pd-user_602743
pd-user_9786506
pd-user_6620439
pd-user_5100155
pd-user_1129632
pd-user_7978313
pd-user_3481629
pd-user_8700
pd-user_3137263
pd-user_7274465
pd-user_2416414
pd-user_6922655
pd-user_6632698
pd-user_6650348
pd-user_4164827
pd-user_2011981
pd-user_6585191
pd-user_6921428
pd-user_7036188
pd-user_2281447
pd-user_8687399
pd-user_915038
pd-user_2663001
pd-user_1130697
pd-user_1584456
pd-user_4138810
pd-user_7371755
pd-user_9321157
pd-user_9011413
pd-user_269808
pd-user_6138806
pd-user_4488435
pd-user_9858660
pd-user_5077414
pd-user_6220501
pd-user_1444284
pd-user_7432089
pd-user_7120519
pd-user_1518425
pd-user_7612061
pd-user_6113154
pd-user_1778960
pd-user_1132149
pd-user_49120
pd-user_2661908
pd-user_4772724
pd-user_7423966
pd-user_7046808
pd-user_379225
pd-user_1190490
pd-user_3435728
pd-user_2339444
pd-user_9085438
pd-user_6290402
pd-user_494963
pd-user_807361
pd-user_4992519
pd-user_2361099
pd-user_5541224
pd-user_902634
pd-user_9321206
pd-user_8710514
pd-user_9742085
pd-user_9167941
pd-user_4693831
pd-user_2533212
pd-user_8202154
pd-user_8495212
pd-user_3898189
pd-user_3770469
pd-user_4352343
pd-user_663571
pd-user_9546535
pd-user_1658751
pd-user_4814073
pd-user_8470989
pd-user_4857058
pd-user_2669336
pd-user_255590
pd-user_5885177
pd-user_2767481
pd-user_9401124
pd-user_2342775
pd-user_8294859
pd-user_6567591
pd-user_9005200
pd-user_4317002
pd-user_7603571
pd-user_4468182
pd-user_9257074
pd-user_1701368
pd-user_3553832
pd-user_8188831
pd-user_4934024
pd-user_9060531
pd-user_6795717
pd-user_6912515
pd-user_7995790
pd-user_8699606
pd-user_2019679
pd-user_6720669
pd-user_450579
pd-user_4724013
pd-user_8894063
pd-user_7212546
pd-user_6830958
pd-user_7394329
pd-user_2883345
pd-user_8806028
pd-user_4416235
pd-user_8767529
pd-user_6165458
pd-user_5763223
pd-user_9817159
pd-user_8008695
pd-user_6984566
pd-user_2049619
pd-user_8484719
pd-user_8118374
pd-user_7690725
pd-user_2129117
pd-user_7362496
pd-user_8604297
pd-user_3662080
pd-user_7275145
pd-user_108970
pd-user_3028848
pd-user_2109136
pd-user_2128849
pd-user_8832113
pd-user_8207813
pd-user_2805982
pd-user_1609807
pd-user_1383478
pd-user_9459401
pd-user_6038585
pd-user_5941233
pd-user_8662114
pd-user_1460322
pd-user_3184438
pd-user_1584631
pd-user_674798
pd-user_9023959
pd-user_3635661
pd-user_4810568
pd-user_8240259
pd-user_480753
pd-user_9037824
pd-user_1945665
pd-user_6122058
pd-user_7033927
pd-user_283411
pd-user_8507540
pd-user_2259108
pd-user_3569430
pd-user_1453336
pd-user_8477160
pd-user_9454057
pd-user_2292590
pd-user_3114517
pd-user_7136643
pd-user_9898751
pd-user_9672484
pd-user_5249917
pd-user_4460492
pd-user_6555630
pd-user_7863710
pd-user_4112678
pd-user_6671169
pd-user_801480
pd-user_3761854
pd-user_2963265
pd-user_497626
pd-user_8528021
pd-user_1646890
pd-user_5131031
pd-user_587064
pd-user_3124021
pd-user_3627834
pd-user_1608351
pd-user_1025807
pd-user_8425074
pd-user_7682224
pd-user_3504902
pd-user_921975
pd-user_3590750
pd-user_5626094
pd-user_3242694
pd-user_8137713
pd-user_6231088
pd-user_6919609
pd-user_1434038
pd-user_7052322
pd-user_9992070
pd-user_1412756
pd-user_9506664
pd-user_297079
pd-user_5018845
pd-user_2483380
pd-user_4547593
pd-user_2687876
pd-user_1038680
pd-user_2763617
pd-user_3557239
pd-user_6205047
pd-user_7378048
pd-user_9662650
pd-user_3708814
pd-user_5200989
pd-user_9921494
pd-user_1884234
pd-user_4529170
pd-user_6179389
pd-user_7982181
pd-user_5984227
pd-user_7724531
pd-user_5300684
pd-user_9421706
pd-user_3534640
pd-user_8455639
pd-user_8764374
pd-user_3535164
pd-user_6565056
pd-user_274639
pd-user_8706134
pd-user_2306095
pd-user_9354192
pd-user_2245666
pd-user_5800510
pd-user_2539913
pd-user_7535789
pd-user_9528480
pd-user_9521134
pd-user_2090827
pd-user_9198482
pd-user_3877412
pd-user_7279969
pd-user_4849912
pd-user_5298209
pd-user_9434064
pd-user_1555949
pd-user_8735574
pd-user_3371718
pd-user_7706556
pd-user_4474171
pd-user_779924
pd-user_396417
pd-user_2396172
pd-user_4851885
pd-user_4124226
pd-user_9428905
pd-user_4161146
pd-user_2041918
pd-user_6090279
pd-user_8493193
pd-user_7054419
pd-user_8057672
pd-user_1521871
pd-user_4566036
pd-user_5548531
pd-user_522769
pd-user_1678167
pd-user_6824001
pd-user_19672
pd-user_1747539
pd-user_7436941
pd-user_4254675
pd-user_2008868
pd-user_316373
pd-user_6743777
pd-user_6407170
pd-user_7818158
pd-user_1800920
pd-user_7671004
pd-user_8172652
pd-user_4514979
pd-user_4219905
pd-user_7668747
pd-user_7904073
pd-user_7858665
pd-user_6743121
pd-user_6800423
pd-user_4752529
pd-user_2659619
pd-user_3926421
pd-user_3497826
pd-user_8911813
pd-user_8346598
pd-user_8166754
pd-user_8724771
pd-user_9855151
pd-user_8872646
pd-user_7357197
pd-user_9386099
pd-user_5265300
pd-user_7449374
pd-user_6882694
pd-user_4101855
pd-user_4029846
pd-user_243762
pd-user_1365352
pd-user_7430172
pd-user_3435197
pd-user_1764364
pd-user_762332
pd-user_8921198
pd-user_7906677
pd-user_416081
pd-user_667972
pd-user_1121552
pd-user_8290546
pd-user_6312951
pd-user_123989
pd-user_9363557
pd-user_7283713
pd-user_2056711
pd-user_5482313
pd-user_2625097
pd-user_4630656
pd-user_8096841
pd-user_6893506
pd-user_4539938
pd-user_3640750
pd-user_7954471
pd-user_5109060
pd-user_7102744
pd-user_6689113
pd-user_814745
pd-user_6668794
pd-user_4318336
pd-user_7493195
pd-user_4607692
pd-user_8603854
pd-user_1081390
pd-user_4332598
pd-user_5326477
pd-user_6656434
pd-user_4217223
pd-user_9882637
pd-user_1055660
pd-user_9407207
pd-user_1729855
pd-user_4696374
pd-user_2514941
pd-user_3377846
pd-user_9898296
pd-user_6056855
pd-user_8735880
pd-user_8600271
pd-user_9769332
pd-user_3757889
pd-user_207790
pd-user_7144056
pd-user_8158200
pd-user_6915136
pd-user_8745650
pd-user_4962411
pd-user_8742448
pd-user_2440075
pd-user_3569825
pd-user_6729864
pd-user_3592500
pd-user_8547840
pd-user_3355760
pd-user_6433674
pd-user_5226430
pd-user_3859309
pd-user_542981
pd-user_1962290
pd-user_4752237
pd-user_7120050
pd-user_3492119
pd-user_2481911
pd-user_3376967
pd-user_4777195
pd-user_203566
pd-user_1511934
pd-user_4350601
pd-user_6262426
pd-user_4727338
pd-user_7031037
pd-user_1814708
pd-user_6800067
pd-user_6359387
pd-user_4280537
pd-user_5974274
pd-user_7492520
pd-user_8202304
pd-user_7062032
pd-user_1398690
pd-user_9797384
pd-user_7295221
pd-user_4945265
pd-user_7573090
pd-user_9528628
pd-user_1134531
pd-user_7469682
pd-user_1975337
pd-user_6931095
pd-user_1712357
pd-user_1575639
pd-user_8639630
pd-user_5475103
pd-user_3487667
pd-user_1242045
pd-user_7574950
pd-user_9919467
pd-user_7376621
pd-user_4032181
pd-user_6338285
pd-user_5407273
pd-user_5265731
pd-user_3796469
pd-user_3832136
pd-user_2591081
pd-user_8171761
pd-user_9899933
pd-user_629789
pd-user_9489369
pd-user_5710048
pd-user_7032901
pd-user_9303280
pd-user_4620787
pd-user_1810686
pd-user_3745559
pd-user_2464662
pd-user_8161273
pd-user_8736604
pd-user_4547242
pd-user_9428413
pd-user_7574067
pd-user_7131428
pd-user_4222672
pd-user_9890139
pd-user_5609008
pd-user_5890863
pd-user_1366140
pd-user_4376760
pd-user_3926326
pd-user_1790923
pd-user_9078372
pd-user_2530872
pd-user_291829
pd-user_5728381
pd-user_7779105
pd-user_6165580
pd-user_4279017
pd-user_3775283
pd-user_662907
pd-user_57301
pd-user_6266743
pd-user_3800685
pd-user_2307090
pd-user_6822030
pd-user_5877247
pd-user_1206326
pd-user_9077126
pd-user_6137677
pd-user_3459733
pd-user_3417887
pd-user_358562
pd-user_5035136
pd-user_2367205
pd-user_3602279
pd-user_1563061
pd-user_6556603
pd-user_7863379
pd-user_2629933
pd-user_5348594
pd-user_3018068
pd-user_105609
pd-user_1911204
pd-user_3322469
pd-user_3788432
pd-user_2341663
pd-user_4701889
pd-user_3003693
pd-user_8250638
pd-user_1873166
pd-user_7940771
pd-user_5775972
pd-user_2077996
pd-user_4569802
pd-user_7795422
pd-user_8132970
pd-user_3677883
pd-user_3102104
pd-user_3368521
pd-user_1484059
pd-user_9391909
pd-user_8922644
pd-user_1151209
pd-user_8169875
pd-user_8200012
pd-user_6419393
pd-user_3068950
pd-user_7659474
pd-user_4205067
pd-user_6089456
pd-user_9454096
pd-user_9346184
pd-user_9944248
pd-user_4877248
pd-user_7753254
pd-user_4544106
pd-user_8789439
pd-user_9223664
pd-user_1877731
pd-user_5884667
pd-user_9449673
pd-user_4644378
pd-user_5507631
pd-user_4916600
pd-user_2594315
pd-user_8694920
pd-user_8580316
pd-user_2846081
pd-user_8547071
pd-user_2457479
pd-user_5584670
pd-user_7481222
pd-user_407896
pd-user_4572310
pd-user_6246285
pd-user_7043976
pd-user_822829
pd-user_8382181
pd-user_7735048
pd-user_4241164
pd-user_508161
pd-user_8431127
pd-user_8752464
pd-user_8600990
pd-user_3866378
pd-user_3115352
pd-user_7180298
pd-user_2574917
pd-user_8050417
pd-user_5515810
pd-user_980038
pd-user_922649
pd-user_4641801
pd-user_1136399
pd-user_2454460
pd-user_7741839
pd-user_1974597
pd-user_4891693
pd-user_6369751
pd-user_833264
pd-user_6256229
pd-user_8851119
pd-user_4742539
pd-user_94001
pd-user_8998308
pd-user_4125583
pd-user_6301579
pd-user_727406
pd-user_6872726
pd-user_8367111
pd-user_5263183
pd-user_390535
pd-user_5852358
pd-user_5232561
pd-user_3115166
pd-user_770288
pd-user_1207848
pd-user_2929390
pd-user_4398250
pd-user_1646606
pd-user_5652681
pd-user_5541396
pd-user_3384543
pd-user_4372461
pd-user_1122139
pd-user_7234296
pd-user_6411298
pd-user_9286920
pd-user_3142948
pd-user_2574760
pd-user_5038803
pd-user_4024712
pd-user_9000017
pd-user_5620376
pd-user_5912661
pd-user_6920007
pd-user_4838975
pd-user_4465259
pd-user_8649457
pd-user_6479474
pd-user_9304521
pd-user_1779429
pd-user_2905719
pd-user_8313265
pd-user_5891907
pd-user_7427531
pd-user_1270776
pd-user_2725756
pd-user_7485174
pd-user_1570049
pd-user_8029373
pd-user_9184623
pd-user_8643967
pd-user_6311229
pd-user_6122616
pd-user_4697397
pd-user_1942556
pd-user_8260888
pd-user_3009129
pd-user_2717925
pd-user_6148389
pd-user_3437717
pd-user_3738908
pd-user_2591759
pd-user_7073688
pd-user_2456984
pd-user_7780326
pd-user_375559
pd-user_5893435
pd-user_8022049
pd-user_9934549
pd-user_3098497
pd-user_9424408
pd-user_325651
pd-user_6594181
pd-user_7755960
pd-user_9707286
pd-user_7948544
pd-user_5665429
pd-user_5169055
pd-user_8915251
pd-user_8193336
pd-user_6635958
pd-user_723594
pd-user_2126353
pd-user_3615356
pd-user_7217719
pd-user_7008199
pd-user_2139425
pd-user_4572800
pd-user_6671103
pd-user_2202094
pd-user_5757140
pd-user_8197567
pd-user_1360128
pd-user_1534400
pd-user_1734111
pd-user_9426169
pd-user_4945545
pd-user_5282952
pd-user_8817953
pd-user_1440794
pd-user_1392913
pd-user_9703434
pd-user_1729818
pd-user_5423364
pd-user_8671142
pd-user_5212509
pd-user_87817
pd-user_5310024
pd-user_6643588
pd-user_8461734
pd-user_9706024
pd-user_1293349
pd-user_5740492
pd-user_3941115
pd-user_7615071
pd-user_1997397
pd-user_5815596
pd-user_604681
pd-user_4236375
pd-user_269212
pd-user_4808908
pd-user_458555
pd-user_938144
pd-user_3476670
pd-user_5602619
pd-user_8646045
pd-user_154075
pd-user_7218502
pd-user_1760177
pd-user_971747
pd-user_1153405
pd-user_4433996
pd-user_3914110
pd-user_8086021
pd-user_640889
pd-user_7550432
pd-user_9275866
pd-user_746651
pd-user_7026816
pd-user_352566
pd-user_9847720
pd-user_7156046
pd-user_6772936
pd-user_2737663
pd-user_3220748
pd-user_3725461
pd-user_2344597
pd-user_7256712
pd-user_1540934
pd-user_4511727
pd-user_4379374
pd-user_5782963
pd-user_1980101
pd-user_9941863
pd-user_148554
pd-user_4516653
pd-user_4160237
pd-user_8358838
pd-user_7669703
pd-user_9181001
pd-user_8835001
pd-user_4252241
pd-user_6379169
pd-user_2598782
pd-user_4572920
pd-user_2403824
pd-user_6013619
pd-user_8503326
pd-user_6428263
pd-user_4816567
pd-user_7101127
pd-user_7415571
pd-user_7036004
pd-user_2082090
pd-user_9599675
pd-user_5150214
pd-user_9429519
pd-user_1343240
pd-user_2949442
pd-user_290690
pd-user_1568088
pd-user_267875
pd-user_9693091
pd-user_1021895
pd-user_8285488
pd-user_4130797
pd-user_2471103
pd-user_9628654
pd-user_2804722
pd-user_6681833
pd-user_676799
pd-user_4608722
pd-user_5611900
pd-user_5649171
pd-user_8957633
pd-user_7826165
pd-user_1089913
pd-user_9565735
pd-user_9663207
pd-user_1823476
pd-user_7878021
pd-user_5461887
pd-user_1934659
pd-user_2128162
pd-user_5945191
pd-user_7023257
pd-user_8339545
pd-user_1251059
pd-user_2031643
pd-user_4769049
pd-user_9136763
pd-user_5640864
pd-user_6015291
pd-user_3452154
pd-user_9845497
pd-user_6032671
pd-user_515280
pd-user_4480984
pd-user_1529996
pd-user_6445893
pd-user_6169527
pd-user_1378695
pd-user_1451861
pd-user_1453141
pd-user_2171868
pd-user_6620127
pd-user_3994918
pd-user_823387
pd-user_4171855
pd-user_514004
pd-user_3856017
pd-user_6484045
pd-user_4304264
pd-user_9706761
pd-user_1662858
pd-user_3020758
pd-user_7425220
pd-user_1962369
pd-user_3666383
pd-user_5840112
pd-user_2246438
pd-user_1552246
pd-user_9917771
pd-user_6934692
pd-user_3682856
pd-user_9248143
pd-user_3842635
pd-user_2061585
pd-user_3272737
pd-user_6313890
pd-user_5164522
pd-user_6820856
pd-user_8960683
pd-user_8529754
pd-user_4812319
pd-user_2538903
pd-user_3994844
pd-user_7115219
pd-user_5746517
pd-user_8346300
pd-user_6446025
pd-user_4286295
pd-user_2595947
pd-user_3793739
pd-user_5347332
pd-user_1288964
pd-user_5681044
pd-user_7102736
pd-user_9578440
pd-user_8274760
pd-user_3729610
pd-user_8719455
pd-user_4897870
pd-user_7828832
pd-user_9041654
pd-user_4467620
pd-user_222495
pd-user_3652400
pd-user_909579
pd-user_4979344
pd-user_9536204
pd-user_3309127
pd-user_8569293
pd-user_5571135
pd-user_6103265
pd-user_7845707
pd-user_1582681
pd-user_3536659
pd-user_7798103
pd-user_569014
pd-user_7025215
pd-user_1417268
pd-user_4908480
pd-user_633112
pd-user_2574390
pd-user_6701712
pd-user_5303130
pd-user_637305
pd-user_3243304
pd-user_4945297
pd-user_7350588
pd-user_5063863
pd-user_9663662
pd-user_3473097
pd-user_5277638
pd-user_8788703
pd-user_8474439
pd-user_1140634
pd-user_83627
pd-user_3606306
pd-user_9768175
pd-user_8321106
pd-user_1383334
pd-user_3690951
pd-user_1111797
pd-user_6288161
pd-user_2943405
pd-user_6761959
pd-user_4109927
pd-user_5901610
pd-user_4991817
pd-user_4435298
pd-user_2366028
pd-user_3787280
pd-user_3300778
pd-user_2190049
pd-user_5026329
pd-user_9409290
pd-user_1653540
pd-user_5882891
pd-user_9638750
pd-user_4490922
pd-user_5158743
pd-user_7121990
pd-user_8904395
pd-user_589280
pd-user_2649882
pd-user_4134514
pd-user_3346625
pd-user_9986441
pd-user_3979360
pd-user_2641162
pd-user_88675
pd-user_7381679
pd-user_3936024
pd-user_518797
pd-user_1703765
pd-user_8177077
pd-user_9829071
pd-user_9265035
pd-user_9767627
pd-user_9050135
pd-user_6869227
pd-user_22584
pd-user_9820869
pd-user_8612728
pd-user_8916466
pd-user_3385072
pd-user_7190560
pd-user_9975757
pd-user_5398043
pd-user_9538350
pd-user_8561918
pd-user_8496809
pd-user_3054616
pd-user_7052911
pd-user_3963521
pd-user_1675635
pd-user_1779006
pd-user_9688159
pd-user_9826984
pd-user_9376608
pd-user_53828
pd-user_6710964
pd-user_3971315
pd-user_2258831
pd-user_2868614
pd-user_2691446
pd-user_664578
pd-user_8716191
pd-user_6625891
pd-user_6665613
pd-user_3101420
pd-user_1434335
pd-user_3267852
pd-user_9471881
pd-user_1022734
pd-user_3371030
pd-user_9988069
pd-user_9379071
pd-user_8939639
pd-user_2129324
pd-user_2557881
pd-user_2163076
pd-user_2396452
pd-user_3521339
pd-user_6250276
pd-user_2783697
pd-user_9432570
pd-user_4866907
pd-user_8221244
pd-user_9878505
pd-user_6743337
pd-user_8212912
pd-user_582410
pd-user_8956434
pd-user_5785130
pd-user_9036376
pd-user_8881106
pd-user_4390694
pd-user_8363029
pd-user_7513150
pd-user_7856677
pd-user_3584412
pd-user_4222696
pd-user_5691466
pd-user_896261
pd-user_1941747
pd-user_6600508
pd-user_8876977
pd-user_9078043
pd-user_8244902
pd-user_3947272
pd-user_979705
pd-user_8230517
pd-user_2696902
pd-user_3975408
pd-user_4930821
pd-user_4074468
pd-user_560768
pd-user_3701456
pd-user_1361256
pd-user_6343190
pd-user_309224
pd-user_7408834
pd-user_868335
pd-user_1273235
pd-user_7092798
pd-user_4851632
pd-user_8422936
pd-user_6649676
pd-user_9198620
pd-user_8295212
pd-user_368939
pd-user_7023085
pd-user_2593402
pd-user_8988812
pd-user_106877
pd-user_2916069
pd-user_82698
pd-user_3208292
pd-user_690102
pd-user_1627347
pd-user_923501
pd-user_4292644
pd-user_584180
pd-user_7937242
pd-user_3445899
pd-user_5636038
pd-user_7819874
pd-user_6621931
pd-user_3244925
pd-user_3745484
pd-user_401380
pd-user_6130585
pd-user_2942754
pd-user_1070232
pd-user_2181330
pd-user_7812231
pd-user_1388256
pd-user_7441579
pd-user_6234124
pd-user_9313433
pd-user_7487196
pd-user_8888621
pd-user_6266538
pd-user_4508205
pd-user_6348442
pd-user_8382136
pd-user_3334542
pd-user_5011284
pd-user_2386758
pd-user_6506659
pd-user_7111537
pd-user_5695948
pd-user_4530577
pd-user_6043006
pd-user_2464218
pd-user_982780
pd-user_6322796
pd-user_5031624
pd-user_3236411
pd-user_5144055
pd-user_412272
pd-user_9540736
pd-user_6471247
pd-user_1556243
pd-user_8054049
pd-user_3836879
pd-user_8813425
pd-user_2305986
pd-user_2807081
pd-user_3010028
pd-user_1047334
pd-user_8400273
pd-user_5073073
pd-user_9092657
pd-user_7001182
pd-user_3945973
pd-user_6311021
pd-user_6087716
pd-user_4117169
pd-user_8273437
pd-user_5417519
pd-user_456900
pd-user_3712866
pd-user_8501298
pd-user_2071135
pd-user_8295379
pd-user_6205164
pd-user_1260357
pd-user_6654082
pd-user_1640542
pd-user_8751345
pd-user_1173848
pd-user_2657269
pd-user_823556
pd-user_9169190
pd-user_3514092
pd-user_1810669
pd-user_1212399
pd-user_3513557
pd-user_1748204
pd-user_5285135
pd-user_8466534
pd-user_699100
pd-user_1215677
pd-user_3404334
pd-user_5000584
pd-user_9852446
pd-user_8435781
pd-user_6243895
pd-user_4458422
pd-user_7608550
pd-user_1066481
pd-user_6944731
pd-user_7162754
pd-user_7591575
pd-user_7048398
pd-user_8961496
pd-user_4919616
pd-user_1861435
pd-user_4617509
pd-user_7886267
pd-user_8998066
pd-user_8867214
pd-user_1968196
pd-user_9958904
pd-user_3714077
pd-user_6570574
pd-user_9310821
pd-user_1285670
pd-user_3542029
pd-user_2329168
pd-user_3391500
pd-user_2313906
pd-user_311884
pd-user_1278773
pd-user_4393787
pd-user_4092233
pd-user_8105768
pd-user_1240415
pd-user_3160613
pd-user_8688904
pd-user_4622555
pd-user_3787092
pd-user_7034011
pd-user_780009
pd-user_8820748
pd-user_4445681
pd-user_9289177
pd-user_3124334
pd-user_7341314
pd-user_4693914
pd-user_2854695
pd-user_2636150
pd-user_128476
pd-user_6122467
pd-user_8695392
pd-user_4176881
pd-user_9601303
pd-user_3033443
pd-user_8806180
pd-user_137294
pd-user_8769639
pd-user_4632737
pd-user_6129397
pd-user_8196904
pd-user_8086334
pd-user_6060191
pd-user_9341401
pd-user_5789973
pd-user_2182862
pd-user_2492087
pd-user_6480630
pd-user_7711742
pd-user_6042495
pd-user_5567209
pd-user_8144470
pd-user_6516291
pd-user_6333709
pd-user_4406137
pd-user_9977614
pd-user_9270459
pd-user_5328093
pd-user_5122583
pd-user_3436805
pd-user_886623
pd-user_6514700
pd-user_3715927
pd-user_3318143
pd-user_6758303
pd-user_2107867
pd-user_3289299
pd-user_4042877
pd-user_8192033
pd-user_980505
pd-user_5858773
pd-user_842737
pd-user_6757321
pd-user_172785
pd-user_7489655
pd-user_767097
pd-user_244785
pd-user_1237114
pd-user_289162
pd-user_4884819
pd-user_2613468
pd-user_7649969
pd-user_3422369
pd-user_6523562
pd-user_9956967
pd-user_7332677
pd-user_6047061
pd-user_8081421
pd-user_7667548
pd-user_8960898
pd-user_7848291
pd-user_5357581
pd-user_2400370
pd-user_5152853
pd-user_4978737
pd-user_2856877
pd-user_4471619
pd-user_2755712
pd-user_8634849
pd-user_2077180
pd-user_7939659
pd-user_693547
pd-user_2425852
pd-user_1450861
pd-user_1496704
pd-user_2325391
pd-user_5397405
pd-user_7276713
pd-user_9504816
pd-user_1351298
pd-user_1495667
pd-user_2658323
pd-user_5292087
pd-user_5560690
pd-user_8969767
pd-user_7811060
pd-user_7620586
pd-user_4972731
pd-user_4679928
pd-user_6105906
pd-user_4014265
pd-user_3004010
pd-user_501403
pd-user_6995738
pd-user_1948557
pd-user_3702705
pd-user_869788
pd-user_8473057
pd-user_2619441
pd-user_9296713
pd-user_3247387
pd-user_8300792
pd-user_5111989
pd-user_2743065
pd-user_1797567
pd-user_467911
pd-user_8258104
pd-user_6743865
pd-user_365453
pd-user_9442021
pd-user_9523456
pd-user_7571820
pd-user_8868502
pd-user_3658640
pd-user_6124045
pd-user_2762918
pd-user_784712
pd-user_2521363
pd-user_4754229
pd-user_885624
pd-user_8792539
pd-user_8096169
pd-user_3730526
pd-user_5725107
pd-user_3244592
pd-user_3005388
pd-user_4433588
pd-user_747318
pd-user_1088751
pd-user_4933175
pd-user_6245412
pd-user_8837176
pd-user_4779566
pd-user_3301279
pd-user_452067
pd-user_8079679
pd-user_7872873
pd-user_5054088
pd-user_7571461
pd-user_9350606
pd-user_3068611
pd-user_9884125
pd-user_9947928
pd-user_2321421
pd-user_4415026
pd-user_3276029
pd-user_1255526
pd-user_5912024
pd-user_4534704
pd-user_2231113
pd-user_3720945
pd-user_7122196
pd-user_4287701
pd-user_89382
pd-user_1589440
pd-user_8609720
pd-user_5664894
pd-user_4557307
pd-user_6064243
pd-user_4265443
pd-user_2349826
pd-user_8065070
pd-user_4813537
pd-user_2501709
pd-user_9685598
pd-user_9077208
pd-user_208172
pd-user_5041727
pd-user_191643
pd-user_2796021
pd-user_5155869
pd-user_2206601
pd-user_2648145
pd-user_2878117
pd-user_6789810
pd-user_7621840
pd-user_1910465
pd-user_8433503
pd-user_8773440
pd-user_9003379
pd-user_1038829
pd-user_6081289
pd-user_997166
pd-user_210385
pd-user_4126300
pd-user_9973272
pd-user_827413
pd-user_4425744
pd-user_4219657
pd-user_8212418
pd-user_8375703
pd-user_9446680
pd-user_2448700
pd-user_8307910
pd-user_6023482
pd-user_921926
pd-user_2651779
pd-user_5640554
pd-user_5539201
pd-user_4793297
pd-user_1207579
pd-user_3477064
pd-user_2576902
pd-user_4786841
pd-user_7856143
pd-user_1508234
pd-user_9580677
pd-user_66547
pd-user_9067390
pd-user_8883738
pd-user_7786100
pd-user_1193406
pd-user_8999335
pd-user_8927
pd-user_752161
pd-user_7659552
pd-user_2823733
pd-user_4574077
pd-user_4588452
pd-user_4450542
pd-user_196951
pd-user_7730671
pd-user_3885032
pd-user_7566927
pd-user_2493995
pd-user_8676297
pd-user_1593897
pd-user_2582918
pd-user_9157712
pd-user_4969749
pd-user_983661
pd-user_647815
pd-user_7214715
pd-user_8578837
pd-user_3891254
pd-user_4785568
pd-user_3229986
pd-user_1052650
pd-user_4728039
pd-user_9950878
pd-user_8292610
pd-user_9644285
pd-user_9907562
pd-user_9551745
pd-user_1919279
pd-user_2417440
pd-user_7472164
pd-user_9902865
pd-user_924055
pd-user_2144989
pd-user_6700773
pd-user_675614
pd-user_3342440
pd-user_9835573
pd-user_4648054
pd-user_480278
pd-user_3386308
pd-user_1685357
pd-user_5898689
pd-user_3633938
pd-user_7284122
pd-user_5927098
pd-user_6767377
pd-user_7441718
pd-user_1596862
pd-user_1806596
pd-user_9617411
pd-user_4079805
pd-user_9923496
pd-user_4649961
pd-user_1409290
pd-user_5477746
pd-user_384156
pd-user_3860981
pd-user_666859
pd-user_9245442
pd-user_8667747
pd-user_3989889
pd-user_1031651
pd-user_8268438
pd-user_2073223
pd-user_9411168
pd-user_1806752
pd-user_1615255
pd-user_3272760
pd-user_1535616
pd-user_2340685
pd-user_6306033
pd-user_2272087
pd-user_5090507
pd-user_6900018
pd-user_4633429
pd-user_5043979
pd-user_9205102
pd-user_799075
pd-user_2871725
pd-user_8808036
pd-user_3204136
pd-user_6016480
pd-user_1468280
pd-user_2398930
pd-user_7628155
pd-user_5953186
pd-user_8192437
pd-user_404674
pd-user_1644012
pd-user_431600
pd-user_4883895
pd-user_1998581
pd-user_6309679
pd-user_7847919
pd-user_671786
pd-user_9034770
pd-user_3365958
pd-user_7524614
pd-user_4049636
pd-user_7410567
pd-user_3851835
pd-user_423770
pd-user_160951
pd-user_6815548
pd-user_3272631
pd-user_1409309
pd-user_4275397
pd-user_3765134
pd-user_7384326
pd-user_1917208
pd-user_6661337
pd-user_2502901
pd-user_3380873
pd-user_5174092
pd-user_5590665
pd-user_2586105
pd-user_131684
pd-user_3280108
pd-user_1758271
pd-user_7554779
pd-user_9330415
pd-user_7579545
pd-user_8543559
pd-user_6799537
pd-user_3625127
pd-user_9177475
pd-user_5590947
pd-user_6423465
pd-user_9679473
pd-user_6136935
pd-user_4999562
pd-user_3748484
pd-user_3359487
pd-user_8826260
pd-user_2153690
pd-user_4012512
pd-user_8946587
pd-user_2809471
pd-user_6595347
pd-user_4690180
pd-user_2967858
pd-user_4162632
pd-user_5780215
pd-user_8781427
pd-user_8404159
pd-user_9721073
pd-user_1253295
pd-user_9723109
pd-user_465969
pd-user_333172
pd-user_9558043
pd-user_5183294
pd-user_7546201
pd-user_9689241
pd-user_1780476
pd-user_4035403
pd-user_5823154
pd-user_9447967
pd-user_1676290
pd-user_9057285
pd-user_1230944
pd-user_5628342
pd-user_313300
pd-user_9074632
pd-user_3611991
pd-user_8274689
pd-user_3016053
pd-user_9746136
pd-user_4222822
pd-user_2331866
pd-user_1929225
pd-user_8242247
pd-user_6683405
pd-user_964136
pd-user_2493830
pd-user_5265294
pd-user_2728658
pd-user_6097533
pd-user_9077369
pd-user_4279197
pd-user_9492791
pd-user_1015848
pd-user_9177627
pd-user_2840104
pd-user_8764965
pd-user_4456847
pd-user_9641262
pd-user_2069535
pd-user_5909134
pd-user_1434036
pd-user_458515
pd-user_7091399
pd-user_5930401
pd-user_8176458
pd-user_2683581
pd-user_6537740
pd-user_2276690
pd-user_8707818
pd-user_9949719
pd-user_2970713
pd-user_5173862
pd-user_5427915
pd-user_1223844
pd-user_9401762
pd-user_1098978
pd-user_907670
pd-user_6318666
pd-user_745980
pd-user_6813418
pd-user_2218366
pd-user_9118354
pd-user_9702179
pd-user_5239017
pd-user_2477095
pd-user_4836111
pd-user_388500
pd-user_695996
pd-user_9995424
pd-user_9997757
pd-user_1332896
pd-user_2143925
pd-user_1732808
pd-user_6395531
pd-user_9533700
pd-user_6646227
pd-user_3645565
pd-user_1666709
pd-user_5415684
pd-user_3956017
pd-user_9090870
pd-user_936747
pd-user_3464178
pd-user_4287410
pd-user_8050301
pd-user_6292975
pd-user_8977056
pd-user_2586672
pd-user_2478630
pd-user_2019347
pd-user_5094994
pd-user_3014338
pd-user_7805502
pd-user_8440042
pd-user_1959903
pd-user_1405660
pd-user_450867
pd-user_8171095
pd-user_4479232
pd-user_5412337
pd-user_8178918
pd-user_2329661
pd-user_6316710
pd-user_2893798
pd-user_5221732
pd-user_9249844
pd-user_1796779
pd-user_1788400
pd-user_8804898
pd-user_2542906
pd-user_5756487
pd-user_7980309
pd-user_6994380
pd-user_9846974
pd-user_7443979
pd-user_5201367
pd-user_7566016
pd-user_5766544
pd-user_2314263
pd-user_6731211
pd-user_8443717
pd-user_2059958
pd-user_4113079
pd-user_4237099
pd-user_6810358
pd-user_6943042
pd-user_3569733
pd-user_7862404
pd-user_6252630
pd-user_4823212
pd-user_9200438
pd-user_5282949
pd-user_559123
pd-user_2372065
pd-user_6426463
pd-user_9526481
pd-user_4869813
pd-user_7176377
pd-user_246938
pd-user_9563405
pd-user_2250482
pd-user_87246
pd-user_9726318
pd-user_6923486
pd-user_1673636
pd-user_7991723
pd-user_6129986
pd-user_200997
pd-user_2284743
pd-user_5064620
pd-user_2487093
pd-user_6278766
pd-user_9827346
pd-user_3133512
pd-user_8145676
pd-user_4650350
pd-user_5177469
pd-user_4000249
pd-user_7395162
pd-user_7501345
pd-user_3401648
pd-user_6517765
pd-user_277438
pd-user_5256005
pd-user_1374128
pd-user_22945
pd-user_4601001
pd-user_82550
pd-user_3481728
pd-user_8723485
pd-user_9557899
pd-user_7174297
pd-user_9344670
pd-user_112884
pd-user_3224260
pd-user_9538839
pd-user_6465530
pd-user_1754851
pd-user_7870312
pd-user_2079862
pd-user_2435717
pd-user_304700
pd-user_5744175
pd-user_9965966
pd-user_1934020
pd-user_2625884
pd-user_7371579
pd-user_9432602
pd-user_9997797
pd-user_6671034
pd-user_9078801
pd-user_7772670
pd-user_3432767
pd-user_2232998
pd-user_7594752
pd-user_2600766
pd-user_1694624
pd-user_7016434
pd-user_7133523
pd-user_8954514
pd-user_9921736
pd-user_8486825
pd-user_5692707
pd-user_9565187
pd-user_4027263
pd-user_3876819
pd-user_6035857
pd-user_2339696
pd-user_5148999
pd-user_5337713
pd-user_2123873
pd-user_2258535
pd-user_9577357
pd-user_8898188
pd-user_8704092
pd-user_3462529
pd-user_8899593
pd-user_647539
pd-user_3492105
pd-user_3400638
pd-user_6616071
pd-user_1470906
pd-user_6326670
pd-user_5929875
pd-user_251922
pd-user_2195269
pd-user_1936921
pd-user_598222
pd-user_5226083
pd-user_705855
pd-user_2975787
pd-user_5699759
pd-user_7499159
pd-user_3239086
pd-user_4586764
pd-user_3936199
pd-user_7021388
pd-user_8829549
pd-user_8830579
pd-user_2433362
pd-user_7944795
pd-user_6950642
pd-user_5656928
pd-user_5396479
pd-user_9623922
pd-user_992015
pd-user_3469219
pd-user_4586736
pd-user_5767640
pd-user_5942774
pd-user_5361919
pd-user_2546108
pd-user_8508862
pd-user_2084122
pd-user_9195578
pd-user_3071406
pd-user_7631562
pd-user_2699178
pd-user_8154671
pd-user_3728706
pd-user_4090553
pd-user_2325322
pd-user_8461838
pd-user_2705410
pd-user_3743344
pd-user_275164
pd-user_5895376
pd-user_1674330
pd-user_8145684
pd-user_209909
pd-user_4499627
pd-user_9842420
pd-user_286205
pd-user_2455860
pd-user_8516410
pd-user_6287777
pd-user_6022084
pd-user_6034885
pd-user_1089451
pd-user_2823927
pd-user_1976396
pd-user_3283198
pd-user_3957638
pd-user_4019901
pd-user_3200970
pd-user_9471386
pd-user_5906776
pd-user_6880577
pd-user_1245363
pd-user_7094385
pd-user_1680771
pd-user_1442465
pd-user_206409
pd-user_552723
pd-user_7309709
pd-user_5786908
pd-user_2746206
pd-user_1142874
pd-user_2511439
pd-user_2378670
pd-user_898507
pd-user_2355510
pd-user_8914669
pd-user_9982645
pd-user_2841903
pd-user_9710155
pd-user_5960191
pd-user_2258866
pd-user_5672977
pd-user_8045475
pd-user_3304547
pd-user_6637508
pd-user_7200267
pd-user_7903978
pd-user_3431129
pd-user_5144161
pd-user_1134305
pd-user_126823
pd-user_2733786
pd-user_5775724
pd-user_4735828
pd-user_615695
pd-user_6902377
pd-user_6873956
pd-user_112568
pd-user_6524004
pd-user_4947334
pd-user_3201870
pd-user_9987033
pd-user_3775681
pd-user_5368081
pd-user_501209
pd-user_629071
pd-user_6150788
pd-user_1846191
pd-user_3988106
pd-user_9499600
pd-user_707695
pd-user_6934098
pd-user_8312930
pd-user_7926029
pd-user_4569868
pd-user_6698874
pd-user_1833823
pd-user_3001173
pd-user_4372444
pd-user_3390382
pd-user_5656646
pd-user_5341667
pd-user_4026319
pd-user_6681594
pd-user_1325227
pd-user_5664909
pd-user_2199078
pd-user_5905956
pd-user_2017268
pd-user_7941048
pd-user_4915171
pd-user_3277547
pd-user_7714342
pd-user_7139318
pd-user_1662611
pd-user_6931309
pd-user_4076157
pd-user_8969404
pd-user_5031267
pd-user_6919702
pd-user_5265925
pd-user_1074337
pd-user_3457225
pd-user_972373
pd-user_8292133
pd-user_9887501
pd-user_3784622
pd-user_2562615
pd-user_4557585
pd-user_9346155
pd-user_7958534
pd-user_2373955
pd-user_7138453
pd-user_5946802
pd-user_3894908
pd-user_9091161
pd-user_9161218
pd-user_4808031
pd-user_7679437
pd-user_5811387
pd-user_5008214
pd-user_1571638
pd-user_4502767
pd-user_9598942
pd-user_5376425
pd-user_9700908
pd-user_9946359
pd-user_4848989
pd-user_8917468
pd-user_4388886
pd-user_8626239
pd-user_6324810
pd-user_9330060
pd-user_1821490
pd-user_7685656
pd-user_7279273
pd-user_4836489
pd-user_5029568
pd-user_2899702
pd-user_499667
pd-user_9696011
pd-user_2642216
pd-user_3474602
pd-user_5950744
pd-user_4858212
pd-user_1267412
pd-user_3629483
pd-user_9829165
pd-user_8178982
pd-user_6442597
pd-user_4666161
pd-user_9002005
pd-user_5193620
pd-user_9949457
pd-user_1119674
pd-user_3336679
pd-user_2504877
pd-user_4857104
pd-user_6559853
pd-user_5230631
pd-user_5035358
pd-user_9213524
pd-user_9279553
pd-user_9773802
pd-user_8235754
pd-user_6349554
pd-user_7642094
pd-user_5535986
pd-user_9938406
pd-user_2759088
pd-user_7413798
pd-user_9631577
pd-user_137708
pd-user_4286235
pd-user_7501208
pd-user_4243193
pd-user_4829263
pd-user_8911546
pd-user_7228257
pd-user_9497821
pd-user_4457513
pd-user_3731393
pd-user_7460142
pd-user_3712925
pd-user_9720342
pd-user_4369457
pd-user_6084610
pd-user_8363498
pd-user_1950485
pd-user_1132305
pd-user_827033
pd-user_2797675
pd-user_3655595
pd-user_6063958
pd-user_5145635
pd-user_23184
pd-user_5190171
pd-user_5964830
pd-user_7566481
pd-user_9815582
pd-user_9422833
pd-user_2119793
pd-user_8814271
pd-user_9697445
pd-user_2926575
pd-user_6358980
pd-user_3427420
pd-user_1367702
pd-user_8794208
pd-user_4135671
pd-user_9679351
pd-user_3465465
pd-user_3937146
pd-user_3577059
pd-user_5077794
pd-user_8186020
pd-user_8315971
pd-user_7301040
pd-user_705623
pd-user_5418852
pd-user_8084266
pd-user_5556925
pd-user_3430090
pd-user_9698651
pd-user_5066120
pd-user_5314236
pd-user_2833493
pd-user_8858407
pd-user_5601730
pd-user_3317895
pd-user_9652699
pd-user_5561386
pd-user_20892
pd-user_8696363
pd-user_1084167
pd-user_1043982
pd-user_3433026
pd-user_118878
pd-user_8333471
pd-user_8362572
pd-user_8186403
pd-user_3513810
pd-user_5279594
pd-user_6217919
pd-user_1718222
pd-user_2985022
pd-user_9145286
pd-user_3599690
pd-user_768864
pd-user_8840849
pd-user_8908482
pd-user_1368477
pd-user_3442893
pd-user_6533602
pd-user_1143555
pd-user_9901449
pd-user_2636949
pd-user_1337680
pd-user_3496108
pd-user_6886420
pd-user_2506028
pd-user_5904486
pd-user_7037717
pd-user_6748227
pd-user_165526
pd-user_8526171
pd-user_665404
pd-user_2496573
pd-user_9885245
pd-user_3251175
pd-user_6401440
pd-user_6271013
pd-user_7585941
pd-user_2891773
pd-user_3383740
pd-user_2411503
pd-user_8486465
pd-user_8027551
pd-user_9882406
pd-user_8847312
pd-user_1456504
pd-user_1450939
pd-user_4052224
pd-user_9930205
pd-user_2977708
pd-user_9982157
pd-user_7321985
pd-user_7639936
pd-user_5127177
pd-user_3418345
pd-user_4543991
pd-user_8640788
pd-user_6861888
pd-user_3298956
pd-user_5918644
pd-user_4185746
pd-user_49459
pd-user_9428529
pd-user_276093
pd-user_6080656
pd-user_1236441
pd-user_6274970
pd-user_1637754
pd-user_2000389
pd-user_1741063
pd-user_9920465
pd-user_7413315
pd-user_9472731
pd-user_7928050
pd-user_7019408
pd-user_9818900
pd-user_2838053
pd-user_3111804
pd-user_1859916
pd-user_3417610
pd-user_2775350
pd-user_4093962
pd-user_6069910
pd-user_8871241
pd-user_7118549
pd-user_8287201
pd-user_1216740
pd-user_1836521
pd-user_6633792
pd-user_9956878
pd-user_9132515
pd-user_9179418
pd-user_7797382
pd-user_3046925
pd-user_5604305
pd-user_7817965
pd-user_7645172
pd-user_8108986
pd-user_3245889
pd-user_1234183
pd-user_666398
pd-user_5852747
pd-user_5082075
pd-user_7280036
pd-user_9312427
pd-user_3341507
pd-user_5129205
pd-user_8229979
pd-user_701698
pd-user_3840361
pd-user_5297643
pd-user_12315
pd-user_7358811
pd-user_2062037
pd-user_9142930
pd-user_3179049
pd-user_2291110
pd-user_6422223
pd-user_7476582
pd-user_2643248
pd-user_8731481
pd-user_883761
pd-user_2256942
pd-user_2001398
pd-user_8524359
pd-user_8089163
pd-user_3794880
pd-user_7160409
pd-user_6508662
pd-user_9230008
pd-user_9547257
pd-user_7336057
pd-user_965730
pd-user_6734900
pd-user_2300516
pd-user_441779
pd-user_8263170
pd-user_5353838
pd-user_3590041
pd-user_4018881
pd-user_9749902
pd-user_8759339
pd-user_8429147
pd-user_4305928
pd-user_4091302
pd-user_3458253
pd-user_3494277
pd-user_1221281
pd-user_7744135
pd-user_6055905
pd-user_7395893
pd-user_868813
pd-user_6703916
pd-user_318632
pd-user_3736076
pd-user_9650088
pd-user_2795803
pd-user_1974173
pd-user_9382857
pd-user_6124069
pd-user_6242342
pd-user_8055146
pd-user_4208244
pd-user_4617590
pd-user_5150598
pd-user_3770541
pd-user_7253052
pd-user_6109324
pd-user_8764652
pd-user_197376
pd-user_5150672
pd-user_7318824
pd-user_2588621
pd-user_9056300
pd-user_9521492
pd-user_7764208
pd-user_2429520
pd-user_3636553
pd-user_5672452
pd-user_3156797
pd-user_5173440
pd-user_4787582
pd-user_75970
pd-user_4913223
pd-user_151711
pd-user_3010909
pd-user_4339685
pd-user_8456883
pd-user_4393381
pd-user_213756
pd-user_9644499
pd-user_5970627
pd-user_5945436
pd-user_8752416
pd-user_6910946
pd-user_9374705
pd-user_4954726
pd-user_332678
pd-user_8255076
pd-user_5667383
pd-user_9998604
pd-user_8609122
pd-user_4675642
pd-user_1580478
pd-user_8906236
pd-user_5663341
pd-user_44310
pd-user_967968
pd-user_222562
pd-user_9701551
pd-user_4124530
pd-user_6913996
pd-user_5263153
pd-user_1034216
pd-user_9126148
pd-user_2098455
pd-user_6580063
pd-user_5327982
pd-user_7317785
pd-user_7014214
pd-user_643180
pd-user_9754745
pd-user_9404057
pd-user_7646723
pd-user_4113757
pd-user_8520019
pd-user_646601
pd-user_6286731
pd-user_8598332
pd-user_5963266
pd-user_8268197
pd-user_1492784
pd-user_9908356
pd-user_8068946
pd-user_6320699
pd-user_9386525
pd-user_6770529
pd-user_7567207
pd-user_3455013
pd-user_4501097
pd-user_4159167
pd-user_7642871
pd-user_3272950
pd-user_5098447
pd-user_8425564
pd-user_9384214
pd-user_7434525
pd-user_3145248
pd-user_3852253
pd-user_3693083
pd-user_5889815
pd-user_3085390
pd-user_1999088
pd-user_1207861
pd-user_2102460
pd-user_1544315
pd-user_9632893
pd-user_2553045
pd-user_7457909
pd-user_1076296
pd-user_164870
pd-user_9887143
pd-user_3850250
pd-user_8357442
pd-user_4638266
pd-user_9968463
pd-user_2102109
pd-user_7830820
pd-user_16904
pd-user_5419587
pd-user_599735
pd-user_21001
pd-user_4528610
pd-user_9040226
pd-user_6160391
pd-user_1109858
pd-user_6605641
pd-user_9377802
pd-user_2228875
pd-user_7092371
pd-user_7763573
pd-user_9866568
pd-user_7031654
pd-user_2052189
pd-user_4570637
pd-user_1413321
pd-user_1881069
pd-user_1324768
pd-user_201338
pd-user_7991444
pd-user_1228454
pd-user_3917082
pd-user_1074460
pd-user_779554
pd-user_4082314
pd-user_7409880
pd-user_8807945
pd-user_6062237
pd-user_6961082
pd-user_5113729
pd-user_9310567
pd-user_6811861
pd-user_5037329
pd-user_7361820
pd-user_3151002
pd-user_6490978
pd-user_9832330
pd-user_6812954
pd-user_7699398
pd-user_5462140
pd-user_3782367
pd-user_3627485
pd-user_5450794
pd-user_8654191
pd-user_4668947
pd-user_5434975
pd-user_5313225
pd-user_4807122
pd-user_1131467
pd-user_5043769
pd-user_9963792
pd-user_8051350
pd-user_7965272
pd-user_9037988
pd-user_4228333
pd-user_8873807
pd-user_7253770
pd-user_5803568
pd-user_8756441
pd-user_9589979
pd-user_216034
pd-user_6334433
pd-user_5470033
pd-user_8031843
pd-user_5898317
pd-user_5483184
pd-user_1098084
pd-user_710665
pd-user_4361034
pd-user_1836584
pd-user_53090
pd-user_3570804
pd-user_1376774
pd-user_7091367
pd-user_4750202
pd-user_8871135
pd-user_7472084
pd-user_8271791
pd-user_1271076
pd-user_9959627
pd-user_7937682
pd-user_8280234
pd-user_3931491
pd-user_8917200
pd-user_7922199
pd-user_9952184
pd-user_432345
pd-user_841375
pd-user_6232454
pd-user_9056729
pd-user_2176989
pd-user_7921950
pd-user_3715118
pd-user_2494632
pd-user_7882606
pd-user_5856981
pd-user_69514
pd-user_8613542
pd-user_5362285
pd-user_4927602
pd-user_1067376
pd-user_5436118
pd-user_3810741
pd-user_6649450
pd-user_274650
pd-user_470832
pd-user_8410555
pd-user_2017680
pd-user_2024393
pd-user_9594037
pd-user_4267875
pd-user_1262063
pd-user_6492765
pd-user_5778824
pd-user_5515677
pd-user_1326965
pd-user_4238737
pd-user_7865673
pd-user_9983950
pd-user_6289022
pd-user_2696082
pd-user_8722863
pd-user_3364600
pd-user_6735009
pd-user_5784755
pd-user_8493821
pd-user_6595500
pd-user_7530841
pd-user_6591675
pd-user_7828960
pd-user_2660374
pd-user_9896411
pd-user_6718098
pd-user_2608230
pd-user_4945742
pd-user_2139719
pd-user_1474372
pd-user_9098320
pd-user_4704598
pd-user_3847463
pd-user_2193911
pd-user_5678
pd-user_4896660
pd-user_7112937
pd-user_8157825
pd-user_4932729
pd-user_8418504
pd-user_9688918
pd-user_2502477
pd-user_4510837
pd-user_1094845
pd-user_2031720
pd-user_9533299
pd-user_2499683
pd-user_9497249
pd-user_7271401
pd-user_6810919
pd-user_6230964
pd-user_7268733
pd-user_84375
pd-user_1616773
pd-user_754415
pd-user_5044579
pd-user_5487051
pd-user_1067126
pd-user_8263433
pd-user_9036745
pd-user_7856010
pd-user_2243874
pd-user_8064380
pd-user_1982664
pd-user_3114143
pd-user_568087
pd-user_3333344
pd-user_4360476
pd-user_6649672
pd-user_322354
pd-user_6712816
pd-user_2001407
pd-user_466235
pd-user_5210890
pd-user_5715388
pd-user_9658014
pd-user_1848580
pd-user_5066078
pd-user_1407785
pd-user_1241436
pd-user_5526721
pd-user_2278814
pd-user_828378
pd-user_4271943
pd-user_9224400
pd-user_7270134
pd-user_3997050
pd-user_3239919
pd-user_783684
pd-user_4231082
pd-user_5384054
pd-user_2551007
pd-user_375505
pd-user_9142837
pd-user_8114706
pd-user_8507731
pd-user_5544765
pd-user_4432463
pd-user_7321970
pd-user_3091030
pd-user_3206414
pd-user_7088464
pd-user_3654633
pd-user_593893
pd-user_317725
pd-user_2902500
pd-user_6194347
pd-user_9759670
pd-user_2411055
pd-user_8261559
pd-user_3357536
pd-user_938290
pd-user_2630798
pd-user_6436529
pd-user_29478
pd-user_8240733
pd-user_90681
pd-user_8780841
pd-user_8252297
pd-user_9764209
pd-user_2243921
pd-user_7611895
pd-user_8207890
pd-user_6031771
pd-user_2146765
pd-user_3406757
pd-user_8950841
pd-user_8517245
pd-user_9683739
pd-user_858141
pd-user_7766547
pd-user_5299767
pd-user_6522286
pd-user_3425038
pd-user_402932
pd-user_6863589
pd-user_7719690
pd-user_6935594
pd-user_1093795
pd-user_3906081
pd-user_1217137
pd-user_3668796
pd-user_8342654
pd-user_1792173
pd-user_1448664
pd-user_2140197
pd-user_8611976
pd-user_6267791
pd-user_8233637
pd-user_6804880
pd-user_4711625
pd-user_1692063
pd-user_6098663
pd-user_799175
pd-user_2637901
pd-user_2929262
pd-user_6126699
pd-user_5862010
pd-user_8548894
pd-user_9001711
pd-user_8010914
pd-user_8883528
pd-user_4375540
pd-user_2419181
pd-user_2856187
pd-user_5892728
pd-user_9390879
pd-user_589267
pd-user_5980782
pd-user_9695694
pd-user_9066733
pd-user_4394379
pd-user_3618095
pd-user_258689
pd-user_6140153
pd-user_3730139
pd-user_7605620
pd-user_7079446
pd-user_7920248
pd-user_2855789
pd-user_4503652
pd-user_8157693
pd-user_1766710
pd-user_1784151
pd-user_6397964
pd-user_3544497
pd-user_3654716
pd-user_9082035
pd-user_800993
pd-user_7595059
pd-user_1967458
pd-user_7864562
pd-user_7909121
pd-user_7274900
pd-user_2917262
pd-user_8692281
pd-user_2390182
pd-user_7364169
pd-user_3849386
pd-user_4444719
pd-user_9611571
pd-user_9912339
pd-user_1288781
pd-user_294323
pd-user_8308440
pd-user_3564311
pd-user_210480
pd-user_2285717
pd-user_8320496
pd-user_4551236
pd-user_6621625
pd-user_2819362
pd-user_3331492
pd-user_9669362
pd-user_2415360
pd-user_4271969
pd-user_8851069
pd-user_9420771
pd-user_4167519
pd-user_5930102
pd-user_2279484
pd-user_1145916
pd-user_9998235
pd-user_8099359
pd-user_1554541
pd-user_9984253
pd-user_4047452
pd-user_7130540
pd-user_7038343
pd-user_7988086
pd-user_1846250
pd-user_2110156
pd-user_7643690
pd-user_7401547
pd-user_823160
pd-user_95287
pd-user_7694174
pd-user_7536080
pd-user_2306580
pd-user_4084926
pd-user_1559057
pd-user_5216899
pd-user_5635714
pd-user_844583
pd-user_5357555
pd-user_5346173
pd-user_9527804
pd-user_7938308
pd-user_207617
pd-user_3668894
pd-user_3048988
pd-user_702318
pd-user_6372134
pd-user_7653862
pd-user_2055764
pd-user_696470
pd-user_2293933
pd-user_3515430
pd-user_8260409
pd-user_7340597
pd-user_7203251
pd-user_5161851
pd-user_611343
pd-user_3493034
pd-user_5559540
pd-user_2888939
pd-user_7672344
pd-user_7490152
pd-user_3714662
pd-user_4880184
pd-user_5019253
pd-user_4945909
pd-user_3535916
pd-user_696165
pd-user_222542
pd-user_8879108
pd-user_3204873
pd-user_3601165
pd-user_5347146
pd-user_5494045
pd-user_6272726
pd-user_4092167
pd-user_554994
pd-user_6932573
pd-user_2444071
pd-user_4421810
pd-user_7072056
pd-user_7541906
pd-user_5709937
pd-user_419860
pd-user_2832250
pd-user_9582137
pd-user_8569351
pd-user_416852
pd-user_2343965
pd-user_9738426
pd-user_6676459
pd-user_8058313
pd-user_5318342
pd-user_2169460
pd-user_1833065
pd-user_2402657
pd-user_7955161
pd-user_9626715
pd-user_466496
pd-user_4059947
pd-user_875996
pd-user_5603131
pd-user_7644601
pd-user_439241
pd-user_5168529
pd-user_4170679
pd-user_7450406
pd-user_5314564
pd-user_8627078
pd-user_3734680
pd-user_533235
pd-user_5405832
pd-user_1371857
pd-user_8842721
pd-user_2384323
pd-user_5284663
pd-user_6506707
pd-user_8758299
pd-user_8437047
pd-user_97925
pd-user_8293595
pd-user_6184888
pd-user_6586821
pd-user_6331394
pd-user_9857409
pd-user_4256527
pd-user_4007154
pd-user_7199721
pd-user_7458451
pd-user_7704770
pd-user_9605510
pd-user_4315833
pd-user_6207112
pd-user_3926352
pd-user_5000333
pd-user_8359563
pd-user_3574174
pd-user_712193
pd-user_9613683
pd-user_1395487
pd-user_9792320
pd-user_4237093
pd-user_8070881
pd-user_7189772
pd-user_8258641
pd-user_3044798
pd-user_5459625
pd-user_2782317
pd-user_8350558
pd-user_8200805
pd-user_6731725
pd-user_7965528
pd-user_8088055
pd-user_8285379
pd-user_3297270
pd-user_8614773
pd-user_1970932
pd-user_9044196
pd-user_480757
pd-user_1876645
pd-user_8464022
pd-user_1174881
pd-user_5588348
pd-user_5391388
pd-user_5149446
pd-user_6619689
pd-user_9010877
pd-user_9909591
pd-user_9367682
pd-user_4142248
pd-user_7218713
pd-user_183409
pd-user_4210322
pd-user_4735791
pd-user_6656367
pd-user_7863013
pd-user_2456580
pd-user_8208273
pd-user_4806921
pd-user_3793986
pd-user_3401041
pd-user_3352091
pd-user_801166
pd-user_8498779
pd-user_9451012
pd-user_2383051
pd-user_2499841
pd-user_1279685
pd-user_2820247
pd-user_7214264
pd-user_312158
pd-user_6036339
pd-user_8355110
pd-user_3257804
pd-user_4441590
pd-user_9452253
pd-user_5754139
pd-user_8676947
pd-user_9423605
pd-user_5694490
pd-user_603591
pd-user_4543835
pd-user_5208114
pd-user_3909420
pd-user_7083299
pd-user_2186891
pd-user_7321600
pd-user_3851387
pd-user_6179183
pd-user_3985097
pd-user_8278346
pd-user_3936532
pd-user_7714046
pd-user_5767575
pd-user_8316268
pd-user_3288092
pd-user_2607388
pd-user_3736076
pd-user_8228657
pd-user_558080
pd-user_1051221
pd-user_2744606
pd-user_289945
pd-user_7870774
pd-user_6767631
pd-user_3883162
pd-user_2332357
pd-user_2040881
pd-user_3355494
pd-user_4540668
pd-user_3044529
pd-user_5254916
pd-user_5898473
pd-user_1322700
pd-user_4961152
pd-user_7987971
pd-user_735889
pd-user_5390857
pd-user_5530110
pd-user_2495692
pd-user_4533485
pd-user_9987748
pd-user_4177262
pd-user_4625096
pd-user_2107468
pd-user_7167071
pd-user_878253
pd-user_1890766
pd-user_9759443
pd-user_8970559
pd-user_3473456
pd-user_9069712
pd-user_181079
pd-user_7162391
pd-user_5587447
pd-user_3460223
pd-user_6235256
pd-user_5217563
pd-user_3424022
pd-user_1432891
pd-user_6721540
pd-user_5768040
pd-user_3233011
pd-user_7820306
pd-user_6014525
pd-user_6457016
pd-user_3076914
pd-user_4704462
pd-user_2216286
pd-user_5319393
pd-user_422447
pd-user_3401354
pd-user_4607380
pd-user_8494372
pd-user_1860578
pd-user_8718086
pd-user_6808235
pd-user_9241393
pd-user_878015
pd-user_2374659
pd-user_5657046
pd-user_8225375
pd-user_164579
pd-user_9802646
pd-user_8045195
pd-user_6228177
pd-user_7941736
pd-user_8207761
pd-user_5894319
pd-user_6292630
pd-user_2948600
pd-user_3543949
pd-user_9565194
pd-user_5825046
pd-user_2860279
pd-user_288243
pd-user_4223673
pd-user_5887497
pd-user_6620379
pd-user_5474525
pd-user_9986589
pd-user_4645576
pd-user_2598083
pd-user_9600010
pd-user_3026680
pd-user_6059242
pd-user_6256719
pd-user_5654057
pd-user_7050397
pd-user_3318277
pd-user_2060982
pd-user_8208160
pd-user_1835104
pd-user_5308775
pd-user_6187294
pd-user_7896644
pd-user_8557424
pd-user_5354313
pd-user_511969
pd-user_7698957
pd-user_6778604
pd-user_4931620
pd-user_4311432
pd-user_619934
pd-user_9953886
pd-user_5942218
pd-user_6999111
pd-user_9693233
pd-user_5627976
pd-user_325578
pd-user_5310894
pd-user_1955410
pd-user_8901321
pd-user_9709350
pd-user_6697262
pd-user_2421737
pd-user_4315961
pd-user_1139017
pd-user_2590052
pd-user_4500351
pd-user_4812834
pd-user_12125
pd-user_2024241
pd-user_6279219
pd-user_8792319
pd-user_3465103
pd-user_2548666
pd-user_5287120
pd-user_6675938
pd-user_6552647
pd-user_946949
pd-user_8675928
pd-user_9425028
pd-user_7877792
pd-user_3262526
pd-user_8563956
pd-user_8595189
pd-user_1766334
pd-user_9296315
pd-user_5395017
pd-user_7459256
pd-user_9687716
pd-user_7749943
pd-user_2468262
pd-user_9773197
pd-user_4763864
pd-user_6472988
pd-user_1415401
pd-user_1263135
pd-user_150266
pd-user_8140624
pd-user_4944059
pd-user_5934826
pd-user_2229210
pd-user_3257109
pd-user_1006692
pd-user_8926348
pd-user_1236095
pd-user_1470807
pd-user_2919656
pd-user_168089
pd-user_6836904
pd-user_8270649
pd-user_53580
pd-user_2274888
pd-user_3409397
pd-user_5836851
pd-user_1784159
pd-user_4699605
pd-user_8167834
pd-user_9398144
pd-user_1040525
pd-user_9353624
pd-user_1145084
pd-user_1993639
pd-user_84619
pd-user_3129592
pd-user_1218344
pd-user_4144170
pd-user_5008898
pd-user_2277455
pd-user_8261855
pd-user_169182
pd-user_1098107
pd-user_1304115
pd-user_5275977
pd-user_8050636
pd-user_9305323
pd-user_4759559
pd-user_6669871
pd-user_2229230
pd-user_3346941
pd-user_6993451
pd-user_5324444
pd-user_844195
pd-user_6542969
pd-user_1396197
pd-user_9534858
pd-user_1720337
pd-user_5677733
pd-user_4286337
pd-user_5599623
pd-user_7303003
pd-user_1329318
pd-user_6234696
pd-user_5545818
pd-user_3138399
pd-user_9156046
pd-user_8927720
pd-user_7961251
pd-user_8752945
pd-user_7184236
pd-user_2161479
pd-user_5567450
pd-user_8765915
pd-user_3367432
pd-user_8431973
pd-user_1091564
pd-user_6326378
pd-user_899395
pd-user_8937124
pd-user_5769838
pd-user_9147683
pd-user_228505
pd-user_8422389
pd-user_6836867
pd-user_7115068
pd-user_3158780
pd-user_1154365
pd-user_7953306
pd-user_1480103
pd-user_526536
pd-user_2656532
pd-user_9792521
pd-user_1687120
pd-user_428489
pd-user_6695751
pd-user_2647198
pd-user_1304181
pd-user_8248663
pd-user_6259695
pd-user_8746208
pd-user_3103085
pd-user_8800486
pd-user_5972021
pd-user_8439806
pd-user_3217245
pd-user_3598706
pd-user_8834903
pd-user_6087394
pd-user_756240
pd-user_2422206
pd-user_1978360
pd-user_490878
pd-user_6152696
pd-user_8153479
pd-user_4477345
pd-user_2549152
pd-user_4086487
pd-user_8775469
pd-user_9476418
pd-user_6166123
pd-user_6729487
pd-user_4647229
pd-user_8578583
pd-user_2243552
pd-user_3277094
pd-user_2151351
pd-user_7263326
pd-user_7145965
pd-user_5590874
pd-user_5686391
pd-user_2067639
pd-user_3572118
pd-user_6507722
pd-user_7022080
pd-user_5061335
pd-user_802860
pd-user_3966436
pd-user_6722823
pd-user_6825183
pd-user_8748541
pd-user_5232344
pd-user_2514453
pd-user_7419474
pd-user_4892973
pd-user_8324845
pd-user_2417109
pd-user_8585866
pd-user_1404403
pd-user_6238303
pd-user_805385
pd-user_5487920
pd-user_9769869
pd-user_4807299
pd-user_971657
pd-user_6966989
pd-user_6276883
pd-user_4779284
pd-user_4754597
pd-user_6779043
pd-user_9156918
pd-user_2389499
pd-user_6108042
pd-user_2650331
pd-user_736623
pd-user_3177512
pd-user_3680564
pd-user_758757
pd-user_2925622
pd-user_303972
pd-user_9670317
pd-user_9832695
pd-user_164230
pd-user_2984577
pd-user_3458114
pd-user_2391942
pd-user_8837923
pd-user_5839031
pd-user_5372130
pd-user_2104708
pd-user_9778172
pd-user_6660410
pd-user_153817
pd-user_9813058
pd-user_6542454
pd-user_5052569
pd-user_8779859
pd-user_9732950
pd-user_2135334
pd-user_2907296
pd-user_5961674
pd-user_66868
pd-user_2382937
pd-user_2513728
pd-user_6808643
pd-user_4978064
pd-user_9273883
pd-user_1304080
pd-user_7436685
pd-user_3940183
pd-user_4086085
pd-user_4142444
pd-user_4379892
pd-user_8983893
pd-user_8628929
pd-user_1450846
pd-user_6352419
pd-user_870955
pd-user_3464463
pd-user_9812614
pd-user_7392792
pd-user_4967028
pd-user_8243266
pd-user_3057564
pd-user_3276575
pd-user_2098657
pd-user_4835804
pd-user_6429276
pd-user_7967872
pd-user_5762510
pd-user_5227942
pd-user_7479059
pd-user_7252432
pd-user_8145659
pd-user_330354
pd-user_4051653
pd-user_436054
pd-user_8951222
pd-user_9694633
pd-user_4812696
pd-user_7797409
pd-user_7267884
pd-user_32894
pd-user_457528
pd-user_2475428
pd-user_5693944
pd-user_7953612
pd-user_1303651
pd-user_424344
pd-user_5133545
pd-user_9602265
pd-user_8465165
pd-user_2365076
pd-user_9846132
pd-user_6496760
pd-user_507539
pd-user_7259067
pd-user_531357
pd-user_2038110
pd-user_8297551
pd-user_7620705
pd-user_6501105
pd-user_2990177
pd-user_747551
pd-user_7116742
pd-user_6877414
pd-user_280055
pd-user_2863273
pd-user_1689147
pd-user_7302514
pd-user_7295327
pd-user_8966454
pd-user_5042519
pd-user_9469960
pd-user_4711666
pd-user_458580
pd-user_5001202
pd-user_1881452
pd-user_6069583
pd-user_6982367
pd-user_8555270
pd-user_3058299
pd-user_9479560
pd-user_1948429
pd-user_8444814
pd-user_6456209
pd-user_6138682
pd-user_6521518
pd-user_2153256
pd-user_7991012
pd-user_9516015
pd-user_1421624
pd-user_1214776
pd-user_8772120
pd-user_495585
pd-user_472841
pd-user_9464164
pd-user_7760766
pd-user_7401847
pd-user_5767706
pd-user_1493328
pd-user_3064222
pd-user_9720733
pd-user_3456416
pd-user_3904847
pd-user_9633881
pd-user_6275925
pd-user_6990326
pd-user_7977732
pd-user_3446086
pd-user_219613
pd-user_6556910
pd-user_1525496
pd-user_5293605
pd-user_3996424
pd-user_5181648
pd-user_480744
pd-user_7437761
pd-user_6372796
pd-user_7677815
pd-user_232167
pd-user_7360215
pd-user_3325248
pd-user_3455458
pd-user_5102320
pd-user_7600759
pd-user_5004981
pd-user_7268321
pd-user_9226416
pd-user_4997023
pd-user_6369366
pd-user_920402
pd-user_9582715
pd-user_6306104
pd-user_986080
pd-user_992355
pd-user_5896978
pd-user_9381620
pd-user_464301
pd-user_184776
pd-user_9182263
pd-user_5462552
pd-user_2047951
pd-user_6655375
pd-user_1582500
pd-user_27797
pd-user_1517091
pd-user_5360465
pd-user_6006593
pd-user_4259801
pd-user_7679168
pd-user_1222491
pd-user_716086
pd-user_5895421
pd-user_8583449
pd-user_8174330
pd-user_1644865
pd-user_8564150
pd-user_4003918
pd-user_2879733
pd-user_8272195
pd-user_719996
pd-user_3859236
pd-user_7350123
pd-user_4357939
pd-user_7778029
pd-user_7184835
pd-user_1561589
pd-user_5409727
pd-user_3833914
pd-user_5070266
pd-user_6070256
pd-user_7851596
pd-user_172897
pd-user_4726909
pd-user_9836669
pd-user_1954011
pd-user_6389015
pd-user_6171146
pd-user_5695427
pd-user_6831792
pd-user_1796730
pd-user_389804
pd-user_9942347
pd-user_3153988
pd-user_3494541
pd-user_3718952
pd-user_9342910
pd-user_9874464
pd-user_3134088
pd-user_4288561
pd-user_6942992
pd-user_4645073
pd-user_4557486
pd-user_5956607
pd-user_4142129
pd-user_1990311
pd-user_4869754
pd-user_1084592
pd-user_12404
pd-user_2937986
pd-user_9894182
pd-user_7638945
pd-user_1457025
pd-user_503790
pd-user_9239220
pd-user_7695380
pd-user_6235076
pd-user_2595785
pd-user_4578697
pd-user_900602
pd-user_3157593
pd-user_8943551
pd-user_9858987
pd-user_7960793
pd-user_5940179
pd-user_1058776
pd-user_5317578
pd-user_3470638
pd-user_2582656
pd-user_4216598
pd-user_5949047
pd-user_6283865
pd-user_1178546
pd-user_4844656
pd-user_1820234
pd-user_2709814
pd-user_7811685
pd-user_7544474
pd-user_6117876
pd-user_6327967
pd-user_9641652
pd-user_3309695
pd-user_1881409
pd-user_6163608
pd-user_7796238
pd-user_9220152
pd-user_9972437
pd-user_5839869
pd-user_9677870
pd-user_3576751
pd-user_806086
pd-user_7104472
pd-user_5026879
pd-user_4019989
pd-user_4329888
pd-user_3463274
pd-user_7280192
pd-user_1243209
pd-user_5738547
pd-user_5809696
pd-user_5376430
pd-user_1312174
pd-user_5046493
pd-user_7898472
pd-user_8659513
pd-user_8430203
pd-user_7098780
pd-user_1510143
pd-user_8909353
pd-user_5628592
pd-user_5908402
pd-user_4207592
pd-user_3048692
pd-user_1645369
pd-user_5079330
pd-user_5278893
pd-user_9210956
pd-user_8916335
pd-user_8837918
pd-user_8959768
pd-user_6258766
pd-user_6393968
pd-user_8068132
pd-user_2011014
pd-user_4929295
pd-user_2359270
pd-user_4762211
pd-user_3356001
pd-user_6318571
pd-user_8694906
pd-user_2085582
pd-user_3890646
pd-user_1226374
pd-user_3466295
pd-user_2857886
pd-user_156592
pd-user_9763499
pd-user_572831
pd-user_7303039
pd-user_1503795
pd-user_3143501
pd-user_2756935
pd-user_2879042
pd-user_8067637
pd-user_2798986
pd-user_2667509
pd-user_9869864
pd-user_6219209
pd-user_2080413
pd-user_5485148
pd-user_7073230
pd-user_3374044
pd-user_9111873
pd-user_7017085
pd-user_3014992
pd-user_5681062
pd-user_6993458
pd-user_6260138
pd-user_5676700
pd-user_8418471
pd-user_6882288
pd-user_5456551
pd-user_1388593
pd-user_9324873
pd-user_1604475
pd-user_3140767
pd-user_6103657
pd-user_686453
pd-user_7935468
pd-user_9580303
pd-user_4593824
pd-user_7261165
pd-user_8616813
pd-user_7875250
pd-user_7745346
pd-user_2447129
pd-user_6536296
pd-user_5709411
pd-user_1470931
pd-user_2065691
pd-user_3916820
pd-user_8152483
pd-user_6858308
pd-user_5217657
pd-user_5963814
pd-user_3569614
pd-user_2144803
pd-user_4012712
pd-user_9863926
pd-user_1034004
pd-user_9897139
pd-user_7111625
pd-user_9522637
pd-user_7843006
pd-user_4099752
pd-user_11970
pd-user_9852903
pd-user_5738981
pd-user_9381655
pd-user_5695991
pd-user_945414
pd-user_1514911
pd-user_9563845
pd-user_8125378
pd-user_1261365
pd-user_6597832
pd-user_9502685
pd-user_5842933
pd-user_5409109
pd-user_854165
pd-user_743439
pd-user_8846944
pd-user_5927819
pd-user_2032463
pd-user_8297378
pd-user_5337691
pd-user_402198
pd-user_6465600
pd-user_3112832
pd-user_6973389
pd-user_5083201
pd-user_4968240
pd-user_6627205
pd-user_9998823
pd-user_3865803
pd-user_4906757
pd-user_4546765
pd-user_7344893
pd-user_4410001
pd-user_2967864
pd-user_5360176
pd-user_4728965
pd-user_3372480
pd-user_5161922
pd-user_211910
pd-user_2939647
pd-user_7857292
pd-user_7724052
pd-user_8876321
pd-user_4299480
pd-user_958068
pd-user_4209940
pd-user_2196045
pd-user_864207
pd-user_4888948
pd-user_6811069
pd-user_3226947
pd-user_2111503
pd-user_5474485
pd-user_6544106
pd-user_1015531
pd-user_5438953
pd-user_6314838
pd-user_5759392
pd-user_4807993
pd-user_6512011
pd-user_9003462
pd-user_3776586
pd-user_4952791
pd-user_1383545
pd-user_4015067
pd-user_1709109
pd-user_201069
pd-user_6996176
pd-user_5102640
pd-user_4844640
pd-user_5529193
pd-user_1057647
pd-user_4100744
pd-user_777888
pd-user_5127985
pd-user_5140478
pd-user_6517799
pd-user_4770519
pd-user_8397927
pd-user_8634647
pd-user_6239227
pd-user_15176
pd-user_6778273
pd-user_1979626
pd-user_5457632
pd-user_1653668
pd-user_1168136
pd-user_323396
pd-user_3974521
pd-user_3208206
pd-user_3037290
pd-user_1585906
pd-user_5531055
pd-user_5545350
pd-user_7537537
pd-user_1076471
pd-user_7611880
pd-user_6733574
pd-user_3090631
pd-user_3095597
pd-user_434864
pd-user_4469104
pd-user_6923420
pd-user_5826860
pd-user_5504848
pd-user_7943514
pd-user_4428098
pd-user_3566570
pd-user_9297766
pd-user_7163762
pd-user_5134440
pd-user_2505412
pd-user_7897281
pd-user_9125601
pd-user_9985163
pd-user_7162407
pd-user_1826750
pd-user_4442225
pd-user_4196220
pd-user_4289267
pd-user_9534593
pd-user_1774886
pd-user_7491335
pd-user_5485128
pd-user_5632061
pd-user_3668300
pd-user_4220428
pd-user_8458574
pd-user_5977962
pd-user_5441333
pd-user_2386666
pd-user_3046902
pd-user_3514341
pd-user_7070017
pd-user_6071834
pd-user_5112334
pd-user_7820712
pd-user_3136674
pd-user_8053864
pd-user_1681369
pd-user_7046792
pd-user_6662113
pd-user_6205364
pd-user_6748792
pd-user_6058676
pd-user_900825
pd-user_3812330
pd-user_9028332
pd-user_6670894
pd-user_5973871
pd-user_2515078
pd-user_4895937
pd-user_3860914
pd-user_544767
pd-user_1028972
pd-user_9428579
pd-user_8427127
pd-user_5731397
pd-user_5918346
pd-user_2260034
pd-user_3213747
pd-user_1681656
pd-user_8482616
pd-user_1968909
pd-user_3584605
pd-user_1231068
pd-user_5417611
pd-user_4064410
pd-user_828546
pd-user_5421494
pd-user_6770525
pd-user_6671308
pd-user_6230986
pd-user_7043620
pd-user_2412526
pd-user_1993331
pd-user_9619333
pd-user_9155309
pd-user_9782961
pd-user_4168341
pd-user_1822598
pd-user_8918190
pd-user_2228392
pd-user_4009259
pd-user_3287233
pd-user_5380703
pd-user_9076326
pd-user_4580390
pd-user_3611692
pd-user_7426318
pd-user_5369918
pd-user_5297416
pd-user_8843257
pd-user_1302328
pd-user_1891972
pd-user_1033937
pd-user_3543351
pd-user_3104828
pd-user_8466347
pd-user_1773639
pd-user_4274084
pd-user_9269304
pd-user_1710671
pd-user_2731824
pd-user_1962610
pd-user_4659781
pd-user_1869669
pd-user_2399130
pd-user_1601159
pd-user_3367988
pd-user_2447974
pd-user_2990816
pd-user_4921946
pd-user_8833816
pd-user_1619529
pd-user_4573872
pd-user_7795437
pd-user_2652342
pd-user_3877601
pd-user_7512564
pd-user_3512120
pd-user_8681484
pd-user_1186915
pd-user_3413344
pd-user_7757430
pd-user_4459902
pd-user_6850116
pd-user_1158267
pd-user_1195165
pd-user_2077537
pd-user_9662528
pd-user_3467474
pd-user_4440342
pd-user_1730238
pd-user_9439472
pd-user_6837092
pd-user_6770028
pd-user_5355885
pd-user_1218374
pd-user_1618670
pd-user_1022866
pd-user_3508410
pd-user_612438
pd-user_2857714
pd-user_3830498
pd-user_994850
pd-user_3230353
pd-user_6228812
pd-user_2061056
pd-user_7667580
pd-user_7510876
pd-user_4149085
pd-user_6089220
pd-user_4031525
pd-user_4200442
pd-user_5985644
pd-user_6389444
pd-user_4666403
pd-user_830610
pd-user_7391282
pd-user_6828700
pd-user_7015888
pd-user_185203
pd-user_4338952
pd-user_153859
pd-user_6038943
pd-user_7098055
pd-user_1170474
pd-user_523420
pd-user_8781637
pd-user_4534242
pd-user_6729116
pd-user_5872289
pd-user_937643
pd-user_104985
pd-user_3488635
pd-user_8875884
pd-user_5868249
pd-user_4460619
pd-user_9375065
pd-user_8352519
pd-user_4367816
pd-user_1650638
pd-user_2568125
pd-user_3178845
pd-user_4606749
pd-user_2054541
pd-user_305204
pd-user_20639
pd-user_1671008
pd-user_255677
pd-user_6430861
pd-user_3009869
pd-user_6809067
pd-user_8788068
pd-user_2462090
pd-user_4474835
pd-user_5208630
pd-user_8135361
pd-user_7306952
pd-user_9522749
pd-user_7142297
pd-user_7668959
pd-user_2571192
pd-user_3359446
pd-user_6309388
pd-user_8433074
pd-user_1774342
pd-user_4449365
pd-user_4613052
pd-user_1162707
pd-user_3335480
pd-user_4570033
pd-user_5250070
pd-user_8123326
pd-user_6326062
pd-user_9799430
pd-user_8515669
pd-user_8696057
pd-user_4757873
pd-user_1904202
pd-user_884523
pd-user_3354463
pd-user_111142
pd-user_3364941
pd-user_1848644
pd-user_1080734
pd-user_6400004
pd-user_2891781
pd-user_6088044
pd-user_3655997
pd-user_2277044
pd-user_578006
pd-user_2748493
pd-user_2700235
pd-user_8371798
pd-user_1132010
pd-user_8604589
pd-user_1767248
pd-user_8231307
pd-user_6129246
pd-user_9286862
pd-user_2182836
pd-user_2311961
pd-user_7990878
pd-user_4969188
pd-user_3395271
pd-user_3009876
pd-user_1119884
pd-user_1758942
pd-user_4028629
pd-user_9534634
pd-user_1336054
pd-user_5600161
pd-user_9422933
pd-user_9204820
pd-user_8641698
pd-user_7164104
pd-user_3489594
pd-user_5493796
pd-user_8623020
pd-user_2383048
pd-user_7326083
pd-user_9007997
pd-user_5969767
pd-user_966714
pd-user_7555790
pd-user_8374369
pd-user_5907762
pd-user_6654457
pd-user_481019
pd-user_2541893
pd-user_157162
pd-user_580194
pd-user_6399386
pd-user_2267635
pd-user_6178043
pd-user_1099983
pd-user_4359734
pd-user_2927711
pd-user_7212694
pd-user_1691691
pd-user_3898311
pd-user_2524846
pd-user_4472591
pd-user_6762744
pd-user_711368
pd-user_4480785
pd-user_8214160
pd-user_3436014
pd-user_3420841
pd-user_3065164
pd-user_4395706
pd-user_253641
pd-user_2609049
pd-user_3204517
pd-user_6926867
pd-user_6430508
pd-user_6617514
pd-user_5516025
pd-user_457003
pd-user_8452113
pd-user_2096818
pd-user_1651470
pd-user_1430787
pd-user_5677712
pd-user_538010
pd-user_6845902
pd-user_5231270
pd-user_3525308
pd-user_9408123
pd-user_7976585
pd-user_2879172
pd-user_9588205
pd-user_673686
pd-user_4262134
pd-user_5722536
pd-user_55175
pd-user_6971790
pd-user_7945143
pd-user_4168183
pd-user_8703237
pd-user_6111802
pd-user_2442429
pd-user_5937150
pd-user_4056073
pd-user_468197
pd-user_9874221
pd-user_8446153
pd-user_5417796
pd-user_348809
pd-user_5466337
pd-user_6948376
pd-user_5624116
pd-user_3152786
pd-user_2523770
pd-user_5209783
pd-user_7097570
pd-user_8225125
pd-user_4885166
pd-user_9822729
pd-user_1239910
pd-user_2581518
pd-user_1075941
pd-user_2357868
pd-user_4953775
pd-user_8570067
pd-user_2402113
pd-user_4728287
pd-user_6984564
pd-user_474109
pd-user_3843259
pd-user_5060215
pd-user_390253
pd-user_896779
pd-user_5431425
pd-user_5853820
pd-user_563481
pd-user_4060256
pd-user_2013242
pd-user_7276711
pd-user_6267323
pd-user_7858751
pd-user_2042234
pd-user_7354798
pd-user_1166620
pd-user_1065823
pd-user_6376519
pd-user_8407754
pd-user_4436750
pd-user_9114308
pd-user_5535232
pd-user_8788744
pd-user_7146243
pd-user_9039452
pd-user_5853248
pd-user_5671889
pd-user_2286818
pd-user_7528308
pd-user_453817
pd-user_1863093
pd-user_6324338
pd-user_5950270
pd-user_3452463
pd-user_6315438
pd-user_8363569
pd-user_6101389
pd-user_1205033
pd-user_7442288
pd-user_9724461
pd-user_5082337
pd-user_8428581
pd-user_9895755
pd-user_7671738
pd-user_9551610
pd-user_6407863
pd-user_3393088
pd-user_3601590
pd-user_8357754
pd-user_1573366
pd-user_5047189
pd-user_6772327
pd-user_3968194
pd-user_9067345
pd-user_1462984
pd-user_4230171
pd-user_245880
pd-user_6286290
pd-user_5341347
pd-user_487873
pd-user_263370
pd-user_5279436
pd-user_7407925
pd-user_8078872
pd-user_376606
pd-user_9280466
pd-user_969291
pd-user_6539106
pd-user_3330136
pd-user_5464123
pd-user_6639376
pd-user_1394227
pd-user_4384518
pd-user_5707918
pd-user_2694018
pd-user_6113296
pd-user_2852485
pd-user_4222753
pd-user_3129945
pd-user_745536
pd-user_2140448
pd-user_8850084
pd-user_6729957
pd-user_4791288
pd-user_4885754
pd-user_9756363
pd-user_1150298
pd-user_359251
pd-user_3938209
pd-user_2532709
pd-user_2773152
pd-user_6958592
pd-user_2012201
pd-user_7093543
pd-user_7948534
pd-user_3173153
pd-user_5195813
pd-user_6100712
pd-user_6420866
pd-user_9388442
pd-user_3721219
pd-user_7876300
pd-user_1062295
pd-user_1159903
pd-user_5479586
pd-user_4985006
pd-user_7696056
pd-user_4435214
pd-user_827595
pd-user_5716151
pd-user_8480706
pd-user_5592138
pd-user_8882402
pd-user_5541734
pd-user_1657749
pd-user_8996792
pd-user_1768353
pd-user_6195211
pd-user_2797671
pd-user_596428
pd-user_3972472
pd-user_9718813
pd-user_1033336
pd-user_3807648
pd-user_8340787
pd-user_652992
pd-user_2746497
pd-user_5769300
pd-user_8393862
pd-user_9521739
pd-user_6151711
pd-user_7518506
pd-user_1289974
pd-user_3333021
pd-user_3256584
pd-user_1947128
pd-user_4844331
pd-user_57241
pd-user_2181847
pd-user_3038544
pd-user_9992125
pd-user_2791075
pd-user_7397489
pd-user_3223344
pd-user_4411171
pd-user_2819056
pd-user_1725099
pd-user_6362283
pd-user_733280
pd-user_9052544
pd-user_1419990
pd-user_7892415
pd-user_5984991
pd-user_5295095
pd-user_5083842
pd-user_9178401
pd-user_8918250
pd-user_5709715
pd-user_6196577
pd-user_1569786
pd-user_5935184
pd-user_1490849
pd-user_1987675
pd-user_8021246
pd-user_4397355
pd-user_2251079
pd-user_282056
pd-user_6095838
pd-user_5394314
pd-user_4212208
pd-user_6676810
pd-user_9757580
pd-user_3794473
pd-user_4316554
pd-user_7569708
pd-user_8531775
pd-user_5510903
pd-user_9718175
pd-user_6472206
pd-user_2748321
pd-user_1010154
pd-user_7162170
pd-user_3915627
pd-user_3372377
pd-user_5730735
pd-user_3977752
pd-user_6103685
pd-user_5847348
pd-user_2752108
pd-user_7290691
pd-user_523252
pd-user_4667922
pd-user_716776
pd-user_8310552
pd-user_6687349
pd-user_7347809
pd-user_9270154
pd-user_3212906
pd-user_280592
pd-user_7403048
pd-user_1874122
pd-user_9704357
pd-user_8452741
pd-user_9165941
pd-user_1214032
pd-user_4282438
pd-user_3124248
pd-user_7937710
pd-user_7088417
pd-user_478836
pd-user_7406628
pd-user_42124
pd-user_492373
pd-user_1628665
pd-user_450343
pd-user_9643334
pd-user_2765769
pd-user_5308437
pd-user_1995901
pd-user_3503921
pd-user_5758218
pd-user_1193192
pd-user_1279352
pd-user_6505765
pd-user_9961619
pd-user_9211861
pd-user_427905
pd-user_7938449
pd-user_5585960
pd-user_9247062
pd-user_195514
pd-user_6234821
pd-user_8137199
pd-user_6496986
pd-user_5045613
pd-user_2355367
pd-user_6717928
pd-user_9713304
pd-user_813079
pd-user_4078317
pd-user_7901547
pd-user_5314598
pd-user_5483551
pd-user_698513
pd-user_2754239
pd-user_6038733
pd-user_9372740
pd-user_3817489
pd-user_1851330
pd-user_5168000
pd-user_9472224
pd-user_362579
pd-user_4935921
pd-user_5713149
pd-user_8454378
pd-user_870264
pd-user_9657483
pd-user_952985
pd-user_2213703
pd-user_6881974
pd-user_2500701
pd-user_3374664
pd-user_7301951
pd-user_5032708
pd-user_1602672
pd-user_2448781
pd-user_9338105
pd-user_5953786
pd-user_8952015
pd-user_7169450
pd-user_988404
pd-user_4523830
pd-user_893079
pd-user_3127750
pd-user_9863245
pd-user_1994429
pd-user_1426481
pd-user_6177671
pd-user_6855966
pd-user_7599095
pd-user_2769864
pd-user_47403
pd-user_2895640
pd-user_5918328
pd-user_6376199
pd-user_974750
pd-user_9841794
pd-user_5261671
pd-user_612386
pd-user_4284549
pd-user_1122124
pd-user_7405457
pd-user_6484269
pd-user_499662
pd-user_2233289
pd-user_5525813
pd-user_2068387
pd-user_5791953
pd-user_453917
pd-user_6613469
pd-user_2233479
pd-user_3092763
pd-user_4157994
pd-user_9271285
pd-user_6359072
pd-user_403318
pd-user_1051174
pd-user_2752182
pd-user_4164553
pd-user_277678
pd-user_3931219
pd-user_6579060
pd-user_3653300
pd-user_8872848
pd-user_2521998
pd-user_3932632
pd-user_6709926
pd-user_3520577
pd-user_9263892
pd-user_8109777
pd-user_2974364
pd-user_5241704
pd-user_2754563
pd-user_4323748
pd-user_9453804
pd-user_1984772
pd-user_8292497
pd-user_8571060
pd-user_5244911
pd-user_4821072
pd-user_3813335
pd-user_5701775
pd-user_9593860
pd-user_6593230
pd-user_4557436
pd-user_8938427
pd-user_5888383
pd-user_2704771
pd-user_8472009
pd-user_7700930
pd-user_8043262
pd-user_5671792
pd-user_4677280
pd-user_7553397
pd-user_5984353
pd-user_8521163
pd-user_6455969
pd-user_9670399
pd-user_3332858
pd-user_2844599
pd-user_9030454
pd-user_9781924
pd-user_3822130
pd-user_634145
pd-user_9547544
pd-user_9963637
pd-user_6804553
pd-user_3966352
pd-user_8467271
pd-user_8375890
pd-user_643386
pd-user_9726255
pd-user_5020383
pd-user_2108493
pd-user_8628259
pd-user_1507475
pd-user_39109
pd-user_3046861
pd-user_167452
pd-user_571644
pd-user_2969233
pd-user_3833828
pd-user_6080848
pd-user_9519412
pd-user_6613151
pd-user_1184040
pd-user_534061
pd-user_9474407
pd-user_1817802
pd-user_6200514
pd-user_9789555
pd-user_1050821
pd-user_2876141
pd-user_1872528
pd-user_929186
pd-user_4168629
pd-user_2779096
pd-user_4730779
pd-user_6061799
pd-user_6596029
pd-user_7330908
pd-user_4626017
pd-user_3489492
pd-user_9484838
pd-user_3336855
pd-user_9393906
pd-user_5196236
pd-user_8456162
pd-user_3608617
pd-user_584928
pd-user_1653610
pd-user_5494033
pd-user_5430089
pd-user_8823569
pd-user_8307529
pd-user_9969642
pd-user_5933973
pd-user_7785547
pd-user_1973767
pd-user_7856949
pd-user_4466150
pd-user_7142882
pd-user_7222601
pd-user_1758605
pd-user_2460226
pd-user_4224043
pd-user_9809529
pd-user_3933331
pd-user_4100997
pd-user_88110
pd-user_3666293
pd-user_2244464
pd-user_2153239
pd-user_6864543
pd-user_7243141
pd-user_2951529
pd-user_7954911
pd-user_8093095
pd-user_3491436
pd-user_8388963
pd-user_2359628
pd-user_4061807
pd-user_586634
pd-user_7135940
pd-user_3889577
pd-user_3217467
pd-user_722935
pd-user_2383558
pd-user_2901302
pd-user_9902539
pd-user_2842884
pd-user_4928478
pd-user_8975516
pd-user_8120331
pd-user_2236496
pd-user_1435965
pd-user_1774997
pd-user_7983513
pd-user_4197517
pd-user_4278188
pd-user_7292968
pd-user_2374999
pd-user_8197525
pd-user_6774030
pd-user_5532780
pd-user_7185259
pd-user_2766473
pd-user_819835
pd-user_7320320
pd-user_9546255
pd-user_5778493
pd-user_9682990
pd-user_7680830
pd-user_7663172
pd-user_4716753
pd-user_1145130
pd-user_3034854
pd-user_5877389
pd-user_2575643
pd-user_9887069
pd-user_664890
pd-user_6056499
pd-user_3909609
pd-user_1229206
pd-user_8607600
pd-user_1000646
pd-user_1976857
pd-user_1623084
pd-user_442700
pd-user_190701
pd-user_8717287
pd-user_495474
pd-user_5128235
pd-user_21392
pd-user_9274227
pd-user_1039000
pd-user_7079253
pd-user_4763464
pd-user_2234674
pd-user_9918717
pd-user_8311114
pd-user_6379424
pd-user_997573
pd-user_1854418
pd-user_7690349
pd-user_1063400
pd-user_1522532
pd-user_1868776
pd-user_8606534
pd-user_3382867
pd-user_1958050
pd-user_7405626
pd-user_2584636
pd-user_6875228
pd-user_5666750
pd-user_1202714
pd-user_3024953
pd-user_7011493
pd-user_1511146
pd-user_9595811
pd-user_4165860
pd-user_8547497
pd-user_3999484
pd-user_1494305
pd-user_9108603
pd-user_8298381
pd-user_6947925
pd-user_6502276
pd-user_5961674
pd-user_4129113
pd-user_8856447
pd-user_8266003
pd-user_2880565
pd-user_2305696
pd-user_6929718
pd-user_2524842
pd-user_3766900
pd-user_6660251
pd-user_9268399
pd-user_3524494
pd-user_9178304
pd-user_9094822
pd-user_280446
pd-user_68598
pd-user_3181780
pd-user_9262604
pd-user_6045414
pd-user_8069228
pd-user_4111466
pd-user_3292385
pd-user_4407956
pd-user_5123301
pd-user_5840201
pd-user_8478052
pd-user_2989029
pd-user_9432673
pd-user_9552573
pd-user_8286768
pd-user_6340352
pd-user_2671234
pd-user_8764106
pd-user_135292
pd-user_766695
pd-user_2073322
pd-user_6049771
pd-user_6728592
pd-user_6313565
pd-user_8222675
pd-user_9832970
pd-user_4919061
pd-user_6909723
pd-user_8692095
pd-user_6158514
pd-user_1271340
pd-user_5252825
pd-user_5771956
pd-user_8166264
pd-user_1577093
pd-user_8194226
pd-user_2808774
pd-user_1982283
pd-user_5114776
pd-user_1244979
pd-user_39766
pd-user_6627651
pd-user_5193374
pd-user_1575807
pd-user_4121447
pd-user_7775666
pd-user_2737763
pd-user_2908725
pd-user_3557919
pd-user_3929877
pd-user_7242900
pd-user_5124184
pd-user_719177
pd-user_4308660
pd-user_9743756
pd-user_3577634
pd-user_142894
pd-user_346752
pd-user_4621097
pd-user_7408186
pd-user_3934804
pd-user_8034952
pd-user_3538573
pd-user_5006147
pd-user_6533647
pd-user_4488337
pd-user_5335946
pd-user_1697167
pd-user_3662349
pd-user_4566131
pd-user_709062
pd-user_1559934
pd-user_9192826
pd-user_5706765
pd-user_403088
pd-user_8664826
pd-user_8012895
pd-user_4938164
pd-user_7978438
pd-user_8662267
pd-user_3987573
pd-user_3086968
pd-user_6848329
pd-user_2620179
pd-user_5689991
pd-user_3316722
pd-user_3797184
pd-user_9437359
pd-user_9315121
pd-user_3420549
pd-user_1498198
pd-user_5543063
pd-user_9215484
pd-user_4804583
pd-user_3580251
pd-user_2923140
pd-user_9804902
pd-user_9647674
pd-user_8920361
pd-user_7746208
pd-user_8652092
pd-user_698403
pd-user_8930348
pd-user_81859
pd-user_707449
pd-user_5973728
pd-user_8539954
pd-user_6364122
pd-user_463583
pd-user_6471569
pd-user_8996309
pd-user_1509418
pd-user_3581360
pd-user_7174258
pd-user_8732981
pd-user_3778404
pd-user_3333690
pd-user_3136278
pd-user_8177049
pd-user_2678633
pd-user_9364837
pd-user_9944522
pd-user_8977977
pd-user_3925246
pd-user_5578979
pd-user_7365537
pd-user_8531242
pd-user_1876528
pd-user_6519278
pd-user_3451299
pd-user_3737092
pd-user_1280027
pd-user_5860683
pd-user_8593463
pd-user_7054675
pd-user_5400848
pd-user_2434722
pd-user_2996922
pd-user_9800909
pd-user_890323
pd-user_4060121
pd-user_2892109
pd-user_229091
pd-user_2104304
pd-user_1085680
pd-user_8146603
pd-user_3493011
pd-user_5221355
pd-user_7482738
pd-user_8683213
pd-user_4878958
pd-user_7709899
pd-user_7541602
pd-user_4248823
pd-user_567165
pd-user_2139494
pd-user_7321678
pd-user_5541832
pd-user_9740169
pd-user_3425147
pd-user_1052697
pd-user_64513
pd-user_3417890
pd-user_759345
pd-user_8466360
pd-user_7858645
pd-user_2430465
pd-user_1228054
pd-user_4226970
pd-user_4516310
pd-user_6583383
pd-user_3810820
pd-user_2425117
pd-user_3338899
pd-user_2432894
pd-user_3950748
pd-user_5513612
pd-user_4828723
pd-user_3677892
pd-user_9652308
pd-user_3382207
pd-user_6064
pd-user_4342228
pd-user_2406023
pd-user_1593972
pd-user_7564428
pd-user_75322
pd-user_6628084
pd-user_106941
pd-user_4128077
pd-user_3238536
pd-user_5902197
pd-user_1112113
pd-user_8597434
pd-user_5879727
pd-user_927384
pd-user_1173888
pd-user_2686474
pd-user_9916363
pd-user_8346995
pd-user_4968439
pd-user_2781252
pd-user_5363453
pd-user_7174695
pd-user_1567834
pd-user_7482674
pd-user_9848231
pd-user_2726249
pd-user_364166
pd-user_5688311
pd-user_8930000
pd-user_6209142
pd-user_5638568
pd-user_9335629
pd-user_3808327
pd-user_3293388
pd-user_6566596
pd-user_741013
pd-user_8271403
pd-user_7908998
pd-user_601188
pd-user_1021823
pd-user_9991989
pd-user_2564590
pd-user_9682963
pd-user_6447932
pd-user_4829425
pd-user_5355505
pd-user_2467220
pd-user_7468274
pd-user_7593716
pd-user_3013682
pd-user_4297356
pd-user_6483170
pd-user_2171230
pd-user_1095994
pd-user_9443002
pd-user_6425799
pd-user_604680
pd-user_2857121
pd-user_6376243
pd-user_6093937
pd-user_7478892
pd-user_1384826
pd-user_9136143
pd-user_631908
pd-user_4963313
pd-user_4279534
pd-user_381756
pd-user_8562614
pd-user_5103342
pd-user_4033917
pd-user_2318524
pd-user_1147742
pd-user_7357768
pd-user_3060557
pd-user_7833811
pd-user_6932191
pd-user_2651468
pd-user_7332230
pd-user_6065755
pd-user_4445540
pd-user_2196940
pd-user_3441379
pd-user_459378
pd-user_795543
pd-user_2359279
pd-user_4584424
pd-user_3775666
pd-user_9520216
pd-user_8878396
pd-user_4757119
pd-user_9830581
pd-user_3599882
pd-user_3558204
pd-user_6875209
pd-user_9831509
pd-user_7826750
pd-user_583239
pd-user_9886112
pd-user_1177108
pd-user_8025932
pd-user_2352426
pd-user_1111807
pd-user_6764243
pd-user_7053048
pd-user_6220374
pd-user_8355289
pd-user_404454
pd-user_4991501
pd-user_3932549
pd-user_2653006
pd-user_893895
pd-user_7073968
pd-user_4092049
pd-user_7524001
pd-user_5684456
pd-user_1877219
pd-user_1583869
pd-user_6011407
pd-user_4714656
pd-user_1243072
pd-user_8423116
pd-user_1641522
pd-user_5621998
pd-user_8494069
pd-user_5078688
pd-user_513145
pd-user_5362485
pd-user_9954128
pd-user_9239712
pd-user_8684520
pd-user_5698580
pd-user_5984660
pd-user_6129397
pd-user_5061607
pd-user_3269212
pd-user_5394411
pd-user_909230
pd-user_4313455
pd-user_3631259
pd-user_5548853
pd-user_9682084
pd-user_6230576
pd-user_889195
pd-user_3637900
pd-user_2608426
pd-user_6166741
pd-user_7376518
pd-user_9371576
pd-user_5031166
pd-user_8468339
pd-user_8795675
pd-user_2331521
pd-user_9194020
pd-user_5799422
pd-user_5026376
pd-user_3230389
pd-user_2548448
pd-user_1308716
pd-user_767582
pd-user_6340590
pd-user_996942
pd-user_5934748
pd-user_8299579
pd-user_1248520
pd-user_2565838
pd-user_5524241
pd-user_277933
pd-user_8175351
pd-user_4225055
pd-user_5455668
pd-user_5661049
pd-user_9454541
pd-user_4004365
pd-user_7258883
pd-user_7934224
pd-user_5838160
pd-user_6834628
pd-user_8627770
pd-user_1522780
pd-user_8606349
pd-user_7786004
pd-user_3636123
pd-user_3626283
pd-user_2014435
pd-user_9485948
pd-user_7247102
pd-user_9570419
pd-user_896846
pd-user_6646821
pd-user_6568802
pd-user_3305352
pd-user_4467631
pd-user_3087409
pd-user_1897559
pd-user_4545267
pd-user_8678545
pd-user_6047965
pd-user_3644332
pd-user_3673824
pd-user_2870527
pd-user_5955760
pd-user_3277176
pd-user_8275020
pd-user_3082512
pd-user_6787509
pd-user_1510885
pd-user_775491
pd-user_2975357
pd-user_7305031
pd-user_2669193
pd-user_4536759
pd-user_5992584
pd-user_6656401
pd-user_3251303
pd-user_575477
pd-user_6031014
pd-user_898003
pd-user_4006979
pd-user_4972514
pd-user_8804664
pd-user_9318437
pd-user_8606616
pd-user_5927991
pd-user_2065680
pd-user_3602044
pd-user_9990422
pd-user_3120498
pd-user_4005405
pd-user_1467900
pd-user_6110620
pd-user_1131952
pd-user_4652252
pd-user_8647494
pd-user_2778894
pd-user_2388552
pd-user_6573546
pd-user_7507003
pd-user_1023358
pd-user_1375516
pd-user_9446184
pd-user_3354879
pd-user_9626765
pd-user_5329250
pd-user_161582
pd-user_7743807
pd-user_9591349
pd-user_305841
pd-user_9965555
pd-user_4334408
pd-user_7384660
pd-user_1241927
pd-user_9546805
pd-user_7908932
pd-user_6212156
pd-user_8893122
pd-user_4899568
pd-user_8404817
pd-user_8478242
pd-user_2539238
pd-user_6002816
pd-user_4389145
pd-user_5160445
pd-user_6606874
pd-user_7911201
pd-user_3278549
pd-user_1968268
pd-user_9343496
pd-user_4052530
pd-user_8837850
pd-user_7843176
pd-user_3637534
pd-user_9699567
pd-user_2470547
pd-user_3493089
pd-user_2172544
pd-user_2402302
pd-user_7348120
pd-user_7180086
pd-user_8093073
pd-user_518855
pd-user_5387880
pd-user_9896338
pd-user_3888968
pd-user_7927037
pd-user_5695999
pd-user_5266907
pd-user_4051087
pd-user_5008776
pd-user_6954780
pd-user_9334407
pd-user_4417448
pd-user_5917073
pd-user_5450498
pd-user_1508627
pd-user_1050883
pd-user_4502729
pd-user_6745366
pd-user_5265414
pd-user_3952502
pd-user_998259
pd-user_7166370
pd-user_9565023
pd-user_6487878
pd-user_5324838
pd-user_22928
pd-user_8043658
pd-user_3223859
pd-user_1480308
pd-user_4507331
pd-user_5162544
pd-user_7649061
pd-user_1980659
pd-user_2083420
pd-user_1697544
pd-user_4098744
pd-user_958337
pd-user_2197531
pd-user_748081
pd-user_6301161
pd-user_8460623
pd-user_4687299
pd-user_1171284
pd-user_5199021
pd-user_6779848
pd-user_7469969
pd-user_2856595
pd-user_3257860
pd-user_2525605
pd-user_413344
pd-user_7473614
pd-user_1389695
pd-user_4317189
pd-user_94666
pd-user_5191534
pd-user_1257474
pd-user_4434844
pd-user_9794867
pd-user_1187493
pd-user_5998529
pd-user_2264741
pd-user_8556248
pd-user_8155248
pd-user_2601604
pd-user_3214785
pd-user_2719342
pd-user_6431461
pd-user_1519559
pd-user_974859
pd-user_6712955
pd-user_8607369
pd-user_9473441
pd-user_1406081
pd-user_7418074
pd-user_2878150
pd-user_8080643
pd-user_7373236
pd-user_7398424
pd-user_3417426
pd-user_570923
pd-user_6042342
pd-user_675445
pd-user_578763
pd-user_4576530
pd-user_6869785
pd-user_4325365
pd-user_5314802
pd-user_4361517
pd-user_3976736
pd-user_4504442
pd-user_9471399
pd-user_8949065
pd-user_4602783
pd-user_1996447
pd-user_3245332
pd-user_4567722
pd-user_46136
pd-user_8522794
pd-user_721244
pd-user_4495662
pd-user_6027618
pd-user_1019818
pd-user_6154739
pd-user_1771844
pd-user_5005030
pd-user_9633631
pd-user_1434189
pd-user_8715146
pd-user_9300151
pd-user_2095169
pd-user_1597703
pd-user_1112478
pd-user_5133459
pd-user_9997098
pd-user_2406117
pd-user_210741
pd-user_3258933
pd-user_476142
pd-user_6046165
pd-user_4920163
pd-user_8585385
pd-user_968472
pd-user_7854224
pd-user_1334645
pd-user_1889578
pd-user_916886
pd-user_6652393
pd-user_2418227
pd-user_6969190
pd-user_2634467
pd-user_6050574
pd-user_2344919
pd-user_5029847
pd-user_1876764
pd-user_28551
pd-user_1901801
pd-user_4503569
pd-user_4135924
pd-user_5167438
pd-user_9820151
pd-user_4298352
pd-user_7478079
pd-user_4511028
pd-user_4459845
pd-user_8688982
pd-user_7049004
pd-user_9541427
pd-user_8812097
pd-user_5754143
pd-user_5050457
pd-user_5791468
pd-user_4443063
pd-user_260153
pd-user_5076842
pd-user_942287
pd-user_7430067
pd-user_2449758
pd-user_4544320
pd-user_2369838
pd-user_2446979
pd-user_1162395
pd-user_1550322
pd-user_5764237
pd-user_6914304
pd-user_2815830
pd-user_968238
pd-user_6135502
pd-user_9548001
pd-user_9840483
pd-user_8979456
pd-user_1815883
pd-user_3204054
pd-user_7244326
pd-user_8650887
pd-user_6649553
pd-user_3626003
pd-user_8110442
pd-user_9908932
pd-user_7629521
pd-user_6800698
pd-user_4798295
pd-user_3442302
pd-user_8273755
pd-user_4460182
pd-user_1589356
pd-user_5193614
pd-user_1278002
pd-user_206436
pd-user_3656030
pd-user_5950023
pd-user_1999343
pd-user_2707355
pd-user_5660239
pd-user_360751
pd-user_6410707
pd-user_4205361
pd-user_4288961
pd-user_3252655
pd-user_4961720
pd-user_331751
pd-user_9038013
pd-user_5786921
pd-user_1750123
pd-user_2954054
pd-user_6266092
pd-user_1839605
pd-user_1706871
pd-user_4337972
pd-user_726635
pd-user_1937650
pd-user_3793083
pd-user_4720437
pd-user_9396888
pd-user_4618697
pd-user_2359508
pd-user_2090395
pd-user_7884867
pd-user_2285474
pd-user_7288318
pd-user_1231228
pd-user_718753
pd-user_5049432
pd-user_5728689
pd-user_1237278
pd-user_5764710
pd-user_6216781
pd-user_6472661
pd-user_4411852
pd-user_1813361
pd-user_4698157
pd-user_9635111
pd-user_3294638
pd-user_6125599
pd-user_7458778
pd-user_4597449
pd-user_6212374
pd-user_5400808
pd-user_5825808
pd-user_4906381
pd-user_779699
pd-user_3872732
pd-user_1391611
pd-user_9834971
pd-user_3082518
pd-user_9081730
pd-user_6799727
pd-user_1991220
pd-user_2574415
pd-user_7162246
pd-user_2949526
pd-user_1173184
pd-user_7929189
pd-user_7248172
pd-user_81312
pd-user_9972846
pd-user_609452
pd-user_9028043
pd-user_2097609
pd-user_5236351
pd-user_9203965
pd-user_2985093
pd-user_7990768
pd-user_2968093
pd-user_5555613
pd-user_4949216
pd-user_766520
pd-user_368119
pd-user_6235755
pd-user_1164096
pd-user_6262095
pd-user_883464
pd-user_9742934
pd-user_5383278
pd-user_713014
pd-user_4067197
pd-user_1573742
pd-user_3025438
pd-user_8305823
pd-user_1210446
pd-user_5203833
pd-user_3457222
pd-user_2495234
pd-user_9803110
pd-user_8667435
pd-user_1972889
pd-user_5802182
pd-user_189154
pd-user_5077261
pd-user_5191579
pd-user_1690558
pd-user_8971684
pd-user_5409506
pd-user_1194964
pd-user_5664536
pd-user_7741298
pd-user_3608267
pd-user_7173222
pd-user_2638398
pd-user_2949822
pd-user_2862453
pd-user_7465755
pd-user_7584371
pd-user_5742944
pd-user_9100075
pd-user_4721899
pd-user_460525
pd-user_8551625
pd-user_8333014
pd-user_5731833
pd-user_2093572
pd-user_695361
pd-user_2378583
pd-user_1579630
pd-user_8709512
pd-user_6222766
pd-user_6774705
pd-user_4714423
pd-user_7044913
pd-user_4919671
pd-user_2077077
pd-user_8252555
pd-user_3922703
pd-user_5595436
pd-user_774731
pd-user_8586071
pd-user_2883698
pd-user_2178444
pd-user_3941172
pd-user_4063657
pd-user_5691967
pd-user_3425528
pd-user_1846078
pd-user_7481303
pd-user_7323566
pd-user_5876631
pd-user_9381846
pd-user_1314184
pd-user_7402581
pd-user_3934802
pd-user_6360091
pd-user_9206082
pd-user_3778826
pd-user_6024779
pd-user_6629669
pd-user_4946903
pd-user_8059634
pd-user_4880517
pd-user_7502557
pd-user_4405780
pd-user_6911243
pd-user_9283659
pd-user_9911474
pd-user_2748510
pd-user_3330272
pd-user_1574178
pd-user_9043437
pd-user_7530755
pd-user_7381847
pd-user_2454735
pd-user_1393231
pd-user_5627800
pd-user_2441871
pd-user_9603957
pd-user_4746508
pd-user_3391445
pd-user_6185667
pd-user_587090
pd-user_4623866
pd-user_6913551
pd-user_2143274
pd-user_5826256
pd-user_303606
pd-user_4476032
pd-user_4016324
pd-user_2519754
pd-user_8835590
pd-user_4959352
pd-user_7314598
pd-user_296360
pd-user_9254573
pd-user_4254866
pd-user_9292046
pd-user_9543304
pd-user_3856942
pd-user_3952169
pd-user_9109109
pd-user_441774
pd-user_2439545
pd-user_84801
pd-user_9023743
pd-user_789888
pd-user_4239913
pd-user_7103450
pd-user_2804219
pd-user_1687603
pd-user_196978
pd-user_5337404
pd-user_6649913
pd-user_8145492
pd-user_2127291
pd-user_3870507
pd-user_880005
pd-user_193416
pd-user_336599
pd-user_613095
pd-user_6894842
pd-user_1660105
pd-user_3651647
pd-user_1371555
pd-user_1355228
pd-user_9730381
pd-user_4764463
pd-user_6950580
pd-user_5192397
pd-user_7561218
pd-user_5717329
pd-user_8463546
pd-user_5616226
pd-user_3312277
pd-user_9596364
pd-user_1796281
pd-user_5933564
pd-user_162629
pd-user_9795735
pd-user_4177820
pd-user_3015623
pd-user_332060
pd-user_7411749
pd-user_7256377
pd-user_7501739
pd-user_1761743
pd-user_2915820
pd-user_573088
pd-user_617534
pd-user_1224705
pd-user_7442322
pd-user_6778673
pd-user_4607111
pd-user_8044551
pd-user_5108937
pd-user_1805621
pd-user_5031588
pd-user_675755
pd-user_8363066
pd-user_968380
pd-user_1702324
pd-user_6644577
pd-user_7760637
pd-user_1507740
pd-user_9923340
pd-user_7472669
pd-user_419243
pd-user_7838412
pd-user_3726584
pd-user_7920175
pd-user_778745
pd-user_2299009
pd-user_7670546
pd-user_948629
pd-user_3437563
pd-user_4643386
pd-user_9166615
pd-user_8455602
pd-user_718221
pd-user_6733738
pd-user_6118393
pd-user_6875227
pd-user_7432772
pd-user_1704022
pd-user_4690819
pd-user_548543
pd-user_3437185
pd-user_6273128
pd-user_7486055
pd-user_5543908
pd-user_5068742
pd-user_479572
pd-user_7239522
pd-user_9971098
pd-user_3440200
pd-user_9289299
pd-user_3093038
pd-user_8314278
pd-user_6354407
pd-user_909983
pd-user_3235849
pd-user_8408953
pd-user_9885428
pd-user_237867
pd-user_6967588
pd-user_6275602
pd-user_4336747
pd-user_1624020
pd-user_1191395
pd-user_3145080
pd-user_407291
pd-user_6095729
pd-user_6680591
pd-user_3879267
pd-user_1678045
pd-user_4756186
pd-user_2505546
pd-user_4681883
pd-user_809817
pd-user_9192678
pd-user_7688915
pd-user_4438695
pd-user_4118941
pd-user_5199552
pd-user_4229428
pd-user_3709351
pd-user_232957
pd-user_383525
pd-user_4186728
pd-user_2958549
pd-user_833858
pd-user_8866380
pd-user_1259631
pd-user_4661145
pd-user_4517469
pd-user_4046151
pd-user_7151719
pd-user_6952693
pd-user_2305887
pd-user_1116433
pd-user_7566302
pd-user_5718881
pd-user_1736894
pd-user_6114853
pd-user_1087564
pd-user_6543646
pd-user_9735362
pd-user_5999335
pd-user_1942576
pd-user_3318178
pd-user_7450416
pd-user_7958331
pd-user_4006696
pd-user_9049035
pd-user_2958430
pd-user_186896
pd-user_868640
pd-user_988423
pd-user_156749
pd-user_651329
pd-user_4266947
pd-user_765840
pd-user_3194860
pd-user_8194429
pd-user_5395246
pd-user_5682318
pd-user_5886909
pd-user_8012664
pd-user_3407786
pd-user_5524678
pd-user_9929823
pd-user_8559965
pd-user_8683133
pd-user_2733298
pd-user_3888942
pd-user_9756375
pd-user_9491294
pd-user_8975625
pd-user_1824776
pd-user_8240935
pd-user_1787514
pd-user_5922283
pd-user_5863114
pd-user_8581368
pd-user_894669
pd-user_8710321
pd-user_4850171
pd-user_1228872
pd-user_3531877
pd-user_2670305
pd-user_1729428
pd-user_7313380
pd-user_8949184
pd-user_4760813
pd-user_7135265
pd-user_8986854
pd-user_5173823
pd-user_6220584
pd-user_2179148
pd-user_3479923
pd-user_2938064
pd-user_1225508
pd-user_3386512
pd-user_4628253
pd-user_8334555
pd-user_6136389
pd-user_6815385
pd-user_7755692
pd-user_3014734
pd-user_1058039
pd-user_4187387
pd-user_8994561
pd-user_9059084
pd-user_4073035
pd-user_6612076
pd-user_7323949
pd-user_3271057
pd-user_3571871
pd-user_2097656
pd-user_9769080
pd-user_2063525
pd-user_8439459
pd-user_3346595
pd-user_2192478
pd-user_8169507
pd-user_5888228
pd-user_5090747
pd-user_4079341
pd-user_9492941
pd-user_2823136
pd-user_3853832
pd-user_5260665
pd-user_5392336
pd-user_5982440
pd-user_3426220
pd-user_4272891
pd-user_6017570
pd-user_8836567
pd-user_1716555
pd-user_6262371
pd-user_4430092
pd-user_2700909
pd-user_4159166
pd-user_3257898
pd-user_6137965
pd-user_3267154
pd-user_2141819
pd-user_4305352
pd-user_5672936
pd-user_4472723
pd-user_3369373
pd-user_9441781
pd-user_2509264
pd-user_1406129
pd-user_4110554
pd-user_2162966
pd-user_461028
pd-user_6851178
pd-user_3031351
pd-user_3469781
pd-user_3341020
pd-user_2925198
pd-user_8857567
pd-user_6628880
pd-user_4225464
pd-user_7288371
pd-user_6943722
pd-user_3989306
pd-user_5554556
pd-user_7902503
pd-user_6749523
pd-user_3417062
pd-user_3100175
pd-user_5248588
pd-user_3879720
pd-user_3751585
pd-user_195168
pd-user_7941748
pd-user_454762
pd-user_2969303
pd-user_8818653
pd-user_9897056
pd-user_2209052
pd-user_1008956
pd-user_2639928
pd-user_3715761
pd-user_3974370
pd-user_6605
pd-user_2479375
pd-user_4624148
pd-user_4396893
pd-user_8390475
pd-user_6046834
pd-user_8183408
pd-user_330464
pd-user_6796463
pd-user_3937132
pd-user_432835
pd-user_3062549
pd-user_8703715
pd-user_1325417
pd-user_6431684
pd-user_5139686
pd-user_6812217
pd-user_1930322
pd-user_1981376
pd-user_4554423
pd-user_2713473
pd-user_3240878
pd-user_9230173
pd-user_1345410
pd-user_8365678
pd-user_3942183
pd-user_7963199
pd-user_2805481
pd-user_4011490
pd-user_2616798
pd-user_5329161
pd-user_6215544
pd-user_3308188
pd-user_1533363
pd-user_3207666
pd-user_78408
pd-user_9385501
pd-user_2820996
pd-user_204117
pd-user_9322077
pd-user_5936265
pd-user_67492
pd-user_1493305
pd-user_2311134
pd-user_6169500
pd-user_9972362
pd-user_9611967
pd-user_9303122
pd-user_2972097
pd-user_5607587
pd-user_8444628
pd-user_3124015
pd-user_6478824
pd-user_3979178
pd-user_4436828
pd-user_3449459
pd-user_8092857
pd-user_7940222
pd-user_7750521
pd-user_5817359
pd-user_5045955
pd-user_4089296
pd-user_6367624
pd-user_3035027
pd-user_866787
pd-user_4994075
pd-user_341189
pd-user_8292266
pd-user_3773974
pd-user_8741172
pd-user_2087938
pd-user_6504122
pd-user_2863349
pd-user_8552156
pd-user_5880748
pd-user_9890784
pd-user_2271055
pd-user_8598011
pd-user_2690137
pd-user_3486492
pd-user_7136958
pd-user_3393232
pd-user_4709613
pd-user_7224411
pd-user_9094777
pd-user_6186678
pd-user_6899411
pd-user_5695898
pd-user_1517853
pd-user_423679
pd-user_538361
pd-user_1772544
pd-user_3591882
pd-user_6233684
pd-user_7078037
pd-user_7504437
pd-user_3336689
pd-user_5755384
pd-user_4041449
pd-user_4676330
pd-user_4373212
pd-user_1784274
pd-user_7669163
pd-user_4624044
pd-user_4461210
pd-user_2014944
pd-user_4270852
pd-user_6894801
pd-user_6765273
pd-user_210687
pd-user_2073377
pd-user_3271234
pd-user_4240919
pd-user_4330801
pd-user_9821621
pd-user_156592
pd-user_3006782
pd-user_2999564
pd-user_3456786
pd-user_8874930
pd-user_3673267
pd-user_944344
pd-user_8408574
pd-user_9612630
pd-user_7353298
pd-user_3101299
pd-user_7674797
pd-user_728096
pd-user_7718335
pd-user_5637222
pd-user_4009285
pd-user_6747801
pd-user_6008331
pd-user_5856602
pd-user_7589116
pd-user_7466856
pd-user_6781731
pd-user_8596879
pd-user_1446611
pd-user_5685275
pd-user_5429840
pd-user_1740790
pd-user_6170539
pd-user_8217005
pd-user_7303281
pd-user_9885705
pd-user_1770414
pd-user_740855
pd-user_8900270
pd-user_7230589
pd-user_7601346
pd-user_6581391
pd-user_9505487
pd-user_653605
pd-user_5966783
pd-user_7836574
pd-user_4933464
pd-user_5937040
pd-user_6885594
pd-user_1713821
pd-user_8006070
pd-user_3650212
pd-user_5899092
pd-user_434990
pd-user_6691313
pd-user_8530722
pd-user_3569348
pd-user_1398258
pd-user_5471824
pd-user_3460168
pd-user_5668311
pd-user_3493322
pd-user_462175
pd-user_3303899
pd-user_5521351
pd-user_225044
pd-user_1419803
pd-user_4043962
pd-user_5041538
pd-user_1298960
pd-user_5831746
pd-user_3029914
pd-user_3122959
pd-user_7898196
pd-user_6747825
pd-user_4839622
pd-user_4374549
pd-user_9934082
pd-user_997840
pd-user_5441558
pd-user_4439539
pd-user_4709850
pd-user_2299844
pd-user_8277103
pd-user_7733565
pd-user_187111
pd-user_5025264
pd-user_5488709
pd-user_7026659
pd-user_3917960
pd-user_6216762
pd-user_8202346
pd-user_3022923
pd-user_1192480
pd-user_5545980
pd-user_475676
pd-user_2482086
pd-user_1156886
pd-user_4917880
pd-user_4822392
pd-user_2349345
pd-user_5544464
pd-user_6184763
pd-user_8625348
pd-user_359365
pd-user_3712433
pd-user_3345285
pd-user_7589211
pd-user_9637782
pd-user_4257079
pd-user_4896586
pd-user_3245128
pd-user_5461946
pd-user_3505533
pd-user_6968132
pd-user_6887236
pd-user_3806753
pd-user_4623970
pd-user_7723882
pd-user_2972943
pd-user_4037764
pd-user_4557888
pd-user_3100880
pd-user_305705
pd-user_3514124
pd-user_3845143
pd-user_30406
pd-user_8776442
pd-user_2865978
pd-user_1050767
pd-user_7339079
pd-user_9461552
pd-user_5820337
pd-user_2300253
pd-user_7384058
pd-user_9163550
pd-user_6964811
pd-user_8552034
pd-user_1994957
pd-user_6348874
pd-user_1236603
pd-user_6840626
pd-user_5462569
pd-user_3158037
pd-user_6819345
pd-user_6637803
pd-user_4890001
pd-user_1572420
pd-user_8416773
pd-user_863709
pd-user_9484733
pd-user_8520809
pd-user_6898677
pd-user_1235632
pd-user_8705733
pd-user_9294692
pd-user_648538
pd-user_7894541
pd-user_564978
pd-user_9161910
pd-user_4067268
pd-user_8579589
pd-user_2316803
pd-user_8036390
pd-user_6749064
pd-user_1127881
pd-user_8571078
pd-user_1360766
pd-user_2794339
pd-user_6125502
pd-user_5154627
pd-user_1971115
pd-user_7119015
pd-user_6212794
pd-user_1323521
pd-user_4223941
pd-user_713573
pd-user_300152
pd-user_2122617
pd-user_2568054
pd-user_3789532
pd-user_9428740
pd-user_4518888
pd-user_570755
pd-user_6254094
pd-user_2940774
pd-user_6436604
pd-user_4810292
pd-user_6621631
pd-user_8522883
pd-user_2650367
pd-user_9163379
pd-user_5838142
pd-user_4979095
pd-user_1952239
pd-user_1893229
pd-user_1525578
pd-user_793723
pd-user_6795779
pd-user_7746020
pd-user_4878657
pd-user_3719397
pd-user_6231852
pd-user_5092584
pd-user_8404831
pd-user_8865708
pd-user_2891333
pd-user_7634535
pd-user_683486
pd-user_3162783
pd-user_5281529
pd-user_7960005
pd-user_5321373
pd-user_5497127
pd-user_6675246
pd-user_6499248
pd-user_6478266
pd-user_849493
pd-user_7658013
pd-user_7084078
pd-user_7710894
pd-user_9905765
pd-user_1325663
pd-user_3725439
pd-user_6654200
pd-user_6004943
pd-user_720597
pd-user_1782579
pd-user_9080234
pd-user_2713155
pd-user_4642527
pd-user_1337318
pd-user_8312846
pd-user_3113676
pd-user_5789572
pd-user_4835042
pd-user_1243634
pd-user_9069294
pd-user_5369941
pd-user_6367764
pd-user_9182504
pd-user_3810854
pd-user_3854103
pd-user_2270248
pd-user_6443893
pd-user_2939689
pd-user_5663813
pd-user_7743070
pd-user_1259357
pd-user_8016268
pd-user_535354
pd-user_8108571
pd-user_7086968
pd-user_2615986
pd-user_3543839
pd-user_2952504
pd-user_3384125
pd-user_3990478
pd-user_9506116
pd-user_689949
pd-user_6138455
pd-user_309444
pd-user_987492
pd-user_3685427
pd-user_4592653
pd-user_4731074
pd-user_1845554
pd-user_90250
pd-user_5228671
pd-user_7216727
pd-user_4471767
pd-user_1576504
pd-user_3912903
pd-user_4569937
pd-user_8832787
pd-user_5247359
pd-user_8487082
pd-user_9350890
pd-user_9762657
pd-user_9021622
pd-user_1972379
pd-user_175675
pd-user_9299109
pd-user_1764689
pd-user_1172775
pd-user_9186
pd-user_1685107
pd-user_1757002
pd-user_4654928
pd-user_8985031
pd-user_2342416
pd-user_1231926
pd-user_1815914
pd-user_6818689
pd-user_5961505
pd-user_3001201
pd-user_2634284
pd-user_808927
pd-user_5643974
pd-user_8608070
pd-user_464609
pd-user_4888070
pd-user_3335082
pd-user_714646
pd-user_401202
pd-user_151695
pd-user_1780256
pd-user_8570457
pd-user_3763128
pd-user_4090923
pd-user_4356952
pd-user_3449952
pd-user_2583564
pd-user_362283
pd-user_7716301
pd-user_9133609
pd-user_5992208
pd-user_1123901
pd-user_3483620
pd-user_9500868
pd-user_5009524
pd-user_3650942
pd-user_9258170
pd-user_1467246
pd-user_1346060
pd-user_5409084
pd-user_9446934
pd-user_3376783
pd-user_9955960
pd-user_3512268
pd-user_3883921
pd-user_4953775
pd-user_642259
pd-user_7291557
pd-user_9526098
pd-user_4212286
pd-user_9130532
pd-user_2213762
pd-user_576212
pd-user_7395045
pd-user_5044194
pd-user_8729070
pd-user_3415171
pd-user_1666133
pd-user_7425439
pd-user_761446
pd-user_9687850
pd-user_9962561
pd-user_4686238
pd-user_9794705
pd-user_3404325
pd-user_989701
pd-user_6805230
pd-user_8762569
pd-user_7696445
pd-user_9063337
pd-user_9607513
pd-user_6627859
pd-user_5854642
pd-user_4440573
pd-user_5113627
pd-user_3221035
pd-user_3704108
pd-user_9486290
pd-user_3813437
pd-user_3718331
pd-user_2074641
pd-user_1882678
pd-user_1108227
pd-user_4756390
pd-user_3532760
pd-user_1418004
pd-user_4127507
pd-user_1345423
pd-user_9216058
pd-user_5433066
pd-user_8574021
pd-user_9625048
pd-user_7464013
pd-user_7627779
pd-user_346240
pd-user_6792716
pd-user_4330496
pd-user_5337410
pd-user_6128159
pd-user_2085558
pd-user_4541636
pd-user_4814717
pd-user_7935162
pd-user_5147616
pd-user_276389
pd-user_8449036
pd-user_8305596
pd-user_2627276
pd-user_7609145
pd-user_5043508
pd-user_6839709
pd-user_5681671
pd-user_7323761
pd-user_9548733
pd-user_4204869
pd-user_561902
pd-user_487495
pd-user_5151461
pd-user_7159389
pd-user_4729746
pd-user_2388859
pd-user_7354780
pd-user_3779895
pd-user_1953551
pd-user_9221388
pd-user_4602293
pd-user_9507723
pd-user_5788732
pd-user_4717501
pd-user_9071277
pd-user_711938
pd-user_6260259
pd-user_479604
pd-user_9830795
pd-user_6522502
pd-user_1843194
pd-user_5967527
pd-user_717981
pd-user_9682362
pd-user_6405649
pd-user_35126
pd-user_3529272
pd-user_1185299
pd-user_7362541
pd-user_188255
pd-user_4103658
pd-user_8168191
pd-user_7649693
pd-user_8753341
pd-user_7500199
pd-user_9160523
pd-user_5200422
pd-user_7894910
pd-user_7463821
pd-user_7767459
pd-user_5256531
pd-user_3389969
pd-user_9540251
pd-user_3836538
pd-user_6622394
pd-user_8603499
pd-user_1827404
pd-user_8182264
pd-user_704103
pd-user_3293210
pd-user_2335539
pd-user_3500893
pd-user_9120489
pd-user_7732024
pd-user_5571438
pd-user_5450091
pd-user_3861109
pd-user_9878901
pd-user_9062124
pd-user_7589127
pd-user_2101679
pd-user_4082561
pd-user_2597815
pd-user_7665097
pd-user_9827845
pd-user_6373547
pd-user_4303470
pd-user_4192367
pd-user_5906492
pd-user_8798677
pd-user_9164674
pd-user_8830275
pd-user_4223739
pd-user_5756731
pd-user_6035604
pd-user_2322693
pd-user_6979271
pd-user_2337814
pd-user_4629076
pd-user_5041044
pd-user_6754567
pd-user_4010170
pd-user_2149046
pd-user_1773875
pd-user_4318900
pd-user_9085068
pd-user_3609898
pd-user_8854435
pd-user_9567887
pd-user_5440863
pd-user_3424209
pd-user_1468106
pd-user_4788727
pd-user_6182146
pd-user_5669560
pd-user_9531295
pd-user_409983
pd-user_6720056
pd-user_9606041
pd-user_7413496
pd-user_1212809
pd-user_8635958
pd-user_6148008
pd-user_112830
pd-user_4710177
pd-user_6919102
pd-user_4634061
pd-user_2610734
pd-user_7156550
pd-user_6392050
pd-user_7203986
pd-user_5259215
pd-user_5758416
pd-user_1600943
pd-user_8660960
pd-user_7362496
pd-user_2812158
pd-user_6984965
pd-user_637589
pd-user_5158270
pd-user_2577806
pd-user_161496
pd-user_8718402
pd-user_2879501
pd-user_6570010
pd-user_3861819
pd-user_2742210
pd-user_135449
pd-user_6782944
pd-user_6617568
pd-user_757018
pd-user_7479252
pd-user_1768702
pd-user_7253086
pd-user_9483182
pd-user_8014827
pd-user_7457993
pd-user_7186827
pd-user_1078356
pd-user_2172265
pd-user_9746169
pd-user_6427887
pd-user_8930596
pd-user_1887284
pd-user_2467145
pd-user_1819174
pd-user_7601978
pd-user_7111547
pd-user_1521657
pd-user_3494698
pd-user_6380252
pd-user_2636343
pd-user_386343
pd-user_8281290
pd-user_4508517
pd-user_3560933
pd-user_4942226
pd-user_8928496
pd-user_6180381
pd-user_7722532
pd-user_3277732
pd-user_8200732
pd-user_5648450
pd-user_385221
pd-user_813232
pd-user_1613524
pd-user_4399455
pd-user_7434501
pd-user_2648076
pd-user_2368436
pd-user_9185806
pd-user_4393241
pd-user_6056566
pd-user_7478159
pd-user_9292204
pd-user_1640870
pd-user_7080107
pd-user_5186017
pd-user_7844556
pd-user_2048415
pd-user_3914851
pd-user_955206
pd-user_1335063
pd-user_8463099
pd-user_3235191
pd-user_3921051
pd-user_243711
pd-user_5285748
pd-user_4332141
pd-user_50831
pd-user_7054338
pd-user_4559560
pd-user_4840093
pd-user_2845317
pd-user_7056118
pd-user_7810419
pd-user_7022419
pd-user_4017669
pd-user_565518
pd-user_7395041
pd-user_5357603
pd-user_2332238
pd-user_2124473
pd-user_4644388
pd-user_8208360
pd-user_4468802
pd-user_3144575
pd-user_8847573
pd-user_391943
pd-user_1849415
pd-user_352055
pd-user_7726181
pd-user_5139154
pd-user_8602299
pd-user_3163857
pd-user_7404966
pd-user_275937
pd-user_8443823
pd-user_9353417
pd-user_3426128
pd-user_6141619
pd-user_6033494
pd-user_3389846
pd-user_2670633
pd-user_1161978
pd-user_386473
pd-user_6947240
pd-user_9759990
pd-user_1693279
pd-user_1071806
pd-user_9051262
pd-user_9100508
pd-user_5023122
pd-user_3177686
pd-user_4499726
pd-user_7050125
pd-user_7651189
pd-user_6895236
pd-user_2425160
pd-user_9050225
pd-user_7269797
pd-user_1871468
pd-user_163377
pd-user_622607
pd-user_4348852
pd-user_1765575
pd-user_900213
pd-user_1411891
pd-user_8544515
pd-user_5707321
pd-user_3591669
pd-user_4523934
pd-user_9113724
pd-user_6162404
pd-user_5398756
pd-user_1893071
pd-user_3384741
pd-user_7535400
pd-user_2828187
pd-user_8813571
pd-user_7088119
pd-user_7881028
pd-user_3131818
pd-user_176671
pd-user_6502206
pd-user_886056
pd-user_1348590
pd-user_555773
pd-user_5286933
pd-user_2355761
pd-user_8445952
pd-user_2188425
pd-user_9895480
pd-user_3542374
pd-user_8923327
pd-user_3710895
pd-user_6202710
pd-user_8085327
pd-user_3167971
pd-user_9012398
pd-user_9521890
pd-user_3613682
pd-user_9131123
pd-user_4514126
pd-user_2118229
pd-user_5717974
pd-user_6369711
pd-user_8013303
pd-user_5669946
pd-user_2400713
pd-user_6624313
pd-user_5391588
pd-user_8350423
pd-user_4596451
pd-user_9394136
pd-user_424351
pd-user_975948
pd-user_1688584
pd-user_8186177
pd-user_8027555
pd-user_5920550
pd-user_7713017
pd-user_6830930
pd-user_9883885
pd-user_1513238
pd-user_865721
pd-user_2653134
pd-user_2591808
pd-user_2021916
pd-user_7073240
pd-user_5334216
pd-user_9510748
pd-user_3911569
pd-user_6864543
pd-user_3094963
pd-user_206156
pd-user_7284929
pd-user_8143644
pd-user_1597619
pd-user_2956214
pd-user_7184250
pd-user_8891101
pd-user_1183930
pd-user_350532
pd-user_8522038
pd-user_42034
pd-user_2017207
pd-user_7264473
pd-user_267145
pd-user_7566639
pd-user_7776818
pd-user_6451344
pd-user_5171874
pd-user_6608744
pd-user_7675429
pd-user_5888245
pd-user_18900
pd-user_9170652
pd-user_3261128
pd-user_2124288
pd-user_4564400
pd-user_9717209
pd-user_8289332
pd-user_3592853
pd-user_7151482
pd-user_317324
pd-user_2037616
pd-user_1720438
pd-user_6761092
pd-user_336634
pd-user_7821985
pd-user_7727267
pd-user_1728013
pd-user_5115542
pd-user_561827
pd-user_6351130
pd-user_1313218
pd-user_3370833
pd-user_6604386
pd-user_4920280
pd-user_7096617
pd-user_9421765
pd-user_4636776
pd-user_4029503
pd-user_6818360
pd-user_954772
pd-user_536867
pd-user_6594346
pd-user_4381221
pd-user_5052094
pd-user_2611817
pd-user_9339048
pd-user_4631450
pd-user_6051147
pd-user_1281920
pd-user_5023146
pd-user_4999589
pd-user_206277
pd-user_5614280
pd-user_8721667
pd-user_4007393
pd-user_1568932
pd-user_9221307
pd-user_273438
pd-user_9170061
pd-user_1665013
pd-user_7607928
pd-user_4634513
pd-user_6349992
pd-user_5208592
pd-user_6634862
pd-user_9091551
pd-user_4256689
pd-user_2690442
pd-user_8935904
pd-user_244337
pd-user_6210645
pd-user_1933916
pd-user_3578548
pd-user_1786298
pd-user_2606317
pd-user_3722159
pd-user_4771389
pd-user_6085875
pd-user_4256025
pd-user_7263297
pd-user_2516466
pd-user_1514466
pd-user_1332029
pd-user_6570620
pd-user_1094103
pd-user_7583531
pd-user_5651825
pd-user_3133525
pd-user_7833007
pd-user_4088048
pd-user_6723836
pd-user_4722121
pd-user_4108212
pd-user_4865219
pd-user_69823
pd-user_5686788
pd-user_2840544
pd-user_8576227
pd-user_9637752
pd-user_4753957
pd-user_3316250
pd-user_8774071
pd-user_8400403
pd-user_2834398
pd-user_2112937
pd-user_5694667
pd-user_7167466
pd-user_538646
pd-user_9539291
pd-user_9729538
pd-user_9041582
pd-user_4151929
pd-user_8460904
pd-user_1513814
pd-user_1276526
pd-user_3192069
pd-user_3772305
pd-user_661975
pd-user_241616
pd-user_1413672
pd-user_6214350
pd-user_1957167
pd-user_3102364
pd-user_2568301
pd-user_6877127
pd-user_9850171
pd-user_9674038
pd-user_1810161
pd-user_8722331
pd-user_513110
pd-user_9282747
pd-user_7995863
pd-user_2076788
pd-user_3768662
pd-user_2079612
pd-user_7366262
pd-user_9344518
pd-user_8462640
pd-user_8815801
pd-user_1106348
pd-user_7193847
pd-user_4010312
pd-user_528449
pd-user_6424042
pd-user_8765226
pd-user_1822411
pd-user_7792212
pd-user_3067343
pd-user_7366921
pd-user_4514506
pd-user_20176
pd-user_18734
pd-user_9712281
pd-user_6453816
pd-user_5266581
pd-user_1662285
pd-user_7604353
pd-user_8762686
pd-user_4707143
pd-user_1000179
pd-user_3930695
pd-user_2922873
pd-user_2948457
pd-user_9742471
pd-user_1548862
pd-user_2027839
pd-user_9191547
pd-user_6537470
pd-user_4726602
pd-user_5816416
pd-user_9950951
pd-user_1848195
pd-user_2596782
pd-user_6679392
pd-user_5703263
pd-user_7930117
pd-user_652895
pd-user_2382012
pd-user_6275262
pd-user_5086850
pd-user_1166446
pd-user_2441341
pd-user_9192039
pd-user_9026807
pd-user_8881947
pd-user_8802290
pd-user_5480742
pd-user_6356761
pd-user_149109
pd-user_1051525
pd-user_2404700
pd-user_6672918
pd-user_1176844
pd-user_748024
pd-user_6332142
pd-user_3132311
pd-user_7293324
pd-user_4600701
pd-user_9079955
pd-user_8555712
pd-user_5496411
pd-user_3038106
pd-user_6183286
pd-user_9036717
pd-user_1776023
pd-user_7575201
pd-user_9251425
pd-user_1165413
pd-user_3161471
pd-user_3705325
pd-user_9233586
pd-user_1330038
pd-user_4333647
pd-user_7209364
pd-user_3779415
pd-user_2906934
pd-user_701036
pd-user_8898063
pd-user_4369342
pd-user_3115426
pd-user_702077
pd-user_9731733
pd-user_7261762
pd-user_5495866
pd-user_5271895
pd-user_9757528
pd-user_8872721
pd-user_663624
pd-user_3618955
pd-user_7613186
pd-user_5638308
pd-user_7596777
pd-user_9240793
pd-user_9975571
pd-user_8198521
pd-user_2978147
pd-user_4078485
pd-user_3045888
pd-user_1555295
pd-user_1006776
pd-user_9751069
pd-user_1908248
pd-user_8417568
pd-user_2659581
pd-user_5310029
pd-user_9519361
pd-user_5863833
pd-user_4616020
pd-user_2205622
pd-user_8529646
pd-user_9602621
pd-user_6360252
pd-user_8371988
pd-user_1962007
pd-user_3198524
pd-user_2298066
pd-user_9075385
pd-user_2566021
pd-user_7425700
pd-user_9840606
pd-user_6990254
pd-user_5158094
pd-user_1381079
pd-user_9756124
pd-user_8574270
pd-user_1137383
pd-user_3411298
pd-user_1311123
pd-user_2796579
pd-user_4704462
pd-user_9215232
pd-user_9469085
pd-user_3840010
pd-user_6848037
pd-user_8510943
pd-user_411088
pd-user_7088231
pd-user_6795390
pd-user_3194522
pd-user_3647599
pd-user_3590146
pd-user_8804094
pd-user_9140503
pd-user_5326194
pd-user_8569663
pd-user_674041
pd-user_1272409
pd-user_9694072
pd-user_8279939
pd-user_6372378
pd-user_1007729
pd-user_7436516
pd-user_6343371
pd-user_4982349
pd-user_6332755
pd-user_2284870
pd-user_4425927
pd-user_2582880
pd-user_9435980
pd-user_278379
pd-user_1600183
pd-user_8794264
pd-user_2344707
pd-user_2140819
pd-user_2170057
pd-user_8223399
pd-user_901041
pd-user_4861090
pd-user_6614066
pd-user_199179
pd-user_1154633
pd-user_5596657
pd-user_4382796
pd-user_9012085
pd-user_2462236
pd-user_1111555
pd-user_7750081
pd-user_4513642
pd-user_5466674
pd-user_2855722
pd-user_3228530
pd-user_9793576
pd-user_8587508
pd-user_2439791
pd-user_6564636
pd-user_5644768
pd-user_9226410
pd-user_38614
pd-user_4442782
pd-user_1426384
pd-user_5382555
pd-user_3310361
pd-user_790071
pd-user_4174583
pd-user_3649030
pd-user_6385286
pd-user_6365105
pd-user_2347867
pd-user_6787435
pd-user_811639
pd-user_9060255
pd-user_4411851
pd-user_7727343
pd-user_1507885
pd-user_8404046
pd-user_8324431
pd-user_2627762
pd-user_4261481
pd-user_9133180
pd-user_7414025
pd-user_674665
pd-user_3623988
pd-user_3982617
pd-user_5701877
pd-user_6688409
pd-user_8778951
pd-user_7157541
pd-user_898828
pd-user_2343552
pd-user_4677129
pd-user_2510966
pd-user_6452019
pd-user_5491541
pd-user_1520596
pd-user_3378195
pd-user_8453326
pd-user_9776855
pd-user_7656380
pd-user_1957643
pd-user_7449878
pd-user_1816984
pd-user_8896529
pd-user_7820806
pd-user_9029969
pd-user_7517903
pd-user_7822096
pd-user_2054242
pd-user_5477810
pd-user_7783982
pd-user_1882291
pd-user_1227279
pd-user_2035986
pd-user_2222104
pd-user_6533301
pd-user_6807799
pd-user_4787865
pd-user_3318908
pd-user_7664251
pd-user_6656888
pd-user_463631
pd-user_5235700
pd-user_6902883
pd-user_8202868
pd-user_4341072
pd-user_3333048
pd-user_7226355
pd-user_5944661
pd-user_4340307
pd-user_7985135
pd-user_887936
pd-user_5767284
pd-user_3301657
pd-user_6763194
pd-user_6086155
pd-user_382445
pd-user_9826697
pd-user_1819516
pd-user_2533354
pd-user_9566653
pd-user_5127819
pd-user_8081862
pd-user_8088367
pd-user_409635
pd-user_6295767
pd-user_987754
pd-user_3792464
pd-user_884507
pd-user_223219
pd-user_6151718
pd-user_2356657
pd-user_2430100
pd-user_3531000
pd-user_9733071
pd-user_9905388
pd-user_490939
pd-user_2266100
pd-user_9492743
pd-user_8581435
pd-user_717895
pd-user_8703047
pd-user_8646818
pd-user_7788817
pd-user_3018933
pd-user_4772904
pd-user_2007342
pd-user_377273
pd-user_667689
pd-user_8842342
pd-user_7100214
pd-user_1380396
pd-user_7931220
pd-user_1170311
pd-user_2426694
pd-user_1947639
pd-user_7354537
pd-user_2071391
pd-user_2413294
pd-user_6558681
pd-user_8880399
pd-user_6707057
pd-user_2894694
pd-user_2654802
pd-user_9797235
pd-user_5546009
pd-user_1814745
pd-user_6694023
pd-user_5947633
pd-user_5485561
pd-user_3676062
pd-user_8837210
pd-user_3864371
pd-user_6314340
pd-user_6145581
pd-user_4664525
pd-user_5712946
pd-user_8239937
pd-user_1849730
pd-user_4531360
pd-user_78395
pd-user_8671198
pd-user_8782211
pd-user_8827988
pd-user_805230
pd-user_1765141
pd-user_938774
pd-user_8404612
pd-user_2629830
pd-user_8937299
pd-user_591616
pd-user_2869301
pd-user_4969953
pd-user_3302396
pd-user_9461726
pd-user_236948
pd-user_2745495
pd-user_7780943
pd-user_2239502
pd-user_2415282
pd-user_4957546
pd-user_3139180
pd-user_1198385
pd-user_472569
pd-user_9666012
pd-user_2549383
pd-user_7166457
pd-user_3222540
pd-user_1914340
pd-user_6065652
pd-user_6540193
pd-user_5910507
pd-user_7013262
pd-user_1953064
pd-user_3797269
pd-user_8029779
pd-user_2703771
pd-user_2921287
pd-user_7658526
pd-user_2554994
pd-user_1634037
pd-user_522076
pd-user_8561953
pd-user_958727
pd-user_181614
pd-user_4189735
pd-user_5903030
pd-user_1252462
pd-user_1511963
pd-user_1872377
pd-user_6806011
pd-user_7766163
pd-user_6309429
pd-user_2578915
pd-user_7733263
pd-user_5851409
pd-user_7527166
pd-user_5697395
pd-user_6196550
pd-user_3413502
pd-user_482744
pd-user_3285809
pd-user_3627458
pd-user_690875
pd-user_4089464
pd-user_836480
pd-user_9778841
pd-user_1554802
pd-user_7335849
pd-user_6858131
pd-user_8265545
pd-user_8666267
pd-user_1069406
pd-user_7459816
pd-user_8232397
pd-user_7561124
pd-user_3635553
pd-user_2942933
pd-user_3420245
pd-user_3380586
pd-user_2785481
pd-user_8826740
pd-user_7811111
pd-user_1057114
pd-user_2185922
pd-user_9807049
pd-user_3840116
pd-user_3430619
pd-user_7314484
pd-user_7112397
pd-user_4748780
pd-user_1100188
pd-user_2370115
pd-user_4176661
pd-user_8189459
pd-user_7748895
pd-user_5456646
pd-user_6246563
pd-user_6251649
pd-user_3439930
pd-user_8479191
pd-user_2432296
pd-user_6865641
pd-user_7482263
pd-user_9437406
pd-user_4698386
pd-user_8497612
pd-user_3588506
pd-user_684333
pd-user_6262737
pd-user_2623852
pd-user_6058204
pd-user_1479485
pd-user_2961505
pd-user_8158122
pd-user_8002481
pd-user_1480933
pd-user_4625216
pd-user_4950952
pd-user_7491203
pd-user_5539763
pd-user_4149505
pd-user_1949109
pd-user_1957022
pd-user_6424163
pd-user_448467
pd-user_3648866
pd-user_9149566
pd-user_5755147
pd-user_5406583
pd-user_5918404
pd-user_6917639
pd-user_4197654
pd-user_5304112
pd-user_6787905
pd-user_4525455
pd-user_499512
pd-user_5368003
pd-user_4820652
pd-user_897178
pd-user_9258157
pd-user_814112
pd-user_8211758
pd-user_4542887
pd-user_2694830
pd-user_4596946
pd-user_7596627
pd-user_6074438
pd-user_3642845
pd-user_9613983
pd-user_8370256
pd-user_6507158
pd-user_4791186
pd-user_3051690
pd-user_8870167
pd-user_2403861
pd-user_9546216
pd-user_8562610
pd-user_6093319
pd-user_4736442
pd-user_5002818
pd-user_6693864
pd-user_4423748
pd-user_1011834
pd-user_8266657
pd-user_1439315
pd-user_4750774
pd-user_285645
pd-user_1106685
pd-user_5678959
pd-user_456203
pd-user_6425702
pd-user_6302306
pd-user_8276870
pd-user_1811779
pd-user_8965022
pd-user_2806857
pd-user_1524378
pd-user_5121306
pd-user_2711689
pd-user_4698477
pd-user_7127390
pd-user_1047731
pd-user_1495978
pd-user_6926408
pd-user_3287649
pd-user_2771830
pd-user_1000270
pd-user_2289493
pd-user_2515211
pd-user_463590
pd-user_6219469
pd-user_8714476
pd-user_6078145
pd-user_7652205
pd-user_2071082
pd-user_1081288
pd-user_8507654
pd-user_8104560
pd-user_2705407
pd-user_2548774
pd-user_8210105
pd-user_8862262
pd-user_2001457
pd-user_9547985
pd-user_3015950
pd-user_5972113
pd-user_8418370
pd-user_2749712
pd-user_547495
pd-user_1489056
pd-user_9851971
pd-user_7075024
pd-user_5688229
pd-user_8676487
pd-user_6469645
pd-user_3119720
pd-user_9434352
pd-user_2592098
pd-user_1654014
pd-user_5271313
pd-user_8293396
pd-user_7750213
pd-user_9313680
pd-user_8495115
pd-user_1445004
pd-user_842779
pd-user_997716
pd-user_727706
pd-user_4254110
pd-user_4561199
pd-user_7618259
pd-user_8040689
pd-user_3607666
pd-user_9426556
pd-user_7360312
pd-user_3608942
pd-user_700034
pd-user_5402369
pd-user_341810
pd-user_8622242
pd-user_5316252
pd-user_3484269
pd-user_2260432
pd-user_4779636
pd-user_7236796
pd-user_4929781
pd-user_8588908
pd-user_871782
pd-user_2877759
pd-user_4386445
pd-user_88411
pd-user_2442491
pd-user_5315438
pd-user_9770678
pd-user_1439886
pd-user_9003567
pd-user_6803578
pd-user_4028972
pd-user_5323727
pd-user_8129519
pd-user_2294476
pd-user_6957579
pd-user_4528240
pd-user_4078382
pd-user_8984458
pd-user_5271303
pd-user_3277137
pd-user_3319777
pd-user_8694363
pd-user_4362725
pd-user_2410648
pd-user_7741491
pd-user_3539916
pd-user_8752036
pd-user_1625634
pd-user_9721836
pd-user_5996606
pd-user_6752939
pd-user_2077586
pd-user_1106644
pd-user_573959
pd-user_3454004
pd-user_130481
pd-user_6775436
pd-user_9206887
pd-user_1279047
pd-user_4603189
pd-user_9262967
pd-user_6292768
pd-user_6795402
pd-user_8059114
pd-user_6563757
pd-user_7943798
pd-user_2749751
pd-user_4071227
pd-user_3531766
pd-user_837693
pd-user_5215689
pd-user_4367962
pd-user_3135819
pd-user_2246362
pd-user_684158
pd-user_6497344
pd-user_3959492
pd-user_8213156
pd-user_2270286
pd-user_2492067
pd-user_1446891
pd-user_4095806
pd-user_6305309
pd-user_199248
pd-user_2797792
pd-user_2533278
pd-user_1962762
pd-user_60168
pd-user_3545543
pd-user_3569342
pd-user_1750218
pd-user_3118211
pd-user_5091460
pd-user_4000655
pd-user_7187506
pd-user_4971919
pd-user_8440019
pd-user_2902269
pd-user_7216995
pd-user_6319063
pd-user_772962
pd-user_407403
pd-user_6946277
pd-user_943345
pd-user_5758627
pd-user_2128189
pd-user_1313846
pd-user_7958686
pd-user_5763464
pd-user_533624
pd-user_7968377
pd-user_5825250
pd-user_9764681
pd-user_9085494
pd-user_9832582
pd-user_6738007
pd-user_1010815
pd-user_6887694
pd-user_3417533
pd-user_8057785
pd-user_447116
pd-user_8193270
pd-user_3089908
pd-user_5713977
pd-user_4968716
pd-user_5474412
pd-user_3667397
pd-user_6314316
pd-user_6114067
pd-user_5807816
pd-user_1484767
pd-user_1593488
pd-user_8817398
pd-user_2686707
pd-user_6479863
pd-user_6874095
pd-user_809285
pd-user_1567299
pd-user_4704028
pd-user_6832066
pd-user_2674552
pd-user_4042997
pd-user_8090409
pd-user_5309363
pd-user_2140248
pd-user_3978265
pd-user_2571027
pd-user_5664687
pd-user_8145558
pd-user_9800359
pd-user_8881923
pd-user_9627273
pd-user_859106
pd-user_4074462
pd-user_5107927
pd-user_8529193
pd-user_5932880
pd-user_2386918
pd-user_6768376
pd-user_1761026
pd-user_8919073
pd-user_8655547
pd-user_9824631
pd-user_4863018
pd-user_397795
pd-user_2581235
pd-user_3281566
pd-user_9938280
pd-user_2092095
pd-user_7364916
pd-user_8462101
pd-user_4872861
pd-user_8175182
pd-user_9121390
pd-user_4048925
pd-user_345830
pd-user_3974314
pd-user_3881298
pd-user_7681475
pd-user_4830963
pd-user_151365
pd-user_1435819
pd-user_8245807
pd-user_9999386
pd-user_6352848
pd-user_8083809
pd-user_2372518
pd-user_9910367
pd-user_2776799
pd-user_6911352
pd-user_6285450
pd-user_7569597
pd-user_8845663
pd-user_4859544
pd-user_3908573
pd-user_2048108
pd-user_9688223
pd-user_9765502
pd-user_4892486
pd-user_9448368
pd-user_5652537
pd-user_5057336
pd-user_6631795
pd-user_1743180
pd-user_4423866
pd-user_7547779
pd-user_9215605
pd-user_5575828
pd-user_1313648
pd-user_5808653
pd-user_5737305
pd-user_3069881
pd-user_9896969
pd-user_9162065
pd-user_2301382
pd-user_2094499
pd-user_6922425
pd-user_5865835
pd-user_3018132
pd-user_9029858
pd-user_5973602
pd-user_7956207
pd-user_7230390
pd-user_7893683
pd-user_1753631
pd-user_3668243
pd-user_2412637
pd-user_317252
pd-user_9336751
pd-user_5547415
pd-user_7653313
pd-user_5922426
pd-user_7979187
pd-user_6660463
pd-user_6384622
pd-user_2069922
pd-user_971266
pd-user_5585999
pd-user_2277865
pd-user_8403843
pd-user_914134
pd-user_2974956
pd-user_6610460
pd-user_934925
pd-user_3573036
pd-user_2111861
pd-user_7681187
pd-user_2097288
pd-user_8010027
pd-user_3780456
pd-user_3379210
pd-user_1132534
pd-user_5541711
pd-user_7145221
pd-user_874343
pd-user_6253177
pd-user_3353799
pd-user_6140585
pd-user_8944480
pd-user_6628815
pd-user_5062957
pd-user_4303409
pd-user_8698925
pd-user_9165384
pd-user_3334643
pd-user_1302410
pd-user_4395906
pd-user_5478338
pd-user_1448840
pd-user_905470
pd-user_7650644
pd-user_9648379
pd-user_6894814
pd-user_1325034
pd-user_5876629
pd-user_8516589
pd-user_5897477
pd-user_2512419
pd-user_7685535
pd-user_685980
pd-user_3453132
pd-user_1111518
pd-user_6828897
pd-user_3165765
pd-user_7493154
pd-user_4000621
pd-user_2738662
pd-user_3010296
pd-user_732228
pd-user_8495146
pd-user_1099000
pd-user_9647271
pd-user_7708843
pd-user_8082732
pd-user_9995680
pd-user_4851579
pd-user_5513460
pd-user_5959162
pd-user_3216971
pd-user_5668767
pd-user_9881727
pd-user_4501349
pd-user_7017501
pd-user_7545900
pd-user_7519026
pd-user_5263518
pd-user_8343110
pd-user_115734
pd-user_8123315
pd-user_8654656
pd-user_8720896
pd-user_8622859
pd-user_8145612
pd-user_7471721
pd-user_427652
pd-user_8084843
pd-user_5700493
pd-user_1018256
pd-user_4949516
pd-user_9317395
pd-user_3336657
pd-user_9781636
pd-user_8905047
pd-user_1343256
pd-user_5743495
pd-user_7129085
pd-user_7559374
pd-user_8398927
pd-user_9817790
pd-user_6016542
pd-user_1042004
pd-user_5882665
pd-user_4022285
pd-user_54072
pd-user_3947273
pd-user_2531701
pd-user_4039675
pd-user_5386670
pd-user_2097524
pd-user_8722222
pd-user_8443517
pd-user_4467723
pd-user_2736942
pd-user_3890251
pd-user_5749878
pd-user_9584005
pd-user_7558849
pd-user_5278570
pd-user_6459622
pd-user_1196093
pd-user_7993936
pd-user_7855395
pd-user_9487433
pd-user_9571293
pd-user_6194832
pd-user_5413739
pd-user_1453044
pd-user_9096092
pd-user_2424530
pd-user_8359040
pd-user_1234525
pd-user_1108129
pd-user_5795007
pd-user_420886
pd-user_4294255
pd-user_7566493
pd-user_5461652
pd-user_3855479
pd-user_4857526
pd-user_6602602
pd-user_1837629
pd-user_9251936
pd-user_1747541
pd-user_625054
pd-user_9871449
pd-user_6802174
pd-user_5048358
pd-user_295744
pd-user_6039910
pd-user_6743749
pd-user_2721608
pd-user_7365747
pd-user_6956747
pd-user_1809646
pd-user_5871823
pd-user_3265283
pd-user_5627364
pd-user_9002663
pd-user_7733177
pd-user_9027522
pd-user_5067822
pd-user_6402299
pd-user_6767891
pd-user_1368072
pd-user_5486057
pd-user_1185651
pd-user_1019371
pd-user_4542081
pd-user_2908978
pd-user_545791
pd-user_6111971
pd-user_6336217
pd-user_3153186
pd-user_4748197
pd-user_823644
pd-user_3742830
pd-user_129851
pd-user_990918
pd-user_6944931
pd-user_4693035
pd-user_3451014
pd-user_2545824
pd-user_9812651
pd-user_1289603
pd-user_399312
pd-user_4580914
pd-user_8513998
pd-user_4964277
pd-user_8581684
pd-user_848876
pd-user_3156474
pd-user_5735853
pd-user_5682457
pd-user_6963669
pd-user_6423695
pd-user_6496781
pd-user_9802340
pd-user_2060211
pd-user_7420630
pd-user_9404569
pd-user_985946
pd-user_793402
pd-user_5366724
pd-user_8821100
pd-user_5797903
pd-user_6783488
pd-user_4907251
pd-user_120967
pd-user_6823479
pd-user_1633869
pd-user_6779025
pd-user_4886315
pd-user_4687458
pd-user_3068303
pd-user_7003170
pd-user_4354490
pd-user_7773189
pd-user_6422991
pd-user_5870271
pd-user_5206247
pd-user_1103100
pd-user_2875028
pd-user_334347
pd-user_7170658
pd-user_8741356
pd-user_3637617
pd-user_679340
pd-user_5184876
pd-user_7572477
pd-user_9086937
pd-user_7669949
pd-user_363857
pd-user_6642075
pd-user_3209209
pd-user_699527
pd-user_5104722
pd-user_3231330
pd-user_1676999
pd-user_7297426
pd-user_3043939
pd-user_3175528
pd-user_5965669
pd-user_8910345
pd-user_8623515
pd-user_168911
pd-user_2431056
pd-user_2406283
pd-user_7713142
pd-user_7089291
pd-user_5220724
pd-user_5633804
pd-user_5583674
pd-user_8728795
pd-user_1247724
pd-user_6902807
pd-user_7270178
pd-user_8287704
pd-user_6995737
pd-user_2999285
pd-user_8582741
pd-user_3414838
pd-user_5493840
pd-user_3013485
pd-user_9401482
pd-user_1092510
pd-user_6986300
pd-user_3804350
pd-user_8555496
pd-user_5436995
pd-user_2476547
pd-user_3107003
pd-user_8586116
pd-user_9666542
pd-user_573801
pd-user_346911
pd-user_2998809
pd-user_2488288
pd-user_4300829
pd-user_5647828
pd-user_9400272
pd-user_54935
pd-user_6112473
pd-user_3045033
pd-user_9879865
pd-user_8377051
pd-user_3312662
pd-user_6187546
pd-user_3949558
pd-user_345862
pd-user_6709186
pd-user_4831048
pd-user_665490
pd-user_7962175
pd-user_8210397
pd-user_212957
pd-user_6604964
pd-user_3449692
pd-user_7208459
pd-user_6420457
pd-user_6412949
pd-user_829536
pd-user_6197914
pd-user_4986558
pd-user_9050558
pd-user_9980950
pd-user_1145466
pd-user_4348706
pd-user_6898429
pd-user_4403669
pd-user_6819736
pd-user_6451446
pd-user_6885619
pd-user_3777734
pd-user_7178933
pd-user_2218013
pd-user_1001079
pd-user_9720048
pd-user_287798
pd-user_8361801
pd-user_6843641
pd-user_4845113
pd-user_6793744
pd-user_2654331
pd-user_7477703
pd-user_1475845
pd-user_6729467
pd-user_4898981
pd-user_4286821
pd-user_3863197
pd-user_5829292
pd-user_5716809
pd-user_1002805
pd-user_2660433
pd-user_3663536
pd-user_6461583
pd-user_3007876
pd-user_9403930
pd-user_6541264
pd-user_392408
pd-user_7463235
pd-user_9119392
pd-user_6078859
pd-user_8057990
pd-user_2367829
pd-user_8645500
pd-user_7414760
pd-user_588690
pd-user_1393741
pd-user_3098782
pd-user_6851106
pd-user_8969336
pd-user_4531659
pd-user_9931546
pd-user_1916603
pd-user_2778274
pd-user_9056287
pd-user_4626283
pd-user_1789213
pd-user_8865460
pd-user_8885596
pd-user_1230914
pd-user_9436709
pd-user_2724207
pd-user_4143566
pd-user_5682866
pd-user_2776064
pd-user_1729768
pd-user_8726374
pd-user_2393210
pd-user_5859567
pd-user_916830
pd-user_1312180
pd-user_6998597
pd-user_2099984
pd-user_1861962
pd-user_8366251
pd-user_2005813
pd-user_5506162
pd-user_1936271
pd-user_8376295
pd-user_9569362
pd-user_9171071
pd-user_270410
pd-user_1549146
pd-user_9621729
pd-user_3630870
pd-user_1720502
pd-user_9005711
pd-user_4694158
pd-user_5689469
pd-user_8951012
pd-user_8634291
pd-user_3994012
pd-user_7186360
pd-user_8168621
pd-user_473584
pd-user_9902203
pd-user_7195920
pd-user_1641937
pd-user_536835
pd-user_5712783
pd-user_3971732
pd-user_411150
pd-user_9548399
pd-user_5598221
pd-user_3386071
pd-user_6577476
pd-user_6135468
pd-user_4563548
pd-user_7867533
pd-user_8053458
pd-user_7602493
pd-user_8503577
pd-user_9694194
pd-user_4334624
pd-user_1175506
pd-user_2179512
pd-user_2752357
pd-user_1586497
pd-user_5974547
pd-user_6040614
pd-user_4318358
pd-user_473973
pd-user_3414383
pd-user_7663192
pd-user_3699885
pd-user_1323442
pd-user_3437735
pd-user_6802121
pd-user_7041203
pd-user_6100617
pd-user_2461300
pd-user_4940784
pd-user_362733
pd-user_8886203
pd-user_6701961
pd-user_6814126
pd-user_7714184
pd-user_5788247
pd-user_6711023
pd-user_9230766
pd-user_2239716
pd-user_9748614
pd-user_5110674
pd-user_8335699
pd-user_4661511
pd-user_3344861
pd-user_4029977
pd-user_9908680
pd-user_7669016
pd-user_6329756
pd-user_5115841
pd-user_4417428
pd-user_7258592
pd-user_1347175
pd-user_3676634
pd-user_9326669
pd-user_9966167
pd-user_6645969
pd-user_9144414
pd-user_6857345
pd-user_2872748
pd-user_6319969
pd-user_2337917
pd-user_7169613
pd-user_3041938
pd-user_4863658
pd-user_5537185
pd-user_2247204
pd-user_6608696
pd-user_181360
pd-user_3088634
pd-user_45797
pd-user_981658
pd-user_459785
pd-user_9602468
pd-user_1252561
pd-user_5338694
pd-user_9899002
pd-user_7294630
pd-user_6554306
pd-user_5461447
pd-user_9366353
pd-user_3659719
pd-user_9197981
pd-user_2239326
pd-user_2355045
pd-user_9609640
pd-user_3058161
pd-user_9819488
pd-user_1670438
pd-user_1736743
pd-user_2235878
pd-user_1646950
pd-user_508617
pd-user_6886018
pd-user_7890779
pd-user_5367335
pd-user_2709983
pd-user_7577185
pd-user_8079890
pd-user_9361425
pd-user_1275823
pd-user_3317720
pd-user_1428213
pd-user_1346185
pd-user_464596
pd-user_2599711
pd-user_4141368
pd-user_6126038
pd-user_2754420
pd-user_4035003
pd-user_3925797
pd-user_7925167
pd-user_6554827
pd-user_8211199
pd-user_544993
pd-user_8391705
pd-user_8873848
pd-user_8349572
pd-user_5145633
pd-user_815931
pd-user_3566488
pd-user_2280022
pd-user_3007047
pd-user_9636631
pd-user_3511044
pd-user_1330439
pd-user_3854529
pd-user_7214013
pd-user_3755729
pd-user_2489398
pd-user_507312
pd-user_5552619
pd-user_305612
pd-user_7868334
pd-user_7932640
pd-user_5447240
pd-user_9685922
pd-user_7169938
pd-user_7025309
pd-user_3725295
pd-user_8733321
pd-user_446998
pd-user_4475273
pd-user_6538946
pd-user_1597262
pd-user_2808066
pd-user_3478182
pd-user_5923180
pd-user_8404328
pd-user_4012406
pd-user_6096066
pd-user_2959134
pd-user_5869478
pd-user_6843027
pd-user_3098471
pd-user_6696786
pd-user_2209451
pd-user_7255498
pd-user_9851042
pd-user_2341306
pd-user_9734791
pd-user_2850021
pd-user_5433493
pd-user_8465536
pd-user_5510881
pd-user_8446841
pd-user_4157188
pd-user_1310848
pd-user_384683
pd-user_3927235
pd-user_8575456
pd-user_8406333
pd-user_604257
pd-user_7505515
pd-user_8374440
pd-user_5528298
pd-user_1514988
pd-user_9892202
pd-user_928563
pd-user_1237361
pd-user_2010427
pd-user_7014175
pd-user_9889279
pd-user_1359307
pd-user_813986
pd-user_2679237
pd-user_1947691
pd-user_1440536
pd-user_7194409
pd-user_3029685
pd-user_4916382
pd-user_5228757
pd-user_2478524
pd-user_817214
pd-user_7309060
pd-user_9269154
pd-user_7162098
pd-user_1495847
pd-user_992307
pd-user_5403928
pd-user_4871341
pd-user_1247586
pd-user_2540220
pd-user_8657904
pd-user_4272071
pd-user_1949655
pd-user_6656673
pd-user_1426151
pd-user_1311824
pd-user_8028906
pd-user_9668786
pd-user_3985249
pd-user_8057093
pd-user_4848176
pd-user_2484357
pd-user_6359361
pd-user_2585950
pd-user_7460596
pd-user_8445469
pd-user_9010768
pd-user_1760842
pd-user_1253850
pd-user_1065494
pd-user_6274620
pd-user_6037392
pd-user_7219036
pd-user_1046963
pd-user_6108017
pd-user_1144593
pd-user_1828173
pd-user_8889531
pd-user_9249296
pd-user_6008755
pd-user_595991
pd-user_4868930
pd-user_3533636
pd-user_2794952
pd-user_4440587
pd-user_2297459
pd-user_4494788
pd-user_3168279
pd-user_9492915
pd-user_8949662
pd-user_9608385
pd-user_7046997
pd-user_2574616
pd-user_3693241
pd-user_9558627
pd-user_4629185
pd-user_8459246
pd-user_3349566
pd-user_1335436
pd-user_8028187
pd-user_9322494
pd-user_9202239
pd-user_1020794
pd-user_8897764
pd-user_443323
pd-user_599722
pd-user_6727689
pd-user_6382820
pd-user_9675644
pd-user_7976197
pd-user_1425510
[2026-06-28 07:43:13,059] main-instance/INFO/locust.runners: Got quit message from master, shutting down...
test stop
[2026-06-28 07:43:13,100] main-instance/INFO/locust.main: Shutting down (exit code 0)
