[2026-06-28 07:41:15,146] main-instance/INFO/locust.main: Starting Locust 2.44.4
producer start
127.0.0.1:19092, ad-stream-topic
producer creating
created
pd-user_2828916
pd-user_4261901
pd-user_3406558
pd-user_8270025
pd-user_2918061
pd-user_2950719
pd-user_7017559
pd-user_777435
pd-user_4870250
pd-user_3617727
pd-user_6145298
pd-user_7116101
pd-user_6625406
pd-user_2229343
pd-user_784429
pd-user_3654924
pd-user_5604300
pd-user_7810828
pd-user_7230096
pd-user_2720193
pd-user_3186543
pd-user_9645289
pd-user_9619208
pd-user_2663746
pd-user_2239018
pd-user_3920805
pd-user_4704804
pd-user_5288476
pd-user_6038518
pd-user_9890670
pd-user_6721310
pd-user_2427575
pd-user_7864896
pd-user_3154435
pd-user_9328066
pd-user_7906773
pd-user_3258240
pd-user_6371150
pd-user_6285387
pd-user_9929006
pd-user_2986704
pd-user_9014591
pd-user_8046378
pd-user_4055118
pd-user_9217941
pd-user_1644580
pd-user_6889125
pd-user_6363855
pd-user_6612809
pd-user_1045119
pd-user_5708207
pd-user_6355359
pd-user_4060676
pd-user_6341592
pd-user_8978710
pd-user_3906535
pd-user_9287399
pd-user_1948774
pd-user_8825915
pd-user_5411091
pd-user_3426370
pd-user_6071062
pd-user_277828
pd-user_9708039
pd-user_836592
pd-user_8465883
pd-user_3168853
pd-user_731314
pd-user_5840790
pd-user_6111594
pd-user_8669804
pd-user_7744917
pd-user_7320388
pd-user_7072179
pd-user_7186094
pd-user_8118711
pd-user_1211838
pd-user_6144211
pd-user_5656472
pd-user_1329163
pd-user_1218038
pd-user_9318561
pd-user_5918155
pd-user_5257321
pd-user_8253022
pd-user_2124927
pd-user_4945335
pd-user_2820835
pd-user_303494
pd-user_3540492
pd-user_7433629
pd-user_7338276
pd-user_2286006
pd-user_8546960
pd-user_2109141
pd-user_8998306
pd-user_7006243
pd-user_2201894
pd-user_9391820
pd-user_194288
pd-user_4778317
pd-user_8819625
pd-user_7639819
pd-user_8161067
pd-user_2262078
pd-user_9185586
pd-user_6310586
pd-user_3150583
pd-user_4171727
pd-user_5752985
pd-user_7619310
pd-user_9840775
pd-user_7415516
pd-user_2149586
pd-user_7902039
pd-user_5678376
pd-user_466908
pd-user_921639
pd-user_9394192
pd-user_6435049
pd-user_7838219
pd-user_8851976
pd-user_8952944
pd-user_9843170
pd-user_9985588
pd-user_1834632
pd-user_3274262
pd-user_3310454
pd-user_374337
pd-user_3300930
pd-user_2274050
pd-user_4773193
pd-user_6339564
pd-user_3821500
pd-user_2841960
pd-user_8695839
pd-user_8206197
pd-user_6275982
pd-user_538343
pd-user_106772
pd-user_334719
pd-user_1018531
pd-user_1911892
pd-user_1397779
pd-user_5684043
pd-user_8287994
pd-user_4564746
pd-user_2930599
pd-user_1970909
pd-user_7011423
pd-user_1262347
pd-user_5302912
pd-user_6652570
pd-user_9660121
pd-user_3824338
pd-user_7693278
pd-user_9094379
pd-user_1692751
pd-user_8588860
pd-user_1701968
pd-user_5728594
pd-user_9777618
pd-user_6378889
pd-user_2079331
pd-user_3865343
pd-user_6132573
pd-user_7255097
pd-user_496357
pd-user_1506903
pd-user_5352954
pd-user_2538705
pd-user_2673018
pd-user_7689866
pd-user_7303320
pd-user_190198
pd-user_224833
pd-user_8428918
pd-user_3348646
pd-user_4683048
pd-user_461354
pd-user_3213538
pd-user_1750604
pd-user_5796924
pd-user_5084038
pd-user_200741
pd-user_317703
pd-user_4646900
pd-user_218571
pd-user_4606789
pd-user_143761
pd-user_2268839
pd-user_5971713
pd-user_6338642
pd-user_1089770
pd-user_3132183
pd-user_7335230
pd-user_1954476
pd-user_8193596
pd-user_7678783
pd-user_7782807
pd-user_758731
pd-user_5043938
pd-user_1775046
pd-user_4180003
pd-user_3922070
pd-user_3440965
pd-user_2621974
pd-user_7561672
pd-user_6326140
pd-user_8899933
pd-user_3724930
pd-user_9337377
pd-user_5021773
pd-user_3368404
pd-user_1769088
pd-user_3105912
pd-user_9159081
pd-user_5561169
pd-user_1498702
pd-user_3678109
pd-user_4757919
pd-user_8357570
pd-user_2711249
pd-user_830245
pd-user_2193866
pd-user_4741927
pd-user_2489733
pd-user_4221390
pd-user_7250192
pd-user_6698025
pd-user_5158543
pd-user_5514947
pd-user_4979249
pd-user_1431597
pd-user_6870693
pd-user_964666
pd-user_3941277
pd-user_799844
pd-user_4117834
pd-user_8493076
pd-user_6459112
pd-user_7500871
pd-user_7387541
pd-user_5501787
pd-user_2229467
pd-user_4352723
pd-user_911839
pd-user_8065642
pd-user_4056109
pd-user_5709752
pd-user_7528454
pd-user_7747337
pd-user_4239206
pd-user_6903132
pd-user_1385379
pd-user_2725604
pd-user_2538865
pd-user_2524294
pd-user_4736500
pd-user_6389019
pd-user_1834358
pd-user_7343171
pd-user_261891
pd-user_8224356
pd-user_3528679
pd-user_5624242
pd-user_1391559
pd-user_9809844
pd-user_8806213
pd-user_2149222
pd-user_5239796
pd-user_5264144
pd-user_6751899
pd-user_7501521
pd-user_7313583
pd-user_7941771
pd-user_8606043
pd-user_7063290
pd-user_7730646
pd-user_5177216
pd-user_1197708
pd-user_6775987
pd-user_4910200
pd-user_5746458
pd-user_6447840
pd-user_2204703
pd-user_1821461
pd-user_2151256
pd-user_3936722
pd-user_917891
pd-user_4182962
pd-user_5983007
pd-user_9575895
pd-user_8844074
pd-user_2461541
pd-user_3066685
pd-user_4053901
pd-user_7550339
pd-user_3192687
pd-user_3484668
pd-user_6422994
pd-user_7377655
pd-user_3839141
pd-user_975968
pd-user_4635897
pd-user_8389265
pd-user_7529247
pd-user_308572
pd-user_7764849
pd-user_4184644
pd-user_1336643
pd-user_8533218
pd-user_9521290
pd-user_2709410
pd-user_2275866
pd-user_5638342
pd-user_1245490
pd-user_759622
pd-user_5064223
pd-user_2791053
pd-user_2216509
pd-user_856108
pd-user_5936893
pd-user_977975
pd-user_857557
pd-user_3815555
pd-user_2788154
pd-user_3485062
pd-user_2389296
pd-user_3816306
pd-user_2114118
pd-user_4030437
pd-user_228385
pd-user_9935967
pd-user_980203
pd-user_771317
pd-user_3098166
pd-user_6147531
pd-user_5978712
pd-user_2708480
pd-user_2718217
pd-user_5957395
pd-user_352570
pd-user_8767160
pd-user_9030288
pd-user_8896039
pd-user_1517588
pd-user_4673001
pd-user_861177
pd-user_2672836
pd-user_7033822
pd-user_9417289
pd-user_7433985
pd-user_8929031
pd-user_4830053
pd-user_349102
pd-user_7739678
pd-user_4138727
pd-user_7644971
pd-user_5041160
pd-user_2729136
pd-user_7404775
pd-user_6054124
pd-user_3601857
pd-user_8478666
pd-user_3369298
pd-user_783206
pd-user_9003773
pd-user_8031525
pd-user_9809738
pd-user_9396339
pd-user_9398276
pd-user_2654085
pd-user_4874363
pd-user_9697784
pd-user_720766
pd-user_1590782
pd-user_7484746
pd-user_4585479
pd-user_8209746
pd-user_6596691
pd-user_9371317
pd-user_280189
pd-user_1139468
pd-user_6544649
pd-user_2841641
pd-user_1603077
pd-user_2860518
pd-user_9533076
pd-user_4071290
pd-user_4421346
pd-user_9173305
pd-user_5698724
pd-user_6884663
pd-user_3613100
pd-user_7848540
pd-user_8463813
pd-user_6231008
pd-user_237076
pd-user_6363709
pd-user_9385383
pd-user_8082975
pd-user_1171683
pd-user_3666892
pd-user_2456075
pd-user_8381869
pd-user_7210711
pd-user_8820506
pd-user_1436616
pd-user_9181568
pd-user_2314052
pd-user_339972
pd-user_2015229
pd-user_3488251
pd-user_6287935
pd-user_2039313
pd-user_6294470
pd-user_5281549
pd-user_8845976
pd-user_4919111
pd-user_226119
pd-user_6031210
pd-user_5090260
pd-user_3001301
pd-user_1860946
pd-user_6818897
pd-user_4258708
pd-user_2366487
pd-user_7069824
pd-user_9917950
pd-user_8779153
pd-user_1755334
pd-user_9815293
pd-user_1930127
pd-user_1151178
pd-user_7513891
pd-user_6589470
pd-user_5078127
pd-user_8278358
pd-user_4278025
pd-user_7506350
pd-user_7265791
pd-user_1446152
pd-user_5510770
pd-user_6677547
pd-user_6585599
pd-user_5469862
pd-user_3896035
pd-user_936994
pd-user_4326454
pd-user_4638401
pd-user_6776365
pd-user_4154549
pd-user_189976
pd-user_7420974
pd-user_9948528
pd-user_5322574
pd-user_2906252
pd-user_5591107
pd-user_5898037
pd-user_2881315
pd-user_9139599
pd-user_9164693
pd-user_3137003
pd-user_5934713
pd-user_7050893
pd-user_4657884
pd-user_7078010
pd-user_4325170
pd-user_4433707
pd-user_1453821
pd-user_6380769
pd-user_4843816
pd-user_2478831
pd-user_8668398
pd-user_6224214
pd-user_9569805
pd-user_4549530
pd-user_1118264
pd-user_7943939
pd-user_995419
pd-user_7743419
pd-user_5714627
pd-user_2712002
pd-user_91785
pd-user_4494646
pd-user_6367926
pd-user_3491276
pd-user_5837523
pd-user_990229
pd-user_6497712
pd-user_5378778
pd-user_9766291
pd-user_7350112
pd-user_5483957
pd-user_403156
pd-user_5972476
pd-user_3308467
pd-user_1611816
pd-user_9344203
pd-user_5563602
pd-user_5457253
pd-user_7248297
pd-user_5611243
pd-user_5611423
pd-user_6577225
pd-user_4396716
pd-user_35217
pd-user_2002857
pd-user_1044003
pd-user_867302
pd-user_2780980
pd-user_6114136
pd-user_461296
pd-user_9484198
pd-user_1939943
pd-user_8657272
pd-user_4029236
pd-user_164758
pd-user_2854872
pd-user_5354409
pd-user_7850701
pd-user_9176553
pd-user_5107019
pd-user_1797651
pd-user_9745310
pd-user_6377482
pd-user_7537503
pd-user_1159761
pd-user_2841564
pd-user_4599366
pd-user_6034878
pd-user_6594651
pd-user_4663210
pd-user_9797647
pd-user_5187692
pd-user_2487182
pd-user_7672128
pd-user_3120952
pd-user_3198752
pd-user_5651856
pd-user_7415367
pd-user_1371194
pd-user_963742
pd-user_3489486
pd-user_1967998
pd-user_851409
pd-user_1540085
pd-user_3155495
pd-user_382960
pd-user_8574556
pd-user_270322
pd-user_5717533
pd-user_3788475
pd-user_5419295
pd-user_9984305
pd-user_397698
pd-user_2876403
pd-user_1629182
pd-user_4113524
pd-user_3587593
pd-user_8292911
pd-user_6561064
pd-user_9855595
pd-user_8916806
pd-user_66925
pd-user_5005787
pd-user_4022352
pd-user_2807101
pd-user_8042124
pd-user_5628312
pd-user_3068576
pd-user_2778531
pd-user_9915474
pd-user_2109924
pd-user_4770146
pd-user_6295966
pd-user_6574772
pd-user_4813326
pd-user_8111743
pd-user_7312839
pd-user_2818937
pd-user_6337060
pd-user_4557258
pd-user_5946598
pd-user_7912479
pd-user_972329
pd-user_8621513
pd-user_2530788
pd-user_6779747
pd-user_5423489
pd-user_5102641
pd-user_9479562
pd-user_7175641
pd-user_5941643
pd-user_1199034
pd-user_4115301
pd-user_5899288
pd-user_1638462
pd-user_8238757
pd-user_9923954
pd-user_3966434
pd-user_2008703
pd-user_3318067
pd-user_6947462
pd-user_9116585
pd-user_2453167
pd-user_7856807
pd-user_4017387
pd-user_6594026
pd-user_9590280
pd-user_8096794
pd-user_3355868
pd-user_6563048
pd-user_5397103
pd-user_243617
pd-user_8680939
pd-user_6490972
pd-user_961961
pd-user_7557663
pd-user_2768226
pd-user_7387632
pd-user_4133554
pd-user_5751088
pd-user_6230921
pd-user_8484007
pd-user_4436161
pd-user_8731374
pd-user_1740471
pd-user_2207747
pd-user_1980006
pd-user_6269286
pd-user_7732359
pd-user_6436067
pd-user_8289739
pd-user_7872556
pd-user_5639356
pd-user_2453944
pd-user_5031607
pd-user_3440965
pd-user_3477359
pd-user_1362912
pd-user_8061984
pd-user_4958186
pd-user_974183
pd-user_5309794
pd-user_7106305
pd-user_7290663
pd-user_3818577
pd-user_7973348
pd-user_153939
pd-user_708873
pd-user_9997908
pd-user_4822636
pd-user_7105214
pd-user_2470411
pd-user_1460983
pd-user_9535011
pd-user_6669817
pd-user_9738520
pd-user_545020
pd-user_1503465
pd-user_1279821
pd-user_5053710
pd-user_9032452
pd-user_8758720
pd-user_5707766
pd-user_5511834
pd-user_1610154
pd-user_7423509
pd-user_6251933
pd-user_9933603
pd-user_3953740
pd-user_2920986
pd-user_6547119
pd-user_7241398
pd-user_1481165
pd-user_554724
pd-user_4788828
pd-user_1181258
pd-user_3991154
pd-user_8273032
pd-user_5089751
pd-user_3443751
pd-user_6853863
pd-user_9209559
pd-user_3980414
pd-user_6210784
pd-user_3997581
pd-user_4187886
pd-user_3944238
pd-user_7038148
pd-user_9665952
pd-user_6676930
pd-user_2945206
pd-user_2087093
pd-user_4360203
pd-user_8452932
pd-user_9617114
pd-user_1516222
pd-user_4008283
pd-user_5839839
pd-user_1867911
pd-user_2173604
pd-user_7007069
pd-user_2129567
pd-user_9081000
pd-user_1332729
pd-user_3548852
pd-user_8345467
pd-user_6958107
pd-user_12725
pd-user_8413413
pd-user_6046206
pd-user_4014175
pd-user_7081921
pd-user_2717369
pd-user_8911693
pd-user_9543367
pd-user_6886244
pd-user_5521248
pd-user_7463060
pd-user_5175919
pd-user_7129395
pd-user_7599519
pd-user_2212410
pd-user_3068037
pd-user_2682596
pd-user_6514711
pd-user_2538286
pd-user_3243314
pd-user_3519290
pd-user_5902799
pd-user_1335690
pd-user_3204559
pd-user_2683197
pd-user_2282249
pd-user_9866840
pd-user_2310213
pd-user_866719
pd-user_4128205
pd-user_497348
pd-user_566638
pd-user_9187686
pd-user_1985449
pd-user_4341698
pd-user_5901272
pd-user_3105096
pd-user_6210909
pd-user_4954743
pd-user_3814163
pd-user_2581106
pd-user_6988320
pd-user_5088170
pd-user_3431472
pd-user_1534698
pd-user_7931904
pd-user_3875041
pd-user_9832525
pd-user_7011715
pd-user_4454682
pd-user_195988
pd-user_4557813
pd-user_6754042
pd-user_6649705
pd-user_745700
pd-user_8348927
pd-user_1441754
pd-user_1373639
pd-user_9012490
pd-user_9214338
pd-user_8292634
pd-user_5899659
pd-user_1764548
pd-user_2343422
pd-user_5974179
pd-user_2803181
pd-user_1654309
pd-user_9396021
pd-user_5309768
pd-user_2699386
pd-user_6422102
pd-user_7689686
pd-user_4396928
pd-user_7885470
pd-user_3129850
pd-user_8658501
pd-user_1569948
pd-user_7842782
pd-user_3441358
pd-user_3086916
pd-user_1395745
pd-user_4461378
pd-user_8721941
pd-user_8656654
pd-user_8409368
pd-user_6029354
pd-user_1962801
pd-user_9778409
pd-user_8165133
pd-user_6196635
pd-user_2913758
pd-user_6589279
pd-user_5553932
pd-user_2682390
pd-user_8055780
pd-user_8843453
pd-user_1366929
pd-user_3143954
pd-user_5099578
pd-user_6473311
pd-user_1441481
pd-user_5497013
pd-user_5471652
pd-user_4520223
pd-user_6473438
pd-user_8276512
pd-user_276424
pd-user_9911779
pd-user_5339689
pd-user_9771659
pd-user_7398754
pd-user_9242201
pd-user_3673696
pd-user_8846873
pd-user_3149974
pd-user_3610573
pd-user_1811945
pd-user_2201538
pd-user_3015868
pd-user_7966598
pd-user_3686247
pd-user_7387491
pd-user_3929836
pd-user_7544904
pd-user_2439060
pd-user_4788218
pd-user_5479131
pd-user_7658236
pd-user_2827221
pd-user_3546715
pd-user_5741596
pd-user_9815843
pd-user_4657832
pd-user_4113138
pd-user_1262236
pd-user_5621127
pd-user_8979051
pd-user_7271777
pd-user_3240412
pd-user_3910651
pd-user_7102407
pd-user_7845239
pd-user_7506422
pd-user_4123566
pd-user_656502
pd-user_7594926
pd-user_9729169
pd-user_1175189
pd-user_4375877
pd-user_2635791
pd-user_4762255
pd-user_4845267
pd-user_9096545
pd-user_7560790
pd-user_1271224
pd-user_6842962
pd-user_7102933
pd-user_3091335
pd-user_747269
pd-user_2675171
pd-user_3482376
pd-user_8175349
pd-user_5403108
pd-user_3484789
pd-user_973897
pd-user_2550947
pd-user_861605
pd-user_1385793
pd-user_3811877
pd-user_1009677
pd-user_8834334
pd-user_619611
pd-user_5160146
pd-user_2780680
pd-user_3370933
pd-user_2069013
pd-user_125993
pd-user_7760959
pd-user_2898557
pd-user_2014248
pd-user_6760586
pd-user_4840448
pd-user_7772135
pd-user_4131630
pd-user_3799199
pd-user_2115197
pd-user_4542404
pd-user_3504731
pd-user_6057538
pd-user_9270942
pd-user_2715249
pd-user_1563752
pd-user_7133858
pd-user_4399920
pd-user_2462032
pd-user_1668210
pd-user_4531027
pd-user_8273471
pd-user_3698139
pd-user_7791433
pd-user_1514159
pd-user_8304410
pd-user_1700450
pd-user_1831268
pd-user_8405160
pd-user_3437799
pd-user_4057555
pd-user_3172974
pd-user_9912221
pd-user_5207741
pd-user_1559199
pd-user_9989386
pd-user_5737713
pd-user_6646503
pd-user_2443781
pd-user_395381
pd-user_4041035
pd-user_7675084
pd-user_6345899
pd-user_1779531
pd-user_6510821
pd-user_4512776
pd-user_5302169
pd-user_5686086
pd-user_2588184
pd-user_7963097
pd-user_2911350
pd-user_3302962
pd-user_9575227
pd-user_6352497
pd-user_5014244
pd-user_3103097
pd-user_5171888
pd-user_7473771
pd-user_9659508
pd-user_2376890
pd-user_2360666
pd-user_9970385
pd-user_339390
pd-user_8854623
pd-user_6232752
pd-user_4024857
pd-user_9446372
pd-user_5530535
pd-user_3127559
pd-user_6943591
pd-user_2886508
pd-user_8953379
pd-user_4295667
pd-user_8448468
pd-user_7728572
pd-user_1219746
pd-user_1142526
pd-user_8245118
pd-user_400027
pd-user_9230142
pd-user_9469003
pd-user_3678035
pd-user_275698
pd-user_3846962
pd-user_2915035
pd-user_8019037
pd-user_4397867
pd-user_3261245
pd-user_6661663
pd-user_2932148
pd-user_8350644
pd-user_3641554
pd-user_5209165
pd-user_6064441
pd-user_6645421
pd-user_6907259
pd-user_2717322
pd-user_8662270
pd-user_1593030
pd-user_2603242
pd-user_3892225
pd-user_7750553
pd-user_7605722
pd-user_5687353
pd-user_2765389
pd-user_4693078
pd-user_7320118
pd-user_7504967
pd-user_8246209
pd-user_7726014
pd-user_1148787
pd-user_7606885
pd-user_1397398
pd-user_1939070
pd-user_4788386
pd-user_789794
pd-user_292196
pd-user_8938502
pd-user_3931728
pd-user_7166431
pd-user_1205760
pd-user_5557519
pd-user_1619216
pd-user_7215573
pd-user_7940396
pd-user_4135875
pd-user_1349130
pd-user_9710919
pd-user_9251665
pd-user_8198786
pd-user_1633519
pd-user_1282204
pd-user_7566931
pd-user_6611827
pd-user_255583
pd-user_9581916
pd-user_4471472
pd-user_8969198
pd-user_2802442
pd-user_2745285
pd-user_3512191
pd-user_2570191
pd-user_6764146
pd-user_4506641
pd-user_6824746
pd-user_6281349
pd-user_1023067
pd-user_5067036
pd-user_860349
pd-user_3795027
pd-user_4781305
pd-user_9355246
pd-user_6095667
pd-user_5045925
pd-user_6593162
pd-user_8155275
pd-user_7321728
pd-user_3650032
pd-user_3479006
pd-user_7055059
pd-user_1057658
pd-user_1696340
pd-user_776053
pd-user_6256180
pd-user_5930610
pd-user_5843235
pd-user_4065358
pd-user_6612973
pd-user_1623547
pd-user_7904882
pd-user_5820572
pd-user_5469662
pd-user_8007047
pd-user_7534209
pd-user_3827574
pd-user_7830975
pd-user_2392497
pd-user_6124754
pd-user_9434427
pd-user_7860624
pd-user_5390759
pd-user_6057055
pd-user_8824792
pd-user_7832061
pd-user_4141408
pd-user_196187
pd-user_402436
pd-user_1323490
pd-user_7011823
pd-user_8743483
pd-user_3225638
pd-user_2409610
pd-user_3940409
pd-user_6575895
pd-user_2917599
pd-user_1567095
pd-user_969974
pd-user_1656718
pd-user_2203289
pd-user_521818
pd-user_5419022
pd-user_2690729
pd-user_8399965
pd-user_6423506
pd-user_9614225
pd-user_985062
pd-user_5011926
pd-user_7307463
pd-user_4986446
pd-user_9740025
pd-user_5410011
pd-user_1592651
pd-user_1630909
pd-user_5682309
pd-user_1949626
pd-user_4770633
pd-user_9506775
pd-user_5258204
pd-user_1216173
pd-user_9395524
pd-user_4127631
pd-user_3492174
pd-user_28059
pd-user_8513396
pd-user_307256
pd-user_5019006
pd-user_2997529
pd-user_9966121
pd-user_6384883
pd-user_4363684
pd-user_5975897
pd-user_4424753
pd-user_3866797
pd-user_3290704
pd-user_5478890
pd-user_6232535
pd-user_7708058
pd-user_6327357
pd-user_4716943
pd-user_5552809
pd-user_2928291
pd-user_6742009
pd-user_2382907
pd-user_2504357
pd-user_7527705
pd-user_6424775
pd-user_2230437
pd-user_7022748
pd-user_255811
pd-user_577511
pd-user_3123094
pd-user_548364
pd-user_5117683
pd-user_250849
pd-user_6769226
pd-user_3397652
pd-user_7442653
pd-user_2177443
pd-user_8675629
pd-user_7141836
pd-user_8666624
pd-user_829141
pd-user_5426658
pd-user_9523423
pd-user_7631153
pd-user_4828581
pd-user_4389544
pd-user_5278646
pd-user_2065487
pd-user_9124580
pd-user_8373398
pd-user_9698371
pd-user_5457093
pd-user_3986976
pd-user_6100406
pd-user_4493335
pd-user_7648280
pd-user_9335082
pd-user_1024589
pd-user_5930630
pd-user_3673897
pd-user_9989717
pd-user_675131
pd-user_7322814
pd-user_7491026
pd-user_6774614
pd-user_9270807
pd-user_9585640
pd-user_6898501
pd-user_3373739
pd-user_3140956
pd-user_7287155
pd-user_7075533
pd-user_3492940
pd-user_7376455
pd-user_3213300
pd-user_8287317
pd-user_8369374
pd-user_369499
pd-user_2457645
pd-user_2677795
pd-user_6226080
pd-user_2185239
pd-user_4081740
pd-user_8037199
pd-user_3790565
pd-user_3669646
pd-user_6530933
pd-user_29328
pd-user_1844419
pd-user_652301
pd-user_391693
pd-user_5942398
pd-user_1773904
pd-user_467410
pd-user_2335716
pd-user_2676872
pd-user_311611
pd-user_9428542
pd-user_9601200
pd-user_8757160
pd-user_1092626
pd-user_1592692
pd-user_6221327
pd-user_5202205
pd-user_610603
pd-user_9675166
pd-user_1390442
pd-user_9497151
pd-user_2293937
pd-user_8319081
pd-user_3905439
pd-user_3560656
pd-user_9524107
pd-user_1295830
pd-user_1315325
pd-user_9944527
pd-user_2085186
pd-user_8684643
pd-user_4576983
pd-user_2994319
pd-user_5174958
pd-user_3033662
pd-user_3395408
pd-user_936343
pd-user_8904529
pd-user_6815000
pd-user_116977
pd-user_8626378
pd-user_9345223
pd-user_7655113
pd-user_8489153
pd-user_5952790
pd-user_5970322
pd-user_5768532
pd-user_741560
pd-user_5021979
pd-user_4418231
pd-user_4508889
pd-user_5119451
pd-user_7668458
pd-user_4847786
pd-user_6705963
pd-user_2373841
pd-user_4629164
pd-user_3409254
pd-user_5006663
pd-user_1128782
pd-user_6225839
pd-user_1356462
pd-user_5662864
pd-user_4428415
pd-user_9355794
pd-user_9745025
pd-user_6598576
pd-user_6867880
pd-user_2684629
pd-user_6969476
pd-user_6113982
pd-user_4573006
pd-user_7712895
pd-user_9951450
pd-user_4865514
pd-user_4167024
pd-user_6777125
pd-user_868616
pd-user_5642112
pd-user_2640039
pd-user_5749631
pd-user_4978486
pd-user_3295409
pd-user_8474369
pd-user_8970303
pd-user_938285
pd-user_4033796
pd-user_9928722
pd-user_7937188
pd-user_8970485
pd-user_6210021
pd-user_4144227
pd-user_5387312
pd-user_3021519
pd-user_8825085
pd-user_58857
pd-user_1463644
pd-user_8034100
pd-user_9812980
pd-user_809631
pd-user_3654366
pd-user_9528476
pd-user_436932
pd-user_743731
pd-user_4848045
pd-user_9199331
pd-user_5447402
pd-user_1255263
pd-user_7433851
pd-user_9227986
pd-user_946574
pd-user_6015877
pd-user_6648317
pd-user_4162717
pd-user_6842160
pd-user_6418660
pd-user_7426091
pd-user_3310023
pd-user_9798552
pd-user_1996072
pd-user_802307
pd-user_3162817
pd-user_5955978
pd-user_9147945
pd-user_3228053
pd-user_4270120
pd-user_8253121
pd-user_2980449
pd-user_2378160
pd-user_4973165
pd-user_3748749
pd-user_4873439
pd-user_8069457
pd-user_7950173
pd-user_9267041
pd-user_6155710
pd-user_2014916
pd-user_1479737
pd-user_6956897
pd-user_8282850
pd-user_1252903
pd-user_3754194
pd-user_7672250
pd-user_998643
pd-user_7472818
pd-user_9454849
pd-user_9464461
pd-user_6986159
pd-user_2882015
pd-user_5122809
pd-user_8218247
pd-user_8463829
pd-user_7202180
pd-user_6388035
pd-user_262211
pd-user_8886839
pd-user_3695605
pd-user_718075
pd-user_4861184
pd-user_1387604
pd-user_1586697
pd-user_6358797
pd-user_1912948
pd-user_6424440
pd-user_4357395
pd-user_3440996
pd-user_688219
pd-user_4331910
pd-user_1104944
pd-user_1891100
pd-user_213029
pd-user_4437704
pd-user_3781124
pd-user_8656014
pd-user_3489320
pd-user_7049010
pd-user_5644425
pd-user_6549991
pd-user_5153621
pd-user_9619298
pd-user_3883353
pd-user_7633893
pd-user_7483674
pd-user_175423
pd-user_6262285
pd-user_8967084
pd-user_415590
pd-user_3239685
pd-user_9187336
pd-user_5393438
pd-user_1520481
pd-user_4565725
pd-user_9637847
pd-user_8349493
pd-user_3909082
pd-user_1957079
pd-user_1774728
pd-user_4071777
pd-user_6265286
pd-user_7581344
pd-user_380253
pd-user_4211412
pd-user_8432062
pd-user_8608365
pd-user_7587555
pd-user_4795141
pd-user_5629442
pd-user_2773037
pd-user_4069678
pd-user_2281842
pd-user_6453654
pd-user_4652674
pd-user_4353872
pd-user_1383647
pd-user_2582840
pd-user_8890516
pd-user_2607147
pd-user_126663
pd-user_9738287
pd-user_8765509
pd-user_8442996
pd-user_1714169
pd-user_6018714
pd-user_7895559
pd-user_3981124
pd-user_9221917
pd-user_5976357
pd-user_8272376
pd-user_9952038
pd-user_5172274
pd-user_2931667
pd-user_5175993
pd-user_7042719
pd-user_288526
pd-user_5620697
pd-user_5600937
pd-user_3806602
pd-user_4725839
pd-user_6483284
pd-user_5701759
pd-user_9425128
pd-user_692681
pd-user_8966013
pd-user_462760
pd-user_8929560
pd-user_7751853
pd-user_7602002
pd-user_834198
pd-user_6109923
pd-user_302469
pd-user_920107
pd-user_455519
pd-user_1419507
pd-user_6523066
pd-user_4896970
pd-user_6743606
pd-user_9705687
pd-user_7229139
pd-user_503114
pd-user_8948767
pd-user_9419083
pd-user_2993041
pd-user_6491208
pd-user_1922322
pd-user_910151
pd-user_5969984
pd-user_2344890
pd-user_6393369
pd-user_1498424
pd-user_7010723
pd-user_9027865
pd-user_8543340
pd-user_2297505
pd-user_4608826
pd-user_9953324
pd-user_1976485
pd-user_7603917
pd-user_3076048
pd-user_2528338
pd-user_5108402
pd-user_3400739
pd-user_6106048
pd-user_6492910
pd-user_5286413
pd-user_6389377
pd-user_6722623
pd-user_2118682
pd-user_247957
pd-user_5672941
pd-user_406923
pd-user_5322836
pd-user_3012209
pd-user_3999469
pd-user_4542581
pd-user_5851713
pd-user_7399203
pd-user_4528394
pd-user_62552
pd-user_5872844
pd-user_1866396
pd-user_6994365
pd-user_8201638
pd-user_5974748
pd-user_3919616
pd-user_6951557
pd-user_9122411
pd-user_4331187
pd-user_1098589
pd-user_2328925
pd-user_6328431
pd-user_8816923
pd-user_8350326
pd-user_5266534
pd-user_3806246
pd-user_6826874
pd-user_3441881
pd-user_4830536
pd-user_604992
pd-user_6122254
pd-user_9099029
pd-user_9650697
pd-user_2534224
pd-user_2980999
pd-user_8651196
pd-user_5863399
pd-user_3082660
pd-user_2895900
pd-user_1266569
pd-user_7503335
pd-user_5707872
pd-user_4822886
pd-user_7028291
pd-user_9404637
pd-user_3043317
pd-user_7042407
pd-user_8849250
pd-user_6540723
pd-user_7443668
pd-user_4869748
pd-user_3992652
pd-user_3313212
pd-user_4432160
pd-user_8789748
pd-user_9644073
pd-user_951960
pd-user_5390750
pd-user_1996272
pd-user_4526679
pd-user_2497073
pd-user_4110400
pd-user_7257045
pd-user_8135510
pd-user_4802861
pd-user_2151054
pd-user_1731600
pd-user_1731470
pd-user_9671898
pd-user_4943994
pd-user_7076444
pd-user_4859499
pd-user_6443290
pd-user_8012406
pd-user_9593283
pd-user_9003508
pd-user_706132
pd-user_5829934
pd-user_9129591
pd-user_1225012
pd-user_7547828
pd-user_1064651
pd-user_2306577
pd-user_7923174
pd-user_8033201
pd-user_4747370
pd-user_6816297
pd-user_9730597
pd-user_2635528
pd-user_1737920
pd-user_8286711
pd-user_1016318
pd-user_6619985
pd-user_7378182
pd-user_7297229
pd-user_715608
pd-user_1853909
pd-user_2171886
pd-user_4948074
pd-user_7250380
pd-user_5154625
pd-user_57864
pd-user_7508714
pd-user_7279490
pd-user_2856245
pd-user_2529890
pd-user_3980868
pd-user_2232236
pd-user_3723349
pd-user_2900699
pd-user_31321
pd-user_9692569
pd-user_4071113
pd-user_4895236
pd-user_4068942
pd-user_5956065
pd-user_598989
pd-user_9508840
pd-user_5046217
pd-user_9892176
pd-user_830390
pd-user_1506577
pd-user_6258153
pd-user_4873095
pd-user_1746690
pd-user_2084096
pd-user_5483307
pd-user_8870162
pd-user_515651
pd-user_2100286
pd-user_4913731
pd-user_7979024
pd-user_102976
pd-user_8574477
pd-user_9389607
pd-user_3661532
pd-user_2982083
pd-user_5517587
pd-user_2626694
pd-user_3351219
pd-user_5046341
pd-user_4674537
pd-user_8680101
pd-user_3627661
pd-user_929352
pd-user_8504533
pd-user_2308131
pd-user_8812871
pd-user_6199971
pd-user_1843261
pd-user_1486443
pd-user_6982521
pd-user_3396900
pd-user_6807732
pd-user_6746879
pd-user_2638358
pd-user_2080319
pd-user_8006954
pd-user_149933
pd-user_5255290
pd-user_2886857
pd-user_2113474
pd-user_1412945
pd-user_8407693
pd-user_9408034
pd-user_400821
pd-user_6267121
pd-user_5011852
pd-user_6518269
pd-user_7336154
pd-user_3679993
pd-user_4061208
pd-user_1666831
pd-user_9945099
pd-user_8306378
pd-user_8979713
pd-user_9823258
pd-user_9865361
pd-user_9317733
pd-user_7237758
pd-user_7978271
pd-user_4759700
pd-user_1280898
pd-user_8407609
pd-user_360529
pd-user_3292987
pd-user_7166217
pd-user_7422030
pd-user_4028340
pd-user_8736034
pd-user_5365559
pd-user_4329957
pd-user_9421112
pd-user_4349276
pd-user_3920811
pd-user_3646154
pd-user_1711808
pd-user_3909924
pd-user_4861352
pd-user_5118144
pd-user_7142170
pd-user_5510341
pd-user_2566372
pd-user_3443108
pd-user_6940667
pd-user_9763389
pd-user_2712931
pd-user_7883491
pd-user_6845333
pd-user_6912114
pd-user_8071643
pd-user_8654171
pd-user_3981507
pd-user_3435358
pd-user_7327592
pd-user_3291939
pd-user_1643226
pd-user_9705661
pd-user_3873875
pd-user_3346563
pd-user_1510824
pd-user_1405447
pd-user_6900386
pd-user_5872476
pd-user_7856418
pd-user_614126
pd-user_5167231
pd-user_3834503
pd-user_496266
pd-user_7044799
pd-user_3576225
pd-user_8173227
pd-user_6990252
pd-user_7234444
pd-user_5887876
pd-user_4593789
pd-user_356651
pd-user_3663179
pd-user_4970129
pd-user_1105794
pd-user_6404512
pd-user_2395297
pd-user_3742230
pd-user_445830
pd-user_9435170
pd-user_8277272
pd-user_7526344
pd-user_815954
pd-user_4742418
pd-user_8426781
pd-user_7150169
pd-user_6630972
pd-user_2178029
pd-user_2732068
pd-user_464560
pd-user_4226705
pd-user_2814536
pd-user_7556380
pd-user_4343342
pd-user_9353950
pd-user_4259255
pd-user_5107225
pd-user_9407917
pd-user_5756483
pd-user_8764560
pd-user_3927986
pd-user_7952934
pd-user_9795636
pd-user_8789605
pd-user_6852131
pd-user_1877338
pd-user_6197728
pd-user_4526269
pd-user_1850072
pd-user_9752483
pd-user_25965
pd-user_1240534
pd-user_9321080
pd-user_1737792
pd-user_5028026
pd-user_1466662
pd-user_1895886
pd-user_5980955
pd-user_1905096
pd-user_8356803
pd-user_9915753
pd-user_6375544
pd-user_6304872
pd-user_8594927
pd-user_5694992
pd-user_1515112
pd-user_3733281
pd-user_9751977
pd-user_8703638
pd-user_4216106
pd-user_650729
pd-user_6929168
pd-user_8352596
pd-user_1393368
pd-user_4085480
pd-user_6170342
pd-user_8061992
pd-user_2469461
pd-user_5598678
pd-user_6498730
pd-user_1102694
pd-user_4468006
pd-user_3339127
pd-user_2423461
pd-user_9386807
pd-user_8782676
pd-user_9277721
pd-user_9017722
pd-user_6708714
pd-user_7901731
pd-user_5907932
pd-user_503362
pd-user_4491506
pd-user_2554348
pd-user_4511019
pd-user_7771311
pd-user_1755429
pd-user_9722223
pd-user_4263848
pd-user_9676218
pd-user_4447160
pd-user_6804310
pd-user_3856175
pd-user_5787428
pd-user_5733120
pd-user_9773791
pd-user_4090476
pd-user_8455814
pd-user_867896
pd-user_6182388
pd-user_1205387
pd-user_9105122
pd-user_2519689
pd-user_5324285
pd-user_449607
pd-user_6397193
pd-user_6673837
pd-user_6381754
pd-user_6293725
pd-user_8991172
pd-user_608606
pd-user_4237205
pd-user_5913631
pd-user_7658999
pd-user_2971158
pd-user_2384062
pd-user_1457347
pd-user_9343757
pd-user_6183273
pd-user_5243648
pd-user_563250
pd-user_1605106
pd-user_1233463
pd-user_3578810
pd-user_6218395
pd-user_1878793
pd-user_1548220
pd-user_4100210
pd-user_4220910
pd-user_5611233
pd-user_7095818
pd-user_266611
pd-user_9845990
pd-user_13398
pd-user_3069914
pd-user_9134043
pd-user_4872412
pd-user_4630685
pd-user_6500942
pd-user_7940598
pd-user_2909038
pd-user_8100058
pd-user_7314232
pd-user_2186707
pd-user_3437636
pd-user_3948039
pd-user_8806435
pd-user_1021988
pd-user_1928877
pd-user_6074158
pd-user_4523296
pd-user_5907380
pd-user_6073934
pd-user_4323119
pd-user_7924162
pd-user_2873300
pd-user_7806841
pd-user_4915619
pd-user_6329491
pd-user_7780083
pd-user_6369512
pd-user_6885270
pd-user_2466384
pd-user_9976055
pd-user_4348743
pd-user_8103167
pd-user_4903336
pd-user_5020972
pd-user_7993144
pd-user_1615068
pd-user_2118612
pd-user_9633228
pd-user_5960162
pd-user_9777796
pd-user_1987459
pd-user_6761937
pd-user_1824275
pd-user_3792945
pd-user_7365655
pd-user_3797702
pd-user_7778618
pd-user_2153951
pd-user_759951
pd-user_4604037
pd-user_2931239
pd-user_597805
pd-user_8964968
pd-user_2646653
pd-user_9956026
pd-user_5172219
pd-user_2602890
pd-user_3598945
pd-user_8073993
pd-user_2232560
pd-user_4152050
pd-user_2575544
pd-user_8660342
pd-user_3621077
pd-user_6124594
pd-user_5151420
pd-user_4710075
pd-user_5810961
pd-user_8446500
pd-user_6092044
pd-user_81281
pd-user_3269542
pd-user_5824769
pd-user_3475421
pd-user_5191417
pd-user_2630912
pd-user_736287
pd-user_7727786
pd-user_9030330
pd-user_1841998
pd-user_3905874
pd-user_9870348
pd-user_1543022
pd-user_3061817
pd-user_1553485
pd-user_832788
pd-user_1629296
pd-user_138256
pd-user_7110745
pd-user_2747076
pd-user_9280877
pd-user_6372055
pd-user_8311237
pd-user_6517289
pd-user_7935355
pd-user_2496847
pd-user_5343025
pd-user_8957796
pd-user_1757389
pd-user_9788591
pd-user_1840077
pd-user_4148311
pd-user_6261655
pd-user_9660525
pd-user_2868286
pd-user_4015849
pd-user_5448326
pd-user_5864832
pd-user_7071655
pd-user_8963217
pd-user_9559301
pd-user_8132218
pd-user_1019769
pd-user_1584276
pd-user_7429008
pd-user_1559174
pd-user_2521516
pd-user_1645503
pd-user_7393499
pd-user_2739217
pd-user_9837835
pd-user_9661163
pd-user_1761158
pd-user_8817452
pd-user_7077621
pd-user_4336359
pd-user_2316335
pd-user_6327782
pd-user_5742129
pd-user_9271145
pd-user_2528788
pd-user_3158282
pd-user_7061405
pd-user_9148075
pd-user_9736085
pd-user_6788317
pd-user_7276999
pd-user_6985412
pd-user_2010004
pd-user_5952337
pd-user_8298959
pd-user_5417108
pd-user_7147342
pd-user_6815902
pd-user_4115412
pd-user_5320845
pd-user_2526488
pd-user_5434174
pd-user_2378452
pd-user_6481163
pd-user_1253261
pd-user_281746
pd-user_6694580
pd-user_2786334
pd-user_887810
pd-user_396670
pd-user_7159867
pd-user_4561179
pd-user_9270308
pd-user_2318840
pd-user_8834484
pd-user_3170649
pd-user_1561583
pd-user_5235317
pd-user_2888389
pd-user_8789963
pd-user_5165644
pd-user_3414889
pd-user_2242920
pd-user_3794493
pd-user_5815862
pd-user_4069742
pd-user_2879649
pd-user_8075261
pd-user_9741287
pd-user_6612963
pd-user_2150434
pd-user_9835041
pd-user_3159670
pd-user_6152349
pd-user_9377620
pd-user_6450256
pd-user_2112277
pd-user_7435159
pd-user_3923132
pd-user_3910048
pd-user_8760310
pd-user_9258528
pd-user_8390186
pd-user_5275425
pd-user_8224660
pd-user_202472
pd-user_739083
pd-user_4761389
pd-user_1677261
pd-user_4158769
pd-user_8214597
pd-user_2407883
pd-user_8196107
pd-user_3329589
pd-user_6424882
pd-user_9277566
pd-user_5184690
pd-user_4098227
pd-user_536370
pd-user_6514044
pd-user_2103879
pd-user_5640076
pd-user_4538809
pd-user_1814216
pd-user_3969737
pd-user_3656950
pd-user_5765017
pd-user_3686781
pd-user_5728963
pd-user_3522625
pd-user_5029448
pd-user_6470192
pd-user_5022740
pd-user_3189034
pd-user_6261477
pd-user_2503789
pd-user_3374279
pd-user_26321
pd-user_4602467
pd-user_7906153
pd-user_8521323
pd-user_7041205
pd-user_2464519
pd-user_9151328
pd-user_1053532
pd-user_9270413
pd-user_1872168
pd-user_3544923
pd-user_9529108
pd-user_9542683
pd-user_5978258
pd-user_8726323
pd-user_9167801
pd-user_9744353
pd-user_8428042
pd-user_4609954
pd-user_676766
pd-user_7738990
pd-user_5248169
pd-user_9400183
pd-user_3236600
pd-user_7880862
pd-user_8804970
pd-user_7907799
pd-user_830088
pd-user_8122408
pd-user_3518402
pd-user_3216897
pd-user_8718066
pd-user_4815265
pd-user_3318444
pd-user_6893847
pd-user_1776873
pd-user_3131295
pd-user_3152293
pd-user_5370917
pd-user_4446244
pd-user_7692918
pd-user_3856725
pd-user_9924168
pd-user_5420252
pd-user_5338956
pd-user_3684721
pd-user_5613953
pd-user_6417324
pd-user_147
pd-user_3896292
pd-user_7135261
pd-user_1334236
pd-user_7983752
pd-user_4126943
pd-user_6014377
pd-user_6065658
pd-user_7556223
pd-user_4103343
pd-user_6407283
pd-user_5492626
pd-user_4995354
pd-user_3255542
pd-user_3203282
pd-user_8807167
pd-user_648721
pd-user_1781925
pd-user_8105590
pd-user_7038292
pd-user_7852254
pd-user_500962
pd-user_9321094
pd-user_8908143
pd-user_4877789
pd-user_9618190
pd-user_6803771
pd-user_6161107
pd-user_432263
pd-user_6740945
pd-user_9520357
pd-user_1072795
pd-user_7238318
pd-user_6238167
pd-user_3833572
pd-user_9274542
pd-user_2802144
pd-user_6600834
pd-user_8800744
pd-user_2829594
pd-user_307931
pd-user_6108891
pd-user_8025101
pd-user_6572327
pd-user_3322746
pd-user_451754
pd-user_3379552
pd-user_5050123
pd-user_8319206
pd-user_1149086
pd-user_5590132
pd-user_2054053
pd-user_6615433
pd-user_9927031
pd-user_6051573
pd-user_4103999
pd-user_4079970
pd-user_730833
pd-user_6391148
pd-user_1717887
pd-user_1061013
pd-user_766002
pd-user_5262266
pd-user_492746
pd-user_5227630
pd-user_4096107
pd-user_2159132
pd-user_3401314
pd-user_6608498
pd-user_1796839
pd-user_3436566
pd-user_5475421
pd-user_3721355
pd-user_3067858
pd-user_9279850
pd-user_4353811
pd-user_944255
pd-user_8256702
pd-user_9328286
pd-user_5493262
pd-user_845481
pd-user_2176767
pd-user_9610867
pd-user_5446409
pd-user_9819445
pd-user_3434702
pd-user_4146183
pd-user_17012
pd-user_5137167
pd-user_4951948
pd-user_9325508
pd-user_6560892
pd-user_4602994
pd-user_6969535
pd-user_31153
pd-user_5828909
pd-user_6112403
pd-user_9707247
pd-user_1987416
pd-user_3137319
pd-user_8831626
pd-user_3460908
pd-user_4188343
pd-user_2240213
pd-user_6984765
pd-user_5582027
pd-user_5846527
pd-user_1427153
pd-user_5309136
pd-user_3836844
pd-user_7087407
pd-user_7325532
pd-user_2640986
pd-user_176134
pd-user_5135624
pd-user_2498920
pd-user_6736045
pd-user_8242917
pd-user_386868
pd-user_5776272
pd-user_5818747
pd-user_1081452
pd-user_5610258
pd-user_6788809
pd-user_5004751
pd-user_1791226
pd-user_6569688
pd-user_827013
pd-user_1331374
pd-user_900108
pd-user_9757956
pd-user_1797978
pd-user_9662641
pd-user_6908280
pd-user_1493170
pd-user_3297542
pd-user_6654674
pd-user_5340872
pd-user_4397514
pd-user_9816623
pd-user_3485058
pd-user_9799190
pd-user_1573689
pd-user_6518690
pd-user_9424236
pd-user_467901
pd-user_9973829
pd-user_888582
pd-user_5973213
pd-user_3597254
pd-user_4035590
pd-user_4291691
pd-user_4107752
pd-user_2983118
pd-user_6807605
pd-user_7658643
pd-user_2698075
pd-user_32648
pd-user_7082179
pd-user_6498106
pd-user_1207598
pd-user_1400511
pd-user_5585904
pd-user_8570792
pd-user_9944117
pd-user_9908134
pd-user_1526622
pd-user_7940876
pd-user_9629777
pd-user_6558184
pd-user_2880691
pd-user_3661410
pd-user_2134317
pd-user_2261453
pd-user_3632517
pd-user_8055604
pd-user_1798846
pd-user_3767079
pd-user_9014586
pd-user_1221770
pd-user_2775079
pd-user_3780642
pd-user_8314140
pd-user_3646182
pd-user_8693845
pd-user_3150872
pd-user_3467370
pd-user_7554484
pd-user_8315867
pd-user_4527003
pd-user_9614637
pd-user_4129140
pd-user_5489942
pd-user_696627
pd-user_285093
pd-user_8481728
pd-user_933708
pd-user_2863549
pd-user_491015
pd-user_2675149
pd-user_5136504
pd-user_4080417
pd-user_452889
pd-user_4219691
pd-user_2339804
pd-user_8587090
pd-user_511567
pd-user_7924081
pd-user_4658524
pd-user_1088300
pd-user_2039094
pd-user_5537870
pd-user_2999479
pd-user_2039875
pd-user_7474754
pd-user_5029707
pd-user_9361644
pd-user_7814952
pd-user_4452884
pd-user_1996647
pd-user_8744696
pd-user_7132237
pd-user_3515437
pd-user_7829221
pd-user_1211949
pd-user_8579642
pd-user_2053588
pd-user_1759448
pd-user_1196306
pd-user_950491
pd-user_4689117
pd-user_9918770
pd-user_6369043
pd-user_7642510
pd-user_6179102
pd-user_4598074
pd-user_2950065
pd-user_8220777
pd-user_5212712
pd-user_64194
pd-user_4406492
pd-user_3513639
pd-user_40001
pd-user_4739195
pd-user_3170514
pd-user_6333933
pd-user_5857534
pd-user_9472514
pd-user_706813
pd-user_9359213
pd-user_4160466
pd-user_5050481
pd-user_6498004
pd-user_6966651
pd-user_417431
pd-user_8182957
pd-user_1907875
pd-user_6577678
pd-user_8139721
pd-user_9587066
pd-user_2532307
pd-user_8624619
pd-user_7714852
pd-user_4965149
pd-user_5615479
pd-user_2930953
pd-user_1276606
pd-user_4251240
pd-user_2655999
pd-user_6810032
pd-user_2255020
pd-user_6268406
pd-user_126357
pd-user_3257135
pd-user_3294309
pd-user_4590326
pd-user_9988262
pd-user_461475
pd-user_8559789
pd-user_4629429
pd-user_650071
pd-user_6840528
pd-user_6684435
pd-user_8210274
pd-user_2390935
pd-user_6650847
pd-user_5133862
pd-user_8665192
pd-user_9351670
pd-user_2795232
pd-user_1296135
pd-user_8350972
pd-user_4981616
pd-user_7599370
pd-user_4784521
pd-user_4650047
pd-user_798600
pd-user_176680
pd-user_8384662
pd-user_5875083
pd-user_7069990
pd-user_3536754
pd-user_3440246
pd-user_8607853
pd-user_9852251
pd-user_4322455
pd-user_3373258
pd-user_2790600
pd-user_3080132
pd-user_1770906
pd-user_4156560
pd-user_2913239
pd-user_8257151
pd-user_3259539
pd-user_4776558
pd-user_8433260
pd-user_1667963
pd-user_5517654
pd-user_5284643
pd-user_7666507
pd-user_1886502
pd-user_3831469
pd-user_930474
pd-user_6465927
pd-user_5911934
pd-user_6169725
pd-user_802936
pd-user_4367646
pd-user_918502
pd-user_9305440
pd-user_9405473
pd-user_2449426
pd-user_4377541
pd-user_3895982
pd-user_6136681
pd-user_4756369
pd-user_1450528
pd-user_6474883
pd-user_5480439
pd-user_9681571
pd-user_9557222
pd-user_8597214
pd-user_1639888
pd-user_8424561
pd-user_2865716
pd-user_1996908
pd-user_3472067
pd-user_7608030
pd-user_9341842
pd-user_1524928
pd-user_9675002
pd-user_2185872
pd-user_681422
pd-user_7303870
pd-user_5531008
pd-user_1053208
pd-user_5792173
pd-user_6969294
pd-user_8230177
pd-user_862589
pd-user_3271034
pd-user_5368349
pd-user_8949290
pd-user_9732879
pd-user_8854859
pd-user_9104506
pd-user_2466885
pd-user_5118013
pd-user_1200701
pd-user_7826985
pd-user_5941539
pd-user_3092511
pd-user_3274881
pd-user_3961000
pd-user_2300060
pd-user_2755390
pd-user_2662270
pd-user_3578965
pd-user_3774823
pd-user_5535109
pd-user_2859548
pd-user_3571234
pd-user_625026
pd-user_4992577
pd-user_5057152
pd-user_2453371
pd-user_6878133
pd-user_3679986
pd-user_8629421
pd-user_8402794
pd-user_8172739
pd-user_7721672
pd-user_9970812
pd-user_3525138
pd-user_2726682
pd-user_3168962
pd-user_7358274
pd-user_6373256
pd-user_5038968
pd-user_8474277
pd-user_3214786
pd-user_6797787
pd-user_9973057
pd-user_7589992
pd-user_5865040
pd-user_8376790
pd-user_737787
pd-user_591577
pd-user_1307802
pd-user_7200247
pd-user_9903
pd-user_8230138
pd-user_1702325
pd-user_542466
pd-user_5549635
pd-user_1330213
pd-user_8716056
pd-user_7203433
pd-user_1647547
pd-user_7407005
pd-user_3617707
pd-user_7400531
pd-user_6197899
pd-user_8792179
pd-user_9676205
pd-user_6939021
pd-user_6126483
pd-user_3630433
pd-user_1131707
pd-user_9406642
pd-user_6880008
pd-user_6325258
pd-user_277328
pd-user_3622959
pd-user_118648
pd-user_2669581
pd-user_185300
pd-user_9413482
pd-user_7619808
pd-user_8923621
pd-user_1097311
pd-user_757817
pd-user_5960031
pd-user_8052859
pd-user_1240737
pd-user_1010342
pd-user_6577127
pd-user_5601700
pd-user_8931943
pd-user_260014
pd-user_5679671
pd-user_9234359
pd-user_6046414
pd-user_1590884
pd-user_7212736
pd-user_9320004
pd-user_9117653
pd-user_4820474
pd-user_7633759
pd-user_2540109
pd-user_2982888
pd-user_674718
pd-user_9567145
pd-user_8784668
pd-user_7523081
pd-user_8193392
pd-user_5597488
pd-user_3789144
pd-user_4559491
pd-user_3324512
pd-user_8071432
pd-user_6458262
pd-user_7609980
pd-user_6798876
pd-user_4122223
pd-user_4133819
pd-user_4712356
pd-user_5279652
pd-user_3722724
pd-user_7316539
pd-user_652385
pd-user_8018233
pd-user_5177452
pd-user_5997400
pd-user_138853
pd-user_3548552
pd-user_4070568
pd-user_2119698
pd-user_5884144
pd-user_7629409
pd-user_6368791
pd-user_7647496
pd-user_9423906
pd-user_4945491
pd-user_1700540
pd-user_6099072
pd-user_5098542
pd-user_4916299
pd-user_6489295
pd-user_9389270
pd-user_3393509
pd-user_50239
pd-user_1881360
pd-user_1288074
pd-user_541067
pd-user_3935140
pd-user_9366076
pd-user_4286142
pd-user_228354
pd-user_7092908
pd-user_6741987
pd-user_8479945
pd-user_5424402
pd-user_8062899
pd-user_2825758
pd-user_5716412
pd-user_5117709
pd-user_5483160
pd-user_8110708
pd-user_3489885
pd-user_5571633
pd-user_6787862
pd-user_8760913
pd-user_8819218
pd-user_7534926
pd-user_754438
pd-user_3957388
pd-user_1233549
pd-user_5110454
pd-user_6620076
pd-user_8964713
pd-user_5389075
pd-user_4927764
pd-user_2183902
pd-user_1042050
pd-user_5832376
pd-user_9962321
pd-user_9218151
pd-user_8510692
pd-user_2218906
pd-user_5903213
pd-user_4260518
pd-user_6084956
pd-user_5080909
pd-user_4318597
pd-user_1997951
pd-user_711098
pd-user_9374301
pd-user_2031732
pd-user_7205605
pd-user_1080792
pd-user_8372069
pd-user_8263905
pd-user_6407051
pd-user_772596
pd-user_4885792
pd-user_1568258
pd-user_3249104
pd-user_459894
pd-user_4995118
pd-user_7277908
pd-user_2311184
pd-user_6424972
pd-user_866749
pd-user_4439587
pd-user_5840978
pd-user_1526981
pd-user_9565716
pd-user_3189831
pd-user_922353
pd-user_3098395
pd-user_3245301
pd-user_7807631
pd-user_3886568
pd-user_7635143
pd-user_6256270
pd-user_6070892
pd-user_9684671
pd-user_7961999
pd-user_7201107
pd-user_519571
pd-user_9735871
pd-user_8106187
pd-user_8185121
pd-user_6283603
pd-user_2071170
pd-user_5407863
pd-user_2575820
pd-user_6594093
pd-user_7671362
pd-user_7822430
pd-user_7428127
pd-user_9795272
pd-user_2270780
pd-user_8920984
pd-user_6454223
pd-user_2688334
pd-user_9752212
pd-user_8495277
pd-user_2685461
pd-user_6157927
pd-user_1710311
pd-user_7224911
pd-user_1721758
pd-user_3116120
pd-user_7134239
pd-user_9672973
pd-user_1183146
pd-user_129003
pd-user_1792393
pd-user_8541616
pd-user_4624955
pd-user_6004986
pd-user_1418753
pd-user_9502888
pd-user_955055
pd-user_2841349
pd-user_251263
pd-user_4663863
pd-user_1855759
pd-user_8983011
pd-user_8750735
pd-user_6902674
pd-user_2617106
pd-user_3575814
pd-user_1189655
pd-user_4171400
pd-user_879795
pd-user_2614719
pd-user_8455261
pd-user_9014295
pd-user_4461687
pd-user_3166699
pd-user_9439724
pd-user_3726381
pd-user_49622
pd-user_3413307
pd-user_4352092
pd-user_9537460
pd-user_6926779
pd-user_2255909
pd-user_13809
pd-user_9167553
pd-user_7968177
pd-user_5209175
pd-user_5386780
pd-user_83897
pd-user_5510753
pd-user_2182856
pd-user_2867246
pd-user_3563115
pd-user_3070905
pd-user_2558934
pd-user_7870335
pd-user_8990109
pd-user_2098332
pd-user_1621321
pd-user_6827798
pd-user_185885
pd-user_6559006
pd-user_9716895
pd-user_3787195
pd-user_5836249
pd-user_5765381
pd-user_7183791
pd-user_9111651
pd-user_2503007
pd-user_8608139
pd-user_8926948
pd-user_8796352
pd-user_6447607
pd-user_1128278
pd-user_4637127
pd-user_8243178
pd-user_9579768
pd-user_4501028
pd-user_8285460
pd-user_8157224
pd-user_3568242
pd-user_984614
pd-user_8470225
pd-user_7409913
pd-user_8705264
pd-user_4980975
pd-user_9490088
pd-user_889776
pd-user_1654863
pd-user_9395394
pd-user_7747866
pd-user_8967122
pd-user_7834404
pd-user_5680631
pd-user_7556366
pd-user_714725
pd-user_5192520
pd-user_175617
pd-user_397568
pd-user_5697100
pd-user_242350
pd-user_949642
pd-user_3129948
pd-user_6023191
pd-user_8244855
pd-user_9577059
pd-user_2535442
pd-user_6678653
pd-user_3475719
pd-user_9871736
pd-user_4063950
pd-user_3881996
pd-user_147737
pd-user_8861873
pd-user_5069613
pd-user_2696849
pd-user_5225072
pd-user_6209476
pd-user_9988588
pd-user_5815747
pd-user_1236479
pd-user_9321906
pd-user_1391488
pd-user_6191551
pd-user_2718521
pd-user_7739808
pd-user_6258982
pd-user_3670202
pd-user_2187829
pd-user_9489006
pd-user_6317103
pd-user_4521164
pd-user_6887960
pd-user_7584480
pd-user_9932518
pd-user_2282656
pd-user_2272641
pd-user_3273158
pd-user_134935
pd-user_8684785
pd-user_7992606
pd-user_9234588
pd-user_539518
pd-user_2172017
pd-user_6534797
pd-user_514339
pd-user_2092712
pd-user_6535758
pd-user_8131081
pd-user_2999595
pd-user_2526952
pd-user_9726607
pd-user_1113966
pd-user_9546342
pd-user_4728551
pd-user_5708252
pd-user_938942
pd-user_2829263
pd-user_1917364
pd-user_7635221
pd-user_6749556
pd-user_2876888
pd-user_8566802
pd-user_704034
pd-user_5813628
pd-user_4042339
pd-user_425022
pd-user_9996274
pd-user_6066078
pd-user_8885431
pd-user_7945818
pd-user_2617021
pd-user_7658026
pd-user_9019058
pd-user_370238
pd-user_202708
pd-user_7966800
pd-user_6909038
pd-user_256476
pd-user_9051004
pd-user_6346641
pd-user_1734084
pd-user_8598216
pd-user_6837900
pd-user_6844774
pd-user_6588069
pd-user_9192271
pd-user_668697
pd-user_1800441
pd-user_6840814
pd-user_7033655
pd-user_4546649
pd-user_7812188
pd-user_8441264
pd-user_5875641
pd-user_4303117
pd-user_6905646
pd-user_5510021
pd-user_8545616
pd-user_4327892
pd-user_1679117
pd-user_5642918
pd-user_9443153
pd-user_8009941
pd-user_7952240
pd-user_2384036
pd-user_3659256
pd-user_6138363
pd-user_9070062
pd-user_7825670
pd-user_3397623
pd-user_6297196
pd-user_4590980
pd-user_8881611
pd-user_3913538
pd-user_2212974
pd-user_7742890
pd-user_2754371
pd-user_3669446
pd-user_4124237
pd-user_9030378
pd-user_4413478
pd-user_3026896
pd-user_763111
pd-user_4719425
pd-user_5415378
pd-user_3749709
pd-user_855495
pd-user_7452081
pd-user_568694
pd-user_9717643
pd-user_937481
pd-user_7495995
pd-user_8892034
pd-user_7327622
pd-user_8878377
pd-user_797801
pd-user_4960713
pd-user_5679416
pd-user_4005999
pd-user_6157649
pd-user_6445452
pd-user_8400787
pd-user_1276076
pd-user_7266454
pd-user_1248182
pd-user_979390
pd-user_1658540
pd-user_3529642
pd-user_3958190
pd-user_3510462
pd-user_7418790
pd-user_42502
pd-user_8154406
pd-user_7430763
pd-user_1966283
pd-user_5082024
pd-user_2157054
pd-user_9801309
pd-user_9242380
pd-user_9611205
pd-user_9304773
pd-user_3693427
pd-user_4922728
pd-user_6749974
pd-user_5496467
pd-user_6768682
pd-user_4009189
pd-user_6560685
pd-user_5149807
pd-user_6821045
pd-user_5723823
pd-user_5816656
pd-user_6929088
pd-user_8087449
pd-user_8909292
pd-user_970735
pd-user_9347706
pd-user_3031388
pd-user_5275695
pd-user_4230235
pd-user_8088003
pd-user_3875565
pd-user_8010004
pd-user_2343155
pd-user_8004278
pd-user_8579565
pd-user_7678265
pd-user_2664075
pd-user_285889
pd-user_1710085
pd-user_7339427
pd-user_1009428
pd-user_1778864
pd-user_8276773
pd-user_1739378
pd-user_8905175
pd-user_6422955
pd-user_5075698
pd-user_1031146
pd-user_2125985
pd-user_7036178
pd-user_7787872
pd-user_7050467
pd-user_2244288
pd-user_6923986
pd-user_6794433
pd-user_1622657
pd-user_6660087
pd-user_1137358
pd-user_7265663
pd-user_762846
pd-user_8722231
pd-user_9958210
pd-user_3858146
pd-user_6501005
pd-user_5560415
pd-user_4336744
pd-user_9015080
pd-user_5175989
pd-user_9796774
pd-user_8738679
pd-user_3559642
pd-user_4657606
pd-user_1827154
pd-user_7937988
pd-user_4570159
pd-user_6915879
pd-user_6880961
pd-user_7153018
pd-user_3860044
pd-user_2339888
pd-user_4980139
pd-user_7824216
pd-user_7748573
pd-user_9091214
pd-user_5432965
pd-user_443664
pd-user_6619520
pd-user_7409009
pd-user_9270785
pd-user_5128095
pd-user_6371965
pd-user_3957622
pd-user_3060567
pd-user_3675970
pd-user_5288942
pd-user_7702367
pd-user_4480120
pd-user_319231
pd-user_3623515
pd-user_8200722
pd-user_4984996
pd-user_6261414
pd-user_4184208
pd-user_3294384
pd-user_5870468
pd-user_6639669
pd-user_5045139
pd-user_3437245
pd-user_9275082
pd-user_3288046
pd-user_9670531
pd-user_1901548
pd-user_9384858
pd-user_5184862
pd-user_8169100
pd-user_2953047
pd-user_1746028
pd-user_8229594
pd-user_8196367
pd-user_6799891
pd-user_1376250
pd-user_3897084
pd-user_9819572
pd-user_2007572
pd-user_8499074
pd-user_7834885
pd-user_5614389
pd-user_1304270
pd-user_2566295
pd-user_6920498
pd-user_3786472
pd-user_1478688
pd-user_7383800
pd-user_8440108
pd-user_2510338
pd-user_114437
pd-user_6211517
pd-user_1162216
pd-user_3587329
pd-user_5787938
pd-user_692333
pd-user_6225083
pd-user_6355157
pd-user_8538261
pd-user_8672729
pd-user_9761631
pd-user_3803674
pd-user_3036499
pd-user_9399775
pd-user_8304932
pd-user_7560845
pd-user_5294121
pd-user_9295668
pd-user_3803540
pd-user_7924936
pd-user_9681098
pd-user_3678919
pd-user_347108
pd-user_3060295
pd-user_5248002
pd-user_5202102
pd-user_7385056
pd-user_2393094
pd-user_7458762
pd-user_931722
pd-user_8668867
pd-user_3755674
pd-user_177730
pd-user_8152437
pd-user_8342510
pd-user_5745097
pd-user_6077142
pd-user_5825898
pd-user_5361830
pd-user_2836872
pd-user_7237744
pd-user_1882614
pd-user_7792169
pd-user_5318087
pd-user_7282277
pd-user_4151367
pd-user_2450183
pd-user_2690690
pd-user_4011921
pd-user_7859563
pd-user_43854
pd-user_7677876
pd-user_3093210
pd-user_5153753
pd-user_8072826
pd-user_598941
pd-user_6845408
pd-user_6508811
pd-user_4674418
pd-user_6535283
pd-user_1525529
pd-user_1120212
pd-user_9212385
pd-user_4282811
pd-user_9222447
pd-user_6613389
pd-user_98175
pd-user_6547761
pd-user_1345866
pd-user_8474113
pd-user_8208269
pd-user_3192773
pd-user_5476594
pd-user_5103270
pd-user_2173754
pd-user_4328189
pd-user_450567
pd-user_6391602
pd-user_9398337
pd-user_8442140
pd-user_3131446
pd-user_8527158
pd-user_656899
pd-user_7572169
pd-user_2704517
pd-user_4788048
pd-user_115106
pd-user_4110567
pd-user_9255586
pd-user_7428905
pd-user_9303166
pd-user_7836151
pd-user_3908916
pd-user_4702317
pd-user_7225520
pd-user_7939091
pd-user_1935063
pd-user_5581646
pd-user_7450076
pd-user_8131745
pd-user_9479846
pd-user_5814334
pd-user_834487
pd-user_9168037
pd-user_7853287
pd-user_6903686
pd-user_5827934
pd-user_5532448
pd-user_9001177
pd-user_8722573
pd-user_3440546
pd-user_3381135
pd-user_1759658
pd-user_8079306
pd-user_3898375
pd-user_1533579
pd-user_5620150
pd-user_6304350
pd-user_4827462
pd-user_10575
pd-user_8418695
pd-user_8852371
pd-user_5092495
pd-user_7531028
pd-user_6903459
pd-user_4528371
pd-user_9497187
pd-user_3407976
pd-user_2986991
pd-user_7095813
pd-user_5521422
pd-user_1332058
pd-user_450943
pd-user_8716275
pd-user_2965134
pd-user_1699963
pd-user_5700865
pd-user_289503
pd-user_409562
pd-user_9739882
pd-user_212648
pd-user_2977805
pd-user_1834368
pd-user_1056266
pd-user_5505533
pd-user_4560124
pd-user_9050249
pd-user_6400914
pd-user_5329505
pd-user_4683084
pd-user_2472493
pd-user_6183344
pd-user_4683422
pd-user_4057517
pd-user_9546777
pd-user_8875594
pd-user_2108645
pd-user_2245949
pd-user_4476168
pd-user_1939627
pd-user_5001209
pd-user_9330924
pd-user_6395155
pd-user_1829890
pd-user_7870748
pd-user_9140693
pd-user_2255448
pd-user_9994515
pd-user_7093001
pd-user_2447332
pd-user_6973656
pd-user_2946432
pd-user_6590428
pd-user_2470766
pd-user_6174359
pd-user_7687951
pd-user_7421698
pd-user_1441894
pd-user_6610029
pd-user_682345
pd-user_6672621
pd-user_2864519
pd-user_7454491
pd-user_160643
pd-user_7065802
pd-user_8385551
pd-user_4863746
pd-user_139546
pd-user_2259641
pd-user_6367062
pd-user_877420
pd-user_570999
pd-user_6949295
pd-user_3155008
pd-user_6091845
pd-user_5586212
pd-user_5572608
pd-user_8534330
pd-user_6483132
pd-user_6004320
pd-user_7535249
pd-user_621857
pd-user_4311580
pd-user_8439947
pd-user_445319
pd-user_6567069
pd-user_1406564
pd-user_3257020
pd-user_8039713
pd-user_7588340
pd-user_228272
pd-user_3187545
pd-user_7156057
pd-user_3748370
pd-user_4985661
pd-user_9329793
pd-user_5849623
pd-user_5622872
pd-user_3101360
pd-user_2213737
pd-user_1460789
pd-user_2760864
pd-user_9565502
pd-user_6773382
pd-user_9805737
pd-user_4924808
pd-user_4794372
pd-user_2271985
pd-user_49599
pd-user_5703321
pd-user_4373241
pd-user_4119600
pd-user_6776620
pd-user_7822056
pd-user_974330
pd-user_3782054
pd-user_1336081
pd-user_7167258
pd-user_7122630
pd-user_5084084
pd-user_7733456
pd-user_113296
pd-user_3029335
pd-user_5072232
pd-user_4102179
pd-user_5896118
pd-user_4120505
pd-user_3177355
pd-user_8471207
pd-user_3804946
pd-user_6000317
pd-user_2010206
pd-user_1251301
pd-user_4385418
pd-user_6751014
pd-user_5139654
pd-user_5754249
pd-user_6673085
pd-user_3751168
pd-user_7435124
pd-user_2405570
pd-user_6702646
pd-user_3120827
pd-user_2509310
pd-user_317581
pd-user_5574951
pd-user_8082356
pd-user_8014743
pd-user_5621458
pd-user_6514235
pd-user_7217107
pd-user_6200751
pd-user_6049319
pd-user_7171721
pd-user_1259888
pd-user_2561442
pd-user_6775129
pd-user_7717205
pd-user_9846780
pd-user_1371526
pd-user_6603753
pd-user_2918374
pd-user_9493666
pd-user_5394405
pd-user_8303775
pd-user_5022348
pd-user_1133469
pd-user_2545275
pd-user_2623881
pd-user_1630503
pd-user_5722467
pd-user_7264876
pd-user_7472756
pd-user_8705314
pd-user_5488009
pd-user_8270106
pd-user_858534
pd-user_8335419
pd-user_4823166
pd-user_505267
pd-user_7854067
pd-user_7278682
pd-user_7370781
pd-user_7281177
pd-user_1452115
pd-user_6073589
pd-user_9219285
pd-user_270171
pd-user_8677634
pd-user_1293504
pd-user_7319252
pd-user_3223316
pd-user_690838
pd-user_1167468
pd-user_3508686
pd-user_5508779
pd-user_5468885
pd-user_4663104
pd-user_2360156
pd-user_4144621
pd-user_822338
pd-user_3109352
pd-user_4810083
pd-user_8071968
pd-user_1443387
pd-user_5915586
pd-user_8329907
pd-user_795419
pd-user_6801466
pd-user_6745242
pd-user_7153391
pd-user_2107362
pd-user_7635806
pd-user_7471482
pd-user_8509721
pd-user_9964902
pd-user_7895662
pd-user_1635301
pd-user_8523436
pd-user_8412887
pd-user_6663933
pd-user_6386535
pd-user_2285477
pd-user_505582
pd-user_7379412
pd-user_8885814
pd-user_5143392
pd-user_8212659
pd-user_939799
pd-user_990472
pd-user_276672
pd-user_5195461
pd-user_2573737
pd-user_8765481
pd-user_5136948
pd-user_9822031
pd-user_4265869
pd-user_4865602
pd-user_6457049
pd-user_1510226
pd-user_5877667
pd-user_8336922
pd-user_9815861
pd-user_6368196
pd-user_9013810
pd-user_3648269
pd-user_3944771
pd-user_4886090
pd-user_6122359
pd-user_4930842
pd-user_6833657
pd-user_8941404
pd-user_8992987
pd-user_1268759
pd-user_1649145
pd-user_1253144
pd-user_399169
pd-user_7392131
pd-user_3120122
pd-user_1052944
pd-user_4056818
pd-user_359448
pd-user_3017666
pd-user_1782634
pd-user_2920011
pd-user_7339577
pd-user_3516621
pd-user_7540272
pd-user_83325
pd-user_2207896
pd-user_4204640
pd-user_5755398
pd-user_5562488
pd-user_7052273
pd-user_1630061
pd-user_9952049
pd-user_1997981
pd-user_4939322
pd-user_9340754
pd-user_2241697
pd-user_1030867
pd-user_4415705
pd-user_9112661
pd-user_3938713
pd-user_886641
pd-user_9699557
pd-user_363636
pd-user_8147620
pd-user_9491033
pd-user_2152755
pd-user_2781091
pd-user_9935788
pd-user_7915107
pd-user_9249440
pd-user_8155275
pd-user_5883153
pd-user_5984525
pd-user_6716100
pd-user_7045686
pd-user_4011462
pd-user_617910
pd-user_9194557
pd-user_8850961
pd-user_401286
pd-user_7699073
pd-user_5205106
pd-user_3782569
pd-user_1388544
pd-user_4891524
pd-user_9102024
pd-user_8975124
pd-user_568864
pd-user_2466236
pd-user_1348344
pd-user_1008380
pd-user_7699898
pd-user_8793322
pd-user_2406966
pd-user_4316869
pd-user_979009
pd-user_4770567
pd-user_639171
pd-user_9763963
pd-user_3299849
pd-user_8563776
pd-user_1071746
pd-user_2727109
pd-user_6243658
pd-user_5362504
pd-user_1021259
pd-user_4826490
pd-user_7386415
pd-user_5127996
pd-user_7927775
pd-user_4613813
pd-user_7043053
pd-user_4070790
pd-user_5284485
pd-user_2654050
pd-user_4163872
pd-user_8817159
pd-user_6780480
pd-user_1964774
pd-user_9923827
pd-user_505919
pd-user_3962289
pd-user_5843144
pd-user_2174886
pd-user_9343760
pd-user_7239254
pd-user_7182598
pd-user_7044174
pd-user_8762353
pd-user_8249991
pd-user_6786312
pd-user_9028162
pd-user_1604045
pd-user_7691607
pd-user_5744953
pd-user_4959114
pd-user_4756215
pd-user_5267976
pd-user_3054643
pd-user_4131890
pd-user_6916112
pd-user_5690305
pd-user_263992
pd-user_7610153
pd-user_103961
pd-user_343399
pd-user_1648152
pd-user_2812916
pd-user_1293087
pd-user_4933831
pd-user_1168764
pd-user_960423
pd-user_4573272
pd-user_2749043
pd-user_285241
pd-user_1282259
pd-user_2519718
pd-user_1455946
pd-user_2487186
pd-user_7909869
pd-user_8993119
pd-user_1839677
pd-user_4641903
pd-user_3348059
pd-user_3682552
pd-user_678312
pd-user_9013570
pd-user_4980617
pd-user_9047995
pd-user_1559840
pd-user_8458667
pd-user_8466756
pd-user_8127311
pd-user_4798025
pd-user_9322853
pd-user_6816400
pd-user_3786504
pd-user_6596860
pd-user_9693545
pd-user_5434299
pd-user_4915016
pd-user_150094
pd-user_3238886
pd-user_3435952
pd-user_117391
pd-user_1768029
pd-user_4889527
pd-user_8924113
pd-user_2469692
pd-user_7870968
pd-user_2839147
pd-user_4302549
pd-user_8085687
pd-user_5423061
pd-user_6620356
pd-user_9640228
pd-user_5269256
pd-user_1059436
pd-user_8553089
pd-user_8220411
pd-user_3837861
pd-user_8033800
pd-user_3457318
pd-user_7120033
pd-user_6918008
pd-user_7397366
pd-user_2554315
pd-user_8660009
pd-user_2666293
pd-user_3150965
pd-user_8626118
pd-user_4934997
pd-user_7658864
pd-user_7420832
pd-user_9033229
pd-user_7525923
pd-user_4685760
pd-user_8806722
pd-user_8842801
pd-user_8433062
pd-user_9999526
pd-user_405264
pd-user_8813058
pd-user_540816
pd-user_3343709
pd-user_2617137
pd-user_1768892
pd-user_2524735
pd-user_159585
pd-user_3740931
pd-user_8224860
pd-user_9315032
pd-user_1312915
pd-user_5571677
pd-user_5341382
pd-user_8726818
pd-user_6645506
pd-user_4013416
pd-user_6129758
pd-user_7356438
pd-user_5629253
pd-user_4865872
pd-user_2921123
pd-user_468760
pd-user_8000631
pd-user_4223984
pd-user_9839223
pd-user_8589497
pd-user_4503539
pd-user_8424014
pd-user_5048511
pd-user_1432736
pd-user_154048
pd-user_8680074
pd-user_6146454
pd-user_5368004
pd-user_429880
pd-user_5115378
pd-user_2932234
pd-user_3433171
pd-user_6629916
pd-user_4217163
pd-user_3992226
pd-user_568967
pd-user_2449287
pd-user_8867800
pd-user_8950379
pd-user_4805740
pd-user_4296914
pd-user_9299802
pd-user_3938788
pd-user_962979
pd-user_1749212
pd-user_4601893
pd-user_9386767
pd-user_9277953
pd-user_9436920
pd-user_5899534
pd-user_6703209
pd-user_8118652
pd-user_5316167
pd-user_7269497
pd-user_9482665
pd-user_9018519
pd-user_8886629
pd-user_5571495
pd-user_8310966
pd-user_1094370
pd-user_7258786
pd-user_1801724
pd-user_5132570
pd-user_9882964
pd-user_7425121
pd-user_8374325
pd-user_5402659
pd-user_5800206
pd-user_4852821
pd-user_2584680
pd-user_7720176
pd-user_8932931
pd-user_1764375
pd-user_6221223
pd-user_6333778
pd-user_4988680
pd-user_8935129
pd-user_5147616
pd-user_8570553
pd-user_4422432
pd-user_6929441
pd-user_134544
pd-user_9184505
pd-user_6805052
pd-user_5279081
pd-user_8964364
pd-user_16860
pd-user_4665169
pd-user_3912555
pd-user_9336015
pd-user_4628064
pd-user_6539710
pd-user_8772806
pd-user_8876202
pd-user_6581475
pd-user_3636281
pd-user_8274711
pd-user_6891220
pd-user_1953536
pd-user_7148331
pd-user_6100294
pd-user_8223566
pd-user_925231
pd-user_5092218
pd-user_9303792
pd-user_5896253
pd-user_7763972
pd-user_7962790
pd-user_8155778
pd-user_8718559
pd-user_5581236
pd-user_5680994
pd-user_9431417
pd-user_1583004
pd-user_8290334
pd-user_3264414
pd-user_9449022
pd-user_9726795
pd-user_159038
pd-user_5988157
pd-user_6840058
pd-user_1263725
pd-user_4881024
pd-user_6657114
pd-user_2856349
pd-user_4119114
pd-user_3133563
pd-user_3955691
pd-user_4378116
pd-user_4319627
pd-user_3064310
pd-user_5558760
pd-user_6570154
pd-user_7805670
pd-user_5425746
pd-user_1908747
pd-user_395148
pd-user_4360789
pd-user_9970457
pd-user_6591476
pd-user_4938839
pd-user_4410313
pd-user_7645247
pd-user_1971286
pd-user_2685831
pd-user_7583840
pd-user_4721435
pd-user_6100178
pd-user_1837156
pd-user_8598915
pd-user_5353978
pd-user_2916191
pd-user_2724368
pd-user_6417959
pd-user_4858940
pd-user_1272177
pd-user_6387485
pd-user_7905703
pd-user_4945337
pd-user_1183814
pd-user_5822099
pd-user_7524644
pd-user_4118676
pd-user_1397460
pd-user_5383852
pd-user_4656487
pd-user_9016826
pd-user_4288960
pd-user_2237989
pd-user_6078286
pd-user_7022015
pd-user_36
pd-user_66558
pd-user_2552668
pd-user_3185678
pd-user_5495557
pd-user_1184265
pd-user_2671137
pd-user_5819899
pd-user_659999
pd-user_1848795
pd-user_4372989
pd-user_496327
pd-user_2580188
pd-user_4338352
pd-user_5062359
pd-user_2736078
pd-user_5883668
pd-user_8134297
pd-user_8752344
pd-user_8349952
pd-user_7074936
pd-user_6302777
pd-user_2509989
pd-user_559755
pd-user_2913688
pd-user_6561067
pd-user_3319313
pd-user_6213290
pd-user_2175795
pd-user_137262
pd-user_4431373
pd-user_6183294
pd-user_1734321
pd-user_8359760
pd-user_3664524
pd-user_2772069
pd-user_6791805
pd-user_575877
pd-user_6049511
pd-user_6508275
pd-user_4478802
pd-user_3742041
pd-user_1343269
pd-user_8554909
pd-user_4852540
pd-user_170841
pd-user_9150387
pd-user_8209450
pd-user_4242941
pd-user_3274826
pd-user_1267460
pd-user_4927650
pd-user_7886269
pd-user_9814368
pd-user_6791238
pd-user_7078633
pd-user_9718421
pd-user_6740690
pd-user_2728867
pd-user_4399125
pd-user_8157115
pd-user_9365979
pd-user_5242685
pd-user_3685957
pd-user_7030134
pd-user_8237523
pd-user_4005343
pd-user_8771451
pd-user_4361450
pd-user_5848954
pd-user_9119118
pd-user_1724866
pd-user_1805537
pd-user_6779872
pd-user_7621727
pd-user_2026151
pd-user_8048285
pd-user_9144558
pd-user_5062306
pd-user_9328765
pd-user_9796403
pd-user_7172660
pd-user_8396121
pd-user_2860707
pd-user_7441364
pd-user_3770825
pd-user_6242158
pd-user_3166842
pd-user_2280389
pd-user_2799914
pd-user_8023291
pd-user_5997580
pd-user_1232600
pd-user_9340971
pd-user_8386075
pd-user_5108007
pd-user_3409136
pd-user_9153422
pd-user_2893395
pd-user_3861490
pd-user_834542
pd-user_9159117
pd-user_9762811
pd-user_4270342
pd-user_995873
pd-user_9485592
pd-user_5669868
pd-user_2243541
pd-user_4612506
pd-user_8469748
pd-user_2527011
pd-user_3506352
pd-user_2271711
pd-user_4227991
pd-user_6813943
pd-user_8685854
pd-user_5553560
pd-user_1528020
pd-user_1680614
pd-user_338238
pd-user_9844880
pd-user_8403410
pd-user_4051366
pd-user_4421899
pd-user_3839371
pd-user_3077530
pd-user_4674191
pd-user_7159123
pd-user_7374603
pd-user_2520737
pd-user_8256837
pd-user_6024679
pd-user_9458519
pd-user_2262838
pd-user_9436973
pd-user_145652
pd-user_5727212
pd-user_3105786
pd-user_8867948
pd-user_3890406
pd-user_9840272
pd-user_3826823
pd-user_7168268
pd-user_5501871
pd-user_2288620
pd-user_7213064
pd-user_8083738
pd-user_951885
pd-user_4429993
pd-user_1270808
pd-user_6012993
pd-user_7430851
pd-user_3214244
pd-user_2676167
pd-user_8307433
pd-user_1982810
pd-user_6559451
pd-user_3289164
pd-user_6745291
pd-user_5646867
pd-user_1414745
pd-user_7341982
pd-user_8208752
pd-user_2722315
pd-user_6782071
pd-user_6905713
pd-user_8199855
pd-user_3322066
pd-user_8110668
pd-user_6837473
pd-user_2434368
pd-user_4663052
pd-user_5688197
pd-user_8179768
pd-user_335008
pd-user_4504310
pd-user_8778294
pd-user_7284326
pd-user_2119646
pd-user_7993956
pd-user_7902352
pd-user_87564
pd-user_8158663
pd-user_9310119
pd-user_1312235
pd-user_1349371
pd-user_1735859
pd-user_3845776
pd-user_6198858
pd-user_6741345
pd-user_1345630
pd-user_6240696
pd-user_6424688
pd-user_8070186
pd-user_8406529
pd-user_726786
pd-user_8878778
pd-user_4466900
pd-user_9248998
pd-user_2423025
pd-user_975946
pd-user_4340484
pd-user_5457775
pd-user_7506451
pd-user_8419661
pd-user_4406204
pd-user_832795
pd-user_1892877
pd-user_965166
pd-user_99582
pd-user_4940980
pd-user_7429649
pd-user_1372568
pd-user_8101952
pd-user_4029782
pd-user_3621099
pd-user_2196925
pd-user_4684709
pd-user_3662352
pd-user_4871375
pd-user_4876730
pd-user_9491192
pd-user_867730
pd-user_2023992
pd-user_5676579
pd-user_4450805
pd-user_7141627
pd-user_2462003
pd-user_9092172
pd-user_1554106
pd-user_4100753
pd-user_8298886
pd-user_1160764
pd-user_4184159
pd-user_4816078
pd-user_6125052
pd-user_6561630
pd-user_6352009
pd-user_2183129
pd-user_9838153
pd-user_2105957
pd-user_2328823
pd-user_497417
pd-user_8571806
pd-user_7144000
pd-user_5732750
pd-user_7870781
pd-user_8974036
pd-user_4156696
pd-user_7340977
pd-user_2760653
pd-user_9096213
pd-user_7570485
pd-user_5788339
pd-user_4070732
pd-user_3829300
pd-user_9376726
pd-user_2996728
pd-user_4902844
pd-user_5660700
pd-user_8244631
pd-user_7961694
pd-user_4113534
pd-user_5035756
pd-user_7271067
pd-user_1409283
pd-user_9520469
pd-user_5241211
pd-user_6188519
pd-user_6940183
pd-user_237
pd-user_2625988
pd-user_4885589
pd-user_2231803
pd-user_5678821
pd-user_1515043
pd-user_4176256
pd-user_4936374
pd-user_1930788
pd-user_373419
pd-user_9576599
pd-user_234802
pd-user_2071311
pd-user_8898645
pd-user_5778981
pd-user_70322
pd-user_1373662
pd-user_4582898
pd-user_4658674
pd-user_7319164
pd-user_7649586
pd-user_7067678
pd-user_7395914
pd-user_2418931
pd-user_3316495
pd-user_9029814
pd-user_7122035
pd-user_3339320
pd-user_7181834
pd-user_3437405
pd-user_1529312
pd-user_6698574
pd-user_7768485
pd-user_4242236
pd-user_4749595
pd-user_5917585
pd-user_1459524
pd-user_1785816
pd-user_231266
pd-user_7014129
pd-user_2419737
pd-user_9304532
pd-user_327885
pd-user_4353578
pd-user_4275384
pd-user_1237596
pd-user_8758234
pd-user_5865206
pd-user_7894238
pd-user_3196866
pd-user_831360
pd-user_610121
pd-user_1092533
pd-user_8616672
pd-user_6919420
pd-user_9565808
pd-user_184699
pd-user_7424298
pd-user_9721694
pd-user_5551736
pd-user_9257113
pd-user_2525499
pd-user_7028957
pd-user_8143277
pd-user_3484371
pd-user_2117165
pd-user_4069005
pd-user_3760621
pd-user_1854179
pd-user_5981373
pd-user_3583489
pd-user_950111
pd-user_3545223
pd-user_1595534
pd-user_6086294
pd-user_5464672
pd-user_8181396
pd-user_2436953
pd-user_3864032
pd-user_8277850
pd-user_7658884
pd-user_2851736
pd-user_9885628
pd-user_1257553
pd-user_9222127
pd-user_3075416
pd-user_343645
pd-user_9526080
pd-user_7225546
pd-user_6512257
pd-user_9046252
pd-user_5832328
pd-user_6693194
pd-user_9791536
pd-user_6607860
pd-user_7743311
pd-user_73152
pd-user_6437822
pd-user_8492422
pd-user_389266
pd-user_537912
pd-user_1962097
pd-user_3969268
pd-user_1311401
pd-user_9020362
pd-user_9067198
pd-user_4019836
pd-user_2634467
pd-user_8175128
pd-user_5636729
pd-user_8092793
pd-user_6825929
pd-user_8208793
pd-user_5214109
pd-user_9863456
pd-user_6666710
pd-user_3610412
pd-user_5047890
pd-user_2223958
pd-user_2794731
pd-user_9693245
pd-user_8958395
pd-user_8658868
pd-user_6689736
pd-user_1771629
pd-user_2079822
pd-user_4111762
pd-user_638111
pd-user_1985159
pd-user_2087413
pd-user_8075951
pd-user_6744866
pd-user_9761363
pd-user_9769077
pd-user_2386258
pd-user_6738853
pd-user_2958126
pd-user_1826303
pd-user_156053
pd-user_8287228
pd-user_4095776
pd-user_6988554
pd-user_2191497
pd-user_5654788
pd-user_9579767
pd-user_2302678
pd-user_851221
pd-user_7005894
pd-user_4661007
pd-user_9631043
pd-user_8832814
pd-user_509881
pd-user_3917302
pd-user_3229165
pd-user_3884577
pd-user_6105581
pd-user_8392981
pd-user_5622559
pd-user_5839299
pd-user_6556212
pd-user_3790045
pd-user_445706
pd-user_1666028
pd-user_906404
pd-user_8625632
pd-user_48054
pd-user_4342414
pd-user_7414561
pd-user_8843255
pd-user_3070893
pd-user_380890
pd-user_3300201
pd-user_5914382
pd-user_1209282
pd-user_855134
pd-user_2339122
pd-user_1110892
pd-user_4456904
pd-user_4795307
pd-user_1969416
pd-user_9894121
pd-user_1511547
pd-user_9021091
pd-user_8078521
pd-user_2407229
pd-user_2020225
pd-user_2699709
pd-user_4783529
pd-user_4396627
pd-user_1155282
pd-user_6225147
pd-user_5200225
pd-user_5949596
pd-user_7526658
pd-user_5550194
pd-user_5648819
pd-user_3729383
pd-user_5014092
pd-user_6535882
pd-user_7737871
pd-user_6226582
pd-user_8991600
pd-user_503159
pd-user_9142948
pd-user_5519812
pd-user_6714624
pd-user_8641864
pd-user_4067766
pd-user_9032675
pd-user_8195271
pd-user_2744229
pd-user_9795453
pd-user_2420812
pd-user_2810319
pd-user_6399712
pd-user_2016949
pd-user_6142204
pd-user_9539733
pd-user_5904099
pd-user_5118569
pd-user_6344141
pd-user_828063
pd-user_4802614
pd-user_212107
pd-user_4509396
pd-user_2623117
pd-user_7852796
pd-user_3913359
pd-user_3934017
pd-user_6026230
pd-user_8317400
pd-user_2913722
pd-user_2717780
pd-user_1111174
pd-user_2142852
pd-user_8495216
pd-user_1149148
pd-user_2790930
pd-user_7607520
pd-user_417786
pd-user_5233538
pd-user_9011152
pd-user_5874284
pd-user_6436949
pd-user_4399091
pd-user_5161219
pd-user_5302389
pd-user_1619284
pd-user_9193377
pd-user_7553261
pd-user_2053487
pd-user_4385656
pd-user_3539266
pd-user_3028698
pd-user_1400546
pd-user_3345557
pd-user_9928704
pd-user_1695847
pd-user_7742537
pd-user_2481821
pd-user_1083640
pd-user_9481547
pd-user_8780961
pd-user_7427572
pd-user_3068645
pd-user_5535267
pd-user_7009865
pd-user_4516773
pd-user_2238463
pd-user_3567507
pd-user_8206762
pd-user_744428
pd-user_4224768
pd-user_8446698
pd-user_606858
pd-user_4028054
pd-user_3456462
pd-user_9116589
pd-user_4874766
pd-user_6659188
pd-user_7400018
pd-user_4235717
pd-user_5101983
pd-user_6748959
pd-user_4536207
pd-user_9534899
pd-user_2802680
pd-user_6125852
pd-user_1322083
pd-user_1733961
pd-user_1839581
pd-user_5945760
pd-user_7266714
pd-user_4653817
pd-user_6660161
pd-user_1895499
pd-user_734514
pd-user_3196063
pd-user_7354852
pd-user_8621954
pd-user_5111832
pd-user_7939656
pd-user_5896878
pd-user_7193929
pd-user_889448
pd-user_2939256
pd-user_8959388
pd-user_5616371
pd-user_9057075
pd-user_1878718
pd-user_1073902
pd-user_1206554
pd-user_166859
pd-user_2543191
pd-user_3816021
pd-user_3477966
pd-user_122795
pd-user_8879837
pd-user_1363113
pd-user_1739953
pd-user_776909
pd-user_3218945
pd-user_5990841
pd-user_219538
pd-user_5080656
pd-user_8043863
pd-user_1230271
pd-user_39881
pd-user_2608926
pd-user_2106620
pd-user_5444519
pd-user_2180782
pd-user_889190
pd-user_1558427
pd-user_4825357
pd-user_8506842
pd-user_2908848
pd-user_7577101
pd-user_1379551
pd-user_2354207
pd-user_5269964
pd-user_9605630
pd-user_1605618
pd-user_3044308
pd-user_4896715
pd-user_6629218
pd-user_6142223
pd-user_1862096
pd-user_608344
pd-user_637149
pd-user_1230649
pd-user_7231413
pd-user_8223443
pd-user_7339085
pd-user_1857531
pd-user_9785897
pd-user_7810488
pd-user_143063
pd-user_2888112
pd-user_9395697
pd-user_6052696
pd-user_170961
pd-user_8930350
pd-user_7105513
pd-user_2398606
pd-user_6458909
pd-user_595987
pd-user_4665927
pd-user_3515427
pd-user_9023359
pd-user_4987038
pd-user_2114218
pd-user_2342705
pd-user_4367918
pd-user_1829898
pd-user_4660545
pd-user_7910351
pd-user_9418776
pd-user_3334819
pd-user_7584507
pd-user_7960716
pd-user_9697326
pd-user_2155907
pd-user_642192
pd-user_949106
pd-user_9189532
pd-user_5936701
pd-user_1238858
pd-user_4401442
pd-user_1275450
pd-user_1699485
pd-user_4879498
pd-user_8352091
pd-user_4025033
pd-user_245188
pd-user_8994629
pd-user_6179667
pd-user_3602450
pd-user_6754547
pd-user_5021411
pd-user_2513214
pd-user_9261487
pd-user_3666621
pd-user_6917979
pd-user_7084098
pd-user_7669052
pd-user_3288147
pd-user_7857165
pd-user_6234147
pd-user_7924298
pd-user_1924603
pd-user_9985408
pd-user_9604046
pd-user_1276314
pd-user_642977
pd-user_7944244
pd-user_8715901
pd-user_3630673
pd-user_721736
pd-user_7831693
pd-user_6498357
pd-user_4307517
pd-user_1897250
pd-user_9346365
pd-user_4052223
pd-user_4221885
pd-user_4669017
pd-user_6085273
pd-user_344793
pd-user_5270366
pd-user_8052437
pd-user_6136512
pd-user_3787068
pd-user_9672227
pd-user_3486516
pd-user_8002326
pd-user_7054354
pd-user_7714042
pd-user_4189389
pd-user_6505151
pd-user_4166697
pd-user_9290969
pd-user_5139904
pd-user_5489740
pd-user_2913386
pd-user_9845238
pd-user_1668511
pd-user_6741127
pd-user_7339048
pd-user_4960317
pd-user_9421262
pd-user_6794775
pd-user_2208636
pd-user_7011667
pd-user_6194336
pd-user_3758443
pd-user_5252076
pd-user_8305643
pd-user_7547365
pd-user_4711501
pd-user_4290102
pd-user_7085782
pd-user_8351357
pd-user_7542955
pd-user_7526292
pd-user_2900576
pd-user_560213
pd-user_3204373
pd-user_4298900
pd-user_3001368
pd-user_220332
pd-user_7438416
pd-user_7528056
pd-user_4570165
pd-user_1287077
pd-user_3254318
pd-user_294187
pd-user_4279717
pd-user_3375059
pd-user_2172596
pd-user_1410482
pd-user_4510143
pd-user_7638362
pd-user_4650255
pd-user_206347
pd-user_5703125
pd-user_6669283
pd-user_2454841
pd-user_4344624
pd-user_5110745
pd-user_5663624
pd-user_5465044
pd-user_2427611
pd-user_829306
pd-user_2770573
pd-user_9056869
pd-user_6619524
pd-user_3710258
pd-user_19631
pd-user_6176463
pd-user_6393757
pd-user_7139750
pd-user_9149593
pd-user_1142141
pd-user_1876226
pd-user_4687677
pd-user_979762
pd-user_5540127
pd-user_2204974
pd-user_8175026
pd-user_2205363
pd-user_4851770
pd-user_9636554
pd-user_4208957
pd-user_536922
pd-user_7022779
pd-user_8402812
pd-user_8547316
pd-user_2804344
pd-user_9693932
pd-user_5704613
pd-user_9137552
pd-user_3039274
pd-user_4634701
pd-user_3426922
pd-user_8510427
pd-user_1840956
pd-user_9352838
pd-user_6211813
pd-user_4180723
pd-user_5091260
pd-user_4158929
pd-user_5752378
pd-user_6038514
pd-user_8848882
pd-user_51143
pd-user_9135388
pd-user_2299004
pd-user_3559402
pd-user_7671824
pd-user_8522161
pd-user_3639443
pd-user_8093942
pd-user_527503
pd-user_7033431
pd-user_4171794
pd-user_6079768
pd-user_2734408
pd-user_9657136
pd-user_9657965
pd-user_5225095
pd-user_9106343
pd-user_4767939
pd-user_4965271
pd-user_9211411
pd-user_8347315
pd-user_6393933
pd-user_3363892
pd-user_8615198
pd-user_8233941
pd-user_5877957
pd-user_4105934
pd-user_8313602
pd-user_4668716
pd-user_9199702
pd-user_9616727
pd-user_3818434
pd-user_4955824
pd-user_3026694
pd-user_6768331
pd-user_6836010
pd-user_5226833
pd-user_1199145
pd-user_8117672
pd-user_4328758
pd-user_9841012
pd-user_3774963
pd-user_6659679
pd-user_7386410
pd-user_430103
pd-user_6393528
pd-user_603654
pd-user_1865194
pd-user_9304889
pd-user_5143887
pd-user_1028689
pd-user_1052384
pd-user_7334391
pd-user_1186696
pd-user_6570952
pd-user_7502739
pd-user_1553822
pd-user_5007315
pd-user_1169098
pd-user_8377685
pd-user_429003
pd-user_4707037
pd-user_5180684
pd-user_5725913
pd-user_2230282
pd-user_5842712
pd-user_1487545
pd-user_7336431
pd-user_2875566
pd-user_8178128
pd-user_528870
pd-user_6381752
pd-user_6796560
pd-user_6618263
pd-user_4589940
pd-user_4241765
pd-user_3199967
pd-user_3076096
pd-user_5702837
pd-user_8501887
pd-user_5195459
pd-user_8211101
pd-user_1970120
pd-user_3024025
pd-user_9842221
pd-user_7619713
pd-user_4372946
pd-user_78608
pd-user_3314380
pd-user_2971743
pd-user_4594216
pd-user_5044199
pd-user_5690480
pd-user_6484476
pd-user_7000322
pd-user_8702575
pd-user_5520856
pd-user_4488367
pd-user_3155761
pd-user_4519802
pd-user_2883706
pd-user_391898
pd-user_5647926
pd-user_16461
pd-user_9086312
pd-user_7052435
pd-user_2193755
pd-user_4474602
pd-user_6784884
pd-user_2055148
pd-user_457139
pd-user_8020882
pd-user_7009125
pd-user_2809308
pd-user_1516788
pd-user_3820120
pd-user_7585451
pd-user_5494762
pd-user_5617424
pd-user_3041951
pd-user_1369701
pd-user_9841576
pd-user_8738512
pd-user_8067309
pd-user_1078800
pd-user_9639507
pd-user_8046180
pd-user_8019528
pd-user_1454610
pd-user_8001588
pd-user_9844055
pd-user_699541
pd-user_1781240
pd-user_6765701
pd-user_8281067
pd-user_3391530
pd-user_9993713
pd-user_3407142
pd-user_4657595
pd-user_3247002
pd-user_4605093
pd-user_9009994
pd-user_2022073
pd-user_809261
pd-user_6987579
pd-user_4257953
pd-user_1919043
pd-user_3646205
pd-user_7154808
pd-user_4156835
pd-user_963727
pd-user_9617809
pd-user_3230708
pd-user_7845942
pd-user_2942055
pd-user_6867607
pd-user_7214029
pd-user_1912259
pd-user_6242604
pd-user_7218228
pd-user_8263462
pd-user_2141577
pd-user_4397393
pd-user_6218674
pd-user_7547863
pd-user_1185409
pd-user_9555586
pd-user_2221840
pd-user_3449051
pd-user_8976859
pd-user_2849891
pd-user_1409420
pd-user_6635690
pd-user_2110518
pd-user_3037596
pd-user_9815028
pd-user_5196561
pd-user_1572898
pd-user_2598315
pd-user_2597556
pd-user_9415582
pd-user_9623908
pd-user_6476880
pd-user_7324585
pd-user_1926621
pd-user_1568563
pd-user_8726039
pd-user_9916145
pd-user_725396
pd-user_9894165
pd-user_2659384
pd-user_1227964
pd-user_6229006
pd-user_8575909
pd-user_5196896
pd-user_8984438
pd-user_6119051
pd-user_8473137
pd-user_8533523
pd-user_2313391
pd-user_3512332
pd-user_719242
pd-user_6338598
pd-user_9346366
pd-user_4143262
pd-user_5572659
pd-user_2239425
pd-user_9088722
pd-user_330714
pd-user_6058871
pd-user_5633424
pd-user_3604210
pd-user_8876273
pd-user_8034344
pd-user_6851952
pd-user_723220
pd-user_1051860
pd-user_1739335
pd-user_9827601
pd-user_6235302
pd-user_9610867
pd-user_5716164
pd-user_6119510
pd-user_1335983
pd-user_7136016
pd-user_9920178
pd-user_5362301
pd-user_7667056
pd-user_6254391
pd-user_4192556
pd-user_3375673
pd-user_1492503
pd-user_9703836
pd-user_57962
pd-user_4622151
pd-user_2459697
pd-user_6778691
pd-user_659042
pd-user_8200753
pd-user_4691710
pd-user_6286340
pd-user_1402249
pd-user_8821519
pd-user_2121404
pd-user_163018
pd-user_8385210
pd-user_5964082
pd-user_8984625
pd-user_6952429
pd-user_8486143
pd-user_5397431
pd-user_4441750
pd-user_1019535
pd-user_5705590
pd-user_984505
pd-user_3466222
pd-user_7996467
pd-user_512441
pd-user_9787143
pd-user_674018
pd-user_6398490
pd-user_8164925
pd-user_9412001
pd-user_106111
pd-user_9940250
pd-user_8655107
pd-user_456879
pd-user_3887797
pd-user_1967466
pd-user_9036227
pd-user_5809578
pd-user_8923869
pd-user_1722618
pd-user_6704443
pd-user_4952254
pd-user_5453960
pd-user_3793063
pd-user_7988557
pd-user_5003934
pd-user_2907373
pd-user_1990555
pd-user_4311036
pd-user_1960163
pd-user_451934
pd-user_17941
pd-user_2026677
pd-user_3223749
pd-user_5560653
pd-user_4001103
pd-user_5908569
pd-user_663351
pd-user_4717059
pd-user_958974
pd-user_3020201
pd-user_172203
pd-user_2047424
pd-user_8132527
pd-user_5021160
pd-user_8954753
pd-user_3377016
pd-user_3337369
pd-user_6277236
pd-user_3618417
pd-user_6256021
pd-user_7346474
pd-user_4931099
pd-user_5091230
pd-user_8741328
pd-user_1667283
pd-user_3089891
pd-user_5687764
pd-user_4388019
pd-user_3054560
pd-user_9741291
pd-user_6747514
pd-user_7862424
pd-user_5458162
pd-user_9878078
pd-user_8555521
pd-user_1899199
pd-user_7329962
pd-user_9708178
pd-user_4470445
pd-user_5237582
pd-user_658989
pd-user_1064268
pd-user_2583915
pd-user_691986
pd-user_7283924
pd-user_6430502
pd-user_8461269
pd-user_6495342
pd-user_4478931
pd-user_152719
pd-user_3015587
pd-user_4367392
pd-user_358205
pd-user_9863959
pd-user_6849985
pd-user_511495
pd-user_5810801
pd-user_2291835
pd-user_6474999
pd-user_8605033
pd-user_6270725
pd-user_6871751
pd-user_2420648
pd-user_5223836
pd-user_6213327
pd-user_1912050
pd-user_4650679
pd-user_3974974
pd-user_8496503
pd-user_5380723
pd-user_8300010
pd-user_8604204
pd-user_6606732
pd-user_8842873
pd-user_8502012
pd-user_2850066
pd-user_7563690
pd-user_3154308
pd-user_5474360
pd-user_83228
pd-user_4922013
pd-user_7708987
pd-user_7337056
pd-user_1527531
pd-user_4797054
pd-user_8658614
pd-user_1660937
pd-user_458680
pd-user_7260829
pd-user_8705091
pd-user_8921032
pd-user_9451898
pd-user_7051144
pd-user_9110731
pd-user_1838872
pd-user_4896465
pd-user_7977314
pd-user_1367755
pd-user_6298427
pd-user_1034550
pd-user_4010446
pd-user_3646090
pd-user_3337036
pd-user_4990221
pd-user_5962978
pd-user_9684177
pd-user_8098036
pd-user_6520520
pd-user_4622121
pd-user_161767
pd-user_7411409
pd-user_5315815
pd-user_8706493
pd-user_221808
pd-user_9784714
pd-user_978352
pd-user_6173936
pd-user_1229970
pd-user_674555
pd-user_9056
pd-user_4857825
pd-user_5236495
pd-user_6248027
pd-user_1984631
pd-user_8817828
pd-user_2091746
pd-user_8756482
pd-user_552048
pd-user_5749265
pd-user_2028538
pd-user_9811809
pd-user_6994038
pd-user_9166263
pd-user_8125890
pd-user_1313155
pd-user_88110
pd-user_3310002
pd-user_9615350
pd-user_8963471
pd-user_7226098
pd-user_6649745
pd-user_8334909
pd-user_6893277
pd-user_7929016
pd-user_3695344
pd-user_8666673
pd-user_253285
pd-user_9213501
pd-user_3316148
pd-user_1449130
pd-user_4573510
pd-user_3440185
pd-user_8575469
pd-user_381834
pd-user_2810447
pd-user_8176867
pd-user_5256172
pd-user_2813107
pd-user_4075291
pd-user_9806243
pd-user_9099493
pd-user_3616968
pd-user_2990155
pd-user_7753090
pd-user_1180183
pd-user_5985222
pd-user_8201985
pd-user_4217643
pd-user_1352410
pd-user_8612096
pd-user_6184433
pd-user_4621621
pd-user_5356838
pd-user_7872203
pd-user_267565
pd-user_7469598
pd-user_1431104
pd-user_5226318
pd-user_1097718
pd-user_7913187
pd-user_8886732
pd-user_2540901
pd-user_6598729
pd-user_7572109
pd-user_2834472
pd-user_1786867
pd-user_3948311
pd-user_4371702
pd-user_2209948
pd-user_8274531
pd-user_4819717
pd-user_3946942
pd-user_3917398
pd-user_5894547
pd-user_134231
pd-user_4571977
pd-user_803813
pd-user_1288843
pd-user_5056620
pd-user_5682771
pd-user_7127417
pd-user_4921935
pd-user_5603626
pd-user_5657457
pd-user_8880650
pd-user_7476580
pd-user_3880476
pd-user_5452837
pd-user_1983343
pd-user_7471348
pd-user_4919939
pd-user_942191
pd-user_5682620
pd-user_633741
pd-user_9301279
pd-user_1270577
pd-user_8992846
pd-user_5455689
pd-user_3700728
pd-user_8382257
pd-user_7528996
pd-user_2961323
pd-user_5959206
pd-user_4744921
pd-user_6779117
pd-user_6885402
pd-user_7764207
pd-user_911297
pd-user_828316
pd-user_5021375
pd-user_7981456
pd-user_807623
pd-user_5912690
pd-user_2324207
pd-user_2981909
pd-user_4950314
pd-user_2046907
pd-user_3293878
pd-user_8136849
pd-user_6229530
pd-user_8826694
pd-user_8763529
pd-user_6782286
pd-user_6193894
pd-user_702793
pd-user_8657576
pd-user_1921899
pd-user_6805623
pd-user_7038529
pd-user_8043969
pd-user_2809959
pd-user_7193757
pd-user_1667905
pd-user_5982821
pd-user_4724937
pd-user_5059870
pd-user_552637
pd-user_8671826
pd-user_8503076
pd-user_3648472
pd-user_4207713
pd-user_4776915
pd-user_9973993
pd-user_3073453
pd-user_3384807
pd-user_6774031
pd-user_2830140
pd-user_567265
pd-user_427366
pd-user_38554
pd-user_9985749
pd-user_6574965
pd-user_2626476
pd-user_4016893
pd-user_8668492
pd-user_8399721
pd-user_2738224
pd-user_449697
pd-user_4498762
pd-user_7609358
pd-user_574730
pd-user_5635007
pd-user_4068715
pd-user_9592257
pd-user_1368264
pd-user_5764018
pd-user_3522165
pd-user_136418
pd-user_1935646
pd-user_4648041
pd-user_9070081
pd-user_3717821
pd-user_1412864
pd-user_3325393
pd-user_3245767
pd-user_8073947
pd-user_3056624
pd-user_4030744
pd-user_448062
pd-user_1274872
pd-user_2400698
pd-user_1952274
pd-user_1120587
pd-user_3804731
pd-user_1302140
pd-user_6898276
pd-user_3235891
pd-user_3798004
pd-user_4380647
pd-user_3188832
pd-user_8190612
pd-user_4727046
pd-user_3454674
pd-user_5872913
pd-user_5204415
pd-user_8680955
pd-user_7413748
pd-user_5899926
pd-user_372992
pd-user_6706491
pd-user_7953016
pd-user_7873156
pd-user_5261695
pd-user_4740279
pd-user_8724134
pd-user_4643095
pd-user_9406342
pd-user_2231584
pd-user_8766969
pd-user_4654645
pd-user_4288214
pd-user_2865086
pd-user_5466338
pd-user_1034678
pd-user_1612508
pd-user_6711579
pd-user_1302070
pd-user_4169558
pd-user_8353790
pd-user_3038813
pd-user_6538015
pd-user_3718275
pd-user_578658
pd-user_9899069
pd-user_6434254
pd-user_1733834
pd-user_7070374
pd-user_6513107
pd-user_9022330
pd-user_888904
pd-user_5928453
pd-user_4175321
pd-user_5820430
pd-user_419205
pd-user_5413357
pd-user_7087485
pd-user_6730949
pd-user_2138250
pd-user_3672288
pd-user_3162648
pd-user_5577542
pd-user_2327349
pd-user_5450894
pd-user_3835630
pd-user_4012024
pd-user_7257040
pd-user_1782260
pd-user_4355996
pd-user_7036901
pd-user_1308538
pd-user_6952530
pd-user_1225460
pd-user_5510006
pd-user_1253979
pd-user_2784463
pd-user_2842899
pd-user_7221988
pd-user_4496276
pd-user_4230018
pd-user_6610904
pd-user_7035651
pd-user_1674373
pd-user_5479026
pd-user_1104551
pd-user_4940913
pd-user_5954693
pd-user_1325219
pd-user_5276448
pd-user_2690457
pd-user_2401395
pd-user_320831
pd-user_4647305
pd-user_5758491
pd-user_9831645
pd-user_8640695
pd-user_8563909
pd-user_5758173
pd-user_2643992
pd-user_5951118
pd-user_5924274
pd-user_2190799
pd-user_2735150
pd-user_921522
pd-user_2282339
pd-user_6828459
pd-user_2315864
pd-user_1374907
pd-user_2181797
pd-user_5400398
pd-user_1390278
pd-user_3899736
pd-user_6755269
pd-user_7584279
pd-user_6292850
pd-user_4916680
pd-user_5036829
pd-user_2425326
pd-user_6884474
pd-user_5230589
pd-user_9107047
pd-user_9639387
pd-user_1479218
pd-user_1728884
pd-user_1236529
pd-user_2075573
pd-user_9556483
pd-user_9648376
pd-user_4205323
pd-user_6494651
pd-user_1246817
pd-user_9164044
pd-user_7513222
pd-user_3756977
pd-user_7952705
pd-user_3216778
pd-user_1633217
pd-user_8085957
pd-user_3873656
pd-user_9347778
pd-user_9877298
pd-user_6729429
pd-user_7824285
pd-user_7139476
pd-user_535732
pd-user_154921
pd-user_2193490
pd-user_9031290
pd-user_7470810
pd-user_2822898
pd-user_768510
pd-user_4547248
pd-user_4847034
pd-user_3586238
pd-user_9211929
pd-user_8021807
pd-user_7233641
pd-user_295053
pd-user_3476872
pd-user_7687309
pd-user_4379437
pd-user_8885612
pd-user_4203244
pd-user_8296152
pd-user_6677267
pd-user_2680379
pd-user_3703669
pd-user_5118174
pd-user_4814426
pd-user_4838996
pd-user_5537298
pd-user_7149398
pd-user_4553673
pd-user_8406323
pd-user_34512
pd-user_75990
pd-user_436594
pd-user_8962349
pd-user_652150
pd-user_4146407
pd-user_2849257
pd-user_9409914
pd-user_9156256
pd-user_9579502
pd-user_2575214
pd-user_3405613
pd-user_7867267
pd-user_9841111
pd-user_2477016
pd-user_4168259
pd-user_6621587
pd-user_1623466
pd-user_9148376
pd-user_7552534
pd-user_5084973
pd-user_7495257
pd-user_8027544
pd-user_6618570
pd-user_2064728
pd-user_4482322
pd-user_9607413
pd-user_2402650
pd-user_8314240
pd-user_6808901
pd-user_6084752
pd-user_4807614
pd-user_1356518
pd-user_8848484
pd-user_7557455
pd-user_1233790
pd-user_9112337
pd-user_7437823
pd-user_3410763
pd-user_4531432
pd-user_8955710
pd-user_7102542
pd-user_3358693
pd-user_9959910
pd-user_3783532
pd-user_6809465
pd-user_2665792
pd-user_6559551
pd-user_1431792
pd-user_3931486
pd-user_3951652
pd-user_5057481
pd-user_5453885
pd-user_6147460
pd-user_4949878
pd-user_1006930
pd-user_1731110
pd-user_4736470
pd-user_4231291
pd-user_4302559
pd-user_9689574
pd-user_9831229
pd-user_6412815
pd-user_972824
pd-user_3627579
pd-user_1136375
pd-user_7785878
pd-user_7714841
pd-user_419620
pd-user_8195126
pd-user_733402
pd-user_9067452
pd-user_3764116
pd-user_4778820
pd-user_9156105
pd-user_4330569
pd-user_7232310
pd-user_8111880
pd-user_916857
pd-user_8332727
pd-user_4596446
pd-user_5691031
pd-user_5397470
pd-user_7545197
pd-user_6205012
pd-user_2369677
pd-user_4523266
pd-user_83597
pd-user_5419410
pd-user_2583389
pd-user_9811382
pd-user_3058495
pd-user_7000016
pd-user_2081390
pd-user_3152820
pd-user_9686401
pd-user_8801965
pd-user_9382814
pd-user_7405794
pd-user_7725211
pd-user_4559352
pd-user_3877790
pd-user_3767290
pd-user_4891831
pd-user_1301957
pd-user_4543665
pd-user_685712
pd-user_8230064
pd-user_1972847
pd-user_9363225
pd-user_5467433
pd-user_1603908
pd-user_3959555
pd-user_7037184
pd-user_1051771
pd-user_6364835
pd-user_9072240
pd-user_3835964
pd-user_9956448
pd-user_5550691
pd-user_3403640
pd-user_5695856
pd-user_9703195
pd-user_135434
pd-user_2682526
pd-user_3189957
pd-user_219766
pd-user_8412534
pd-user_4974768
pd-user_4786632
pd-user_9817163
pd-user_3105389
pd-user_42445
pd-user_9370472
pd-user_4203282
pd-user_3414783
pd-user_889323
pd-user_3758279
pd-user_7896071
pd-user_3510840
pd-user_6792390
pd-user_3285857
pd-user_3490868
pd-user_357160
pd-user_1890830
pd-user_5972956
pd-user_4945726
pd-user_6235106
pd-user_3237089
pd-user_7518194
pd-user_2545235
pd-user_3535326
pd-user_4633409
pd-user_3199343
pd-user_5699009
pd-user_6514488
pd-user_9467614
pd-user_3773404
pd-user_8953151
pd-user_7800010
pd-user_742729
pd-user_7125963
pd-user_8641597
pd-user_4136529
pd-user_495271
pd-user_9235213
pd-user_4406598
pd-user_5856546
pd-user_1745539
pd-user_7741284
pd-user_5201851
pd-user_6036562
pd-user_9819644
pd-user_3251611
pd-user_2304662
pd-user_912993
pd-user_9662818
pd-user_3099026
pd-user_7216208
pd-user_3503076
pd-user_4565132
pd-user_3593081
pd-user_2417932
pd-user_6014304
pd-user_5653276
pd-user_6606530
pd-user_3593241
pd-user_7044508
pd-user_1695296
pd-user_3984037
pd-user_1362695
pd-user_5240122
pd-user_5081686
pd-user_4643143
pd-user_1897723
pd-user_2356928
pd-user_8339153
pd-user_8847661
pd-user_7420865
pd-user_5920142
pd-user_35308
pd-user_8868465
pd-user_2280414
pd-user_8470322
pd-user_2435980
pd-user_1212011
pd-user_8685741
pd-user_9867465
pd-user_8426683
pd-user_9531163
pd-user_7684688
pd-user_8856774
pd-user_1361873
pd-user_9576704
pd-user_8785038
pd-user_4148
pd-user_1001409
pd-user_6121263
pd-user_9125576
pd-user_4773272
pd-user_3913221
pd-user_7729656
pd-user_6197229
pd-user_22144
pd-user_1936938
pd-user_8386012
pd-user_6044574
pd-user_6895019
pd-user_9556651
pd-user_2009015
pd-user_280301
pd-user_1152194
pd-user_3752775
pd-user_6630152
pd-user_7406605
pd-user_6187410
pd-user_5441535
pd-user_1287709
pd-user_8297127
pd-user_720128
pd-user_5523456
pd-user_5761810
pd-user_2307921
pd-user_5618112
pd-user_1343526
pd-user_9171812
pd-user_6268464
pd-user_4302265
pd-user_2321606
pd-user_7880759
pd-user_5163607
pd-user_5623635
pd-user_4236512
pd-user_4202486
pd-user_4482606
pd-user_2595457
pd-user_8975080
pd-user_7648955
pd-user_505468
pd-user_3103433
pd-user_7835838
pd-user_8437318
pd-user_1154156
pd-user_4049028
pd-user_2166087
pd-user_2059330
pd-user_800407
pd-user_5768409
pd-user_8914301
pd-user_3960788
pd-user_829007
pd-user_9544012
pd-user_6573317
pd-user_5801130
pd-user_2268003
pd-user_672375
pd-user_3843054
pd-user_2368415
pd-user_6545325
pd-user_7618646
pd-user_3049768
pd-user_38553
pd-user_8866879
pd-user_4053765
pd-user_886944
pd-user_6611962
pd-user_1329989
pd-user_7810138
pd-user_5295315
pd-user_4434253
pd-user_8825036
pd-user_8197620
pd-user_4121966
pd-user_1282651
pd-user_1276066
pd-user_4353291
pd-user_1402531
pd-user_6775291
pd-user_9356860
pd-user_1028515
pd-user_4415549
pd-user_330531
pd-user_1963227
pd-user_1181793
pd-user_3462513
pd-user_2626016
pd-user_3819894
pd-user_5871547
pd-user_9757772
pd-user_3290531
pd-user_2522687
pd-user_1993151
pd-user_9311519
pd-user_9484054
pd-user_27695
pd-user_5596169
pd-user_5554049
pd-user_6799025
pd-user_2473793
pd-user_1483753
pd-user_7677870
pd-user_5221963
pd-user_28877
pd-user_8217798
pd-user_9082709
pd-user_6718130
pd-user_7624879
pd-user_8934207
pd-user_7238919
pd-user_2928612
pd-user_9130021
pd-user_1064987
pd-user_7802190
pd-user_4502816
pd-user_4090625
pd-user_4852439
pd-user_4289621
pd-user_1715316
pd-user_5285197
pd-user_7021602
pd-user_3282245
pd-user_5957718
pd-user_8172724
pd-user_6620099
pd-user_6166101
pd-user_7669785
pd-user_9496361
pd-user_474470
pd-user_7785287
pd-user_2491895
pd-user_6162654
pd-user_4133544
pd-user_6332564
pd-user_302938
pd-user_6921729
pd-user_5717204
pd-user_1289110
pd-user_9902032
pd-user_6050009
pd-user_9919098
pd-user_4056166
pd-user_5328110
pd-user_8108976
pd-user_1474391
pd-user_9885899
pd-user_1076282
pd-user_1959563
pd-user_831292
pd-user_3323235
pd-user_5695634
pd-user_2234307
pd-user_8232012
pd-user_9123217
pd-user_1851337
pd-user_8224380
pd-user_9875731
pd-user_9698779
pd-user_8349650
pd-user_7868831
pd-user_9950100
pd-user_6822631
pd-user_3309303
pd-user_746187
pd-user_4941335
pd-user_9260306
pd-user_6037441
pd-user_7197654
pd-user_2478488
pd-user_1020061
pd-user_5206500
pd-user_2677987
pd-user_5686473
pd-user_5244912
pd-user_7037804
pd-user_5104095
pd-user_1112789
pd-user_9486235
pd-user_3060720
pd-user_1380286
pd-user_3852561
pd-user_9656162
pd-user_3504615
pd-user_6277062
pd-user_1162783
pd-user_9963535
pd-user_1938325
pd-user_5872550
pd-user_5090956
pd-user_6656564
pd-user_1425440
pd-user_7015443
pd-user_6492807
pd-user_7163636
pd-user_2172718
pd-user_2221455
pd-user_5696492
pd-user_4669902
pd-user_8288057
pd-user_1311940
pd-user_2896874
pd-user_6362257
pd-user_5209058
pd-user_5060265
pd-user_6335178
pd-user_8139990
pd-user_405602
pd-user_1695730
pd-user_5959905
pd-user_4695319
pd-user_3827402
pd-user_7100944
pd-user_8587989
pd-user_1321381
pd-user_1327763
pd-user_3011612
pd-user_3596400
pd-user_2773839
pd-user_3304763
pd-user_3731678
pd-user_5363419
pd-user_5522172
pd-user_3277970
pd-user_6694498
pd-user_7746321
pd-user_5038575
pd-user_9280127
pd-user_1745457
pd-user_3665383
pd-user_6210195
pd-user_6657924
pd-user_3257306
pd-user_6516230
pd-user_4828941
pd-user_868968
pd-user_2361081
pd-user_7427084
pd-user_6296473
pd-user_1155963
pd-user_2955239
pd-user_6221585
pd-user_7428613
pd-user_5477625
pd-user_5284542
pd-user_6114990
pd-user_599707
pd-user_7491668
pd-user_3177928
pd-user_3130813
pd-user_8362797
pd-user_7605535
pd-user_9075855
pd-user_4664106
pd-user_5525431
pd-user_6358727
pd-user_910285
pd-user_8833842
pd-user_5358144
pd-user_8054438
pd-user_5718384
pd-user_8856127
pd-user_3578740
pd-user_411564
pd-user_1930818
pd-user_8256627
pd-user_2199939
pd-user_6102562
pd-user_5021905
pd-user_2074136
pd-user_9456605
pd-user_5761879
pd-user_2985772
pd-user_3613513
pd-user_8182509
pd-user_2886200
pd-user_6323727
pd-user_8998046
pd-user_5840957
pd-user_6866957
pd-user_3326521
pd-user_4879427
pd-user_5852697
pd-user_1339114
pd-user_1538966
pd-user_471472
pd-user_7863964
pd-user_5358610
pd-user_7089492
pd-user_4557751
pd-user_1640098
pd-user_5066044
pd-user_1284806
pd-user_7384452
pd-user_3979563
pd-user_9660657
pd-user_3334586
pd-user_2346919
pd-user_3745520
pd-user_3137335
pd-user_8926424
pd-user_8908513
pd-user_8362036
pd-user_2059755
pd-user_8739827
pd-user_6926895
pd-user_3968429
pd-user_962585
pd-user_5464310
pd-user_344877
pd-user_455913
pd-user_5645706
pd-user_5141930
pd-user_8941801
pd-user_6378902
pd-user_3429512
pd-user_9957189
pd-user_8138296
pd-user_6955351
pd-user_1837389
pd-user_4800324
pd-user_8240721
pd-user_6979062
pd-user_7531246
pd-user_2550260
pd-user_3434632
pd-user_2920831
pd-user_1583233
pd-user_2975152
pd-user_4600972
pd-user_8567749
pd-user_8046579
pd-user_9925424
pd-user_2047438
pd-user_5523659
pd-user_6074177
pd-user_8988564
pd-user_1128824
pd-user_5919080
pd-user_2321581
pd-user_9749653
pd-user_4254923
pd-user_7018395
pd-user_5256242
pd-user_3631198
pd-user_2376220
pd-user_8594800
pd-user_1847712
pd-user_3234914
pd-user_4767135
pd-user_5616188
pd-user_393291
pd-user_9939316
pd-user_8987666
pd-user_9177214
pd-user_5197310
pd-user_9894568
pd-user_6745825
pd-user_5844035
pd-user_3378556
pd-user_8426479
pd-user_904944
pd-user_349165
pd-user_817869
pd-user_7271797
pd-user_3605723
pd-user_6966465
pd-user_7720405
pd-user_4585670
pd-user_7967072
pd-user_3223874
pd-user_4211839
pd-user_5802405
pd-user_8901337
pd-user_65707
pd-user_9879254
pd-user_9086847
pd-user_1119548
pd-user_8453336
pd-user_3704823
pd-user_5966675
pd-user_9412089
pd-user_8436845
pd-user_7466997
pd-user_5413971
pd-user_1260139
pd-user_1953836
pd-user_8264811
pd-user_9074252
pd-user_4325823
pd-user_6577930
pd-user_8775409
pd-user_3118051
pd-user_7640262
pd-user_1660590
pd-user_2496046
pd-user_4317107
pd-user_9430093
pd-user_5680886
pd-user_4450669
pd-user_703154
pd-user_4447500
pd-user_4994665
pd-user_9907155
pd-user_4446039
pd-user_266317
pd-user_1976541
pd-user_9783287
pd-user_7792538
pd-user_7291086
pd-user_878659
pd-user_8023522
pd-user_8253664
pd-user_3126762
pd-user_9493834
pd-user_3405649
pd-user_424436
pd-user_8092661
pd-user_1628036
pd-user_764422
pd-user_8694531
pd-user_3383864
pd-user_3712915
pd-user_4419420
pd-user_6845929
pd-user_1127419
pd-user_8509290
pd-user_7439400
pd-user_2964799
pd-user_1868991
pd-user_1017973
pd-user_4336561
pd-user_3176982
pd-user_3887915
pd-user_1021029
pd-user_1934702
pd-user_8488740
pd-user_8091468
pd-user_4272258
pd-user_5834165
pd-user_3239113
pd-user_6565211
pd-user_8067471
pd-user_9309827
pd-user_6779399
pd-user_5152565
pd-user_1655521
pd-user_1555667
pd-user_6405680
pd-user_9070603
pd-user_7434235
pd-user_2266363
pd-user_6417346
pd-user_8009793
pd-user_1181903
pd-user_7780533
pd-user_891268
pd-user_6391666
pd-user_8845890
pd-user_1075773
pd-user_7111464
pd-user_760107
pd-user_9835951
pd-user_3700633
pd-user_5465620
pd-user_5201756
pd-user_3482613
pd-user_3824358
pd-user_1578114
pd-user_9178397
pd-user_8221140
pd-user_2931834
pd-user_3335651
pd-user_840510
pd-user_6119222
pd-user_4991805
pd-user_3433401
pd-user_6533255
pd-user_9793688
pd-user_6516782
pd-user_9297098
pd-user_8901062
pd-user_7543794
pd-user_9011047
pd-user_876186
pd-user_4764200
pd-user_7601754
pd-user_3796516
pd-user_9917558
pd-user_7903594
pd-user_5699457
pd-user_6968618
pd-user_1078195
pd-user_2294149
pd-user_9720627
pd-user_5511015
pd-user_3062098
pd-user_9984688
pd-user_7601458
pd-user_5092586
pd-user_3757943
pd-user_4625898
pd-user_1333278
pd-user_5552502
pd-user_1708224
pd-user_7423570
pd-user_5651710
pd-user_1147089
pd-user_3655084
pd-user_3861594
pd-user_8310792
pd-user_1990900
pd-user_8787071
pd-user_9862200
pd-user_1751612
pd-user_9326766
pd-user_3344585
pd-user_8351348
pd-user_8930169
pd-user_926627
pd-user_7734451
pd-user_725795
pd-user_2712499
pd-user_1954521
pd-user_5211510
pd-user_2183425
pd-user_1958015
pd-user_9360752
pd-user_2725755
pd-user_4878040
pd-user_3397758
pd-user_8588114
pd-user_2842074
pd-user_8190029
pd-user_125106
pd-user_1807388
pd-user_6226726
pd-user_9074536
pd-user_8606906
pd-user_4565184
pd-user_9511788
pd-user_834450
pd-user_3711106
pd-user_308414
pd-user_6752441
pd-user_18406
pd-user_2528006
pd-user_9878615
pd-user_4807855
pd-user_8459176
pd-user_7147165
pd-user_4790761
pd-user_9247318
pd-user_9490403
pd-user_8871788
pd-user_9338856
pd-user_6833810
pd-user_2762120
pd-user_4382834
pd-user_679411
pd-user_5611133
pd-user_8397083
pd-user_4724115
pd-user_5141497
pd-user_838551
pd-user_4888733
pd-user_2257819
pd-user_7827998
pd-user_6537351
pd-user_5833248
pd-user_5226221
pd-user_6710259
pd-user_94968
pd-user_922130
pd-user_4012957
pd-user_9939323
pd-user_2714900
pd-user_6525889
pd-user_6949843
pd-user_4746658
pd-user_9851638
pd-user_4682753
pd-user_1723271
pd-user_5512869
pd-user_3095052
pd-user_3438808
pd-user_7354955
pd-user_3311883
pd-user_7730859
pd-user_3813543
pd-user_7603332
pd-user_5003862
pd-user_489539
pd-user_4427818
pd-user_3866589
pd-user_209274
pd-user_6793505
pd-user_7144121
pd-user_1358417
pd-user_4110892
pd-user_3436324
pd-user_9576547
pd-user_9763700
pd-user_2094274
pd-user_9998155
pd-user_4229295
pd-user_960912
pd-user_121084
pd-user_6521600
pd-user_1607680
pd-user_3882063
pd-user_5324522
pd-user_9668842
pd-user_3955677
pd-user_266924
pd-user_8518758
pd-user_5166195
pd-user_1332998
pd-user_9244838
pd-user_6765028
pd-user_495827
pd-user_2386046
pd-user_4291747
pd-user_6900636
pd-user_1926183
pd-user_2395436
pd-user_7438788
pd-user_6090474
pd-user_8182477
pd-user_5043571
pd-user_4482180
pd-user_8537933
pd-user_3999683
pd-user_588351
pd-user_7620751
pd-user_2892768
pd-user_8650359
pd-user_404012
pd-user_5146730
pd-user_9219516
pd-user_9285910
pd-user_588008
pd-user_715558
pd-user_8116936
pd-user_8965244
pd-user_5559889
pd-user_7151197
pd-user_4585388
pd-user_4257881
pd-user_8136528
pd-user_9655992
pd-user_9307778
pd-user_5018026
pd-user_4744812
pd-user_4978257
pd-user_9517245
pd-user_2840615
pd-user_8596466
pd-user_1881024
pd-user_8557239
pd-user_4725383
pd-user_9827344
pd-user_1598439
pd-user_2893282
pd-user_5991348
pd-user_7561896
pd-user_5566727
pd-user_361346
pd-user_5430966
pd-user_8338109
pd-user_5070439
pd-user_1836480
pd-user_5445310
pd-user_2350994
pd-user_9624559
pd-user_8962399
pd-user_7164868
pd-user_7035573
pd-user_6905721
pd-user_3690799
pd-user_7845378
pd-user_9779161
pd-user_8827750
pd-user_9222879
pd-user_1634033
pd-user_2438728
pd-user_5477206
pd-user_5859177
pd-user_8227176
pd-user_7787839
pd-user_3992308
pd-user_7984065
pd-user_4502157
pd-user_8783493
pd-user_1020842
pd-user_9424484
pd-user_4382732
pd-user_4139073
pd-user_9080556
pd-user_92960
pd-user_937766
pd-user_2170737
pd-user_3251914
pd-user_4554595
pd-user_9238135
pd-user_8586217
pd-user_8577614
pd-user_2220428
pd-user_3932803
pd-user_632085
pd-user_9770122
pd-user_3978488
pd-user_8347595
pd-user_6515773
pd-user_6487455
pd-user_9624445
pd-user_1616394
pd-user_9730898
pd-user_1831152
pd-user_8412976
pd-user_6489798
pd-user_2790910
pd-user_8212828
pd-user_6172772
pd-user_2971493
pd-user_7374735
pd-user_1067539
pd-user_7371569
pd-user_7245703
pd-user_6714446
pd-user_3928861
pd-user_4496624
pd-user_885255
pd-user_6857019
pd-user_9152459
pd-user_6734416
pd-user_49503
pd-user_7561370
pd-user_540117
pd-user_1618898
pd-user_2772938
pd-user_6317737
pd-user_2997796
pd-user_955250
pd-user_9327855
pd-user_2413815
pd-user_9507091
pd-user_4397587
pd-user_5794335
pd-user_4502493
pd-user_6563005
pd-user_6522613
pd-user_2554758
pd-user_2776017
pd-user_1916462
pd-user_1767981
pd-user_1170552
pd-user_277032
pd-user_9751114
pd-user_4241905
pd-user_9592875
pd-user_9005041
pd-user_6399923
pd-user_7842283
pd-user_2907427
pd-user_8645247
pd-user_882337
pd-user_1486924
pd-user_2254844
pd-user_3252877
pd-user_7735461
pd-user_3237533
pd-user_4118807
pd-user_8755113
pd-user_2013017
pd-user_4301163
pd-user_8480492
pd-user_4332699
pd-user_4007331
pd-user_2880369
pd-user_795202
pd-user_9957342
pd-user_5528269
pd-user_2884692
pd-user_6495284
pd-user_923123
pd-user_3447790
pd-user_5473197
pd-user_4135916
pd-user_6730281
pd-user_492266
pd-user_416808
pd-user_6130456
pd-user_5653244
pd-user_3251636
pd-user_8942227
pd-user_4136044
pd-user_5732267
pd-user_928195
pd-user_7104374
pd-user_9459041
pd-user_3193032
pd-user_5397454
pd-user_8536580
pd-user_826380
pd-user_1176516
pd-user_6165078
pd-user_8881725
pd-user_5185421
pd-user_1963776
pd-user_1822234
pd-user_5839886
pd-user_2780769
pd-user_7317965
pd-user_5788514
pd-user_1327693
pd-user_9047395
pd-user_791649
pd-user_5268273
pd-user_8874820
pd-user_1279033
pd-user_6508072
pd-user_7827202
pd-user_3184927
pd-user_6180862
pd-user_4802423
pd-user_8367755
pd-user_3950948
pd-user_5905014
pd-user_2288630
pd-user_5872479
pd-user_2077286
pd-user_921035
pd-user_6331443
pd-user_1974695
pd-user_658166
pd-user_3947921
pd-user_9384690
pd-user_5351597
pd-user_1195213
pd-user_2261490
pd-user_9601719
pd-user_6750451
pd-user_5705708
pd-user_2109130
pd-user_8448164
pd-user_2762218
pd-user_647381
pd-user_7726971
pd-user_1096056
pd-user_2071821
pd-user_1934260
pd-user_1816694
pd-user_8576683
pd-user_1907308
pd-user_8473561
pd-user_6394775
pd-user_8834386
pd-user_4773841
pd-user_4035390
pd-user_519266
pd-user_4411515
pd-user_5375266
pd-user_8934463
pd-user_5252442
pd-user_3877149
pd-user_621761
pd-user_5990787
pd-user_736314
pd-user_8933775
pd-user_505673
pd-user_3663999
pd-user_6813991
pd-user_1786017
pd-user_4104635
pd-user_8098821
pd-user_3623173
pd-user_9656118
pd-user_3043295
pd-user_4538653
pd-user_4908092
pd-user_9601157
pd-user_9660332
pd-user_4779497
pd-user_8642892
pd-user_3743559
pd-user_598259
pd-user_9148168
pd-user_1693800
pd-user_2552483
pd-user_1140329
pd-user_2727935
pd-user_6493320
pd-user_5536866
pd-user_9828498
pd-user_3441736
pd-user_9987875
pd-user_6407497
pd-user_2428145
pd-user_1901383
pd-user_6616581
pd-user_7299721
pd-user_9320059
pd-user_6941806
pd-user_4112073
pd-user_5091375
pd-user_1057742
pd-user_8060161
pd-user_1009485
pd-user_108970
pd-user_3092655
pd-user_5751984
pd-user_9483369
pd-user_5097638
pd-user_9329189
pd-user_8307498
pd-user_1199623
pd-user_3829890
pd-user_2721226
pd-user_5859015
pd-user_5720183
pd-user_9193758
pd-user_125286
pd-user_515961
pd-user_2543
pd-user_9927959
pd-user_890355
pd-user_3055442
pd-user_315409
pd-user_5594338
pd-user_7362187
pd-user_1184037
pd-user_8440283
pd-user_2990802
pd-user_6129574
pd-user_6462921
pd-user_7611139
pd-user_8029001
pd-user_6295075
pd-user_3624133
pd-user_7448306
pd-user_2556453
pd-user_5583903
pd-user_9627610
pd-user_7162681
pd-user_9260601
pd-user_885375
pd-user_5342055
pd-user_6603696
pd-user_5722004
pd-user_2007007
pd-user_2413403
pd-user_242045
pd-user_9416434
pd-user_2576504
pd-user_3040238
pd-user_3488082
pd-user_4217535
pd-user_6079198
pd-user_1262735
pd-user_5339755
pd-user_8689406
pd-user_2222077
pd-user_3646555
pd-user_3966825
pd-user_4800759
pd-user_5973822
pd-user_3417518
pd-user_9185143
pd-user_8803668
pd-user_1257463
pd-user_2264529
pd-user_6298401
pd-user_4271643
pd-user_5304764
pd-user_9405064
pd-user_4750882
pd-user_5462852
pd-user_1101592
pd-user_9956307
pd-user_9670989
pd-user_9529018
pd-user_5639067
pd-user_5489428
pd-user_7894290
pd-user_6714757
pd-user_964665
pd-user_5133745
pd-user_3500987
pd-user_5419928
pd-user_8580797
pd-user_9476907
pd-user_6786927
pd-user_1642496
pd-user_167238
pd-user_8716508
pd-user_173083
pd-user_2880446
pd-user_2963518
pd-user_1283414
pd-user_7880537
pd-user_805332
pd-user_7540580
pd-user_6535245
pd-user_332601
pd-user_1927215
pd-user_2435187
pd-user_6315400
pd-user_3583484
pd-user_3846004
pd-user_7201447
pd-user_9140154
pd-user_7500853
pd-user_313213
pd-user_7146914
pd-user_6773046
pd-user_7774234
pd-user_5408872
pd-user_3321415
pd-user_9406795
pd-user_6410191
pd-user_9511455
pd-user_768585
pd-user_9482775
pd-user_4582367
pd-user_7120531
pd-user_1611980
pd-user_237363
pd-user_5600635
pd-user_9674775
pd-user_1385552
pd-user_9521950
pd-user_900026
pd-user_2574031
pd-user_9378532
pd-user_8917062
pd-user_5203511
pd-user_9523591
pd-user_2624474
pd-user_8979782
pd-user_239597
pd-user_2043661
pd-user_89520
pd-user_3627522
pd-user_3634416
pd-user_849719
pd-user_2266834
pd-user_7234276
pd-user_6856767
pd-user_2109140
pd-user_1513223
pd-user_4018541
pd-user_4090910
pd-user_9355629
pd-user_8564595
pd-user_492307
pd-user_6729003
pd-user_2918746
pd-user_2189152
pd-user_399165
pd-user_5314277
pd-user_7935906
pd-user_2678065
pd-user_6689334
pd-user_3308026
pd-user_6464794
pd-user_970884
pd-user_9717601
pd-user_5700249
pd-user_89579
pd-user_5577514
pd-user_4427426
pd-user_9005066
pd-user_4603425
pd-user_8870294
pd-user_9276487
pd-user_4253373
pd-user_8906689
pd-user_7018922
pd-user_5876484
pd-user_5151117
pd-user_8501440
pd-user_8988300
pd-user_2157207
pd-user_2803798
pd-user_6134733
pd-user_5163020
pd-user_9037158
pd-user_3318965
pd-user_3811024
pd-user_6035517
pd-user_922674
pd-user_5250420
pd-user_6485628
pd-user_6602341
pd-user_1669453
pd-user_2781519
pd-user_2860706
pd-user_1564130
pd-user_2739232
pd-user_368563
pd-user_9200758
pd-user_2336327
pd-user_2428269
pd-user_6436338
pd-user_8831316
pd-user_4180249
pd-user_9855068
pd-user_9825462
pd-user_6400251
pd-user_4665490
pd-user_3175446
pd-user_2097713
pd-user_5804566
pd-user_3605651
pd-user_7165406
pd-user_4439543
pd-user_5650423
pd-user_8304299
pd-user_5322173
pd-user_999333
pd-user_3397734
pd-user_2572124
pd-user_7729608
pd-user_5840196
pd-user_6278637
pd-user_9754134
pd-user_7348347
pd-user_3667509
pd-user_2146315
pd-user_2248683
pd-user_7026101
pd-user_5362890
pd-user_5191886
pd-user_2338808
pd-user_2302765
pd-user_2907261
pd-user_8326533
pd-user_3740706
pd-user_1865504
pd-user_7372911
pd-user_8554583
pd-user_8960923
pd-user_417050
pd-user_206282
pd-user_1165562
pd-user_6272857
pd-user_1427539
pd-user_2598408
pd-user_6895091
pd-user_1587037
pd-user_7613908
pd-user_8219856
pd-user_8756855
pd-user_8546790
pd-user_9924824
pd-user_86140
pd-user_6651706
pd-user_5530288
pd-user_1277599
pd-user_9078365
pd-user_5427650
pd-user_375522
pd-user_3378986
pd-user_1459755
pd-user_7766020
pd-user_5232340
pd-user_7648924
pd-user_3580752
pd-user_4765091
pd-user_3627802
pd-user_1035994
pd-user_7682597
pd-user_2529675
pd-user_419579
pd-user_9265825
pd-user_9213106
pd-user_2603890
pd-user_4373757
pd-user_3023444
pd-user_4302801
pd-user_757776
pd-user_5270940
pd-user_1863680
pd-user_5319436
pd-user_4142546
pd-user_5966760
pd-user_5274540
pd-user_1250070
pd-user_2714968
pd-user_8090085
pd-user_5577415
pd-user_3652977
pd-user_4001969
pd-user_1493472
pd-user_7447985
pd-user_6636871
pd-user_4824674
pd-user_3840861
pd-user_4084808
pd-user_3210506
pd-user_7600668
pd-user_7669339
pd-user_4848825
pd-user_9614086
pd-user_9299502
pd-user_3525826
pd-user_9971033
pd-user_8351637
pd-user_8350661
pd-user_6899307
pd-user_3540735
pd-user_5178979
pd-user_5052801
pd-user_4293238
pd-user_3724836
pd-user_944461
pd-user_5534989
pd-user_8296632
pd-user_9051345
pd-user_2164856
pd-user_7510044
pd-user_8316441
pd-user_4711135
pd-user_7565036
pd-user_7177421
pd-user_1071188
pd-user_4852181
pd-user_3048843
pd-user_7073967
pd-user_7513220
pd-user_7132006
pd-user_4594213
pd-user_3202673
pd-user_7228522
pd-user_1183618
pd-user_3466501
pd-user_6822239
pd-user_8756802
pd-user_3310224
pd-user_5516802
pd-user_7767954
pd-user_8246959
pd-user_7401015
pd-user_2593995
pd-user_8728966
pd-user_2715535
pd-user_197002
pd-user_5606399
pd-user_9813295
pd-user_2540977
pd-user_2190308
pd-user_5815310
pd-user_3312655
pd-user_7095415
pd-user_3389573
pd-user_3990162
pd-user_7616848
pd-user_6801934
pd-user_6897424
pd-user_9759354
pd-user_5230015
pd-user_1536258
pd-user_9176770
pd-user_3692319
pd-user_8349992
pd-user_960102
pd-user_534502
pd-user_8225635
pd-user_4527994
pd-user_1708061
pd-user_5789581
pd-user_5644290
pd-user_8786505
pd-user_8131756
pd-user_6846336
pd-user_1017239
pd-user_2610463
pd-user_1284491
pd-user_9183459
pd-user_5320051
pd-user_9651693
pd-user_9100646
pd-user_1197035
pd-user_9532594
pd-user_3749751
pd-user_812904
pd-user_1990322
pd-user_5556546
pd-user_6513119
pd-user_6956477
pd-user_7723169
pd-user_2683567
pd-user_8121741
pd-user_8497116
pd-user_5661691
pd-user_7807833
pd-user_2556071
pd-user_6577742
pd-user_115199
pd-user_8695436
pd-user_4887195
pd-user_3099751
pd-user_8005772
pd-user_4104456
pd-user_9380077
pd-user_3243961
pd-user_870589
pd-user_9031370
pd-user_1447232
pd-user_2960703
pd-user_4830405
pd-user_659816
pd-user_4389457
pd-user_9496300
pd-user_7515799
pd-user_2737134
pd-user_701695
pd-user_6740420
pd-user_3589143
pd-user_7998931
pd-user_6573475
pd-user_5639241
pd-user_2968939
pd-user_1420997
pd-user_2743671
pd-user_2761454
pd-user_748092
pd-user_1878997
pd-user_1206887
pd-user_3980874
pd-user_9852561
pd-user_6873153
pd-user_4968477
pd-user_2048810
pd-user_1778891
pd-user_1320909
pd-user_4464802
pd-user_2216678
pd-user_5151929
pd-user_513445
pd-user_4583954
pd-user_9796494
pd-user_2012206
pd-user_2626664
pd-user_6209308
pd-user_9990185
pd-user_6569869
pd-user_751372
pd-user_8624364
pd-user_9797871
pd-user_3613513
pd-user_6217219
pd-user_460413
pd-user_9447191
pd-user_7768109
pd-user_9225415
pd-user_7496785
pd-user_777498
pd-user_9137953
pd-user_7824077
pd-user_4475153
pd-user_4856357
pd-user_6418822
pd-user_2167597
pd-user_3465599
pd-user_6122429
pd-user_1854009
pd-user_1022694
pd-user_9917625
pd-user_4835465
pd-user_4663770
pd-user_4063836
pd-user_6249597
pd-user_3744498
pd-user_3523396
pd-user_1842923
pd-user_666319
pd-user_9158113
pd-user_6946479
pd-user_3451193
pd-user_9412932
pd-user_1630655
pd-user_6122331
pd-user_1973231
pd-user_8154899
pd-user_7260498
pd-user_4729731
pd-user_8117109
pd-user_5602274
pd-user_9253729
pd-user_7330500
pd-user_2201327
pd-user_5314516
pd-user_6962201
pd-user_9387254
pd-user_4837589
pd-user_9233667
pd-user_1865241
pd-user_6451595
pd-user_7972433
pd-user_3867012
pd-user_5115841
pd-user_3276909
pd-user_8456274
pd-user_4138205
pd-user_2982929
pd-user_4176696
pd-user_9932490
pd-user_3809775
pd-user_3188124
pd-user_4145376
pd-user_5602157
pd-user_5959116
pd-user_6050273
pd-user_9539881
pd-user_5572622
pd-user_7119958
pd-user_7005980
pd-user_3768835
pd-user_5516923
pd-user_5948530
pd-user_1699685
pd-user_5933431
pd-user_2972049
pd-user_1562183
pd-user_2633645
pd-user_6924793
pd-user_2754669
pd-user_9842024
pd-user_212907
pd-user_1154280
pd-user_6576342
pd-user_552627
pd-user_5772580
pd-user_2790736
pd-user_7599924
pd-user_1547345
pd-user_9510650
pd-user_2066023
pd-user_7691121
pd-user_90406
pd-user_2164437
pd-user_5243518
pd-user_288214
pd-user_4668754
pd-user_9820003
pd-user_3949012
pd-user_8171383
pd-user_6754246
pd-user_1289159
pd-user_8380252
pd-user_240229
pd-user_6912294
pd-user_672175
pd-user_6009920
pd-user_212570
pd-user_2840235
pd-user_7410374
pd-user_3662344
pd-user_2062211
pd-user_3882418
pd-user_8536027
pd-user_4942933
pd-user_883502
pd-user_6614918
pd-user_5289364
pd-user_7773643
pd-user_267668
pd-user_2949949
pd-user_230528
pd-user_4054325
pd-user_7832749
pd-user_9948871
pd-user_3475388
pd-user_3003121
pd-user_3486333
pd-user_3028548
pd-user_3564589
pd-user_5451435
pd-user_6408773
pd-user_2998938
pd-user_5842596
pd-user_851062
pd-user_9443740
pd-user_8046152
pd-user_5807588
pd-user_1013313
pd-user_3392325
pd-user_346405
pd-user_4860958
pd-user_2010212
pd-user_3966011
pd-user_31554
pd-user_3246200
pd-user_8498363
pd-user_726234
pd-user_8399708
pd-user_5196035
pd-user_1492649
pd-user_7892897
pd-user_4715607
pd-user_8546117
pd-user_3113788
pd-user_7314058
pd-user_3637994
pd-user_2922350
pd-user_2115129
pd-user_8743157
pd-user_1119365
pd-user_204206
pd-user_9677958
pd-user_4837062
pd-user_4650275
pd-user_4345340
pd-user_1383973
pd-user_4636357
pd-user_850889
pd-user_2150530
pd-user_1585215
pd-user_5555896
pd-user_8886194
pd-user_3947563
pd-user_9806920
pd-user_666356
pd-user_6558013
pd-user_9902479
pd-user_108313
pd-user_5265142
pd-user_8824336
pd-user_4305540
pd-user_1474013
pd-user_109846
pd-user_2153429
pd-user_2188166
pd-user_6599106
pd-user_4716301
pd-user_4821962
pd-user_6402929
pd-user_624176
pd-user_387389
pd-user_7332177
pd-user_2363409
pd-user_8367570
pd-user_2845304
pd-user_8415333
pd-user_3902763
pd-user_2055006
pd-user_5329734
pd-user_9441392
pd-user_3500205
pd-user_6194985
pd-user_5901306
pd-user_2335724
pd-user_2913634
pd-user_5842524
pd-user_6872976
pd-user_42732
pd-user_311533
pd-user_5563425
pd-user_5375507
pd-user_5181232
pd-user_346110
pd-user_891619
pd-user_5860373
pd-user_1763655
pd-user_4811943
pd-user_7994083
pd-user_6088264
pd-user_6398233
pd-user_5496198
pd-user_8492334
pd-user_2289149
pd-user_8299516
pd-user_1425521
pd-user_6792303
pd-user_2324966
pd-user_1997124
pd-user_7356514
pd-user_8521335
pd-user_155446
pd-user_8338210
pd-user_4667909
pd-user_9668260
pd-user_5332310
pd-user_6056722
pd-user_7906687
pd-user_3723423
pd-user_4517313
pd-user_9554611
pd-user_7569525
pd-user_3810002
pd-user_6525377
pd-user_5353582
pd-user_8225420
pd-user_165268
pd-user_8584352
pd-user_8480056
pd-user_1748512
pd-user_6587975
pd-user_3797878
pd-user_1404239
pd-user_4393984
pd-user_1159843
pd-user_9467856
pd-user_4763171
pd-user_4716496
pd-user_3943364
pd-user_9779189
pd-user_7724384
pd-user_4117801
pd-user_2416450
pd-user_8745849
pd-user_7704456
pd-user_8277532
pd-user_928164
pd-user_182655
pd-user_1696449
pd-user_4815463
pd-user_9984469
pd-user_6746024
pd-user_1867272
pd-user_4503225
pd-user_7956125
pd-user_5156491
pd-user_9610364
pd-user_2133754
pd-user_1438797
pd-user_5044668
pd-user_7644072
pd-user_4902613
pd-user_6846593
pd-user_9992402
pd-user_3704332
pd-user_5487632
pd-user_747249
pd-user_4197352
pd-user_2393090
pd-user_5390346
pd-user_458197
pd-user_8351133
pd-user_7441864
pd-user_7837090
pd-user_9235149
pd-user_4870555
pd-user_4444178
pd-user_2285804
pd-user_5676174
pd-user_4798650
pd-user_1400032
pd-user_2655576
pd-user_9751970
pd-user_8054866
pd-user_9790163
pd-user_5409190
pd-user_2282789
pd-user_7295140
pd-user_2615029
pd-user_1958368
pd-user_1301222
pd-user_8197246
pd-user_1361111
pd-user_6525088
pd-user_7620411
pd-user_2962089
pd-user_1841895
pd-user_9179282
pd-user_8851224
pd-user_6746042
pd-user_2069563
pd-user_1291212
pd-user_5682903
pd-user_8846548
pd-user_8633337
pd-user_2236069
pd-user_725904
pd-user_5088864
pd-user_2485585
pd-user_1855013
pd-user_7019129
pd-user_4374275
pd-user_868239
pd-user_8590614
pd-user_3864391
pd-user_7841278
pd-user_86680
pd-user_7732099
pd-user_5366927
pd-user_5081728
pd-user_4065331
pd-user_3909144
pd-user_2392909
pd-user_3006436
pd-user_4182054
pd-user_8327267
pd-user_2082362
pd-user_6251274
pd-user_4692239
pd-user_1789854
pd-user_299502
pd-user_1532733
pd-user_1661527
pd-user_8846866
pd-user_6185235
pd-user_5593001
pd-user_9976710
pd-user_433175
pd-user_5487034
pd-user_6449325
pd-user_3705790
pd-user_1816390
pd-user_5703995
pd-user_9487028
pd-user_4920710
pd-user_8815422
pd-user_2010053
pd-user_2900916
pd-user_5886646
pd-user_4704228
pd-user_5589786
pd-user_568076
pd-user_1861091
pd-user_8887968
pd-user_1810958
pd-user_3812223
pd-user_672232
pd-user_8552619
pd-user_8768845
pd-user_5580984
pd-user_3869185
pd-user_5885149
pd-user_5266477
pd-user_824231
pd-user_6885342
pd-user_398389
pd-user_1724729
pd-user_7463990
pd-user_9451609
pd-user_6212359
pd-user_220540
pd-user_585861
pd-user_7275873
pd-user_3044645
pd-user_7508614
pd-user_4436923
pd-user_728131
pd-user_1369984
pd-user_2298230
pd-user_5227419
pd-user_1300005
pd-user_9040772
pd-user_8461643
pd-user_5305576
pd-user_1094620
pd-user_6263075
pd-user_6142851
pd-user_5197574
pd-user_896367
pd-user_7858883
pd-user_9747035
pd-user_7823355
pd-user_4280432
pd-user_6098417
pd-user_5388415
pd-user_3776542
pd-user_2824904
pd-user_9914910
pd-user_453650
pd-user_1157418
pd-user_8952552
pd-user_525054
pd-user_70089
pd-user_499547
pd-user_5702542
pd-user_1575679
pd-user_5962054
pd-user_9212181
pd-user_3111734
pd-user_403362
pd-user_8669684
pd-user_3195680
pd-user_7412666
pd-user_7438894
pd-user_3238195
pd-user_8586745
pd-user_1699967
pd-user_8503142
pd-user_2043420
pd-user_5267451
pd-user_6374699
pd-user_715360
pd-user_9761226
pd-user_9843152
pd-user_1990194
pd-user_762956
pd-user_1743683
pd-user_8716376
pd-user_8184753
pd-user_9570316
pd-user_4523421
pd-user_8033479
pd-user_1796929
pd-user_7893090
pd-user_6941288
pd-user_8550958
pd-user_7838571
pd-user_7354289
pd-user_9797044
pd-user_5280351
pd-user_3529780
pd-user_3357841
pd-user_7898601
pd-user_5683472
pd-user_9205632
pd-user_1064182
pd-user_455657
pd-user_562105
pd-user_125854
pd-user_3411288
pd-user_1354446
pd-user_5133461
pd-user_5363987
pd-user_7518352
pd-user_9463634
pd-user_6104410
pd-user_3524344
pd-user_1523284
pd-user_3344687
pd-user_7509159
pd-user_8166540
pd-user_8359844
pd-user_5933306
pd-user_4254663
pd-user_4817938
pd-user_5948661
pd-user_4499859
pd-user_7197049
pd-user_7756993
pd-user_5161180
pd-user_9587674
pd-user_7423785
pd-user_2635837
pd-user_6332663
pd-user_4710274
pd-user_9522428
pd-user_149301
pd-user_6656267
pd-user_5844389
pd-user_2707879
pd-user_3728544
pd-user_3532464
pd-user_615632
pd-user_926640
pd-user_8239475
pd-user_2496413
pd-user_8996954
pd-user_124169
pd-user_6043491
pd-user_8234343
pd-user_636292
pd-user_4768832
pd-user_508441
pd-user_2864730
pd-user_5152557
pd-user_7789464
pd-user_5148118
pd-user_4087625
pd-user_4924851
pd-user_52733
pd-user_1833232
pd-user_2107873
pd-user_7723646
pd-user_9587604
pd-user_5106758
pd-user_7479191
pd-user_9090250
pd-user_1520966
pd-user_2198740
pd-user_1436785
pd-user_9469691
pd-user_1387371
pd-user_426095
pd-user_2665719
pd-user_3534866
pd-user_6029571
pd-user_827804
pd-user_4438641
pd-user_6890942
pd-user_6171580
pd-user_5301841
pd-user_630897
pd-user_715085
pd-user_1843672
pd-user_9955343
pd-user_1274529
pd-user_3103517
pd-user_8847426
pd-user_2107195
pd-user_8691174
pd-user_7702694
pd-user_9170961
pd-user_2532275
pd-user_7148628
pd-user_6577573
pd-user_2170132
pd-user_4306834
pd-user_5457569
pd-user_9217573
pd-user_2637298
pd-user_482367
pd-user_3326781
pd-user_9685319
pd-user_2697807
pd-user_9795894
pd-user_758642
pd-user_8142829
pd-user_5887991
pd-user_2827503
pd-user_8153500
pd-user_3439017
pd-user_2726049
pd-user_9694380
pd-user_4279569
pd-user_9457710
pd-user_5587194
pd-user_9089952
pd-user_9630976
pd-user_2059236
pd-user_7795568
pd-user_7999518
pd-user_6243450
pd-user_8932211
pd-user_6904765
pd-user_273473
pd-user_4936445
pd-user_986649
pd-user_681555
pd-user_8184646
pd-user_3465138
pd-user_228152
pd-user_9234442
pd-user_107941
pd-user_8270862
pd-user_5477881
pd-user_3633172
pd-user_9858320
pd-user_1190034
pd-user_7699516
pd-user_6458282
pd-user_8102853
pd-user_7387062
pd-user_7301031
pd-user_1608489
pd-user_8744118
pd-user_9128423
pd-user_8791133
pd-user_1278852
pd-user_2301667
pd-user_3885124
pd-user_7097273
pd-user_3059054
pd-user_2175414
pd-user_5836831
pd-user_7443469
pd-user_2327384
pd-user_666548
pd-user_3559833
pd-user_6281106
pd-user_1717616
pd-user_9224296
pd-user_6143940
pd-user_6778933
pd-user_5564521
pd-user_5397541
pd-user_5525593
pd-user_781562
pd-user_8267896
pd-user_2562064
pd-user_2262086
pd-user_8936038
pd-user_7556903
pd-user_6795205
pd-user_4418023
pd-user_7748079
pd-user_612415
pd-user_3189039
pd-user_7528023
pd-user_2206533
pd-user_3693534
pd-user_3500346
pd-user_4508937
pd-user_4195463
pd-user_3497798
pd-user_6859957
pd-user_4822633
pd-user_7449665
pd-user_5720039
pd-user_7193546
pd-user_6882605
pd-user_4412719
pd-user_1706754
pd-user_7765923
pd-user_6985897
pd-user_341202
pd-user_7568055
pd-user_3161743
pd-user_1068706
pd-user_1562644
pd-user_2170249
pd-user_9696963
pd-user_3172007
pd-user_3575812
pd-user_3897072
pd-user_353134
pd-user_4497812
pd-user_5743728
pd-user_3362323
pd-user_6756989
pd-user_8871614
pd-user_5202394
pd-user_2949388
pd-user_9965818
pd-user_2841310
pd-user_4468491
pd-user_7783516
pd-user_4110889
pd-user_4142338
pd-user_7741830
pd-user_9657849
pd-user_5836031
pd-user_7224678
pd-user_4319481
pd-user_8524709
pd-user_5254548
pd-user_7680618
pd-user_9048843
pd-user_2559780
pd-user_1306899
pd-user_7825229
pd-user_9421082
pd-user_9110710
pd-user_2785219
pd-user_5387034
pd-user_8715392
pd-user_2951961
pd-user_7546126
pd-user_4345184
pd-user_3013598
pd-user_8970760
pd-user_9686865
pd-user_2252059
pd-user_6842899
pd-user_113798
pd-user_8345092
pd-user_5953503
pd-user_251493
pd-user_7715606
pd-user_7756932
pd-user_6469154
pd-user_2065875
pd-user_3869555
pd-user_3080354
pd-user_5656518
pd-user_5578958
pd-user_2026838
pd-user_7260339
pd-user_860090
pd-user_4112538
pd-user_5942929
pd-user_2177047
pd-user_3005950
pd-user_1654725
pd-user_7374992
pd-user_8707926
pd-user_4998208
pd-user_7404026
pd-user_4097132
pd-user_4029140
pd-user_2861660
pd-user_4019684
pd-user_4877315
pd-user_6051680
pd-user_898758
pd-user_6215823
pd-user_4853781
pd-user_8781982
pd-user_9404031
pd-user_4478104
pd-user_7042275
pd-user_4722670
pd-user_649566
pd-user_729521
pd-user_2216776
pd-user_5831946
pd-user_6320075
pd-user_8608497
pd-user_6769670
pd-user_7675970
pd-user_6527975
pd-user_1649190
pd-user_1183212
pd-user_4507742
pd-user_2784315
pd-user_9300187
pd-user_2920951
pd-user_7881373
pd-user_5583966
pd-user_6181389
pd-user_4858763
pd-user_1593934
pd-user_9229131
pd-user_8062856
pd-user_7358665
pd-user_3595913
pd-user_9460956
pd-user_1199645
pd-user_7300290
pd-user_6892759
pd-user_5934167
pd-user_5639009
pd-user_6707943
pd-user_5903723
pd-user_4206085
pd-user_8568763
pd-user_225096
pd-user_7159641
pd-user_7844934
pd-user_2517106
pd-user_5216158
pd-user_2988430
pd-user_260988
pd-user_367512
pd-user_8683709
pd-user_4689173
pd-user_1134539
pd-user_5542507
pd-user_5767658
pd-user_9771938
pd-user_6247066
pd-user_8567260
pd-user_7971024
pd-user_801277
pd-user_8809460
pd-user_6082887
pd-user_5547306
pd-user_5480009
pd-user_111783
pd-user_2345288
pd-user_3719517
pd-user_4736783
pd-user_7754647
pd-user_4094244
pd-user_3701955
pd-user_8058396
pd-user_5619445
pd-user_2903987
pd-user_6830570
pd-user_1419631
pd-user_1274070
pd-user_8062292
pd-user_8598493
pd-user_1304913
pd-user_9169428
pd-user_2887086
pd-user_8835547
pd-user_5240352
pd-user_5670785
pd-user_6222407
pd-user_6336494
pd-user_6087878
pd-user_7797126
pd-user_7528615
pd-user_1475717
pd-user_6490450
pd-user_2469215
pd-user_6370832
pd-user_28606
pd-user_4270314
pd-user_4223450
pd-user_8968234
pd-user_8398758
pd-user_9145260
pd-user_8649708
pd-user_1594051
pd-user_8775007
pd-user_6627381
pd-user_5385225
pd-user_4977313
pd-user_1665256
pd-user_1645682
pd-user_2211472
pd-user_7044422
pd-user_7182714
pd-user_6176166
pd-user_5782654
pd-user_7865369
pd-user_9285303
pd-user_5049055
pd-user_7264913
pd-user_9974540
pd-user_7448431
pd-user_600991
pd-user_664744
pd-user_5619257
pd-user_7270637
pd-user_8465794
pd-user_6803061
pd-user_1583408
pd-user_2477958
pd-user_7444287
pd-user_5254963
pd-user_5121617
pd-user_6030185
pd-user_5993308
pd-user_3365155
pd-user_3495946
pd-user_3496323
pd-user_6922361
pd-user_2131600
pd-user_5750212
pd-user_6599139
pd-user_4167964
pd-user_2789460
pd-user_3390418
pd-user_3070204
pd-user_3998717
pd-user_739434
pd-user_8756524
pd-user_8867588
pd-user_281513
pd-user_1020658
pd-user_8606078
pd-user_4105680
pd-user_1094016
pd-user_1984237
pd-user_7747788
pd-user_1169602
pd-user_4810970
pd-user_5247898
pd-user_5359106
pd-user_2955270
pd-user_8833564
pd-user_150070
pd-user_4844531
pd-user_833065
pd-user_8946077
pd-user_2660784
pd-user_8554568
pd-user_8543064
pd-user_1151071
pd-user_5650464
pd-user_8937623
pd-user_2779915
pd-user_9063026
pd-user_906073
pd-user_7408659
pd-user_2621491
pd-user_4912080
pd-user_5344116
pd-user_9984171
pd-user_7548716
pd-user_4320590
pd-user_7036429
pd-user_3377649
pd-user_1444853
pd-user_9467858
pd-user_5958030
pd-user_4044622
pd-user_2662525
pd-user_7386615
pd-user_2297475
pd-user_1199014
pd-user_888447
pd-user_8913731
pd-user_2474045
pd-user_3969418
pd-user_7267022
pd-user_5868813
pd-user_5346854
pd-user_2635120
pd-user_304657
pd-user_3952795
pd-user_328373
pd-user_8968043
pd-user_6039839
pd-user_7019159
pd-user_1769739
pd-user_8804364
pd-user_2963940
pd-user_270407
pd-user_362029
pd-user_3386739
pd-user_1378057
pd-user_5793584
pd-user_7830578
pd-user_8478829
pd-user_8280981
pd-user_2483982
pd-user_3803180
pd-user_4659125
pd-user_8449148
pd-user_7704215
pd-user_8641097
pd-user_6418098
pd-user_6997160
pd-user_110637
pd-user_4958927
pd-user_8302195
pd-user_5839152
pd-user_3804101
pd-user_5177926
pd-user_1488203
pd-user_6635880
pd-user_8297530
pd-user_1620218
pd-user_6969705
pd-user_8909911
pd-user_1215571
pd-user_9002004
pd-user_2846145
pd-user_5143002
pd-user_6385317
pd-user_1133865
pd-user_5374736
pd-user_2430466
pd-user_6117190
pd-user_1661153
pd-user_8918995
pd-user_9864981
pd-user_5279989
pd-user_7020791
pd-user_5034080
pd-user_8404389
pd-user_3058878
pd-user_9492666
pd-user_4827992
pd-user_3258076
pd-user_2415552
pd-user_4275976
pd-user_4513317
pd-user_5968370
pd-user_7990567
pd-user_2545802
pd-user_1170281
pd-user_7228617
pd-user_2680262
pd-user_9533328
pd-user_3798718
pd-user_1340588
pd-user_9895517
pd-user_2620543
pd-user_263971
pd-user_2940979
pd-user_3676150
pd-user_3386944
pd-user_8471695
pd-user_7571413
pd-user_2554643
pd-user_527095
pd-user_1440625
pd-user_688165
pd-user_9781268
pd-user_852340
pd-user_8561784
pd-user_4187738
pd-user_4817752
pd-user_8493721
pd-user_4183507
pd-user_6172930
pd-user_4002780
pd-user_2798442
pd-user_5258550
pd-user_2712263
pd-user_7141064
pd-user_9424588
pd-user_4395506
pd-user_4905300
pd-user_2202474
pd-user_5261383
pd-user_537283
pd-user_6841560
pd-user_1220360
pd-user_6337226
pd-user_5735095
pd-user_4875772
pd-user_2464966
pd-user_4041431
pd-user_7438784
pd-user_8323525
pd-user_6842238
pd-user_7739427
pd-user_1792100
pd-user_7556973
pd-user_4654309
pd-user_82496
pd-user_4323887
pd-user_1823554
pd-user_3427407
pd-user_6309724
pd-user_6159096
pd-user_3261658
pd-user_9075936
pd-user_5937153
pd-user_2561389
pd-user_4690741
pd-user_9890423
pd-user_9504988
pd-user_9951174
pd-user_2365193
pd-user_3004704
pd-user_8941221
pd-user_124604
pd-user_5570569
pd-user_4270214
pd-user_3643706
pd-user_2713554
pd-user_7975481
pd-user_2551750
pd-user_3448178
pd-user_8606787
pd-user_8652662
pd-user_8135938
pd-user_640078
pd-user_7608749
pd-user_3112026
pd-user_7819980
pd-user_6141039
pd-user_2772635
pd-user_8891648
pd-user_2322882
pd-user_5050307
pd-user_9569466
pd-user_7595102
pd-user_771566
pd-user_2222946
pd-user_1278127
pd-user_8770408
pd-user_6864223
pd-user_1778998
pd-user_2390052
pd-user_948664
pd-user_1189715
pd-user_6715583
pd-user_6137898
pd-user_6266788
pd-user_5600641
pd-user_557372
pd-user_200150
pd-user_2287434
pd-user_3203433
pd-user_7312220
pd-user_2986211
pd-user_2445518
pd-user_3941201
pd-user_8680754
pd-user_4344639
pd-user_7330903
pd-user_2311229
pd-user_5483406
pd-user_4647331
pd-user_4452787
pd-user_2634654
pd-user_6452766
pd-user_6660933
pd-user_1499955
pd-user_5254076
pd-user_3322303
pd-user_4513393
pd-user_6043037
pd-user_6931251
pd-user_182996
pd-user_3416163
pd-user_8604866
pd-user_1198162
pd-user_9916641
pd-user_7480582
pd-user_8382420
pd-user_4383666
pd-user_2480291
pd-user_2772317
pd-user_8690686
pd-user_3948332
pd-user_6295370
pd-user_4334144
pd-user_4110716
pd-user_3094792
pd-user_2533660
pd-user_2704277
pd-user_1921238
pd-user_629731
pd-user_9062712
pd-user_7973386
pd-user_1057424
pd-user_597261
pd-user_6013368
pd-user_495574
pd-user_5595534
pd-user_7609369
pd-user_2936081
pd-user_3400810
pd-user_5896577
pd-user_1571076
pd-user_4139698
pd-user_2286802
pd-user_3728474
pd-user_5921453
pd-user_9548400
pd-user_6829855
pd-user_9653763
pd-user_9555861
pd-user_3550743
pd-user_3054337
pd-user_6843986
pd-user_995313
pd-user_742708
pd-user_2930074
pd-user_4359250
pd-user_5189515
pd-user_1938916
pd-user_457380
pd-user_31538
pd-user_16581
pd-user_818572
pd-user_5211140
pd-user_6346537
pd-user_3081037
pd-user_6403301
pd-user_7084554
pd-user_9751560
pd-user_4508143
pd-user_5964940
pd-user_4881599
pd-user_1135013
pd-user_566022
pd-user_1185518
pd-user_6396562
pd-user_8897881
pd-user_8874125
pd-user_5342373
pd-user_2985532
pd-user_953395
pd-user_7826352
pd-user_7397073
pd-user_9891548
pd-user_6423000
pd-user_345855
pd-user_6957703
pd-user_8555544
pd-user_1460941
pd-user_6818967
pd-user_6399671
pd-user_8871401
pd-user_7869125
pd-user_7824782
pd-user_7657488
pd-user_202914
pd-user_9580209
pd-user_8627474
pd-user_588718
pd-user_6404288
pd-user_8837799
pd-user_195518
pd-user_3515320
pd-user_9977779
pd-user_4381246
pd-user_3213807
pd-user_1659215
pd-user_5913458
pd-user_7701798
pd-user_4282294
pd-user_6832985
pd-user_5383370
pd-user_2055082
pd-user_7149593
pd-user_4538565
pd-user_6611006
pd-user_306098
pd-user_4428828
pd-user_3493238
pd-user_2677702
pd-user_4795186
pd-user_114256
pd-user_1756593
pd-user_9295872
pd-user_8832938
pd-user_9467942
pd-user_1598276
pd-user_6802646
pd-user_4745622
pd-user_2561246
pd-user_1910453
pd-user_5424401
pd-user_75911
pd-user_3411904
pd-user_5428797
pd-user_3991724
pd-user_4082409
pd-user_7803052
pd-user_3908086
pd-user_3516978
pd-user_4821319
pd-user_4997326
pd-user_4987435
pd-user_7089981
pd-user_7513829
pd-user_1766513
pd-user_2313364
pd-user_4487384
pd-user_2736340
pd-user_9524465
pd-user_4865849
pd-user_1517625
pd-user_9156113
pd-user_300686
pd-user_7725861
pd-user_7578380
pd-user_1098359
pd-user_6334989
pd-user_371728
pd-user_3532366
pd-user_8560089
pd-user_3509216
pd-user_7094048
pd-user_6194512
pd-user_6382234
pd-user_9925925
pd-user_91310
pd-user_3010957
pd-user_6902653
pd-user_8393037
pd-user_7389904
pd-user_5154484
pd-user_1458780
pd-user_7246295
pd-user_447901
pd-user_7702332
pd-user_3097878
pd-user_3695770
pd-user_6995337
pd-user_9030606
pd-user_1900778
pd-user_2317805
pd-user_3491950
pd-user_5982705
pd-user_7014239
pd-user_9719330
pd-user_6303698
pd-user_4133923
pd-user_429218
pd-user_4696687
pd-user_6206880
pd-user_7660792
pd-user_1300078
pd-user_8500498
pd-user_1123762
pd-user_5581517
pd-user_1728397
pd-user_7886375
pd-user_4065560
pd-user_5972884
pd-user_6539176
pd-user_8503437
pd-user_2130731
pd-user_7660493
pd-user_3183061
pd-user_3379322
pd-user_2031647
pd-user_5997385
pd-user_5275488
pd-user_3325611
pd-user_1899981
pd-user_2447325
pd-user_6825826
pd-user_9299873
pd-user_8986223
pd-user_4161032
pd-user_1395928
pd-user_896088
pd-user_4057681
pd-user_8359752
pd-user_1784792
pd-user_2776997
pd-user_1337684
pd-user_9992894
pd-user_7129693
pd-user_3089043
pd-user_629351
pd-user_6658700
pd-user_4629542
pd-user_8805869
pd-user_7890397
pd-user_195795
pd-user_2271869
pd-user_5207894
pd-user_4604536
pd-user_674849
pd-user_5792079
pd-user_9869203
pd-user_5168637
pd-user_7310527
pd-user_5411634
pd-user_4913312
pd-user_9845278
pd-user_9666042
pd-user_4736393
pd-user_4832963
pd-user_3770030
pd-user_878941
pd-user_9467861
pd-user_5485698
pd-user_4707563
pd-user_6088396
pd-user_4864843
pd-user_6542674
pd-user_3407861
pd-user_2068647
pd-user_1863565
pd-user_4358927
pd-user_5580318
pd-user_3064903
pd-user_4742052
pd-user_6621024
pd-user_4937830
pd-user_1589908
pd-user_1754636
pd-user_7005094
pd-user_6318972
pd-user_1161753
pd-user_566747
pd-user_4392498
pd-user_8951346
pd-user_1064101
pd-user_3317715
pd-user_5953176
pd-user_2324297
pd-user_8344017
pd-user_8909841
pd-user_1857307
pd-user_4484649
pd-user_1397300
pd-user_7315654
pd-user_567864
pd-user_1540332
pd-user_1902214
pd-user_6774742
pd-user_7876731
pd-user_8156858
pd-user_9265619
pd-user_5285501
pd-user_4945708
pd-user_4485119
pd-user_1703429
pd-user_2772583
pd-user_1065562
pd-user_4393710
pd-user_1960510
pd-user_9829413
pd-user_113872
pd-user_6319244
pd-user_3263035
pd-user_4188290
pd-user_2227017
pd-user_2749231
pd-user_3508403
pd-user_5917757
pd-user_6948272
pd-user_6304167
pd-user_3547521
pd-user_1380493
pd-user_5981786
pd-user_8614261
pd-user_1727099
pd-user_5209382
pd-user_6681386
pd-user_9858288
pd-user_2605043
pd-user_4788976
pd-user_230865
pd-user_4844770
pd-user_2180643
pd-user_5162590
pd-user_8801191
pd-user_793985
pd-user_5185274
pd-user_4982759
pd-user_4945837
pd-user_4279865
pd-user_2479203
pd-user_8380941
pd-user_8119347
pd-user_3677912
pd-user_3396338
pd-user_4164041
pd-user_173119
pd-user_7502390
pd-user_2921868
pd-user_2309571
pd-user_900639
pd-user_2862791
pd-user_4112460
pd-user_8036821
pd-user_1969208
pd-user_9824763
pd-user_8929825
pd-user_5019492
pd-user_1862637
pd-user_8678372
pd-user_6158988
pd-user_1818815
pd-user_232401
pd-user_5107772
pd-user_5651234
pd-user_2937744
pd-user_9289066
pd-user_472896
pd-user_8537746
pd-user_505062
pd-user_5166485
pd-user_6870764
pd-user_3088973
pd-user_8267900
pd-user_5080133
pd-user_8731917
pd-user_1336260
pd-user_9434584
pd-user_6563171
pd-user_8884441
pd-user_9362315
pd-user_7060721
pd-user_3406841
pd-user_7249536
pd-user_6320308
pd-user_2024458
pd-user_5045379
pd-user_5812053
pd-user_1799230
pd-user_56742
pd-user_1422326
pd-user_2446848
pd-user_4827756
pd-user_9390953
pd-user_264212
pd-user_2579379
pd-user_8072277
pd-user_7490475
pd-user_7902504
pd-user_872217
pd-user_8244000
pd-user_1780052
pd-user_7051707
pd-user_9903366
pd-user_8309656
pd-user_1088877
pd-user_6346875
pd-user_7937158
pd-user_9680533
pd-user_5185098
pd-user_1333681
pd-user_4537327
pd-user_6846887
pd-user_9629528
pd-user_364592
pd-user_2938792
pd-user_6394223
pd-user_9782723
pd-user_7455413
pd-user_8113259
pd-user_8894988
pd-user_5924184
pd-user_3506530
pd-user_8886567
pd-user_2526405
pd-user_5255785
pd-user_4711616
pd-user_1772153
pd-user_2228748
pd-user_3477200
pd-user_4123781
pd-user_1059900
pd-user_9814129
pd-user_4273499
pd-user_2888448
pd-user_4098455
pd-user_3656501
pd-user_7802984
pd-user_8947643
pd-user_2474763
pd-user_2275918
pd-user_251763
pd-user_6084063
pd-user_543769
pd-user_7562010
pd-user_980263
pd-user_9494144
pd-user_7836699
pd-user_7498119
pd-user_3217544
pd-user_4292786
pd-user_9612045
pd-user_5906546
pd-user_2327397
pd-user_8498029
pd-user_225357
pd-user_3855046
pd-user_2702918
pd-user_648967
pd-user_6434379
pd-user_2394239
pd-user_672576
pd-user_4145319
pd-user_2370898
pd-user_8282331
pd-user_2612157
pd-user_6241388
pd-user_1283493
pd-user_4941703
pd-user_1903726
pd-user_7933427
pd-user_4225264
pd-user_5184269
pd-user_2618508
pd-user_3471516
pd-user_5049375
pd-user_3875930
pd-user_1633725
pd-user_3029567
pd-user_2177998
pd-user_6558773
pd-user_4313491
pd-user_111510
pd-user_7909852
pd-user_3474726
pd-user_6209113
pd-user_8339968
pd-user_4538257
pd-user_4436348
pd-user_4125159
pd-user_4137939
pd-user_2713967
pd-user_9718195
pd-user_4838669
pd-user_69757
pd-user_2880689
pd-user_5644486
pd-user_4681004
pd-user_2305066
pd-user_8132953
pd-user_2939219
pd-user_9404165
pd-user_5811698
pd-user_6270147
pd-user_4273200
pd-user_1780983
pd-user_1834753
pd-user_5891886
pd-user_4458811
pd-user_4696791
pd-user_3266508
pd-user_8032446
pd-user_1423448
pd-user_757506
pd-user_697043
pd-user_2362089
pd-user_5415490
pd-user_7595300
pd-user_8053147
pd-user_200361
pd-user_9319982
pd-user_3189636
pd-user_7281200
pd-user_5463507
pd-user_1610532
pd-user_2749462
pd-user_4104876
pd-user_7894594
pd-user_9041355
pd-user_7093676
pd-user_974115
pd-user_6435350
pd-user_3871638
pd-user_3296463
pd-user_577112
pd-user_7226079
pd-user_1805577
pd-user_1707831
pd-user_4947765
pd-user_6527828
pd-user_5447791
pd-user_5457852
pd-user_6659070
pd-user_6267493
pd-user_7627373
pd-user_3497843
pd-user_3052925
pd-user_7440392
pd-user_8578841
pd-user_2214782
pd-user_1438931
pd-user_8021810
pd-user_2271910
pd-user_886763
pd-user_4096646
pd-user_4755842
pd-user_7218193
pd-user_8197088
pd-user_3339008
pd-user_6166007
pd-user_3881601
pd-user_7810445
pd-user_6016535
pd-user_6626208
pd-user_7024266
pd-user_6020929
pd-user_1350739
pd-user_4487672
pd-user_7057170
pd-user_7510918
pd-user_610557
pd-user_6974921
pd-user_3893531
pd-user_2959316
pd-user_2543096
pd-user_4945135
pd-user_9446631
pd-user_1021398
pd-user_6965614
pd-user_1957299
pd-user_2502648
pd-user_1368188
pd-user_1223577
pd-user_6094340
pd-user_165174
pd-user_4682084
pd-user_1964544
pd-user_6119704
pd-user_265579
pd-user_3836969
pd-user_6075268
pd-user_8822349
pd-user_3253758
pd-user_3043746
pd-user_589990
pd-user_7275539
pd-user_2291474
pd-user_4559442
pd-user_7403066
pd-user_1239815
pd-user_2202732
pd-user_1446287
pd-user_2920759
pd-user_6081840
pd-user_9389844
pd-user_9570460
pd-user_4152935
pd-user_3030283
pd-user_1736030
pd-user_9028823
pd-user_2959216
pd-user_1260767
pd-user_6932627
pd-user_3430791
pd-user_8734046
pd-user_1251751
pd-user_9851585
pd-user_6737130
pd-user_661397
pd-user_6266592
pd-user_24125
pd-user_8021406
pd-user_3755844
pd-user_474005
pd-user_9366603
pd-user_306616
pd-user_6358638
pd-user_2254814
pd-user_4490634
pd-user_9008197
pd-user_7496446
pd-user_3857372
pd-user_4509829
pd-user_175291
pd-user_313906
pd-user_5017687
pd-user_1993686
pd-user_2289944
pd-user_6621043
pd-user_1104164
pd-user_5983335
pd-user_4103991
pd-user_4073531
pd-user_490875
pd-user_5918432
pd-user_2076718
pd-user_9834354
pd-user_4275136
pd-user_3710211
pd-user_3018485
pd-user_6454805
pd-user_4431314
pd-user_7565468
pd-user_8987196
pd-user_3820758
pd-user_7811778
pd-user_7494706
pd-user_8667638
pd-user_5357823
pd-user_6646210
pd-user_9541347
pd-user_5713026
pd-user_8240918
pd-user_2833710
pd-user_3034003
pd-user_7336776
pd-user_9146131
pd-user_1341480
pd-user_85597
pd-user_3006236
pd-user_3155057
pd-user_1489179
pd-user_4896001
pd-user_8998179
pd-user_5460518
pd-user_9501900
pd-user_49147
pd-user_5056566
pd-user_8532809
pd-user_9218331
pd-user_4328277
pd-user_7944532
pd-user_6795427
pd-user_4054848
pd-user_8884463
pd-user_9092298
pd-user_9335765
pd-user_9562490
pd-user_460666
pd-user_8050684
pd-user_542757
pd-user_3402555
pd-user_9097747
pd-user_8209203
pd-user_9866102
pd-user_4446134
pd-user_2014862
pd-user_1350533
pd-user_7464934
pd-user_8156528
pd-user_3681351
pd-user_4095203
pd-user_9508315
pd-user_1006575
pd-user_6533906
pd-user_8675414
pd-user_2001416
pd-user_8053640
pd-user_9155404
pd-user_3309816
pd-user_862559
pd-user_3234242
pd-user_2513800
pd-user_193753
pd-user_796891
pd-user_2584202
pd-user_5996968
pd-user_6175329
pd-user_2418587
pd-user_4922477
pd-user_3504514
pd-user_6606213
pd-user_2221893
pd-user_8454761
pd-user_500307
pd-user_8519208
pd-user_4742331
pd-user_4756870
pd-user_5547676
pd-user_2952731
pd-user_8987119
pd-user_8888385
pd-user_827211
pd-user_7766846
pd-user_8362071
pd-user_1518335
pd-user_5494935
pd-user_8678056
pd-user_3730256
pd-user_2777145
pd-user_5865070
pd-user_4547991
pd-user_4390779
pd-user_8829620
pd-user_1157716
pd-user_9466387
pd-user_4404248
pd-user_572000
pd-user_3377274
pd-user_3041255
pd-user_2748468
pd-user_2213077
pd-user_2852615
pd-user_8105896
pd-user_6806976
pd-user_8571048
pd-user_1539437
pd-user_2581179
pd-user_5658575
pd-user_1172553
pd-user_3008240
pd-user_252227
pd-user_2558698
pd-user_6922163
pd-user_9596548
pd-user_4505158
pd-user_5951121
pd-user_5365092
pd-user_7374217
pd-user_8472947
pd-user_5203674
pd-user_1959422
pd-user_6279464
pd-user_2859359
pd-user_8475852
pd-user_7275665
pd-user_6223562
pd-user_5093535
pd-user_3039793
pd-user_8552625
pd-user_2825175
pd-user_4784478
pd-user_5530441
pd-user_1113268
pd-user_8686757
pd-user_4633883
pd-user_6213913
pd-user_9353199
pd-user_9276791
pd-user_6012813
pd-user_9339
pd-user_9593993
pd-user_4136178
pd-user_9280780
pd-user_4088190
pd-user_8925960
pd-user_6131323
pd-user_371929
pd-user_3207000
pd-user_1513802
pd-user_3945947
pd-user_8668966
pd-user_509747
pd-user_4487836
pd-user_5220742
pd-user_5528581
pd-user_5405702
pd-user_9670849
pd-user_4489594
pd-user_5579311
pd-user_7931064
pd-user_3768114
pd-user_5651906
pd-user_7077
pd-user_5646488
pd-user_6936624
pd-user_2780457
pd-user_2734186
pd-user_6027173
pd-user_6908145
pd-user_8056489
pd-user_6913968
pd-user_9263332
pd-user_8095979
pd-user_3259384
pd-user_8394743
pd-user_8787363
pd-user_667969
pd-user_9703924
pd-user_6229801
pd-user_6710478
pd-user_7401296
pd-user_224526
pd-user_6830917
pd-user_7374483
pd-user_6930916
pd-user_7279309
pd-user_6227893
pd-user_7282263
pd-user_4797483
pd-user_9903141
pd-user_7249131
pd-user_6020032
pd-user_7429401
pd-user_5943890
pd-user_8507360
pd-user_7941979
pd-user_7217369
pd-user_2910721
pd-user_4032287
pd-user_4508154
pd-user_5784424
pd-user_1630193
pd-user_980093
pd-user_9277056
pd-user_5342739
pd-user_378268
pd-user_2784814
pd-user_6581782
pd-user_2538341
pd-user_743739
pd-user_3607897
pd-user_7964412
pd-user_4019951
pd-user_4488194
pd-user_733127
pd-user_4086990
pd-user_5932390
pd-user_4392412
pd-user_3188130
pd-user_9023652
pd-user_5604438
pd-user_6964540
pd-user_7245935
pd-user_2329723
pd-user_9488646
pd-user_7066270
pd-user_662890
pd-user_1053578
pd-user_1837639
pd-user_8332897
pd-user_7284613
pd-user_5235992
pd-user_3753086
pd-user_2611590
pd-user_9701183
pd-user_8512864
pd-user_4520876
pd-user_418980
pd-user_1089591
pd-user_9852860
pd-user_3881391
pd-user_793459
pd-user_6355836
pd-user_1090387
pd-user_4947286
pd-user_7893186
pd-user_4929171
pd-user_9333231
pd-user_7452456
pd-user_3141798
pd-user_8743091
pd-user_8097590
pd-user_869806
pd-user_8003442
pd-user_3193627
pd-user_1788321
pd-user_4518826
pd-user_8953024
pd-user_4269074
pd-user_9335364
pd-user_8698468
pd-user_9375710
pd-user_1624439
pd-user_7289983
pd-user_2331543
pd-user_9447684
pd-user_1881272
pd-user_3804888
pd-user_303742
pd-user_4171284
pd-user_8826308
pd-user_640370
pd-user_7113937
pd-user_5552085
pd-user_2166723
pd-user_7413938
pd-user_9602425
pd-user_2728556
pd-user_4089210
pd-user_92399
pd-user_2961929
pd-user_8495894
pd-user_5942496
pd-user_8264328
pd-user_4657269
pd-user_9017090
pd-user_9733529
pd-user_8024348
pd-user_6292463
pd-user_3075648
pd-user_434624
pd-user_5962159
pd-user_6413453
pd-user_2948688
pd-user_1368466
pd-user_7380431
pd-user_3835248
pd-user_3962217
pd-user_6301692
pd-user_2001427
pd-user_5259393
pd-user_9213100
pd-user_9769567
pd-user_9328705
pd-user_9475942
pd-user_2447470
pd-user_3133612
pd-user_3506067
pd-user_8175832
pd-user_9562677
pd-user_5673690
pd-user_47937
pd-user_552419
pd-user_5665561
pd-user_9866746
pd-user_3891176
pd-user_7621184
pd-user_264207
pd-user_7514479
pd-user_5405160
pd-user_7819125
pd-user_8868168
pd-user_152883
pd-user_9296852
pd-user_9193638
pd-user_2461736
pd-user_8065078
pd-user_2698200
pd-user_7732843
pd-user_4791996
pd-user_8821086
pd-user_3902977
pd-user_2033329
pd-user_6908558
pd-user_8153415
pd-user_6835672
pd-user_3610096
pd-user_869892
pd-user_35710
pd-user_6614632
pd-user_2120202
pd-user_3472930
pd-user_6205598
pd-user_9905426
pd-user_9357894
pd-user_4031231
pd-user_5174118
pd-user_9923864
pd-user_764242
pd-user_6706111
pd-user_2553121
pd-user_9360387
pd-user_4732232
pd-user_1464353
pd-user_8849662
pd-user_8559965
pd-user_3862667
pd-user_312920
pd-user_1414186
pd-user_6860981
pd-user_6180690
pd-user_7041288
pd-user_6567436
pd-user_1514542
pd-user_608528
pd-user_6522564
pd-user_9579459
pd-user_8585841
pd-user_4223054
pd-user_8240034
pd-user_6259416
pd-user_8013277
pd-user_426451
pd-user_2509784
pd-user_1140191
pd-user_8720719
pd-user_3843165
pd-user_9011583
pd-user_8703292
pd-user_5442261
pd-user_9514657
pd-user_1579230
pd-user_5420155
pd-user_6926404
pd-user_6832824
pd-user_9887018
pd-user_9788511
pd-user_853906
pd-user_6801522
pd-user_8716496
pd-user_5656247
pd-user_1904758
pd-user_7212557
pd-user_3075586
pd-user_4732799
pd-user_5463854
pd-user_6089142
pd-user_80128
pd-user_1453210
pd-user_1294781
pd-user_4697816
pd-user_6818223
pd-user_1698899
pd-user_8711922
pd-user_6584782
pd-user_7084879
pd-user_4564904
pd-user_1117956
pd-user_3281161
pd-user_6110260
pd-user_88714
pd-user_4914452
pd-user_776898
pd-user_4449851
pd-user_6352537
pd-user_8371781
pd-user_5415913
pd-user_7990644
pd-user_2182628
pd-user_1504160
pd-user_7191262
pd-user_5494211
pd-user_3218612
pd-user_9793768
pd-user_3938131
pd-user_1350783
pd-user_7729031
pd-user_6316267
pd-user_9621738
pd-user_1030424
pd-user_664601
pd-user_2689702
pd-user_8689558
pd-user_7011053
pd-user_8578811
pd-user_8473138
pd-user_7848725
pd-user_7408438
pd-user_8532125
pd-user_4084417
pd-user_6826727
pd-user_2806949
pd-user_3811697
pd-user_8392078
pd-user_269366
pd-user_3185703
pd-user_5668859
pd-user_4234209
pd-user_1643190
pd-user_4792976
pd-user_845154
pd-user_8677940
pd-user_7132710
pd-user_1748147
pd-user_8242842
pd-user_6293191
pd-user_7267091
pd-user_4835166
pd-user_9064063
pd-user_1968210
pd-user_8578004
pd-user_4989222
pd-user_5918338
pd-user_4022583
pd-user_5828815
pd-user_8003493
pd-user_6154690
pd-user_3199986
pd-user_9816649
pd-user_9034306
pd-user_403544
pd-user_8800908
pd-user_2909360
pd-user_7469809
pd-user_8088622
pd-user_488320
pd-user_7571172
pd-user_2814543
pd-user_7191397
pd-user_2199917
pd-user_1093216
pd-user_9380123
pd-user_6124196
pd-user_2038134
pd-user_4950223
pd-user_330846
pd-user_8328937
pd-user_204804
pd-user_8540777
pd-user_7671286
pd-user_8936031
pd-user_4267988
pd-user_2983780
pd-user_3410359
pd-user_3634003
pd-user_9577574
pd-user_7237151
pd-user_9538448
pd-user_8962309
pd-user_2643763
pd-user_1795067
pd-user_9458991
pd-user_452518
pd-user_6148884
pd-user_8768370
pd-user_7378684
pd-user_1224824
pd-user_6890064
pd-user_3642587
pd-user_3814452
pd-user_3869761
pd-user_7225124
pd-user_9804059
pd-user_7275386
pd-user_4136582
pd-user_6991547
pd-user_6979075
pd-user_5585087
pd-user_3567298
pd-user_8172081
pd-user_7459818
pd-user_1437212
pd-user_4202811
pd-user_4661003
pd-user_1372814
pd-user_6844691
pd-user_483039
pd-user_1696651
pd-user_4892514
pd-user_9692268
pd-user_5187752
pd-user_2765061
pd-user_9855838
pd-user_2623336
pd-user_1887446
pd-user_6306482
pd-user_3772986
pd-user_9597962
pd-user_4490640
pd-user_6004184
pd-user_8644363
pd-user_141763
pd-user_769154
pd-user_5171698
pd-user_3705314
pd-user_2443772
pd-user_9133049
pd-user_7356231
pd-user_1064892
pd-user_2470412
pd-user_6355044
pd-user_3301984
pd-user_2378627
pd-user_9087480
pd-user_1351889
pd-user_4143374
pd-user_4636501
pd-user_9255958
pd-user_6571492
pd-user_40763
pd-user_4377477
pd-user_7835777
pd-user_2641876
pd-user_8186608
pd-user_7753752
pd-user_968070
pd-user_1574465
pd-user_8870780
pd-user_881524
pd-user_8131065
pd-user_8821870
pd-user_6683041
pd-user_7621316
pd-user_9176837
pd-user_38127
pd-user_9593989
pd-user_9782578
pd-user_6563248
pd-user_5503170
pd-user_7275608
pd-user_5786903
pd-user_1580282
pd-user_770588
pd-user_788007
pd-user_868975
pd-user_3486854
pd-user_1801630
pd-user_4708391
pd-user_2343579
pd-user_7732942
pd-user_4649978
pd-user_1127527
pd-user_6843435
pd-user_4489227
pd-user_6195458
pd-user_4603180
pd-user_4620604
pd-user_1645476
pd-user_956343
pd-user_3187955
pd-user_4769125
pd-user_1019267
pd-user_1162858
pd-user_4800472
pd-user_9830949
pd-user_1878586
pd-user_8084073
pd-user_4812226
pd-user_9140050
pd-user_1187618
pd-user_3273815
pd-user_773264
pd-user_6622057
pd-user_9977138
pd-user_4594732
pd-user_954652
pd-user_550252
pd-user_4706744
pd-user_3523710
pd-user_5159877
pd-user_4095590
pd-user_8322969
pd-user_9973512
pd-user_2217210
pd-user_1036100
pd-user_2063826
pd-user_3649382
pd-user_6977135
pd-user_4733228
pd-user_2865401
pd-user_9406313
pd-user_8311137
pd-user_7478428
pd-user_2655478
pd-user_4371058
pd-user_5175517
pd-user_2579186
pd-user_7453081
pd-user_7561811
pd-user_8888344
pd-user_1339207
pd-user_2788563
pd-user_5458444
pd-user_5003879
pd-user_6225496
pd-user_5183919
pd-user_4002845
pd-user_7777434
pd-user_2205345
pd-user_4452888
pd-user_6898700
pd-user_1339342
pd-user_1774574
pd-user_7734126
pd-user_2386175
pd-user_2917652
pd-user_2497262
pd-user_264074
pd-user_2136679
pd-user_1120557
pd-user_8983612
pd-user_6197607
pd-user_146489
pd-user_6455729
pd-user_9292498
pd-user_8753388
pd-user_4938253
pd-user_1355873
pd-user_4743331
pd-user_3289592
pd-user_1369134
pd-user_8908020
pd-user_8335319
pd-user_3444445
pd-user_4866378
pd-user_1528394
pd-user_7729259
pd-user_2245614
pd-user_5275164
pd-user_2397303
pd-user_4854896
pd-user_9653479
pd-user_2981248
pd-user_6608843
pd-user_5359185
pd-user_8237084
pd-user_5254864
pd-user_517897
pd-user_4268423
pd-user_1747762
pd-user_136360
pd-user_6748911
pd-user_6664818
pd-user_4078118
pd-user_2578530
pd-user_5632345
pd-user_3865641
pd-user_9579819
pd-user_4925521
pd-user_3658221
pd-user_3554748
pd-user_6735470
pd-user_2762535
pd-user_7460277
pd-user_2921000
pd-user_1247903
pd-user_8962234
pd-user_8065337
pd-user_2436823
pd-user_9152312
pd-user_8200820
pd-user_8306976
pd-user_5129330
pd-user_9500510
pd-user_2245000
pd-user_6667229
pd-user_5371458
pd-user_3726584
pd-user_3828486
pd-user_7787576
pd-user_4832610
pd-user_1123009
pd-user_2767212
pd-user_1611225
pd-user_415432
pd-user_2561522
pd-user_8137016
pd-user_786287
pd-user_8389028
pd-user_2791217
pd-user_8243333
pd-user_7176996
pd-user_8749510
pd-user_3735832
pd-user_2148015
pd-user_2848161
pd-user_492161
pd-user_4005879
pd-user_5464113
pd-user_1054782
pd-user_8895919
pd-user_7218748
pd-user_4541237
pd-user_8121566
pd-user_6600353
pd-user_661342
pd-user_7501201
pd-user_6525246
pd-user_7223129
pd-user_748131
pd-user_5437493
pd-user_34963
pd-user_9553431
pd-user_5677273
pd-user_9596723
pd-user_3885099
pd-user_1171524
pd-user_8486922
pd-user_5500171
pd-user_8129516
pd-user_3858415
pd-user_9610219
pd-user_1814194
pd-user_9432939
pd-user_5950970
pd-user_6186222
pd-user_9831462
pd-user_5689919
pd-user_790594
pd-user_1172050
pd-user_2735658
pd-user_8478519
pd-user_9708334
pd-user_354678
pd-user_151160
pd-user_2380501
pd-user_1629591
pd-user_3775794
pd-user_4244011
pd-user_6705952
pd-user_5105590
pd-user_4403220
pd-user_4998960
pd-user_2011802
pd-user_5573969
pd-user_1385269
pd-user_6640208
pd-user_6981309
pd-user_242742
pd-user_9060192
pd-user_6445834
pd-user_3209525
pd-user_3666963
pd-user_3133903
pd-user_1498780
pd-user_3954511
pd-user_5583279
pd-user_9463574
pd-user_4341968
pd-user_4871721
pd-user_2780650
pd-user_8686031
pd-user_5768553
pd-user_6934551
pd-user_7120104
pd-user_5304008
pd-user_3867057
pd-user_508113
pd-user_3477956
pd-user_9432151
pd-user_6031986
pd-user_7934551
pd-user_6701391
pd-user_496879
pd-user_147701
pd-user_9889199
pd-user_2280834
pd-user_1263741
pd-user_9342972
pd-user_2014465
pd-user_5904429
pd-user_7953805
pd-user_9063613
pd-user_9016775
pd-user_756919
pd-user_419832
pd-user_5759261
pd-user_6976031
pd-user_7449006
pd-user_8675034
pd-user_5302095
pd-user_9169883
pd-user_7643232
pd-user_9718625
pd-user_4270261
pd-user_1346940
pd-user_5167533
pd-user_8741492
pd-user_3648008
pd-user_918613
pd-user_1144365
pd-user_4251544
pd-user_8651401
pd-user_672515
pd-user_7522068
pd-user_9113118
pd-user_7035995
pd-user_1104665
pd-user_1351215
pd-user_5303237
pd-user_3001079
pd-user_9053285
pd-user_9202580
pd-user_8846030
pd-user_203118
pd-user_4870817
pd-user_247433
pd-user_8787527
pd-user_1189677
pd-user_4235129
pd-user_2107497
pd-user_8096853
pd-user_1954167
pd-user_2933295
pd-user_3088007
pd-user_2709708
pd-user_3145580
pd-user_5693945
pd-user_3695636
pd-user_7317002
pd-user_6044311
pd-user_6830405
pd-user_6721536
pd-user_1050467
pd-user_1462245
pd-user_2719523
pd-user_4750816
pd-user_1902365
pd-user_4872401
pd-user_5461692
pd-user_1436322
pd-user_3707383
pd-user_7286261
pd-user_2585468
pd-user_8672600
pd-user_2232585
pd-user_9793172
pd-user_9772335
pd-user_3934725
pd-user_7153809
pd-user_8630825
pd-user_4196637
pd-user_1001333
pd-user_491509
pd-user_428732
pd-user_9553617
pd-user_5106953
pd-user_6850598
pd-user_5664001
pd-user_3706208
pd-user_690108
pd-user_9809117
pd-user_4729250
pd-user_4554090
pd-user_5305914
pd-user_8982508
pd-user_6922329
pd-user_5926847
pd-user_2231358
pd-user_4904647
pd-user_1610621
pd-user_1703180
pd-user_7828694
pd-user_5971920
pd-user_4733323
pd-user_265298
pd-user_4546474
pd-user_3912889
pd-user_92945
pd-user_4147686
pd-user_3321991
pd-user_7794561
pd-user_8831440
pd-user_7445153
pd-user_542335
pd-user_1389143
pd-user_8555739
pd-user_3810452
pd-user_7727835
pd-user_1351415
pd-user_3985108
pd-user_961840
pd-user_2691211
pd-user_5511574
pd-user_5567911
pd-user_9763201
pd-user_762803
pd-user_7795411
pd-user_8057686
pd-user_4203205
pd-user_8868860
pd-user_9715339
pd-user_5051016
pd-user_8454170
pd-user_4590687
pd-user_4807039
pd-user_2142423
pd-user_4283779
pd-user_9402695
pd-user_5854402
pd-user_7726755
pd-user_3468848
pd-user_3221445
pd-user_4486860
pd-user_6596096
pd-user_4178529
pd-user_963092
pd-user_4875236
pd-user_7284815
pd-user_9918257
pd-user_7438049
pd-user_502023
pd-user_3602418
pd-user_4337556
pd-user_645401
pd-user_1053813
pd-user_9376123
pd-user_9812787
pd-user_628855
pd-user_1898588
pd-user_5524237
pd-user_3350535
pd-user_4351596
pd-user_6757529
pd-user_3012994
pd-user_4881096
pd-user_5105812
pd-user_9191391
pd-user_4326931
pd-user_1600138
pd-user_3025420
pd-user_9961325
pd-user_3090389
pd-user_9514857
pd-user_8656789
pd-user_3684816
pd-user_1700716
pd-user_2521893
pd-user_2301789
pd-user_7256609
pd-user_1633810
pd-user_5502684
pd-user_361693
pd-user_3151327
pd-user_3799105
pd-user_9905235
pd-user_983958
pd-user_7166345
pd-user_3214138
pd-user_484107
pd-user_6709774
pd-user_701363
pd-user_6513431
pd-user_6865949
pd-user_1542275
pd-user_2752272
pd-user_9260271
pd-user_7509208
pd-user_5946909
pd-user_140282
pd-user_6343346
pd-user_7483810
pd-user_4898659
pd-user_6464086
pd-user_5090945
pd-user_9338087
pd-user_5209076
pd-user_8893354
pd-user_6268515
pd-user_2653037
pd-user_730479
pd-user_5921684
pd-user_379270
pd-user_4448129
pd-user_93827
pd-user_7500538
pd-user_7646910
pd-user_7419104
pd-user_3919836
pd-user_3685933
pd-user_1362175
pd-user_3698825
pd-user_5660607
pd-user_8722118
pd-user_2378775
pd-user_7264147
pd-user_3469970
pd-user_6797964
pd-user_8259626
pd-user_7144686
pd-user_4848882
pd-user_555437
pd-user_7898559
pd-user_6957943
pd-user_698000
pd-user_8331568
pd-user_907454
pd-user_6395317
pd-user_6522127
pd-user_1256654
pd-user_9236473
pd-user_7981842
pd-user_8682463
pd-user_4328400
pd-user_6365407
pd-user_4465795
pd-user_3582952
pd-user_8064723
pd-user_6609213
pd-user_9020465
pd-user_1142844
pd-user_8247002
pd-user_3605845
pd-user_2085603
pd-user_6748605
pd-user_561535
pd-user_6855424
pd-user_7440307
pd-user_1515776
pd-user_346116
pd-user_7608948
pd-user_8909304
pd-user_7206014
pd-user_8032991
pd-user_2173367
pd-user_3388771
pd-user_6084911
pd-user_4001859
pd-user_5103860
pd-user_1057424
pd-user_9263136
pd-user_5854245
pd-user_4604017
pd-user_7204613
pd-user_9734391
pd-user_9679503
pd-user_8263470
pd-user_7465810
pd-user_2281289
pd-user_9667190
pd-user_1255127
pd-user_4421052
pd-user_5209465
pd-user_2120528
pd-user_661702
pd-user_729321
pd-user_489472
pd-user_791321
pd-user_6862649
pd-user_9678438
pd-user_2622290
pd-user_1327999
pd-user_5776293
pd-user_6703528
pd-user_9485145
pd-user_3837719
pd-user_8507176
pd-user_2806638
pd-user_7077982
pd-user_3248674
pd-user_3794779
pd-user_906015
pd-user_7076434
pd-user_5385508
pd-user_5417781
pd-user_325687
pd-user_4506758
pd-user_9145360
pd-user_6307173
pd-user_7846868
pd-user_7685942
pd-user_6652126
pd-user_4293591
pd-user_3972628
pd-user_125925
pd-user_4022475
pd-user_5131683
pd-user_7875038
pd-user_6877054
pd-user_2050210
pd-user_6831257
pd-user_5919801
pd-user_9642882
pd-user_5905709
pd-user_7551310
pd-user_931095
pd-user_6590869
pd-user_4711440
pd-user_7217284
pd-user_1400397
pd-user_7918338
pd-user_3806850
pd-user_8678509
pd-user_3068878
pd-user_4572577
pd-user_9119853
pd-user_8751848
pd-user_2588169
pd-user_1658740
pd-user_2481225
pd-user_8471106
pd-user_1030654
pd-user_5057557
pd-user_2607682
pd-user_9247763
pd-user_7519807
pd-user_2207399
pd-user_9070913
pd-user_6001599
pd-user_496932
pd-user_5140553
pd-user_9189462
pd-user_2684613
pd-user_7075312
pd-user_5386823
pd-user_7304506
pd-user_5984449
pd-user_5926880
pd-user_1025952
pd-user_6283886
pd-user_6573019
pd-user_2958935
pd-user_121169
pd-user_294895
pd-user_5473308
pd-user_321146
pd-user_4474562
pd-user_9409088
pd-user_3129501
pd-user_7129002
pd-user_963442
pd-user_4327488
pd-user_2843174
pd-user_6373951
pd-user_7538562
pd-user_74880
pd-user_5209874
pd-user_6181423
pd-user_3356435
pd-user_3004522
pd-user_6067917
pd-user_7649227
pd-user_1950462
pd-user_3984345
pd-user_7647257
pd-user_789031
pd-user_9057710
pd-user_1091257
pd-user_1674988
pd-user_2115750
pd-user_7139391
pd-user_7956102
pd-user_892472
pd-user_9655775
pd-user_3148248
pd-user_4534381
pd-user_2153565
pd-user_40237
pd-user_7500336
pd-user_8116840
pd-user_5814096
pd-user_174371
pd-user_1556526
pd-user_4579016
pd-user_2775432
pd-user_3529500
pd-user_914123
pd-user_146754
pd-user_6903032
pd-user_6009742
pd-user_9891499
pd-user_7686052
pd-user_5814502
pd-user_1207248
pd-user_54113
pd-user_9686380
pd-user_8784065
pd-user_9478188
pd-user_9004070
pd-user_8319294
pd-user_2197968
pd-user_5370630
pd-user_4372725
pd-user_8045647
pd-user_1199508
pd-user_7825268
pd-user_9114693
pd-user_7989776
pd-user_8531499
pd-user_4107199
pd-user_9400480
pd-user_6555537
pd-user_2439962
pd-user_7608951
pd-user_667815
pd-user_5572600
pd-user_6536199
pd-user_1962095
pd-user_2385362
pd-user_5967395
pd-user_7003799
pd-user_1999964
pd-user_6009747
pd-user_2662086
pd-user_1650721
pd-user_7726972
pd-user_800092
pd-user_7555035
pd-user_4121074
pd-user_3222489
pd-user_9325871
pd-user_2487149
pd-user_6748139
pd-user_7923224
pd-user_4694673
pd-user_5847429
pd-user_4823431
pd-user_2959871
pd-user_4387431
pd-user_9910493
pd-user_823733
pd-user_9925369
pd-user_8114281
pd-user_8830317
pd-user_1825709
pd-user_9153835
pd-user_2312638
pd-user_4712851
pd-user_9602824
pd-user_6406472
pd-user_7649762
pd-user_5896159
pd-user_1668274
pd-user_4438217
pd-user_7743550
pd-user_2344213
pd-user_9585934
pd-user_2536439
pd-user_7004779
pd-user_5834417
pd-user_163610
pd-user_1801805
pd-user_7504405
pd-user_3911605
pd-user_3477055
pd-user_3988668
pd-user_9307415
pd-user_8510803
pd-user_8530109
pd-user_1235110
pd-user_3478966
pd-user_3711567
pd-user_7436518
pd-user_7067175
pd-user_2057889
pd-user_4387668
pd-user_2267787
pd-user_5746646
pd-user_8015134
pd-user_6217446
pd-user_1614973
pd-user_3858832
pd-user_7147715
pd-user_8143223
pd-user_2202782
pd-user_8448451
pd-user_6281248
pd-user_2071161
pd-user_7742667
pd-user_8536495
pd-user_4872094
pd-user_4050098
pd-user_312484
pd-user_5093601
pd-user_254776
pd-user_8714782
pd-user_8086115
pd-user_5951796
pd-user_5514244
pd-user_4644542
pd-user_8667331
pd-user_7998521
pd-user_8934152
pd-user_2797948
pd-user_7934336
pd-user_1326009
pd-user_6231907
pd-user_7146107
pd-user_2533327
pd-user_9039232
pd-user_9642381
pd-user_2457995
pd-user_1117121
pd-user_3256155
pd-user_935916
pd-user_9132616
pd-user_1322023
pd-user_6747361
pd-user_3423426
pd-user_4441850
pd-user_7823097
pd-user_5168464
pd-user_6249377
pd-user_6710021
pd-user_6148253
pd-user_4479666
pd-user_8219130
pd-user_6095009
pd-user_2527829
pd-user_5013862
pd-user_2576305
pd-user_9661384
pd-user_599372
pd-user_742429
pd-user_2384519
pd-user_6903456
pd-user_2976772
pd-user_1463732
pd-user_3699030
pd-user_9467957
pd-user_3057421
pd-user_378748
pd-user_5043357
pd-user_3041803
pd-user_3145088
pd-user_8170013
pd-user_9838269
pd-user_789500
pd-user_6165910
pd-user_4769524
pd-user_3001777
pd-user_8294285
pd-user_7524247
pd-user_3378299
pd-user_1312631
pd-user_7822356
pd-user_3036678
pd-user_9417142
pd-user_3789729
pd-user_8303252
pd-user_202672
pd-user_4382999
pd-user_9318317
pd-user_9418225
pd-user_94594
pd-user_930315
pd-user_4346823
pd-user_9844927
pd-user_8871272
pd-user_243621
pd-user_3176971
pd-user_8596237
pd-user_8739715
pd-user_9694990
pd-user_7809859
pd-user_494268
pd-user_9660181
pd-user_4319903
pd-user_5402770
pd-user_7806477
pd-user_2241946
pd-user_5110464
pd-user_6109166
pd-user_5142879
pd-user_9185907
pd-user_4681492
pd-user_5758853
pd-user_659507
pd-user_1745514
pd-user_4560007
pd-user_3018012
pd-user_879947
pd-user_3731054
pd-user_1754267
pd-user_9714590
pd-user_2278384
pd-user_5148974
pd-user_2580958
pd-user_914173
pd-user_8474177
pd-user_9800414
pd-user_4448755
pd-user_4042365
pd-user_8719663
pd-user_5819553
pd-user_9852530
pd-user_5091081
pd-user_9260605
pd-user_7233959
pd-user_2181297
pd-user_7970984
pd-user_1375466
pd-user_1480996
pd-user_6278140
pd-user_9487930
pd-user_5168006
pd-user_9646321
pd-user_6256166
pd-user_772854
pd-user_6147717
pd-user_5995868
pd-user_5023044
pd-user_5215222
pd-user_2062252
pd-user_2500832
pd-user_4314156
pd-user_964361
pd-user_3493672
pd-user_973245
pd-user_3734015
pd-user_3363592
pd-user_9192105
pd-user_8631607
pd-user_3049362
pd-user_6889452
pd-user_5993102
pd-user_8329976
pd-user_1883053
pd-user_9850585
pd-user_3535375
pd-user_4288404
pd-user_9489024
pd-user_3290686
pd-user_9542861
pd-user_8972382
pd-user_4659881
pd-user_7036501
pd-user_6770877
pd-user_2568921
pd-user_7744412
pd-user_371136
pd-user_1302078
pd-user_7838215
pd-user_9788342
pd-user_5385512
pd-user_5670267
pd-user_3172264
pd-user_106869
pd-user_7163384
pd-user_503821
pd-user_8728725
pd-user_2183779
pd-user_7297408
pd-user_1492730
pd-user_870504
pd-user_1547881
pd-user_9063984
pd-user_5189573
pd-user_4568652
pd-user_876869
pd-user_923168
pd-user_3128072
pd-user_1865468
pd-user_5981830
pd-user_5738453
pd-user_3046543
pd-user_6173573
pd-user_564316
pd-user_3794885
pd-user_9958205
pd-user_3955156
pd-user_4517621
pd-user_5401971
pd-user_550280
pd-user_5078853
pd-user_9371280
pd-user_8991036
pd-user_1099229
pd-user_6219911
pd-user_1401184
pd-user_5907650
pd-user_9031468
pd-user_6279683
pd-user_6200944
pd-user_4498196
pd-user_852279
pd-user_8940108
pd-user_7440790
pd-user_3075713
pd-user_7236544
pd-user_8965351
pd-user_6272504
pd-user_8697164
pd-user_5844467
pd-user_2019750
pd-user_2474713
pd-user_55520
pd-user_3688757
pd-user_3541834
pd-user_1806172
pd-user_6830113
pd-user_7671352
pd-user_6035986
pd-user_4309263
pd-user_9797145
pd-user_7667805
pd-user_7326592
pd-user_479869
pd-user_2627297
pd-user_979003
pd-user_6687424
pd-user_9496593
pd-user_9109193
pd-user_9576873
pd-user_149042
pd-user_1258394
pd-user_2238471
pd-user_896704
pd-user_1902948
pd-user_6775160
pd-user_4916105
pd-user_4732477
pd-user_2421111
pd-user_8152214
pd-user_500946
pd-user_8273602
pd-user_5918775
pd-user_5960878
pd-user_8997203
pd-user_4770722
pd-user_7065024
pd-user_5618541
pd-user_5843594
pd-user_1925999
pd-user_8631788
pd-user_2597046
pd-user_4939463
pd-user_346329
pd-user_9228473
pd-user_2485326
pd-user_7834785
pd-user_8481443
pd-user_300166
pd-user_6947528
pd-user_7216139
pd-user_4864197
pd-user_1142104
pd-user_561348
pd-user_9038169
pd-user_1055745
pd-user_4475033
pd-user_2973213
pd-user_4514187
pd-user_464413
pd-user_932613
pd-user_9444530
pd-user_4126160
pd-user_8970480
pd-user_1847867
pd-user_9638410
pd-user_4990397
pd-user_4692349
pd-user_418951
pd-user_8250658
pd-user_2631085
pd-user_5522253
pd-user_9069075
pd-user_2720579
pd-user_1850421
pd-user_2584098
pd-user_2011031
pd-user_8777204
pd-user_7080899
pd-user_1636110
pd-user_8296092
pd-user_8150476
pd-user_9086243
pd-user_5246102
pd-user_3943981
pd-user_7120230
pd-user_7074687
pd-user_4429387
pd-user_1568943
pd-user_1336447
pd-user_3154396
pd-user_3924941
pd-user_678035
pd-user_5870820
pd-user_7833805
pd-user_5954617
pd-user_6701980
pd-user_5930827
pd-user_1444093
pd-user_5244845
pd-user_440260
pd-user_5497427
pd-user_9062738
pd-user_611993
pd-user_5980146
pd-user_310200
pd-user_7044177
pd-user_361162
pd-user_2808237
pd-user_8492475
pd-user_9226414
pd-user_8198718
pd-user_3562183
pd-user_1668723
pd-user_2658718
pd-user_3268888
pd-user_9332719
pd-user_3803563
pd-user_3996298
pd-user_6203478
pd-user_9221869
pd-user_5318970
pd-user_2154303
pd-user_8427147
pd-user_4989918
pd-user_8917064
pd-user_4532453
pd-user_7614700
pd-user_2477712
pd-user_4851765
pd-user_1002890
pd-user_1578316
pd-user_2130376
pd-user_5911633
pd-user_6559431
pd-user_5026322
pd-user_9812689
pd-user_1296952
pd-user_2821235
pd-user_8495169
pd-user_2965103
pd-user_5252515
pd-user_5216459
pd-user_2366729
pd-user_1691806
pd-user_2211163
pd-user_4081281
pd-user_5555548
pd-user_812954
pd-user_8860571
pd-user_1468818
pd-user_1404823
pd-user_1659139
pd-user_3502657
pd-user_7110495
pd-user_8489776
pd-user_410824
pd-user_9940355
pd-user_8206882
pd-user_1267509
pd-user_9400898
pd-user_3307763
pd-user_3708956
pd-user_573904
pd-user_4578251
pd-user_9817349
pd-user_2077674
pd-user_4507942
pd-user_4639763
pd-user_3277624
pd-user_7130680
pd-user_3934170
pd-user_2849864
pd-user_6839218
pd-user_8369623
pd-user_3944525
pd-user_7615434
pd-user_3127623
pd-user_8545265
pd-user_5472461
pd-user_6869184
pd-user_6388615
pd-user_97691
pd-user_1715024
pd-user_4717407
pd-user_517555
pd-user_2501209
pd-user_293866
pd-user_7935566
pd-user_4412339
pd-user_3436963
pd-user_8140651
pd-user_7106708
pd-user_2354408
pd-user_1188141
pd-user_5509783
pd-user_8256804
pd-user_6914858
pd-user_2925373
pd-user_80659
pd-user_6382316
pd-user_2613311
pd-user_5952985
pd-user_2526732
pd-user_4144525
pd-user_6894367
pd-user_1558404
pd-user_2706944
pd-user_2045044
pd-user_3774739
pd-user_921117
pd-user_2135090
pd-user_6968929
pd-user_9015769
pd-user_6543815
pd-user_2034553
pd-user_6655253
pd-user_4223741
pd-user_1106302
pd-user_2869689
pd-user_3005552
pd-user_7012174
pd-user_3981958
pd-user_9445496
pd-user_6156541
pd-user_1428702
pd-user_1838622
pd-user_5145409
pd-user_7387727
pd-user_291645
pd-user_125662
pd-user_8804535
pd-user_4106276
pd-user_698328
pd-user_1128002
pd-user_1809997
pd-user_1119941
pd-user_8475167
pd-user_2999594
pd-user_6998862
pd-user_2063569
pd-user_9300561
pd-user_926501
pd-user_6920301
pd-user_1474100
pd-user_8834316
pd-user_4086609
pd-user_2731214
pd-user_2118832
pd-user_3250126
pd-user_3199167
pd-user_7860185
pd-user_8290306
pd-user_1578291
pd-user_6311859
pd-user_3723844
pd-user_5735405
pd-user_5994982
pd-user_5312498
pd-user_3844531
pd-user_479939
pd-user_9734160
pd-user_2329007
pd-user_6655469
pd-user_5195131
pd-user_3828392
pd-user_4698790
pd-user_6061977
pd-user_5331521
pd-user_6295444
pd-user_3165771
pd-user_230467
pd-user_542409
pd-user_5674420
pd-user_4894914
pd-user_9475736
pd-user_1167031
pd-user_4785882
pd-user_1633869
pd-user_6618131
pd-user_5372555
pd-user_5232478
pd-user_2074493
pd-user_8412303
pd-user_1470192
pd-user_1968234
pd-user_8015977
pd-user_8678992
pd-user_857661
pd-user_8388722
pd-user_4277098
pd-user_1646005
pd-user_3357637
pd-user_2891089
pd-user_8641898
pd-user_8512721
pd-user_1414741
pd-user_6476915
pd-user_4467624
pd-user_7895802
pd-user_9366001
pd-user_2171138
pd-user_9427294
pd-user_6014939
pd-user_8280468
pd-user_4801939
pd-user_3820743
pd-user_1958414
pd-user_2609349
pd-user_9109496
pd-user_2135369
pd-user_3868124
pd-user_9415657
pd-user_3652351
pd-user_6246215
pd-user_9927395
pd-user_1798289
pd-user_8537822
pd-user_8841313
pd-user_4038886
pd-user_5843686
pd-user_7664533
pd-user_7144582
pd-user_1067833
pd-user_9296754
pd-user_2461694
pd-user_2031088
pd-user_6258067
pd-user_1032597
pd-user_9613593
pd-user_4341644
pd-user_3824604
pd-user_2242056
pd-user_5344916
pd-user_1013358
pd-user_8235398
pd-user_7585854
pd-user_9453259
pd-user_2686786
pd-user_4104791
pd-user_9314600
pd-user_5249919
pd-user_1988730
pd-user_8158715
pd-user_5984618
pd-user_5678509
pd-user_9665274
pd-user_6512624
pd-user_5063057
pd-user_7658681
pd-user_9923036
pd-user_425210
pd-user_590096
pd-user_8411593
pd-user_6781849
pd-user_4399204
pd-user_2920512
pd-user_4027538
pd-user_6922730
pd-user_5979291
pd-user_4819265
pd-user_3506913
pd-user_3614130
pd-user_7846017
pd-user_737854
pd-user_3468922
pd-user_2205145
pd-user_6107955
pd-user_9271880
pd-user_4262207
pd-user_5512593
pd-user_3489345
pd-user_6338712
pd-user_5070781
pd-user_4367578
pd-user_7781667
pd-user_6253530
pd-user_1134557
pd-user_3742374
pd-user_2934448
pd-user_1490714
pd-user_1619079
pd-user_7884372
pd-user_8182605
pd-user_2733992
pd-user_627176
pd-user_2691568
pd-user_544535
pd-user_2574803
pd-user_738562
pd-user_4120417
pd-user_1886930
pd-user_582894
pd-user_6365675
pd-user_2349261
pd-user_8716619
pd-user_7053598
pd-user_5195163
pd-user_6335515
pd-user_684722
pd-user_4535747
pd-user_4635947
pd-user_949814
pd-user_6585548
pd-user_3196799
pd-user_745961
pd-user_3558839
pd-user_9504826
pd-user_3721414
pd-user_4499043
pd-user_4559621
pd-user_7197675
pd-user_6089692
pd-user_7563592
pd-user_8561115
pd-user_3527740
pd-user_6949134
pd-user_5334524
pd-user_5956693
pd-user_595481
pd-user_4101932
pd-user_651031
pd-user_8456829
pd-user_7838477
pd-user_9045429
pd-user_9955685
pd-user_2487444
pd-user_4399397
pd-user_2513234
pd-user_4576357
pd-user_4228235
pd-user_1182437
pd-user_7586459
pd-user_4262883
pd-user_1611180
pd-user_958267
pd-user_6082256
pd-user_9542864
pd-user_8341897
pd-user_5390603
pd-user_2814748
pd-user_3008306
pd-user_5805307
pd-user_6377605
pd-user_771386
pd-user_5296405
pd-user_6387596
pd-user_1225139
pd-user_6663597
pd-user_8816180
pd-user_6228175
pd-user_2917965
pd-user_3460863
pd-user_9966813
pd-user_6627020
pd-user_6911579
pd-user_1907580
pd-user_4997632
pd-user_6800784
pd-user_6558792
pd-user_6427132
pd-user_3156073
pd-user_7420953
pd-user_2491121
pd-user_391215
pd-user_8660644
pd-user_1776011
pd-user_7904411
pd-user_7044391
pd-user_6707261
pd-user_7900120
pd-user_5141540
pd-user_8372904
pd-user_4915921
pd-user_9771040
pd-user_572338
pd-user_35858
pd-user_5348617
pd-user_5540126
pd-user_9524661
pd-user_5067701
pd-user_878028
pd-user_8566411
pd-user_9346179
pd-user_4241812
pd-user_6523299
pd-user_3229712
pd-user_5842228
pd-user_6428226
pd-user_93841
pd-user_2932582
pd-user_7691930
pd-user_7197291
pd-user_8950388
pd-user_7116136
pd-user_5505493
pd-user_6864268
pd-user_6088281
pd-user_9384195
pd-user_9078932
pd-user_7360675
pd-user_2424047
pd-user_3670088
pd-user_2128184
pd-user_8645604
pd-user_5036147
pd-user_3144927
pd-user_7414669
pd-user_8518099
pd-user_9511198
pd-user_2893848
pd-user_2386538
pd-user_6875139
pd-user_395781
pd-user_9574983
pd-user_2728639
pd-user_9968843
pd-user_4451525
pd-user_4431639
pd-user_3142499
pd-user_9869757
pd-user_8126021
pd-user_3109549
pd-user_4733112
pd-user_4674963
pd-user_7066444
pd-user_9646025
pd-user_288100
pd-user_7377425
pd-user_620959
pd-user_4751084
pd-user_7661063
pd-user_7481945
pd-user_693146
pd-user_7711226
pd-user_3923934
pd-user_8664917
pd-user_5964371
pd-user_7706475
pd-user_5706803
pd-user_5358178
pd-user_8110810
pd-user_6549752
pd-user_6581009
pd-user_6104666
pd-user_1641053
pd-user_6187115
pd-user_616146
pd-user_8599550
pd-user_5791269
pd-user_7736345
pd-user_5676607
pd-user_7097441
pd-user_4855702
pd-user_6801223
pd-user_803109
pd-user_2117865
pd-user_2156441
pd-user_4163400
pd-user_5902658
pd-user_9230094
pd-user_6017485
pd-user_8968752
pd-user_8368881
pd-user_3533299
pd-user_3226068
pd-user_3410082
pd-user_2868155
pd-user_1938822
pd-user_8035695
pd-user_8699305
pd-user_8497814
pd-user_7260740
pd-user_2342965
pd-user_2913129
pd-user_9618376
pd-user_7355537
pd-user_5708197
pd-user_4396068
pd-user_8375173
pd-user_6289996
pd-user_9017835
pd-user_6758274
pd-user_8753911
pd-user_5694943
pd-user_5103503
pd-user_8729764
pd-user_3816342
pd-user_3022140
pd-user_2075721
pd-user_6740794
pd-user_9020179
pd-user_5985447
pd-user_417939
pd-user_4571676
pd-user_4388434
pd-user_6922721
pd-user_9258898
pd-user_9351249
pd-user_1917370
pd-user_7410950
pd-user_7017736
pd-user_3227894
pd-user_2693729
pd-user_7540996
pd-user_4914530
pd-user_8117855
pd-user_7497421
pd-user_6111319
pd-user_9292966
pd-user_3177441
pd-user_2408320
pd-user_3607638
pd-user_9340038
pd-user_9924998
pd-user_5963146
pd-user_9386336
pd-user_3714768
pd-user_8646514
pd-user_1740417
pd-user_4914086
pd-user_3221910
pd-user_3879792
pd-user_3678444
pd-user_658645
pd-user_2669210
pd-user_8486072
pd-user_5078377
pd-user_5735091
pd-user_8118497
pd-user_1317246
pd-user_4278481
pd-user_6663635
pd-user_589911
pd-user_3572625
pd-user_1484648
pd-user_3659772
pd-user_1155369
pd-user_3168471
pd-user_4349602
pd-user_4221948
pd-user_7761142
pd-user_6819328
pd-user_4451857
pd-user_3072856
pd-user_1436316
pd-user_6880740
pd-user_3748475
pd-user_1681197
pd-user_2671561
pd-user_8570403
pd-user_9712583
pd-user_7225695
pd-user_7703878
pd-user_541364
pd-user_4587413
pd-user_7072421
pd-user_4979172
pd-user_5333377
pd-user_3780849
pd-user_337904
pd-user_6363370
pd-user_5010024
pd-user_1277828
pd-user_9983062
pd-user_1830274
pd-user_6478298
pd-user_4510364
pd-user_8292293
pd-user_9094488
pd-user_9475908
pd-user_3951565
pd-user_1946864
pd-user_9552806
pd-user_2007741
pd-user_3094107
pd-user_76275
pd-user_9422748
pd-user_3808322
pd-user_91764
pd-user_698198
pd-user_3556839
pd-user_2212925
pd-user_3709977
pd-user_9850357
pd-user_3949237
pd-user_9704296
pd-user_2381643
pd-user_497530
pd-user_6770425
pd-user_4637810
pd-user_9008799
pd-user_6120804
pd-user_1981939
pd-user_7331135
pd-user_125766
pd-user_7358911
pd-user_1180170
pd-user_4115353
pd-user_3435249
pd-user_9456364
pd-user_4442023
pd-user_6086428
pd-user_1309209
pd-user_1584239
pd-user_4051617
pd-user_7716138
pd-user_944758
pd-user_2703054
pd-user_1343356
pd-user_1019441
pd-user_7315865
pd-user_2789087
pd-user_388751
pd-user_965659
pd-user_8838953
pd-user_1851933
pd-user_6237614
pd-user_6998989
pd-user_20732
pd-user_5130375
pd-user_6703440
pd-user_7029913
pd-user_9702580
pd-user_3138810
pd-user_7746167
pd-user_2743371
pd-user_796098
pd-user_3447708
pd-user_6052100
pd-user_2334555
pd-user_9788929
pd-user_4032267
pd-user_9388487
pd-user_1473773
pd-user_5552377
pd-user_663752
pd-user_2470803
pd-user_9597502
pd-user_2070702
pd-user_8546706
pd-user_5905888
pd-user_5365100
pd-user_6161017
pd-user_1191394
pd-user_8151321
pd-user_6372329
pd-user_6383386
pd-user_76705
pd-user_748091
pd-user_5014453
pd-user_4397110
pd-user_5864369
pd-user_2898194
pd-user_4977367
pd-user_6912546
pd-user_6348562
pd-user_6125907
pd-user_3216301
pd-user_5374812
pd-user_3204640
pd-user_5031954
pd-user_1995509
pd-user_527764
pd-user_2675257
pd-user_6135275
pd-user_9641174
pd-user_1327642
pd-user_1940050
pd-user_8468719
pd-user_3867088
pd-user_664491
pd-user_4331484
pd-user_245740
pd-user_6315381
pd-user_1610547
pd-user_2299583
pd-user_7171967
pd-user_1989953
pd-user_5701308
pd-user_9282460
pd-user_2497108
pd-user_5165003
pd-user_7000281
pd-user_2974545
pd-user_6647357
pd-user_8032289
pd-user_1736515
pd-user_2051064
pd-user_2597291
pd-user_6633445
pd-user_5393772
pd-user_9667341
pd-user_2992718
pd-user_7341318
pd-user_582984
pd-user_6959195
pd-user_972203
pd-user_1840380
pd-user_1896275
pd-user_4738331
pd-user_3612734
pd-user_7789784
pd-user_4702051
pd-user_406259
pd-user_4403557
pd-user_2975253
pd-user_8545534
pd-user_3619561
pd-user_3657467
pd-user_8261950
pd-user_9911549
pd-user_9616758
pd-user_5179481
pd-user_6133114
pd-user_9874059
pd-user_6896329
pd-user_5371671
pd-user_7399907
pd-user_7067312
pd-user_7344947
pd-user_967058
pd-user_4748668
pd-user_5656715
pd-user_3407630
pd-user_6038649
pd-user_4589405
pd-user_780781
pd-user_8530890
pd-user_1451176
pd-user_9873083
pd-user_8507158
pd-user_2922394
pd-user_8825730
pd-user_3426811
pd-user_2214554
pd-user_6326408
pd-user_8087019
pd-user_8632172
pd-user_2290308
pd-user_2150959
pd-user_2873837
pd-user_610954
pd-user_3047771
pd-user_9074253
pd-user_2657845
pd-user_1398807
pd-user_3731113
pd-user_4340003
pd-user_6265338
pd-user_3253883
pd-user_6769214
pd-user_8960801
pd-user_7326930
pd-user_1713190
pd-user_6212055
pd-user_7748804
pd-user_3292132
pd-user_4293608
pd-user_8009647
pd-user_1422229
pd-user_2342271
pd-user_9609745
pd-user_3572843
pd-user_9986753
pd-user_4028415
pd-user_9739397
pd-user_57176
pd-user_9664696
pd-user_5411247
pd-user_1623554
pd-user_8052239
pd-user_9041979
pd-user_1931668
pd-user_2496614
pd-user_7468181
pd-user_9515920
pd-user_3148141
pd-user_5490863
pd-user_4073818
pd-user_2475641
pd-user_7198112
pd-user_6878675
pd-user_9035597
pd-user_3498047
pd-user_947081
pd-user_808974
pd-user_1359461
pd-user_5829584
pd-user_8341473
pd-user_8415484
pd-user_5695574
pd-user_7204474
pd-user_6301920
pd-user_7701208
pd-user_6653433
pd-user_8852034
pd-user_2908920
pd-user_2568561
pd-user_7449978
pd-user_4514400
pd-user_1952744
pd-user_9314606
pd-user_2503985
pd-user_546257
pd-user_8223213
pd-user_4235423
pd-user_3527092
pd-user_6438753
pd-user_3645662
pd-user_2515198
pd-user_873749
pd-user_7877578
pd-user_689386
pd-user_3063145
pd-user_9859672
pd-user_8611246
pd-user_1024027
pd-user_2572522
pd-user_3389313
pd-user_2433974
pd-user_8479132
pd-user_800349
pd-user_8181491
pd-user_1249540
pd-user_8375413
pd-user_2559155
pd-user_4721885
pd-user_1397132
pd-user_9664441
pd-user_1154712
pd-user_4210383
pd-user_2571398
pd-user_4362988
pd-user_369161
pd-user_8958123
pd-user_4042629
pd-user_5117052
pd-user_5536260
pd-user_9388802
pd-user_2286712
pd-user_759812
pd-user_1863566
pd-user_4796009
pd-user_4733044
pd-user_7085775
pd-user_9868879
pd-user_882775
pd-user_3900438
pd-user_9578086
pd-user_9234439
pd-user_6765192
pd-user_8989968
pd-user_4037712
pd-user_7322331
pd-user_2520202
pd-user_7757150
pd-user_5710008
pd-user_6129282
pd-user_1241381
pd-user_8179973
pd-user_5150068
pd-user_8909598
pd-user_9331416
pd-user_3649564
pd-user_9347383
pd-user_2676195
pd-user_1734283
pd-user_7091212
pd-user_3753814
pd-user_1573003
pd-user_9765877
pd-user_3964122
pd-user_9006535
pd-user_8605411
pd-user_4032557
pd-user_2888808
pd-user_6222181
pd-user_353189
pd-user_3635247
pd-user_7938175
pd-user_6913539
pd-user_3917606
pd-user_416228
pd-user_7409935
pd-user_2596391
pd-user_3917311
pd-user_1334210
pd-user_8131640
pd-user_662104
pd-user_4403058
pd-user_9308836
pd-user_1930220
pd-user_313981
pd-user_8305436
pd-user_6656327
pd-user_8133402
pd-user_4283338
pd-user_6069601
pd-user_7507030
pd-user_2655864
pd-user_7158197
pd-user_7012823
pd-user_57635
pd-user_3467845
pd-user_9790397
pd-user_4412685
pd-user_9511395
pd-user_7727812
pd-user_4939947
pd-user_7877938
pd-user_7301697
pd-user_4861202
pd-user_8725744
pd-user_4695411
pd-user_1984825
pd-user_4245449
pd-user_660984
pd-user_5099768
pd-user_8060648
pd-user_5680599
pd-user_3863590
pd-user_8751745
pd-user_3793911
pd-user_6518697
pd-user_1696675
pd-user_8625546
pd-user_9382242
pd-user_7272709
pd-user_2645586
pd-user_9851142
pd-user_2208134
pd-user_1773367
pd-user_2313160
pd-user_3851340
pd-user_6424344
pd-user_8522509
pd-user_4470711
pd-user_3173085
pd-user_4396141
pd-user_533933
pd-user_1079228
pd-user_7322884
pd-user_6481826
pd-user_6801427
pd-user_513146
pd-user_3989383
pd-user_1430661
pd-user_218692
pd-user_5066726
pd-user_6193419
pd-user_6202596
pd-user_7106149
pd-user_6557488
pd-user_4141039
pd-user_4731494
pd-user_7339423
pd-user_3961965
pd-user_286605
pd-user_3712472
pd-user_9967081
pd-user_2967696
pd-user_9084499
pd-user_5790919
pd-user_6148544
pd-user_6849447
pd-user_6010909
pd-user_4917480
pd-user_7718772
pd-user_4265587
pd-user_995552
pd-user_9179130
pd-user_6275352
pd-user_2656322
pd-user_318452
pd-user_9204101
pd-user_9975344
pd-user_3906458
pd-user_4680783
pd-user_8127230
pd-user_2096351
pd-user_7043458
pd-user_6529771
pd-user_9519821
pd-user_6004890
pd-user_4219481
pd-user_2846215
pd-user_4572755
pd-user_6292036
pd-user_4535169
pd-user_801716
pd-user_1891238
pd-user_4029390
pd-user_4542211
pd-user_1011855
pd-user_513599
pd-user_5299783
pd-user_3280832
pd-user_3579993
pd-user_1580791
pd-user_561618
pd-user_5186110
pd-user_7645293
pd-user_7474866
pd-user_8485786
pd-user_7780104
pd-user_8489928
pd-user_9377464
pd-user_5953646
pd-user_5892311
pd-user_5125533
pd-user_3465357
pd-user_6456740
pd-user_1741777
pd-user_2964970
pd-user_3745274
pd-user_3715627
pd-user_7527683
pd-user_5216116
pd-user_3796356
pd-user_1153507
pd-user_836424
pd-user_605476
pd-user_1265783
pd-user_4331800
pd-user_9871715
pd-user_9916217
pd-user_2385766
pd-user_6913742
pd-user_9646525
pd-user_5803358
pd-user_670900
pd-user_6847983
pd-user_5764285
pd-user_5382184
pd-user_1670997
pd-user_957051
pd-user_8601348
pd-user_5731163
pd-user_5184292
pd-user_169854
pd-user_9670081
pd-user_473143
pd-user_1439422
pd-user_875132
pd-user_3929416
pd-user_4023948
pd-user_9954951
pd-user_9274372
pd-user_8898885
pd-user_8148864
pd-user_6669921
pd-user_4936339
pd-user_5463811
pd-user_6920129
pd-user_8413329
pd-user_6928797
pd-user_6718787
pd-user_1339321
pd-user_8809020
pd-user_1110664
pd-user_9498123
pd-user_8619142
pd-user_3290393
pd-user_3743339
pd-user_5771509
pd-user_851477
pd-user_1478536
pd-user_5345248
pd-user_3535740
pd-user_4648428
pd-user_3655846
pd-user_9349126
pd-user_8871462
pd-user_1927708
pd-user_8894344
pd-user_6444774
pd-user_4387475
pd-user_4483884
pd-user_7842419
pd-user_4238892
pd-user_3278381
pd-user_4084598
pd-user_5441406
pd-user_4442344
pd-user_1785136
pd-user_9115161
pd-user_5788349
pd-user_6250851
pd-user_1742347
pd-user_6072881
pd-user_3273315
pd-user_2662680
pd-user_4420740
pd-user_9804155
pd-user_6970836
pd-user_911620
pd-user_2810129
pd-user_8778092
pd-user_5142922
pd-user_9954476
pd-user_2864133
pd-user_3979885
pd-user_1357072
pd-user_3186597
pd-user_8224529
pd-user_6332058
pd-user_240794
pd-user_5120293
pd-user_6737377
pd-user_8416093
pd-user_8083938
pd-user_4315114
pd-user_3541190
pd-user_9946788
pd-user_8096233
pd-user_2025945
pd-user_9289416
pd-user_1350992
pd-user_2787347
pd-user_8639147
pd-user_3735488
pd-user_1749743
pd-user_5186409
pd-user_8370273
pd-user_1735881
pd-user_5935453
pd-user_7637619
pd-user_2088480
pd-user_8700938
pd-user_9975347
pd-user_6632003
pd-user_5137438
pd-user_7034255
pd-user_9119054
pd-user_6719432
pd-user_6004326
pd-user_3770716
pd-user_6121568
pd-user_2120953
pd-user_3757512
pd-user_7583662
pd-user_2768331
pd-user_3816961
pd-user_4042834
pd-user_4306010
pd-user_5881712
pd-user_4145984
pd-user_8877440
pd-user_9184395
pd-user_7723225
pd-user_3998542
pd-user_6910747
pd-user_3593686
pd-user_9071848
pd-user_3731557
pd-user_5952006
pd-user_7167209
pd-user_5681748
pd-user_753956
pd-user_3996710
pd-user_2510566
pd-user_8507193
pd-user_1397984
pd-user_4312559
pd-user_5800562
pd-user_4858788
pd-user_4475524
pd-user_3371329
pd-user_9306137
pd-user_9237169
pd-user_6754925
pd-user_9520445
pd-user_1928607
pd-user_3960100
pd-user_3640442
pd-user_1431012
pd-user_9337417
pd-user_4083482
pd-user_5992792
pd-user_5123689
pd-user_6888576
pd-user_5493995
pd-user_2150796
pd-user_3288226
pd-user_303285
pd-user_7286716
pd-user_1033078
pd-user_9765554
pd-user_5525842
pd-user_374000
pd-user_1894730
pd-user_5150791
pd-user_9648870
pd-user_5446208
pd-user_5863671
pd-user_466309
pd-user_2704102
pd-user_1454975
pd-user_2844882
pd-user_5004338
pd-user_248249
pd-user_2241909
pd-user_2093468
pd-user_5249721
pd-user_9660791
pd-user_539953
pd-user_7887021
pd-user_3234842
pd-user_3553731
pd-user_8329519
pd-user_9940824
pd-user_8133649
pd-user_5943631
pd-user_433693
pd-user_3353946
pd-user_333126
pd-user_951049
pd-user_4696218
pd-user_6662245
pd-user_1199275
pd-user_8742588
pd-user_1361899
pd-user_2679765
pd-user_9092945
pd-user_2577481
pd-user_9668876
pd-user_8314556
pd-user_5567774
pd-user_1560748
pd-user_5705240
pd-user_4401940
pd-user_1328099
pd-user_755199
pd-user_2894583
pd-user_8925177
pd-user_918373
pd-user_153203
pd-user_6561963
pd-user_5204392
pd-user_3105166
pd-user_474116
pd-user_3564665
pd-user_6171072
pd-user_2406297
pd-user_7509486
pd-user_7820567
pd-user_4301029
pd-user_2293686
pd-user_207278
pd-user_2959364
pd-user_3005909
pd-user_611123
pd-user_1240588
pd-user_4041762
pd-user_1829307
pd-user_5741917
pd-user_666145
pd-user_8542600
pd-user_1887740
pd-user_5211749
pd-user_9766940
pd-user_1888491
pd-user_32064
pd-user_9194366
pd-user_5542594
pd-user_3788303
pd-user_3970515
pd-user_7023384
pd-user_2805168
pd-user_9286579
pd-user_3036259
pd-user_4537559
pd-user_3537257
pd-user_7842268
pd-user_644768
pd-user_9532534
pd-user_1621551
pd-user_9496362
pd-user_8524742
pd-user_7972746
pd-user_8840129
pd-user_7103262
pd-user_9032231
pd-user_2151541
pd-user_559337
pd-user_5246482
pd-user_3374820
pd-user_3125353
pd-user_4549133
pd-user_727454
pd-user_8749556
pd-user_323524
pd-user_5527787
pd-user_849493
pd-user_1034291
pd-user_7443107
pd-user_9393475
pd-user_4771673
pd-user_8727645
pd-user_6202598
pd-user_1445534
pd-user_889761
pd-user_1447423
pd-user_8758842
pd-user_4612061
pd-user_5584380
pd-user_131642
pd-user_2060471
pd-user_8765023
pd-user_8947680
pd-user_2047837
pd-user_1524274
pd-user_9219380
pd-user_6237249
pd-user_3480100
pd-user_1511901
pd-user_4109574
pd-user_9821235
pd-user_2924629
pd-user_4111905
pd-user_1178829
pd-user_2444553
pd-user_3845879
pd-user_6981530
pd-user_8452719
pd-user_1313916
pd-user_8649226
pd-user_3619493
pd-user_7898426
pd-user_9521764
pd-user_4161610
pd-user_9982440
pd-user_1972408
pd-user_4499568
pd-user_7326703
pd-user_7945765
pd-user_9594523
pd-user_104390
pd-user_1449364
pd-user_2295693
pd-user_149392
pd-user_9550171
pd-user_9601965
pd-user_8626534
pd-user_8569775
pd-user_4589473
pd-user_9396386
pd-user_2055081
pd-user_4480999
pd-user_9181049
pd-user_2256913
pd-user_4156562
pd-user_8646608
pd-user_6672846
pd-user_6345538
pd-user_8886546
pd-user_3054065
pd-user_8729897
pd-user_611967
pd-user_3285391
pd-user_4251745
pd-user_4217013
pd-user_2559144
pd-user_3478350
pd-user_1783727
pd-user_7232247
pd-user_872621
pd-user_2212827
pd-user_4221078
pd-user_6996368
pd-user_6913871
pd-user_2384053
pd-user_5211548
pd-user_2860175
pd-user_4556810
pd-user_9536740
pd-user_1251178
pd-user_4556962
pd-user_9120743
pd-user_460858
pd-user_6512794
pd-user_5632815
pd-user_6216270
pd-user_2268297
pd-user_6222299
pd-user_4404439
pd-user_8131484
pd-user_3669056
pd-user_6137820
pd-user_3785785
pd-user_2484963
pd-user_3761739
pd-user_7979456
pd-user_3845770
pd-user_6338980
pd-user_392747
pd-user_8922900
pd-user_8163062
pd-user_5036455
pd-user_3054359
pd-user_662964
pd-user_7300059
pd-user_6468472
pd-user_7396775
pd-user_3203556
pd-user_2117918
pd-user_9192252
pd-user_7914666
pd-user_9660524
pd-user_1720712
pd-user_7024812
pd-user_5378632
pd-user_5756145
pd-user_2718201
pd-user_8466750
pd-user_8131011
pd-user_5741406
pd-user_9096632
pd-user_4301990
pd-user_4559507
pd-user_4726071
pd-user_6951646
pd-user_9147205
pd-user_447201
pd-user_8180496
pd-user_3013649
pd-user_253791
pd-user_7957758
pd-user_1583001
pd-user_6323930
pd-user_5241065
pd-user_9567290
pd-user_8256621
pd-user_7779067
pd-user_406402
pd-user_9723845
pd-user_3198980
pd-user_2201118
pd-user_5970649
pd-user_7810062
pd-user_4264215
pd-user_5766255
pd-user_2657059
pd-user_2194267
pd-user_4227274
pd-user_3193304
pd-user_2397162
pd-user_5931324
pd-user_6609897
pd-user_4298780
pd-user_3775205
pd-user_4195475
pd-user_2668675
pd-user_3728737
pd-user_2555083
pd-user_717925
pd-user_7199110
pd-user_426859
pd-user_7689627
pd-user_4919897
pd-user_2245742
pd-user_9977406
pd-user_6043142
pd-user_7661180
pd-user_3787671
pd-user_1270093
pd-user_77443
pd-user_3507771
pd-user_7389879
pd-user_5861131
pd-user_4353234
pd-user_487523
pd-user_5059409
pd-user_4268012
pd-user_5816142
pd-user_4901983
pd-user_176004
pd-user_7834203
pd-user_8947836
pd-user_2611466
pd-user_3073675
pd-user_8360204
pd-user_957798
pd-user_3170591
pd-user_2899749
pd-user_473981
pd-user_5577440
pd-user_7942920
pd-user_3870001
pd-user_5992914
pd-user_2167607
pd-user_5564196
pd-user_6846481
pd-user_300638
pd-user_8807838
pd-user_4994765
pd-user_5067612
pd-user_9718641
pd-user_9083595
pd-user_421379
pd-user_7428044
pd-user_9987836
pd-user_9183568
pd-user_4001883
pd-user_5200472
pd-user_6156678
pd-user_602597
pd-user_6295463
pd-user_1789148
pd-user_3963852
pd-user_181373
pd-user_3534202
pd-user_5112036
pd-user_5499773
pd-user_7431685
pd-user_2868278
pd-user_4454130
pd-user_6646187
pd-user_2672703
pd-user_7182400
pd-user_6466998
pd-user_779140
pd-user_3739713
pd-user_5333330
pd-user_7982070
pd-user_1509491
pd-user_2545198
pd-user_4481877
pd-user_2574744
pd-user_9712572
pd-user_8556705
pd-user_2283546
pd-user_7826584
pd-user_2108464
pd-user_4796523
pd-user_348550
pd-user_6191702
pd-user_6426284
pd-user_1055914
pd-user_1247885
pd-user_5350902
pd-user_7964520
pd-user_701668
pd-user_5512874
pd-user_511908
pd-user_5593311
pd-user_6380581
pd-user_8005975
pd-user_8726137
pd-user_2645773
pd-user_7027809
pd-user_3689282
pd-user_4709813
pd-user_1907580
pd-user_2206337
pd-user_3220982
pd-user_8329673
pd-user_4986387
pd-user_202153
pd-user_3454669
pd-user_1623032
pd-user_5039075
pd-user_7537872
pd-user_3534667
pd-user_6963897
pd-user_5189973
pd-user_5995007
pd-user_2097788
pd-user_4916548
pd-user_7719157
pd-user_9162251
pd-user_6718933
pd-user_5708790
pd-user_7057086
pd-user_4111562
pd-user_5536234
pd-user_6860490
pd-user_868378
pd-user_5036216
pd-user_2148967
pd-user_2827657
pd-user_7957651
pd-user_7623724
pd-user_6470482
pd-user_6604911
pd-user_8496052
pd-user_9133097
pd-user_5963090
pd-user_5766048
pd-user_1698597
pd-user_4578980
pd-user_2412336
pd-user_1506387
pd-user_1924433
pd-user_8038409
pd-user_3627329
pd-user_5972835
pd-user_5640144
pd-user_405641
pd-user_4869437
pd-user_8306273
pd-user_3677322
pd-user_5363448
pd-user_3786858
pd-user_9282382
pd-user_9556825
pd-user_3292573
pd-user_939923
pd-user_6731926
pd-user_3772277
pd-user_7901992
pd-user_2199943
pd-user_2556246
pd-user_354265
pd-user_3216809
pd-user_5667865
pd-user_8330453
pd-user_5388170
pd-user_4832689
pd-user_5937036
pd-user_5880710
pd-user_3865498
pd-user_321989
pd-user_8825293
pd-user_4413265
pd-user_3820067
pd-user_662874
pd-user_578522
pd-user_8425143
pd-user_2464234
pd-user_5007030
pd-user_9083694
pd-user_4349680
pd-user_5715467
pd-user_2320912
pd-user_5296270
pd-user_9475991
pd-user_3882138
pd-user_1923229
pd-user_5278976
pd-user_9187002
pd-user_403002
pd-user_4768632
pd-user_232194
pd-user_5222536
pd-user_7521057
pd-user_3085669
pd-user_3558189
pd-user_7914128
pd-user_7362904
pd-user_9039755
pd-user_4333756
pd-user_2792917
pd-user_2843994
pd-user_7109581
pd-user_7609018
pd-user_6585286
pd-user_5339483
pd-user_3752824
pd-user_9606484
pd-user_1908948
pd-user_4551054
pd-user_2693699
pd-user_3466887
pd-user_9083939
pd-user_8615970
pd-user_645453
pd-user_7134766
pd-user_3763261
pd-user_4020335
pd-user_4478005
pd-user_5702547
pd-user_4842779
pd-user_8640983
pd-user_3618164
pd-user_5531202
pd-user_3969137
pd-user_3134272
pd-user_1478549
pd-user_5238652
pd-user_6398183
pd-user_3749403
pd-user_30118
pd-user_9904990
pd-user_4217461
pd-user_2063414
pd-user_2829115
pd-user_6780509
pd-user_5246534
pd-user_7317615
pd-user_2734157
pd-user_3114502
pd-user_7117076
pd-user_3939601
pd-user_7712211
pd-user_3414600
pd-user_8424586
pd-user_2488055
pd-user_3340649
pd-user_8598716
pd-user_6074367
pd-user_9272726
pd-user_3774283
pd-user_9217891
pd-user_1922238
pd-user_3078779
pd-user_5544262
pd-user_2924173
pd-user_8009770
pd-user_2156511
pd-user_8803164
pd-user_1684955
pd-user_661284
pd-user_611229
pd-user_4456756
pd-user_6927037
pd-user_1353432
pd-user_6430719
pd-user_3160651
pd-user_372594
pd-user_4248445
pd-user_728944
pd-user_5458824
pd-user_7865607
pd-user_1037452
pd-user_463744
pd-user_9080626
pd-user_9654202
pd-user_3780532
pd-user_1099167
pd-user_7278754
pd-user_5007784
pd-user_3784624
pd-user_7779906
pd-user_6753194
pd-user_2341937
pd-user_8856761
pd-user_7172020
pd-user_8223268
pd-user_4709562
pd-user_9619923
pd-user_7903010
pd-user_7888178
pd-user_9212880
pd-user_5085032
pd-user_4327082
pd-user_5279940
pd-user_8409152
pd-user_6036571
pd-user_8205377
pd-user_3657160
pd-user_221192
pd-user_8433820
pd-user_9282551
pd-user_2377648
pd-user_1014010
pd-user_3892239
pd-user_3308658
pd-user_829583
pd-user_307516
pd-user_4856519
pd-user_7172129
pd-user_3354698
pd-user_2620106
pd-user_346695
pd-user_5223578
pd-user_2839714
pd-user_9714036
pd-user_4875376
pd-user_4732680
pd-user_3248273
pd-user_6525664
pd-user_6410037
pd-user_5355602
pd-user_4014611
pd-user_4439179
pd-user_4205397
pd-user_5462267
pd-user_6834026
pd-user_4719961
pd-user_3614659
pd-user_6096623
pd-user_6617907
pd-user_2982083
pd-user_9569083
pd-user_5612541
pd-user_3251073
pd-user_3268869
pd-user_2970241
pd-user_7636172
pd-user_6937368
pd-user_2683219
pd-user_4669628
pd-user_6546301
pd-user_2611307
pd-user_1651
pd-user_9156612
pd-user_8664437
pd-user_4984685
pd-user_1340964
pd-user_2920244
pd-user_448368
pd-user_9257473
pd-user_1861991
pd-user_673027
pd-user_7222414
pd-user_4274802
pd-user_7757173
pd-user_7868958
pd-user_8366461
pd-user_6586723
pd-user_5057050
pd-user_9699159
pd-user_8776714
pd-user_7203256
pd-user_8368021
pd-user_305231
pd-user_6085242
pd-user_943594
pd-user_1469501
pd-user_6483456
pd-user_4825176
pd-user_6103506
pd-user_5917091
pd-user_135321
pd-user_8774795
pd-user_9854734
pd-user_9680792
pd-user_7204181
pd-user_3525235
pd-user_6558848
pd-user_5732066
pd-user_1830461
pd-user_8498838
pd-user_4016017
pd-user_8618157
pd-user_8923624
pd-user_2583906
pd-user_2261297
pd-user_3278657
pd-user_7060221
pd-user_8784473
pd-user_7207280
pd-user_3908594
pd-user_6688002
pd-user_8125543
pd-user_8411533
pd-user_4999505
pd-user_521910
pd-user_4797414
pd-user_6552710
pd-user_157706
pd-user_4547659
pd-user_1058948
pd-user_3382884
pd-user_3768093
pd-user_304657
pd-user_4530454
pd-user_2586012
pd-user_6625960
pd-user_7458363
pd-user_4147340
pd-user_5731829
pd-user_7462585
pd-user_8288385
pd-user_5003966
pd-user_6130533
pd-user_2682036
pd-user_9909864
pd-user_7692921
pd-user_6848554
pd-user_3310650
pd-user_6903488
pd-user_166499
pd-user_6324894
pd-user_8644502
pd-user_1228482
pd-user_9426868
pd-user_5710943
pd-user_6934102
pd-user_7421840
pd-user_2273055
pd-user_426675
pd-user_2537138
pd-user_8347658
pd-user_748168
pd-user_2955397
pd-user_4340768
pd-user_8125574
pd-user_826173
pd-user_4567789
pd-user_1044159
pd-user_9958716
pd-user_3716555
pd-user_9626163
pd-user_4678215
pd-user_650101
pd-user_2155017
pd-user_6564590
pd-user_7313759
pd-user_2988111
pd-user_2237570
pd-user_8443012
pd-user_738777
pd-user_1901795
pd-user_7535999
pd-user_9485836
pd-user_746752
pd-user_7030959
pd-user_3151973
pd-user_653939
pd-user_2282614
pd-user_5714617
pd-user_8579276
pd-user_7741206
pd-user_3074217
pd-user_4937699
pd-user_4459315
pd-user_5676574
pd-user_8085222
pd-user_1108175
pd-user_1279937
pd-user_5187339
pd-user_7136451
pd-user_1585206
pd-user_6499729
pd-user_8953420
pd-user_1811237
pd-user_1808787
pd-user_5307796
pd-user_2517949
pd-user_109827
pd-user_8567643
pd-user_4963730
pd-user_6012819
pd-user_5474106
pd-user_7837401
pd-user_4467807
pd-user_5601223
pd-user_3287390
pd-user_1157403
pd-user_3698601
pd-user_3827747
pd-user_2830312
pd-user_6932806
pd-user_5060344
pd-user_7931292
pd-user_8270110
pd-user_8918313
pd-user_8286386
pd-user_9714402
pd-user_2570180
pd-user_539133
pd-user_293435
pd-user_8585888
pd-user_3744425
pd-user_1903961
pd-user_4314697
pd-user_3030314
pd-user_1722559
pd-user_9289934
pd-user_287557
pd-user_1803384
pd-user_8079029
pd-user_9630862
pd-user_6528756
pd-user_8977780
pd-user_6858986
pd-user_6351400
pd-user_9205529
pd-user_848695
pd-user_8085741
pd-user_1318794
pd-user_8632529
pd-user_1686483
pd-user_7378583
pd-user_7892280
pd-user_6769234
pd-user_8605691
pd-user_9539659
pd-user_6355463
pd-user_2308525
pd-user_6785199
pd-user_2203647
pd-user_8337785
pd-user_6631190
pd-user_2321187
pd-user_1951648
pd-user_9821039
pd-user_4127769
pd-user_1123593
pd-user_8373593
pd-user_5549201
pd-user_5696212
pd-user_4883577
pd-user_74865
pd-user_3512413
pd-user_2602073
pd-user_5120959
pd-user_1417117
pd-user_8806955
pd-user_3533315
pd-user_4236548
pd-user_4407880
pd-user_4755051
pd-user_1687828
pd-user_1771683
pd-user_8703494
pd-user_4712484
pd-user_8726364
pd-user_9796619
pd-user_491560
pd-user_9534353
pd-user_2494666
pd-user_3284077
pd-user_6527989
pd-user_1213505
pd-user_1314559
pd-user_9115801
pd-user_1639361
pd-user_4140177
pd-user_2132907
pd-user_2492936
pd-user_2588736
pd-user_7107475
pd-user_5119135
pd-user_8683561
pd-user_915619
pd-user_1619435
pd-user_9488188
pd-user_7842908
pd-user_5568185
pd-user_4880552
pd-user_1137032
pd-user_2204265
pd-user_4788362
pd-user_2579324
pd-user_7772528
pd-user_5848420
pd-user_8107320
pd-user_2990155
pd-user_8641609
pd-user_7935339
pd-user_4151622
pd-user_3129674
pd-user_3025143
pd-user_924236
pd-user_9210396
pd-user_4743154
pd-user_8004573
pd-user_9419655
pd-user_1432670
pd-user_9195854
pd-user_4245437
pd-user_6841392
pd-user_4931128
pd-user_4165453
pd-user_1765784
pd-user_970279
pd-user_2517842
pd-user_3247578
pd-user_4543656
pd-user_7272537
pd-user_4542160
pd-user_6400268
pd-user_3604860
pd-user_7935970
pd-user_5109452
pd-user_1500515
pd-user_3054939
pd-user_3755500
pd-user_4726824
pd-user_6351741
pd-user_6996743
pd-user_5546970
pd-user_6583705
pd-user_5803955
pd-user_3733316
pd-user_5773921
pd-user_7284291
pd-user_8701335
pd-user_6562420
pd-user_5169491
pd-user_7239498
pd-user_4485709
pd-user_4939793
pd-user_9989862
pd-user_4120388
pd-user_6940592
pd-user_2866120
pd-user_7558776
pd-user_9010741
pd-user_914447
pd-user_7118696
pd-user_3821240
pd-user_6529155
pd-user_6168251
pd-user_8736623
pd-user_6805369
pd-user_5738092
pd-user_3344119
pd-user_6796213
pd-user_4098948
pd-user_2866185
pd-user_1977924
pd-user_6104904
pd-user_8703695
pd-user_8613906
pd-user_6040445
pd-user_5728559
pd-user_9115661
pd-user_627864
pd-user_7015278
pd-user_2296294
pd-user_6444831
pd-user_3231336
pd-user_2171069
pd-user_4420071
pd-user_2007837
pd-user_6737417
pd-user_9087572
pd-user_106369
pd-user_1608105
pd-user_3811461
pd-user_12183
pd-user_9836199
pd-user_1885052
pd-user_5480169
pd-user_4390994
pd-user_1302160
pd-user_6620890
pd-user_7639811
pd-user_2596913
pd-user_2739959
pd-user_1634085
pd-user_7297954
pd-user_2216756
pd-user_9495144
pd-user_5338419
pd-user_7445802
pd-user_2610232
pd-user_5664821
pd-user_2342497
pd-user_196975
pd-user_3901872
pd-user_4243696
pd-user_7739515
pd-user_3324971
pd-user_5359384
pd-user_9799433
pd-user_1046714
pd-user_9822757
pd-user_1746560
pd-user_6979509
pd-user_98438
pd-user_8868898
pd-user_4417280
pd-user_9404471
pd-user_1893132
pd-user_6172425
pd-user_7551386
pd-user_5435997
pd-user_4500424
pd-user_3830462
pd-user_1027090
pd-user_3681879
pd-user_9262607
pd-user_391693
pd-user_1426253
pd-user_1162735
pd-user_3187449
pd-user_1484255
pd-user_2375378
pd-user_654386
pd-user_4730043
pd-user_2852315
pd-user_8026651
pd-user_1985809
pd-user_7981423
pd-user_8559531
pd-user_3939743
pd-user_8909776
pd-user_3429984
pd-user_223281
pd-user_6428898
pd-user_3965018
pd-user_5836843
pd-user_3586951
pd-user_8434932
pd-user_5946899
pd-user_8920116
pd-user_2760167
pd-user_7067263
pd-user_3781793
pd-user_924918
pd-user_2601046
pd-user_103589
pd-user_6957126
pd-user_5981969
pd-user_4596630
pd-user_8069676
pd-user_8265946
pd-user_3845160
pd-user_3742714
pd-user_7207710
pd-user_3216883
pd-user_4623474
pd-user_1888752
pd-user_1395648
pd-user_8896072
pd-user_2338479
pd-user_7099920
pd-user_1584584
pd-user_1713994
pd-user_4041074
pd-user_9484440
pd-user_6571870
pd-user_6945806
pd-user_6893758
pd-user_5478539
pd-user_5641754
pd-user_5410221
pd-user_1538735
pd-user_7463039
pd-user_4042382
pd-user_2132236
pd-user_8680161
pd-user_8118445
pd-user_9531378
pd-user_7780248
pd-user_7649557
pd-user_7814173
pd-user_4316092
pd-user_3654634
pd-user_7777568
pd-user_1496306
pd-user_7080821
pd-user_3462940
pd-user_9753487
pd-user_6747504
pd-user_9873126
pd-user_1186063
pd-user_7440150
pd-user_4775327
pd-user_6847652
pd-user_8603998
pd-user_6038366
pd-user_3620733
pd-user_4711989
pd-user_3788986
pd-user_3502534
pd-user_8089573
pd-user_2871959
pd-user_972832
pd-user_2243050
pd-user_9226463
pd-user_7510584
pd-user_4811239
pd-user_3357024
pd-user_1831837
pd-user_9766727
pd-user_5364371
pd-user_6074198
pd-user_566455
pd-user_7657263
pd-user_7675752
pd-user_6725418
pd-user_3977608
pd-user_9194427
pd-user_2613835
pd-user_9931309
pd-user_8762475
pd-user_3962268
pd-user_4243125
pd-user_6443338
pd-user_5417880
pd-user_2014463
pd-user_4844483
pd-user_3860834
pd-user_6190089
pd-user_3037152
pd-user_8020023
pd-user_1544100
pd-user_8343665
pd-user_2041043
pd-user_4911403
pd-user_3332896
pd-user_1531846
pd-user_2388224
pd-user_2869253
pd-user_7306110
pd-user_1878720
pd-user_4090822
pd-user_9545921
pd-user_4087914
pd-user_1098859
pd-user_7779120
pd-user_3672362
pd-user_5125317
pd-user_2031846
pd-user_7904776
pd-user_8016639
pd-user_7474120
pd-user_5238133
pd-user_328871
pd-user_5653277
pd-user_9651782
pd-user_794774
pd-user_5496862
pd-user_7213059
pd-user_8448683
pd-user_3441532
pd-user_5567825
pd-user_4938280
pd-user_8924970
pd-user_3436807
pd-user_1608301
pd-user_51858
pd-user_1337480
pd-user_6581330
pd-user_4052472
pd-user_4802787
pd-user_9084326
pd-user_5358261
pd-user_1275509
pd-user_6150536
pd-user_7206914
pd-user_7983538
pd-user_4312002
pd-user_4772307
pd-user_949263
pd-user_8777683
pd-user_7871652
pd-user_7242384
pd-user_1565315
pd-user_1561218
pd-user_3170433
pd-user_4156771
pd-user_4738095
pd-user_7891984
pd-user_3395005
pd-user_1568345
pd-user_3761647
pd-user_2523498
pd-user_1734706
pd-user_6761773
pd-user_8665054
pd-user_9817197
pd-user_8657952
pd-user_5160417
pd-user_2812245
pd-user_1520545
pd-user_8839347
pd-user_9395090
pd-user_8632132
pd-user_5930701
pd-user_5561440
pd-user_3862647
pd-user_1294185
pd-user_9321622
pd-user_1804736
pd-user_5322350
pd-user_4312336
pd-user_2201827
pd-user_5328480
pd-user_553746
pd-user_2098088
pd-user_4445417
pd-user_5298605
pd-user_2725326
pd-user_6396006
pd-user_4171338
pd-user_8540705
pd-user_3243013
pd-user_9671530
pd-user_8669683
pd-user_5732442
pd-user_6366461
pd-user_4417649
pd-user_7392857
pd-user_1890877
pd-user_5864856
pd-user_3111714
pd-user_8343446
pd-user_7505979
pd-user_6174869
pd-user_4010088
pd-user_2879586
pd-user_9091150
pd-user_1656870
pd-user_6905215
pd-user_6843848
pd-user_4341114
pd-user_1527069
pd-user_4822030
pd-user_3400141
pd-user_2934291
pd-user_8188457
pd-user_9375223
pd-user_3555222
pd-user_735174
pd-user_5307423
pd-user_6356686
pd-user_5664341
pd-user_3214533
pd-user_8589062
pd-user_1915668
pd-user_2739618
pd-user_9559018
pd-user_3672535
pd-user_5604232
pd-user_8455212
pd-user_8387242
pd-user_3216191
pd-user_3904496
pd-user_8107766
pd-user_2493553
pd-user_6342456
pd-user_9990264
pd-user_7715610
pd-user_6941260
pd-user_590981
pd-user_5259196
pd-user_1905558
pd-user_1707305
pd-user_4470119
pd-user_2556577
pd-user_3883322
pd-user_5524138
pd-user_9518963
pd-user_7404026
pd-user_3221082
pd-user_2159515
pd-user_6439947
pd-user_9061396
pd-user_460548
pd-user_4782404
pd-user_3668547
pd-user_8892998
pd-user_6691668
pd-user_6123536
pd-user_752663
pd-user_9227160
pd-user_2951938
pd-user_5480551
pd-user_6346203
pd-user_8751510
pd-user_5576269
pd-user_5025988
pd-user_6171850
pd-user_2622696
pd-user_4095311
pd-user_1418797
pd-user_6146697
pd-user_8447223
pd-user_205044
pd-user_9128179
pd-user_7854238
pd-user_2013568
pd-user_6643275
pd-user_2696713
pd-user_2118864
pd-user_2555452
pd-user_7358578
pd-user_5950603
pd-user_2114086
pd-user_4412584
pd-user_2822542
pd-user_1550042
pd-user_4330982
pd-user_5157151
pd-user_1173808
pd-user_1273956
pd-user_7814014
pd-user_9427176
pd-user_6164725
pd-user_3570863
pd-user_8360839
pd-user_3360355
pd-user_8893424
pd-user_4432440
pd-user_9188231
pd-user_92726
pd-user_4079131
pd-user_3791246
pd-user_1326621
pd-user_6150733
pd-user_6518003
pd-user_2048040
pd-user_3651935
pd-user_9344484
pd-user_6248466
pd-user_3817920
pd-user_5705513
pd-user_226899
pd-user_7639780
pd-user_4556711
pd-user_638205
pd-user_5474685
pd-user_2293692
pd-user_8452766
pd-user_1655883
pd-user_1105534
pd-user_607574
pd-user_7767347
pd-user_9162282
pd-user_7759938
pd-user_3959840
pd-user_498287
pd-user_5891059
pd-user_9364763
pd-user_1320219
pd-user_2174577
pd-user_6014929
pd-user_2742083
pd-user_1143210
pd-user_6642488
pd-user_5044442
pd-user_8683965
pd-user_9095828
pd-user_2035111
pd-user_2625534
pd-user_9501711
pd-user_3813708
pd-user_6507283
pd-user_5332760
pd-user_1604352
pd-user_8925047
pd-user_964958
pd-user_5715009
pd-user_3958233
pd-user_2450220
pd-user_5157433
pd-user_2775010
pd-user_8363396
pd-user_822586
pd-user_4083684
pd-user_5657114
pd-user_5398478
pd-user_5153262
pd-user_8643475
pd-user_7359392
pd-user_8746581
pd-user_4310988
pd-user_7562702
pd-user_9882303
pd-user_9662473
pd-user_7212302
pd-user_5257536
pd-user_7307612
pd-user_9582572
pd-user_4011211
pd-user_8772802
pd-user_9421334
pd-user_5639156
pd-user_2512763
pd-user_1449517
pd-user_6859862
pd-user_8424011
pd-user_2925659
pd-user_7552620
pd-user_5767176
pd-user_2140911
pd-user_818519
pd-user_2440742
pd-user_805773
pd-user_1598937
pd-user_2164604
pd-user_9623293
pd-user_8458506
pd-user_3376851
pd-user_236393
pd-user_2847292
pd-user_5352438
pd-user_5222182
pd-user_5887202
pd-user_6258521
pd-user_5138521
pd-user_4240587
pd-user_7501678
pd-user_2813591
pd-user_7756558
pd-user_7176613
pd-user_2104744
pd-user_6255807
pd-user_8934687
pd-user_65881
pd-user_6580239
pd-user_1591650
pd-user_7006734
pd-user_8166655
pd-user_2210772
pd-user_8489048
pd-user_3044283
pd-user_1792335
pd-user_3249896
pd-user_2615923
pd-user_8216382
pd-user_5136568
pd-user_9839629
pd-user_1824503
pd-user_417140
pd-user_9707684
pd-user_9522876
pd-user_6260327
pd-user_4002424
pd-user_2042399
pd-user_2535202
pd-user_6948188
pd-user_5119952
pd-user_5355571
pd-user_2264284
pd-user_4384076
pd-user_865527
pd-user_3113293
pd-user_7330392
pd-user_5226049
pd-user_3459848
pd-user_3379628
pd-user_1689764
pd-user_6348330
pd-user_9235732
pd-user_9803182
pd-user_478855
pd-user_7396609
pd-user_4656200
pd-user_5517605
pd-user_4945241
pd-user_7214488
pd-user_2061298
pd-user_3614066
pd-user_2444590
pd-user_5369207
pd-user_4668956
pd-user_248001
pd-user_4390715
pd-user_9012386
pd-user_2995118
pd-user_2159229
pd-user_9980719
pd-user_1065928
pd-user_9252339
pd-user_7653967
pd-user_9784561
pd-user_452611
pd-user_7491495
pd-user_7919050
pd-user_7397845
pd-user_8248400
pd-user_1700386
pd-user_4812626
pd-user_4869120
pd-user_5167582
pd-user_2587237
pd-user_4884574
pd-user_4605036
pd-user_7921700
pd-user_3590955
pd-user_7615049
pd-user_4482593
pd-user_6273422
pd-user_216531
pd-user_1793574
pd-user_5202735
pd-user_636492
pd-user_9955894
pd-user_3481844
pd-user_8930462
pd-user_9997245
pd-user_1070609
pd-user_822493
pd-user_6800270
pd-user_4441926
pd-user_4048009
pd-user_1716339
pd-user_3316140
pd-user_5682239
pd-user_5359959
pd-user_313544
pd-user_4172933
pd-user_1958114
pd-user_8581718
pd-user_8629767
pd-user_6605958
pd-user_4782258
pd-user_9339978
pd-user_8767860
pd-user_9201325
pd-user_3601580
pd-user_9557707
pd-user_3671381
pd-user_1629323
pd-user_7072549
pd-user_6654383
pd-user_5338063
pd-user_9385247
pd-user_6640492
pd-user_8150517
pd-user_2496498
pd-user_9579719
pd-user_5474071
pd-user_8527798
pd-user_7100796
pd-user_8501750
pd-user_1416193
pd-user_6266619
pd-user_6028197
pd-user_7900685
pd-user_9672147
pd-user_8319810
pd-user_995280
pd-user_5384448
pd-user_1464630
pd-user_5385717
pd-user_112849
pd-user_5060433
pd-user_1287523
pd-user_7888530
pd-user_5665681
pd-user_268193
pd-user_3898766
pd-user_3958925
pd-user_3797444
pd-user_4134025
pd-user_3563977
pd-user_3633205
pd-user_5274759
pd-user_9894407
pd-user_8675049
pd-user_1146439
pd-user_2262224
pd-user_5402012
pd-user_2004921
pd-user_2844336
pd-user_1618273
pd-user_7318286
pd-user_3431004
pd-user_6316167
pd-user_801288
pd-user_8837662
pd-user_535272
pd-user_4903029
pd-user_6347431
pd-user_6369892
pd-user_5035157
pd-user_4990460
pd-user_9925124
pd-user_4138334
pd-user_7495259
pd-user_150514
pd-user_6131534
pd-user_9851058
pd-user_3140580
pd-user_9731340
pd-user_2901926
pd-user_7862148
pd-user_1111504
pd-user_9467475
pd-user_2928469
pd-user_5399584
pd-user_9368622
pd-user_4293490
pd-user_3582602
pd-user_5056263
pd-user_1139427
pd-user_4694853
pd-user_9847604
pd-user_8729407
pd-user_6528758
pd-user_1287499
pd-user_5608005
pd-user_2456576
pd-user_7187438
pd-user_4616804
pd-user_9589897
pd-user_6374497
pd-user_6321248
pd-user_2653433
pd-user_8739548
pd-user_2392630
pd-user_6338239
pd-user_2852662
pd-user_788398
pd-user_1085163
pd-user_2639724
pd-user_8127163
pd-user_8869578
pd-user_3142706
pd-user_6639217
pd-user_868891
pd-user_9054613
pd-user_5998865
pd-user_8390820
pd-user_2675465
pd-user_5850697
pd-user_6935361
pd-user_6349134
pd-user_8717473
pd-user_238118
pd-user_5793218
pd-user_5726000
pd-user_1359869
pd-user_7259979
pd-user_2675888
pd-user_5839301
pd-user_7006788
pd-user_8297247
pd-user_2506552
pd-user_1122940
pd-user_4284632
pd-user_8455206
pd-user_6809059
pd-user_1423318
pd-user_2193035
pd-user_2677562
pd-user_3941432
pd-user_7505550
pd-user_470364
pd-user_3021066
pd-user_2770301
pd-user_240103
pd-user_9952136
pd-user_9124573
pd-user_9252537
pd-user_631133
pd-user_804353
pd-user_8733445
pd-user_1243933
pd-user_8467973
pd-user_9616315
pd-user_4950601
pd-user_2021890
pd-user_1731643
pd-user_4706237
pd-user_3009068
pd-user_5800816
pd-user_9106487
pd-user_2361130
pd-user_2998493
pd-user_8029919
pd-user_7884717
pd-user_4391681
pd-user_4130329
pd-user_9354127
pd-user_4705636
pd-user_5151104
pd-user_365387
pd-user_3825727
pd-user_8702659
pd-user_5803591
pd-user_146410
pd-user_34445
pd-user_6078324
pd-user_8301051
pd-user_6924414
pd-user_1239771
pd-user_1106812
pd-user_7709518
pd-user_68659
pd-user_5811274
pd-user_9363948
pd-user_4703362
pd-user_1828798
pd-user_531194
pd-user_5406794
pd-user_1968519
pd-user_8384158
pd-user_1068115
pd-user_7512738
pd-user_3834642
pd-user_8830200
pd-user_8944039
pd-user_7427214
pd-user_834471
pd-user_1672929
pd-user_5991910
pd-user_7260589
pd-user_3348498
pd-user_6472616
pd-user_56434
pd-user_4344330
pd-user_600952
pd-user_7524901
pd-user_7133599
pd-user_3782928
pd-user_5843767
pd-user_7211844
pd-user_4429147
pd-user_9659414
pd-user_1360495
pd-user_6048253
pd-user_604364
pd-user_2123930
pd-user_1898216
pd-user_808634
pd-user_2377368
pd-user_1227557
pd-user_5763397
pd-user_8056992
pd-user_7282615
pd-user_4412172
pd-user_5014445
pd-user_5881920
pd-user_6309232
pd-user_2556115
pd-user_7940316
pd-user_2653964
pd-user_1028688
pd-user_948534
pd-user_5273052
pd-user_3694636
pd-user_2786557
pd-user_9435841
pd-user_7186126
pd-user_9275567
pd-user_2357430
pd-user_9696677
pd-user_3479618
pd-user_8684297
pd-user_8827534
pd-user_2647775
pd-user_3399469
pd-user_5434932
pd-user_1144122
pd-user_5296273
pd-user_6714094
pd-user_4060613
pd-user_8240640
pd-user_6043723
pd-user_5452772
pd-user_3799067
pd-user_3668920
pd-user_1893221
pd-user_7994185
pd-user_6005833
pd-user_9930308
pd-user_8725222
pd-user_3456622
pd-user_6173723
pd-user_9083081
pd-user_4203709
pd-user_6621248
pd-user_1613373
pd-user_355674
pd-user_6903045
pd-user_1795053
pd-user_6815586
pd-user_3928777
pd-user_8974756
pd-user_4366942
pd-user_4927540
pd-user_833112
pd-user_3420010
pd-user_6770952
pd-user_5378242
pd-user_1554785
pd-user_3606221
pd-user_6245899
pd-user_1934537
pd-user_2551562
pd-user_3840525
pd-user_6117960
pd-user_2007000
pd-user_6480995
pd-user_5979238
pd-user_2419471
pd-user_5127516
pd-user_6380855
pd-user_3768039
pd-user_395791
pd-user_9931066
pd-user_6866002
pd-user_5421159
pd-user_5370929
pd-user_9931001
pd-user_8112244
pd-user_3682341
pd-user_8867207
pd-user_5397105
pd-user_4288360
pd-user_3028368
pd-user_7587410
pd-user_3095870
pd-user_3418013
pd-user_8428171
pd-user_6726459
pd-user_5293625
pd-user_6136361
pd-user_5990433
pd-user_1620435
pd-user_6438554
pd-user_5811577
pd-user_9979813
pd-user_6245853
pd-user_2857771
pd-user_9676246
pd-user_1186591
pd-user_4156310
pd-user_7317536
pd-user_4947528
pd-user_6762208
pd-user_2382377
pd-user_6742910
pd-user_8074876
pd-user_5769592
pd-user_68533
pd-user_110735
pd-user_3669711
pd-user_6587692
pd-user_6060612
pd-user_4217336
pd-user_1244363
pd-user_6561284
pd-user_5781166
pd-user_4823055
pd-user_193783
pd-user_1428212
pd-user_7099255
pd-user_6687826
pd-user_6060100
pd-user_3631426
pd-user_2025606
pd-user_2138594
pd-user_8844610
pd-user_1836048
pd-user_1915754
pd-user_7980739
pd-user_524684
pd-user_5776473
pd-user_6944074
pd-user_8506836
pd-user_1468686
pd-user_7532234
pd-user_9334098
pd-user_5921340
pd-user_3177488
pd-user_1126821
pd-user_3503674
pd-user_6340094
pd-user_2320612
pd-user_6358813
pd-user_3142276
pd-user_9568389
pd-user_4778124
pd-user_5954229
pd-user_3289933
pd-user_950709
pd-user_7990141
pd-user_2272149
pd-user_834539
pd-user_6969338
pd-user_6738684
pd-user_1982715
pd-user_7620240
pd-user_9906388
pd-user_9635192
pd-user_3183008
pd-user_9232470
pd-user_9431040
pd-user_9847943
pd-user_3367958
pd-user_5803422
pd-user_3570321
pd-user_4117813
pd-user_5360456
pd-user_1003473
pd-user_9142868
pd-user_6930464
pd-user_677026
pd-user_863032
pd-user_374136
pd-user_5855581
pd-user_5634870
pd-user_673249
pd-user_7541647
pd-user_763544
pd-user_3074873
pd-user_558736
pd-user_6777937
pd-user_8981449
pd-user_3841722
pd-user_3630898
pd-user_2139523
pd-user_7800840
pd-user_3200518
pd-user_9710647
pd-user_974710
pd-user_9171058
pd-user_8910405
pd-user_8564277
pd-user_3217165
pd-user_830512
pd-user_9724812
pd-user_2895130
pd-user_8574533
pd-user_3548954
pd-user_6180403
pd-user_1472094
pd-user_1153960
pd-user_3552408
pd-user_4185950
pd-user_8043059
pd-user_9874218
pd-user_4880362
pd-user_6462498
pd-user_3927698
pd-user_8039174
pd-user_7573732
pd-user_5409369
pd-user_2008787
pd-user_3233194
pd-user_8350031
pd-user_4975647
pd-user_5487100
pd-user_2102591
pd-user_198123
pd-user_3485743
pd-user_3134101
pd-user_7823212
pd-user_7283428
pd-user_4202685
pd-user_9579995
pd-user_8968817
pd-user_9680748
pd-user_1168157
pd-user_7711284
pd-user_502191
pd-user_9498218
pd-user_6024196
pd-user_7370001
pd-user_9212833
pd-user_9956765
pd-user_4293768
pd-user_9817573
pd-user_8170016
pd-user_6325658
pd-user_324621
pd-user_3409832
pd-user_6874554
pd-user_2164576
pd-user_1221418
pd-user_9419851
pd-user_8827196
pd-user_5145447
pd-user_5131525
pd-user_997108
pd-user_3868714
pd-user_8099334
pd-user_9444289
pd-user_9286342
pd-user_954317
pd-user_5759387
pd-user_7406352
pd-user_9950292
pd-user_8551827
pd-user_6756164
pd-user_4739967
pd-user_6254489
pd-user_9886203
pd-user_8197584
pd-user_2509210
pd-user_1979188
pd-user_8595496
pd-user_6752293
pd-user_2627362
pd-user_9231786
pd-user_1783044
pd-user_7826488
pd-user_4709072
pd-user_1367981
pd-user_5089744
pd-user_3559991
pd-user_4267784
pd-user_3629254
pd-user_8793741
pd-user_8919704
pd-user_1786010
pd-user_4887526
pd-user_4539810
pd-user_2373665
pd-user_1100704
pd-user_5128151
pd-user_8746211
pd-user_4494758
pd-user_5872526
pd-user_3805709
pd-user_9014883
pd-user_8911352
pd-user_3053003
pd-user_7205028
pd-user_3392859
pd-user_4057208
pd-user_9576013
pd-user_1117429
pd-user_3545924
pd-user_486257
pd-user_4026695
pd-user_9168713
pd-user_649605
pd-user_1206747
pd-user_8225655
pd-user_7242028
pd-user_9750720
pd-user_8101685
pd-user_8203988
pd-user_9165205
pd-user_4616671
pd-user_3069317
pd-user_5639697
pd-user_8152387
pd-user_6485436
pd-user_8302012
pd-user_8828600
pd-user_8117336
pd-user_9467080
pd-user_8425971
pd-user_1121467
pd-user_6028339
pd-user_3331342
pd-user_9855431
pd-user_7661327
pd-user_175427
pd-user_280215
pd-user_4010796
pd-user_2060370
pd-user_9085292
pd-user_5036555
pd-user_16638
pd-user_5108902
pd-user_9624884
pd-user_3576233
pd-user_9546884
pd-user_5329754
pd-user_533246
pd-user_9395170
pd-user_3237220
pd-user_1419061
pd-user_1975004
pd-user_9373086
pd-user_3594497
pd-user_5726508
pd-user_5937133
pd-user_6215832
pd-user_8711020
pd-user_679068
pd-user_9973168
pd-user_5857346
pd-user_4859485
pd-user_6896190
pd-user_3920672
pd-user_1654491
pd-user_8006763
pd-user_7784627
pd-user_9295300
pd-user_1475041
pd-user_4781099
pd-user_6761772
pd-user_547429
pd-user_5306406
pd-user_5185779
pd-user_4651975
pd-user_6393098
pd-user_8059669
pd-user_2130327
pd-user_2810507
pd-user_7417513
pd-user_926637
pd-user_375832
pd-user_4222223
pd-user_1452684
pd-user_5284294
pd-user_4957886
pd-user_756197
pd-user_5827098
pd-user_4803970
pd-user_4311046
pd-user_5201218
pd-user_9661121
pd-user_8415722
pd-user_6278746
pd-user_6864603
pd-user_4997879
pd-user_1795389
pd-user_8397255
pd-user_6811147
pd-user_6834650
pd-user_3171417
pd-user_9614474
pd-user_6847037
pd-user_2741619
pd-user_8327758
pd-user_8773121
pd-user_7567707
pd-user_2805525
pd-user_6042134
pd-user_9549536
pd-user_592941
pd-user_9804971
pd-user_9242366
pd-user_1203999
pd-user_1500207
pd-user_3462594
pd-user_8755580
pd-user_6588955
pd-user_8814550
pd-user_2891468
pd-user_4396913
pd-user_7939857
pd-user_3185939
pd-user_6332133
pd-user_7998951
pd-user_3678578
pd-user_2706030
pd-user_8521870
pd-user_3044077
pd-user_9395812
pd-user_1700531
pd-user_1279563
pd-user_7618895
pd-user_9406757
pd-user_1934800
pd-user_8346120
pd-user_2123701
pd-user_7757592
pd-user_7986295
pd-user_3534347
pd-user_6827980
pd-user_7046339
pd-user_9181043
pd-user_3894608
pd-user_9702522
pd-user_8350996
pd-user_203382
pd-user_2714704
pd-user_8700074
pd-user_847707
pd-user_8563555
pd-user_5527990
pd-user_9949150
pd-user_9654879
pd-user_5562661
pd-user_7952286
pd-user_2521840
pd-user_7461620
pd-user_9920097
pd-user_6552731
pd-user_5977095
pd-user_4897030
pd-user_2533047
pd-user_5066970
pd-user_6183555
pd-user_6538542
pd-user_3526107
pd-user_5282258
pd-user_7836880
pd-user_659943
pd-user_1887400
pd-user_4514366
pd-user_604045
pd-user_9275647
pd-user_8153675
pd-user_6877477
pd-user_3860467
pd-user_5748550
pd-user_6167670
pd-user_2805572
pd-user_1340428
pd-user_2391936
pd-user_3982174
pd-user_6746597
pd-user_6751990
pd-user_3072216
pd-user_6120604
pd-user_1766306
pd-user_2808573
pd-user_3988517
pd-user_3483166
pd-user_3258219
pd-user_5209502
pd-user_8834110
pd-user_5663936
pd-user_6965871
pd-user_9258075
pd-user_3577149
pd-user_7990955
pd-user_2187024
pd-user_5237029
pd-user_7363351
pd-user_5408409
pd-user_6255818
pd-user_1146125
pd-user_8096785
pd-user_5874887
pd-user_8562111
pd-user_9607084
pd-user_5116884
pd-user_1493126
pd-user_6920940
pd-user_8841694
pd-user_5542492
pd-user_2899919
pd-user_17259
pd-user_7857986
pd-user_1712932
pd-user_7652341
pd-user_3020714
pd-user_3789985
pd-user_8431361
pd-user_201563
pd-user_5839153
pd-user_1687921
pd-user_2730399
pd-user_7412983
pd-user_9300999
pd-user_8843962
pd-user_6479471
pd-user_1157796
pd-user_8025594
pd-user_3116075
pd-user_784802
pd-user_66374
pd-user_3455002
pd-user_6978832
pd-user_1263431
pd-user_4237965
pd-user_5030070
pd-user_1965309
pd-user_2407669
pd-user_7169377
pd-user_4267090
pd-user_2647932
pd-user_1465098
pd-user_1356632
pd-user_7802472
pd-user_2514429
pd-user_4630322
pd-user_5755134
pd-user_4934920
pd-user_5517873
pd-user_1425552
pd-user_5539470
pd-user_3282627
pd-user_9159731
pd-user_5642278
pd-user_5424647
pd-user_678705
pd-user_411992
pd-user_2182260
pd-user_6434770
pd-user_6540564
pd-user_2050363
pd-user_3885082
pd-user_871038
pd-user_7577714
pd-user_1274353
pd-user_1278964
pd-user_9239360
pd-user_5187417
pd-user_5882097
pd-user_5470090
pd-user_2924135
pd-user_3123051
pd-user_5007602
pd-user_946509
pd-user_2257617
pd-user_38983
pd-user_8252329
pd-user_5575492
pd-user_5916724
pd-user_4123045
pd-user_5285951
pd-user_8944241
pd-user_2400417
pd-user_2214578
pd-user_9497980
pd-user_6327630
pd-user_2879617
pd-user_3955984
pd-user_8146101
pd-user_8854083
pd-user_8122639
pd-user_8407159
pd-user_6451303
pd-user_1883780
pd-user_1224454
pd-user_626885
pd-user_5489344
pd-user_1545850
pd-user_1879543
pd-user_1378957
pd-user_5938145
pd-user_1113592
pd-user_5007758
pd-user_2160074
pd-user_5716468
pd-user_8399566
pd-user_2482598
pd-user_6723656
pd-user_467036
pd-user_9528835
pd-user_1190476
pd-user_3006293
pd-user_8111515
pd-user_6510019
pd-user_3370244
pd-user_629822
pd-user_2642885
pd-user_4463964
pd-user_8924939
pd-user_1910333
pd-user_5464844
pd-user_4782876
pd-user_3197980
pd-user_3253362
pd-user_1884294
pd-user_4633880
pd-user_3130053
pd-user_3485497
pd-user_7461079
pd-user_2042438
pd-user_7003957
pd-user_5434006
pd-user_6630475
pd-user_8817903
pd-user_2122428
pd-user_6191482
pd-user_8094732
pd-user_7473063
pd-user_749854
pd-user_6059834
pd-user_5499286
pd-user_9590301
pd-user_3744524
pd-user_2756478
pd-user_8389325
pd-user_9630276
pd-user_7599208
pd-user_6858449
pd-user_8517109
pd-user_3982501
pd-user_7064114
pd-user_490621
pd-user_1941287
pd-user_2132104
pd-user_4505502
pd-user_9413368
pd-user_6951615
pd-user_8928612
pd-user_7405282
pd-user_4839344
pd-user_6040801
pd-user_3299021
pd-user_9258635
pd-user_2048851
pd-user_7127248
pd-user_786960
pd-user_1262501
pd-user_3452265
pd-user_3885123
pd-user_157722
pd-user_1797391
pd-user_5503341
pd-user_6320286
pd-user_4877943
pd-user_5922843
pd-user_8220179
pd-user_7588947
pd-user_9529848
pd-user_6317630
pd-user_3047215
pd-user_4542864
pd-user_4691072
pd-user_8209881
pd-user_6305631
pd-user_3160878
pd-user_8269892
pd-user_8877361
pd-user_435280
pd-user_4509051
pd-user_2886244
pd-user_1951405
pd-user_5560945
pd-user_2648544
pd-user_8918461
pd-user_7038476
pd-user_7992972
pd-user_862497
pd-user_6536648
pd-user_7349212
pd-user_4356878
pd-user_6593292
pd-user_7119132
pd-user_8159121
pd-user_1807907
pd-user_1261190
pd-user_8446296
pd-user_7268665
pd-user_7504595
pd-user_3616571
pd-user_1789000
pd-user_4261708
pd-user_4218546
pd-user_5287293
pd-user_5062427
pd-user_84010
pd-user_2536657
pd-user_5622128
pd-user_1049878
pd-user_4385554
pd-user_1237836
pd-user_2877820
pd-user_9133251
pd-user_6912504
pd-user_8370701
pd-user_9758397
pd-user_9214192
pd-user_2061338
pd-user_9579238
pd-user_2567904
pd-user_6398059
pd-user_7873790
pd-user_4957555
pd-user_8759268
pd-user_445851
pd-user_6458664
pd-user_5623196
pd-user_8265706
pd-user_468434
pd-user_452773
pd-user_4268026
pd-user_9567788
pd-user_1469068
pd-user_5655890
pd-user_1397962
pd-user_3978947
pd-user_3122822
pd-user_9133228
pd-user_144550
pd-user_109072
pd-user_1105477
pd-user_6762986
pd-user_7830566
pd-user_9072658
pd-user_6583674
pd-user_4503463
pd-user_2939135
pd-user_5917156
pd-user_4788237
pd-user_8564159
pd-user_3463637
pd-user_8961607
pd-user_7973013
pd-user_966230
pd-user_6725722
pd-user_6773547
pd-user_4849145
pd-user_6104972
pd-user_5147781
pd-user_7049575
pd-user_6207734
pd-user_7822297
pd-user_7066314
pd-user_9095186
pd-user_3470066
pd-user_7271393
pd-user_8320202
pd-user_5773901
pd-user_2063595
pd-user_4130232
pd-user_5324742
pd-user_4285476
pd-user_9057131
pd-user_1900147
pd-user_4904860
pd-user_7424293
pd-user_7357708
pd-user_2035338
pd-user_539350
pd-user_7378971
pd-user_2388015
pd-user_55416
pd-user_7035121
pd-user_9086364
pd-user_5604630
pd-user_8933814
pd-user_8160530
pd-user_4095851
pd-user_4120546
pd-user_3824826
pd-user_9672430
pd-user_9016069
pd-user_1498568
pd-user_3503684
pd-user_6403974
pd-user_8782862
pd-user_2135546
pd-user_9844930
pd-user_2516286
pd-user_2071232
pd-user_3199852
pd-user_9718211
pd-user_3484968
pd-user_3321494
pd-user_1739076
pd-user_6079989
pd-user_9969899
pd-user_9079691
pd-user_4988288
pd-user_3518799
pd-user_935356
pd-user_3026612
pd-user_4253129
pd-user_7151987
pd-user_2284996
pd-user_5866486
pd-user_9049695
pd-user_7035457
pd-user_5190593
pd-user_2352857
pd-user_3801893
pd-user_8757841
pd-user_1836611
pd-user_4116834
pd-user_9832681
pd-user_4744882
pd-user_2744152
pd-user_3723066
pd-user_465159
pd-user_7611472
pd-user_7796774
pd-user_1519102
pd-user_6651645
pd-user_6151945
pd-user_3613279
pd-user_2187954
pd-user_1783301
pd-user_7426113
pd-user_9997455
pd-user_1488413
pd-user_6503876
pd-user_3471607
pd-user_3463585
pd-user_1708870
pd-user_1175251
pd-user_151282
pd-user_304730
pd-user_8174001
pd-user_3061769
pd-user_1186099
pd-user_7958792
pd-user_9128112
pd-user_6490173
pd-user_6544320
pd-user_3705178
pd-user_7375996
pd-user_3522122
pd-user_650782
pd-user_480323
pd-user_3994862
pd-user_2009771
pd-user_4168419
pd-user_4887910
pd-user_8618833
pd-user_2494785
pd-user_6385714
pd-user_5506205
pd-user_4113004
pd-user_1499776
pd-user_882126
pd-user_9598705
pd-user_3725707
pd-user_2483461
pd-user_6608012
pd-user_4882824
pd-user_8660561
pd-user_4043605
pd-user_4587153
pd-user_8732511
pd-user_6841034
pd-user_3433272
pd-user_1775921
pd-user_4600607
pd-user_7439563
pd-user_8807173
pd-user_3892208
pd-user_2110887
pd-user_1852854
pd-user_573998
pd-user_9387580
pd-user_7660078
pd-user_7448175
pd-user_5446074
pd-user_1433282
pd-user_4798505
pd-user_2217137
pd-user_1359861
pd-user_1799329
pd-user_6762042
pd-user_9116158
pd-user_3951534
pd-user_3425846
pd-user_6604912
pd-user_3733280
pd-user_2178226
pd-user_4892505
pd-user_9950728
pd-user_5464134
pd-user_9861802
pd-user_6233611
pd-user_2286501
pd-user_1206322
pd-user_5786330
pd-user_6185328
pd-user_6727709
pd-user_6273629
pd-user_4468238
pd-user_6638388
pd-user_5335341
pd-user_1859151
pd-user_3578160
pd-user_8960045
pd-user_3406531
pd-user_103777
pd-user_4519731
pd-user_5691141
pd-user_8279205
pd-user_6714749
pd-user_7668508
pd-user_5010459
pd-user_2949286
pd-user_8273620
pd-user_9871295
pd-user_4760218
pd-user_7024689
pd-user_5680527
pd-user_7576164
pd-user_2851482
pd-user_5920
pd-user_5139509
pd-user_309121
pd-user_8208422
pd-user_1633051
pd-user_9370331
pd-user_6171961
pd-user_5995661
pd-user_633153
pd-user_6004403
pd-user_5714769
pd-user_787952
pd-user_9284868
pd-user_8048129
pd-user_7255990
pd-user_8977779
pd-user_1388908
pd-user_2226906
pd-user_2751555
pd-user_9299017
pd-user_9896304
pd-user_5015498
pd-user_3209009
pd-user_1415820
pd-user_265120
pd-user_3271638
pd-user_6440663
pd-user_6266975
pd-user_4996290
pd-user_2605760
pd-user_1911701
pd-user_7896395
pd-user_6239172
pd-user_4881122
pd-user_8515566
pd-user_4940318
pd-user_3578950
pd-user_6139936
pd-user_5768491
pd-user_2763814
pd-user_8827393
pd-user_7245346
pd-user_5041827
pd-user_9120182
pd-user_7788162
pd-user_9976307
pd-user_8693697
pd-user_3677364
pd-user_2438209
pd-user_2678926
pd-user_592368
pd-user_7513375
pd-user_2092934
pd-user_4026918
pd-user_9893330
pd-user_9692716
pd-user_6693668
pd-user_655005
pd-user_5096429
pd-user_6324692
pd-user_7508367
pd-user_7727248
pd-user_1359662
pd-user_4117255
pd-user_5784700
pd-user_2037976
pd-user_7744133
pd-user_8309919
pd-user_8383683
pd-user_3172124
pd-user_1505523
pd-user_5557265
pd-user_8072011
pd-user_5150949
pd-user_5958629
pd-user_2069771
pd-user_2555144
pd-user_4210097
pd-user_4931761
pd-user_909798
pd-user_8679777
pd-user_8330436
pd-user_118950
pd-user_8793763
pd-user_555866
pd-user_1512128
pd-user_5917713
pd-user_4139001
pd-user_7316976
pd-user_2884133
pd-user_10058
pd-user_5366461
pd-user_7962219
pd-user_5057692
pd-user_5517562
pd-user_5262817
pd-user_8970344
pd-user_3814825
pd-user_4794334
pd-user_8182367
pd-user_2907556
pd-user_9666536
pd-user_1335495
pd-user_100335
pd-user_847313
pd-user_1197058
pd-user_3985463
pd-user_1855620
pd-user_8527009
pd-user_3510621
pd-user_2118093
pd-user_450838
pd-user_5029833
pd-user_9108362
pd-user_450819
pd-user_2639872
pd-user_5044448
pd-user_7196060
pd-user_1690656
pd-user_7226745
pd-user_9630623
pd-user_9342232
pd-user_9662547
pd-user_1307719
pd-user_9326999
pd-user_7893038
pd-user_6596241
pd-user_1593940
pd-user_7107007
pd-user_5576296
pd-user_356205
pd-user_1806951
pd-user_3384218
pd-user_1476550
pd-user_8694208
pd-user_9918700
pd-user_5817126
pd-user_2639737
pd-user_7545952
pd-user_3591075
pd-user_9332944
pd-user_1142443
pd-user_6976991
pd-user_28718
pd-user_9308858
pd-user_1633199
pd-user_7948766
pd-user_7765384
pd-user_1267174
pd-user_1052200
pd-user_5658508
pd-user_9825055
pd-user_5021277
pd-user_4145218
pd-user_2220646
pd-user_1020375
pd-user_764101
pd-user_2801465
pd-user_82126
pd-user_7670036
pd-user_5996903
pd-user_7637856
pd-user_1148642
pd-user_2841579
pd-user_3954192
pd-user_9775940
pd-user_2124694
pd-user_8282778
pd-user_1559684
pd-user_2477311
pd-user_1040445
pd-user_8663579
pd-user_466225
pd-user_6326189
pd-user_1206272
pd-user_9367339
pd-user_8515305
pd-user_3471205
pd-user_6573885
pd-user_985874
pd-user_2222914
pd-user_5881663
pd-user_1467101
pd-user_2417831
pd-user_1731308
pd-user_7340501
pd-user_6412140
pd-user_3726511
pd-user_362248
pd-user_4278261
pd-user_552193
pd-user_3189012
pd-user_7109826
pd-user_472867
pd-user_1679499
pd-user_9804024
pd-user_370339
pd-user_3299245
pd-user_2632283
pd-user_9962799
pd-user_3726595
pd-user_2589005
pd-user_153649
pd-user_4509305
pd-user_2986267
pd-user_5511605
pd-user_9133817
pd-user_3620854
pd-user_9724880
pd-user_182389
pd-user_5198995
pd-user_407041
pd-user_6512819
pd-user_3457713
pd-user_4914095
pd-user_2619048
pd-user_3122672
pd-user_5921444
pd-user_6486769
pd-user_751887
pd-user_6619831
pd-user_2546578
pd-user_6948788
pd-user_4640486
pd-user_7474667
pd-user_454061
pd-user_9568202
pd-user_3995003
pd-user_270032
pd-user_7440540
pd-user_4196399
pd-user_476687
pd-user_197442
pd-user_4697454
pd-user_6044347
pd-user_6326200
pd-user_7601710
pd-user_3368394
pd-user_3553796
pd-user_1926121
pd-user_3389673
pd-user_3088208
pd-user_7599430
pd-user_9118743
pd-user_3273777
pd-user_2729474
pd-user_6173692
pd-user_5434774
pd-user_495089
pd-user_6226802
pd-user_4754327
pd-user_9559492
pd-user_9302953
pd-user_6033634
pd-user_5835105
pd-user_8773420
pd-user_3093652
pd-user_9829435
pd-user_9999247
pd-user_7930259
pd-user_9805239
pd-user_2330106
pd-user_8656380
pd-user_457007
pd-user_8939640
pd-user_2391495
pd-user_7037161
pd-user_6108117
pd-user_1490428
pd-user_6218084
pd-user_1444147
pd-user_8226711
pd-user_1450109
pd-user_2166066
pd-user_2999707
pd-user_5276598
pd-user_5156481
pd-user_2689129
pd-user_8571349
pd-user_2902138
pd-user_6771795
pd-user_5732237
pd-user_7132084
pd-user_8077404
pd-user_7118332
pd-user_8123477
pd-user_5348558
pd-user_7469234
pd-user_7774200
pd-user_9903321
pd-user_6134294
pd-user_5007732
pd-user_8922600
pd-user_8662959
pd-user_186429
pd-user_7024575
pd-user_9016038
pd-user_8421530
pd-user_2167706
pd-user_696746
pd-user_1947419
pd-user_8339732
pd-user_5310712
pd-user_8875678
pd-user_4027204
pd-user_6833224
pd-user_7510299
pd-user_7234215
pd-user_388554
pd-user_2875759
pd-user_1238691
pd-user_9046547
pd-user_413130
pd-user_1309469
pd-user_5920801
pd-user_201548
pd-user_3971673
pd-user_5581351
pd-user_9988830
pd-user_8915586
pd-user_366549
pd-user_1834929
pd-user_3056881
pd-user_1358532
pd-user_9899286
pd-user_1339283
pd-user_9783713
pd-user_6571541
pd-user_1977532
pd-user_4028586
pd-user_1151112
pd-user_8236084
pd-user_9308162
pd-user_5612659
pd-user_9713080
pd-user_9971477
pd-user_3346514
pd-user_4484612
pd-user_5575708
pd-user_8049902
pd-user_1255008
pd-user_248057
pd-user_5096796
pd-user_6060494
pd-user_1744127
pd-user_6982002
pd-user_9097529
pd-user_2012807
pd-user_2393550
pd-user_683000
pd-user_3062116
pd-user_7596362
pd-user_2059567
pd-user_6738395
pd-user_7815260
pd-user_3763118
pd-user_1143651
pd-user_2718889
pd-user_2319101
pd-user_3558064
pd-user_6928738
pd-user_2754005
pd-user_919111
pd-user_4143765
pd-user_3624125
pd-user_4821324
pd-user_8288121
pd-user_2025901
pd-user_4481680
pd-user_1433222
pd-user_4276264
pd-user_9179034
pd-user_4718783
pd-user_2466121
pd-user_2052649
pd-user_4810690
pd-user_8755608
pd-user_8642840
pd-user_2191419
pd-user_8562518
pd-user_4706039
pd-user_6340878
pd-user_6974419
pd-user_7266532
pd-user_9618364
pd-user_7427230
pd-user_6142490
pd-user_4772444
pd-user_3233518
pd-user_8614972
pd-user_3565585
pd-user_6218782
pd-user_2378993
pd-user_1429553
pd-user_1289892
pd-user_7330952
pd-user_7485991
pd-user_2542631
pd-user_4726788
pd-user_907512
pd-user_3626007
pd-user_4417112
pd-user_1890751
pd-user_3297953
pd-user_7799647
pd-user_177080
pd-user_8111535
pd-user_5292858
pd-user_1939743
pd-user_6272117
pd-user_8074735
pd-user_9435128
pd-user_8737061
pd-user_8823637
pd-user_4942257
pd-user_9565042
pd-user_2621819
pd-user_5069557
pd-user_287762
pd-user_6861120
pd-user_9035785
pd-user_2912247
pd-user_4448995
pd-user_9051081
pd-user_7649986
pd-user_6860137
pd-user_7634223
pd-user_7837261
pd-user_6374969
pd-user_623418
pd-user_2882797
pd-user_7463588
pd-user_6079168
pd-user_5428711
pd-user_3265680
pd-user_7453688
pd-user_1377845
pd-user_730597
pd-user_7841875
pd-user_3947951
pd-user_6551822
pd-user_7241333
pd-user_4041665
pd-user_8806834
pd-user_4284363
pd-user_4921356
pd-user_69586
pd-user_3059725
pd-user_2145699
pd-user_4769421
pd-user_2334300
pd-user_1944864
pd-user_3690131
pd-user_6793342
pd-user_4880150
pd-user_1196235
pd-user_1139057
pd-user_469344
pd-user_1748891
pd-user_1470621
pd-user_4770680
pd-user_1820557
pd-user_7385566
pd-user_6005322
pd-user_8593062
pd-user_9057564
pd-user_5513973
pd-user_7774662
pd-user_2225430
pd-user_5115987
pd-user_5724659
pd-user_8031246
pd-user_102419
pd-user_4381100
pd-user_8869758
pd-user_7276464
pd-user_7778554
pd-user_5809706
pd-user_7709359
pd-user_6594598
pd-user_4798125
pd-user_3134183
pd-user_8604423
pd-user_8015803
pd-user_6865335
pd-user_826160
pd-user_7540663
pd-user_1744454
pd-user_5939065
pd-user_3654254
pd-user_3167379
pd-user_7411154
pd-user_5228208
pd-user_4239126
pd-user_5456359
pd-user_8910457
pd-user_1352395
pd-user_4079705
pd-user_8572427
pd-user_8714066
pd-user_2157330
pd-user_2191052
pd-user_6434280
pd-user_4301731
pd-user_1706086
pd-user_1910901
pd-user_2551253
pd-user_39479
pd-user_6595533
pd-user_9555016
pd-user_2806199
pd-user_7046356
pd-user_4017007
pd-user_5424875
pd-user_2718925
pd-user_8555977
pd-user_7770119
pd-user_409722
pd-user_8270874
pd-user_6341934
pd-user_9617260
pd-user_5649208
pd-user_652255
pd-user_2284013
pd-user_2946545
pd-user_4306644
pd-user_7808278
pd-user_5671672
pd-user_4685705
pd-user_7006608
pd-user_9350672
pd-user_8171538
pd-user_7030759
pd-user_4004680
pd-user_7043862
pd-user_3733907
pd-user_9603223
pd-user_2490910
pd-user_8233969
pd-user_6676605
pd-user_8515926
pd-user_3907140
pd-user_9853668
pd-user_16635
pd-user_2342636
pd-user_3982135
pd-user_959947
pd-user_5755741
pd-user_6523255
pd-user_8565648
pd-user_7161742
pd-user_9671526
pd-user_6123511
pd-user_5843347
pd-user_5783573
pd-user_5939668
pd-user_977076
pd-user_1584767
pd-user_1933037
pd-user_2537761
pd-user_2948115
pd-user_640635
pd-user_8864178
pd-user_9789705
pd-user_1822173
pd-user_8008455
pd-user_4161234
pd-user_2097757
pd-user_7532154
pd-user_3746047
pd-user_2017682
pd-user_3641344
pd-user_342604
pd-user_9643349
pd-user_1491895
pd-user_9467995
pd-user_7303942
pd-user_2922703
pd-user_1202193
pd-user_3405566
pd-user_2266832
pd-user_4767398
pd-user_6426239
pd-user_3568752
pd-user_9725391
pd-user_7626803
pd-user_195043
pd-user_5997797
pd-user_7538499
pd-user_3224164
pd-user_1987637
pd-user_323584
pd-user_9248979
pd-user_326846
pd-user_3742983
pd-user_1406110
pd-user_9998720
pd-user_2471580
pd-user_5932942
pd-user_6850718
pd-user_3178011
pd-user_4051130
pd-user_3787713
pd-user_7024545
pd-user_2801303
pd-user_5317164
pd-user_9642553
pd-user_4654376
pd-user_2532733
pd-user_8885960
pd-user_1774566
pd-user_4383296
pd-user_2188064
pd-user_8867704
pd-user_4740772
pd-user_9784335
pd-user_4889
pd-user_9781799
pd-user_6759770
pd-user_8567263
pd-user_5197474
pd-user_6402152
pd-user_3444833
pd-user_3410141
pd-user_2201852
pd-user_7342764
pd-user_2376799
pd-user_213848
pd-user_4153937
pd-user_9506586
pd-user_3190590
pd-user_4490137
pd-user_7929531
pd-user_4203718
pd-user_3547129
pd-user_8914532
pd-user_8071048
pd-user_1541870
pd-user_6054901
pd-user_6343161
pd-user_5662262
pd-user_3473788
pd-user_7128741
pd-user_411823
pd-user_5408801
pd-user_2818111
pd-user_392244
pd-user_6177491
pd-user_9658075
pd-user_3654478
pd-user_9312586
pd-user_4014365
pd-user_2967991
pd-user_7702292
pd-user_9662811
pd-user_7297093
pd-user_6948893
pd-user_5931428
pd-user_8964928
pd-user_2937501
pd-user_4350697
pd-user_5219353
pd-user_8114869
pd-user_4798342
pd-user_6414515
pd-user_3680380
pd-user_79532
pd-user_2405968
pd-user_2042596
pd-user_6403178
pd-user_4956710
pd-user_6981779
pd-user_6449164
pd-user_3712354
pd-user_8461176
pd-user_3824057
pd-user_828144
pd-user_8091220
pd-user_3046212
pd-user_4722185
pd-user_8725037
pd-user_2170280
pd-user_4695898
pd-user_3564850
pd-user_5121359
pd-user_9245362
pd-user_8735627
pd-user_5954219
pd-user_6932143
pd-user_6565904
pd-user_7118011
pd-user_3691441
pd-user_600157
pd-user_731361
pd-user_1955897
pd-user_7707239
pd-user_3783607
pd-user_4036678
pd-user_8100555
pd-user_6402493
pd-user_8342343
pd-user_5386319
pd-user_567954
pd-user_5604198
pd-user_1617584
pd-user_3423039
pd-user_105154
pd-user_8707986
pd-user_5604379
pd-user_9274450
pd-user_4424788
pd-user_2205412
pd-user_8945625
pd-user_5240831
pd-user_7593829
pd-user_569576
pd-user_7957734
pd-user_9962185
pd-user_262503
pd-user_3600601
pd-user_1596608
pd-user_6601520
pd-user_3650323
pd-user_4072177
pd-user_9980031
pd-user_2251376
pd-user_8911035
pd-user_1818897
pd-user_3768875
pd-user_5604622
pd-user_1850846
pd-user_7944180
pd-user_6719036
pd-user_8739587
pd-user_3805742
pd-user_5879929
pd-user_4385306
pd-user_5010527
pd-user_4642016
pd-user_5887326
pd-user_3976567
pd-user_2865734
pd-user_6252848
pd-user_190343
pd-user_1857714
pd-user_3467487
pd-user_9342443
pd-user_9560489
pd-user_4634169
pd-user_8409655
pd-user_2639135
pd-user_1153647
pd-user_6209776
pd-user_8255346
pd-user_1743855
pd-user_7986617
pd-user_1279031
pd-user_104062
pd-user_8071342
pd-user_7163371
pd-user_7644587
pd-user_144409
pd-user_2369853
pd-user_4168170
pd-user_7310127
pd-user_5228916
pd-user_4625587
pd-user_8047966
pd-user_2120183
pd-user_2335582
pd-user_1841899
pd-user_6983182
pd-user_5496598
pd-user_1748177
pd-user_8135453
pd-user_7624953
pd-user_3037110
pd-user_5925249
pd-user_1601703
pd-user_3105814
pd-user_3872920
pd-user_2355312
pd-user_6438805
pd-user_9496169
pd-user_3941965
pd-user_25463
pd-user_3937884
pd-user_6525149
pd-user_8716059
pd-user_6656786
pd-user_5041738
pd-user_7149238
pd-user_6525320
pd-user_7761292
pd-user_9117441
pd-user_8225578
pd-user_9330780
pd-user_7256609
pd-user_5104631
pd-user_4369092
pd-user_2768870
pd-user_4416616
pd-user_7146610
pd-user_2825671
pd-user_3712481
pd-user_8106441
pd-user_6098126
pd-user_5066285
pd-user_1938809
pd-user_7538441
pd-user_4851609
pd-user_9315377
pd-user_2321626
pd-user_2461054
pd-user_7435943
pd-user_4089571
pd-user_427095
pd-user_8886807
pd-user_5682319
pd-user_5384669
pd-user_5664725
pd-user_3489400
pd-user_3557485
pd-user_316745
pd-user_6074815
pd-user_5375206
pd-user_8522242
pd-user_6952689
pd-user_6773972
pd-user_1819429
pd-user_5310517
pd-user_976306
pd-user_1536684
pd-user_3893467
pd-user_1880147
pd-user_6353452
pd-user_3529285
pd-user_9023095
pd-user_6341578
pd-user_1153303
pd-user_283511
pd-user_1365482
pd-user_5127782
pd-user_1388847
pd-user_8204574
pd-user_1868154
pd-user_5824925
pd-user_981976
pd-user_938908
pd-user_7418183
pd-user_1556122
pd-user_8119228
pd-user_225965
pd-user_6818579
pd-user_142266
pd-user_2806414
pd-user_8782963
pd-user_3702589
pd-user_3099856
pd-user_4229712
pd-user_9120114
pd-user_3714691
pd-user_1525971
pd-user_1730801
pd-user_231282
pd-user_8606323
pd-user_8416060
pd-user_9513007
pd-user_5145326
pd-user_9204031
pd-user_9029801
pd-user_6724578
pd-user_7381668
pd-user_1081939
pd-user_2195203
pd-user_3071371
pd-user_632678
pd-user_1489207
pd-user_5280045
pd-user_3397022
pd-user_6095982
pd-user_2902224
pd-user_7701051
pd-user_6208668
pd-user_3915647
pd-user_4998498
pd-user_1855309
pd-user_5656701
pd-user_5951762
pd-user_1514732
pd-user_2098858
pd-user_5037487
pd-user_2592352
pd-user_3161045
pd-user_7113996
pd-user_7017044
pd-user_9531958
pd-user_8873997
pd-user_3766759
pd-user_7244453
pd-user_5756926
pd-user_5954260
pd-user_7386113
pd-user_8945591
pd-user_3634693
pd-user_7404251
pd-user_9263386
pd-user_9177330
pd-user_3327372
pd-user_5441018
pd-user_2456844
pd-user_6744200
pd-user_9196045
pd-user_7565842
pd-user_7508525
pd-user_7075832
pd-user_9506453
pd-user_4241541
pd-user_1196126
pd-user_9116707
pd-user_4930740
pd-user_5427520
pd-user_3902128
pd-user_6632829
pd-user_8436274
pd-user_9129093
pd-user_6088744
pd-user_7976983
pd-user_7181772
pd-user_6670825
pd-user_6994449
pd-user_3441107
pd-user_3938611
pd-user_3933975
pd-user_1048476
pd-user_2405180
pd-user_5735482
pd-user_33858
pd-user_3181157
pd-user_8105600
pd-user_8424159
pd-user_8296295
pd-user_1503930
pd-user_8097244
pd-user_300874
pd-user_6180271
pd-user_5469073
pd-user_8951445
pd-user_7384130
pd-user_2276256
pd-user_48804
pd-user_2841251
pd-user_2187365
pd-user_7104274
pd-user_3111122
pd-user_3384002
pd-user_410718
pd-user_9083295
pd-user_1262123
pd-user_8000790
pd-user_2492871
pd-user_5616107
pd-user_490318
pd-user_9835671
pd-user_8440892
pd-user_7761539
pd-user_3428968
pd-user_5763986
pd-user_1273812
pd-user_2398856
pd-user_3157897
pd-user_2917066
pd-user_3453821
pd-user_5680195
pd-user_4085944
pd-user_2604181
pd-user_4978134
pd-user_6255351
pd-user_1574705
pd-user_1828417
pd-user_3522720
pd-user_5705168
pd-user_6841831
pd-user_5059611
pd-user_7984338
pd-user_7095223
pd-user_4651732
pd-user_4479758
pd-user_6690420
pd-user_2769948
pd-user_5069888
pd-user_5261700
pd-user_8312863
pd-user_738175
pd-user_6709009
pd-user_3232834
pd-user_7555885
pd-user_9280288
pd-user_4735396
pd-user_926751
pd-user_1193798
pd-user_5138260
pd-user_2970458
pd-user_210225
pd-user_2337626
pd-user_6467532
pd-user_240094
pd-user_2075956
pd-user_4040226
pd-user_1175374
pd-user_6720369
pd-user_9124221
pd-user_477506
pd-user_1470778
pd-user_4446619
pd-user_423564
pd-user_7004115
pd-user_4480845
pd-user_3660345
pd-user_745442
pd-user_4212837
pd-user_1769818
pd-user_1740605
pd-user_4253016
pd-user_9298642
pd-user_9103421
pd-user_357996
pd-user_4251902
pd-user_1292890
pd-user_772088
pd-user_1961058
pd-user_4779826
pd-user_3504911
pd-user_67526
pd-user_477077
pd-user_6092175
pd-user_4430113
pd-user_8863306
pd-user_4921041
pd-user_2778215
pd-user_7517736
pd-user_5381233
pd-user_853042
pd-user_2766399
pd-user_8623552
pd-user_3285199
pd-user_1473722
pd-user_8227693
pd-user_1176536
pd-user_2605904
pd-user_6834702
pd-user_1904312
pd-user_2053521
pd-user_4751621
pd-user_4793254
pd-user_6483857
pd-user_2324102
pd-user_7959034
pd-user_3420463
pd-user_3418595
pd-user_4375028
pd-user_2167967
pd-user_9603965
pd-user_5333870
pd-user_4986701
pd-user_6514757
pd-user_5888929
pd-user_4463364
pd-user_2067548
pd-user_6315208
pd-user_5901235
pd-user_9694500
pd-user_8169583
pd-user_7217315
pd-user_3975161
pd-user_8611241
pd-user_7808631
pd-user_9312677
pd-user_2270219
pd-user_9375622
pd-user_8289837
pd-user_9269813
pd-user_8842434
pd-user_1305777
pd-user_4194504
pd-user_3539632
pd-user_5628568
pd-user_6658420
pd-user_2093115
pd-user_5707339
pd-user_5141766
pd-user_932578
pd-user_1520659
pd-user_2367265
pd-user_5077735
pd-user_6676452
pd-user_3373493
pd-user_7743909
pd-user_7087124
pd-user_5779017
pd-user_8796466
pd-user_4071313
pd-user_4162659
pd-user_6191516
pd-user_48241
pd-user_3136192
pd-user_6448573
pd-user_1736988
pd-user_3523791
pd-user_651668
pd-user_816563
pd-user_7240570
pd-user_7401192
pd-user_8355324
pd-user_6073843
pd-user_6560014
pd-user_5288601
pd-user_9992481
pd-user_5645964
pd-user_3964600
pd-user_693866
pd-user_9864519
pd-user_491641
pd-user_919940
pd-user_7185964
pd-user_7601321
pd-user_7929633
pd-user_3726306
pd-user_844673
pd-user_8812477
pd-user_4526930
pd-user_6266721
pd-user_5641330
pd-user_7673406
pd-user_2735240
pd-user_3913372
pd-user_2098923
pd-user_1174516
pd-user_6351382
pd-user_6020897
pd-user_7907488
pd-user_6594379
pd-user_5836338
pd-user_1939213
pd-user_9440861
pd-user_1160529
pd-user_1445693
pd-user_940776
pd-user_5203282
pd-user_2020540
pd-user_2614511
pd-user_8972011
pd-user_6668007
pd-user_4969829
pd-user_8860917
pd-user_3446109
pd-user_4212569
pd-user_2998156
pd-user_508291
pd-user_5168269
pd-user_4392333
pd-user_4587714
pd-user_4133120
pd-user_4513697
pd-user_3591294
pd-user_5406961
pd-user_7376285
pd-user_9818138
pd-user_9930960
pd-user_3229288
pd-user_9341656
pd-user_3351616
pd-user_2202833
pd-user_6453702
pd-user_2840615
pd-user_9515482
pd-user_7677682
pd-user_5146728
pd-user_3134523
pd-user_4319717
pd-user_4969100
pd-user_8041979
pd-user_9847663
pd-user_997048
pd-user_4102178
pd-user_5247957
pd-user_2585075
pd-user_7673635
pd-user_837291
pd-user_4630832
pd-user_5951648
pd-user_5856508
pd-user_465570
pd-user_9502124
pd-user_3880667
pd-user_2273855
pd-user_5503230
pd-user_3661951
pd-user_8108821
pd-user_2903757
pd-user_338386
pd-user_2961001
pd-user_1863820
pd-user_4138981
pd-user_129
pd-user_4643884
pd-user_249069
pd-user_2945487
pd-user_6412857
pd-user_202227
pd-user_4559568
pd-user_2538940
pd-user_9102707
pd-user_6822032
pd-user_7631947
pd-user_2003978
pd-user_8000260
pd-user_5816186
pd-user_9107134
pd-user_2139050
pd-user_3572321
pd-user_4764875
pd-user_8777859
pd-user_5747580
pd-user_6864349
pd-user_3753682
pd-user_4108171
pd-user_3018047
pd-user_8151708
pd-user_7767083
pd-user_3111340
pd-user_2312536
pd-user_5900834
pd-user_5146817
pd-user_1399349
pd-user_1867308
pd-user_6569945
pd-user_6311046
pd-user_5715579
pd-user_7416695
pd-user_5972644
pd-user_2670317
pd-user_4522765
pd-user_4270928
pd-user_5146084
pd-user_881295
pd-user_4500076
pd-user_7888984
pd-user_6403623
pd-user_4695570
pd-user_2884997
pd-user_1880801
pd-user_371701
pd-user_9342025
pd-user_503245
pd-user_3141966
pd-user_8259941
pd-user_7516073
pd-user_9097642
pd-user_9045717
pd-user_7578581
pd-user_2954851
pd-user_5810324
pd-user_6621246
pd-user_97733
pd-user_3733729
pd-user_9875122
pd-user_2348420
pd-user_5281823
pd-user_7949931
pd-user_9818617
pd-user_5087950
pd-user_8836251
pd-user_3086454
pd-user_3888993
pd-user_7718465
pd-user_2320112
pd-user_6431552
pd-user_6395282
pd-user_7380782
pd-user_401738
pd-user_6697705
pd-user_1299972
pd-user_8296735
pd-user_374994
pd-user_887679
pd-user_449741
pd-user_9842661
pd-user_5739196
pd-user_9716926
pd-user_2394094
pd-user_1140813
pd-user_8736959
pd-user_7655244
pd-user_5077895
pd-user_5777279
pd-user_432267
pd-user_2485559
pd-user_7545415
pd-user_4197948
pd-user_5142101
pd-user_2960741
pd-user_8979671
pd-user_6729055
pd-user_3479286
pd-user_5641790
pd-user_7661739
pd-user_3887966
pd-user_5227756
pd-user_7321114
pd-user_92828
pd-user_9989700
pd-user_3566872
pd-user_9624825
pd-user_6324875
pd-user_7720687
pd-user_1421484
pd-user_2904550
pd-user_2495130
pd-user_9828575
pd-user_3363693
pd-user_3074016
pd-user_800017
pd-user_472385
pd-user_5395306
pd-user_7288150
pd-user_8683510
pd-user_8871109
pd-user_6446208
pd-user_9491726
pd-user_4380262
pd-user_4619371
pd-user_5366441
pd-user_26722
pd-user_8874743
pd-user_1071779
pd-user_4922110
pd-user_1774392
pd-user_6021475
pd-user_4541765
pd-user_230164
pd-user_179460
pd-user_8276693
pd-user_3701948
pd-user_5095387
pd-user_7794661
pd-user_5613106
pd-user_5229005
pd-user_2838586
pd-user_1431748
pd-user_2625982
pd-user_5823263
pd-user_5377666
pd-user_5279577
pd-user_6344802
pd-user_1321583
pd-user_215839
pd-user_8138384
pd-user_4706542
pd-user_3574117
pd-user_173157
pd-user_1369735
pd-user_7115419
pd-user_1737537
pd-user_4251226
pd-user_3773541
pd-user_2598453
pd-user_5464160
pd-user_3469843
pd-user_6811319
pd-user_8861230
pd-user_705685
pd-user_246911
pd-user_7394672
pd-user_7132727
pd-user_1035692
pd-user_3375507
pd-user_7536351
pd-user_1139703
pd-user_3167727
pd-user_24366
pd-user_9549378
pd-user_7921945
pd-user_8728930
pd-user_8850931
pd-user_2161917
pd-user_6857783
pd-user_5996937
pd-user_8209243
pd-user_1070659
pd-user_7756665
pd-user_3970903
pd-user_3266098
pd-user_2854189
pd-user_254208
pd-user_4562301
pd-user_8038979
pd-user_3096782
pd-user_3699002
pd-user_5244250
pd-user_3526527
pd-user_1202479
pd-user_4031061
pd-user_7844258
pd-user_1292349
pd-user_5893454
pd-user_8177672
pd-user_8428210
pd-user_2374310
pd-user_903558
pd-user_4172219
pd-user_9298172
pd-user_5127384
pd-user_9130268
pd-user_9302796
pd-user_256513
pd-user_2882176
pd-user_2367868
pd-user_9083392
pd-user_1269039
pd-user_9976364
pd-user_2853618
pd-user_214655
pd-user_9704572
pd-user_847592
pd-user_5087020
pd-user_8814962
pd-user_8852015
pd-user_817173
pd-user_7009748
pd-user_1564352
pd-user_8407898
pd-user_6762533
pd-user_5046753
pd-user_5435807
pd-user_7920109
pd-user_5566769
pd-user_5535665
pd-user_7336160
pd-user_2482073
pd-user_6852789
pd-user_1166033
pd-user_1857640
pd-user_9544009
pd-user_1628035
pd-user_7782175
pd-user_7675735
pd-user_6795437
pd-user_779961
pd-user_5133314
pd-user_9305213
pd-user_8651863
pd-user_2849327
pd-user_1853567
pd-user_5056117
pd-user_831706
pd-user_3463793
pd-user_5940019
pd-user_8529827
pd-user_5700901
pd-user_3626337
pd-user_7229447
pd-user_8150647
pd-user_5490917
pd-user_6764280
pd-user_7622152
pd-user_6799975
pd-user_1059450
pd-user_4367355
pd-user_493729
pd-user_3593466
pd-user_4674958
pd-user_6208756
pd-user_5583617
pd-user_7159139
pd-user_3552889
pd-user_496342
pd-user_3853668
pd-user_648669
pd-user_1524905
pd-user_109397
pd-user_7578422
pd-user_6334436
pd-user_7296299
pd-user_9154549
pd-user_1531302
pd-user_8409625
pd-user_4954216
pd-user_6224291
pd-user_2815109
pd-user_8634235
pd-user_3780347
pd-user_9620417
pd-user_1442469
pd-user_5604416
pd-user_502879
pd-user_2054547
pd-user_5386943
pd-user_3876389
pd-user_7370470
pd-user_3976700
pd-user_7841560
pd-user_9056117
pd-user_2243612
pd-user_1431967
pd-user_7229537
pd-user_2676032
pd-user_6117704
pd-user_335676
pd-user_6667072
pd-user_2606766
pd-user_4228953
pd-user_8267553
pd-user_668129
pd-user_9386401
pd-user_9054802
pd-user_4484530
pd-user_2312991
pd-user_919051
pd-user_8958225
pd-user_6321410
pd-user_173519
pd-user_9296266
pd-user_5687660
pd-user_9416461
pd-user_6960653
pd-user_5841035
pd-user_4545469
pd-user_448781
pd-user_8659358
pd-user_2873380
pd-user_4128001
pd-user_3230936
pd-user_9345983
pd-user_5448483
pd-user_272747
pd-user_8457291
pd-user_7784012
pd-user_7096992
pd-user_3636319
pd-user_4198907
pd-user_6799689
pd-user_8856957
pd-user_1184405
pd-user_5266226
pd-user_7648326
pd-user_8480987
pd-user_2638691
pd-user_3030834
pd-user_2274031
pd-user_2197304
pd-user_526670
pd-user_1339218
pd-user_8275792
pd-user_4852989
pd-user_1905970
pd-user_3965189
pd-user_3658780
pd-user_9515002
pd-user_8632593
pd-user_9575261
pd-user_1077948
pd-user_4090187
pd-user_1422916
pd-user_5697610
pd-user_7466923
pd-user_1803899
pd-user_4113892
pd-user_5610576
pd-user_5555331
pd-user_1812605
pd-user_1124665
pd-user_9464407
pd-user_4426200
pd-user_4284279
pd-user_9798035
pd-user_7069072
pd-user_1804629
pd-user_4325865
pd-user_1526380
pd-user_4413174
pd-user_5357993
pd-user_3496171
pd-user_8471019
pd-user_3416594
pd-user_7245188
pd-user_8878577
pd-user_261108
pd-user_5758156
pd-user_2711924
pd-user_8787458
pd-user_789581
pd-user_2179258
pd-user_5432325
pd-user_7373062
pd-user_5020829
pd-user_4481116
pd-user_6045190
pd-user_952892
pd-user_9698746
pd-user_6528175
pd-user_1524900
pd-user_4079896
pd-user_5681397
pd-user_7412056
pd-user_1146862
pd-user_2369290
pd-user_2969511
pd-user_5107121
pd-user_9916839
pd-user_5632464
pd-user_5624737
pd-user_9620634
pd-user_3442109
pd-user_1128391
pd-user_8757753
pd-user_4323872
pd-user_2281575
pd-user_6418294
pd-user_4865158
pd-user_6722139
pd-user_5354068
pd-user_2918476
pd-user_2644125
pd-user_837571
pd-user_9119680
pd-user_4758954
pd-user_398143
pd-user_9864887
pd-user_8216836
pd-user_3031935
pd-user_9207999
pd-user_1501631
pd-user_8284110
pd-user_9564678
pd-user_1411559
pd-user_9934691
pd-user_9369199
pd-user_1553461
pd-user_2804282
pd-user_8482963
pd-user_9054758
pd-user_3120232
pd-user_7843657
pd-user_9137162
pd-user_7479079
pd-user_8619909
pd-user_3039365
pd-user_4827973
pd-user_5445522
pd-user_8590430
pd-user_4534533
pd-user_9734469
pd-user_8788346
pd-user_8881853
pd-user_9657195
pd-user_3692223
pd-user_4345222
pd-user_610891
pd-user_2730193
pd-user_481107
pd-user_6696309
pd-user_1156571
pd-user_4628472
pd-user_1013847
pd-user_5547720
pd-user_8387148
pd-user_7633880
pd-user_2857963
pd-user_1399307
pd-user_7337924
pd-user_5119101
pd-user_1267285
pd-user_1335518
pd-user_1096788
pd-user_2623243
pd-user_2218176
pd-user_467132
pd-user_3279420
pd-user_3494585
pd-user_5112986
pd-user_5122983
pd-user_1404991
pd-user_5671676
pd-user_8063525
pd-user_7091092
pd-user_9218670
pd-user_2257482
pd-user_8453294
pd-user_6509186
pd-user_6100970
pd-user_716820
pd-user_3604474
pd-user_3175011
pd-user_3997725
pd-user_8573782
pd-user_7565159
pd-user_6013491
pd-user_1215490
pd-user_7367065
pd-user_2741874
pd-user_2914106
pd-user_2477349
pd-user_9028237
pd-user_1308803
pd-user_2964757
pd-user_9834568
pd-user_674609
pd-user_2415149
pd-user_6361964
pd-user_6670971
pd-user_9288597
pd-user_8348491
pd-user_525439
pd-user_8420989
pd-user_508778
pd-user_1068719
pd-user_2257643
pd-user_4545897
pd-user_4008719
pd-user_6175987
pd-user_5238553
pd-user_1232052
pd-user_9594791
pd-user_6876516
pd-user_6705876
pd-user_7820088
pd-user_1288509
pd-user_6352596
pd-user_631741
pd-user_4879723
pd-user_5613289
pd-user_3938883
pd-user_7242763
pd-user_235215
pd-user_9327487
pd-user_6073404
pd-user_3655945
pd-user_2189407
pd-user_1844298
pd-user_9616753
pd-user_1607953
pd-user_7025511
pd-user_2892219
pd-user_3767384
pd-user_1151889
pd-user_2005707
pd-user_7751583
pd-user_2604288
pd-user_8620736
pd-user_5072301
pd-user_23847
pd-user_7506602
pd-user_4065407
pd-user_4635393
pd-user_127239
pd-user_7946214
pd-user_1400441
pd-user_8382335
pd-user_8077350
pd-user_9941812
pd-user_1855356
pd-user_4106754
pd-user_3602279
pd-user_7651691
pd-user_6254615
pd-user_3233355
pd-user_3977431
pd-user_2971616
pd-user_4513483
pd-user_3404126
pd-user_2593182
pd-user_6527096
pd-user_4590561
pd-user_562476
pd-user_7253056
pd-user_5643753
pd-user_8614572
pd-user_9402977
pd-user_5451451
pd-user_3603593
pd-user_5120393
pd-user_1868868
pd-user_6715977
pd-user_1983942
pd-user_6206495
pd-user_5100149
pd-user_8085508
pd-user_9864602
pd-user_8931481
pd-user_6874953
pd-user_433534
pd-user_3422633
pd-user_4715326
pd-user_3125391
pd-user_2572915
pd-user_4391260
pd-user_2086460
pd-user_6986428
pd-user_3366895
pd-user_5959572
pd-user_1524300
pd-user_1839169
pd-user_1524425
pd-user_6210807
pd-user_6252958
pd-user_2537503
pd-user_9498001
pd-user_7206015
pd-user_3448990
pd-user_9187826
pd-user_7890146
pd-user_1259841
pd-user_345400
pd-user_5363937
pd-user_374282
pd-user_9266355
pd-user_1257148
pd-user_6383637
pd-user_5147526
pd-user_3141043
pd-user_8827968
pd-user_5372901
pd-user_7347419
pd-user_526243
pd-user_8723570
pd-user_5027206
pd-user_977600
pd-user_8992888
pd-user_9675207
pd-user_980251
pd-user_2725271
pd-user_480545
pd-user_6258043
pd-user_2154787
pd-user_8001030
pd-user_5748837
pd-user_2837888
pd-user_2614101
pd-user_1187026
pd-user_5671848
pd-user_2140393
pd-user_229631
pd-user_4102241
pd-user_6706254
pd-user_4711561
pd-user_8802493
pd-user_189164
pd-user_918693
pd-user_4943458
pd-user_4658651
pd-user_5845535
pd-user_9073169
pd-user_107065
pd-user_6416515
pd-user_9745895
pd-user_6123734
pd-user_2904926
pd-user_3916074
pd-user_9678499
pd-user_6475043
pd-user_3766439
pd-user_7785382
pd-user_6045653
pd-user_8659704
pd-user_9941214
pd-user_7817199
pd-user_9608305
pd-user_6886894
pd-user_2347154
pd-user_1092820
pd-user_8400284
pd-user_4822130
pd-user_5054453
pd-user_8834365
pd-user_2436818
pd-user_9690337
pd-user_9869584
pd-user_5515893
pd-user_3566437
pd-user_2861678
pd-user_9614478
pd-user_3292533
pd-user_1428788
pd-user_48364
pd-user_6270143
pd-user_2771830
pd-user_4321005
pd-user_8158546
pd-user_1973139
pd-user_965597
pd-user_301595
pd-user_9340643
pd-user_8912758
pd-user_5862053
pd-user_3663962
pd-user_1819804
pd-user_6580300
pd-user_8962132
pd-user_2555091
pd-user_7162779
pd-user_5183221
pd-user_3308541
pd-user_4722475
pd-user_8300195
pd-user_7435754
pd-user_2765022
pd-user_2791598
pd-user_2626843
pd-user_5543414
pd-user_547084
pd-user_8919670
pd-user_9802933
pd-user_8272763
pd-user_1435306
pd-user_6023264
pd-user_240815
pd-user_8273347
pd-user_362480
pd-user_5765750
pd-user_551494
pd-user_3419145
pd-user_689652
pd-user_2414325
pd-user_9733482
pd-user_5898206
pd-user_2847131
pd-user_2730594
pd-user_9846506
pd-user_8723427
pd-user_6725470
pd-user_4660145
pd-user_7806582
pd-user_2058776
pd-user_6463081
pd-user_3084354
pd-user_5444294
pd-user_2724738
pd-user_5308975
pd-user_4192313
pd-user_1155656
pd-user_4576897
pd-user_2252081
pd-user_4555166
pd-user_8555571
pd-user_2074731
pd-user_4470869
pd-user_8917808
pd-user_9324704
pd-user_8079633
pd-user_714120
pd-user_9963164
pd-user_6545449
pd-user_9981072
pd-user_8081665
pd-user_8802457
pd-user_8953733
pd-user_9654415
pd-user_4776045
pd-user_8330203
pd-user_2676500
pd-user_7561709
pd-user_1513874
pd-user_4342186
pd-user_7288060
pd-user_242722
pd-user_407239
pd-user_8710391
pd-user_1075769
pd-user_515943
pd-user_3986830
pd-user_6751283
pd-user_5373445
pd-user_542550
pd-user_6744680
pd-user_6096496
pd-user_7762044
pd-user_1397273
pd-user_3808955
pd-user_2440702
pd-user_9181147
pd-user_8378622
pd-user_410824
pd-user_8813205
pd-user_5673479
pd-user_130633
pd-user_1286003
pd-user_3222975
pd-user_1327439
pd-user_5360539
pd-user_5482145
pd-user_1548287
pd-user_4591110
pd-user_6340815
pd-user_2744946
pd-user_6514588
pd-user_4743021
pd-user_9094317
pd-user_380697
pd-user_6727144
pd-user_3196563
pd-user_9140304
pd-user_9190938
pd-user_1402447
pd-user_9789002
pd-user_2677671
pd-user_2952895
pd-user_6022749
pd-user_9130344
pd-user_430090
pd-user_334263
pd-user_7367347
pd-user_7845012
pd-user_8953523
pd-user_7674852
pd-user_2639453
pd-user_5127139
pd-user_20841
pd-user_2589282
pd-user_3493356
pd-user_9540967
pd-user_1461117
pd-user_5790119
pd-user_110831
pd-user_9583190
pd-user_6870109
pd-user_5329382
pd-user_2311283
pd-user_1847985
pd-user_142177
pd-user_6083824
pd-user_2407073
pd-user_6507319
pd-user_1759821
pd-user_6838315
pd-user_257417
pd-user_6459734
pd-user_7317709
pd-user_5114156
pd-user_9225688
pd-user_3712133
pd-user_4491513
pd-user_3859964
pd-user_1348110
pd-user_3262687
pd-user_9577372
pd-user_4082232
pd-user_4644567
pd-user_4656077
pd-user_3978480
pd-user_6039192
pd-user_9934857
pd-user_8207300
pd-user_3941997
pd-user_8299497
pd-user_6374302
pd-user_4541301
pd-user_1994424
pd-user_4255838
pd-user_2986128
pd-user_3343179
pd-user_8689013
pd-user_9826291
pd-user_2525649
pd-user_3561051
pd-user_8235587
pd-user_4648218
pd-user_2734396
pd-user_7838972
pd-user_6357552
pd-user_7553167
pd-user_1979639
pd-user_7965749
pd-user_2874091
pd-user_7733756
pd-user_6691944
pd-user_5702463
pd-user_471656
pd-user_4794113
pd-user_3736279
pd-user_7806676
pd-user_5101362
pd-user_1856663
pd-user_2206317
pd-user_523734
pd-user_657081
pd-user_5835955
pd-user_4315573
pd-user_7125247
pd-user_189035
pd-user_2248574
pd-user_5619647
pd-user_740504
pd-user_5613165
pd-user_3845348
pd-user_7691716
pd-user_9947316
pd-user_5560020
pd-user_1852130
pd-user_835835
pd-user_2330973
pd-user_4183783
pd-user_4541587
pd-user_2206860
pd-user_2556146
pd-user_1947516
pd-user_4095738
pd-user_9737332
pd-user_4970492
pd-user_3745375
pd-user_1872690
pd-user_5618505
pd-user_2623061
pd-user_8676182
pd-user_3426801
pd-user_6552472
pd-user_817946
pd-user_7704924
pd-user_4839777
pd-user_7332404
pd-user_2446132
pd-user_589158
pd-user_5713802
pd-user_9582534
pd-user_4894321
pd-user_7231120
pd-user_3389716
pd-user_3275277
pd-user_6389924
pd-user_8790042
pd-user_8811983
pd-user_7517537
pd-user_3157315
pd-user_5846650
pd-user_5001270
pd-user_26788
pd-user_1037903
pd-user_7035308
pd-user_8386759
pd-user_4940022
pd-user_4266375
pd-user_7643364
pd-user_3208140
pd-user_473992
pd-user_6245089
pd-user_7065659
pd-user_8382474
pd-user_7172273
pd-user_1275547
pd-user_2988469
pd-user_2728831
pd-user_1953099
pd-user_5435044
pd-user_1565777
pd-user_3691842
pd-user_2472255
pd-user_7568640
pd-user_6728187
pd-user_3562052
pd-user_7219132
pd-user_522610
pd-user_362983
pd-user_9876265
pd-user_1679335
pd-user_2089909
pd-user_9858223
pd-user_2916503
pd-user_2779586
pd-user_1462176
pd-user_9843288
pd-user_7208944
pd-user_8093444
pd-user_3675320
pd-user_636129
pd-user_1687456
pd-user_509269
pd-user_4031452
pd-user_750073
pd-user_9077359
pd-user_7031937
pd-user_1804813
pd-user_3749098
pd-user_6290937
pd-user_1898273
pd-user_9263263
pd-user_9487493
pd-user_5398993
pd-user_7882135
pd-user_3455400
pd-user_7257889
pd-user_7897554
pd-user_2451435
pd-user_4381187
pd-user_6076194
pd-user_2649101
pd-user_2879690
pd-user_2521654
pd-user_7823129
pd-user_2495421
pd-user_1133472
pd-user_522735
pd-user_1135056
pd-user_8555632
pd-user_5795446
pd-user_3223391
pd-user_6985601
pd-user_776999
pd-user_3467091
pd-user_2943496
pd-user_3264422
pd-user_4969074
pd-user_6734573
pd-user_9556549
pd-user_8871637
pd-user_6558249
pd-user_804973
pd-user_8431097
pd-user_4198432
pd-user_7270742
pd-user_3710969
pd-user_6483142
pd-user_3938522
pd-user_518542
pd-user_7939857
pd-user_9142816
pd-user_6271920
pd-user_9781094
pd-user_6919596
pd-user_4087029
pd-user_6250500
pd-user_5308830
pd-user_6838634
pd-user_403965
pd-user_5687859
pd-user_752538
pd-user_1701801
pd-user_9182520
pd-user_994657
pd-user_419965
pd-user_4853251
pd-user_7899832
pd-user_7396347
pd-user_7620251
pd-user_8053103
pd-user_4362635
pd-user_3870571
pd-user_8181941
pd-user_5272574
pd-user_6409835
pd-user_9191225
pd-user_564336
pd-user_9099417
pd-user_8505054
pd-user_6246237
pd-user_6253836
pd-user_1598120
pd-user_5198574
pd-user_8690802
pd-user_1602744
pd-user_5095091
pd-user_2591051
pd-user_4432360
pd-user_7402130
pd-user_1073986
pd-user_6966477
pd-user_8026354
pd-user_9145085
pd-user_6983464
pd-user_9244649
pd-user_8447072
pd-user_1239883
pd-user_3967185
pd-user_7009332
pd-user_8918427
pd-user_7937726
pd-user_1861747
pd-user_1736923
pd-user_9720432
pd-user_8332960
pd-user_9623755
pd-user_6426363
pd-user_2475546
pd-user_9828714
pd-user_9941146
pd-user_4808811
pd-user_1411345
pd-user_6452307
pd-user_9369129
pd-user_6705210
pd-user_8072562
pd-user_5737842
pd-user_9415161
pd-user_686987
pd-user_7292880
pd-user_5067089
pd-user_7030367
pd-user_4653720
pd-user_2293088
pd-user_8541704
pd-user_399451
pd-user_3641817
pd-user_2267022
pd-user_7502579
pd-user_6985201
pd-user_1538250
pd-user_9913117
pd-user_4672550
pd-user_8007922
pd-user_8066932
pd-user_3316108
pd-user_2352986
pd-user_7652974
pd-user_2428654
pd-user_7071463
pd-user_2733073
pd-user_2341462
pd-user_7028433
pd-user_4348333
pd-user_3931481
pd-user_9882453
pd-user_1752536
pd-user_8331681
pd-user_3212562
pd-user_892868
pd-user_9751463
pd-user_9046879
pd-user_9349273
pd-user_339565
pd-user_8972678
pd-user_6528070
pd-user_2086994
pd-user_6252164
pd-user_6042683
pd-user_4781275
pd-user_9361649
pd-user_2752145
pd-user_9578469
pd-user_5207165
pd-user_1235172
pd-user_1955889
pd-user_6393811
pd-user_1399354
pd-user_8857252
pd-user_3858489
pd-user_363449
pd-user_6077104
pd-user_5288053
pd-user_2043809
pd-user_4758192
pd-user_2455111
pd-user_7075332
pd-user_5447828
pd-user_1998172
pd-user_9618378
pd-user_4016092
pd-user_5857347
pd-user_5196796
pd-user_6950050
pd-user_5851787
pd-user_8622599
pd-user_1994082
pd-user_5271809
pd-user_2945101
pd-user_7220172
pd-user_7610256
pd-user_8064139
pd-user_6270427
pd-user_182894
pd-user_1740593
pd-user_415075
pd-user_1780437
pd-user_3101462
pd-user_2311630
pd-user_1069054
pd-user_135180
pd-user_5260582
pd-user_4077797
pd-user_5463306
pd-user_6623466
pd-user_4993865
pd-user_5012204
pd-user_9361803
pd-user_5628035
pd-user_6355377
pd-user_2687835
pd-user_9458745
pd-user_4443193
pd-user_5378902
pd-user_6539609
pd-user_8171286
pd-user_8081653
pd-user_9566316
pd-user_261897
pd-user_7020315
pd-user_9929331
pd-user_8830508
pd-user_5320080
pd-user_5846345
pd-user_4861223
pd-user_7092969
pd-user_5527932
pd-user_4489315
pd-user_6776619
pd-user_9720345
pd-user_5212608
pd-user_3204418
pd-user_6683111
pd-user_5509552
pd-user_3875085
pd-user_9754143
pd-user_3692925
pd-user_7338773
pd-user_9717729
pd-user_5140695
pd-user_6831523
pd-user_8469911
pd-user_77272
pd-user_5327747
pd-user_7594544
pd-user_3853181
pd-user_5781599
pd-user_4732589
pd-user_4611180
pd-user_3985977
pd-user_903524
pd-user_7842445
pd-user_6769146
pd-user_8881264
pd-user_374928
pd-user_6803302
pd-user_8995161
pd-user_9194798
pd-user_2279611
pd-user_4196395
pd-user_8365812
pd-user_7019050
pd-user_5559421
pd-user_8507849
pd-user_7399378
pd-user_9942597
pd-user_6012589
pd-user_3201852
pd-user_1964220
pd-user_4045180
pd-user_8690575
pd-user_9577169
pd-user_8146114
pd-user_8459004
pd-user_3374686
pd-user_7423616
pd-user_6320979
pd-user_532285
pd-user_1362245
pd-user_6925139
pd-user_1239354
pd-user_5241113
pd-user_4719868
pd-user_6507737
pd-user_3995054
pd-user_2610558
pd-user_8596571
pd-user_3220560
pd-user_1121786
pd-user_1733447
pd-user_9436413
pd-user_4585443
pd-user_3549207
pd-user_9107549
pd-user_6945530
pd-user_379089
pd-user_1683614
pd-user_6075706
pd-user_386739
pd-user_3233375
pd-user_2428185
pd-user_9671197
pd-user_1685559
pd-user_740830
pd-user_1299885
pd-user_4095015
pd-user_2095766
pd-user_5395058
pd-user_9073709
pd-user_9532361
pd-user_7848382
pd-user_8958884
pd-user_8332790
pd-user_9664538
pd-user_8381865
pd-user_4817774
pd-user_1271806
pd-user_3259910
pd-user_3011655
pd-user_5706439
pd-user_133283
pd-user_498892
pd-user_7015616
pd-user_9540721
pd-user_9780206
pd-user_3068603
pd-user_9659991
pd-user_6346797
pd-user_8553771
pd-user_7606166
pd-user_1587164
pd-user_2524088
pd-user_8635856
pd-user_2245677
pd-user_629171
pd-user_2627639
pd-user_5392548
pd-user_45935
pd-user_7614766
pd-user_8673225
pd-user_1170179
pd-user_5802512
pd-user_6000257
pd-user_5430542
pd-user_5179188
pd-user_8335477
pd-user_1650077
pd-user_5205083
pd-user_9075353
pd-user_4469772
pd-user_3773618
pd-user_6554764
pd-user_3524009
pd-user_665908
pd-user_4252158
pd-user_7784459
pd-user_5889566
pd-user_6690393
pd-user_7659864
pd-user_9424583
pd-user_2479047
pd-user_3930429
pd-user_1442920
pd-user_1406185
pd-user_912910
pd-user_6418723
pd-user_352524
pd-user_8194759
pd-user_8835044
pd-user_7166375
pd-user_2486282
pd-user_4111125
pd-user_7909577
pd-user_5019106
pd-user_1679086
pd-user_2715024
pd-user_3006433
pd-user_2082554
pd-user_1240819
pd-user_9164558
pd-user_7735023
pd-user_8782286
pd-user_1102698
pd-user_5724544
pd-user_8032359
pd-user_8749584
pd-user_6718852
pd-user_2484524
pd-user_5760882
pd-user_119882
pd-user_3826193
pd-user_4281313
pd-user_1368612
pd-user_1139999
pd-user_4392646
pd-user_737353
pd-user_1103081
pd-user_902913
pd-user_7128433
pd-user_9581762
pd-user_7589462
pd-user_4623578
pd-user_6558879
pd-user_7960896
pd-user_5096411
pd-user_6534258
pd-user_9348899
pd-user_100872
pd-user_356617
pd-user_7277351
pd-user_921938
pd-user_5404067
pd-user_8539232
pd-user_22266
pd-user_9017379
pd-user_2207522
pd-user_4832001
pd-user_937459
pd-user_8293233
pd-user_1359688
pd-user_5409135
pd-user_7490740
pd-user_9916077
pd-user_3063076
pd-user_7101614
pd-user_9510849
pd-user_6455086
pd-user_6936447
pd-user_3779328
pd-user_1427251
pd-user_5366707
pd-user_5740272
pd-user_5957657
pd-user_7149594
pd-user_9593171
pd-user_1444290
pd-user_3260263
pd-user_6268904
pd-user_5924564
pd-user_6361735
pd-user_7769587
pd-user_217796
pd-user_2076975
pd-user_3725008
pd-user_4173748
pd-user_9033834
pd-user_9481284
pd-user_9947456
pd-user_6754454
pd-user_4576035
pd-user_6712464
pd-user_7821399
pd-user_3082980
pd-user_4639015
pd-user_1505903
pd-user_4612912
pd-user_7058338
pd-user_2118542
pd-user_7486434
pd-user_4215188
pd-user_5309846
pd-user_5071718
pd-user_7640481
pd-user_9873052
pd-user_1169524
pd-user_9118242
pd-user_5747282
pd-user_6286326
pd-user_6281311
pd-user_758539
pd-user_5618477
pd-user_6735682
pd-user_1376761
pd-user_3580310
pd-user_9949503
pd-user_6393477
pd-user_9736246
pd-user_1530234
pd-user_4183523
pd-user_8147282
pd-user_970542
pd-user_3021353
pd-user_3359097
pd-user_5506170
pd-user_4657595
pd-user_4373327
pd-user_6577088
pd-user_1489118
pd-user_9370733
pd-user_1123880
pd-user_9946723
pd-user_2475606
pd-user_2833850
pd-user_7128259
pd-user_9449450
pd-user_8644595
pd-user_6382333
pd-user_9522833
pd-user_1437786
pd-user_993893
pd-user_4077796
pd-user_438073
pd-user_9426039
pd-user_7120476
pd-user_919909
pd-user_53504
pd-user_2758394
pd-user_3929267
pd-user_3389082
pd-user_5939994
pd-user_5128219
pd-user_650492
pd-user_5018397
pd-user_4175634
pd-user_5084452
pd-user_1273207
pd-user_3164274
pd-user_5268621
pd-user_5703252
pd-user_732752
pd-user_2509134
pd-user_8466917
pd-user_9455503
pd-user_995654
pd-user_8299566
pd-user_128780
pd-user_3937242
pd-user_3089119
pd-user_4317196
pd-user_7437270
pd-user_6819023
pd-user_7756349
pd-user_7320586
pd-user_5752502
pd-user_4220464
pd-user_764762
pd-user_7105933
pd-user_2948194
pd-user_1311639
pd-user_1782244
pd-user_3189368
pd-user_4394361
pd-user_1992407
pd-user_2741902
pd-user_4008067
pd-user_6366831
pd-user_3373468
pd-user_5812025
pd-user_3577716
pd-user_8313481
pd-user_1963618
pd-user_7778066
pd-user_9892203
pd-user_8318872
pd-user_2904977
pd-user_5962606
pd-user_2594495
pd-user_7308574
pd-user_3404512
pd-user_886131
pd-user_3648178
pd-user_2585486
pd-user_5655338
pd-user_8202415
pd-user_3867506
pd-user_4495915
pd-user_3348801
pd-user_6908250
pd-user_3396078
pd-user_9443678
pd-user_8547899
pd-user_8549513
pd-user_3403972
pd-user_2471364
pd-user_5734988
pd-user_3146926
pd-user_2259454
pd-user_3077570
pd-user_7599250
pd-user_9314339
pd-user_9653154
pd-user_4280603
pd-user_5404658
pd-user_688129
pd-user_8304194
pd-user_8764843
pd-user_2939876
pd-user_11859
pd-user_4895380
pd-user_160565
pd-user_153757
pd-user_891960
pd-user_7722595
pd-user_4286586
pd-user_2064460
pd-user_3349358
pd-user_125046
pd-user_6706835
pd-user_3268778
pd-user_7950836
pd-user_5678645
pd-user_5624865
pd-user_3122545
pd-user_4116686
pd-user_7447521
pd-user_5022374
pd-user_5935269
pd-user_2184171
pd-user_8006417
pd-user_6144723
pd-user_2909291
pd-user_7875057
pd-user_4735588
pd-user_6823739
pd-user_1573334
pd-user_8328107
pd-user_3130289
pd-user_729049
pd-user_1921509
pd-user_5323070
pd-user_5752676
pd-user_7067151
pd-user_5431291
pd-user_2811818
pd-user_4907718
pd-user_6380728
pd-user_3668385
pd-user_519248
pd-user_9915688
pd-user_4707606
pd-user_8900449
pd-user_6167777
pd-user_770757
pd-user_2846795
pd-user_4258106
pd-user_9329879
pd-user_2726042
pd-user_5301181
pd-user_7567090
pd-user_7093494
pd-user_861332
pd-user_9736012
pd-user_4682868
pd-user_701628
pd-user_3731611
pd-user_472620
pd-user_3754715
pd-user_9238017
pd-user_2175301
pd-user_3470068
pd-user_595804
pd-user_6461488
pd-user_7546475
pd-user_8143574
pd-user_9505681
pd-user_119473
pd-user_7034392
pd-user_273819
pd-user_9628001
pd-user_1702385
pd-user_6027917
pd-user_1119567
pd-user_8304361
pd-user_5347993
pd-user_3934064
pd-user_8689064
pd-user_5934398
pd-user_8512421
pd-user_6482121
pd-user_2645514
pd-user_961920
pd-user_750407
pd-user_1627855
pd-user_5133139
pd-user_8018185
pd-user_8297032
pd-user_1660807
pd-user_2183954
pd-user_4803348
pd-user_9225950
pd-user_5553490
pd-user_779445
pd-user_6839461
pd-user_5319576
pd-user_6072680
pd-user_2027632
pd-user_2553897
pd-user_8654181
pd-user_9269935
pd-user_6503878
pd-user_2916484
pd-user_5184391
pd-user_575547
pd-user_5711666
pd-user_1269825
pd-user_7031303
pd-user_6229391
pd-user_6410106
pd-user_1296714
pd-user_2902746
pd-user_7026820
pd-user_2337805
pd-user_3211657
pd-user_235235
pd-user_9137356
pd-user_5499162
pd-user_8326460
pd-user_7996795
pd-user_1634462
pd-user_9410862
pd-user_6584613
pd-user_2158028
pd-user_5009105
pd-user_8649966
pd-user_7289595
pd-user_6337959
pd-user_7473143
pd-user_6924689
pd-user_4497186
pd-user_9918438
pd-user_5161893
pd-user_5160143
pd-user_560944
pd-user_8480336
pd-user_8714582
pd-user_3377258
pd-user_6137363
pd-user_2044464
pd-user_3732448
pd-user_7484104
pd-user_792705
pd-user_3825699
pd-user_3026199
pd-user_5660438
pd-user_6231827
pd-user_4653268
pd-user_788476
pd-user_136841
pd-user_9377378
pd-user_1298607
pd-user_8707991
pd-user_3943563
pd-user_1743706
pd-user_6274531
pd-user_5234703
pd-user_7625327
pd-user_3183759
pd-user_2710049
pd-user_9510539
pd-user_5772733
pd-user_4979527
pd-user_6634878
pd-user_4861693
pd-user_210257
pd-user_4863915
pd-user_7958957
pd-user_4299957
pd-user_5690804
pd-user_6571395
pd-user_8683462
pd-user_4541826
pd-user_8497781
pd-user_6353568
pd-user_9128705
pd-user_4220730
pd-user_196113
pd-user_7651213
pd-user_7685851
pd-user_4893330
pd-user_1183467
pd-user_5231249
pd-user_5054410
pd-user_7501539
pd-user_5273544
pd-user_9976695
pd-user_9488604
pd-user_2098910
pd-user_9813266
pd-user_6978042
pd-user_2216422
pd-user_8166368
pd-user_3044161
pd-user_7920603
pd-user_9938991
pd-user_8243508
pd-user_1354064
pd-user_4836180
pd-user_1088603
pd-user_6445240
pd-user_4748743
pd-user_1209624
pd-user_4036002
pd-user_5117219
pd-user_5914218
pd-user_9835081
pd-user_2740538
pd-user_8071664
pd-user_6001832
pd-user_3051622
pd-user_4044537
pd-user_337230
pd-user_6220940
pd-user_2120940
pd-user_7288136
pd-user_3751365
pd-user_8407736
pd-user_4670869
pd-user_5216296
pd-user_9302219
pd-user_7251368
pd-user_1455801
pd-user_2604548
pd-user_4477531
pd-user_4489302
pd-user_9548978
pd-user_7569696
pd-user_606888
pd-user_5504575
pd-user_2960947
pd-user_2563377
pd-user_184349
pd-user_1508712
pd-user_7343288
pd-user_3830974
pd-user_4371298
pd-user_4342200
pd-user_1522364
pd-user_7768803
pd-user_7846057
pd-user_1721088
pd-user_9074633
pd-user_2268441
pd-user_4990807
pd-user_1973681
pd-user_4480783
pd-user_5846109
pd-user_8843042
pd-user_9162528
pd-user_7211069
pd-user_2574056
pd-user_7980581
pd-user_7363993
pd-user_9861697
pd-user_9227209
pd-user_6368086
pd-user_3596126
pd-user_6118897
pd-user_447009
pd-user_3447285
pd-user_1883532
pd-user_2769311
pd-user_9653618
pd-user_1408275
pd-user_2077236
pd-user_9597766
pd-user_5124453
pd-user_4418621
pd-user_6587539
pd-user_2724428
pd-user_9741998
pd-user_2307493
pd-user_4261449
pd-user_1284524
pd-user_3414390
pd-user_7101488
pd-user_5095409
pd-user_2301662
pd-user_919587
pd-user_2205345
pd-user_9132486
pd-user_6460577
pd-user_3792719
pd-user_7056143
pd-user_620972
pd-user_7998921
pd-user_681628
pd-user_1227644
pd-user_4401843
pd-user_4058313
pd-user_2996389
pd-user_6864918
pd-user_7930616
pd-user_3522695
pd-user_1922230
pd-user_918819
pd-user_1148180
pd-user_9431099
pd-user_2901192
pd-user_4905826
pd-user_2420891
pd-user_7831451
pd-user_3659861
pd-user_3923479
pd-user_7189427
pd-user_6685749
pd-user_8978317
pd-user_4301310
pd-user_5616682
pd-user_8537137
pd-user_9608845
pd-user_638217
pd-user_6042514
pd-user_6152456
pd-user_281433
pd-user_162041
pd-user_437321
pd-user_3398069
pd-user_7442742
pd-user_2927806
pd-user_5614504
pd-user_3077956
pd-user_1821859
pd-user_3569265
pd-user_2135891
pd-user_3824485
pd-user_5383126
pd-user_1807510
pd-user_4577142
pd-user_3532879
pd-user_8176204
pd-user_6250774
pd-user_8414948
pd-user_873803
pd-user_3792385
pd-user_9184026
pd-user_7944456
pd-user_533720
pd-user_3361589
pd-user_467373
pd-user_9875584
pd-user_1271414
pd-user_6986133
pd-user_1189957
pd-user_5780870
pd-user_148041
pd-user_1831236
pd-user_2280420
pd-user_3069654
pd-user_8773368
pd-user_9967983
pd-user_9538932
pd-user_4843478
pd-user_7551966
pd-user_2976139
pd-user_9817569
pd-user_8665262
pd-user_205516
pd-user_9857939
pd-user_3535987
pd-user_8522748
pd-user_7883242
pd-user_9673441
pd-user_2795498
pd-user_5905800
pd-user_4381956
pd-user_8229684
pd-user_115477
pd-user_1160053
pd-user_7236311
pd-user_7968186
pd-user_8990526
pd-user_1648808
pd-user_8040727
pd-user_6907504
pd-user_5674948
pd-user_8144375
pd-user_2835712
pd-user_3390402
pd-user_1098671
pd-user_8573313
pd-user_9277103
pd-user_7416832
pd-user_7029450
pd-user_9880956
pd-user_9845065
pd-user_8406047
pd-user_376609
pd-user_2814411
pd-user_4100122
pd-user_1141447
pd-user_8372642
pd-user_6925168
pd-user_9374551
pd-user_4922841
pd-user_8280734
pd-user_3753878
pd-user_3178373
pd-user_466940
pd-user_8743501
pd-user_342673
pd-user_4783965
pd-user_1245103
pd-user_129617
pd-user_3820718
pd-user_2581286
pd-user_7352200
pd-user_2211878
pd-user_411127
pd-user_3882312
pd-user_8847688
pd-user_2311950
pd-user_5469734
pd-user_907811
pd-user_4229103
pd-user_7132740
pd-user_8436034
pd-user_890170
pd-user_7099560
pd-user_5119771
pd-user_5892501
pd-user_9089116
pd-user_276185
pd-user_7734207
pd-user_1081399
pd-user_9243170
pd-user_8207596
pd-user_5784631
pd-user_8037861
pd-user_5606986
pd-user_1191262
pd-user_9192590
pd-user_8118374
pd-user_4911813
pd-user_2315172
pd-user_732890
pd-user_9074186
pd-user_2328052
pd-user_631126
pd-user_8817145
pd-user_5876102
pd-user_5230193
pd-user_3552431
pd-user_9731037
pd-user_6917786
pd-user_4602703
pd-user_4517247
pd-user_8152503
pd-user_3375031
pd-user_1878158
pd-user_7975414
pd-user_9068660
pd-user_7926833
pd-user_9658282
pd-user_1233076
pd-user_5951149
pd-user_9336652
pd-user_9999820
pd-user_5134658
pd-user_4437791
pd-user_700395
pd-user_8724784
pd-user_4576845
pd-user_4185851
pd-user_8170273
pd-user_8784959
pd-user_2003278
pd-user_9376702
pd-user_3186954
pd-user_8095314
pd-user_6744180
pd-user_7535308
pd-user_2532438
pd-user_8945621
pd-user_1065078
pd-user_6047796
pd-user_320596
pd-user_1781709
pd-user_8289182
pd-user_6387869
pd-user_5027019
pd-user_5681028
pd-user_9395048
pd-user_2815572
pd-user_7901627
pd-user_3203380
pd-user_6929650
pd-user_6425108
pd-user_7152605
pd-user_9240454
pd-user_583834
pd-user_2615232
pd-user_5086225
pd-user_5692034
pd-user_8500778
pd-user_8750234
pd-user_8735832
pd-user_816099
pd-user_6317885
pd-user_3665357
pd-user_4156790
pd-user_4983531
pd-user_3726668
pd-user_1306277
pd-user_6220409
pd-user_4842311
pd-user_949453
pd-user_3074419
pd-user_1121143
pd-user_5855032
pd-user_8764862
pd-user_5748216
pd-user_9575007
pd-user_4742451
pd-user_4252005
pd-user_3787288
pd-user_9836165
pd-user_8045365
pd-user_339869
pd-user_9719641
pd-user_7829886
pd-user_8791822
pd-user_2660916
pd-user_9552624
pd-user_9158489
pd-user_3892953
pd-user_9103544
pd-user_7179920
pd-user_5008187
pd-user_1401680
pd-user_679870
pd-user_6907102
pd-user_5149612
pd-user_6189389
pd-user_9960239
pd-user_3027419
pd-user_9962223
pd-user_1659735
pd-user_5948103
pd-user_9170486
pd-user_4757237
pd-user_2391074
pd-user_5088471
pd-user_8723372
pd-user_671794
pd-user_1974444
pd-user_5540747
pd-user_4385815
pd-user_9562608
pd-user_884837
pd-user_2172846
pd-user_9102961
pd-user_5443926
pd-user_1580141
pd-user_6572121
pd-user_5177766
pd-user_999360
pd-user_7233965
pd-user_4618166
pd-user_3870598
pd-user_3177348
pd-user_7004896
pd-user_5534345
pd-user_9201100
pd-user_1457142
pd-user_7457802
pd-user_5042513
pd-user_3813619
pd-user_126931
pd-user_3975097
pd-user_9599275
pd-user_8164543
pd-user_6884454
pd-user_4865479
pd-user_5156435
pd-user_2328593
pd-user_8381160
pd-user_7176573
pd-user_1007627
pd-user_7701386
pd-user_7586471
pd-user_1191547
pd-user_8677813
pd-user_8097266
pd-user_2957190
pd-user_837791
pd-user_9286739
pd-user_5635150
pd-user_6491931
pd-user_663019
pd-user_2014206
pd-user_5682363
pd-user_7241642
pd-user_3888479
pd-user_818028
pd-user_213509
pd-user_2077252
pd-user_8381593
pd-user_498771
pd-user_6295413
pd-user_8095410
pd-user_4262114
pd-user_4791786
pd-user_869861
pd-user_4780090
pd-user_8733032
pd-user_1424726
pd-user_7783483
pd-user_1656122
pd-user_6862970
pd-user_5424430
pd-user_4362795
pd-user_1248038
pd-user_6349795
pd-user_593528
pd-user_6012361
pd-user_7662741
pd-user_8668143
pd-user_3556834
pd-user_4017417
pd-user_5828786
pd-user_7535455
pd-user_2575051
pd-user_9252567
pd-user_5198952
pd-user_1861236
pd-user_9683312
pd-user_8405345
pd-user_3139086
pd-user_2106550
pd-user_1675360
pd-user_630762
pd-user_942343
pd-user_8156739
pd-user_7207074
pd-user_2415294
pd-user_8315345
pd-user_6890112
pd-user_6210241
pd-user_2294643
pd-user_2341516
pd-user_9780045
pd-user_1292960
pd-user_6141490
pd-user_6089254
pd-user_783534
pd-user_5025462
pd-user_3125828
pd-user_7301627
pd-user_305140
pd-user_4572358
pd-user_5395667
pd-user_8968482
pd-user_3051905
pd-user_7514458
pd-user_1202867
pd-user_2416076
pd-user_9316797
pd-user_8967522
pd-user_8322527
pd-user_2864348
pd-user_4559412
pd-user_2679209
pd-user_7990406
pd-user_6722214
pd-user_3447408
pd-user_61591
pd-user_2634907
pd-user_9136715
pd-user_9768962
pd-user_7335502
pd-user_1382593
pd-user_385135
pd-user_9559365
pd-user_1189740
pd-user_7008436
pd-user_7650329
pd-user_5729093
pd-user_4835053
pd-user_1454548
pd-user_6069120
pd-user_4951103
pd-user_6159487
pd-user_654273
pd-user_2454694
pd-user_8176457
pd-user_4437172
pd-user_5949592
pd-user_311745
pd-user_7129226
pd-user_7522739
pd-user_8175375
pd-user_5754237
pd-user_1262754
pd-user_9244885
pd-user_6263128
pd-user_116369
pd-user_3155422
pd-user_7387436
pd-user_8486288
pd-user_4394444
pd-user_6616630
pd-user_6631726
pd-user_9159995
pd-user_7041034
pd-user_1379313
pd-user_1731972
pd-user_9282105
pd-user_5774421
pd-user_6326128
pd-user_7863235
pd-user_8064011
pd-user_5841312
pd-user_4289992
pd-user_1016210
pd-user_1376641
pd-user_1527333
pd-user_6077918
pd-user_5230636
pd-user_4526477
pd-user_9940609
pd-user_5381524
pd-user_3991289
pd-user_2761022
pd-user_6351203
pd-user_4241242
pd-user_6988027
pd-user_1320032
pd-user_8461208
pd-user_945493
pd-user_9026676
pd-user_9464982
pd-user_1384140
pd-user_8904514
pd-user_2376612
pd-user_7068121
pd-user_8450480
pd-user_6653902
pd-user_8492729
pd-user_3510594
pd-user_6921447
pd-user_7995007
pd-user_9233991
pd-user_5217126
pd-user_3721787
pd-user_9592487
pd-user_5297470
pd-user_6193992
pd-user_1430703
pd-user_2549555
pd-user_5790980
pd-user_7316802
pd-user_9019591
pd-user_9484805
pd-user_1457643
pd-user_5996125
pd-user_3909856
pd-user_4164969
pd-user_8307647
pd-user_9006476
pd-user_1056268
pd-user_6254303
pd-user_6940762
pd-user_9883088
pd-user_9317872
pd-user_438510
pd-user_5586526
pd-user_9555195
pd-user_1872058
pd-user_1504550
pd-user_2103116
pd-user_4555240
pd-user_5301508
pd-user_8409897
pd-user_626714
pd-user_693967
pd-user_8037346
pd-user_3003470
pd-user_1484626
pd-user_2362242
pd-user_2847833
pd-user_402188
pd-user_3223721
pd-user_8682185
pd-user_9591285
pd-user_4508899
pd-user_3083287
pd-user_8572545
pd-user_8546699
pd-user_2338257
pd-user_9267305
pd-user_9129406
pd-user_1431048
pd-user_3395667
pd-user_6692653
pd-user_453138
pd-user_4240871
pd-user_2796970
pd-user_1379260
pd-user_1398881
pd-user_6459496
pd-user_3343858
pd-user_878101
pd-user_8679522
pd-user_9846380
pd-user_6101640
pd-user_1401962
pd-user_2438696
pd-user_135688
pd-user_8170958
pd-user_7228409
pd-user_7943362
pd-user_774182
pd-user_8128333
pd-user_3318853
pd-user_8788747
pd-user_5199991
pd-user_2122730
pd-user_4980688
pd-user_6346426
pd-user_951764
pd-user_284378
pd-user_3554612
pd-user_3463691
pd-user_5241922
pd-user_8895276
pd-user_4402635
pd-user_4104859
pd-user_2268919
pd-user_7966201
pd-user_314695
pd-user_1256546
pd-user_8561052
pd-user_2642274
pd-user_1579712
pd-user_7010321
pd-user_6029848
pd-user_4181728
pd-user_7388673
pd-user_3271936
pd-user_1359390
pd-user_2102495
pd-user_2148720
pd-user_3668967
pd-user_8094481
pd-user_9384539
pd-user_1369766
pd-user_9301448
pd-user_1450404
pd-user_8398889
pd-user_5419063
pd-user_8261822
pd-user_9588133
pd-user_4832754
pd-user_3336551
pd-user_3932484
pd-user_8631925
pd-user_3557582
pd-user_2791321
pd-user_8221852
pd-user_661582
pd-user_7016406
pd-user_8424893
pd-user_9438265
pd-user_7962621
pd-user_9548082
pd-user_1476419
pd-user_1989147
pd-user_2981435
pd-user_2876672
pd-user_9703499
pd-user_414315
pd-user_9872712
pd-user_5319596
pd-user_3959650
pd-user_7803960
pd-user_4607406
pd-user_2615190
pd-user_1366967
pd-user_635915
pd-user_299315
pd-user_5617048
pd-user_7349883
pd-user_1940584
pd-user_2954909
pd-user_107324
pd-user_5640548
pd-user_9367620
pd-user_8219666
pd-user_4366365
pd-user_9124817
pd-user_2503368
pd-user_5649501
pd-user_7215180
pd-user_1978703
pd-user_6631609
pd-user_7275145
pd-user_9533280
pd-user_2567516
pd-user_3049132
pd-user_7395261
pd-user_5610235
pd-user_1116802
pd-user_2030526
pd-user_5865673
pd-user_2246898
pd-user_2219695
pd-user_9121187
pd-user_7691227
pd-user_627539
pd-user_8631757
pd-user_4274822
pd-user_1991022
pd-user_4138406
pd-user_2307981
pd-user_4932867
pd-user_3122450
pd-user_1091336
pd-user_5249438
pd-user_817370
pd-user_7354765
pd-user_7390244
pd-user_4829830
pd-user_8540675
pd-user_4391366
pd-user_8261954
pd-user_3634029
pd-user_2769535
pd-user_8652182
pd-user_3251694
pd-user_1436113
pd-user_6908949
pd-user_724307
pd-user_3145244
pd-user_7738421
pd-user_8332464
pd-user_7611676
pd-user_4081948
pd-user_2634670
pd-user_379557
pd-user_1873120
pd-user_5484375
pd-user_89516
pd-user_9573897
pd-user_1679106
pd-user_6790560
pd-user_4430871
pd-user_2645472
pd-user_4787732
pd-user_6334565
pd-user_2885673
pd-user_5873392
pd-user_9745610
pd-user_7961473
pd-user_8189995
pd-user_4412493
pd-user_6596233
pd-user_2027235
pd-user_8924395
pd-user_6559407
pd-user_6623994
pd-user_5071271
pd-user_591305
pd-user_2069839
pd-user_1160194
pd-user_635076
pd-user_7288516
pd-user_1135906
pd-user_5889874
pd-user_3402460
pd-user_5664803
pd-user_3955527
pd-user_989537
pd-user_6574273
pd-user_4890601
pd-user_8088448
pd-user_1974559
pd-user_9144121
pd-user_4905781
pd-user_5143339
pd-user_7538421
pd-user_7469366
pd-user_300481
pd-user_4805060
pd-user_3318856
pd-user_1854965
pd-user_8541739
pd-user_7358007
pd-user_9123358
pd-user_8517690
pd-user_7482443
pd-user_3262442
pd-user_3378710
pd-user_5905848
pd-user_9728253
pd-user_8350862
pd-user_764803
pd-user_8178269
pd-user_2336542
pd-user_2644901
pd-user_3640244
pd-user_4671640
pd-user_2715124
pd-user_9454074
pd-user_6839329
pd-user_2610160
pd-user_6317376
pd-user_1108323
pd-user_1902792
pd-user_9188271
pd-user_7915542
pd-user_1265769
pd-user_3794708
pd-user_5100293
pd-user_9038366
pd-user_2029646
pd-user_3000458
pd-user_9742330
pd-user_7887301
pd-user_1748339
pd-user_951323
pd-user_6877714
pd-user_5800969
pd-user_7706327
pd-user_2779128
pd-user_9969750
pd-user_6527815
pd-user_9468837
pd-user_611460
pd-user_6787634
pd-user_2984302
pd-user_6566228
pd-user_31447
pd-user_8353586
pd-user_1773827
pd-user_4847136
pd-user_4753127
pd-user_8028768
pd-user_3262887
pd-user_9571392
pd-user_5379353
pd-user_5683752
pd-user_3543878
pd-user_2201607
pd-user_6971743
pd-user_190332
pd-user_5477077
pd-user_118246
pd-user_7132172
pd-user_8719084
pd-user_1726692
pd-user_2828516
pd-user_8127774
pd-user_7357831
pd-user_2932895
pd-user_4905354
pd-user_9747745
pd-user_1237174
pd-user_9192138
pd-user_1542046
pd-user_8075384
pd-user_6951033
pd-user_8960941
pd-user_3868422
pd-user_2942700
pd-user_5708428
pd-user_5972213
pd-user_5358383
pd-user_2834787
pd-user_4377478
pd-user_9860538
pd-user_6209030
pd-user_1042314
pd-user_6792788
pd-user_731167
pd-user_9946914
pd-user_1936489
pd-user_3935622
pd-user_1430873
pd-user_6607939
pd-user_9299955
pd-user_2391832
pd-user_8360322
pd-user_7746903
pd-user_717456
pd-user_8607482
pd-user_6725155
pd-user_8621020
pd-user_549329
pd-user_2673737
pd-user_8640502
pd-user_8241233
pd-user_9841892
pd-user_6575658
pd-user_9337666
pd-user_1590231
pd-user_1577631
pd-user_3275743
pd-user_6327380
pd-user_4745121
pd-user_72357
pd-user_8842083
pd-user_6378440
pd-user_1434421
pd-user_1158860
pd-user_4436927
pd-user_1038991
pd-user_7288649
pd-user_7560853
pd-user_5670912
pd-user_7255283
pd-user_2469535
pd-user_8876813
pd-user_9124220
pd-user_1080561
pd-user_6446907
pd-user_352199
pd-user_1644867
pd-user_2125753
pd-user_4365234
pd-user_4974496
pd-user_2597949
pd-user_4693009
pd-user_7965582
pd-user_5944008
pd-user_1160585
pd-user_6346507
pd-user_8662692
pd-user_9872265
pd-user_7089335
pd-user_1833027
pd-user_6212169
pd-user_8807256
pd-user_8188008
pd-user_223263
pd-user_7351054
pd-user_1360887
pd-user_286778
pd-user_1393836
pd-user_5259850
pd-user_3663948
pd-user_9573405
pd-user_8587893
pd-user_3079233
pd-user_1386546
pd-user_3810335
pd-user_6699167
pd-user_7784491
pd-user_1849023
pd-user_9304402
pd-user_9649789
pd-user_7013073
pd-user_5056537
pd-user_2172697
pd-user_4463190
pd-user_5066105
pd-user_5224126
pd-user_2604845
pd-user_5479689
pd-user_6282732
pd-user_4282368
pd-user_2930031
pd-user_4736176
pd-user_7214463
pd-user_2585616
pd-user_45684
pd-user_3539583
pd-user_8329612
pd-user_5270076
pd-user_3508577
pd-user_9298202
pd-user_589132
pd-user_8674358
pd-user_233376
pd-user_7508368
pd-user_4813941
pd-user_4038349
pd-user_5422211
pd-user_8992080
pd-user_2316836
pd-user_2178354
pd-user_7457131
pd-user_5434167
pd-user_1461942
pd-user_8391005
pd-user_9022864
pd-user_4387887
pd-user_6407081
pd-user_4961613
pd-user_2480862
pd-user_6439819
pd-user_2809092
pd-user_197539
pd-user_6676556
pd-user_863302
pd-user_755045
pd-user_5938142
pd-user_9657110
pd-user_7597842
pd-user_3550831
pd-user_5959744
pd-user_1036142
pd-user_802000
pd-user_9420563
pd-user_7076066
pd-user_8619965
pd-user_861238
pd-user_6179703
pd-user_8331443
pd-user_5548405
pd-user_5807377
pd-user_1899065
pd-user_9150577
pd-user_8255734
pd-user_8208402
pd-user_4864622
pd-user_5355843
pd-user_8049257
pd-user_2835433
pd-user_1307474
pd-user_9043787
pd-user_8658486
pd-user_3726725
pd-user_8307543
pd-user_3613817
pd-user_8976853
pd-user_7219303
pd-user_7446806
pd-user_5533898
pd-user_311440
pd-user_92234
pd-user_5151552
pd-user_6076349
pd-user_1567408
pd-user_6737352
pd-user_1075301
pd-user_6745710
pd-user_1424585
pd-user_183451
pd-user_2329549
pd-user_6353499
pd-user_1197088
pd-user_8616591
pd-user_7533876
pd-user_3998512
pd-user_7042961
pd-user_9667763
pd-user_1594741
pd-user_3753747
pd-user_3336687
pd-user_2640023
pd-user_4806835
pd-user_7369536
pd-user_1484360
pd-user_2905424
pd-user_6088130
pd-user_226125
pd-user_7235632
pd-user_9286000
pd-user_1452758
pd-user_3999184
pd-user_8744752
pd-user_6298619
pd-user_6642947
pd-user_2469554
pd-user_6748747
pd-user_2776382
pd-user_482451
pd-user_8968047
pd-user_5164041
pd-user_2629170
pd-user_127177
pd-user_3590755
pd-user_2775868
pd-user_7503969
pd-user_2494955
pd-user_1353936
pd-user_6632141
pd-user_2162767
pd-user_3497854
pd-user_5821598
pd-user_8510222
pd-user_7851973
pd-user_8155461
pd-user_6099928
pd-user_5800734
pd-user_6674236
pd-user_8275427
pd-user_685767
pd-user_3599990
pd-user_4972002
pd-user_466690
pd-user_2957536
pd-user_1235417
pd-user_1843734
pd-user_9698972
pd-user_3412031
pd-user_7037452
pd-user_2823796
pd-user_8578899
pd-user_2078444
pd-user_3232763
pd-user_7201682
pd-user_3288598
pd-user_1851025
pd-user_556428
pd-user_6853104
pd-user_5262827
pd-user_751062
pd-user_9393263
pd-user_180966
pd-user_5683916
pd-user_5698131
pd-user_4185756
pd-user_4219311
pd-user_3018292
pd-user_9139968
pd-user_691322
pd-user_6108104
pd-user_3793487
pd-user_3939493
pd-user_9582757
pd-user_5612730
pd-user_4911994
pd-user_7701622
pd-user_8326021
pd-user_1531451
pd-user_1589830
pd-user_8256782
pd-user_3518710
pd-user_5321228
pd-user_8412950
pd-user_6210975
pd-user_1255035
pd-user_3846842
pd-user_9592444
pd-user_2963933
pd-user_6823242
pd-user_4587085
pd-user_8081065
pd-user_9571876
pd-user_8409877
pd-user_3287552
pd-user_2154573
pd-user_932468
pd-user_7131703
pd-user_3022978
pd-user_6463324
pd-user_8017235
pd-user_8071710
pd-user_3640096
pd-user_2854780
pd-user_4375912
pd-user_4119310
pd-user_17485
pd-user_7510726
pd-user_4204149
pd-user_544630
pd-user_301954
pd-user_8203520
pd-user_4639996
pd-user_9318592
pd-user_3406200
pd-user_8145720
pd-user_8941869
pd-user_1116699
pd-user_1502239
pd-user_8688208
pd-user_159556
pd-user_6269190
pd-user_5997775
pd-user_7528406
pd-user_1251121
pd-user_5258110
pd-user_8496341
pd-user_8209634
pd-user_8563555
pd-user_1756038
pd-user_3149877
pd-user_8543675
pd-user_2757016
pd-user_6447725
pd-user_4071790
pd-user_49137
pd-user_6825914
pd-user_1950419
pd-user_9798039
pd-user_4477475
pd-user_2415131
pd-user_4308737
pd-user_2435023
pd-user_3474385
pd-user_1941378
pd-user_6318449
pd-user_1551342
pd-user_1197724
pd-user_7809456
pd-user_4905208
pd-user_4963848
pd-user_7425681
pd-user_827010
pd-user_2240017
pd-user_4705446
pd-user_8051273
pd-user_6054141
pd-user_4731629
pd-user_443347
pd-user_9197619
pd-user_8890642
pd-user_8320401
pd-user_3894346
pd-user_6403332
pd-user_1863601
pd-user_203756
pd-user_8162924
pd-user_5617785
pd-user_3417976
pd-user_1418742
pd-user_6026983
pd-user_171924
pd-user_9789681
pd-user_1170729
pd-user_5666485
pd-user_3146345
pd-user_8781548
pd-user_2712161
pd-user_516204
pd-user_8158218
pd-user_2587834
pd-user_514585
pd-user_1250058
pd-user_326751
pd-user_3510537
pd-user_8623640
pd-user_3200665
pd-user_1090601
pd-user_6968951
pd-user_6612155
pd-user_4530425
pd-user_1674116
pd-user_2876406
pd-user_7236901
pd-user_6582792
pd-user_3792375
pd-user_1802726
pd-user_6482
pd-user_1394830
pd-user_8547529
pd-user_7681279
pd-user_1281504
pd-user_5250147
pd-user_2588344
pd-user_6382668
pd-user_793437
pd-user_6713963
pd-user_489791
pd-user_1711656
pd-user_8928422
pd-user_951483
pd-user_3196163
pd-user_5263716
pd-user_4775020
pd-user_8492350
pd-user_5143957
pd-user_9882453
pd-user_4026919
pd-user_3026911
pd-user_4270129
pd-user_1875856
pd-user_9327136
pd-user_4265949
pd-user_2914404
pd-user_3420617
pd-user_3949454
pd-user_3438734
pd-user_6837571
pd-user_7723877
pd-user_7427989
pd-user_3516779
pd-user_1227093
pd-user_714
pd-user_4161364
pd-user_6496093
pd-user_941371
pd-user_9323095
pd-user_3176363
pd-user_9746142
pd-user_5951302
pd-user_9438878
pd-user_4358898
pd-user_6123997
pd-user_2548176
pd-user_6390099
pd-user_8333852
pd-user_8325024
pd-user_9462874
pd-user_4234573
pd-user_7707366
pd-user_9281926
pd-user_6848923
pd-user_72217
pd-user_6437287
pd-user_7708245
pd-user_7851612
pd-user_401994
pd-user_5375051
pd-user_5039875
pd-user_4272969
pd-user_5665404
pd-user_9470330
pd-user_7323007
pd-user_7848709
pd-user_550807
pd-user_1211359
pd-user_9633132
pd-user_7240404
pd-user_3693964
pd-user_8396693
pd-user_3607976
pd-user_6525042
pd-user_3640376
pd-user_9840630
pd-user_7747542
pd-user_9172484
pd-user_5741217
pd-user_3251263
pd-user_3594521
pd-user_227691
pd-user_3768852
pd-user_8003227
pd-user_3020053
pd-user_4375178
pd-user_7115274
pd-user_9222818
pd-user_8535320
pd-user_2161465
pd-user_9474611
pd-user_318671
pd-user_8893224
pd-user_5109002
pd-user_7074239
pd-user_8570399
pd-user_6055734
pd-user_7125013
pd-user_2708747
pd-user_7937190
pd-user_5931367
pd-user_5150261
pd-user_5360082
pd-user_8733747
pd-user_5445528
pd-user_1866540
pd-user_1597402
pd-user_2273983
pd-user_2829759
pd-user_282495
pd-user_4321369
pd-user_1519250
pd-user_4150384
pd-user_4299671
pd-user_2015931
pd-user_2148656
pd-user_22232
pd-user_7103149
pd-user_4847955
pd-user_7171772
pd-user_1139080
pd-user_6780831
pd-user_771143
pd-user_8959367
pd-user_5258905
pd-user_9506373
pd-user_5761425
pd-user_649015
pd-user_2695155
pd-user_2018908
pd-user_5861864
pd-user_7536316
pd-user_7896292
pd-user_3238826
pd-user_9343360
pd-user_9676307
pd-user_6398770
pd-user_4878337
pd-user_6549529
pd-user_6562914
pd-user_1896591
pd-user_4306075
pd-user_669322
pd-user_6029791
pd-user_1453993
pd-user_3498870
pd-user_6000350
pd-user_1726483
pd-user_9493181
pd-user_1138610
pd-user_4767175
pd-user_2505944
pd-user_3046203
pd-user_4967430
pd-user_1457273
pd-user_66761
pd-user_8071800
pd-user_3697846
pd-user_4325511
pd-user_6619800
pd-user_4131950
pd-user_3325841
pd-user_9506332
pd-user_2351919
pd-user_9866296
pd-user_3734895
pd-user_1780467
pd-user_4190529
pd-user_3418506
pd-user_4257855
pd-user_6025705
pd-user_3927246
pd-user_5323721
pd-user_2207526
pd-user_4321178
pd-user_3626337
pd-user_1432159
pd-user_1309246
pd-user_9692234
pd-user_4785304
pd-user_6780262
pd-user_6109059
pd-user_6339158
pd-user_22246
pd-user_1562944
pd-user_3926834
pd-user_8188958
pd-user_9733722
pd-user_6140978
pd-user_9603917
pd-user_4441363
pd-user_9175767
pd-user_4130835
pd-user_1280038
pd-user_3484432
pd-user_3164874
pd-user_9310237
pd-user_6491076
pd-user_8634022
pd-user_6431013
pd-user_9912840
pd-user_1069690
pd-user_663844
pd-user_2533631
pd-user_1810626
pd-user_9902049
pd-user_9362519
pd-user_6646095
pd-user_7282724
pd-user_3943383
pd-user_4180692
pd-user_7925037
pd-user_6930128
pd-user_4482377
pd-user_3187832
pd-user_2468824
pd-user_8286789
pd-user_604571
pd-user_3703832
pd-user_2056495
pd-user_5298182
pd-user_1423315
pd-user_5146680
pd-user_975331
pd-user_1917431
pd-user_4236510
pd-user_6599797
pd-user_3689423
pd-user_1274608
pd-user_2170420
pd-user_581506
pd-user_4010435
pd-user_220660
pd-user_5590919
pd-user_3712971
pd-user_2513239
pd-user_7998103
pd-user_5464690
pd-user_6394924
pd-user_8681692
pd-user_1914295
pd-user_7301906
pd-user_9587147
pd-user_9920223
pd-user_6824627
pd-user_7093938
pd-user_9208968
pd-user_7679052
pd-user_6114184
pd-user_4610340
pd-user_3879675
pd-user_187690
pd-user_5095909
pd-user_7270859
pd-user_8896017
pd-user_8577033
pd-user_8782203
pd-user_6723119
pd-user_9095411
pd-user_575190
pd-user_1547945
pd-user_7003184
pd-user_9857717
pd-user_3926418
pd-user_3695858
pd-user_5972010
pd-user_5981717
pd-user_3462809
pd-user_1468178
pd-user_4381536
pd-user_7122304
pd-user_7616583
pd-user_9331433
pd-user_792519
pd-user_7489127
pd-user_265319
pd-user_2707291
pd-user_9170014
pd-user_6005191
pd-user_2406810
pd-user_8275268
pd-user_6625919
pd-user_7991114
pd-user_7132246
pd-user_1030575
pd-user_384911
pd-user_6987138
pd-user_4724800
pd-user_9559819
pd-user_481078
pd-user_4495122
pd-user_546405
pd-user_6972395
pd-user_5285430
pd-user_2658519
pd-user_7739002
pd-user_6758393
pd-user_3638368
pd-user_8809283
pd-user_2093771
pd-user_6285391
pd-user_5607737
pd-user_7401457
pd-user_3919507
pd-user_3091848
pd-user_5981805
pd-user_1881495
pd-user_5573868
pd-user_3261667
pd-user_4939716
pd-user_7874825
pd-user_261479
pd-user_5400375
pd-user_1101704
pd-user_3620911
pd-user_4838519
pd-user_7841316
pd-user_5968363
pd-user_1245798
pd-user_8941450
pd-user_8349907
pd-user_3018984
pd-user_6603489
pd-user_3302793
pd-user_9680296
pd-user_7371656
pd-user_9903035
pd-user_4602864
pd-user_3456420
pd-user_927462
pd-user_6270193
pd-user_3107613
pd-user_405582
pd-user_8407984
pd-user_2788166
pd-user_8839167
pd-user_9818579
pd-user_8649816
pd-user_6458698
pd-user_5366311
pd-user_2807377
pd-user_7305784
pd-user_8119959
pd-user_5006538
pd-user_8464567
pd-user_8806972
pd-user_4309643
pd-user_9333580
pd-user_4710055
pd-user_6732754
pd-user_1656483
pd-user_4033729
pd-user_2274346
pd-user_6018590
pd-user_6377211
pd-user_1917433
pd-user_6608853
pd-user_6238637
pd-user_6479776
pd-user_2332478
pd-user_6395238
pd-user_2534385
pd-user_8929920
pd-user_3484098
pd-user_3331978
pd-user_4418338
pd-user_8673403
pd-user_7218795
pd-user_7379017
pd-user_781484
pd-user_9310176
pd-user_6142584
pd-user_6447757
pd-user_6811024
pd-user_925571
pd-user_7489545
pd-user_2964457
pd-user_6065526
pd-user_3651228
pd-user_2397054
pd-user_2573603
pd-user_8472541
pd-user_6993098
pd-user_6265707
pd-user_9718398
pd-user_3725495
pd-user_3564871
pd-user_1874969
pd-user_7425765
pd-user_8417275
pd-user_5539027
pd-user_4977432
pd-user_9773907
pd-user_9755408
pd-user_8384567
pd-user_4329639
pd-user_6379816
pd-user_638125
pd-user_2755028
pd-user_4717682
pd-user_3807882
pd-user_2510284
pd-user_4612588
pd-user_7473771
pd-user_5858933
pd-user_7126339
pd-user_3770362
pd-user_7549235
pd-user_8391020
pd-user_5860138
pd-user_3331014
pd-user_5091745
pd-user_5223770
pd-user_7300130
pd-user_8280286
pd-user_3388342
pd-user_7375017
pd-user_8622153
pd-user_7398596
pd-user_4020023
pd-user_345308
pd-user_5250365
pd-user_183466
pd-user_420430
pd-user_6959867
pd-user_8767404
pd-user_7457812
pd-user_7780062
pd-user_4747371
pd-user_9153613
pd-user_8255104
pd-user_4433908
pd-user_5018205
pd-user_4817066
pd-user_6092561
pd-user_3689106
pd-user_1024106
pd-user_7477415
pd-user_6244266
pd-user_1229469
pd-user_8436994
pd-user_8040285
pd-user_3859207
pd-user_2780344
pd-user_2700477
pd-user_8793761
pd-user_659206
pd-user_7877532
pd-user_3038005
pd-user_4852838
pd-user_647763
pd-user_3234769
pd-user_964450
pd-user_8968364
pd-user_1715390
pd-user_893465
pd-user_1112805
pd-user_4381339
pd-user_4265186
pd-user_5136616
pd-user_9512152
pd-user_7748732
pd-user_8585568
pd-user_3504025
pd-user_7468314
pd-user_1942370
pd-user_9157537
pd-user_6364271
pd-user_167292
pd-user_6579224
pd-user_8362731
pd-user_1099924
pd-user_3316587
pd-user_4210119
pd-user_3003051
pd-user_6017673
pd-user_6393281
pd-user_84841
pd-user_7714965
pd-user_7441951
pd-user_9837771
pd-user_8102809
pd-user_3095929
pd-user_7472825
pd-user_3179905
pd-user_5224580
pd-user_2112950
pd-user_8049773
pd-user_5777102
pd-user_3180749
pd-user_3145726
pd-user_4842985
pd-user_3662015
pd-user_7081975
pd-user_6342469
pd-user_4266445
pd-user_3573421
pd-user_9790893
pd-user_1601923
pd-user_7090859
pd-user_6288462
pd-user_2078207
pd-user_2264157
pd-user_8305709
pd-user_8125013
pd-user_9525738
pd-user_3313467
pd-user_1802532
pd-user_2194042
pd-user_578780
pd-user_1579368
pd-user_7340461
pd-user_8247130
pd-user_6078653
pd-user_7153448
pd-user_7404338
pd-user_3364204
pd-user_9183895
pd-user_688157
pd-user_8044271
pd-user_2880971
pd-user_562303
pd-user_8071790
pd-user_7682178
pd-user_2119537
pd-user_8642265
pd-user_2431540
pd-user_6376332
pd-user_6394402
pd-user_5580228
pd-user_3685897
pd-user_7538041
pd-user_6479688
pd-user_9547892
pd-user_3560196
pd-user_6276404
pd-user_5736674
pd-user_5303370
pd-user_4942973
pd-user_9830583
pd-user_3205175
pd-user_5322300
pd-user_1732893
pd-user_3571184
pd-user_4747162
pd-user_1874941
pd-user_225794
pd-user_5707840
pd-user_3568443
pd-user_868022
pd-user_5957699
pd-user_8206074
pd-user_2602876
pd-user_3884697
pd-user_152208
pd-user_8713473
pd-user_919486
pd-user_9132492
pd-user_6367097
pd-user_4405653
pd-user_769621
pd-user_4307804
pd-user_6055967
pd-user_682617
pd-user_4412868
pd-user_720624
pd-user_6944586
pd-user_915884
pd-user_1738903
pd-user_4987881
pd-user_9343912
pd-user_2330237
pd-user_2138234
pd-user_8457103
pd-user_7150102
pd-user_1347185
pd-user_5944212
pd-user_4772827
pd-user_5791797
pd-user_625507
pd-user_1585540
pd-user_6538271
pd-user_2351917
pd-user_1399166
pd-user_9599553
pd-user_2109397
pd-user_6571038
pd-user_9125411
pd-user_1492201
pd-user_4022933
pd-user_408762
pd-user_5090553
pd-user_6574642
pd-user_9740214
pd-user_6888752
pd-user_4919217
pd-user_4746675
pd-user_2816830
pd-user_907815
pd-user_6475813
pd-user_9927232
pd-user_3688612
pd-user_5053286
pd-user_634406
pd-user_1869467
pd-user_7729806
pd-user_1151965
pd-user_7074946
pd-user_4297972
pd-user_2043726
pd-user_7323903
pd-user_4972859
pd-user_2834413
pd-user_3729889
pd-user_5972
pd-user_556735
pd-user_2486809
pd-user_2852938
pd-user_4094830
pd-user_8409131
pd-user_1752567
pd-user_9148072
pd-user_4086294
pd-user_8381231
pd-user_9488148
pd-user_4956332
pd-user_5928673
pd-user_5933172
pd-user_1974859
pd-user_1162299
pd-user_9872249
pd-user_756942
pd-user_6175412
pd-user_4933613
pd-user_8553156
pd-user_9364803
pd-user_8351010
pd-user_5694164
pd-user_7735017
pd-user_7458048
pd-user_2363884
pd-user_8738942
pd-user_7144962
pd-user_9760227
pd-user_7422399
pd-user_5972657
pd-user_5623280
pd-user_8874844
pd-user_9615119
pd-user_5575583
pd-user_931334
pd-user_4798588
pd-user_9043995
pd-user_2771361
pd-user_2722118
pd-user_5917423
pd-user_1919668
pd-user_85757
pd-user_6185259
pd-user_5257454
pd-user_9419924
pd-user_334442
pd-user_2294070
pd-user_3585201
pd-user_8018890
pd-user_2614569
pd-user_8986253
pd-user_4340879
pd-user_792387
pd-user_8412168
pd-user_221304
pd-user_763994
pd-user_2128615
pd-user_5663516
pd-user_9564405
pd-user_1246863
pd-user_4983789
pd-user_6127787
pd-user_1489695
pd-user_7394747
pd-user_2851656
pd-user_7538885
pd-user_5814117
pd-user_9422322
pd-user_7350836
pd-user_101501
pd-user_2497600
pd-user_6964129
pd-user_1648490
pd-user_8556583
pd-user_1982763
pd-user_2329462
pd-user_6172214
pd-user_7972819
pd-user_3295330
pd-user_5362985
pd-user_1348556
pd-user_548452
pd-user_6338130
pd-user_9150469
pd-user_1020406
pd-user_9264028
pd-user_6722689
pd-user_3608141
pd-user_3592168
pd-user_6908642
pd-user_336052
pd-user_1302250
pd-user_4801593
pd-user_4855902
pd-user_4637602
pd-user_9046550
pd-user_4313487
pd-user_9552191
pd-user_5700362
pd-user_7222968
pd-user_8493087
pd-user_1539900
pd-user_7689334
pd-user_2604238
pd-user_5559032
pd-user_9491094
pd-user_326424
pd-user_8037516
pd-user_507936
pd-user_6477490
pd-user_5864010
pd-user_4577949
pd-user_4649740
pd-user_3650677
pd-user_798048
pd-user_3459151
pd-user_2367075
pd-user_1246962
pd-user_7051168
pd-user_4310096
pd-user_8290169
pd-user_5872865
pd-user_6906679
pd-user_8206037
pd-user_7165386
pd-user_2900404
pd-user_1820433
pd-user_384926
pd-user_2670495
pd-user_2625994
pd-user_2361284
pd-user_6186885
pd-user_6284538
pd-user_1629488
pd-user_3993577
pd-user_81401
pd-user_186263
pd-user_9379078
pd-user_8098464
pd-user_8201373
pd-user_7814762
pd-user_3840898
pd-user_2839542
pd-user_7351657
pd-user_8762659
pd-user_3373251
pd-user_7311681
pd-user_4267330
pd-user_1779047
pd-user_8163340
pd-user_589836
pd-user_9461864
pd-user_7086225
pd-user_3531551
pd-user_4856477
pd-user_1563930
pd-user_901342
pd-user_4188113
pd-user_6272165
pd-user_5273756
pd-user_5946332
pd-user_4305483
pd-user_9826063
pd-user_9484151
pd-user_6105539
pd-user_2136104
pd-user_7041891
pd-user_7287625
pd-user_1588650
pd-user_392390
pd-user_4362789
pd-user_9456356
pd-user_681778
pd-user_6257152
pd-user_4476012
pd-user_2845604
pd-user_2116519
pd-user_7675761
pd-user_9471520
pd-user_24239
pd-user_9343531
pd-user_9983533
pd-user_2913795
pd-user_6622294
pd-user_4751872
pd-user_4019249
pd-user_9638853
pd-user_4070018
pd-user_1058991
pd-user_3054486
pd-user_3011821
pd-user_8336644
pd-user_6823365
pd-user_8505237
pd-user_4591029
pd-user_7748641
pd-user_5666316
pd-user_89635
pd-user_2883330
pd-user_8868777
pd-user_5129876
pd-user_7496594
pd-user_6381706
pd-user_3753312
pd-user_7942790
pd-user_4910691
pd-user_3739185
pd-user_8058249
pd-user_7675634
pd-user_9590736
pd-user_6311605
pd-user_4651094
pd-user_1201343
pd-user_1448792
pd-user_6952741
pd-user_491532
pd-user_4725054
pd-user_3157685
pd-user_6880513
pd-user_1168561
pd-user_8954044
pd-user_1172167
pd-user_8642119
pd-user_6698709
pd-user_2753483
pd-user_4265615
pd-user_1065407
pd-user_8331824
pd-user_6759194
pd-user_8514731
pd-user_9780450
pd-user_8501065
pd-user_7314872
pd-user_8815163
pd-user_8912218
pd-user_6776169
pd-user_2992840
pd-user_6383748
pd-user_6178680
pd-user_9542348
pd-user_9478150
pd-user_9112045
pd-user_8939722
pd-user_7000239
pd-user_5488786
pd-user_4037698
pd-user_9055650
pd-user_8622919
pd-user_26941
pd-user_6992291
pd-user_931241
pd-user_2715433
pd-user_3383906
pd-user_8187105
pd-user_6575321
pd-user_6204315
pd-user_4403404
pd-user_5956386
pd-user_7397541
pd-user_524577
pd-user_3082061
pd-user_8806320
pd-user_6741619
pd-user_8336258
pd-user_6227454
pd-user_5880
pd-user_3157495
pd-user_6562005
pd-user_699199
pd-user_2306526
pd-user_5970380
pd-user_8543098
pd-user_2606182
pd-user_892347
pd-user_3670596
pd-user_4154736
pd-user_9247444
pd-user_6442433
pd-user_2753879
pd-user_970876
pd-user_6900904
pd-user_8794805
pd-user_3498310
pd-user_6637522
pd-user_2712808
pd-user_8793463
pd-user_3408679
pd-user_4867710
pd-user_6042075
pd-user_3245670
pd-user_1913193
pd-user_392846
pd-user_7007235
pd-user_8319479
pd-user_3586169
pd-user_4127733
pd-user_1890961
pd-user_8943388
pd-user_8259890
pd-user_1434396
pd-user_1025494
pd-user_7001681
pd-user_6134008
pd-user_1795323
pd-user_6574195
pd-user_7475834
pd-user_6889307
pd-user_4980570
pd-user_7415732
pd-user_3528072
pd-user_819585
pd-user_5763084
pd-user_2458057
pd-user_4701786
pd-user_7585598
pd-user_4551372
pd-user_564946
pd-user_5632038
pd-user_3745668
pd-user_7326828
pd-user_9525313
pd-user_8609266
pd-user_7042897
pd-user_2425984
pd-user_8472186
pd-user_2710843
pd-user_4134660
pd-user_88519
pd-user_1043520
pd-user_4681325
pd-user_3553151
pd-user_3792838
pd-user_7350910
pd-user_7061783
pd-user_680674
pd-user_6528904
pd-user_7631918
pd-user_4444949
pd-user_4729005
pd-user_1630375
pd-user_8623655
pd-user_8200602
pd-user_4445714
pd-user_9854447
pd-user_4430832
pd-user_6220711
pd-user_5821100
pd-user_3381475
pd-user_7473139
pd-user_4216069
pd-user_9985694
pd-user_5923142
pd-user_4811714
pd-user_9137976
pd-user_3071352
pd-user_8160874
pd-user_2537727
pd-user_8072509
pd-user_7866268
pd-user_3832057
pd-user_6375397
pd-user_6264083
pd-user_6764595
pd-user_360553
pd-user_2928332
pd-user_801699
pd-user_4050249
pd-user_5523180
pd-user_9712345
pd-user_9585526
pd-user_1693524
pd-user_4068504
pd-user_6160407
pd-user_9701355
pd-user_3708274
pd-user_83377
pd-user_9771231
pd-user_5072989
pd-user_9198616
pd-user_1174633
pd-user_5204669
pd-user_8971800
pd-user_1542587
pd-user_7777218
pd-user_1367740
pd-user_360977
pd-user_319504
pd-user_7672683
pd-user_8866992
pd-user_7199172
pd-user_42916
pd-user_2271397
pd-user_2088502
pd-user_9004973
pd-user_4592692
pd-user_7241670
pd-user_2143149
pd-user_3363207
pd-user_3745261
pd-user_649707
pd-user_4180849
pd-user_631498
pd-user_1649246
pd-user_1299961
pd-user_6217484
pd-user_7312943
pd-user_3945183
pd-user_6667273
pd-user_7867237
pd-user_270972
pd-user_3457355
pd-user_2570835
pd-user_9088203
pd-user_2332408
pd-user_2934762
pd-user_6888861
pd-user_2228264
pd-user_8718110
pd-user_3948470
pd-user_3996928
pd-user_7603995
pd-user_8995311
pd-user_694817
pd-user_8931206
pd-user_7188543
pd-user_8940610
pd-user_9862758
pd-user_4357028
pd-user_9989427
pd-user_4211601
pd-user_7129721
pd-user_5849198
pd-user_7623189
pd-user_7880899
pd-user_8768268
pd-user_5732699
pd-user_6368203
pd-user_9250184
pd-user_7285519
pd-user_573460
pd-user_9810705
pd-user_2675461
pd-user_9234094
pd-user_8567789
pd-user_2018854
pd-user_5394572
pd-user_4804085
pd-user_5986449
pd-user_5793034
pd-user_8176093
pd-user_4295474
pd-user_851369
pd-user_7321610
pd-user_3792256
pd-user_2796122
pd-user_6012268
pd-user_8478472
pd-user_8468416
pd-user_1862086
pd-user_223423
pd-user_4271592
pd-user_3349394
pd-user_4686596
pd-user_7968144
pd-user_9857980
pd-user_7454307
pd-user_6238909
pd-user_3766555
pd-user_2304003
pd-user_1414938
pd-user_8269471
pd-user_3452700
pd-user_1596897
pd-user_7793717
pd-user_5439120
pd-user_7611430
pd-user_4926419
pd-user_6361315
pd-user_2735434
pd-user_9017262
pd-user_5073272
pd-user_4193386
pd-user_5068441
pd-user_4606080
pd-user_330408
pd-user_2354347
pd-user_893193
pd-user_7002917
pd-user_3254832
pd-user_3206435
pd-user_5398745
pd-user_5886851
pd-user_1109538
pd-user_1288106
pd-user_9328996
pd-user_595403
pd-user_4595547
pd-user_6009274
pd-user_2269688
pd-user_3314192
pd-user_3873527
pd-user_6321775
pd-user_4723219
pd-user_7242778
pd-user_3575558
pd-user_652200
pd-user_8253778
pd-user_9401618
pd-user_2929735
pd-user_1170199
pd-user_2983297
pd-user_4040441
pd-user_9993126
pd-user_4200095
pd-user_8854481
pd-user_3975581
pd-user_2538887
pd-user_8936283
pd-user_4871579
pd-user_546633
pd-user_2392255
pd-user_657444
pd-user_1818722
pd-user_6148892
pd-user_4190480
pd-user_5639727
pd-user_2627076
pd-user_6941020
pd-user_8664685
pd-user_303992
pd-user_1427962
pd-user_9344726
pd-user_1590444
pd-user_1406569
pd-user_7482711
pd-user_1624016
pd-user_7899435
pd-user_4471865
pd-user_8435104
pd-user_5032410
pd-user_2354139
pd-user_6593183
pd-user_5551418
pd-user_181684
pd-user_5057336
pd-user_1868055
pd-user_730005
pd-user_7726158
pd-user_7434158
pd-user_8592107
pd-user_5049089
pd-user_8376216
pd-user_2217996
pd-user_2558872
pd-user_7258713
pd-user_7241039
pd-user_1564315
pd-user_4777115
pd-user_3590218
pd-user_703770
pd-user_7818413
pd-user_6953668
pd-user_2379789
pd-user_3113883
pd-user_8604122
pd-user_1904386
pd-user_3438003
pd-user_2675301
pd-user_7502209
pd-user_4596171
pd-user_458540
pd-user_733237
pd-user_7068463
pd-user_4215438
pd-user_8583974
pd-user_484040
pd-user_4353672
pd-user_4835974
pd-user_4366699
pd-user_3668140
pd-user_8773547
pd-user_1563633
pd-user_9752358
pd-user_5943180
pd-user_3566531
pd-user_433597
pd-user_836583
pd-user_9974463
pd-user_2400682
pd-user_5841275
pd-user_987923
pd-user_126935
pd-user_1529115
pd-user_6594200
pd-user_7179393
pd-user_4002878
pd-user_3437931
pd-user_6356254
pd-user_2713859
pd-user_265233
pd-user_7373464
pd-user_7161185
pd-user_2544713
pd-user_6073867
pd-user_9166101
pd-user_9898123
pd-user_8353841
pd-user_1920309
pd-user_6701702
pd-user_6419193
pd-user_4120563
pd-user_4434808
pd-user_2691205
pd-user_3512651
pd-user_9467008
pd-user_2234638
pd-user_2323035
pd-user_6559161
pd-user_7739395
pd-user_3174986
pd-user_785189
pd-user_6637419
pd-user_6046609
pd-user_4123742
pd-user_266485
pd-user_1052207
pd-user_9917670
pd-user_2871433
pd-user_8307831
pd-user_4881248
pd-user_8366630
pd-user_1499544
pd-user_4351489
pd-user_4074584
pd-user_2724906
pd-user_5375109
pd-user_6565568
pd-user_5263062
pd-user_3055802
pd-user_6324384
pd-user_4152366
pd-user_6284341
pd-user_671808
pd-user_7720161
pd-user_7550516
pd-user_8431228
pd-user_1736184
pd-user_7135859
pd-user_9917085
pd-user_4761352
pd-user_5321523
pd-user_1118015
pd-user_5069957
pd-user_652537
pd-user_1022054
pd-user_5131224
pd-user_4819620
pd-user_7746055
pd-user_4706689
pd-user_3667206
pd-user_1070301
pd-user_168754
pd-user_8043290
pd-user_2260904
pd-user_8169483
pd-user_4008655
pd-user_9272801
pd-user_810787
pd-user_4965942
pd-user_6959503
pd-user_5473788
pd-user_3000746
pd-user_6895980
pd-user_7528458
pd-user_3196362
pd-user_2385238
pd-user_7030157
pd-user_1723157
pd-user_8522954
pd-user_726077
pd-user_1996048
pd-user_5527919
pd-user_8067587
pd-user_8271573
pd-user_5547503
pd-user_6581669
pd-user_57383
pd-user_5180514
pd-user_1096741
pd-user_755122
pd-user_7806642
pd-user_1210273
pd-user_8089007
pd-user_988355
pd-user_8274681
pd-user_8961066
pd-user_1082413
pd-user_748648
pd-user_2601467
pd-user_3642979
pd-user_3646435
pd-user_1050717
pd-user_9953480
pd-user_3139684
pd-user_6541544
pd-user_1937198
pd-user_5080220
pd-user_6821032
pd-user_1808533
pd-user_2108818
pd-user_2148097
pd-user_2864008
pd-user_3264082
pd-user_1046966
pd-user_4627400
pd-user_813174
pd-user_9395624
pd-user_3887016
pd-user_7146166
pd-user_9157225
pd-user_9387337
pd-user_9778868
pd-user_6026596
pd-user_1151218
pd-user_3887556
pd-user_7573180
pd-user_5002797
pd-user_9183775
pd-user_1511735
pd-user_2376626
pd-user_8091042
pd-user_5993730
pd-user_6284494
pd-user_1305223
pd-user_1727436
pd-user_7172157
pd-user_4492677
pd-user_6799912
pd-user_4676154
pd-user_8507087
pd-user_3735934
pd-user_547616
pd-user_519896
pd-user_2606013
pd-user_4861791
pd-user_3151771
pd-user_7782799
pd-user_9077573
pd-user_1340484
pd-user_7585465
pd-user_7072748
pd-user_7099010
pd-user_9515176
pd-user_486076
pd-user_5812784
pd-user_7287981
pd-user_1354551
pd-user_3493912
pd-user_5354669
pd-user_8348304
pd-user_1209733
pd-user_2034395
pd-user_1300712
pd-user_5110024
pd-user_6532219
pd-user_6344079
pd-user_3636869
pd-user_204594
pd-user_3082506
pd-user_5142179
pd-user_3447357
pd-user_7487998
pd-user_4975098
pd-user_2406481
pd-user_6477132
pd-user_4738015
pd-user_3380580
pd-user_7319189
pd-user_9408583
pd-user_3449519
pd-user_4624177
pd-user_4765863
pd-user_5728536
pd-user_3061222
pd-user_4178499
pd-user_4392783
pd-user_7751091
pd-user_2292807
pd-user_7171268
pd-user_8794660
pd-user_1813447
pd-user_3680546
pd-user_194884
pd-user_6317665
pd-user_861748
pd-user_529554
pd-user_7796697
pd-user_7827105
pd-user_6509594
pd-user_2012298
pd-user_7711194
pd-user_7589902
pd-user_5590845
pd-user_5626483
pd-user_6972873
pd-user_7195665
pd-user_6539862
pd-user_4946637
pd-user_7867429
pd-user_3226092
pd-user_1767315
pd-user_7897128
pd-user_4215859
pd-user_68247
pd-user_447309
pd-user_7496212
pd-user_5261863
pd-user_6966520
pd-user_1436631
pd-user_5353053
pd-user_1564944
pd-user_3351299
pd-user_132733
pd-user_5903523
pd-user_7369062
pd-user_4149544
pd-user_3262126
pd-user_8202508
pd-user_7464431
pd-user_540434
pd-user_9580139
pd-user_3716226
pd-user_5401745
pd-user_5202654
pd-user_2330325
pd-user_9462786
pd-user_3731761
pd-user_9378794
pd-user_4229509
pd-user_8987588
pd-user_8815225
pd-user_167767
pd-user_5090615
pd-user_2811133
pd-user_2088184
pd-user_1744988
pd-user_1829572
pd-user_932555
pd-user_9671876
pd-user_2654839
pd-user_6667506
pd-user_3936646
pd-user_5970954
pd-user_8986598
pd-user_585064
pd-user_738187
pd-user_3479822
pd-user_1496631
pd-user_1984432
pd-user_3462124
pd-user_1198251
pd-user_4832562
pd-user_3202072
pd-user_7610823
pd-user_2565411
pd-user_3992082
pd-user_9758365
pd-user_5197278
pd-user_3076988
pd-user_8657571
pd-user_5716764
pd-user_7064719
pd-user_3998914
pd-user_639736
pd-user_5625436
pd-user_6024697
pd-user_116145
pd-user_6931048
pd-user_5927946
pd-user_8010150
pd-user_2381508
pd-user_7298262
pd-user_5036671
pd-user_8757913
pd-user_5771871
pd-user_5886216
pd-user_1879019
pd-user_1002631
pd-user_9721261
pd-user_8291465
pd-user_6138123
pd-user_5492568
pd-user_7619939
pd-user_7940466
pd-user_1157925
pd-user_9032686
pd-user_6670934
pd-user_4744806
pd-user_4164773
pd-user_3896608
pd-user_3953753
pd-user_5555312
pd-user_9173650
pd-user_3135394
pd-user_2940926
pd-user_5717282
pd-user_1328516
pd-user_8742610
pd-user_7797036
pd-user_4835129
pd-user_6641228
pd-user_2020541
pd-user_7467878
pd-user_7614941
pd-user_7200917
pd-user_3442024
pd-user_315612
pd-user_950857
pd-user_2700407
pd-user_7873785
pd-user_4012672
pd-user_9150946
pd-user_7672512
pd-user_3228166
pd-user_138993
pd-user_2746079
pd-user_2199407
pd-user_8900947
pd-user_2223909
pd-user_2572892
pd-user_7911764
pd-user_5144872
pd-user_7723611
pd-user_3667525
pd-user_7987451
pd-user_8517685
pd-user_6658514
pd-user_9073635
pd-user_2621636
pd-user_756819
pd-user_9401638
pd-user_5606306
pd-user_5672775
pd-user_2848734
pd-user_3073222
pd-user_1481750
pd-user_1070058
pd-user_7051779
pd-user_4953363
pd-user_6698591
pd-user_3600183
pd-user_9849760
pd-user_2819586
pd-user_5210955
pd-user_4466322
pd-user_7918290
pd-user_7127260
pd-user_6385268
pd-user_202603
pd-user_4565936
pd-user_9054949
pd-user_748223
pd-user_1029820
pd-user_2378995
pd-user_3254126
pd-user_7725995
pd-user_7116163
pd-user_4313904
pd-user_5122028
pd-user_9330636
pd-user_3388538
pd-user_6076683
pd-user_9782963
pd-user_7740645
pd-user_2422957
pd-user_7142768
pd-user_9328499
pd-user_8991195
pd-user_4101897
pd-user_4201212
pd-user_367690
pd-user_5674401
pd-user_9746655
pd-user_4549069
pd-user_4410744
pd-user_2376360
pd-user_2109524
pd-user_2705757
pd-user_4281926
pd-user_4088079
pd-user_9328121
pd-user_2161702
pd-user_4500483
pd-user_5022088
pd-user_7098775
pd-user_4775621
pd-user_2273903
pd-user_5754527
pd-user_9169690
pd-user_4150669
pd-user_3948484
pd-user_3276427
pd-user_4183390
pd-user_4330493
pd-user_6949696
pd-user_1425388
pd-user_860517
pd-user_8834300
pd-user_3095741
pd-user_9570789
pd-user_7451372
pd-user_7252665
pd-user_185404
pd-user_6599791
pd-user_9675636
pd-user_693348
pd-user_4051426
pd-user_8225210
pd-user_1243771
pd-user_5873922
pd-user_9419519
pd-user_6241246
pd-user_1259249
pd-user_8862428
pd-user_811742
pd-user_4972149
pd-user_9383630
pd-user_5182567
pd-user_1249867
pd-user_8454150
pd-user_6533465
pd-user_4032979
pd-user_5804584
pd-user_8017921
pd-user_9281190
pd-user_3352218
pd-user_9371424
pd-user_6668746
pd-user_4113689
pd-user_7218402
pd-user_9274574
pd-user_851357
pd-user_4071309
pd-user_7445793
pd-user_9888140
pd-user_4154606
pd-user_4065202
pd-user_414281
pd-user_5946232
pd-user_8772598
pd-user_8719802
pd-user_7644525
pd-user_6141471
pd-user_8751786
pd-user_6320968
pd-user_2987337
pd-user_3369013
pd-user_7747151
pd-user_6337675
pd-user_4520532
pd-user_1559441
pd-user_1661295
pd-user_251717
pd-user_2314993
pd-user_3956513
pd-user_3270456
pd-user_4299168
pd-user_5259743
pd-user_910063
pd-user_9105948
pd-user_9570355
pd-user_9898125
pd-user_2198345
pd-user_2694931
pd-user_7853508
pd-user_7322568
pd-user_3773432
pd-user_3709212
pd-user_7126314
pd-user_1595722
pd-user_5001634
pd-user_7880796
pd-user_9004519
pd-user_9403054
pd-user_986037
pd-user_2451644
pd-user_8538660
pd-user_5365374
pd-user_6695263
pd-user_9159178
pd-user_7985625
pd-user_5162308
pd-user_6655155
pd-user_9330639
pd-user_5907930
pd-user_3860048
pd-user_8158208
pd-user_7864631
pd-user_8696248
pd-user_5732879
pd-user_8027822
pd-user_9021312
pd-user_7507860
pd-user_5069023
pd-user_7467767
pd-user_5028026
pd-user_6551891
pd-user_8239937
pd-user_7017447
pd-user_114549
pd-user_4795499
pd-user_8994632
pd-user_5978846
pd-user_8735430
pd-user_8424737
pd-user_2382578
pd-user_8387531
pd-user_8870552
pd-user_6486031
pd-user_5819820
pd-user_4961236
pd-user_4077095
pd-user_8145022
pd-user_3348184
pd-user_8522711
pd-user_2591230
pd-user_4095475
pd-user_3370729
pd-user_3692969
pd-user_7394638
pd-user_223186
pd-user_6658386
pd-user_392261
pd-user_2663615
pd-user_719026
pd-user_3227904
pd-user_8129339
pd-user_9424561
pd-user_1104487
pd-user_2385002
pd-user_5139125
pd-user_8986302
pd-user_1859194
pd-user_1849125
pd-user_4277937
pd-user_1392465
pd-user_7273300
pd-user_97081
pd-user_677377
pd-user_9219421
pd-user_2516875
pd-user_6858802
pd-user_1878231
pd-user_9582293
pd-user_6927825
pd-user_7056322
pd-user_9656366
pd-user_2469889
pd-user_535314
pd-user_6795179
pd-user_6016009
pd-user_7680251
pd-user_3832011
pd-user_5525326
pd-user_8378645
pd-user_8438227
pd-user_4655895
pd-user_2027662
pd-user_4985189
pd-user_8496908
pd-user_4986460
pd-user_3449429
pd-user_2414044
pd-user_3927601
pd-user_8254711
pd-user_6571970
pd-user_6867053
pd-user_9302420
pd-user_1402882
pd-user_7928632
pd-user_7138429
pd-user_2966177
pd-user_1558711
pd-user_5667307
pd-user_2762517
pd-user_2387109
pd-user_4952579
pd-user_6630527
pd-user_253671
pd-user_9440418
pd-user_6405998
pd-user_9596716
pd-user_1358352
pd-user_1431918
pd-user_8362968
pd-user_547304
pd-user_230991
pd-user_5531118
pd-user_2048746
pd-user_7791082
pd-user_9757944
pd-user_2381027
pd-user_8465504
pd-user_4555325
pd-user_6129026
pd-user_2067350
pd-user_331226
pd-user_2201797
pd-user_8925999
pd-user_6822708
pd-user_1969545
pd-user_5881150
pd-user_7753821
pd-user_816630
pd-user_323162
pd-user_9413910
pd-user_1152101
pd-user_8524653
pd-user_7445033
pd-user_520013
pd-user_3672076
pd-user_7369488
pd-user_8895487
pd-user_6295813
pd-user_2247175
pd-user_3453305
pd-user_1659003
pd-user_9421253
pd-user_1900920
pd-user_3719049
pd-user_8431359
pd-user_3527471
pd-user_8587097
pd-user_3502871
pd-user_9228732
pd-user_8897154
pd-user_5740088
pd-user_3273256
pd-user_7001499
pd-user_6566181
pd-user_3620946
pd-user_7658210
pd-user_5348315
pd-user_295810
pd-user_7464394
pd-user_3940766
pd-user_1069629
pd-user_5311579
pd-user_7911743
pd-user_8422071
pd-user_165700
pd-user_7823921
pd-user_8345396
pd-user_3613637
pd-user_554951
pd-user_5476418
pd-user_9462035
pd-user_1391747
pd-user_8041415
pd-user_8207632
pd-user_7826891
pd-user_2627019
pd-user_2546941
pd-user_158524
pd-user_4112461
pd-user_5004372
pd-user_3379073
pd-user_3712840
pd-user_5048574
pd-user_6175410
pd-user_7097495
pd-user_8297923
pd-user_6667699
pd-user_1957307
pd-user_2253336
pd-user_1810858
pd-user_8701799
pd-user_5851632
pd-user_7752025
pd-user_6121814
pd-user_2596331
pd-user_1696083
pd-user_2867748
pd-user_3489859
pd-user_360020
pd-user_3919094
pd-user_9371268
pd-user_3209825
pd-user_7804094
pd-user_3749492
pd-user_7560354
pd-user_4417335
pd-user_4573173
pd-user_8616783
pd-user_9118575
pd-user_4640021
pd-user_4376382
pd-user_654265
pd-user_4237967
pd-user_8927384
pd-user_910158
pd-user_9537307
pd-user_8318761
pd-user_9651659
pd-user_8553965
pd-user_6760794
pd-user_3049415
pd-user_6579046
pd-user_5419279
pd-user_3867193
pd-user_3627106
pd-user_2548074
pd-user_1560777
pd-user_1295514
pd-user_9103623
pd-user_7894000
pd-user_4938216
pd-user_6442849
pd-user_8938188
pd-user_5640890
pd-user_1233487
pd-user_6430707
pd-user_3219466
pd-user_3826131
pd-user_1432420
pd-user_3480355
pd-user_8447014
pd-user_3613984
pd-user_9896028
pd-user_6864858
pd-user_5784037
pd-user_2857471
pd-user_8445025
pd-user_3857413
pd-user_822221
pd-user_5075239
pd-user_262546
pd-user_5849913
pd-user_6923559
pd-user_5157868
pd-user_1108530
pd-user_5160884
pd-user_1945209
pd-user_3317238
pd-user_7319133
pd-user_6241136
pd-user_1747930
pd-user_1876087
pd-user_868724
pd-user_4941961
pd-user_5249721
pd-user_8082695
pd-user_3964363
pd-user_8677803
pd-user_6692708
pd-user_9774065
pd-user_7422125
pd-user_1457896
pd-user_4517543
pd-user_1436636
pd-user_5177037
pd-user_558970
pd-user_3688254
pd-user_5581635
pd-user_6912203
pd-user_396631
pd-user_181204
pd-user_6709585
pd-user_6582277
pd-user_5229246
pd-user_8756018
pd-user_1567665
pd-user_6939607
pd-user_8723773
pd-user_3910357
pd-user_2210074
pd-user_1256683
pd-user_7718649
pd-user_1381754
pd-user_5198478
pd-user_4908145
pd-user_4151545
pd-user_478580
pd-user_7120744
pd-user_6366040
pd-user_1483471
pd-user_5169953
pd-user_6249810
pd-user_2641287
pd-user_2185373
pd-user_8009964
pd-user_8114863
pd-user_1801510
pd-user_3837058
pd-user_5622816
pd-user_5510245
pd-user_499635
pd-user_8548613
pd-user_6035447
pd-user_8168837
pd-user_1941474
pd-user_6485176
pd-user_1449106
pd-user_952705
pd-user_9526713
pd-user_9093056
pd-user_1153393
pd-user_9837930
pd-user_5675577
pd-user_1579139
pd-user_6700035
pd-user_6100141
pd-user_5541270
pd-user_2558459
pd-user_102600
pd-user_8078697
pd-user_7172184
pd-user_3138175
pd-user_6030024
pd-user_8265389
pd-user_4202367
pd-user_5953394
pd-user_6843699
pd-user_6998936
pd-user_5805668
pd-user_740503
pd-user_2463819
pd-user_5164971
pd-user_83710
pd-user_7146113
pd-user_9321829
pd-user_3361870
pd-user_8266422
pd-user_5269809
pd-user_7352702
pd-user_9119118
pd-user_6511448
pd-user_5950378
pd-user_2927120
pd-user_1936412
pd-user_7123804
pd-user_7286378
pd-user_4114611
pd-user_4964549
pd-user_1815379
pd-user_9565869
pd-user_8356386
pd-user_3187252
pd-user_7252322
pd-user_8622090
pd-user_7604419
pd-user_9145867
pd-user_2425306
pd-user_1632557
pd-user_6120930
pd-user_6678079
pd-user_1711913
pd-user_2782770
pd-user_9529737
pd-user_1452736
pd-user_3654088
pd-user_1920508
pd-user_2441844
pd-user_695994
pd-user_8045188
pd-user_8291311
pd-user_4256519
pd-user_9686363
pd-user_9855702
pd-user_4827309
pd-user_6953005
pd-user_9262334
pd-user_5400095
pd-user_5646667
pd-user_6966631
pd-user_315050
pd-user_8027249
pd-user_3806256
pd-user_9953851
pd-user_1129173
pd-user_5314103
pd-user_6089411
pd-user_5589379
pd-user_8625922
pd-user_4363675
pd-user_122772
pd-user_673201
pd-user_7595196
pd-user_4484062
pd-user_3114106
pd-user_8794219
pd-user_2771821
pd-user_2914671
pd-user_7648114
pd-user_7934412
pd-user_1277259
pd-user_2832853
pd-user_2981341
pd-user_6907013
pd-user_3346421
pd-user_5241446
pd-user_7636350
pd-user_4156980
pd-user_5423861
pd-user_8344283
pd-user_980564
pd-user_2244420
pd-user_7208466
pd-user_6273328
pd-user_5866877
pd-user_8078477
pd-user_1850832
pd-user_7253761
pd-user_3067207
pd-user_5971481
pd-user_1049436
pd-user_1875180
pd-user_9350455
pd-user_6293199
pd-user_8603548
pd-user_3369785
pd-user_6865484
pd-user_6902197
pd-user_1864660
pd-user_3181055
pd-user_7643584
pd-user_4774515
pd-user_4885407
pd-user_6269648
pd-user_1969022
pd-user_9294824
pd-user_5374295
pd-user_5102524
pd-user_4110774
pd-user_3446684
pd-user_6240286
pd-user_6177169
pd-user_7351603
pd-user_8242759
pd-user_4480827
pd-user_697050
pd-user_4675702
pd-user_2893832
pd-user_5440268
pd-user_6333932
pd-user_3633581
pd-user_1804175
pd-user_9149885
pd-user_6137600
pd-user_6403751
pd-user_6213484
pd-user_8311223
pd-user_2983456
pd-user_4642757
pd-user_3054563
pd-user_563109
pd-user_9525255
pd-user_7915896
pd-user_5951238
pd-user_1115613
pd-user_1247807
pd-user_7791653
pd-user_9379113
pd-user_4794027
pd-user_5219106
pd-user_2040673
pd-user_3826096
pd-user_4594816
pd-user_3405912
pd-user_4060540
pd-user_9760735
pd-user_7590735
pd-user_2664147
pd-user_579899
pd-user_3755796
pd-user_9080183
pd-user_3983252
pd-user_7131707
pd-user_104489
pd-user_5957985
pd-user_9709267
pd-user_134739
pd-user_7454594
pd-user_8542952
pd-user_4899227
pd-user_4937392
pd-user_187470
pd-user_397336
pd-user_9805355
pd-user_2131113
pd-user_351491
pd-user_7424465
pd-user_297234
pd-user_2618220
pd-user_8174753
pd-user_8202667
pd-user_9599496
pd-user_3896960
pd-user_5974948
pd-user_5655151
pd-user_9764333
pd-user_583800
pd-user_5869468
pd-user_5215785
pd-user_395877
pd-user_3877546
pd-user_9718352
pd-user_930174
pd-user_7718512
pd-user_5391156
pd-user_9285566
pd-user_2808068
pd-user_589266
pd-user_8961735
pd-user_1210857
pd-user_7350380
pd-user_6397174
pd-user_6785528
pd-user_6635282
pd-user_5900968
pd-user_5873900
pd-user_9122616
pd-user_3394886
pd-user_5548005
pd-user_9204769
pd-user_3592369
pd-user_5761314
pd-user_6360657
pd-user_214908
pd-user_7190496
pd-user_95419
pd-user_5572089
pd-user_6419319
pd-user_9424934
pd-user_9108867
pd-user_8243855
pd-user_1171387
pd-user_6658393
pd-user_7799111
pd-user_2311622
pd-user_5819465
pd-user_2516657
pd-user_457934
pd-user_1231070
pd-user_9638692
pd-user_3504396
pd-user_3289961
pd-user_2287520
pd-user_9550443
pd-user_7051137
pd-user_9239332
pd-user_1029254
pd-user_8524151
pd-user_7507734
pd-user_7436098
pd-user_6581617
pd-user_3261472
pd-user_269838
pd-user_1541309
pd-user_1678451
pd-user_7287915
pd-user_1934550
pd-user_3431988
pd-user_8044193
pd-user_4446013
pd-user_3837829
pd-user_4927725
pd-user_4422695
pd-user_669747
pd-user_7132158
pd-user_1343243
pd-user_1621690
pd-user_73190
pd-user_3736407
pd-user_6949271
pd-user_9390526
pd-user_4281739
pd-user_8998600
pd-user_2898125
pd-user_7135099
pd-user_1014044
pd-user_6170396
pd-user_4326544
pd-user_6273808
pd-user_8678649
pd-user_2824153
pd-user_5940475
pd-user_4089211
pd-user_308082
pd-user_7358510
pd-user_2442459
pd-user_2660579
pd-user_8696083
pd-user_6826523
pd-user_5539935
pd-user_8353708
pd-user_2048739
pd-user_3504071
pd-user_8866155
pd-user_4761413
pd-user_1977047
pd-user_3067800
pd-user_507444
pd-user_6507854
pd-user_3540783
pd-user_7929806
pd-user_2736384
pd-user_1434378
pd-user_5950702
pd-user_1609751
pd-user_9134279
pd-user_3291491
pd-user_5471769
pd-user_5795497
pd-user_7196415
pd-user_8027698
pd-user_8853083
pd-user_224047
pd-user_1139970
pd-user_9376047
pd-user_8641091
pd-user_1643816
pd-user_3999961
pd-user_5314910
pd-user_2549063
pd-user_2910188
pd-user_1848606
pd-user_2694516
pd-user_4582630
pd-user_9753484
pd-user_4681640
pd-user_5435198
pd-user_3274433
pd-user_2465894
pd-user_7573414
pd-user_9500513
pd-user_695816
pd-user_9198701
pd-user_5298968
pd-user_2303744
pd-user_3916405
pd-user_919021
pd-user_273723
pd-user_1244652
pd-user_8497859
pd-user_3079462
pd-user_1281943
pd-user_5925632
pd-user_6150365
pd-user_9383418
pd-user_8600987
pd-user_6127762
pd-user_9117937
pd-user_7739824
pd-user_4920502
pd-user_8128869
pd-user_3677831
pd-user_193976
pd-user_7542541
pd-user_5791687
pd-user_4468467
pd-user_1527542
pd-user_8936484
pd-user_7842708
pd-user_1343293
pd-user_1888922
pd-user_9591891
pd-user_2741584
pd-user_6765616
pd-user_1116351
pd-user_882331
pd-user_1224830
pd-user_8447708
pd-user_732683
pd-user_3083172
pd-user_5276997
pd-user_3346248
pd-user_8860472
pd-user_2558928
pd-user_5238298
pd-user_9208468
pd-user_6896341
pd-user_2204168
pd-user_8511925
pd-user_7715951
pd-user_9529257
pd-user_5169713
pd-user_4853024
pd-user_8516093
pd-user_2669957
pd-user_7013070
pd-user_6590771
pd-user_2328504
pd-user_3213618
pd-user_1599016
pd-user_61942
pd-user_2911717
pd-user_9324213
pd-user_9707780
pd-user_3061207
pd-user_3928979
pd-user_7040058
pd-user_5255472
pd-user_3196562
pd-user_5127109
pd-user_5160162
pd-user_9209815
pd-user_5995921
pd-user_9583901
pd-user_8972490
pd-user_4641026
pd-user_8211574
pd-user_9403627
pd-user_2771812
pd-user_4613089
pd-user_821462
pd-user_4509870
pd-user_4284902
pd-user_2103550
pd-user_1317254
pd-user_7705159
pd-user_4261742
pd-user_7348366
pd-user_7535696
pd-user_1654
pd-user_7155883
pd-user_9309220
pd-user_4548581
pd-user_8305735
pd-user_144990
pd-user_7763098
pd-user_7324184
pd-user_9776659
pd-user_2096934
pd-user_1994465
pd-user_7344307
pd-user_9383156
pd-user_2854920
pd-user_7191544
pd-user_4877956
pd-user_138961
pd-user_590284
pd-user_3648703
pd-user_5375127
pd-user_8424230
pd-user_1683738
pd-user_7441106
pd-user_4143119
pd-user_8273388
pd-user_2457696
pd-user_6905180
pd-user_1636840
pd-user_1246221
pd-user_6345855
pd-user_2163335
pd-user_7496718
pd-user_6854036
pd-user_459275
pd-user_2644810
pd-user_1923385
pd-user_7540537
pd-user_362667
pd-user_633608
pd-user_221472
pd-user_32420
pd-user_7875714
pd-user_8161662
pd-user_6868644
pd-user_8973549
pd-user_4862725
pd-user_7569796
pd-user_5667769
pd-user_9253926
pd-user_5808273
pd-user_3924397
pd-user_492892
pd-user_9471398
pd-user_6084996
pd-user_7914424
pd-user_1708824
pd-user_3514960
pd-user_6198821
pd-user_6628858
pd-user_7909071
pd-user_3336878
pd-user_7823016
pd-user_1673087
pd-user_5680525
pd-user_8795534
pd-user_8170961
pd-user_8579740
pd-user_5047084
pd-user_8969379
pd-user_9330022
pd-user_9511126
pd-user_5062697
pd-user_4491074
pd-user_882171
pd-user_8982867
pd-user_5656834
pd-user_5590161
pd-user_9566026
pd-user_9560936
pd-user_5208944
pd-user_292398
pd-user_5750389
pd-user_9366373
pd-user_7484949
pd-user_3679033
pd-user_9511547
pd-user_1829174
pd-user_2466735
pd-user_9969469
pd-user_294150
pd-user_9293017
pd-user_6556526
pd-user_9752154
pd-user_6901390
pd-user_7191229
pd-user_1887527
pd-user_5260053
pd-user_4690782
pd-user_8241653
pd-user_951066
pd-user_7206447
pd-user_4308190
pd-user_4209893
pd-user_3997248
pd-user_9846197
pd-user_5625280
pd-user_4726271
pd-user_2778946
pd-user_6288420
pd-user_7232004
pd-user_1950215
pd-user_2035318
pd-user_9348347
pd-user_696728
pd-user_7228415
pd-user_723330
pd-user_4265200
pd-user_8717714
pd-user_5690295
pd-user_2742767
pd-user_8398791
pd-user_5189434
pd-user_6631810
pd-user_6869757
pd-user_8610242
pd-user_5717878
pd-user_2324632
pd-user_6549796
pd-user_8864508
pd-user_7222084
pd-user_2184690
pd-user_8746927
pd-user_5180652
pd-user_3395882
pd-user_5129686
pd-user_9677910
pd-user_7948092
pd-user_5193686
pd-user_4394981
pd-user_3400959
pd-user_2015671
pd-user_7406942
pd-user_8815214
pd-user_1884074
pd-user_580221
pd-user_2818482
pd-user_8339133
pd-user_6935283
pd-user_2244185
pd-user_4043962
pd-user_4841990
pd-user_8168386
pd-user_3014160
pd-user_4533880
pd-user_5107291
pd-user_15963
pd-user_733157
pd-user_2313714
pd-user_9827458
pd-user_5634421
pd-user_9073673
pd-user_530924
pd-user_1412020
pd-user_1512562
pd-user_8786671
pd-user_1822311
pd-user_5138662
pd-user_6200780
pd-user_5441714
pd-user_3565426
pd-user_9809589
pd-user_9695607
pd-user_8656868
pd-user_1617147
pd-user_5359068
pd-user_4320725
pd-user_7485008
pd-user_1818403
pd-user_8601106
pd-user_8139217
pd-user_3382005
pd-user_1347884
pd-user_2024992
pd-user_8868717
pd-user_9271894
pd-user_3675896
pd-user_6406248
pd-user_3803577
pd-user_7164863
pd-user_7137524
pd-user_6922498
pd-user_5214822
pd-user_1130402
pd-user_392820
pd-user_1913651
pd-user_1913492
pd-user_7154289
pd-user_3166778
pd-user_3766140
pd-user_5437961
pd-user_870623
pd-user_4981333
pd-user_2865701
pd-user_6976687
pd-user_9228236
pd-user_3668614
pd-user_4522249
pd-user_3400125
pd-user_2113062
pd-user_7760027
pd-user_3632710
pd-user_5833749
pd-user_8680499
pd-user_451727
pd-user_4762396
pd-user_4915197
pd-user_4088165
pd-user_6240661
pd-user_679170
pd-user_2825481
pd-user_3410500
pd-user_2986080
pd-user_6296686
pd-user_5495728
pd-user_4877390
pd-user_3733799
pd-user_2787405
pd-user_7374336
pd-user_6756062
pd-user_6203476
pd-user_6857891
pd-user_2143625
pd-user_9017119
pd-user_7347197
pd-user_5734433
pd-user_3508106
pd-user_698815
pd-user_9939257
pd-user_7317120
pd-user_3076771
pd-user_5298784
pd-user_2023197
pd-user_3809401
pd-user_1866314
pd-user_4575119
pd-user_9502853
pd-user_9073974
pd-user_2687181
pd-user_1887558
pd-user_163725
pd-user_6745353
pd-user_5698158
pd-user_3332934
pd-user_8928574
pd-user_5208473
pd-user_4805261
pd-user_2759754
pd-user_4619614
pd-user_3208948
pd-user_7412673
pd-user_1993845
pd-user_3889253
pd-user_616353
pd-user_8551110
pd-user_1894852
pd-user_9708789
pd-user_5953238
pd-user_927831
pd-user_4466642
pd-user_8208356
pd-user_1826547
pd-user_7867007
pd-user_9964843
pd-user_812828
pd-user_8886701
pd-user_490061
pd-user_4982439
pd-user_7743639
pd-user_7065937
pd-user_3705127
pd-user_3975344
pd-user_3208102
pd-user_4958166
pd-user_584116
pd-user_8830197
pd-user_1676363
pd-user_2750487
pd-user_8495903
pd-user_4384934
pd-user_7327253
pd-user_2020899
pd-user_6886513
pd-user_3211373
pd-user_8215650
pd-user_7542818
pd-user_323950
pd-user_9479957
pd-user_8178625
pd-user_5073906
pd-user_2633724
pd-user_5451707
pd-user_1137817
pd-user_6216536
pd-user_4463946
pd-user_2539284
pd-user_1280402
pd-user_6054600
pd-user_4766956
pd-user_965690
pd-user_8244490
pd-user_3039612
pd-user_8527918
pd-user_4284075
pd-user_7197359
pd-user_3690264
pd-user_9464246
pd-user_6294042
pd-user_6444262
pd-user_2016414
pd-user_3737293
pd-user_2572764
pd-user_5338128
pd-user_797075
pd-user_6399274
pd-user_2730236
pd-user_6997008
pd-user_3381679
pd-user_9480514
pd-user_4860098
pd-user_7394412
pd-user_2646514
pd-user_1855457
pd-user_2134752
pd-user_7282853
pd-user_6343168
pd-user_5526146
pd-user_4766862
pd-user_7283907
pd-user_7123234
pd-user_7582049
pd-user_4066288
pd-user_850003
pd-user_1023383
pd-user_8387970
pd-user_9073744
pd-user_9047640
pd-user_9725400
pd-user_7938750
pd-user_411228
pd-user_6183338
pd-user_5713272
pd-user_4619068
pd-user_2069621
pd-user_6119736
pd-user_5790402
pd-user_6174331
pd-user_9131372
pd-user_4865297
pd-user_4694279
pd-user_5300353
pd-user_7815112
pd-user_607406
pd-user_7742332
pd-user_7953369
pd-user_6683677
pd-user_9317003
pd-user_2806466
pd-user_1047
pd-user_9179483
pd-user_7627189
pd-user_2969868
pd-user_997986
pd-user_9653907
pd-user_715775
pd-user_6869185
pd-user_9206307
pd-user_4139269
pd-user_9744823
pd-user_6841443
pd-user_3800021
pd-user_2562561
pd-user_1872974
pd-user_2234365
pd-user_7026672
pd-user_1542773
pd-user_7661229
pd-user_3504826
pd-user_4965429
pd-user_5732525
pd-user_3603554
pd-user_2726992
pd-user_1893765
pd-user_704259
pd-user_6679585
pd-user_9462736
pd-user_381540
pd-user_5693862
pd-user_7027941
pd-user_4271265
pd-user_4806199
pd-user_4079389
pd-user_6918377
pd-user_4712591
pd-user_2266709
pd-user_1583253
pd-user_2606206
pd-user_7420614
pd-user_4218900
pd-user_2822687
pd-user_9341365
pd-user_1261221
pd-user_7212170
pd-user_1239278
pd-user_3269845
pd-user_9111004
pd-user_7754689
pd-user_2577783
pd-user_2463299
pd-user_9532123
pd-user_6480466
pd-user_2818578
pd-user_9600677
pd-user_9073625
pd-user_1057115
pd-user_2132907
pd-user_8823060
pd-user_2466590
pd-user_3813903
pd-user_3022251
pd-user_6553982
pd-user_650038
pd-user_3217589
pd-user_2694709
pd-user_1053387
pd-user_9239870
pd-user_5433729
pd-user_7076879
pd-user_6869323
pd-user_2718213
pd-user_8677346
pd-user_4924182
pd-user_9402824
pd-user_9821882
pd-user_7499632
pd-user_2080913
pd-user_592043
pd-user_7580972
pd-user_9568972
pd-user_2015958
pd-user_5500696
pd-user_3259910
pd-user_1011597
pd-user_4375300
pd-user_4659731
pd-user_4181267
pd-user_3069075
pd-user_6628568
pd-user_1924544
pd-user_9304298
pd-user_1003831
pd-user_185927
pd-user_993618
pd-user_1787356
pd-user_762375
pd-user_762140
pd-user_2559442
pd-user_5305632
pd-user_1397816
pd-user_8777700
pd-user_9018181
pd-user_9618804
pd-user_9119202
pd-user_1810747
pd-user_2513280
pd-user_3692129
pd-user_4050539
pd-user_239298
pd-user_3447098
pd-user_2318858
pd-user_4841476
pd-user_3527159
pd-user_9262176
pd-user_6862232
pd-user_1549157
pd-user_7094675
pd-user_7295841
pd-user_4300997
pd-user_1351256
pd-user_8760917
pd-user_7703126
pd-user_5878296
pd-user_4767549
pd-user_2435174
pd-user_122478
pd-user_8468355
pd-user_3389517
pd-user_1585231
pd-user_9230888
pd-user_5378203
pd-user_4702505
pd-user_3860782
pd-user_5448438
pd-user_5072880
pd-user_3043779
pd-user_2682125
pd-user_1651717
pd-user_8414376
pd-user_88417
pd-user_9612332
pd-user_2947681
pd-user_3967549
pd-user_606005
pd-user_7429777
pd-user_1670492
pd-user_4046542
pd-user_3556031
pd-user_1668244
pd-user_8777705
pd-user_8650327
pd-user_6640038
pd-user_1082991
pd-user_4422206
pd-user_8707742
pd-user_4013717
pd-user_1912896
pd-user_5154728
pd-user_4730402
pd-user_3078059
pd-user_3994858
pd-user_4771544
pd-user_4996019
pd-user_8611880
pd-user_1791957
pd-user_2696503
pd-user_6405619
pd-user_1911225
pd-user_9851450
pd-user_8212516
pd-user_6250226
pd-user_1242759
pd-user_6382746
pd-user_6031759
pd-user_6205816
pd-user_3655480
pd-user_9897946
pd-user_8467928
pd-user_463858
pd-user_5145696
pd-user_923340
pd-user_3202083
pd-user_2022411
pd-user_2995470
pd-user_7066841
pd-user_4590084
pd-user_7731165
pd-user_2115660
pd-user_6154495
pd-user_9508168
pd-user_524921
pd-user_8862519
pd-user_161263
pd-user_872145
pd-user_7129219
pd-user_7782155
pd-user_9753300
pd-user_9492321
pd-user_17769
pd-user_2034750
pd-user_6169849
pd-user_6130986
pd-user_8031614
pd-user_3295859
pd-user_8541577
pd-user_3501120
pd-user_6475894
pd-user_1563893
pd-user_5620311
pd-user_6787146
pd-user_5895191
pd-user_705541
pd-user_6942944
pd-user_183296
pd-user_5487199
pd-user_7661268
pd-user_6463292
pd-user_560012
pd-user_197319
pd-user_9922644
pd-user_9390721
pd-user_9580412
pd-user_1199072
pd-user_8832868
pd-user_4205922
pd-user_2027703
pd-user_6726524
pd-user_1526513
pd-user_4718189
pd-user_8081221
pd-user_9766144
pd-user_9074178
pd-user_116075
pd-user_83026
pd-user_76241
pd-user_1361127
pd-user_1248008
pd-user_9243215
pd-user_6372126
pd-user_4077924
pd-user_4840824
pd-user_637093
pd-user_5716206
pd-user_790473
pd-user_8419763
pd-user_7474286
pd-user_7705882
pd-user_6321668
pd-user_2163240
pd-user_6217757
pd-user_8915309
pd-user_1111278
pd-user_8225623
pd-user_1593448
pd-user_3043076
pd-user_411056
pd-user_7258277
pd-user_1376125
pd-user_7880130
pd-user_6947734
pd-user_7889232
pd-user_1262690
pd-user_2490494
pd-user_3611489
pd-user_9697123
pd-user_8775628
pd-user_5291218
pd-user_6127622
pd-user_3773800
pd-user_2244367
pd-user_2127031
pd-user_3131596
pd-user_7670543
pd-user_6562646
pd-user_2113350
pd-user_6333747
pd-user_5021158
pd-user_4985127
pd-user_4027186
pd-user_1408479
pd-user_8041851
pd-user_9245148
pd-user_9845552
pd-user_17318
pd-user_5543304
pd-user_2615020
pd-user_6948078
pd-user_6815005
pd-user_8701768
pd-user_7575289
pd-user_9868923
pd-user_61503
pd-user_2916617
pd-user_3934015
pd-user_868042
pd-user_2087119
pd-user_3526053
pd-user_7674715
pd-user_1598402
pd-user_9195969
pd-user_7509096
pd-user_1749202
pd-user_3734934
pd-user_1561491
pd-user_7444669
pd-user_7840256
pd-user_3141752
pd-user_160309
pd-user_6192737
pd-user_4276925
pd-user_451688
pd-user_3799958
pd-user_9115282
pd-user_8834133
pd-user_8920129
pd-user_4207606
pd-user_6744097
pd-user_255652
pd-user_7090176
pd-user_8147199
pd-user_8526390
pd-user_5222069
pd-user_7635349
pd-user_6475126
pd-user_5529663
pd-user_8837685
pd-user_8120307
pd-user_4214912
pd-user_5619083
pd-user_8499539
pd-user_8620592
pd-user_8695966
pd-user_7498426
pd-user_9940365
pd-user_7984863
pd-user_6211008
pd-user_8153053
pd-user_3617068
pd-user_5281966
pd-user_9144083
pd-user_7506677
pd-user_7708038
pd-user_2189444
pd-user_5322241
pd-user_399045
pd-user_3428198
pd-user_1570459
pd-user_9481666
pd-user_2538996
pd-user_2121588
pd-user_5905812
pd-user_6962265
pd-user_7811576
pd-user_2692294
pd-user_9280827
pd-user_9243948
pd-user_4556863
pd-user_7689927
pd-user_6870883
pd-user_7762475
pd-user_6807109
pd-user_6714938
pd-user_4610347
pd-user_7012675
pd-user_5482212
pd-user_2342735
pd-user_3256038
pd-user_16456
pd-user_673363
pd-user_3263570
pd-user_7699582
pd-user_4687781
pd-user_4461684
pd-user_4485994
pd-user_831275
pd-user_3228100
pd-user_6850237
pd-user_1482029
pd-user_4747758
pd-user_4452062
pd-user_8326405
pd-user_7737617
pd-user_7592204
pd-user_3507802
pd-user_536962
pd-user_6808962
pd-user_6090589
pd-user_5579391
pd-user_8538976
pd-user_9225795
pd-user_656915
pd-user_7031719
pd-user_4122679
pd-user_1411959
pd-user_4746255
pd-user_6179451
pd-user_1589795
pd-user_9077447
pd-user_5686503
pd-user_8040284
pd-user_5580108
pd-user_1427252
pd-user_9492910
pd-user_4652440
pd-user_2332647
pd-user_2967113
pd-user_5494502
pd-user_8220984
pd-user_1741533
pd-user_7119768
pd-user_7506770
pd-user_4703155
pd-user_1648868
pd-user_5259522
pd-user_6689458
pd-user_2720300
pd-user_5249180
pd-user_6612897
pd-user_6036490
pd-user_9960573
pd-user_3616798
pd-user_2850435
pd-user_8692282
pd-user_1006976
pd-user_727570
pd-user_5665862
pd-user_6131490
pd-user_305346
pd-user_9455730
pd-user_8142528
pd-user_4830602
pd-user_3605157
pd-user_485513
pd-user_6174398
pd-user_7647689
pd-user_8864166
pd-user_7596962
pd-user_3867301
pd-user_9249053
pd-user_708633
pd-user_316876
pd-user_2431131
pd-user_1141744
pd-user_9990619
pd-user_9126692
pd-user_2635521
pd-user_6958697
pd-user_9093366
pd-user_2330368
pd-user_9304189
pd-user_8426809
pd-user_2724954
pd-user_9171763
pd-user_6932361
pd-user_9904557
pd-user_3284327
pd-user_6644503
pd-user_228479
pd-user_3516244
pd-user_8570919
pd-user_1034235
pd-user_3547460
pd-user_4223337
pd-user_6251006
pd-user_4442322
pd-user_887512
pd-user_1624506
pd-user_3103401
pd-user_781987
pd-user_6410122
pd-user_207442
pd-user_371018
pd-user_3456062
pd-user_9551583
pd-user_7673410
pd-user_948344
pd-user_2346726
pd-user_9706639
pd-user_3066372
pd-user_9025810
pd-user_5410928
pd-user_7680175
pd-user_5069478
pd-user_249706
pd-user_8274924
pd-user_5272590
pd-user_4404601
pd-user_6473749
pd-user_5508122
pd-user_4897938
pd-user_2340321
pd-user_9819837
pd-user_8691740
pd-user_1407040
pd-user_4556510
pd-user_3285021
pd-user_1183968
pd-user_7365693
pd-user_7206983
pd-user_1942995
pd-user_8837123
pd-user_1900046
pd-user_3029739
pd-user_6925056
pd-user_9152495
pd-user_6374989
pd-user_9077984
pd-user_4678444
pd-user_2285306
pd-user_4197993
pd-user_4813845
pd-user_3378154
pd-user_9872752
pd-user_7120830
pd-user_7611403
pd-user_9986712
pd-user_1871821
pd-user_2782890
pd-user_8145725
pd-user_5611136
pd-user_5164314
pd-user_7676993
pd-user_1205158
pd-user_2915157
pd-user_2978987
pd-user_2938598
pd-user_5058290
pd-user_1439640
pd-user_1098645
pd-user_1767738
pd-user_6026911
pd-user_2383825
pd-user_3240583
pd-user_2819710
pd-user_8244118
pd-user_9490403
pd-user_9856577
pd-user_9136741
pd-user_7304613
pd-user_3079248
pd-user_9221147
pd-user_1215481
pd-user_7503842
pd-user_3177437
pd-user_5743604
pd-user_8592295
pd-user_5449172
pd-user_1666930
pd-user_9045544
pd-user_2763965
pd-user_4860456
pd-user_2751365
pd-user_3746824
pd-user_3725591
pd-user_8335499
pd-user_3881969
pd-user_9114999
pd-user_692977
pd-user_3185073
pd-user_9217674
pd-user_2903919
pd-user_9607272
pd-user_2992811
pd-user_6405894
pd-user_8239910
pd-user_3821474
pd-user_1816587
pd-user_1677549
pd-user_8940411
pd-user_3562489
pd-user_4565509
pd-user_6932238
pd-user_9367808
pd-user_9090854
pd-user_9606407
pd-user_7870969
pd-user_5233696
pd-user_3384845
pd-user_6333042
pd-user_2827304
pd-user_9433577
pd-user_551058
pd-user_8871702
pd-user_596132
pd-user_9616697
pd-user_3041438
pd-user_4069730
pd-user_6349952
pd-user_9438639
pd-user_3965194
pd-user_4205014
pd-user_9268202
pd-user_544488
pd-user_2546353
pd-user_8172740
pd-user_7636860
pd-user_8862982
pd-user_460288
pd-user_6506622
pd-user_5936762
pd-user_6713783
pd-user_6318965
pd-user_7489498
pd-user_4669790
pd-user_2090217
pd-user_3872207
pd-user_676874
pd-user_9917823
pd-user_9942798
pd-user_1130504
pd-user_4026706
pd-user_254654
pd-user_2389727
pd-user_9342629
pd-user_5027896
pd-user_1436642
pd-user_1096902
pd-user_7746453
pd-user_7487256
pd-user_2531271
pd-user_7049204
pd-user_3390819
pd-user_1907352
pd-user_2775481
pd-user_9420425
pd-user_8793066
pd-user_3693001
pd-user_8829907
pd-user_475185
pd-user_2704053
pd-user_5439670
pd-user_5557630
pd-user_5458324
pd-user_6786938
pd-user_9346360
pd-user_6113182
pd-user_8883099
pd-user_6867670
pd-user_6551597
pd-user_9535848
pd-user_8607895
pd-user_8188336
pd-user_5777049
pd-user_5068401
pd-user_5279660
pd-user_3236431
pd-user_2441999
pd-user_7014912
pd-user_9617528
pd-user_210789
pd-user_2528938
pd-user_1529050
pd-user_7991356
pd-user_6689402
pd-user_6201162
pd-user_7549270
pd-user_84007
pd-user_3033214
pd-user_8572525
pd-user_8995530
pd-user_7348159
pd-user_1958547
pd-user_7528974
pd-user_9489044
pd-user_2003311
pd-user_826884
pd-user_451495
pd-user_3797505
pd-user_8431901
pd-user_385019
pd-user_477699
pd-user_1714855
pd-user_1948285
pd-user_1645878
pd-user_7088669
pd-user_3571860
pd-user_9644943
pd-user_394052
pd-user_1273245
pd-user_4969795
pd-user_4362093
pd-user_4296805
pd-user_651095
pd-user_9712328
pd-user_9119097
pd-user_1385421
pd-user_31641
pd-user_6938191
pd-user_886878
pd-user_5593078
pd-user_3769085
pd-user_860741
pd-user_8557971
pd-user_685317
pd-user_1216111
pd-user_2583220
pd-user_3301021
pd-user_9854297
pd-user_2009974
pd-user_9027774
pd-user_9153162
pd-user_2009301
pd-user_2029702
pd-user_8707283
pd-user_2296353
pd-user_9739555
pd-user_9007993
pd-user_8547958
pd-user_4943327
pd-user_4153298
pd-user_3302110
pd-user_3381555
pd-user_6155154
pd-user_7490765
pd-user_420641
pd-user_2745848
pd-user_1669385
pd-user_1484510
pd-user_4366565
pd-user_2319001
pd-user_7657691
pd-user_7258648
pd-user_6275804
pd-user_5149833
pd-user_5747132
pd-user_3850680
pd-user_9889920
pd-user_4730027
pd-user_4383099
pd-user_7189769
pd-user_2206077
pd-user_3473043
pd-user_8153602
pd-user_7048657
pd-user_811109
pd-user_3010235
pd-user_9848222
pd-user_8468915
pd-user_6146085
pd-user_8360431
pd-user_8369044
pd-user_9093405
pd-user_4802027
pd-user_9583001
pd-user_5212157
pd-user_3379780
pd-user_5634943
pd-user_9600199
pd-user_2788295
pd-user_1511018
pd-user_7849943
pd-user_3664061
pd-user_8991386
pd-user_3687844
pd-user_6417336
pd-user_6621892
pd-user_2594152
pd-user_486773
pd-user_4715893
pd-user_7169022
pd-user_2374849
pd-user_5708806
pd-user_9819569
pd-user_6651114
pd-user_5480526
pd-user_7967975
pd-user_9785303
pd-user_1721452
pd-user_450703
pd-user_5335828
pd-user_546239
pd-user_8636623
pd-user_6920729
pd-user_5723625
pd-user_8098639
pd-user_5298706
pd-user_3366657
pd-user_9341832
pd-user_482393
pd-user_2696514
pd-user_2099968
pd-user_9400359
pd-user_1437275
pd-user_8137587
pd-user_7699197
pd-user_5161118
pd-user_6355156
pd-user_2913182
pd-user_3715667
pd-user_1022471
pd-user_6225653
pd-user_6613624
pd-user_802840
pd-user_2368624
pd-user_1907816
pd-user_5324774
pd-user_3881097
pd-user_410326
pd-user_6637614
pd-user_5847206
pd-user_1605858
pd-user_9755508
pd-user_2990292
pd-user_8557082
pd-user_3205556
pd-user_1314300
pd-user_5835335
pd-user_4638860
pd-user_2932361
pd-user_989198
pd-user_3375797
pd-user_4147535
pd-user_4958559
pd-user_340423
pd-user_9833973
pd-user_4209334
pd-user_3940149
pd-user_3759471
pd-user_3959181
pd-user_5412654
pd-user_5699607
pd-user_5004380
pd-user_6238264
pd-user_7201872
pd-user_5911364
pd-user_1484138
pd-user_1864728
pd-user_9797143
pd-user_8282677
pd-user_9725475
pd-user_8516358
pd-user_9005175
pd-user_6020818
pd-user_7402914
pd-user_1848613
pd-user_8365244
pd-user_1368414
pd-user_8771198
pd-user_308103
pd-user_9207003
pd-user_9108023
pd-user_1958820
pd-user_1519395
pd-user_454029
pd-user_4484909
pd-user_5768252
pd-user_2146493
pd-user_3071891
pd-user_9994672
pd-user_2854483
pd-user_2159261
pd-user_4893929
pd-user_9898894
pd-user_3666263
pd-user_1837335
pd-user_2255725
pd-user_6118491
pd-user_5316192
pd-user_939606
pd-user_3316789
pd-user_9428981
pd-user_8479160
pd-user_8288223
pd-user_5754238
pd-user_7851191
pd-user_5353089
pd-user_2327184
pd-user_2037826
pd-user_5068230
pd-user_3573657
pd-user_7661296
pd-user_6694623
pd-user_6042616
pd-user_1975327
pd-user_1508575
pd-user_2523225
pd-user_2407240
pd-user_3792978
pd-user_3440893
pd-user_930694
pd-user_7655605
pd-user_2703432
pd-user_3666200
pd-user_1388947
pd-user_7032655
pd-user_2034339
pd-user_676831
pd-user_405736
pd-user_3717404
pd-user_6801943
pd-user_2456991
pd-user_2859630
pd-user_1836815
pd-user_5287434
pd-user_2480131
pd-user_9495485
pd-user_6616082
pd-user_6283961
pd-user_6915671
pd-user_8199270
pd-user_9928890
pd-user_3821599
pd-user_2695028
pd-user_6983705
pd-user_3352034
pd-user_4242831
pd-user_2960086
pd-user_4257816
pd-user_2885182
pd-user_1187728
pd-user_7999976
pd-user_8990442
pd-user_7320885
pd-user_6973716
pd-user_1627024
pd-user_6125006
pd-user_8730790
pd-user_6182091
pd-user_2662456
pd-user_3826410
pd-user_362012
pd-user_5433816
pd-user_5934217
pd-user_6964014
pd-user_9859925
pd-user_3398827
pd-user_814831
pd-user_3400422
pd-user_9234998
pd-user_8460261
pd-user_8983214
pd-user_2220350
pd-user_4829182
pd-user_6774364
pd-user_4233035
pd-user_4685975
pd-user_9840358
pd-user_23825
pd-user_9578935
pd-user_4425897
pd-user_9891877
pd-user_9172430
pd-user_1281459
pd-user_9308719
pd-user_3012510
pd-user_1860052
pd-user_41369
pd-user_145429
pd-user_7624863
pd-user_888377
pd-user_5637865
pd-user_3928644
pd-user_5818058
pd-user_2838957
pd-user_1394368
pd-user_1371856
pd-user_5933128
pd-user_3051383
pd-user_2936043
pd-user_3866514
pd-user_6730086
pd-user_8538520
pd-user_7458058
pd-user_1916890
pd-user_1832937
pd-user_6356809
pd-user_6482335
pd-user_9279382
pd-user_8042727
pd-user_8587038
pd-user_7052523
pd-user_5220844
pd-user_2813825
pd-user_2332513
pd-user_7891728
pd-user_8320339
pd-user_3918816
pd-user_8866447
pd-user_9655938
pd-user_9954035
pd-user_3382573
pd-user_8741187
pd-user_8435185
pd-user_4239514
pd-user_4542984
pd-user_8241379
pd-user_8434276
pd-user_4546622
pd-user_7711524
pd-user_6985364
pd-user_5282203
pd-user_5931863
pd-user_3605634
pd-user_8788378
pd-user_3559311
pd-user_8348830
pd-user_2679603
pd-user_5150504
pd-user_4945802
pd-user_3773428
pd-user_5175507
pd-user_4386245
pd-user_6774155
pd-user_2015836
pd-user_4387144
pd-user_3605938
pd-user_1807435
pd-user_7164000
pd-user_1327252
pd-user_6198278
pd-user_6106140
pd-user_4752583
pd-user_330398
pd-user_1626395
pd-user_6934251
pd-user_4203034
pd-user_752086
pd-user_3524991
pd-user_7179662
pd-user_7488482
pd-user_3516999
pd-user_183753
pd-user_3052059
pd-user_6943931
pd-user_3052487
pd-user_2281605
pd-user_4026933
pd-user_6517584
pd-user_2538462
pd-user_1297381
pd-user_3528486
pd-user_4487849
pd-user_9208963
pd-user_3730213
pd-user_4705578
pd-user_4109340
pd-user_3851219
pd-user_3869438
pd-user_1786062
pd-user_375544
pd-user_1835083
pd-user_8295233
pd-user_2661252
pd-user_7302525
pd-user_1743952
pd-user_1473000
pd-user_179777
pd-user_4796662
pd-user_2281900
pd-user_764111
pd-user_3007672
pd-user_2557583
pd-user_6780588
pd-user_9717082
pd-user_1228450
pd-user_5913777
pd-user_6079911
pd-user_9584133
pd-user_4761933
pd-user_3997707
pd-user_7432712
pd-user_245090
pd-user_7596241
pd-user_8381285
pd-user_7158949
pd-user_5944554
pd-user_6815719
pd-user_369799
pd-user_5391268
pd-user_2010025
pd-user_5218955
pd-user_5486884
pd-user_1986696
pd-user_4082881
pd-user_4135465
pd-user_1345572
pd-user_6237765
pd-user_2896521
pd-user_5874799
pd-user_5876506
pd-user_89895
pd-user_8971948
pd-user_7126920
pd-user_7577318
pd-user_5544662
pd-user_6285375
pd-user_9204125
pd-user_1631607
pd-user_1763607
pd-user_3651669
pd-user_4710871
pd-user_2754032
pd-user_9862835
pd-user_2145604
pd-user_1081300
pd-user_3109448
pd-user_6680453
pd-user_140917
pd-user_102597
pd-user_7459370
pd-user_2459608
pd-user_9924075
pd-user_499130
pd-user_1073403
pd-user_2742297
pd-user_2945138
pd-user_4800663
pd-user_3137160
pd-user_2101356
pd-user_5102150
pd-user_4255285
pd-user_6054684
pd-user_2209103
pd-user_7421564
pd-user_9659609
pd-user_5836638
pd-user_1220186
pd-user_1714046
pd-user_2074701
pd-user_4499663
pd-user_7824560
pd-user_5626706
pd-user_9634062
pd-user_9613549
pd-user_9749126
pd-user_7304460
pd-user_9132927
pd-user_7383981
pd-user_2776101
pd-user_8066371
pd-user_996062
pd-user_7647778
pd-user_4551667
pd-user_1157157
pd-user_9186788
pd-user_8593306
pd-user_6069983
pd-user_2878043
pd-user_4172036
pd-user_9184956
pd-user_4097261
pd-user_5018964
pd-user_3390540
pd-user_8576284
pd-user_9493866
pd-user_5588182
pd-user_2223435
pd-user_3233752
pd-user_9354879
pd-user_5052665
pd-user_1728027
pd-user_8188546
pd-user_8302565
pd-user_6666426
pd-user_3258739
pd-user_2995602
pd-user_4854213
pd-user_2225762
pd-user_7341313
pd-user_2556098
pd-user_8043624
pd-user_6786700
pd-user_9602919
pd-user_1832115
pd-user_1841261
pd-user_3324949
pd-user_5405903
pd-user_844543
pd-user_9660991
pd-user_8578712
pd-user_1675500
pd-user_9104525
pd-user_9577847
pd-user_9619606
pd-user_7664147
pd-user_7295386
pd-user_1179728
pd-user_5914691
pd-user_5510901
pd-user_2395666
pd-user_8299150
pd-user_7276576
pd-user_9404190
pd-user_1270305
pd-user_6608101
pd-user_6260681
pd-user_3628137
pd-user_7911522
pd-user_7533478
pd-user_3933583
pd-user_4650296
pd-user_8397338
pd-user_9773929
pd-user_3385889
pd-user_9321245
pd-user_349288
pd-user_3160480
pd-user_7609845
pd-user_6187120
pd-user_2432049
pd-user_4435075
pd-user_9915897
pd-user_150377
pd-user_8845936
pd-user_1649525
pd-user_475749
pd-user_3538686
pd-user_5729394
pd-user_6579819
pd-user_9372396
pd-user_672435
pd-user_2551120
pd-user_8220376
pd-user_5266408
pd-user_7345577
pd-user_3520463
pd-user_8445008
pd-user_6921517
pd-user_1752061
pd-user_980917
pd-user_8513790
pd-user_9825062
pd-user_3346625
pd-user_6094963
pd-user_1699535
pd-user_7302351
pd-user_2678366
pd-user_6518830
pd-user_3379620
pd-user_2662152
pd-user_5608808
pd-user_7289534
pd-user_247326
pd-user_4408280
pd-user_2107140
pd-user_4690768
pd-user_3073416
pd-user_9698145
pd-user_3667508
pd-user_2016025
pd-user_4319238
pd-user_8533625
pd-user_4488102
pd-user_12509
pd-user_963227
pd-user_3869163
pd-user_341324
pd-user_4459587
pd-user_6102121
pd-user_8653178
pd-user_6821765
pd-user_2989825
pd-user_5442367
pd-user_4640546
pd-user_2173593
pd-user_6960376
pd-user_4353766
pd-user_5793072
pd-user_2309528
pd-user_7368010
pd-user_183528
pd-user_2038839
pd-user_9157558
pd-user_4046716
pd-user_2121677
pd-user_5520900
pd-user_6481823
pd-user_7200706
pd-user_4532217
pd-user_5212223
pd-user_2580120
pd-user_8662724
pd-user_1478440
pd-user_1675920
pd-user_9373341
pd-user_3899872
pd-user_7917507
pd-user_9707556
pd-user_9060402
pd-user_1803518
pd-user_5186449
pd-user_6192225
pd-user_3078398
pd-user_2506858
pd-user_1346747
pd-user_1883301
pd-user_3065314
pd-user_8756404
pd-user_8691022
pd-user_2489958
pd-user_2315111
pd-user_9662434
pd-user_1925813
pd-user_7205753
pd-user_5557597
pd-user_6928116
pd-user_3863441
pd-user_1092396
pd-user_9951795
pd-user_7533783
pd-user_2406031
pd-user_4407657
pd-user_724741
pd-user_5184851
pd-user_1794561
pd-user_5345705
pd-user_9585907
pd-user_7146736
pd-user_2207835
pd-user_3772782
pd-user_5163769
pd-user_7234896
pd-user_3716251
pd-user_6687607
pd-user_6224947
pd-user_6006408
pd-user_9505685
pd-user_9633051
pd-user_9378377
pd-user_414446
pd-user_8127352
pd-user_3291689
pd-user_3397856
pd-user_4752028
pd-user_7256633
pd-user_556956
pd-user_2780626
pd-user_4187614
pd-user_1447256
pd-user_2581291
pd-user_4821675
pd-user_3447020
pd-user_5007319
pd-user_778900
pd-user_3023770
pd-user_4713603
pd-user_3960420
pd-user_5558665
pd-user_7317652
pd-user_4154439
pd-user_6796415
pd-user_4815185
pd-user_445583
pd-user_594678
pd-user_5576417
pd-user_8171491
pd-user_6310468
pd-user_1759022
pd-user_6156566
pd-user_5912978
pd-user_3533641
pd-user_8667125
pd-user_5738064
pd-user_4125101
pd-user_8305666
pd-user_7562910
pd-user_1682078
pd-user_5719991
pd-user_1229019
pd-user_2289289
pd-user_5922266
pd-user_4329794
pd-user_7584118
pd-user_959795
pd-user_6774423
pd-user_914114
pd-user_1124913
pd-user_377002
pd-user_4724475
pd-user_8359340
pd-user_6946002
pd-user_9050406
pd-user_6202084
pd-user_5859467
pd-user_4601864
pd-user_2635611
pd-user_1643528
pd-user_1457701
pd-user_4535411
pd-user_3378136
pd-user_8445151
pd-user_821892
pd-user_9546861
pd-user_7439697
pd-user_3600044
pd-user_8748764
pd-user_3204684
pd-user_5621141
pd-user_8001263
pd-user_7423287
pd-user_7691539
pd-user_9017288
pd-user_2887047
pd-user_7395400
pd-user_666342
pd-user_9084086
pd-user_4812696
pd-user_5173811
pd-user_9090764
pd-user_8641355
pd-user_3331690
pd-user_5032270
pd-user_5626469
pd-user_6719124
pd-user_770167
pd-user_4514141
pd-user_2092298
pd-user_2836932
pd-user_9883925
pd-user_9988661
pd-user_1042489
pd-user_7621709
pd-user_3550496
pd-user_3004062
pd-user_8722371
pd-user_6197624
pd-user_9880773
pd-user_9579333
pd-user_4621351
pd-user_383515
pd-user_9856216
pd-user_2513935
pd-user_9155986
pd-user_278857
pd-user_4141998
pd-user_7014140
pd-user_721093
pd-user_9079584
pd-user_9623374
pd-user_6740880
pd-user_6908438
pd-user_4953148
pd-user_7468720
pd-user_7181466
pd-user_7972317
pd-user_9322523
pd-user_9128211
pd-user_2175265
pd-user_5712368
pd-user_8644981
pd-user_4705685
pd-user_7955348
pd-user_1625306
pd-user_6841373
pd-user_2479861
pd-user_3817062
pd-user_1180332
pd-user_1693853
pd-user_2502944
pd-user_3083029
pd-user_5322058
pd-user_2537030
pd-user_7276328
pd-user_316615
pd-user_3375798
pd-user_4858188
pd-user_6725397
pd-user_8004866
pd-user_5272812
pd-user_2507144
pd-user_6056307
pd-user_2291864
pd-user_4432172
pd-user_7889614
pd-user_6381444
pd-user_8483923
pd-user_824898
pd-user_8657325
pd-user_4823617
pd-user_7906069
pd-user_3965695
pd-user_8486071
pd-user_3560888
pd-user_2901616
pd-user_8434243
pd-user_2008275
pd-user_3474941
pd-user_1856191
pd-user_3868642
pd-user_4190346
pd-user_6830533
pd-user_5405150
pd-user_8521677
pd-user_521658
pd-user_6120999
pd-user_6364879
pd-user_3548552
pd-user_1103658
pd-user_5949445
pd-user_7123133
pd-user_7487960
pd-user_2762724
pd-user_887153
pd-user_1694368
pd-user_9068235
pd-user_8356684
pd-user_8731858
pd-user_8414833
pd-user_5752561
pd-user_729948
pd-user_5424601
pd-user_1640251
pd-user_9131137
pd-user_1902534
pd-user_4619699
pd-user_9726157
pd-user_6474522
pd-user_8057048
pd-user_3946272
pd-user_7199844
pd-user_3846156
pd-user_3257273
pd-user_5892466
pd-user_1033550
pd-user_5144706
pd-user_3091197
pd-user_2603191
pd-user_1504757
pd-user_6091720
pd-user_5044031
pd-user_2646576
pd-user_3616302
pd-user_1380439
pd-user_1025661
pd-user_3819123
pd-user_2515019
pd-user_2806040
pd-user_7775167
pd-user_3221453
pd-user_3221148
pd-user_2167708
pd-user_3236081
pd-user_391190
pd-user_3524886
pd-user_8751588
pd-user_2538772
pd-user_5506256
pd-user_3535240
pd-user_8867053
pd-user_875277
pd-user_5402934
pd-user_1163922
pd-user_6450807
pd-user_7030391
pd-user_7677963
pd-user_2002048
pd-user_3346570
pd-user_7445853
pd-user_853654
pd-user_677235
pd-user_4573022
pd-user_7524881
pd-user_1320291
pd-user_1128818
pd-user_8319371
pd-user_287353
pd-user_7764861
pd-user_5358547
pd-user_2580636
pd-user_5990330
pd-user_8459771
pd-user_1815856
pd-user_8776484
pd-user_1800746
pd-user_923191
pd-user_6613294
pd-user_6588904
pd-user_5787753
pd-user_7449474
pd-user_8269124
pd-user_389355
pd-user_796429
pd-user_5532312
pd-user_1184539
pd-user_6139565
pd-user_9965111
pd-user_1254128
pd-user_6330547
pd-user_5802594
pd-user_804081
pd-user_7413447
pd-user_213218
pd-user_5426486
pd-user_733700
pd-user_7795252
pd-user_9636788
pd-user_3088966
pd-user_3046782
pd-user_3708624
pd-user_5951120
pd-user_613949
pd-user_6163348
pd-user_4678107
pd-user_9693795
pd-user_3461235
pd-user_9632361
pd-user_8874736
pd-user_6290499
pd-user_9535946
pd-user_7717887
pd-user_3461804
pd-user_4499494
pd-user_3015734
pd-user_848428
pd-user_4898216
pd-user_8907980
pd-user_850816
pd-user_4916846
pd-user_4620452
pd-user_9003875
pd-user_3417029
pd-user_303866
pd-user_1093364
pd-user_2296056
pd-user_7717036
pd-user_8229704
pd-user_1133008
pd-user_9755928
pd-user_4545537
pd-user_7312906
pd-user_3851816
pd-user_5373410
pd-user_7216557
pd-user_5699737
pd-user_508848
pd-user_5348970
pd-user_7416834
pd-user_5150492
pd-user_7537074
pd-user_5838034
pd-user_5871706
pd-user_3146012
pd-user_641747
pd-user_2027419
pd-user_2337991
pd-user_4253718
pd-user_6293638
pd-user_5825243
pd-user_2380822
pd-user_3665055
pd-user_5868760
pd-user_4372537
pd-user_1684526
pd-user_6072846
pd-user_3123717
pd-user_4380578
pd-user_7271017
pd-user_576941
pd-user_4142414
pd-user_4146687
pd-user_8048531
pd-user_3103873
pd-user_230492
pd-user_7628064
pd-user_1921577
pd-user_7132375
pd-user_2472276
pd-user_9443087
pd-user_8846903
pd-user_3418135
pd-user_2138101
pd-user_2663749
pd-user_7500071
pd-user_8065455
pd-user_3852936
pd-user_9387683
pd-user_4475002
pd-user_4466350
pd-user_703969
pd-user_9525044
pd-user_6609006
pd-user_1676358
pd-user_5619251
pd-user_6058867
pd-user_4671775
pd-user_8977800
pd-user_3558879
pd-user_8885508
pd-user_5315092
pd-user_9173242
pd-user_9085334
pd-user_6108554
pd-user_2213438
pd-user_8180730
pd-user_8348359
pd-user_8688798
pd-user_6033494
pd-user_7822613
pd-user_5938399
pd-user_7565930
pd-user_4530503
pd-user_8030249
pd-user_5527203
pd-user_8162637
pd-user_5387269
pd-user_3115582
pd-user_9343506
pd-user_4039001
pd-user_2266541
pd-user_6058071
pd-user_7596047
pd-user_9508694
pd-user_6437552
pd-user_2357530
pd-user_7125038
pd-user_9278388
pd-user_939201
pd-user_5715083
pd-user_4500585
pd-user_5331253
pd-user_6588087
pd-user_6146413
pd-user_1063157
pd-user_554054
pd-user_2691808
pd-user_1118924
pd-user_8997758
pd-user_4134777
pd-user_8019843
pd-user_4824552
pd-user_8387738
pd-user_7226056
pd-user_4104732
pd-user_3352879
pd-user_5304162
pd-user_6960475
pd-user_3842374
pd-user_2480405
pd-user_6016041
pd-user_9408169
pd-user_6417339
pd-user_9299065
pd-user_9030148
pd-user_7546009
pd-user_3492589
pd-user_6646680
pd-user_1646770
pd-user_1148968
pd-user_8254839
pd-user_2257958
pd-user_4098587
pd-user_3554537
pd-user_2797543
pd-user_6785701
pd-user_895191
pd-user_8610998
pd-user_5506274
pd-user_9176704
pd-user_3477468
pd-user_342373
pd-user_6161337
pd-user_2957429
pd-user_829960
pd-user_9294382
pd-user_2184210
pd-user_4965020
pd-user_4688442
pd-user_5891534
pd-user_7534868
pd-user_7406212
pd-user_7763940
pd-user_8810472
pd-user_6283893
pd-user_4105474
pd-user_6358628
pd-user_5477828
pd-user_9207900
pd-user_760839
pd-user_8716533
pd-user_6789357
pd-user_9529438
pd-user_2857973
pd-user_4994491
pd-user_654551
pd-user_5181652
pd-user_6742574
pd-user_5380872
pd-user_640064
pd-user_6960310
pd-user_2601695
pd-user_9846317
pd-user_5064118
pd-user_1101285
pd-user_5632879
pd-user_5592494
pd-user_3194050
pd-user_3021080
pd-user_3678928
pd-user_1212110
pd-user_6362099
pd-user_1568218
pd-user_6051082
pd-user_5405957
pd-user_8948274
pd-user_8286351
pd-user_3286894
pd-user_2491640
pd-user_6558193
pd-user_1660442
pd-user_3952611
pd-user_3931859
pd-user_8302210
pd-user_412135
pd-user_7874765
pd-user_9668723
pd-user_9016395
pd-user_5880963
pd-user_3974166
pd-user_9655778
pd-user_5456227
pd-user_3828789
pd-user_2886275
pd-user_2887660
pd-user_7852171
pd-user_3315619
pd-user_5781837
pd-user_9525764
pd-user_5758006
pd-user_9263646
pd-user_2409196
pd-user_2128626
pd-user_4678263
pd-user_9801825
pd-user_8287857
pd-user_898655
pd-user_4254321
pd-user_5299505
pd-user_1865555
pd-user_37850
pd-user_4934697
pd-user_2954536
pd-user_6528750
pd-user_6024649
pd-user_2733325
pd-user_9802292
pd-user_6340057
pd-user_7217987
pd-user_3206660
pd-user_305897
pd-user_6409019
pd-user_7853562
pd-user_3177787
pd-user_3501822
pd-user_2132239
pd-user_3007077
pd-user_8644779
pd-user_6605507
pd-user_7730934
pd-user_5985952
pd-user_9174863
pd-user_99076
pd-user_2779138
pd-user_526695
pd-user_1437114
pd-user_6623125
pd-user_3590428
pd-user_541981
pd-user_3443497
pd-user_3437474
pd-user_155119
pd-user_1678777
pd-user_1116068
pd-user_1674357
pd-user_2870819
pd-user_6443969
pd-user_4598828
pd-user_6246825
pd-user_3025903
pd-user_3201058
pd-user_2137079
pd-user_8408452
pd-user_4843437
pd-user_6121998
pd-user_190774
pd-user_4424187
pd-user_937001
pd-user_926347
pd-user_3646805
pd-user_2601192
pd-user_8606908
pd-user_5752292
pd-user_2743019
pd-user_5296575
pd-user_701247
pd-user_6533260
pd-user_6985665
pd-user_7280496
pd-user_8392440
pd-user_5849670
pd-user_2424537
pd-user_1555999
pd-user_889974
pd-user_8770087
pd-user_188915
pd-user_9821187
pd-user_594189
pd-user_2369552
pd-user_9519836
pd-user_5100185
pd-user_2378716
pd-user_1451269
pd-user_1953895
pd-user_7869081
pd-user_1107070
pd-user_3711366
pd-user_2979754
pd-user_5813855
pd-user_8526056
pd-user_1932289
pd-user_5481946
pd-user_2645270
pd-user_1120040
pd-user_6628610
pd-user_3506867
pd-user_8728370
pd-user_8243234
pd-user_9675181
pd-user_7499912
pd-user_8393764
pd-user_2985111
pd-user_6638022
pd-user_7198733
pd-user_1240309
pd-user_3610462
pd-user_3424752
pd-user_5121711
pd-user_7456132
pd-user_6776256
pd-user_8455426
pd-user_228591
pd-user_628434
pd-user_8293211
pd-user_409534
pd-user_5681792
pd-user_4783152
pd-user_8841172
pd-user_1305018
pd-user_1124181
pd-user_9698965
pd-user_4948318
pd-user_8357538
pd-user_3618083
pd-user_2475041
pd-user_514213
pd-user_3457103
pd-user_8280879
pd-user_8625223
pd-user_9673650
pd-user_5174965
pd-user_8489087
pd-user_247010
pd-user_4351192
pd-user_3754521
pd-user_989461
pd-user_1274026
pd-user_3316110
pd-user_7447901
pd-user_3169695
pd-user_8489172
pd-user_5215724
pd-user_3857718
pd-user_184740
pd-user_3292947
pd-user_7763179
pd-user_4194559
pd-user_8035664
pd-user_7999036
pd-user_387472
pd-user_9513759
pd-user_9281830
pd-user_8628700
pd-user_5074330
pd-user_3343229
pd-user_1249056
pd-user_5628042
pd-user_797690
pd-user_3465425
pd-user_7222052
pd-user_1245678
pd-user_5317584
pd-user_1537554
pd-user_3898753
pd-user_676825
pd-user_9941982
pd-user_758917
pd-user_3251588
pd-user_2001202
pd-user_5393610
pd-user_7130321
pd-user_6324865
pd-user_5368803
pd-user_4440718
pd-user_6584567
pd-user_5830644
pd-user_8563965
pd-user_9141257
pd-user_1313643
pd-user_1896745
pd-user_6565612
pd-user_5624078
pd-user_6276033
pd-user_9387526
pd-user_6064582
pd-user_7490630
pd-user_3929708
pd-user_4257110
pd-user_4510540
pd-user_4117534
pd-user_8552998
pd-user_5152556
pd-user_2147866
pd-user_8481624
pd-user_9431847
pd-user_8034335
pd-user_3973935
pd-user_7443381
pd-user_6126291
pd-user_8523912
pd-user_9256900
pd-user_7185213
pd-user_5160191
pd-user_2807340
pd-user_6257658
pd-user_9286583
pd-user_8146751
pd-user_6383987
pd-user_3219211
pd-user_5067015
pd-user_4107503
pd-user_3751757
pd-user_4781900
pd-user_4712895
pd-user_7636970
pd-user_1590900
pd-user_2952098
pd-user_9820237
pd-user_813788
pd-user_8091457
pd-user_9483240
pd-user_4930465
pd-user_2731906
pd-user_3990503
pd-user_8589163
pd-user_329314
pd-user_274491
pd-user_9251462
pd-user_7178012
pd-user_4905540
pd-user_1995968
pd-user_7105223
pd-user_6811772
pd-user_6174011
pd-user_5728245
pd-user_9544560
pd-user_100403
pd-user_5328120
pd-user_2078657
pd-user_1507204
pd-user_3875189
pd-user_3846337
pd-user_7848062
pd-user_3348633
pd-user_6796181
pd-user_7685916
pd-user_9359158
pd-user_5780298
pd-user_9081929
pd-user_1639433
pd-user_6624056
pd-user_6588132
pd-user_8666138
pd-user_6871777
pd-user_3737026
pd-user_7524034
pd-user_9865752
pd-user_8938497
pd-user_5340666
pd-user_3417291
pd-user_2077999
pd-user_8567467
pd-user_1074866
pd-user_544343
pd-user_3456640
pd-user_414497
pd-user_6769856
pd-user_8536962
pd-user_3416805
pd-user_4695359
pd-user_9366337
pd-user_4013567
pd-user_4195909
pd-user_4840940
pd-user_2841595
pd-user_127880
pd-user_8211036
pd-user_9835762
pd-user_24760
pd-user_2644811
pd-user_2406995
pd-user_2547462
pd-user_1605043
pd-user_9587096
pd-user_9816159
pd-user_3124357
pd-user_4564174
pd-user_4152432
pd-user_162029
pd-user_3262847
pd-user_2737189
pd-user_4183586
pd-user_2937275
pd-user_5998179
pd-user_1165821
pd-user_3315788
pd-user_2631138
pd-user_693457
pd-user_7222289
pd-user_7562970
pd-user_1215824
pd-user_3588331
pd-user_3356129
pd-user_7350228
pd-user_7491197
pd-user_749255
pd-user_3134458
pd-user_6180128
pd-user_7239572
pd-user_1436619
pd-user_879653
pd-user_8375566
pd-user_5195444
pd-user_1825394
pd-user_7478027
pd-user_1113908
pd-user_7595427
pd-user_2307646
pd-user_4092486
pd-user_9365973
pd-user_2496192
pd-user_9621685
pd-user_6171556
pd-user_5111427
pd-user_6399663
pd-user_8035444
pd-user_3701169
pd-user_8667493
pd-user_5458033
pd-user_8574858
pd-user_5412112
pd-user_3059691
pd-user_2169912
pd-user_6367353
pd-user_3376318
pd-user_1661369
pd-user_3915401
pd-user_5922120
pd-user_8671110
pd-user_7845751
pd-user_4687458
pd-user_648627
pd-user_3157127
pd-user_4441459
pd-user_9895864
pd-user_5516700
pd-user_8493816
pd-user_9677682
pd-user_8652734
pd-user_6963996
pd-user_6693003
pd-user_8577982
pd-user_9104550
pd-user_1987885
pd-user_980728
pd-user_9759027
pd-user_6038947
pd-user_6116431
pd-user_2849540
pd-user_4857762
pd-user_5498238
pd-user_9431968
pd-user_3718751
pd-user_201684
pd-user_331807
pd-user_3330304
pd-user_3260842
pd-user_3406657
pd-user_4513974
pd-user_64627
pd-user_387181
pd-user_5624468
pd-user_1639351
pd-user_7358613
pd-user_2219882
pd-user_7862367
pd-user_2672703
pd-user_7437498
pd-user_8864091
pd-user_5728307
pd-user_3255907
pd-user_7984751
pd-user_7878248
pd-user_202676
pd-user_204851
pd-user_1604293
pd-user_5957258
pd-user_6309553
pd-user_4342234
pd-user_8607418
pd-user_5760808
pd-user_6143763
pd-user_6034395
pd-user_9172647
pd-user_6675039
pd-user_6958219
pd-user_8517718
pd-user_9753329
pd-user_9458582
pd-user_4293479
pd-user_7835002
pd-user_5210289
pd-user_7984916
pd-user_9486205
pd-user_7893134
pd-user_6044999
pd-user_3684714
pd-user_577877
pd-user_4648590
pd-user_1068601
pd-user_7418113
pd-user_9006734
pd-user_2185463
pd-user_3194979
pd-user_7256872
pd-user_9860221
pd-user_9676732
pd-user_2887466
pd-user_8280239
pd-user_4507448
pd-user_7558515
pd-user_4048573
pd-user_1570474
pd-user_5821300
pd-user_3381707
pd-user_8807990
pd-user_5084437
pd-user_6160410
pd-user_528126
pd-user_476627
pd-user_7795763
pd-user_9092522
pd-user_4086950
pd-user_1351151
pd-user_6867919
pd-user_1893809
pd-user_6864160
pd-user_1429510
pd-user_9624876
pd-user_3529229
pd-user_5294894
pd-user_2509255
pd-user_5281244
pd-user_3047645
pd-user_9824900
pd-user_515173
pd-user_6851164
pd-user_2494780
pd-user_9082115
pd-user_4417432
pd-user_9560207
pd-user_3946374
pd-user_2967225
pd-user_2096866
pd-user_4015070
pd-user_7081503
pd-user_7754937
pd-user_2251598
pd-user_9996631
pd-user_1167432
pd-user_6120287
pd-user_1739530
pd-user_3963390
pd-user_624468
pd-user_4479057
pd-user_9207682
pd-user_9690804
pd-user_199957
pd-user_6729981
pd-user_9621791
pd-user_4184883
pd-user_31181
pd-user_3708602
pd-user_2902390
pd-user_7629795
pd-user_3123014
pd-user_5923241
pd-user_1728945
pd-user_4838293
pd-user_8311400
pd-user_249094
pd-user_9850052
pd-user_3888432
pd-user_9778243
pd-user_8772818
pd-user_3483349
pd-user_5768416
pd-user_9664813
pd-user_1920810
pd-user_7259971
pd-user_6721992
pd-user_2530213
pd-user_3176005
pd-user_7807816
pd-user_2368539
pd-user_1554506
pd-user_4953975
pd-user_5756927
pd-user_9881508
pd-user_7337379
pd-user_1479722
pd-user_4808875
pd-user_2526672
pd-user_9037067
pd-user_3518374
pd-user_7246107
pd-user_4000262
pd-user_9753816
pd-user_8058923
pd-user_5616359
pd-user_1669010
pd-user_4004931
pd-user_7763390
pd-user_1058531
pd-user_5718763
pd-user_4263779
pd-user_7804885
pd-user_3407080
pd-user_7104273
pd-user_3544596
pd-user_4152522
pd-user_2899487
pd-user_4504791
pd-user_6947583
pd-user_2955355
pd-user_2954906
pd-user_3506707
pd-user_1474673
pd-user_1632201
pd-user_8573480
pd-user_4350925
pd-user_3893353
pd-user_5659140
pd-user_6171963
pd-user_4572995
pd-user_8671669
pd-user_91100
pd-user_8611464
pd-user_1350684
pd-user_5106614
pd-user_5597918
pd-user_7274956
pd-user_4070202
pd-user_2429620
pd-user_9148583
pd-user_5228184
pd-user_9773870
pd-user_5624193
pd-user_3389450
pd-user_2874635
pd-user_5114947
pd-user_2598337
pd-user_9917109
pd-user_5598362
pd-user_531199
pd-user_7050977
pd-user_1605063
pd-user_1756246
pd-user_1400286
pd-user_6801688
pd-user_5685304
pd-user_8425178
pd-user_1870284
pd-user_7257297
pd-user_4316664
pd-user_7681564
pd-user_5971651
pd-user_9319414
pd-user_7329351
pd-user_162345
pd-user_6291086
pd-user_1340611
pd-user_9306130
pd-user_8585706
pd-user_6840577
pd-user_9123570
pd-user_7644512
pd-user_814801
pd-user_481395
pd-user_9441576
pd-user_8862720
pd-user_5441321
pd-user_6830663
pd-user_4608898
pd-user_7880155
pd-user_7418283
pd-user_634158
pd-user_3415187
pd-user_1571552
pd-user_5009131
pd-user_7896342
pd-user_1298826
pd-user_6632839
pd-user_8305832
pd-user_1445742
pd-user_2192205
pd-user_8572779
pd-user_6718584
pd-user_1837916
pd-user_6873692
pd-user_2620103
pd-user_1935768
pd-user_2301407
pd-user_1420782
pd-user_6274204
pd-user_1979829
pd-user_8460124
pd-user_6992185
pd-user_4759088
pd-user_5581398
pd-user_9482766
pd-user_4971938
pd-user_9730628
pd-user_6202353
pd-user_3744862
pd-user_9878473
pd-user_2145703
pd-user_3736429
pd-user_2477292
pd-user_8912661
pd-user_6253221
pd-user_4018937
pd-user_2101273
pd-user_5402125
pd-user_4769177
pd-user_6184159
pd-user_4603547
pd-user_6505051
pd-user_1803570
pd-user_394361
pd-user_7983844
pd-user_9747586
pd-user_6480199
pd-user_5951459
pd-user_5296891
pd-user_8091934
pd-user_4936820
pd-user_7348125
pd-user_3066718
pd-user_9448659
pd-user_4094361
pd-user_1649024
pd-user_148353
pd-user_9645723
pd-user_3438501
pd-user_6997203
pd-user_8309588
pd-user_7029724
pd-user_9582252
pd-user_6758344
pd-user_1591447
pd-user_2993260
pd-user_5335612
pd-user_3329425
pd-user_4390245
pd-user_7527076
pd-user_4688021
pd-user_8279658
pd-user_7611947
pd-user_5024654
pd-user_700421
pd-user_6209965
pd-user_4448217
pd-user_2169412
pd-user_5992895
pd-user_4474905
pd-user_7823322
pd-user_1358071
pd-user_4891194
pd-user_7636346
pd-user_405900
pd-user_4043521
pd-user_868579
pd-user_5893660
pd-user_7990961
pd-user_8107286
pd-user_9404834
pd-user_9694783
pd-user_240459
pd-user_4876394
pd-user_9850286
pd-user_8232309
pd-user_3516220
pd-user_2302450
pd-user_5339114
pd-user_7735437
pd-user_2951873
pd-user_4329846
pd-user_412199
pd-user_4660038
pd-user_907275
pd-user_8993326
pd-user_1551665
pd-user_2726320
pd-user_2868504
pd-user_9116429
pd-user_4866927
pd-user_540007
pd-user_1124419
pd-user_8303933
pd-user_1616342
pd-user_986692
pd-user_8847947
pd-user_7155030
pd-user_2511894
pd-user_2874054
pd-user_269659
pd-user_7642049
pd-user_4525087
pd-user_7976638
pd-user_441326
pd-user_7140134
pd-user_25996
pd-user_1531451
pd-user_4292923
pd-user_5910560
pd-user_8541951
pd-user_7918589
pd-user_6371839
pd-user_6042878
pd-user_2288649
pd-user_127282
pd-user_4534935
pd-user_4912566
pd-user_710065
pd-user_1306377
pd-user_4393239
pd-user_1889996
pd-user_9526373
pd-user_2903932
pd-user_9947092
pd-user_9755523
pd-user_3261193
pd-user_361630
pd-user_5411104
pd-user_3135440
pd-user_5114822
pd-user_4998252
pd-user_1359125
pd-user_7951681
pd-user_6299108
pd-user_2524910
pd-user_4288060
pd-user_9651662
pd-user_9087484
pd-user_2238230
pd-user_1393098
pd-user_9470899
pd-user_3736992
pd-user_6680130
pd-user_1419315
pd-user_7603697
pd-user_7413144
pd-user_8757570
pd-user_1973056
pd-user_1490606
pd-user_8343745
pd-user_9229349
pd-user_7224945
pd-user_7527660
pd-user_7029391
pd-user_4146491
pd-user_5157182
pd-user_2019984
pd-user_3249335
pd-user_1908313
pd-user_5585509
pd-user_6040192
pd-user_9273563
pd-user_3782520
pd-user_9051263
pd-user_7999965
pd-user_3096064
pd-user_1987945
pd-user_5393396
pd-user_3721048
pd-user_6205593
pd-user_862386
pd-user_7011433
pd-user_6151947
pd-user_9954179
pd-user_1972790
pd-user_2770008
pd-user_7462955
pd-user_8627615
pd-user_9463859
pd-user_3211036
pd-user_6753154
pd-user_6695569
pd-user_6818856
pd-user_187276
pd-user_3845423
pd-user_12850
pd-user_9775872
pd-user_3245057
pd-user_1426103
pd-user_4083115
pd-user_9576845
pd-user_8837700
pd-user_2727616
pd-user_3348729
pd-user_2267764
pd-user_8665292
pd-user_9467340
pd-user_8288778
pd-user_6783963
pd-user_876768
pd-user_2516093
pd-user_5824138
pd-user_8492896
pd-user_7420792
pd-user_7622878
pd-user_6690587
pd-user_1333672
pd-user_1193593
pd-user_8217399
pd-user_1041170
pd-user_7581990
pd-user_6839447
pd-user_4339550
pd-user_7889140
pd-user_1171587
pd-user_5142831
pd-user_5247002
pd-user_6750990
pd-user_2362980
pd-user_2351181
pd-user_7650277
pd-user_8921771
pd-user_8825975
pd-user_2961696
pd-user_5200111
pd-user_3662773
pd-user_3463082
pd-user_4233410
pd-user_8422634
pd-user_7066791
pd-user_9243808
pd-user_2147875
pd-user_8507590
pd-user_8600696
pd-user_4470178
pd-user_4731812
pd-user_5302
pd-user_1951986
pd-user_9573586
pd-user_7504181
pd-user_5948821
pd-user_3131578
pd-user_248314
pd-user_7276586
pd-user_3647053
pd-user_5687539
pd-user_8414384
pd-user_1774448
pd-user_4635274
pd-user_1663769
pd-user_5191962
pd-user_7813514
pd-user_6019001
pd-user_928484
pd-user_3962616
pd-user_3373507
pd-user_2978085
pd-user_9163801
pd-user_145442
pd-user_5752400
pd-user_7754064
pd-user_3414371
pd-user_5765847
pd-user_1858013
pd-user_5213935
pd-user_2838359
pd-user_2415985
pd-user_7222680
pd-user_2610515
pd-user_7103449
pd-user_9781393
pd-user_9298843
pd-user_4302384
pd-user_4596731
pd-user_3000091
pd-user_1473533
pd-user_7057138
pd-user_1934094
pd-user_728937
pd-user_3822499
pd-user_8740107
pd-user_1671533
pd-user_6517074
pd-user_5802021
pd-user_564759
pd-user_3845321
pd-user_2810944
pd-user_6873339
pd-user_5759024
pd-user_6997317
pd-user_176918
pd-user_2039729
pd-user_5604594
pd-user_6277864
pd-user_2357504
pd-user_1218492
pd-user_4608888
pd-user_259098
pd-user_4852332
pd-user_4968872
pd-user_3885910
pd-user_4263209
pd-user_7698131
pd-user_1209751
pd-user_387158
pd-user_1343937
pd-user_4692152
pd-user_4631613
pd-user_6888422
pd-user_9625627
pd-user_782504
pd-user_6723900
pd-user_5759894
pd-user_2900000
pd-user_5254254
pd-user_359759
pd-user_1236110
pd-user_7200945
pd-user_4253190
pd-user_5442495
pd-user_209099
pd-user_4893483
pd-user_5502846
pd-user_8767115
pd-user_8385754
pd-user_6044461
pd-user_1349872
pd-user_1108027
pd-user_7560059
pd-user_4978259
pd-user_2468571
pd-user_5431876
pd-user_5459624
pd-user_6791216
pd-user_2212434
pd-user_8575314
pd-user_8428628
pd-user_920971
pd-user_296514
pd-user_9785346
pd-user_4664973
pd-user_2037570
pd-user_4678296
pd-user_9156808
pd-user_2961907
pd-user_5526055
pd-user_7501493
pd-user_6673900
pd-user_4279605
pd-user_7889489
pd-user_2892530
pd-user_5934574
pd-user_7501673
pd-user_652230
pd-user_3370467
pd-user_669694
pd-user_3101379
pd-user_527412
pd-user_6219558
pd-user_3077856
pd-user_389403
pd-user_4177895
pd-user_4408725
pd-user_6384042
pd-user_1723443
pd-user_1533903
pd-user_6322140
pd-user_2198170
pd-user_7511251
pd-user_1660303
pd-user_7744826
pd-user_5462516
pd-user_331084
pd-user_305408
pd-user_3380196
pd-user_2922412
pd-user_3600686
pd-user_2990479
pd-user_221054
pd-user_9981074
pd-user_5120249
pd-user_6270508
pd-user_4042032
pd-user_5113257
pd-user_8448347
pd-user_5218031
pd-user_1649455
pd-user_5609127
pd-user_9303951
pd-user_2710725
pd-user_6284643
pd-user_5841936
pd-user_2205952
pd-user_8420469
pd-user_2551963
pd-user_8457938
pd-user_9434576
pd-user_2694286
pd-user_4227883
pd-user_5807272
pd-user_3693551
pd-user_4546291
pd-user_939189
pd-user_5279600
pd-user_756993
pd-user_1508246
pd-user_3437803
pd-user_470433
pd-user_5554757
pd-user_2264505
pd-user_2327532
pd-user_2748108
pd-user_7609770
pd-user_3386287
pd-user_9564411
pd-user_545122
pd-user_7730060
pd-user_6825560
pd-user_7509538
pd-user_3429118
pd-user_960613
pd-user_6557220
pd-user_7966331
pd-user_645183
pd-user_3019281
pd-user_7866669
pd-user_6290822
pd-user_5647313
pd-user_7263364
pd-user_9761940
pd-user_2076845
pd-user_6838522
pd-user_9393852
pd-user_5787529
pd-user_5957220
pd-user_1488815
pd-user_6626305
pd-user_8274125
pd-user_7522383
pd-user_4835454
pd-user_5977441
pd-user_2541755
pd-user_2254103
pd-user_7707073
pd-user_7467080
pd-user_7162283
pd-user_9607621
pd-user_1358915
pd-user_8860922
pd-user_3903957
pd-user_3003556
pd-user_1334989
pd-user_2138903
pd-user_2190408
pd-user_6558735
pd-user_6833638
pd-user_889491
pd-user_687458
pd-user_7004718
pd-user_7702884
pd-user_4481738
pd-user_4349058
pd-user_877664
pd-user_1302937
pd-user_8438155
pd-user_7077301
pd-user_8323087
pd-user_8850779
pd-user_4781210
pd-user_453486
pd-user_7193761
pd-user_8842586
pd-user_9748018
pd-user_5393540
pd-user_6644074
pd-user_1638722
pd-user_2971791
pd-user_1624608
pd-user_9951061
pd-user_9378852
pd-user_4016668
pd-user_7375368
pd-user_5043250
pd-user_1366066
pd-user_6748163
pd-user_6856138
pd-user_172157
pd-user_9711087
pd-user_6517475
pd-user_4961134
pd-user_3493735
pd-user_2664408
pd-user_4826626
pd-user_5473523
pd-user_3595907
pd-user_1703158
pd-user_9266076
pd-user_8893282
pd-user_831973
pd-user_762373
pd-user_2549311
pd-user_8305909
pd-user_3653101
pd-user_1972534
pd-user_1831644
pd-user_3993463
pd-user_5807092
pd-user_2617467
pd-user_5452872
pd-user_7184965
pd-user_2293670
pd-user_3973671
pd-user_120546
pd-user_7891746
pd-user_3605621
pd-user_9364176
pd-user_8516230
pd-user_9507575
pd-user_4943013
pd-user_4661299
pd-user_8019927
pd-user_7283930
pd-user_9981801
pd-user_1371829
pd-user_38541
pd-user_7047701
pd-user_7712676
pd-user_6448611
pd-user_7210456
pd-user_7386303
pd-user_9212134
pd-user_9710936
pd-user_9801896
pd-user_5151834
pd-user_9111372
pd-user_7417943
pd-user_3278428
pd-user_6398716
pd-user_8666970
pd-user_3223864
pd-user_8765734
pd-user_3546519
pd-user_2659729
pd-user_1140497
pd-user_3211134
pd-user_8666887
pd-user_6576646
pd-user_3259829
pd-user_3502274
pd-user_4971320
pd-user_3423350
pd-user_9506854
pd-user_1165053
pd-user_2297950
pd-user_2750681
pd-user_4732765
pd-user_705814
pd-user_9566419
pd-user_5517281
pd-user_5828471
pd-user_8547709
pd-user_5858098
pd-user_1215446
pd-user_597648
pd-user_4537126
pd-user_7963778
pd-user_4982178
pd-user_619103
pd-user_5078792
pd-user_8809404
pd-user_7003105
pd-user_5180859
pd-user_9619747
pd-user_6861863
pd-user_1375285
pd-user_6581025
pd-user_773573
pd-user_6582877
pd-user_7749284
pd-user_3207201
pd-user_5045177
pd-user_4100183
pd-user_3892733
pd-user_3473905
pd-user_91045
pd-user_776129
pd-user_6236369
pd-user_1218546
pd-user_1388038
pd-user_9786312
pd-user_9984177
pd-user_3815585
pd-user_5628638
pd-user_216206
pd-user_9178806
pd-user_5605277
pd-user_3568559
pd-user_4413603
pd-user_8244216
pd-user_270210
pd-user_1268519
pd-user_4850352
pd-user_4555972
pd-user_5876
pd-user_1333063
pd-user_2022221
pd-user_7839776
pd-user_2571936
pd-user_4972345
pd-user_5594130
pd-user_9051358
pd-user_4271141
pd-user_6465395
pd-user_1966422
pd-user_3408717
pd-user_1105098
pd-user_8153506
pd-user_7972476
pd-user_6518806
pd-user_5917403
pd-user_7413831
pd-user_3013886
pd-user_1915286
pd-user_7341419
pd-user_2677334
pd-user_3352936
pd-user_445437
pd-user_5858497
pd-user_4896349
pd-user_2323416
pd-user_8966468
pd-user_7194280
pd-user_4640066
pd-user_5648541
pd-user_5085683
pd-user_9781574
pd-user_1666538
pd-user_3688887
pd-user_5026041
pd-user_1908058
pd-user_1607879
pd-user_5759060
pd-user_7189496
pd-user_2341363
pd-user_5414070
pd-user_9747417
pd-user_6308569
pd-user_1401518
pd-user_3110528
pd-user_856355
pd-user_8226327
pd-user_6398963
pd-user_499812
pd-user_7234154
pd-user_5868963
pd-user_4384643
pd-user_8367828
pd-user_2626035
pd-user_5619583
pd-user_2630975
pd-user_8297416
pd-user_8851282
pd-user_5815368
pd-user_9848566
pd-user_784026
pd-user_6557592
pd-user_3618483
pd-user_3027787
pd-user_6011016
pd-user_5584334
pd-user_4288924
pd-user_737839
pd-user_890595
pd-user_8652309
pd-user_8760134
pd-user_728583
pd-user_7794608
pd-user_1546785
pd-user_7037580
pd-user_2364902
pd-user_2518159
pd-user_7169525
pd-user_82351
pd-user_8781895
pd-user_7401047
pd-user_8034689
pd-user_9139810
pd-user_108259
pd-user_3866188
pd-user_7769561
pd-user_8157292
pd-user_1391352
pd-user_3044074
pd-user_6650875
pd-user_9074034
pd-user_3620814
pd-user_295117
pd-user_792425
pd-user_6589102
pd-user_1825465
pd-user_9005344
pd-user_4760455
pd-user_6057310
pd-user_419674
pd-user_171755
pd-user_5116977
pd-user_6901008
pd-user_1706123
pd-user_6603187
pd-user_8921452
pd-user_1059707
pd-user_8785778
pd-user_4847779
pd-user_2970289
pd-user_5215413
pd-user_3844894
pd-user_8733913
pd-user_8070698
pd-user_307528
pd-user_8703463
pd-user_2638170
pd-user_7673582
pd-user_1070524
pd-user_4234295
pd-user_6078613
pd-user_2143843
pd-user_3418183
pd-user_3816255
pd-user_3308309
pd-user_2607840
pd-user_2510519
pd-user_9510661
pd-user_1330084
pd-user_3991949
pd-user_6735225
pd-user_8480997
pd-user_8399067
pd-user_6374749
pd-user_2651881
pd-user_4615794
pd-user_3249818
pd-user_4882738
pd-user_1583041
pd-user_3680240
pd-user_2303052
pd-user_5120792
pd-user_6077146
pd-user_7569803
pd-user_9210344
pd-user_4114588
pd-user_1465807
pd-user_1464064
pd-user_1329186
pd-user_8459248
pd-user_2978162
pd-user_1965491
pd-user_7396692
pd-user_1944388
pd-user_3609803
pd-user_8755558
pd-user_8074048
pd-user_8694774
pd-user_5101731
pd-user_1932520
pd-user_5596516
pd-user_3459311
pd-user_6426171
pd-user_7371797
pd-user_4048746
pd-user_8404870
pd-user_5385971
pd-user_3472126
pd-user_9966134
pd-user_6453489
pd-user_7884226
pd-user_9915421
pd-user_736094
pd-user_1228045
pd-user_5478379
pd-user_6034568
pd-user_8044914
pd-user_4888639
pd-user_6945335
pd-user_5668599
pd-user_249781
pd-user_1651824
pd-user_3226936
pd-user_2564951
pd-user_8184807
pd-user_8156325
pd-user_4733708
pd-user_6409262
pd-user_6994849
pd-user_2642802
pd-user_4108791
pd-user_3170825
pd-user_3061143
pd-user_7272460
pd-user_2265477
pd-user_6702061
pd-user_9517879
pd-user_476468
pd-user_8293748
pd-user_6371404
pd-user_9708455
pd-user_3988194
pd-user_4289529
pd-user_8365930
pd-user_1624373
pd-user_5926913
pd-user_1893581
pd-user_5620778
pd-user_2196254
pd-user_4683502
pd-user_390848
pd-user_3324408
pd-user_7102488
pd-user_6536741
pd-user_3504149
pd-user_4119301
pd-user_9678649
pd-user_2021568
pd-user_1197764
pd-user_2700515
pd-user_7344582
pd-user_604481
pd-user_7190861
pd-user_9377317
pd-user_7641403
pd-user_8051715
pd-user_5621553
pd-user_1888721
pd-user_1151469
pd-user_4363364
pd-user_2007392
pd-user_3225130
pd-user_4674330
pd-user_7610972
pd-user_1488139
pd-user_1710813
pd-user_4450728
pd-user_7657118
pd-user_9636435
pd-user_2513469
pd-user_4916407
pd-user_8901205
pd-user_2293955
pd-user_7096750
pd-user_5706593
pd-user_4982905
pd-user_5790062
pd-user_4409096
pd-user_2964779
pd-user_5796856
pd-user_8441551
pd-user_5566022
pd-user_5040354
pd-user_3230961
pd-user_9618258
pd-user_2992138
pd-user_3685994
pd-user_4121313
pd-user_817718
pd-user_2812346
pd-user_8884810
pd-user_319226
pd-user_4192433
pd-user_7256499
pd-user_186616
pd-user_9015624
pd-user_8548813
pd-user_5499147
pd-user_6160599
pd-user_3497789
pd-user_5044667
pd-user_6606706
pd-user_3978410
pd-user_4464815
pd-user_4147976
pd-user_3697926
pd-user_4844226
pd-user_1594470
pd-user_7618445
pd-user_5254316
pd-user_1791213
pd-user_6803259
pd-user_3224750
pd-user_9825256
pd-user_1932515
pd-user_7679115
pd-user_5446447
pd-user_9051667
pd-user_8790907
pd-user_4237036
pd-user_2751882
pd-user_504134
pd-user_9430589
pd-user_2087407
pd-user_4086075
pd-user_6122366
pd-user_8949248
pd-user_3197592
pd-user_2436692
pd-user_107319
pd-user_4967284
pd-user_2413845
pd-user_8639573
pd-user_6260317
pd-user_1035736
pd-user_5612236
pd-user_9425594
pd-user_2302440
pd-user_675396
pd-user_7048540
pd-user_9902511
pd-user_6346940
pd-user_5548940
pd-user_4714992
pd-user_4599869
pd-user_2363816
pd-user_9695164
pd-user_5210011
pd-user_8928745
pd-user_8952933
pd-user_8203200
pd-user_4276428
pd-user_7696740
pd-user_3824244
pd-user_9548885
pd-user_3793903
pd-user_3840709
pd-user_1911941
pd-user_4262347
pd-user_8522829
pd-user_6400548
pd-user_9786460
pd-user_6256146
pd-user_7857818
pd-user_2884259
pd-user_2360460
pd-user_3689549
pd-user_1185632
pd-user_4391789
pd-user_2637325
pd-user_9858440
pd-user_9216800
pd-user_1515231
pd-user_5064138
pd-user_330532
pd-user_9343642
pd-user_2293340
pd-user_1566166
pd-user_8123044
pd-user_8247480
pd-user_2356534
pd-user_9816737
pd-user_3568735
pd-user_2376013
pd-user_471121
pd-user_6233235
pd-user_400245
pd-user_8605727
pd-user_686005
pd-user_1237682
pd-user_7304731
pd-user_5377079
pd-user_7129822
pd-user_8056086
pd-user_6742158
pd-user_34421
pd-user_4787891
pd-user_8867334
pd-user_5487450
pd-user_6389175
pd-user_3125017
pd-user_1471092
pd-user_1384449
pd-user_4812968
pd-user_316212
pd-user_5872935
pd-user_6216994
pd-user_9841722
pd-user_2070513
pd-user_330053
pd-user_3042931
pd-user_4563566
pd-user_3614530
pd-user_8214323
pd-user_103126
pd-user_4220216
pd-user_8145365
pd-user_8157532
pd-user_7690037
pd-user_1067800
pd-user_3602333
pd-user_4219518
pd-user_3289241
pd-user_8160684
pd-user_1911421
pd-user_2785992
pd-user_6660021
pd-user_5694000
pd-user_5180439
pd-user_4486363
pd-user_3201341
pd-user_6698752
pd-user_1079622
pd-user_8688267
pd-user_4721695
pd-user_8139987
pd-user_8383774
pd-user_2773016
pd-user_4116390
pd-user_2595005
pd-user_1328011
pd-user_256755
pd-user_9407023
pd-user_5889275
pd-user_4949316
pd-user_5023933
pd-user_8223732
pd-user_4911421
pd-user_5314690
pd-user_7684140
pd-user_7100888
pd-user_5106974
pd-user_5869274
pd-user_9840665
pd-user_5315399
pd-user_1451219
pd-user_6004715
pd-user_745894
pd-user_6390216
pd-user_5821557
pd-user_9215993
pd-user_7022742
pd-user_1715271
pd-user_175182
pd-user_3736241
pd-user_308601
pd-user_5042292
pd-user_5082026
pd-user_2428592
pd-user_9750192
pd-user_9084882
pd-user_9123121
pd-user_5546979
pd-user_855715
pd-user_1055611
pd-user_8691598
pd-user_8846512
pd-user_6795508
pd-user_9948968
pd-user_1512600
pd-user_4579807
pd-user_9082913
pd-user_2822283
pd-user_3166401
pd-user_9142302
pd-user_481299
pd-user_6948553
pd-user_3542112
pd-user_8386242
pd-user_2318783
pd-user_8425498
pd-user_3760104
pd-user_1428985
pd-user_3645405
pd-user_9353242
pd-user_186977
pd-user_3393857
pd-user_2773539
pd-user_8418362
pd-user_458560
pd-user_1574436
pd-user_1192654
pd-user_1651534
pd-user_690920
pd-user_7337837
pd-user_1936836
pd-user_48954
pd-user_1797686
pd-user_9910182
pd-user_1917918
pd-user_4854750
pd-user_9585924
pd-user_3770267
pd-user_8930881
pd-user_7709976
pd-user_528943
pd-user_5330096
pd-user_1899626
pd-user_3984535
pd-user_6178092
pd-user_7455024
pd-user_7252985
pd-user_8107036
pd-user_9851723
pd-user_6556939
pd-user_1409048
pd-user_4622225
pd-user_752716
pd-user_571787
pd-user_2891871
pd-user_9671149
pd-user_159616
pd-user_1469060
pd-user_3758614
pd-user_4795193
pd-user_5228401
pd-user_9418626
pd-user_8887283
pd-user_4929432
pd-user_8520978
pd-user_2024872
pd-user_1616801
pd-user_2619113
pd-user_1415247
pd-user_4114688
pd-user_5221921
pd-user_567004
pd-user_5512093
pd-user_7619706
pd-user_2589928
pd-user_7102058
pd-user_6888363
pd-user_2777559
pd-user_4367525
pd-user_3458367
pd-user_206849
pd-user_5313188
pd-user_4388650
pd-user_6950192
pd-user_9890349
pd-user_1702682
pd-user_8875617
pd-user_7617818
pd-user_9125485
pd-user_6735660
pd-user_7357111
pd-user_3275522
pd-user_7493000
pd-user_7774011
pd-user_1730476
pd-user_2589099
pd-user_8712468
pd-user_6953724
pd-user_4588057
pd-user_5824130
pd-user_9997026
pd-user_4264868
pd-user_5832459
pd-user_5009722
pd-user_4084239
pd-user_7074129
pd-user_9653153
pd-user_3099831
pd-user_1957988
pd-user_8291451
pd-user_5590309
pd-user_2202418
pd-user_3436744
pd-user_1136458
pd-user_6993263
pd-user_8328501
pd-user_5912802
pd-user_1284927
pd-user_913020
pd-user_5973506
pd-user_8444101
pd-user_1563656
pd-user_4847391
pd-user_2422195
pd-user_7740859
pd-user_8239222
pd-user_7379000
pd-user_1640460
pd-user_451150
pd-user_6788192
pd-user_130006
pd-user_3027419
pd-user_1964675
pd-user_3658191
pd-user_9994096
pd-user_5887758
pd-user_2094006
pd-user_476516
pd-user_3011499
pd-user_8350406
pd-user_6144300
pd-user_5304020
pd-user_6157951
pd-user_3036708
pd-user_410963
pd-user_5753684
pd-user_6532853
pd-user_8741225
pd-user_3175032
pd-user_1184700
pd-user_9712037
pd-user_3870322
pd-user_252961
pd-user_7593164
pd-user_8409202
pd-user_7497662
pd-user_5543941
pd-user_7545831
pd-user_6736236
pd-user_4549982
pd-user_8639828
pd-user_2977928
pd-user_8243540
pd-user_1560838
pd-user_9874086
pd-user_2973939
pd-user_6208903
pd-user_3342006
pd-user_6694226
pd-user_2231866
pd-user_6945423
pd-user_7903335
pd-user_1797943
pd-user_3231815
pd-user_806623
pd-user_5907426
pd-user_7109038
pd-user_2702603
pd-user_5490664
pd-user_2844960
pd-user_2328947
pd-user_1183135
pd-user_1607583
pd-user_5545740
pd-user_2503137
pd-user_674731
pd-user_4211523
pd-user_9550900
pd-user_2380
pd-user_7047891
pd-user_3661845
pd-user_4948368
pd-user_1426937
pd-user_2672632
pd-user_905191
pd-user_9804032
pd-user_9016011
pd-user_4920918
pd-user_8135587
pd-user_3734206
pd-user_976128
pd-user_7810529
pd-user_9860184
pd-user_1663233
pd-user_4822582
pd-user_5070964
pd-user_6404432
pd-user_8565044
pd-user_4328429
pd-user_1859948
pd-user_6664098
pd-user_1304000
pd-user_2647014
pd-user_6251178
pd-user_8890804
pd-user_9298672
pd-user_5056935
pd-user_3671092
pd-user_1901066
pd-user_244548
pd-user_9166991
pd-user_36584
pd-user_843376
pd-user_2782381
pd-user_4263789
pd-user_2240092
pd-user_7880647
pd-user_3368436
pd-user_8698134
pd-user_6531976
pd-user_7486252
pd-user_2462685
pd-user_6107376
pd-user_1122479
pd-user_1172596
pd-user_9585150
pd-user_8400589
pd-user_9401753
pd-user_8069168
pd-user_2890179
pd-user_9443676
pd-user_1701571
pd-user_2353432
pd-user_1255963
pd-user_828586
pd-user_6483541
pd-user_6506066
pd-user_2220749
pd-user_9054705
pd-user_6316224
pd-user_9709369
pd-user_9268655
pd-user_5530389
pd-user_1761945
pd-user_8271607
pd-user_6779990
pd-user_6458854
pd-user_3029005
pd-user_7563169
pd-user_4995526
pd-user_1478782
pd-user_5397794
pd-user_5844216
pd-user_6990856
pd-user_8953380
pd-user_1804808
pd-user_7492770
pd-user_3924564
pd-user_894549
pd-user_6865997
pd-user_1457387
pd-user_1220785
pd-user_9363154
pd-user_3026467
pd-user_9270100
pd-user_1454680
pd-user_4767501
pd-user_8490069
pd-user_8798578
pd-user_8348635
pd-user_5219935
pd-user_4108355
pd-user_7920643
pd-user_2008189
pd-user_5793843
pd-user_51135
pd-user_7829425
pd-user_4833473
pd-user_1372197
pd-user_5628001
pd-user_7118488
pd-user_2287239
pd-user_2153901
pd-user_2645288
pd-user_768536
pd-user_468440
pd-user_2419526
pd-user_8920785
pd-user_7161051
pd-user_2363620
pd-user_1474878
pd-user_1357014
pd-user_1210320
pd-user_3838093
pd-user_6330436
pd-user_1091521
pd-user_5276955
pd-user_1936399
pd-user_5039316
pd-user_7582150
pd-user_7211824
pd-user_6408723
pd-user_7822748
pd-user_9522449
pd-user_842737
pd-user_7112669
pd-user_2712493
pd-user_7676126
pd-user_7839860
pd-user_3993180
pd-user_4064720
pd-user_1310780
pd-user_639062
pd-user_7986524
pd-user_1182840
pd-user_4191504
pd-user_3674409
pd-user_4211566
pd-user_9235641
pd-user_133853
pd-user_5125788
pd-user_3677252
pd-user_2578722
pd-user_1344672
pd-user_884241
pd-user_4693246
pd-user_875596
pd-user_7144683
pd-user_6788129
pd-user_8692524
pd-user_9788959
pd-user_9730148
pd-user_5518878
pd-user_1810204
pd-user_2455518
pd-user_867166
pd-user_6586817
pd-user_2437983
pd-user_9488428
pd-user_38831
pd-user_5384919
pd-user_9663288
pd-user_1070143
pd-user_2274892
pd-user_4501736
pd-user_2611857
pd-user_8416889
pd-user_5295706
pd-user_5894235
pd-user_2247409
pd-user_9566046
pd-user_2648031
pd-user_7967445
pd-user_8375086
pd-user_4116766
pd-user_6824431
pd-user_9850716
pd-user_2408603
pd-user_2166975
pd-user_5023296
pd-user_5554471
pd-user_8496558
pd-user_3504531
pd-user_5526906
pd-user_9393720
pd-user_2789759
pd-user_3051909
pd-user_6813367
pd-user_3338647
pd-user_2694406
pd-user_569949
pd-user_4320130
pd-user_5993523
pd-user_6466798
pd-user_349061
pd-user_6776560
pd-user_8599416
pd-user_5956312
pd-user_9655388
pd-user_2659125
pd-user_3389737
pd-user_9814964
pd-user_4577431
pd-user_2786534
pd-user_7799137
pd-user_1700100
pd-user_523868
pd-user_6788920
pd-user_3435778
pd-user_8420967
pd-user_7563991
pd-user_9330182
pd-user_7886297
pd-user_1224859
pd-user_1200231
pd-user_8096237
pd-user_5953304
pd-user_7446388
pd-user_8193808
pd-user_86782
pd-user_8200475
pd-user_6638545
pd-user_5830238
pd-user_2221800
pd-user_9844961
pd-user_8665855
pd-user_563991
pd-user_5255106
pd-user_1244605
pd-user_62355
pd-user_3295705
pd-user_2666378
pd-user_266151
pd-user_6735908
pd-user_9404378
pd-user_5995468
pd-user_1330096
pd-user_3556619
pd-user_8811151
pd-user_2681838
pd-user_9844364
pd-user_881445
pd-user_8627089
pd-user_6148707
pd-user_8703924
pd-user_1302279
pd-user_6198356
pd-user_3150915
pd-user_4266142
pd-user_8492958
pd-user_1115082
pd-user_4025580
pd-user_6478006
pd-user_733929
pd-user_704665
pd-user_1878762
pd-user_164062
pd-user_1627347
pd-user_3780420
pd-user_8501965
pd-user_7547250
pd-user_9618796
pd-user_8365070
pd-user_2867757
pd-user_7434704
pd-user_7636502
pd-user_2019290
pd-user_8831675
pd-user_6155767
pd-user_9570861
pd-user_4740359
pd-user_2657609
pd-user_3066369
pd-user_4963619
pd-user_5034327
pd-user_8555105
pd-user_2864349
pd-user_5448455
pd-user_9754173
pd-user_5731328
pd-user_1102776
pd-user_7861081
pd-user_6643196
pd-user_7837732
pd-user_8465783
pd-user_232061
pd-user_4688976
pd-user_5095591
pd-user_3328014
pd-user_1530838
pd-user_6819335
pd-user_4296487
pd-user_5359185
pd-user_2395535
pd-user_999001
pd-user_1867043
pd-user_4867227
pd-user_8884898
pd-user_4500097
pd-user_3869483
pd-user_8909549
pd-user_1535815
pd-user_1364702
pd-user_9897706
pd-user_2236921
pd-user_6357730
pd-user_9908609
pd-user_4730591
pd-user_9971861
pd-user_4112722
pd-user_348138
pd-user_9569150
pd-user_6371531
pd-user_6007921
pd-user_4616125
pd-user_924914
pd-user_7223175
pd-user_4027107
pd-user_5895693
pd-user_7850188
pd-user_6953679
pd-user_2725625
pd-user_4952246
pd-user_4929900
pd-user_1619982
pd-user_3160593
pd-user_5548734
pd-user_2653981
pd-user_1214648
pd-user_1134513
pd-user_9590481
pd-user_9116199
pd-user_6248528
pd-user_6473210
pd-user_8371734
pd-user_3509581
pd-user_2634529
pd-user_485363
pd-user_6518501
pd-user_1919542
pd-user_6681486
pd-user_1645729
pd-user_6986476
pd-user_7465673
pd-user_6653391
pd-user_6675620
pd-user_8656765
pd-user_8454273
pd-user_6746168
pd-user_15654
pd-user_4566934
pd-user_605971
pd-user_9429241
pd-user_1853682
pd-user_4145465
pd-user_5204047
pd-user_5472257
pd-user_7597334
pd-user_8757573
pd-user_6273267
pd-user_5496421
pd-user_2795950
pd-user_5041196
pd-user_2415359
pd-user_7617570
pd-user_9190955
pd-user_6830237
pd-user_1186388
pd-user_4118217
pd-user_4046461
pd-user_9092048
pd-user_7104320
pd-user_3130513
pd-user_1026571
pd-user_8833842
pd-user_333675
pd-user_3652119
pd-user_1203259
pd-user_8850217
pd-user_9622700
pd-user_6042818
pd-user_5789526
pd-user_9768609
pd-user_3358194
pd-user_4258736
pd-user_3192214
pd-user_2041390
pd-user_7698402
pd-user_6718915
pd-user_5626801
pd-user_1254124
pd-user_8630572
pd-user_3147800
pd-user_9939442
pd-user_7443889
pd-user_5508747
pd-user_2179977
pd-user_8810908
pd-user_5888684
pd-user_3239622
pd-user_8130550
pd-user_5519947
pd-user_8747926
pd-user_1038371
pd-user_3745254
pd-user_3665472
pd-user_1792012
pd-user_8516198
pd-user_3366325
pd-user_3379377
pd-user_81701
pd-user_649918
pd-user_380492
pd-user_5896536
pd-user_7357831
pd-user_4200094
pd-user_6721474
pd-user_7617389
pd-user_5819044
pd-user_15285
pd-user_7244666
pd-user_2162441
pd-user_7697191
pd-user_686849
pd-user_5776215
pd-user_6399886
pd-user_9035149
pd-user_5231993
pd-user_297326
pd-user_6866568
pd-user_7984927
pd-user_5999327
pd-user_9597820
pd-user_122230
pd-user_7350508
pd-user_404702
pd-user_4749642
pd-user_5521959
pd-user_9463391
pd-user_5445314
pd-user_8236752
pd-user_4993904
pd-user_4285168
pd-user_124527
pd-user_9293920
pd-user_5670286
pd-user_1601287
pd-user_6475207
pd-user_3549896
pd-user_2703582
pd-user_1626247
pd-user_8851959
pd-user_4052111
pd-user_2934750
pd-user_528188
pd-user_3948290
pd-user_4260754
pd-user_8192078
pd-user_894094
pd-user_7513142
pd-user_7967148
pd-user_5441818
pd-user_2004329
pd-user_8028561
pd-user_4573740
pd-user_7823914
pd-user_2124717
pd-user_870036
pd-user_3440567
pd-user_26528
pd-user_9536894
pd-user_4975287
pd-user_5991603
pd-user_5843217
pd-user_7985487
pd-user_7858536
pd-user_7603839
pd-user_2959125
pd-user_1027079
pd-user_8481646
pd-user_7688773
pd-user_3039482
pd-user_1583319
pd-user_7083160
pd-user_1743888
pd-user_7405484
pd-user_5241340
pd-user_9115986
pd-user_3901272
pd-user_2913029
pd-user_3444968
pd-user_2395892
pd-user_6340091
pd-user_6717563
pd-user_3156972
pd-user_5993530
pd-user_2258033
pd-user_865015
pd-user_3200051
pd-user_1379849
pd-user_9883548
pd-user_3328738
pd-user_3395521
pd-user_8209588
pd-user_6875232
pd-user_8356387
pd-user_6701965
pd-user_8566810
pd-user_8815712
pd-user_1588491
pd-user_779851
pd-user_9348386
pd-user_3779655
pd-user_4397328
pd-user_8085999
pd-user_968922
pd-user_9901372
pd-user_1072924
pd-user_7165086
pd-user_2430691
pd-user_6957335
pd-user_1542606
pd-user_2380251
pd-user_8468146
pd-user_9192506
pd-user_4497440
pd-user_9607070
pd-user_553225
pd-user_9895007
pd-user_6167192
pd-user_3131043
pd-user_5521774
pd-user_1424799
pd-user_6875305
pd-user_4190484
pd-user_2515172
pd-user_7636094
pd-user_5378787
pd-user_8313356
pd-user_4399504
pd-user_665360
pd-user_7663496
pd-user_9917727
pd-user_6872172
pd-user_5954208
pd-user_7617012
pd-user_8773280
pd-user_6445396
pd-user_2934788
pd-user_4277766
pd-user_4971501
pd-user_7563974
pd-user_1971637
pd-user_4168235
pd-user_8889083
pd-user_8317593
pd-user_5012507
pd-user_7757705
pd-user_6795348
pd-user_2720376
pd-user_8740294
pd-user_3013238
pd-user_4791362
pd-user_400397
pd-user_635
pd-user_4403720
pd-user_1616050
pd-user_1785200
pd-user_320344
pd-user_7530353
pd-user_9631628
pd-user_35202
pd-user_3202855
pd-user_875473
pd-user_8178677
pd-user_8108127
pd-user_4452320
pd-user_1348242
pd-user_366472
pd-user_4786966
pd-user_3875818
pd-user_218121
pd-user_2259282
pd-user_7422059
pd-user_6673874
pd-user_5793532
pd-user_7103365
pd-user_2410930
pd-user_1257860
pd-user_8185498
pd-user_5293333
pd-user_6681498
pd-user_7166536
pd-user_5488529
pd-user_9214804
pd-user_6393061
pd-user_5739617
pd-user_1240430
pd-user_5538742
pd-user_9674450
pd-user_1826701
pd-user_5003740
pd-user_1058558
pd-user_8067384
pd-user_4721948
pd-user_5643206
pd-user_5707067
pd-user_2877677
pd-user_2721717
pd-user_7542043
pd-user_1303322
pd-user_3595953
pd-user_8195301
pd-user_3499281
pd-user_4669710
pd-user_2606231
pd-user_1275304
pd-user_1165719
pd-user_2194963
pd-user_9239929
pd-user_8480387
pd-user_2208460
pd-user_2613464
pd-user_8096417
pd-user_4648943
pd-user_2771247
pd-user_4118916
pd-user_9482954
pd-user_4789825
pd-user_8799906
pd-user_597752
pd-user_3599488
pd-user_8585170
pd-user_3859519
pd-user_9240943
pd-user_556429
pd-user_9431035
pd-user_6114395
pd-user_7338900
pd-user_4229533
pd-user_4159266
pd-user_7038440
pd-user_2499369
pd-user_6607546
pd-user_6576824
pd-user_6125745
pd-user_6561010
pd-user_3734467
pd-user_2891353
pd-user_6362826
pd-user_2688746
pd-user_9722569
pd-user_6140515
pd-user_9116351
pd-user_4673671
pd-user_8073373
pd-user_3208518
pd-user_4037625
pd-user_3429911
pd-user_3884149
pd-user_8067330
pd-user_647403
pd-user_9962246
pd-user_4852110
pd-user_7843839
pd-user_777217
pd-user_4518481
pd-user_9884838
pd-user_2207459
pd-user_4043893
pd-user_5424071
pd-user_6852904
pd-user_8808907
pd-user_4818458
pd-user_2012453
pd-user_8564093
pd-user_7337348
pd-user_482427
pd-user_2305529
pd-user_3803373
pd-user_438133
pd-user_2744228
pd-user_7206911
pd-user_3492740
pd-user_2891859
pd-user_823423
pd-user_8577807
pd-user_5246282
pd-user_2828859
pd-user_9090480
pd-user_8610588
pd-user_2034035
pd-user_8477602
pd-user_1228089
pd-user_297231
pd-user_1804659
pd-user_7255670
pd-user_5987897
pd-user_1905726
pd-user_6851789
pd-user_5633705
pd-user_7299685
pd-user_3433955
pd-user_2257059
pd-user_3181817
pd-user_5553114
pd-user_456961
pd-user_2024561
pd-user_2880068
pd-user_3263372
pd-user_3190990
pd-user_3752239
pd-user_6620200
pd-user_1477700
pd-user_8781944
pd-user_4809975
pd-user_5076489
pd-user_817571
pd-user_9700858
pd-user_2594588
pd-user_2600814
pd-user_1034903
pd-user_9482553
pd-user_9141612
pd-user_8578409
pd-user_5342425
pd-user_1645000
pd-user_7800977
pd-user_7930844
pd-user_9832577
pd-user_1887549
pd-user_14952
pd-user_4905946
pd-user_7549147
pd-user_617389
pd-user_8523246
pd-user_1044072
pd-user_7255931
pd-user_3382026
pd-user_3806790
pd-user_9272917
pd-user_5901331
pd-user_8522880
pd-user_5325605
pd-user_7130650
pd-user_3689629
pd-user_9972586
pd-user_5872804
pd-user_1762481
pd-user_8776919
pd-user_3385934
pd-user_8604112
pd-user_534554
pd-user_8310017
pd-user_525884
pd-user_4585586
pd-user_4190122
pd-user_1196442
pd-user_9280145
pd-user_1993065
pd-user_9803556
pd-user_3254204
pd-user_1708923
pd-user_3208216
pd-user_7017874
pd-user_5563310
pd-user_3596477
pd-user_3567771
pd-user_5591075
pd-user_7735764
pd-user_7359100
pd-user_8174981
pd-user_4644731
pd-user_8171327
pd-user_4644865
pd-user_4030747
pd-user_7372092
pd-user_3485234
pd-user_2697802
pd-user_7983791
pd-user_9317663
pd-user_9777825
pd-user_8792097
pd-user_4511723
pd-user_3358387
pd-user_3730211
pd-user_9081617
pd-user_464121
pd-user_8440668
pd-user_1564091
pd-user_2432114
pd-user_266812
pd-user_3662464
pd-user_9401662
pd-user_8374113
pd-user_8119661
pd-user_7410226
pd-user_9247484
pd-user_9771906
pd-user_1789476
pd-user_4662917
pd-user_6469467
pd-user_6931137
pd-user_4818298
pd-user_170143
pd-user_2424771
pd-user_5313042
pd-user_7416352
pd-user_2129481
pd-user_9918313
pd-user_2628515
pd-user_8905835
pd-user_8776105
pd-user_2596824
pd-user_2424496
pd-user_7479480
pd-user_7357249
pd-user_1895953
pd-user_7293558
pd-user_3893902
pd-user_2270189
pd-user_6028036
pd-user_8901854
pd-user_4593059
pd-user_7273274
pd-user_9160373
pd-user_6602672
pd-user_8661685
pd-user_1386758
pd-user_5983378
pd-user_8741312
pd-user_4397393
pd-user_8240428
pd-user_8777
pd-user_1187782
pd-user_5962027
pd-user_5329661
pd-user_3040760
pd-user_3766197
pd-user_1727167
pd-user_7400036
pd-user_4269445
pd-user_5227544
pd-user_1676375
pd-user_9779450
pd-user_7321088
pd-user_1239034
pd-user_6900687
pd-user_8545510
pd-user_1999365
pd-user_3035828
pd-user_5935312
pd-user_8787469
pd-user_7916332
pd-user_3308112
pd-user_434455
pd-user_7668799
pd-user_5209720
pd-user_4980895
pd-user_6314062
pd-user_8154047
pd-user_4730662
pd-user_2792675
pd-user_6279786
pd-user_3286178
pd-user_9717556
pd-user_9224354
pd-user_2851425
pd-user_6709364
pd-user_9386552
pd-user_3691306
pd-user_104507
pd-user_2352531
pd-user_624771
pd-user_3085060
pd-user_2906060
pd-user_490956
pd-user_766663
pd-user_6120108
pd-user_8401402
pd-user_8608658
pd-user_8786042
pd-user_3300514
pd-user_756040
pd-user_9167154
pd-user_4278920
pd-user_9589115
pd-user_1161682
pd-user_8516621
pd-user_4405886
pd-user_5304974
pd-user_8179960
pd-user_8359323
pd-user_4790708
pd-user_953069
pd-user_3330628
pd-user_9128725
pd-user_4428938
pd-user_4831037
pd-user_7883231
pd-user_1269614
pd-user_2172809
pd-user_2761517
pd-user_6964694
pd-user_7721063
pd-user_7117258
pd-user_2887845
pd-user_9034121
pd-user_5520800
pd-user_2681506
pd-user_1514837
pd-user_638704
pd-user_2735355
pd-user_4483451
pd-user_6867714
pd-user_8758871
pd-user_9563253
pd-user_5219250
pd-user_7330567
pd-user_3538140
pd-user_7225878
pd-user_6875703
pd-user_5589992
pd-user_4568013
pd-user_6479554
pd-user_3038571
pd-user_6531911
pd-user_7831948
pd-user_3887079
pd-user_2469494
pd-user_9462945
pd-user_9381327
pd-user_9932986
pd-user_1283759
pd-user_3039915
pd-user_1163208
pd-user_6956755
pd-user_6916692
pd-user_8154677
pd-user_5634246
pd-user_2077979
pd-user_9146633
pd-user_330105
pd-user_2422399
pd-user_5316810
pd-user_34831
pd-user_6448571
pd-user_7721559
pd-user_1040532
pd-user_6773298
pd-user_3902675
pd-user_3033615
pd-user_7205090
pd-user_2874238
pd-user_5293213
pd-user_1126880
pd-user_1917136
pd-user_1222727
pd-user_1820451
pd-user_7506767
pd-user_4689417
pd-user_1644142
pd-user_1225845
pd-user_87394
pd-user_7195884
pd-user_325478
pd-user_4251725
pd-user_7404819
pd-user_6182559
pd-user_6036152
pd-user_1895631
pd-user_5785989
pd-user_7088172
pd-user_8380060
pd-user_6859035
pd-user_7399957
pd-user_8840084
pd-user_4890523
pd-user_7352808
pd-user_6114344
pd-user_4025633
pd-user_9080306
pd-user_846732
pd-user_8805223
pd-user_5863022
pd-user_9610409
pd-user_3589346
pd-user_8369225
pd-user_4856628
pd-user_9298214
pd-user_7823102
pd-user_2883399
pd-user_9765958
pd-user_3653864
pd-user_1823438
pd-user_1781875
pd-user_4330792
pd-user_9059505
pd-user_5938266
pd-user_6961636
pd-user_9420320
pd-user_165558
pd-user_1456524
pd-user_2018233
pd-user_8673172
pd-user_1232490
pd-user_9192488
pd-user_4368612
pd-user_309576
pd-user_861732
pd-user_731559
pd-user_1907278
pd-user_1897869
pd-user_3003073
pd-user_8276564
pd-user_8003600
pd-user_1766107
pd-user_4022856
pd-user_9686687
pd-user_8439885
pd-user_139050
pd-user_3946083
pd-user_1203070
pd-user_4879568
pd-user_5579501
pd-user_4518584
pd-user_2397358
pd-user_2982309
pd-user_9713446
pd-user_3459893
pd-user_8051810
pd-user_277314
pd-user_8083488
pd-user_9253922
pd-user_2694492
pd-user_6153824
pd-user_6961152
pd-user_7796456
pd-user_5436931
pd-user_9076177
pd-user_830870
pd-user_6068332
pd-user_2375714
pd-user_4010944
pd-user_58128
pd-user_1856020
pd-user_397646
pd-user_2083206
pd-user_237805
pd-user_5217988
pd-user_6732863
pd-user_3590368
pd-user_4885505
pd-user_348448
pd-user_1182177
pd-user_5772731
pd-user_3893343
pd-user_6149916
pd-user_5018246
pd-user_2786604
pd-user_9679647
pd-user_978980
pd-user_174695
pd-user_527495
pd-user_9494550
pd-user_3762103
pd-user_7304931
pd-user_9505726
pd-user_6738243
pd-user_1638592
pd-user_4526456
pd-user_8719603
pd-user_343766
pd-user_8847718
pd-user_5556645
pd-user_3217085
pd-user_6791607
pd-user_8574650
pd-user_5856432
pd-user_3686264
pd-user_5888226
pd-user_9385594
pd-user_2655774
pd-user_7087255
pd-user_3711274
pd-user_5693395
pd-user_7450285
pd-user_822528
pd-user_4244747
pd-user_9920319
pd-user_8383333
pd-user_8730823
pd-user_9263223
pd-user_1820976
pd-user_5995123
pd-user_5586432
pd-user_5254015
pd-user_1450268
pd-user_1212775
pd-user_9369336
pd-user_7617239
pd-user_8844581
pd-user_8538993
pd-user_320757
pd-user_7165467
pd-user_7339923
pd-user_9115601
pd-user_3593741
pd-user_6027284
pd-user_2531691
pd-user_5883011
pd-user_6034634
pd-user_7103754
pd-user_7771552
pd-user_4144934
pd-user_7127175
pd-user_8473801
pd-user_4673840
pd-user_540112
pd-user_3427457
pd-user_3482220
pd-user_8354209
pd-user_2113720
pd-user_3805040
pd-user_8895629
pd-user_6176589
pd-user_3999135
pd-user_5603959
pd-user_6807668
pd-user_54088
pd-user_1300697
pd-user_8111016
pd-user_803604
pd-user_4581051
pd-user_954876
pd-user_3905861
pd-user_8176961
pd-user_9493131
pd-user_3860844
pd-user_8774229
pd-user_4154748
pd-user_4446619
pd-user_1214398
pd-user_8129576
pd-user_1163318
pd-user_7990660
pd-user_7094539
pd-user_2726441
pd-user_5930292
pd-user_6521167
pd-user_5521488
pd-user_4202767
pd-user_1266322
pd-user_2088372
pd-user_5510310
pd-user_9462827
pd-user_9182251
pd-user_4911444
pd-user_9801882
pd-user_3487402
pd-user_8710520
pd-user_4138759
pd-user_2496227
pd-user_8087245
pd-user_3252834
pd-user_4054119
pd-user_2940971
pd-user_3896489
pd-user_6596200
pd-user_2635637
pd-user_9742026
pd-user_1757246
pd-user_5967957
pd-user_9003961
pd-user_2563675
pd-user_864972
pd-user_2368441
pd-user_3436169
pd-user_3317588
pd-user_5118148
pd-user_325586
pd-user_6742229
pd-user_355083
pd-user_8527981
pd-user_1819024
pd-user_2152658
pd-user_9386233
pd-user_9287540
pd-user_3074252
pd-user_4682867
pd-user_1084428
pd-user_8129411
pd-user_9520765
pd-user_7568048
pd-user_9432827
pd-user_8127151
pd-user_5521114
pd-user_491667
pd-user_2464510
pd-user_4584498
pd-user_1358719
pd-user_7045921
pd-user_2322449
pd-user_1703946
pd-user_2965329
pd-user_6926048
pd-user_9094711
pd-user_5219662
pd-user_5303453
pd-user_65175
pd-user_9025359
pd-user_4724742
pd-user_8567803
pd-user_1447977
pd-user_5023309
pd-user_7435546
pd-user_6843893
pd-user_5682044
pd-user_2558519
pd-user_7913362
pd-user_8307925
pd-user_1509236
pd-user_6714313
pd-user_6267287
pd-user_16889
pd-user_9274750
pd-user_2428827
pd-user_1905468
pd-user_8245794
pd-user_1984937
pd-user_2025578
pd-user_3637803
pd-user_2939897
pd-user_6220294
pd-user_5757667
pd-user_3888254
pd-user_3100227
pd-user_4899886
pd-user_6400941
pd-user_7176593
pd-user_2256662
pd-user_1410352
pd-user_8093517
pd-user_7666746
pd-user_625725
pd-user_6607761
pd-user_3024
pd-user_933691
pd-user_1026300
pd-user_5600317
pd-user_2827137
pd-user_4493441
pd-user_6414658
pd-user_4493731
pd-user_3152403
pd-user_1229725
pd-user_4194735
pd-user_122637
pd-user_5480516
pd-user_4444146
pd-user_2458725
pd-user_5464916
pd-user_8646995
pd-user_4065087
pd-user_6931391
pd-user_4416666
pd-user_9024391
pd-user_2502239
pd-user_3974107
pd-user_361372
pd-user_2970298
pd-user_1832457
pd-user_2136772
pd-user_5143371
pd-user_2559719
pd-user_6673258
pd-user_6003866
pd-user_4695159
pd-user_3916996
pd-user_9772046
pd-user_9640369
pd-user_9884619
pd-user_3409566
pd-user_938584
pd-user_9414799
pd-user_8331507
pd-user_2223971
pd-user_166585
pd-user_3731164
pd-user_2070594
pd-user_4373540
pd-user_1650179
pd-user_3746987
pd-user_6894151
pd-user_3936035
pd-user_5468058
pd-user_1545068
pd-user_2307440
pd-user_2764598
pd-user_5155969
pd-user_73433
pd-user_6108883
pd-user_1594496
pd-user_9152367
pd-user_1556287
pd-user_1507917
pd-user_5323225
pd-user_5620605
pd-user_2988432
pd-user_6126240
pd-user_9922807
pd-user_3886510
pd-user_269466
pd-user_3938251
pd-user_5127414
pd-user_1693146
pd-user_5171901
pd-user_6160269
pd-user_2781801
pd-user_3862463
pd-user_2334079
pd-user_7251236
pd-user_8404648
pd-user_6664763
pd-user_3252158
pd-user_9234930
pd-user_9423561
pd-user_5566524
pd-user_9889248
pd-user_9258209
pd-user_7631308
pd-user_1438355
pd-user_4796905
pd-user_6009142
pd-user_7278410
pd-user_1633773
pd-user_7202971
pd-user_8016942
pd-user_9986060
pd-user_9773102
pd-user_2788657
pd-user_9307980
pd-user_1253357
pd-user_5245167
pd-user_4997572
pd-user_161591
pd-user_1295426
pd-user_2841817
pd-user_4933466
pd-user_6735618
pd-user_4862773
pd-user_9645156
pd-user_4313482
pd-user_2148658
pd-user_7636933
pd-user_1292174
pd-user_2693137
pd-user_3856870
pd-user_5645544
pd-user_8439288
pd-user_8378627
pd-user_2179738
pd-user_8745427
pd-user_7075123
pd-user_632865
pd-user_5377682
pd-user_2041915
pd-user_2207314
pd-user_8522135
pd-user_9704749
pd-user_4224346
pd-user_7383312
pd-user_1227278
pd-user_551717
pd-user_5744673
pd-user_2944360
pd-user_3561061
pd-user_8765403
pd-user_3481293
pd-user_2238325
pd-user_9473882
pd-user_8348770
pd-user_94956
pd-user_5364870
pd-user_4738221
pd-user_6693946
pd-user_6983532
pd-user_7575964
pd-user_3138533
pd-user_2641906
pd-user_3757458
pd-user_7286101
pd-user_3422669
pd-user_9703843
pd-user_3595420
pd-user_3883579
pd-user_5544239
pd-user_616495
pd-user_420318
pd-user_2749897
pd-user_9331960
pd-user_2967576
pd-user_2366157
pd-user_3728986
pd-user_4238428
pd-user_9386016
pd-user_2728872
pd-user_4968764
pd-user_4044164
pd-user_135684
pd-user_9206784
pd-user_1627251
pd-user_6243369
pd-user_831442
pd-user_5390835
pd-user_474195
pd-user_7920707
pd-user_4475965
pd-user_7290429
pd-user_1532718
pd-user_9422235
pd-user_3327589
pd-user_1492704
pd-user_7689198
pd-user_1523657
pd-user_5631580
pd-user_6917446
pd-user_1597020
pd-user_7698271
pd-user_814629
pd-user_6800912
pd-user_969484
pd-user_3721499
pd-user_8588171
pd-user_2713224
pd-user_3246166
pd-user_2853416
pd-user_7976086
pd-user_7778391
pd-user_4928155
pd-user_4154996
pd-user_3279539
pd-user_1538370
pd-user_2296606
pd-user_3331467
pd-user_7065071
pd-user_4109276
pd-user_9182219
pd-user_1212197
pd-user_9577768
pd-user_1314887
pd-user_3197255
pd-user_6046888
pd-user_7061317
pd-user_1674211
pd-user_8607374
pd-user_9096344
pd-user_9782198
pd-user_9421483
pd-user_8040721
pd-user_1570025
pd-user_7067979
pd-user_6434119
pd-user_1276002
pd-user_3709473
pd-user_1167572
pd-user_6969819
pd-user_753702
pd-user_1346538
pd-user_9437035
pd-user_6423676
pd-user_134694
pd-user_2816858
pd-user_8137914
pd-user_8489656
pd-user_3909785
pd-user_7762372
pd-user_7649374
pd-user_3273962
pd-user_8192915
pd-user_3039178
pd-user_9656724
pd-user_9866212
pd-user_4805552
pd-user_4805762
pd-user_4717199
pd-user_3159913
pd-user_2164861
pd-user_5301682
pd-user_9880795
pd-user_494258
pd-user_4099311
pd-user_4293179
pd-user_7976311
pd-user_8577727
pd-user_4932370
pd-user_3909687
pd-user_4310178
pd-user_4424764
pd-user_3493653
pd-user_7939370
pd-user_2909460
pd-user_8140468
pd-user_5645302
pd-user_8153367
pd-user_9492692
pd-user_1680195
pd-user_3029650
pd-user_8730912
pd-user_8594128
pd-user_5655915
pd-user_5143779
pd-user_2064075
pd-user_1414479
pd-user_1369469
pd-user_2947714
pd-user_6324986
pd-user_8223017
pd-user_1406166
pd-user_738013
pd-user_9944229
pd-user_122702
pd-user_1242655
pd-user_5618120
pd-user_2129791
pd-user_4885934
pd-user_4261734
pd-user_2714671
pd-user_3414223
pd-user_3938320
pd-user_7911090
pd-user_450824
pd-user_4800840
pd-user_4434496
pd-user_686809
pd-user_5100278
pd-user_9335896
pd-user_9913684
pd-user_1249163
pd-user_3732431
pd-user_3876992
pd-user_5544366
pd-user_3285312
pd-user_3817771
pd-user_1399245
pd-user_3678370
pd-user_2319130
pd-user_4467453
pd-user_4704817
pd-user_1941729
pd-user_46672
pd-user_6287796
pd-user_5107152
pd-user_1310990
pd-user_1395540
pd-user_2731399
pd-user_3009085
pd-user_766785
pd-user_2449013
pd-user_5602418
pd-user_7840926
pd-user_4670042
pd-user_8589658
pd-user_7077590
pd-user_5705560
pd-user_2692392
pd-user_3966502
pd-user_5052833
pd-user_9480206
pd-user_1407366
pd-user_1677994
pd-user_3495331
pd-user_7727870
pd-user_1954587
pd-user_1463070
pd-user_2656184
pd-user_3239482
pd-user_8647995
pd-user_3505654
pd-user_3000039
pd-user_9256288
pd-user_1343264
pd-user_9787265
pd-user_369989
pd-user_8605132
pd-user_2264953
pd-user_3293955
pd-user_924628
pd-user_1954666
pd-user_7485257
pd-user_9514519
pd-user_217388
pd-user_7247975
pd-user_4192738
pd-user_3222780
pd-user_5057794
pd-user_1110424
pd-user_3692055
pd-user_3280587
pd-user_3059998
pd-user_3775799
pd-user_895972
pd-user_1836744
pd-user_4439103
pd-user_8521608
pd-user_8224154
pd-user_1280886
pd-user_8861231
pd-user_3344530
pd-user_1815789
pd-user_7246862
pd-user_9427995
pd-user_4416812
pd-user_3657083
pd-user_931076
pd-user_7824208
pd-user_760093
pd-user_8842370
pd-user_2229684
pd-user_4642529
pd-user_9135112
pd-user_7243513
pd-user_7284701
pd-user_5101678
pd-user_8868893
pd-user_1629236
pd-user_1215677
pd-user_9899915
pd-user_5783692
pd-user_4550746
pd-user_2804503
pd-user_7701845
pd-user_8199814
pd-user_8196128
pd-user_1189176
pd-user_9745560
pd-user_1297387
pd-user_7220537
pd-user_7682116
pd-user_7704970
pd-user_9082669
pd-user_8576044
pd-user_5510605
pd-user_5614815
pd-user_4333093
pd-user_368769
pd-user_9697042
pd-user_4053875
pd-user_173016
pd-user_6608794
pd-user_5532773
pd-user_4331818
pd-user_9046019
pd-user_8188469
pd-user_7220974
pd-user_1049269
pd-user_9295213
pd-user_6928193
pd-user_7525197
pd-user_6389188
pd-user_6611694
pd-user_6414492
pd-user_4371123
pd-user_9532485
pd-user_3414602
pd-user_7875306
pd-user_3761169
pd-user_6860792
pd-user_4082486
pd-user_7497543
pd-user_5054179
pd-user_4817962
pd-user_1029664
pd-user_6887636
pd-user_2478217
pd-user_2014217
pd-user_6668929
pd-user_768150
pd-user_1195680
pd-user_6240589
pd-user_2951206
pd-user_2242698
pd-user_7124263
pd-user_4155429
pd-user_503227
pd-user_9768227
pd-user_717390
pd-user_1809485
pd-user_1750367
pd-user_9741606
pd-user_2097797
pd-user_5090115
pd-user_4789722
pd-user_2641132
pd-user_2862863
pd-user_6988078
pd-user_1396088
pd-user_8771840
pd-user_6684272
pd-user_1982573
pd-user_9234954
pd-user_5057394
pd-user_509941
pd-user_7640383
pd-user_4219303
pd-user_8166583
pd-user_2985314
pd-user_6123240
pd-user_6018971
pd-user_3544541
pd-user_8921766
pd-user_1701706
pd-user_8320870
pd-user_2741275
pd-user_4349382
pd-user_9326707
pd-user_3334659
pd-user_5784405
pd-user_993654
pd-user_1562361
pd-user_3300433
pd-user_4807321
pd-user_8090002
pd-user_6865482
pd-user_2514186
pd-user_7388350
pd-user_6914342
pd-user_7970081
pd-user_9812360
pd-user_1812045
pd-user_8945746
pd-user_3764834
pd-user_7458290
pd-user_2780055
pd-user_7753315
pd-user_1324015
pd-user_5814244
pd-user_502092
pd-user_6077810
pd-user_5108811
pd-user_7910761
pd-user_1946473
pd-user_1847773
pd-user_7599630
pd-user_399250
pd-user_4231493
pd-user_4183258
pd-user_1916388
pd-user_682796
pd-user_7976390
pd-user_8816524
pd-user_7882512
pd-user_8205180
pd-user_8409902
pd-user_368236
pd-user_4051791
pd-user_7144680
pd-user_4123479
pd-user_7426434
pd-user_9857899
pd-user_3967999
pd-user_9249145
pd-user_5888229
pd-user_9132828
pd-user_5471138
pd-user_9596577
pd-user_2772914
pd-user_3214171
pd-user_4121862
pd-user_1499770
pd-user_1415921
pd-user_1555050
pd-user_6766732
pd-user_8235245
pd-user_3729231
pd-user_5876536
pd-user_1539720
pd-user_8515270
pd-user_3119854
pd-user_1143322
pd-user_5160492
pd-user_6843220
pd-user_8076560
pd-user_2235492
pd-user_9628850
pd-user_7901159
pd-user_1653931
pd-user_8681955
pd-user_7739336
pd-user_1998735
pd-user_2472000
pd-user_8976615
pd-user_3332026
pd-user_9695769
pd-user_2988572
pd-user_7648309
pd-user_1170874
pd-user_9408033
pd-user_8632793
pd-user_2416637
pd-user_9433739
pd-user_1832636
pd-user_4725851
pd-user_4374919
pd-user_5182900
pd-user_7346836
pd-user_2672338
pd-user_3637177
pd-user_5641284
pd-user_7326486
pd-user_5801008
pd-user_60524
pd-user_1277170
pd-user_3511435
pd-user_6529140
pd-user_1367614
pd-user_5127585
pd-user_8324603
pd-user_7304918
pd-user_1887648
pd-user_914846
pd-user_7731707
pd-user_6280250
pd-user_6245126
pd-user_5783823
pd-user_7893877
pd-user_3605696
pd-user_507943
pd-user_7146436
pd-user_7648922
pd-user_6570345
pd-user_8090065
pd-user_870297
pd-user_364535
pd-user_831042
pd-user_9250630
pd-user_124795
pd-user_3287857
pd-user_6659583
pd-user_5804612
pd-user_7012573
pd-user_2524036
pd-user_9407218
pd-user_4828301
pd-user_6664119
pd-user_1990547
pd-user_3969298
pd-user_3881927
pd-user_5110957
pd-user_8652388
pd-user_9267065
pd-user_7305587
pd-user_92970
pd-user_2410330
pd-user_4293117
pd-user_7102342
pd-user_2979539
pd-user_3018374
pd-user_9277876
pd-user_1317790
pd-user_8363763
pd-user_5338595
pd-user_7957412
pd-user_4667398
pd-user_7547853
pd-user_9461532
pd-user_2282714
pd-user_9006775
pd-user_1146470
pd-user_1209136
pd-user_3359251
pd-user_6222322
pd-user_1009664
pd-user_3982178
pd-user_2427087
pd-user_1347159
pd-user_4985647
pd-user_6310367
pd-user_6776220
pd-user_427212
pd-user_8106709
pd-user_6010965
pd-user_771748
pd-user_8345229
pd-user_661621
pd-user_9036659
pd-user_9858827
pd-user_209360
pd-user_3430407
pd-user_8628778
pd-user_110427
pd-user_3459601
pd-user_8279856
pd-user_570841
pd-user_1477939
pd-user_8409854
pd-user_7758019
pd-user_70285
pd-user_3066763
pd-user_3230342
pd-user_275648
pd-user_2708695
pd-user_9952251
pd-user_1470376
pd-user_7530597
pd-user_5338095
pd-user_1916026
pd-user_2968295
pd-user_4354927
pd-user_4043366
pd-user_1684380
pd-user_9754510
pd-user_134683
pd-user_8813231
pd-user_3562941
pd-user_5360646
pd-user_1236321
pd-user_2501793
pd-user_2510469
pd-user_1624151
pd-user_9207805
pd-user_9424454
pd-user_6872986
pd-user_7955475
pd-user_9443011
pd-user_1522338
pd-user_4071918
pd-user_4897202
pd-user_9920398
pd-user_5448260
pd-user_1338736
pd-user_1591454
pd-user_3113059
pd-user_5556291
pd-user_8874244
pd-user_831817
pd-user_9025272
pd-user_9695937
pd-user_2357031
pd-user_8320997
pd-user_4899833
pd-user_4132914
pd-user_9813594
pd-user_5494184
pd-user_2625526
pd-user_4104300
pd-user_7985824
pd-user_4019748
pd-user_323844
pd-user_4572822
pd-user_2019708
pd-user_165344
pd-user_1336028
pd-user_1082712
pd-user_5205627
pd-user_8789545
pd-user_7574849
pd-user_812936
pd-user_7103770
pd-user_6284129
pd-user_5767483
pd-user_590518
pd-user_3795354
pd-user_1988404
pd-user_3073789
pd-user_7964738
pd-user_5398801
pd-user_324974
pd-user_5816092
pd-user_4044077
pd-user_677127
pd-user_4788954
pd-user_2159905
pd-user_7238058
pd-user_902910
pd-user_3425192
pd-user_4696070
pd-user_7675879
pd-user_9112961
pd-user_6843782
pd-user_5058982
pd-user_1723455
pd-user_7779568
pd-user_7611690
pd-user_2767957
pd-user_1768967
pd-user_2816693
pd-user_485284
pd-user_2835786
pd-user_7237082
pd-user_8688885
pd-user_9772971
pd-user_8510521
pd-user_5514859
pd-user_3567996
pd-user_7335193
pd-user_5942213
pd-user_6945948
pd-user_3931278
pd-user_8132770
pd-user_3801080
pd-user_9184455
pd-user_6460408
pd-user_5784224
pd-user_2400804
pd-user_3571294
pd-user_9488071
pd-user_9083297
pd-user_2257600
pd-user_4922856
pd-user_5646594
pd-user_7263825
pd-user_6624343
pd-user_9758124
pd-user_7924611
pd-user_8003196
pd-user_6258892
pd-user_1609139
pd-user_7472950
pd-user_3405015
pd-user_7945156
pd-user_8138535
pd-user_3741241
pd-user_2647551
pd-user_92685
pd-user_2404125
pd-user_9838519
pd-user_8772556
pd-user_2834118
pd-user_33498
pd-user_8249042
pd-user_1135950
pd-user_811853
pd-user_9529319
pd-user_4605761
pd-user_3039049
pd-user_9249130
pd-user_74242
pd-user_9821718
pd-user_5949613
pd-user_5758003
pd-user_5181467
pd-user_6411009
pd-user_3406283
pd-user_1388029
pd-user_6742338
pd-user_7375826
pd-user_7573948
pd-user_8002850
pd-user_9965126
pd-user_659264
pd-user_656847
pd-user_6369361
pd-user_1045252
pd-user_9265481
pd-user_6291082
pd-user_7742908
pd-user_442199
pd-user_3184687
pd-user_8950556
pd-user_1862804
pd-user_1440460
pd-user_9582905
pd-user_2139612
pd-user_5256961
pd-user_7802400
pd-user_9617480
pd-user_4300267
pd-user_4996999
pd-user_1011557
pd-user_6252304
pd-user_9500223
pd-user_598803
pd-user_1267013
pd-user_830111
pd-user_2456031
pd-user_1374021
pd-user_5027669
pd-user_5433880
pd-user_7858372
pd-user_2137614
pd-user_5246867
pd-user_5825679
pd-user_1800669
pd-user_5286338
pd-user_7226041
pd-user_1427426
pd-user_8439431
pd-user_9894339
pd-user_5675631
pd-user_9665330
pd-user_4432717
pd-user_5240363
pd-user_2101304
pd-user_8701902
pd-user_5301910
pd-user_8842607
pd-user_9928191
pd-user_7132515
pd-user_8016158
pd-user_34364
pd-user_7616019
pd-user_2415305
pd-user_1277412
pd-user_8855276
pd-user_97766
pd-user_6232689
pd-user_9824989
pd-user_8086812
pd-user_4477664
pd-user_1522010
pd-user_5711104
pd-user_3489796
pd-user_4247303
pd-user_4270517
pd-user_8607335
pd-user_198462
pd-user_5994741
pd-user_5911029
pd-user_2810840
pd-user_7243803
pd-user_3490668
pd-user_8250855
pd-user_3651869
pd-user_6198549
pd-user_458431
pd-user_1396308
pd-user_5418804
pd-user_9780338
pd-user_7303760
pd-user_9344052
pd-user_1569222
pd-user_8485589
pd-user_3671017
pd-user_6111836
pd-user_1980253
pd-user_2742269
pd-user_8899600
pd-user_6166974
pd-user_8053480
pd-user_4929027
pd-user_2575159
pd-user_4621853
pd-user_4609558
pd-user_3339091
pd-user_5781472
pd-user_7280854
pd-user_6688218
pd-user_2859924
pd-user_7690635
pd-user_7587011
pd-user_3757498
pd-user_9128935
pd-user_7800931
pd-user_8469045
pd-user_5310702
pd-user_987744
pd-user_3405083
pd-user_7137008
pd-user_2923041
pd-user_4904840
pd-user_3521920
pd-user_9447046
pd-user_6066854
pd-user_3245647
pd-user_1321558
pd-user_434024
pd-user_7784901
pd-user_8774038
pd-user_2121232
pd-user_8600865
pd-user_8010961
pd-user_3546603
pd-user_2683701
pd-user_3720416
pd-user_6558253
pd-user_6512868
pd-user_653189
pd-user_3002189
pd-user_9867136
pd-user_2275231
pd-user_3897174
pd-user_1998655
pd-user_8823835
pd-user_2781890
pd-user_3983013
pd-user_8857251
pd-user_8515256
pd-user_5902122
pd-user_9451159
pd-user_780632
pd-user_4157934
pd-user_4307721
pd-user_1129717
pd-user_8993318
pd-user_1503324
pd-user_4693980
pd-user_110563
pd-user_7415077
pd-user_4222315
pd-user_1714918
pd-user_6537285
pd-user_5760834
pd-user_2339519
pd-user_7406187
pd-user_2087992
pd-user_5567818
pd-user_9163072
pd-user_1871282
pd-user_8462726
pd-user_9630624
pd-user_5180817
pd-user_5072616
pd-user_2772044
pd-user_9591520
pd-user_8647841
pd-user_2154337
pd-user_9949606
pd-user_269829
pd-user_7199847
pd-user_7782327
pd-user_3074043
pd-user_7067676
pd-user_4933802
pd-user_4939173
pd-user_8192150
pd-user_4460577
pd-user_4947377
pd-user_3731068
pd-user_1839716
pd-user_983056
pd-user_9001070
pd-user_4294798
pd-user_5931997
pd-user_4565137
pd-user_5356395
pd-user_2859349
pd-user_6963182
pd-user_8842390
pd-user_7797167
pd-user_5122205
pd-user_3340064
pd-user_7333506
pd-user_9361755
pd-user_4495062
pd-user_5593450
pd-user_4648150
pd-user_4411211
pd-user_4043579
pd-user_2935857
pd-user_1721043
pd-user_5824015
pd-user_4948137
pd-user_7009670
pd-user_2027114
pd-user_7095092
pd-user_6637348
pd-user_2947826
pd-user_9520545
pd-user_1118124
pd-user_8858036
pd-user_2934064
pd-user_5970965
pd-user_1771103
pd-user_6099824
pd-user_1830121
pd-user_7019461
pd-user_9840266
pd-user_9292699
pd-user_5419173
pd-user_240943
pd-user_3412669
pd-user_4952316
pd-user_4289932
pd-user_777070
pd-user_4564178
pd-user_8296172
pd-user_1215421
pd-user_3143102
pd-user_8827077
pd-user_6857150
pd-user_4054038
pd-user_5094226
pd-user_9837793
pd-user_6695368
pd-user_7487034
pd-user_4760864
pd-user_7028931
pd-user_4505522
pd-user_3198961
pd-user_1150147
pd-user_8464571
pd-user_4991964
pd-user_1229641
pd-user_4889826
pd-user_6748454
pd-user_8159095
pd-user_4697717
pd-user_1883740
pd-user_6034256
pd-user_6407119
pd-user_6826391
pd-user_345920
pd-user_2902388
pd-user_8670855
pd-user_6553801
pd-user_784964
pd-user_2656217
pd-user_71635
pd-user_7357680
pd-user_6172400
pd-user_9534089
pd-user_649245
pd-user_1503535
pd-user_4048701
pd-user_228126
pd-user_9822117
pd-user_9510445
pd-user_1563974
pd-user_5444619
pd-user_5397745
pd-user_1176727
pd-user_2534215
pd-user_5895765
pd-user_1016754
pd-user_6584869
pd-user_51572
pd-user_6639744
pd-user_6951202
pd-user_5119358
pd-user_4999673
pd-user_7190042
pd-user_102647
pd-user_9688363
pd-user_9494424
pd-user_2522835
pd-user_5934251
pd-user_8879396
pd-user_2783359
pd-user_3126567
pd-user_3515627
pd-user_676724
pd-user_5732374
pd-user_3302829
pd-user_4764774
pd-user_9311210
pd-user_6713087
pd-user_4134363
pd-user_897489
pd-user_9659491
pd-user_293984
pd-user_4428349
pd-user_9933067
pd-user_7328406
pd-user_7758495
pd-user_4020607
pd-user_6741092
pd-user_2380110
pd-user_194233
pd-user_9452920
pd-user_674855
pd-user_4468520
pd-user_9675396
pd-user_3822972
pd-user_6270230
pd-user_2366186
pd-user_6205951
pd-user_9741484
pd-user_3728934
pd-user_3303955
pd-user_9030683
pd-user_7189662
pd-user_2486076
pd-user_4219573
pd-user_3756198
pd-user_5498051
pd-user_6210090
pd-user_5412404
pd-user_9269806
pd-user_4849247
pd-user_9527808
pd-user_4982024
pd-user_7465776
pd-user_3412676
pd-user_6725158
pd-user_7784107
pd-user_4096865
pd-user_5543974
pd-user_8595128
pd-user_9403136
pd-user_9625432
pd-user_203008
pd-user_6070377
pd-user_5583964
pd-user_1276229
pd-user_7934838
pd-user_7095697
pd-user_6196158
pd-user_9819273
pd-user_2402598
pd-user_3419248
pd-user_2064590
pd-user_2540516
pd-user_4325648
pd-user_4167618
pd-user_4763149
pd-user_7657476
pd-user_8976478
pd-user_8158922
pd-user_1225640
pd-user_3710396
pd-user_976261
pd-user_2275573
pd-user_3475072
pd-user_7661852
pd-user_2098328
pd-user_5012370
pd-user_8488169
pd-user_1451908
pd-user_9262603
pd-user_2132769
pd-user_5453545
pd-user_7100656
pd-user_7918130
pd-user_4266155
pd-user_5897885
pd-user_5816293
pd-user_4640669
pd-user_8843780
pd-user_2952864
pd-user_2277509
pd-user_7041953
pd-user_8163300
pd-user_8146260
pd-user_2113691
pd-user_1327544
pd-user_9590732
pd-user_826742
pd-user_2128791
pd-user_7131374
pd-user_6169506
pd-user_1258401
pd-user_5321566
pd-user_8944583
pd-user_5964611
pd-user_3695001
pd-user_2158682
pd-user_9655721
pd-user_3685394
pd-user_5314739
pd-user_351369
pd-user_4702200
pd-user_3222316
pd-user_5357728
pd-user_8573927
pd-user_4516878
pd-user_1938830
pd-user_3851219
pd-user_6131482
pd-user_8612224
pd-user_4500432
pd-user_7703393
pd-user_1021034
pd-user_6980532
pd-user_7326173
pd-user_7695305
pd-user_353098
pd-user_9583082
pd-user_6655054
pd-user_9567441
pd-user_3598156
pd-user_5451162
pd-user_2947500
pd-user_2775513
pd-user_2444854
pd-user_5422165
pd-user_4658540
pd-user_999799
pd-user_5153265
pd-user_8161762
pd-user_5395038
pd-user_5650466
pd-user_5627855
pd-user_8676422
pd-user_7437133
pd-user_6222112
pd-user_4592907
pd-user_5550353
pd-user_2428787
pd-user_5016130
pd-user_8782087
pd-user_9379366
pd-user_4090401
pd-user_6946842
pd-user_1424495
pd-user_9942750
pd-user_6873161
pd-user_9781068
pd-user_8134617
pd-user_1018844
pd-user_9345398
pd-user_5079169
pd-user_9856250
pd-user_3870479
pd-user_7052313
pd-user_6447477
pd-user_2355547
pd-user_51934
pd-user_1548889
pd-user_1115083
pd-user_9945587
pd-user_4570759
pd-user_2876615
pd-user_311678
pd-user_7501346
pd-user_6042782
pd-user_3231155
pd-user_2930492
pd-user_6627231
pd-user_4205586
pd-user_9187324
pd-user_461862
pd-user_5128192
pd-user_8820918
pd-user_844958
pd-user_3374904
pd-user_3645397
pd-user_3740041
pd-user_4389032
pd-user_1518293
pd-user_668985
pd-user_4679763
pd-user_1092159
pd-user_6969968
pd-user_9312223
pd-user_2543948
pd-user_6590388
pd-user_9509321
pd-user_6294713
pd-user_6441079
pd-user_8046387
pd-user_2481740
pd-user_4680946
pd-user_9481916
pd-user_3187194
pd-user_5066186
pd-user_4870941
pd-user_416187
pd-user_7583762
pd-user_9950845
pd-user_1307096
pd-user_8365259
pd-user_8740168
pd-user_7818715
pd-user_7836735
pd-user_9865332
pd-user_7457670
pd-user_2133785
pd-user_1195982
pd-user_6218928
pd-user_4559234
pd-user_9878685
pd-user_2588777
pd-user_4319039
pd-user_9341176
pd-user_1076890
pd-user_9600964
pd-user_3478622
pd-user_132480
pd-user_7847861
pd-user_5824836
pd-user_6188045
pd-user_5957443
pd-user_472
pd-user_6149780
pd-user_3056275
pd-user_6052250
pd-user_6632382
pd-user_4342330
pd-user_3515702
pd-user_7565693
pd-user_9847297
pd-user_1217526
pd-user_5893692
pd-user_2688088
pd-user_8121777
pd-user_1427332
pd-user_5612588
pd-user_8374160
pd-user_7968970
pd-user_567761
pd-user_66329
pd-user_483400
pd-user_7501842
pd-user_5990289
pd-user_6068047
pd-user_9347857
pd-user_9110600
pd-user_9894484
pd-user_3490210
pd-user_8442595
pd-user_1023005
pd-user_3518987
pd-user_5543096
pd-user_9592331
pd-user_8437720
pd-user_4380680
pd-user_4872000
pd-user_7519682
pd-user_7343835
pd-user_2818759
pd-user_7128806
pd-user_8925268
pd-user_9200709
pd-user_8062101
pd-user_6127734
pd-user_5425443
pd-user_200684
pd-user_6881366
pd-user_7250628
pd-user_8634085
pd-user_4069417
pd-user_7298447
pd-user_1841228
pd-user_8078215
pd-user_573842
pd-user_1012923
pd-user_3887390
pd-user_3925523
pd-user_1994490
pd-user_9129652
pd-user_5026030
pd-user_9359433
pd-user_7616555
pd-user_5448911
pd-user_3165865
pd-user_5862418
pd-user_6013406
pd-user_3926062
pd-user_6904682
pd-user_2165432
pd-user_2692364
pd-user_6729702
pd-user_8396793
pd-user_7759585
pd-user_7340861
pd-user_3981719
pd-user_9401916
pd-user_4066687
pd-user_126835
pd-user_716868
pd-user_8214718
pd-user_8901419
pd-user_2590156
pd-user_4185231
pd-user_6008863
pd-user_3429613
pd-user_4489576
pd-user_5138584
pd-user_4779440
pd-user_1318343
pd-user_35751
pd-user_5654442
pd-user_2124133
pd-user_5481297
pd-user_4243434
pd-user_6288596
pd-user_2461398
pd-user_7124594
pd-user_5381702
pd-user_942092
pd-user_1297316
pd-user_4568824
pd-user_2929435
pd-user_6263298
pd-user_6002687
pd-user_6776596
pd-user_3094151
pd-user_8817251
pd-user_8553744
pd-user_348624
pd-user_1744181
pd-user_3897606
pd-user_2232362
pd-user_9644243
pd-user_7700074
pd-user_3773457
pd-user_1543573
pd-user_492974
pd-user_3755627
pd-user_13553
pd-user_8789371
pd-user_1301524
pd-user_657185
pd-user_1918839
pd-user_1228301
pd-user_8046789
pd-user_7986896
pd-user_75492
pd-user_7145313
pd-user_8336687
pd-user_8135250
pd-user_1036584
pd-user_2921834
pd-user_2743363
pd-user_3637181
pd-user_705065
pd-user_3687639
pd-user_5080857
pd-user_5243523
pd-user_4805816
pd-user_7437545
pd-user_4529738
pd-user_2863901
pd-user_8586650
pd-user_4274947
pd-user_9568310
pd-user_1967895
pd-user_5150761
pd-user_7686778
pd-user_366221
pd-user_5518605
pd-user_3911228
pd-user_1990050
pd-user_9651285
pd-user_4367064
pd-user_2068163
pd-user_1385041
pd-user_9384806
pd-user_3591929
pd-user_7709479
pd-user_1809978
pd-user_3203210
pd-user_943797
pd-user_5110840
pd-user_2396457
pd-user_4759489
pd-user_5233865
pd-user_653532
pd-user_9774712
pd-user_6377124
pd-user_4206053
pd-user_7331272
pd-user_3545841
pd-user_384277
pd-user_4943379
pd-user_7594260
pd-user_3605798
pd-user_9247909
pd-user_5982133
pd-user_5580504
pd-user_5992522
pd-user_9526209
pd-user_2960295
pd-user_4884897
pd-user_8269041
pd-user_7174393
pd-user_6102809
pd-user_6394632
pd-user_2146729
pd-user_7203279
pd-user_4275385
pd-user_9499519
pd-user_4908756
pd-user_2166459
pd-user_8742162
pd-user_935439
pd-user_7770615
pd-user_5910787
pd-user_202519
pd-user_4650087
pd-user_4713827
pd-user_2265344
pd-user_464373
pd-user_8875715
pd-user_1774639
pd-user_9660977
pd-user_1161304
pd-user_9586340
pd-user_6977538
pd-user_29270
pd-user_1476849
pd-user_4533850
pd-user_2612562
pd-user_1783687
pd-user_9358643
pd-user_9949094
pd-user_3690189
pd-user_3560003
pd-user_4452640
pd-user_682265
pd-user_3125793
pd-user_918914
pd-user_3879502
pd-user_1168228
pd-user_4556488
pd-user_4878872
pd-user_9177367
pd-user_8784787
pd-user_8598265
pd-user_876634
pd-user_1500604
pd-user_5038455
pd-user_6765185
pd-user_680416
pd-user_2722794
pd-user_3432169
pd-user_5766494
pd-user_9258325
pd-user_1324155
pd-user_7174950
pd-user_3763501
pd-user_6069276
pd-user_1841708
pd-user_2629451
pd-user_9024039
pd-user_1422663
pd-user_4018787
pd-user_1234244
pd-user_8009664
pd-user_5925781
pd-user_5356914
pd-user_6009294
pd-user_3889286
pd-user_4207422
pd-user_168856
pd-user_6605728
pd-user_5012718
pd-user_119259
pd-user_8290410
pd-user_236815
pd-user_1372478
pd-user_3817837
pd-user_8119126
pd-user_4220701
pd-user_5928095
pd-user_5368153
pd-user_6284089
pd-user_2273020
pd-user_9891705
pd-user_6688175
pd-user_113298
pd-user_1098096
pd-user_4932052
pd-user_296643
pd-user_7305846
pd-user_3581733
pd-user_5139885
pd-user_6595571
pd-user_7199742
pd-user_1262234
pd-user_7961417
pd-user_2689514
pd-user_8927489
pd-user_6943152
pd-user_7499863
pd-user_1401101
pd-user_1589201
pd-user_4531529
pd-user_2773524
pd-user_4593168
pd-user_4814513
pd-user_7551257
pd-user_6878393
pd-user_6531138
pd-user_575870
pd-user_7125895
pd-user_9132427
pd-user_5387792
pd-user_205580
pd-user_8136787
pd-user_9791364
pd-user_5856163
pd-user_143260
pd-user_8795341
pd-user_7109427
pd-user_4379836
pd-user_7552894
pd-user_9898528
pd-user_1155295
pd-user_754166
pd-user_5268421
pd-user_4949599
pd-user_3457572
pd-user_9354407
pd-user_6351756
pd-user_776716
pd-user_6107232
pd-user_2398545
pd-user_5476954
pd-user_3892373
pd-user_8914982
pd-user_5203479
pd-user_980313
pd-user_8446090
pd-user_5754122
pd-user_6612410
pd-user_2198964
pd-user_6050381
pd-user_6198948
pd-user_5866676
pd-user_364956
pd-user_7853363
pd-user_2530659
pd-user_7059390
pd-user_2787909
pd-user_983868
pd-user_1793394
pd-user_2626916
pd-user_2433184
pd-user_8369850
pd-user_4696343
pd-user_9209775
pd-user_4040452
pd-user_8060150
pd-user_675462
pd-user_3563401
pd-user_6419215
pd-user_7271874
pd-user_5577337
pd-user_1180311
pd-user_2996880
pd-user_2963712
pd-user_1026584
pd-user_5600617
pd-user_1619201
pd-user_4941984
pd-user_5878018
pd-user_7742590
pd-user_9464016
pd-user_4824408
pd-user_8667762
pd-user_8108750
pd-user_6935194
pd-user_1922840
pd-user_6869257
pd-user_1365618
pd-user_9927383
pd-user_6827581
pd-user_1304188
pd-user_4147735
pd-user_2912439
pd-user_6409334
pd-user_4469898
pd-user_6450525
pd-user_541758
pd-user_9046614
pd-user_5034095
pd-user_7694310
pd-user_9614402
pd-user_4883164
pd-user_5726114
pd-user_2196093
pd-user_4673295
pd-user_2928561
pd-user_4429915
pd-user_6086547
pd-user_4910269
pd-user_9075545
pd-user_9095047
pd-user_5960581
pd-user_8688959
pd-user_5112578
pd-user_6410975
pd-user_2974493
pd-user_3973448
pd-user_2771486
pd-user_1057634
pd-user_3121436
pd-user_1418591
pd-user_4051430
pd-user_287333
pd-user_9018871
pd-user_5972256
pd-user_1834698
pd-user_8536527
pd-user_9398214
pd-user_4011294
pd-user_8235265
pd-user_2962907
pd-user_4813337
pd-user_6814000
pd-user_330424
pd-user_6290433
pd-user_2596778
pd-user_4461290
pd-user_327342
pd-user_4595482
pd-user_7698966
pd-user_2216647
pd-user_1652112
pd-user_6626035
pd-user_6893224
pd-user_7355038
pd-user_7237838
pd-user_1806437
pd-user_2159893
pd-user_1810685
pd-user_389161
pd-user_812601
pd-user_2212142
pd-user_6290560
pd-user_4578011
pd-user_3867654
pd-user_1523820
pd-user_9404849
pd-user_1122324
pd-user_4473373
pd-user_9951740
pd-user_2217650
pd-user_2927582
pd-user_6993952
pd-user_5319070
pd-user_1717517
pd-user_6843955
pd-user_8430296
pd-user_6381959
pd-user_3268131
pd-user_1658315
pd-user_2097547
pd-user_1028042
pd-user_6208097
pd-user_4050186
pd-user_7259324
pd-user_9658044
pd-user_9541553
pd-user_1728602
pd-user_3269932
pd-user_3772477
pd-user_5429764
pd-user_3109951
pd-user_85135
pd-user_8736582
pd-user_9282571
pd-user_4216858
pd-user_4530050
pd-user_2374872
pd-user_2821279
pd-user_9576142
pd-user_3212767
pd-user_7154185
pd-user_2856889
pd-user_1870771
pd-user_4919292
pd-user_7053890
pd-user_8694204
pd-user_7881887
pd-user_5941977
pd-user_5874102
pd-user_9959862
pd-user_2478948
pd-user_2676230
pd-user_6523908
pd-user_3699195
pd-user_2728407
pd-user_3235436
pd-user_1662980
pd-user_8953734
pd-user_6425323
pd-user_3986467
pd-user_952212
pd-user_5539821
pd-user_9017177
pd-user_9959948
pd-user_6412984
pd-user_4511949
pd-user_8164106
pd-user_398240
pd-user_2267121
pd-user_6832014
pd-user_1255368
pd-user_2037738
pd-user_6897874
pd-user_6014552
pd-user_6903338
pd-user_7061722
pd-user_2344557
pd-user_4116274
pd-user_5958614
pd-user_2701712
pd-user_4749369
pd-user_9634441
pd-user_4657656
pd-user_8127287
pd-user_1601219
pd-user_333106
pd-user_948144
pd-user_4410064
pd-user_503851
pd-user_5869750
pd-user_4302429
pd-user_3753715
pd-user_9282513
pd-user_2846301
pd-user_4250584
pd-user_9954978
pd-user_3447501
pd-user_3344701
pd-user_4811105
pd-user_1463395
pd-user_509828
pd-user_7979971
pd-user_1206380
pd-user_1413413
pd-user_2779655
pd-user_6185150
pd-user_2454213
pd-user_1645776
pd-user_6307541
pd-user_3282092
pd-user_2897623
pd-user_6609930
pd-user_6909496
pd-user_5474041
pd-user_938055
pd-user_3430808
pd-user_990500
pd-user_6833500
pd-user_1457390
pd-user_2743604
pd-user_4941913
pd-user_3432245
pd-user_5859188
pd-user_4255614
pd-user_7688962
pd-user_886506
pd-user_2575204
pd-user_7392052
pd-user_4674589
pd-user_7686149
pd-user_4836287
pd-user_1477561
pd-user_4355482
pd-user_8032897
pd-user_2419929
pd-user_5229859
pd-user_1952132
pd-user_4201881
pd-user_4915926
pd-user_5299982
pd-user_6294157
pd-user_7556569
pd-user_8612360
pd-user_5227391
pd-user_4524588
pd-user_4034810
pd-user_4458645
pd-user_6873661
pd-user_6465426
pd-user_283854
pd-user_6834738
pd-user_5912882
pd-user_514859
pd-user_5690910
pd-user_759772
pd-user_4569892
pd-user_8116290
pd-user_7024317
pd-user_3207457
pd-user_3568929
pd-user_1417578
pd-user_1244400
pd-user_5085830
pd-user_8294165
pd-user_7457019
pd-user_819873
pd-user_5399219
pd-user_9106100
pd-user_801881
pd-user_3307436
pd-user_4892681
pd-user_7233712
pd-user_9318649
pd-user_4317580
pd-user_1813512
pd-user_8281176
pd-user_748868
pd-user_260119
pd-user_8204099
pd-user_3226164
pd-user_8366044
pd-user_1487019
pd-user_8868595
pd-user_7504702
pd-user_3856875
pd-user_2446462
pd-user_6159971
pd-user_1926386
pd-user_7843635
pd-user_2297838
pd-user_1648851
pd-user_6137963
pd-user_9713848
pd-user_9976614
pd-user_806200
pd-user_2263883
pd-user_4344213
pd-user_3938499
pd-user_2423332
pd-user_4150990
pd-user_2387907
pd-user_1865659
pd-user_2397789
pd-user_6324620
pd-user_4226433
pd-user_3106134
pd-user_6740414
pd-user_5845731
pd-user_8883221
pd-user_3876414
pd-user_4263241
pd-user_6092731
pd-user_532210
pd-user_4681367
pd-user_5398441
pd-user_4487014
pd-user_8633695
pd-user_257958
pd-user_5910454
pd-user_4918801
pd-user_9854513
pd-user_6865144
pd-user_8108372
pd-user_8368708
pd-user_8975584
pd-user_1841521
pd-user_7361211
pd-user_2475606
pd-user_5749655
pd-user_6217953
pd-user_4712907
pd-user_8950497
pd-user_8991502
pd-user_463041
pd-user_172234
pd-user_2148694
pd-user_9481361
pd-user_8295151
pd-user_5592590
pd-user_4524008
pd-user_1593697
pd-user_5438258
pd-user_8112431
pd-user_2485035
pd-user_1126310
pd-user_1323078
pd-user_6686434
pd-user_3870453
pd-user_8952443
pd-user_5387652
pd-user_9666229
pd-user_4669425
pd-user_1056348
pd-user_7218205
pd-user_9662152
pd-user_1263235
pd-user_4414073
pd-user_340685
pd-user_2369579
pd-user_6240508
pd-user_7587854
pd-user_3072571
pd-user_3553115
pd-user_8990222
pd-user_6128080
pd-user_540455
pd-user_140435
pd-user_4234097
pd-user_5215634
pd-user_9815330
pd-user_862761
pd-user_7045063
pd-user_7014308
pd-user_6311537
pd-user_2031879
pd-user_8792865
pd-user_1031238
pd-user_2737194
pd-user_5089708
pd-user_1155051
pd-user_4360
pd-user_8744125
pd-user_1543461
pd-user_4845406
pd-user_3612133
pd-user_1934319
pd-user_7914991
pd-user_4077674
pd-user_7619698
pd-user_9538259
pd-user_3294826
pd-user_3622519
pd-user_2688284
pd-user_6976692
pd-user_7109223
pd-user_8761674
pd-user_4594411
pd-user_258183
pd-user_5009682
pd-user_7763602
pd-user_9713639
pd-user_5450271
pd-user_2893900
pd-user_3324351
pd-user_3806653
pd-user_7140191
pd-user_6566696
pd-user_9605602
pd-user_8914266
pd-user_1859042
pd-user_898139
pd-user_7115925
pd-user_641980
pd-user_1820947
pd-user_1541421
pd-user_4343494
pd-user_3953390
pd-user_3488203
pd-user_1633518
pd-user_9123041
pd-user_8657677
pd-user_2630079
pd-user_3910986
pd-user_9283178
pd-user_498365
pd-user_222924
pd-user_4970854
pd-user_3499029
pd-user_7506831
pd-user_9615942
pd-user_5844937
pd-user_7989655
pd-user_338418
pd-user_514914
pd-user_1605731
pd-user_3813774
pd-user_4302535
pd-user_1778227
pd-user_2685705
pd-user_6818469
pd-user_4753866
pd-user_9455937
pd-user_9796812
pd-user_9436488
pd-user_431213
pd-user_8578856
pd-user_9089047
pd-user_188481
pd-user_2237433
pd-user_7437688
pd-user_1577564
pd-user_1913119
pd-user_1726141
pd-user_8634397
pd-user_1369575
pd-user_1885644
pd-user_8109196
pd-user_2844269
pd-user_9830613
pd-user_8205013
pd-user_497663
pd-user_2863645
pd-user_7841850
pd-user_6721182
pd-user_4452364
pd-user_6425244
pd-user_2599473
pd-user_1351075
pd-user_1752025
pd-user_967881
pd-user_7534093
pd-user_5012295
pd-user_3934887
pd-user_4273183
pd-user_6633712
pd-user_9626864
pd-user_927054
pd-user_5676047
pd-user_5616193
pd-user_8359512
pd-user_212892
pd-user_4071262
pd-user_7029700
pd-user_9406299
pd-user_2721950
pd-user_4898547
pd-user_8496560
pd-user_6223746
pd-user_7472067
pd-user_9623013
pd-user_6285575
pd-user_1570009
pd-user_1690746
pd-user_1676756
pd-user_3005198
pd-user_9206549
pd-user_540769
pd-user_1177079
pd-user_6952744
pd-user_1598582
pd-user_3430074
pd-user_3565009
pd-user_6864281
pd-user_4537656
pd-user_4545790
pd-user_4215323
pd-user_931365
pd-user_5823547
pd-user_621250
pd-user_4104856
pd-user_7400058
pd-user_5266916
pd-user_4598749
pd-user_7484921
pd-user_3494716
pd-user_2844722
pd-user_9075726
pd-user_1815365
pd-user_3064918
pd-user_4244592
pd-user_9687188
pd-user_4763688
pd-user_1695645
pd-user_8107346
pd-user_2670399
pd-user_6676951
pd-user_556243
pd-user_5602650
pd-user_7290314
pd-user_6188786
pd-user_386604
pd-user_2301901
pd-user_7001949
pd-user_4607016
pd-user_3163626
pd-user_1384671
pd-user_8651252
pd-user_9943872
pd-user_336510
pd-user_705500
pd-user_1836754
pd-user_5364976
pd-user_168338
pd-user_319394
pd-user_5585626
pd-user_1334618
pd-user_993678
pd-user_875365
pd-user_7930102
pd-user_4324739
pd-user_9627003
pd-user_5619704
pd-user_5171729
pd-user_3812100
pd-user_3406875
pd-user_6146712
pd-user_6319635
pd-user_8530615
pd-user_504263
pd-user_6413574
pd-user_6066463
pd-user_7355083
pd-user_8053848
pd-user_1749657
pd-user_9709623
pd-user_2002931
pd-user_2016922
pd-user_5680025
pd-user_7087644
pd-user_7304787
pd-user_6559782
pd-user_5373860
pd-user_4651404
pd-user_9807508
pd-user_5931986
pd-user_3108667
pd-user_3558805
pd-user_1533521
pd-user_8389822
pd-user_3892599
pd-user_7936926
pd-user_4043814
pd-user_5135670
pd-user_8003192
pd-user_2709437
pd-user_9265035
pd-user_4168294
pd-user_3217704
pd-user_5133813
pd-user_569460
pd-user_5785604
pd-user_8845886
pd-user_4570788
pd-user_7095617
pd-user_8071004
pd-user_7201627
pd-user_1296650
pd-user_3096189
pd-user_5231176
pd-user_207661
pd-user_8920611
pd-user_4992199
pd-user_3674718
pd-user_3865096
pd-user_9266243
pd-user_4004798
pd-user_449514
pd-user_1066090
pd-user_5221899
pd-user_2558004
pd-user_6638321
pd-user_4836854
pd-user_6573701
pd-user_6378619
pd-user_6717321
pd-user_7802221
pd-user_6152740
pd-user_4619052
pd-user_6122918
pd-user_8004489
pd-user_1039040
pd-user_793750
pd-user_6957436
pd-user_5525591
pd-user_2593533
pd-user_2412966
pd-user_7735550
pd-user_9938760
pd-user_8227388
pd-user_3975525
pd-user_6270819
pd-user_7109530
pd-user_1114705
pd-user_8321988
pd-user_6144055
pd-user_2085970
pd-user_5200690
pd-user_2414798
pd-user_6322134
pd-user_780803
pd-user_3038396
pd-user_6412387
pd-user_8011450
pd-user_6007216
pd-user_1134037
pd-user_912177
pd-user_2786067
pd-user_3308312
pd-user_3466593
pd-user_1779481
pd-user_9323848
pd-user_8641847
pd-user_9685974
pd-user_3867554
pd-user_4026057
pd-user_1617474
pd-user_5543402
pd-user_3956336
pd-user_4159657
pd-user_3554116
pd-user_6416152
pd-user_5423843
pd-user_6417249
pd-user_1824590
pd-user_7078017
pd-user_2549162
pd-user_1465625
pd-user_5993952
pd-user_5261333
pd-user_1167992
pd-user_8897828
pd-user_1231044
pd-user_3545256
pd-user_1533377
pd-user_2433728
pd-user_3568534
pd-user_7087849
pd-user_106674
pd-user_5543719
pd-user_2447677
pd-user_886624
pd-user_9623525
pd-user_1675301
pd-user_6020279
pd-user_9318692
pd-user_4481053
pd-user_9652669
pd-user_6616679
pd-user_152745
pd-user_4913718
pd-user_3950032
pd-user_1848711
pd-user_8342504
pd-user_3274602
pd-user_5844120
pd-user_4705282
pd-user_4910525
pd-user_2249468
pd-user_5333331
pd-user_5044091
pd-user_1530704
pd-user_2241402
pd-user_5914510
pd-user_3619940
pd-user_7016403
pd-user_7394428
pd-user_5991932
pd-user_9922040
pd-user_8111097
pd-user_2083812
pd-user_7431999
pd-user_5041521
pd-user_5151761
pd-user_5113143
pd-user_9097909
pd-user_2832782
pd-user_1639507
pd-user_7142423
pd-user_4571529
pd-user_9314121
pd-user_7426764
pd-user_5296624
pd-user_1276447
pd-user_7702080
pd-user_6252890
pd-user_8066776
pd-user_2073181
pd-user_1599273
pd-user_2110307
pd-user_660325
pd-user_4306030
pd-user_7787117
pd-user_2486456
pd-user_8850385
pd-user_7746065
pd-user_5379161
pd-user_2734300
pd-user_2579135
pd-user_5554207
pd-user_8040777
pd-user_1370338
pd-user_8177279
pd-user_7296873
pd-user_314561
pd-user_1540745
pd-user_851781
pd-user_8386957
pd-user_89670
pd-user_1515162
pd-user_760155
pd-user_7474215
pd-user_8926417
pd-user_5044250
pd-user_9015863
pd-user_3159056
pd-user_8432471
pd-user_4710056
pd-user_2126242
pd-user_7055568
pd-user_8422790
pd-user_840341
pd-user_9349096
pd-user_7150109
pd-user_8678767
pd-user_8397944
pd-user_7523777
pd-user_5160309
pd-user_8492675
pd-user_1028149
pd-user_1548259
pd-user_7404998
pd-user_4461720
pd-user_4033852
pd-user_1411889
pd-user_3788469
pd-user_1333869
pd-user_4781214
pd-user_2963994
pd-user_2858698
pd-user_2385359
pd-user_4830175
pd-user_7347077
pd-user_6102618
pd-user_1289631
pd-user_3077054
pd-user_8782247
pd-user_8872340
pd-user_5058888
pd-user_3711358
pd-user_8836519
pd-user_2609759
pd-user_8268998
pd-user_8293715
pd-user_2826802
pd-user_2173214
pd-user_2395644
pd-user_1698909
pd-user_9277655
pd-user_5170021
pd-user_9226096
pd-user_934018
pd-user_6456491
pd-user_1597064
pd-user_2644255
pd-user_3491366
pd-user_5031660
pd-user_2899123
pd-user_4833460
pd-user_7267131
pd-user_7114330
pd-user_4130726
pd-user_4154633
pd-user_6485823
pd-user_9127522
pd-user_405349
pd-user_9869778
pd-user_8316665
pd-user_2221557
pd-user_8288586
pd-user_3750417
pd-user_1727943
pd-user_250675
pd-user_8985845
pd-user_845493
pd-user_7878651
pd-user_1041015
pd-user_255552
pd-user_7308182
pd-user_689315
pd-user_9997851
pd-user_7197462
pd-user_4096491
pd-user_8181057
pd-user_8570200
pd-user_8693699
pd-user_2301202
pd-user_1254043
pd-user_9129026
pd-user_3801338
pd-user_8842864
pd-user_4469216
pd-user_1133445
pd-user_4254079
pd-user_7287730
pd-user_1038123
pd-user_6463409
pd-user_9704518
pd-user_7520225
pd-user_9703501
pd-user_7900165
pd-user_8404751
pd-user_9231299
pd-user_1536035
pd-user_1833391
pd-user_3351347
pd-user_1868603
pd-user_8018056
pd-user_3234252
pd-user_8064857
pd-user_666930
pd-user_8930425
pd-user_5675149
pd-user_6364974
pd-user_9482083
pd-user_6831837
pd-user_2063906
pd-user_1421989
pd-user_9778520
pd-user_7144645
pd-user_1775007
pd-user_9166297
pd-user_8899498
pd-user_6150033
pd-user_8870647
pd-user_7529036
pd-user_264454
pd-user_818104
pd-user_2599695
pd-user_4648342
pd-user_3868062
pd-user_1654784
pd-user_708572
pd-user_6719440
pd-user_4961227
pd-user_862965
pd-user_3415005
pd-user_3872072
pd-user_1913788
pd-user_5902337
pd-user_1858011
pd-user_3166837
pd-user_6195299
pd-user_5381406
pd-user_4087240
pd-user_4279617
pd-user_1195423
pd-user_6771953
pd-user_6178232
pd-user_8124381
pd-user_1670949
pd-user_2194019
pd-user_5821020
pd-user_4401473
pd-user_4768564
pd-user_4855161
pd-user_9862110
pd-user_9966168
pd-user_1639163
pd-user_4264280
pd-user_2393155
pd-user_7011268
pd-user_1313080
pd-user_8577688
pd-user_1961149
pd-user_375691
pd-user_4253310
pd-user_8710176
pd-user_1380388
pd-user_8709481
pd-user_2446625
pd-user_7096271
pd-user_1692429
pd-user_5344193
pd-user_33295
pd-user_2197604
pd-user_9000683
pd-user_1652851
pd-user_1406144
pd-user_6991457
pd-user_8415012
pd-user_7789304
pd-user_8219947
pd-user_3563905
pd-user_7458156
pd-user_9692102
pd-user_5418755
pd-user_7904622
pd-user_7163610
pd-user_9343304
pd-user_1476170
pd-user_9447000
pd-user_6184167
pd-user_248965
pd-user_1487815
pd-user_180357
pd-user_3550649
pd-user_5550428
pd-user_9494840
pd-user_7741302
pd-user_5201047
pd-user_5895967
pd-user_14590
pd-user_9703693
pd-user_602992
pd-user_6871694
pd-user_8931330
pd-user_43778
pd-user_436646
pd-user_8062113
pd-user_53414
pd-user_2497658
pd-user_7521945
pd-user_1552002
pd-user_151530
pd-user_3391272
pd-user_4659213
pd-user_3875523
pd-user_4906954
pd-user_8025124
pd-user_1203638
pd-user_9354366
pd-user_5199332
pd-user_4057411
pd-user_9624448
pd-user_9763274
pd-user_9530464
pd-user_5077452
pd-user_9725454
pd-user_92690
pd-user_4775152
pd-user_9173246
pd-user_5498270
pd-user_2480004
pd-user_6440412
pd-user_6762424
pd-user_2400154
pd-user_4051139
pd-user_5869768
pd-user_7556106
pd-user_8848408
pd-user_6491836
pd-user_1728121
pd-user_4349397
pd-user_2535376
pd-user_884704
pd-user_2282759
pd-user_9860124
pd-user_6006188
pd-user_3239979
pd-user_5005426
pd-user_2885294
pd-user_443266
pd-user_5878979
pd-user_77411
pd-user_3119674
pd-user_7809106
pd-user_4633766
pd-user_5420065
pd-user_2038016
pd-user_6829527
pd-user_9014584
pd-user_109158
pd-user_6386386
pd-user_4867445
pd-user_8153242
pd-user_7189320
pd-user_1130327
pd-user_2334672
pd-user_5414764
pd-user_2421775
pd-user_3607518
pd-user_5750850
pd-user_1599559
pd-user_5909966
pd-user_6870413
pd-user_7273308
pd-user_4311894
pd-user_1995474
pd-user_6132772
pd-user_6548729
pd-user_5679136
pd-user_4699900
pd-user_5087085
pd-user_5133675
pd-user_4079765
pd-user_8566559
pd-user_2194545
pd-user_937417
pd-user_6396968
pd-user_6302682
pd-user_5495924
pd-user_9777322
pd-user_5859708
pd-user_2512767
pd-user_8488998
pd-user_2758940
pd-user_4394691
pd-user_943989
pd-user_9689570
pd-user_1444342
pd-user_1859004
pd-user_8555489
pd-user_1760509
pd-user_1126147
pd-user_555996
pd-user_4718492
pd-user_5164594
pd-user_8979636
pd-user_463722
pd-user_8094904
pd-user_440739
pd-user_9267634
pd-user_4514880
pd-user_9362169
pd-user_9833403
pd-user_9404578
pd-user_5824705
pd-user_1193857
pd-user_3072454
pd-user_7564663
pd-user_7495496
pd-user_8545519
pd-user_5777033
pd-user_4927902
pd-user_3687072
pd-user_2237694
pd-user_5528679
pd-user_6203317
pd-user_5782488
pd-user_1375150
pd-user_284654
pd-user_6359667
pd-user_211567
pd-user_2100990
pd-user_8440021
pd-user_2658313
pd-user_4816915
pd-user_3627943
pd-user_3013618
pd-user_5379869
pd-user_491355
pd-user_3965613
pd-user_8779306
pd-user_1174291
pd-user_8285842
pd-user_4615996
pd-user_8136624
pd-user_7436689
pd-user_2219637
pd-user_2146183
pd-user_1152084
pd-user_730056
pd-user_4198877
pd-user_617204
pd-user_9015974
pd-user_9260445
pd-user_9641764
pd-user_8019128
pd-user_5754775
pd-user_5000923
pd-user_3340187
pd-user_559379
pd-user_6044426
pd-user_5061465
pd-user_5405883
pd-user_8041184
pd-user_9399991
pd-user_3533956
pd-user_5478920
pd-user_3286647
pd-user_7244924
pd-user_7801137
pd-user_649423
pd-user_7284232
pd-user_9007910
pd-user_262565
pd-user_336826
pd-user_9300805
pd-user_981384
pd-user_4874693
pd-user_6187432
pd-user_8640048
pd-user_2176096
pd-user_5313341
pd-user_3295155
pd-user_6462484
pd-user_4350145
pd-user_4475526
pd-user_1303127
pd-user_4114227
pd-user_8452249
pd-user_6316215
pd-user_7166221
pd-user_788969
pd-user_7872926
pd-user_6161053
pd-user_3158056
pd-user_7433655
pd-user_7944278
pd-user_3311821
pd-user_502153
pd-user_702624
pd-user_4780764
pd-user_8851775
pd-user_8828495
pd-user_7735384
pd-user_8478757
pd-user_9248416
pd-user_3579171
pd-user_2821747
pd-user_9100546
pd-user_5373533
pd-user_3653023
pd-user_5342582
pd-user_3483235
pd-user_5486150
pd-user_6856137
pd-user_6677268
pd-user_740411
pd-user_3326537
pd-user_7933784
pd-user_5516442
pd-user_1539346
pd-user_680160
pd-user_9115149
pd-user_1926521
pd-user_2200220
pd-user_9359309
pd-user_9474126
pd-user_1897043
pd-user_5623603
pd-user_2204318
pd-user_1260475
pd-user_1292852
pd-user_7767395
pd-user_7734309
pd-user_5255513
pd-user_4296406
pd-user_9194719
pd-user_3686325
pd-user_9457432
pd-user_5089437
pd-user_2628279
pd-user_68747
pd-user_7928965
pd-user_4922380
pd-user_5750109
pd-user_8367643
pd-user_8252327
pd-user_8757343
pd-user_8033128
pd-user_6526166
pd-user_2770099
pd-user_8393477
pd-user_9597998
pd-user_3330647
pd-user_6930725
pd-user_5479576
pd-user_1465959
pd-user_7820132
pd-user_7603797
pd-user_7826031
pd-user_9812189
pd-user_5913473
pd-user_4068590
pd-user_2290821
pd-user_2549815
pd-user_6253240
pd-user_7481968
pd-user_1686944
pd-user_7905594
pd-user_2424680
pd-user_2607903
pd-user_4009311
pd-user_6453489
pd-user_5734950
pd-user_5807434
pd-user_3188586
pd-user_2291998
pd-user_7614450
pd-user_774426
pd-user_4717099
pd-user_6468604
pd-user_3097672
pd-user_7775263
pd-user_4129794
pd-user_3986592
pd-user_1752340
pd-user_5488692
pd-user_6229892
pd-user_1019441
pd-user_1443269
pd-user_5132777
pd-user_7449211
pd-user_927964
pd-user_67479
pd-user_2698785
pd-user_9158150
pd-user_3895775
pd-user_8937020
pd-user_3216143
pd-user_8525980
pd-user_2765465
pd-user_8770698
pd-user_518466
pd-user_6694892
pd-user_2498576
pd-user_5752160
pd-user_4965673
pd-user_6456149
pd-user_1480289
pd-user_6807670
pd-user_9073796
pd-user_2281844
pd-user_7938038
pd-user_637818
pd-user_6835056
pd-user_1444439
pd-user_6317808
pd-user_9622100
pd-user_2826030
pd-user_9924406
pd-user_1319853
pd-user_2345408
pd-user_4642547
pd-user_4740624
pd-user_5461259
pd-user_6553707
pd-user_550501
pd-user_6427106
pd-user_5942099
pd-user_7259267
pd-user_4931743
pd-user_8422795
pd-user_9796955
pd-user_4438405
pd-user_7028687
pd-user_7706961
pd-user_5789679
pd-user_323164
pd-user_4563570
pd-user_3209878
pd-user_462753
pd-user_361540
pd-user_1030579
pd-user_6512646
pd-user_8236371
pd-user_2779425
pd-user_5735867
pd-user_8059507
pd-user_7092758
pd-user_9188336
pd-user_8102348
pd-user_6865747
pd-user_8087598
pd-user_8313353
pd-user_3761567
pd-user_8660645
pd-user_2224066
pd-user_2731627
pd-user_8795686
pd-user_6158247
pd-user_3327762
pd-user_1876379
pd-user_9981748
pd-user_6689114
pd-user_4176663
pd-user_4794243
pd-user_7319684
pd-user_3070232
pd-user_432859
pd-user_747792
pd-user_6985559
pd-user_4550002
pd-user_2639813
pd-user_7072493
pd-user_3759809
pd-user_9452238
pd-user_22186
pd-user_7980440
pd-user_5964843
pd-user_908623
pd-user_8776785
pd-user_5020264
pd-user_9433488
pd-user_8612770
pd-user_7819181
pd-user_7787576
pd-user_2142820
pd-user_2908518
pd-user_3218459
pd-user_7447335
pd-user_2492671
pd-user_3892062
pd-user_6428654
pd-user_5808824
pd-user_3905521
pd-user_9157657
pd-user_8426654
pd-user_40375
pd-user_2388213
pd-user_2717445
pd-user_2539258
pd-user_967826
pd-user_767453
pd-user_1092970
pd-user_4136155
pd-user_7683794
pd-user_5868959
pd-user_1864075
pd-user_2250666
pd-user_6971705
pd-user_3124969
pd-user_4093084
pd-user_2846832
pd-user_6012829
pd-user_601110
pd-user_1024241
pd-user_4492332
pd-user_4471246
pd-user_1850875
pd-user_1285416
pd-user_2835105
pd-user_6569968
pd-user_6441943
pd-user_1631992
pd-user_1485952
pd-user_8075085
pd-user_9045343
pd-user_9882076
pd-user_5858592
pd-user_624383
pd-user_7252895
pd-user_2235410
pd-user_2821020
pd-user_1664180
pd-user_9739130
pd-user_247194
pd-user_3500930
pd-user_3209367
pd-user_3942124
pd-user_8803572
pd-user_1326195
pd-user_7334294
pd-user_8778827
pd-user_4680844
pd-user_2252875
pd-user_7417431
pd-user_3340116
pd-user_4816004
pd-user_1430538
pd-user_449462
pd-user_4779791
pd-user_8450144
pd-user_6478537
pd-user_6508464
pd-user_6953602
pd-user_1864248
pd-user_325226
pd-user_4416183
pd-user_5915893
pd-user_8121958
pd-user_5039694
pd-user_4908693
pd-user_1580020
pd-user_8261658
pd-user_6882267
pd-user_6725560
pd-user_3616303
pd-user_1592053
pd-user_1293267
pd-user_5207428
pd-user_8317689
pd-user_3509087
pd-user_4999059
pd-user_8823771
pd-user_3941458
pd-user_7495678
pd-user_2601921
pd-user_3989740
pd-user_7386736
pd-user_7399272
pd-user_9259230
pd-user_853470
pd-user_9458174
pd-user_2620888
pd-user_6451284
pd-user_8379151
pd-user_2627760
pd-user_4017313
pd-user_9322079
pd-user_573918
pd-user_9233711
pd-user_3513138
pd-user_6711667
pd-user_4564349
pd-user_5304498
pd-user_7226339
pd-user_3081523
pd-user_9402097
pd-user_9068062
pd-user_1838462
pd-user_1454729
pd-user_2564880
pd-user_1097648
pd-user_1089069
pd-user_1888634
pd-user_8408171
pd-user_9468017
pd-user_5393566
pd-user_8991231
pd-user_3421231
pd-user_9474034
pd-user_4323318
pd-user_5048496
pd-user_1604843
pd-user_2066069
pd-user_3364763
pd-user_1832982
pd-user_2083233
pd-user_79565
pd-user_2636888
pd-user_3380626
pd-user_8989836
pd-user_1029438
pd-user_9749649
pd-user_9214336
pd-user_215987
pd-user_5954924
pd-user_6224654
pd-user_6356942
pd-user_760816
pd-user_3879157
pd-user_8105996
pd-user_7603876
pd-user_4381051
pd-user_2755321
pd-user_3012507
pd-user_6581750
pd-user_6225755
pd-user_7161605
pd-user_993758
pd-user_137017
pd-user_8848860
pd-user_5565461
pd-user_8530578
pd-user_3883605
pd-user_5474279
pd-user_3228174
pd-user_8602289
pd-user_5217407
pd-user_1455224
pd-user_2714720
pd-user_1246295
pd-user_9606996
pd-user_982560
pd-user_4116736
pd-user_9140853
pd-user_134964
pd-user_5070228
pd-user_8144730
pd-user_6646286
pd-user_45003
pd-user_6942132
pd-user_5614696
pd-user_8148907
pd-user_5047849
pd-user_4928158
pd-user_5038062
pd-user_5556318
pd-user_1386735
pd-user_3789335
pd-user_7431701
pd-user_7642536
pd-user_4127600
pd-user_3258363
pd-user_9072790
pd-user_8154304
pd-user_6685424
pd-user_1949391
pd-user_7727730
pd-user_737332
pd-user_8251967
pd-user_4220646
pd-user_4953125
pd-user_5842670
pd-user_9936070
pd-user_5858315
pd-user_6618641
pd-user_3714192
pd-user_5992949
pd-user_326791
pd-user_4643485
pd-user_7632764
pd-user_1975451
pd-user_1722588
pd-user_3010683
pd-user_5856474
pd-user_2406080
pd-user_7921064
pd-user_5967166
pd-user_1424232
pd-user_3442688
pd-user_3517212
pd-user_5397981
pd-user_7047139
pd-user_7607980
pd-user_4216946
pd-user_127852
pd-user_25341
pd-user_9248248
pd-user_6720364
pd-user_4565349
pd-user_352653
pd-user_1621833
pd-user_2732794
pd-user_266188
pd-user_2112655
pd-user_9725664
pd-user_7343686
pd-user_5715220
pd-user_8598020
pd-user_141591
pd-user_6846989
pd-user_9866677
pd-user_4828286
pd-user_8489227
pd-user_5315570
pd-user_4483079
pd-user_8336416
pd-user_4812945
pd-user_819313
pd-user_7632764
pd-user_9597817
pd-user_7479417
pd-user_4504729
pd-user_9669762
pd-user_8994859
pd-user_1966885
pd-user_2644944
pd-user_5676666
pd-user_3494852
pd-user_9066720
pd-user_9315870
pd-user_9769597
pd-user_6735326
pd-user_9912698
pd-user_6160552
pd-user_1522385
pd-user_3913227
pd-user_9111665
pd-user_9697727
pd-user_9328635
pd-user_4011377
pd-user_4925506
pd-user_4415627
pd-user_791957
pd-user_4620884
pd-user_704328
pd-user_2535496
pd-user_5171116
pd-user_8968031
pd-user_3846376
pd-user_1989637
pd-user_1420431
pd-user_1803443
pd-user_2527942
pd-user_2703935
pd-user_7160884
pd-user_3625457
pd-user_2001823
pd-user_3736198
pd-user_814116
pd-user_2674924
pd-user_8501919
pd-user_765796
pd-user_3203067
pd-user_3534334
pd-user_2866487
pd-user_688440
pd-user_6211819
pd-user_6959657
pd-user_8477617
pd-user_7111506
pd-user_1751899
pd-user_4007688
pd-user_3686333
pd-user_3364005
pd-user_9029605
pd-user_8541270
pd-user_6235549
pd-user_169507
pd-user_7720578
pd-user_9902601
pd-user_6875560
pd-user_5653992
pd-user_6258137
pd-user_9724154
pd-user_2682592
pd-user_8238742
pd-user_7905708
pd-user_185970
pd-user_9187159
pd-user_7923961
pd-user_9786166
pd-user_7258834
pd-user_5235520
pd-user_8772526
pd-user_5986405
pd-user_3635351
pd-user_1073928
pd-user_658561
pd-user_6267578
pd-user_2558341
pd-user_5865070
pd-user_6154990
pd-user_8823391
pd-user_6987287
pd-user_7037101
pd-user_8350918
pd-user_8011113
pd-user_5136999
pd-user_3582026
pd-user_4079773
pd-user_9097630
pd-user_6959151
pd-user_5959307
pd-user_3218765
pd-user_6079446
pd-user_7183980
pd-user_173053
pd-user_3113977
pd-user_3520402
pd-user_2792293
pd-user_3570493
pd-user_3286128
pd-user_5212965
pd-user_5347110
pd-user_524576
pd-user_2235121
pd-user_7987611
pd-user_8626230
pd-user_4810294
pd-user_9987983
pd-user_6023408
pd-user_9272312
pd-user_3326541
pd-user_3138596
pd-user_6891413
pd-user_2432607
pd-user_4229930
pd-user_2349282
pd-user_5049365
pd-user_9611747
pd-user_851846
pd-user_6138783
pd-user_9700192
pd-user_6480987
pd-user_2168923
pd-user_6855335
pd-user_8647536
pd-user_8832634
pd-user_8044084
pd-user_3762989
pd-user_5253436
pd-user_7771208
pd-user_9394591
pd-user_3443854
pd-user_1147307
pd-user_8945029
pd-user_9664416
pd-user_470950
pd-user_4184368
pd-user_1972885
pd-user_9958756
pd-user_1828442
pd-user_9606492
pd-user_3868001
pd-user_9484426
pd-user_5898678
pd-user_553792
pd-user_9286907
pd-user_3732391
pd-user_3689922
pd-user_6060140
pd-user_2893670
pd-user_3421880
pd-user_400487
pd-user_5018801
pd-user_7675264
pd-user_3126164
pd-user_6637216
pd-user_6603367
pd-user_6071583
pd-user_9525730
pd-user_6600383
pd-user_5934647
pd-user_8772811
pd-user_7348420
pd-user_200332
pd-user_5132429
pd-user_2546322
pd-user_6647961
pd-user_2194837
pd-user_3840964
pd-user_2861768
pd-user_8170265
pd-user_6380596
pd-user_5548513
pd-user_7834974
pd-user_1717671
pd-user_4368372
pd-user_475836
pd-user_7018198
pd-user_4458396
pd-user_9036361
pd-user_859860
pd-user_7416222
pd-user_3733875
pd-user_2888845
pd-user_7506591
pd-user_5128467
pd-user_7925857
pd-user_8829120
pd-user_5289600
pd-user_1191406
pd-user_5852130
pd-user_3296784
pd-user_5424134
pd-user_5548020
pd-user_9970338
pd-user_4292111
pd-user_1148391
pd-user_4092432
pd-user_6420418
pd-user_1527408
pd-user_1352943
pd-user_8020128
pd-user_9447609
pd-user_337551
pd-user_6509786
pd-user_3566838
pd-user_8363159
pd-user_9377480
pd-user_8848518
pd-user_5220115
pd-user_4561289
pd-user_428258
pd-user_1519039
pd-user_707044
pd-user_3582412
pd-user_122957
pd-user_9009845
pd-user_3357860
pd-user_7588726
pd-user_6029453
pd-user_3957171
pd-user_898140
pd-user_3084444
pd-user_5982162
pd-user_8836291
pd-user_6126238
pd-user_3991795
pd-user_4976893
pd-user_3158451
pd-user_3291882
pd-user_5456266
pd-user_1226410
pd-user_2243186
pd-user_4696946
pd-user_7602420
pd-user_1632735
pd-user_1796631
pd-user_247406
pd-user_8327346
pd-user_9306509
pd-user_1871897
pd-user_6168802
pd-user_6002300
pd-user_6699435
pd-user_7582377
pd-user_4159311
pd-user_3017353
pd-user_846279
pd-user_4894509
pd-user_1201814
pd-user_3900633
pd-user_5843543
pd-user_8460594
pd-user_7904198
pd-user_1556717
pd-user_7276704
pd-user_9828543
pd-user_9755504
pd-user_6332836
pd-user_8919172
pd-user_6882347
pd-user_3452255
pd-user_1233670
pd-user_139841
pd-user_8956365
pd-user_6414027
pd-user_2868715
pd-user_536141
pd-user_2514974
pd-user_4088824
pd-user_566865
pd-user_1140332
pd-user_7245235
pd-user_9039032
pd-user_5790515
pd-user_3739256
pd-user_476723
pd-user_2487403
pd-user_6974585
pd-user_8670120
pd-user_8470474
pd-user_2214757
pd-user_4884857
pd-user_8827006
pd-user_2120204
pd-user_2883001
pd-user_4055091
pd-user_4787290
pd-user_1181708
pd-user_891228
pd-user_2597285
pd-user_3039869
pd-user_9589354
pd-user_8770080
pd-user_1995089
pd-user_8229584
pd-user_7922773
pd-user_4419577
pd-user_4103507
pd-user_3590204
pd-user_4816532
pd-user_8567085
pd-user_6507396
pd-user_898523
pd-user_6782808
pd-user_3522470
pd-user_2368222
pd-user_5606360
pd-user_9221704
pd-user_642577
pd-user_6060199
pd-user_2962512
pd-user_8163294
pd-user_1665195
pd-user_982126
pd-user_3621237
pd-user_90528
pd-user_9427696
pd-user_611286
pd-user_5108160
pd-user_5879232
pd-user_7018528
pd-user_8790565
pd-user_7352026
pd-user_1966591
pd-user_5196125
pd-user_7404670
pd-user_3009689
pd-user_5143731
pd-user_4245252
pd-user_580661
pd-user_7966513
pd-user_8136630
pd-user_7410393
pd-user_6174978
pd-user_9978238
pd-user_757119
pd-user_3053804
pd-user_5311338
pd-user_2862861
pd-user_3804965
pd-user_9131103
pd-user_7275081
pd-user_8502241
pd-user_9343631
pd-user_6340605
pd-user_1848704
pd-user_6815734
pd-user_4209211
pd-user_685929
pd-user_9712884
pd-user_7417639
pd-user_7604088
pd-user_4607937
pd-user_6702162
pd-user_4857388
pd-user_9529314
pd-user_9725037
pd-user_4317361
pd-user_6619862
pd-user_4069504
pd-user_329893
pd-user_7627931
pd-user_9128899
pd-user_5709836
pd-user_4405482
pd-user_510779
pd-user_4655370
pd-user_3135733
pd-user_6034983
pd-user_9543241
pd-user_1156436
pd-user_7316761
pd-user_9600076
pd-user_8581230
pd-user_2428108
pd-user_5295188
pd-user_3100025
pd-user_8593595
pd-user_581238
pd-user_9933562
pd-user_6098209
pd-user_8873194
pd-user_5008840
pd-user_4617160
pd-user_5496038
pd-user_3119725
pd-user_5700460
pd-user_1628960
pd-user_5587107
pd-user_526568
pd-user_7516900
pd-user_512934
pd-user_4669022
pd-user_2552118
pd-user_1681059
pd-user_7550325
pd-user_1406755
pd-user_346507
pd-user_6499719
pd-user_9285180
pd-user_4095816
pd-user_7703208
pd-user_8968710
pd-user_8381689
pd-user_5096050
pd-user_6117587
pd-user_6282384
pd-user_3253991
pd-user_2671200
pd-user_1304533
pd-user_963663
pd-user_2722767
pd-user_2886404
pd-user_275993
pd-user_4156694
pd-user_3325141
pd-user_7522101
pd-user_982870
pd-user_3292373
pd-user_5698387
pd-user_1782233
pd-user_3857835
pd-user_9980106
pd-user_9245740
pd-user_1181269
pd-user_7820174
pd-user_5713813
pd-user_8769351
pd-user_1803698
pd-user_638009
pd-user_1908777
pd-user_5648606
pd-user_2692928
pd-user_6808644
pd-user_8329801
pd-user_7057413
pd-user_7194810
pd-user_5944888
pd-user_7643812
pd-user_4214857
pd-user_6150318
pd-user_1041472
pd-user_7712323
pd-user_249471
pd-user_9849265
pd-user_9325860
pd-user_650435
pd-user_4988383
pd-user_9813173
pd-user_9874464
pd-user_9710051
pd-user_4957056
pd-user_4588497
pd-user_5553393
pd-user_5425043
pd-user_3619006
pd-user_9288489
pd-user_8077223
pd-user_8728714
pd-user_3594920
pd-user_1442065
pd-user_8841081
pd-user_4566460
pd-user_2280601
pd-user_8357544
pd-user_1538785
pd-user_4030507
pd-user_6642480
pd-user_2753463
pd-user_7586445
pd-user_8047025
pd-user_5153195
pd-user_1741509
pd-user_165081
pd-user_6830680
pd-user_3593209
pd-user_6708550
pd-user_913121
pd-user_4623392
pd-user_9130795
pd-user_9569131
pd-user_1907481
pd-user_2572513
pd-user_6019753
pd-user_5028524
pd-user_8149515
pd-user_7928775
pd-user_5111989
pd-user_9311904
pd-user_936484
pd-user_8144933
pd-user_3839779
pd-user_4515142
pd-user_8048932
pd-user_5142046
pd-user_6019244
pd-user_6067566
pd-user_3851774
pd-user_1478968
pd-user_351920
pd-user_9641501
pd-user_7090878
pd-user_3989796
pd-user_9691057
pd-user_5050294
pd-user_9999267
pd-user_2843653
pd-user_6504174
pd-user_7641741
pd-user_2080038
pd-user_5747010
pd-user_2475897
pd-user_7039234
pd-user_3843836
pd-user_8473797
pd-user_8785217
pd-user_8922564
pd-user_1886758
pd-user_863941
pd-user_5608283
pd-user_5869582
pd-user_2253262
pd-user_9587826
pd-user_3283033
pd-user_4081450
pd-user_5471183
pd-user_4101430
pd-user_3495289
pd-user_4612069
pd-user_3787646
pd-user_2272452
pd-user_5252721
pd-user_1822643
pd-user_2816572
pd-user_7361558
pd-user_820019
pd-user_4750705
pd-user_1002203
pd-user_3812946
pd-user_5088328
pd-user_9706859
pd-user_7386759
pd-user_9836080
pd-user_9416830
pd-user_4560192
pd-user_5087996
pd-user_5630403
pd-user_2360087
pd-user_1128368
pd-user_3580134
pd-user_7521845
pd-user_4264895
pd-user_6315652
pd-user_137767
pd-user_536498
pd-user_9999086
pd-user_6614781
pd-user_1903031
pd-user_1320903
pd-user_6780216
pd-user_7230567
pd-user_5520565
pd-user_2041772
pd-user_3403659
pd-user_5273332
pd-user_7582845
pd-user_8394767
pd-user_7665940
pd-user_9322617
pd-user_5550779
pd-user_7815829
pd-user_9992180
pd-user_5709041
pd-user_9295726
pd-user_5203781
pd-user_8731407
pd-user_9191750
pd-user_6728955
pd-user_3862545
pd-user_1968854
pd-user_9504682
pd-user_2986994
pd-user_9539699
pd-user_6089896
pd-user_3462530
pd-user_6919065
pd-user_1560492
pd-user_3267778
pd-user_2392754
pd-user_556997
pd-user_5450912
pd-user_6080843
pd-user_1318569
pd-user_5006973
pd-user_44017
pd-user_3882185
pd-user_3736249
pd-user_2468706
pd-user_6673342
pd-user_1613981
pd-user_6373846
pd-user_6377780
pd-user_7385802
pd-user_8909223
pd-user_7788750
pd-user_5248385
pd-user_6489221
pd-user_5035462
pd-user_5536031
pd-user_50002
pd-user_9895086
pd-user_8894268
pd-user_6780885
pd-user_1168548
pd-user_7763194
pd-user_1695820
pd-user_41055
pd-user_96602
pd-user_4202640
pd-user_8057054
pd-user_8804464
pd-user_6279415
pd-user_3830360
pd-user_459126
pd-user_9619082
pd-user_5599094
pd-user_7344306
pd-user_3183945
pd-user_660412
pd-user_9461388
pd-user_5562237
pd-user_8514799
pd-user_6716698
pd-user_3611352
pd-user_3431580
pd-user_6031150
pd-user_1933798
pd-user_5028633
pd-user_7643237
pd-user_7674502
pd-user_5882302
pd-user_6562787
pd-user_1722959
pd-user_4679767
pd-user_238016
pd-user_3180243
pd-user_4250510
pd-user_8651418
pd-user_2256150
pd-user_1371411
pd-user_3888053
pd-user_7630140
pd-user_7997505
pd-user_5050330
pd-user_4337861
pd-user_1080643
pd-user_405180
pd-user_7646634
pd-user_9968078
pd-user_6411216
pd-user_580377
pd-user_3209026
pd-user_3861527
pd-user_5230223
pd-user_6644219
pd-user_2924308
pd-user_4870705
pd-user_8966133
pd-user_9723909
pd-user_652679
pd-user_7846752
pd-user_6967953
pd-user_8775479
pd-user_6676226
pd-user_1985702
pd-user_6892637
pd-user_2751639
pd-user_1390604
pd-user_6840273
pd-user_5506913
pd-user_572553
pd-user_6769674
pd-user_8086150
pd-user_3448587
pd-user_7695603
pd-user_4901952
pd-user_3795398
pd-user_2950692
pd-user_3598009
pd-user_8887848
pd-user_6107178
pd-user_7798571
pd-user_3784215
pd-user_1061957
pd-user_2838767
pd-user_4379576
pd-user_9615197
pd-user_9947901
pd-user_5125224
pd-user_1415581
pd-user_6016051
pd-user_5146368
pd-user_4910008
pd-user_2208691
pd-user_2929022
pd-user_5219184
pd-user_1484049
pd-user_519330
pd-user_4660534
pd-user_6423004
pd-user_3206440
pd-user_736302
pd-user_8697448
pd-user_6738903
pd-user_3307706
pd-user_8130978
pd-user_5693757
pd-user_1342260
pd-user_2796100
pd-user_4620451
pd-user_5148068
pd-user_6271720
pd-user_5797671
pd-user_1210667
pd-user_955852
pd-user_6242116
pd-user_8667696
pd-user_5575972
pd-user_1582098
pd-user_291838
pd-user_5501316
pd-user_8251017
pd-user_4098960
pd-user_4118756
pd-user_606872
pd-user_2915416
pd-user_1354981
pd-user_1842465
pd-user_7548181
pd-user_5259501
pd-user_3773679
pd-user_9956446
pd-user_1497633
pd-user_4298740
pd-user_3306626
pd-user_889691
pd-user_2904848
pd-user_5303026
pd-user_4188875
pd-user_5240641
pd-user_4181504
pd-user_2596557
pd-user_5846346
pd-user_3755977
pd-user_4928496
pd-user_9621724
pd-user_1951987
pd-user_5255318
pd-user_7815038
pd-user_4990001
pd-user_4070747
pd-user_7987674
pd-user_5971452
pd-user_2815921
pd-user_5876708
pd-user_4992766
pd-user_1173653
pd-user_4045652
pd-user_1147423
pd-user_1426379
pd-user_6378334
pd-user_2114142
pd-user_520648
pd-user_4719158
pd-user_5444293
pd-user_9024146
pd-user_9641475
pd-user_7727356
pd-user_2685796
pd-user_991495
pd-user_2951336
pd-user_8776482
pd-user_6768224
pd-user_8765632
pd-user_4703538
pd-user_2646958
pd-user_5504665
pd-user_4679558
pd-user_4952341
pd-user_4214167
pd-user_5703684
pd-user_4314107
pd-user_5082989
pd-user_432995
pd-user_6712867
pd-user_9819499
pd-user_583126
pd-user_4017646
pd-user_6715801
pd-user_4070886
pd-user_7812653
pd-user_4434217
pd-user_2175534
pd-user_6782886
pd-user_29716
pd-user_7930139
pd-user_6340465
pd-user_90181
pd-user_3696349
pd-user_1110534
pd-user_6432664
pd-user_3398143
pd-user_7399139
pd-user_2869730
pd-user_2930140
pd-user_6090648
pd-user_1922711
pd-user_1168227
pd-user_4761759
pd-user_9187187
pd-user_6986873
pd-user_5210807
pd-user_4419125
pd-user_9068748
pd-user_9232861
pd-user_867827
pd-user_153062
pd-user_790093
pd-user_6116913
pd-user_9985226
pd-user_4327461
pd-user_6479789
pd-user_2612995
pd-user_8542771
pd-user_9407569
pd-user_2457323
pd-user_761170
pd-user_3605906
pd-user_4456790
pd-user_4789785
pd-user_1839761
pd-user_6663881
pd-user_7477396
pd-user_7751935
pd-user_7079533
pd-user_7894454
pd-user_8266761
pd-user_3793867
pd-user_7697903
pd-user_9317043
pd-user_529003
pd-user_2977812
pd-user_161133
pd-user_4057738
pd-user_5872928
pd-user_1238681
pd-user_4234383
pd-user_8779666
pd-user_2655272
pd-user_742263
pd-user_8289291
pd-user_6527228
pd-user_9612851
pd-user_3104345
pd-user_9123800
pd-user_7489894
pd-user_2625614
pd-user_7088702
pd-user_2130134
pd-user_2069592
pd-user_6097425
pd-user_6680320
pd-user_3431237
pd-user_8982714
pd-user_7092811
pd-user_2503273
pd-user_8888543
pd-user_6982971
pd-user_366269
pd-user_5855536
pd-user_4581768
pd-user_4563640
pd-user_4133112
pd-user_5036921
pd-user_1092280
pd-user_4548116
pd-user_5550378
pd-user_6835797
pd-user_7481024
pd-user_1582714
pd-user_9475052
pd-user_879540
pd-user_7104925
pd-user_2637139
pd-user_6638728
pd-user_7177583
pd-user_4696634
pd-user_9124591
pd-user_2127860
pd-user_2690805
pd-user_9663527
pd-user_8982291
pd-user_1611149
pd-user_7168140
pd-user_5653460
pd-user_3995831
pd-user_6878670
pd-user_2405418
pd-user_3663367
pd-user_4191727
pd-user_8141920
pd-user_4595218
pd-user_6968678
pd-user_7160986
pd-user_5401223
pd-user_2579097
pd-user_4325956
pd-user_2852953
pd-user_6236617
pd-user_6230097
pd-user_1359055
pd-user_5402572
pd-user_6092942
pd-user_5636060
pd-user_1159196
pd-user_125744
pd-user_8190587
pd-user_7016891
pd-user_7439144
pd-user_7401824
pd-user_7576901
pd-user_4172366
pd-user_1381215
pd-user_3397496
pd-user_1295925
pd-user_5472011
pd-user_7748604
pd-user_232398
pd-user_5178750
pd-user_285577
pd-user_5389162
pd-user_3241397
pd-user_9915448
pd-user_8732238
pd-user_2109482
pd-user_2929013
pd-user_9915834
pd-user_2471233
pd-user_630138
pd-user_2687897
pd-user_2000418
pd-user_9453944
pd-user_4943075
pd-user_5912843
pd-user_5791648
pd-user_8255173
pd-user_1737996
pd-user_1591843
pd-user_4741109
pd-user_4175784
pd-user_3117438
pd-user_2894630
pd-user_963565
pd-user_3185637
pd-user_2364112
pd-user_3739656
pd-user_7094951
pd-user_7026052
pd-user_4795920
pd-user_3916751
pd-user_5999794
pd-user_3125307
pd-user_1756597
pd-user_3759365
pd-user_2941141
pd-user_2363782
pd-user_4217157
pd-user_955185
pd-user_3007833
pd-user_2136949
pd-user_8207287
pd-user_73631
pd-user_5007866
pd-user_4630235
pd-user_8036733
pd-user_9320643
pd-user_2292464
pd-user_3719119
pd-user_2092165
pd-user_4716677
pd-user_3984017
pd-user_9423133
pd-user_8202447
pd-user_8409552
pd-user_4793592
pd-user_4336853
pd-user_6449162
pd-user_4775869
pd-user_9649133
pd-user_535284
pd-user_9505980
pd-user_1383775
pd-user_9687692
pd-user_8474831
pd-user_5655395
pd-user_741352
pd-user_5361563
pd-user_5899325
pd-user_4483405
pd-user_9906222
pd-user_255580
pd-user_2945166
pd-user_7528006
pd-user_9681139
pd-user_9836776
pd-user_2222911
pd-user_8270269
pd-user_3107712
pd-user_5755499
pd-user_6519616
pd-user_1543586
pd-user_1703556
pd-user_6812768
pd-user_6982859
pd-user_532798
pd-user_8289907
pd-user_1768799
pd-user_5966641
pd-user_4203197
pd-user_7522831
pd-user_1760169
pd-user_257087
pd-user_6128
pd-user_9048263
pd-user_9416251
pd-user_5193491
pd-user_7465147
pd-user_7540011
pd-user_5741957
pd-user_7112059
pd-user_2401915
pd-user_2737983
pd-user_3494672
pd-user_9636799
pd-user_2223277
pd-user_5444813
pd-user_1270203
pd-user_3083094
pd-user_6503271
pd-user_6821658
pd-user_2777203
pd-user_2846617
pd-user_3571200
pd-user_5104847
pd-user_4310988
pd-user_8763946
pd-user_5563506
pd-user_4164322
pd-user_7442923
pd-user_7166311
pd-user_7482361
pd-user_5012323
pd-user_3822107
pd-user_116401
pd-user_3426655
pd-user_9629794
pd-user_7105389
pd-user_5251116
pd-user_5661450
pd-user_7243235
pd-user_405167
pd-user_4194596
pd-user_1348581
pd-user_2578110
pd-user_4170488
pd-user_3779816
pd-user_4042131
pd-user_8717233
pd-user_3749455
pd-user_5632075
pd-user_5458523
pd-user_5358269
pd-user_2541826
pd-user_6358481
pd-user_2870340
pd-user_3091366
pd-user_764471
pd-user_1638537
pd-user_2240060
pd-user_5241904
pd-user_1978353
pd-user_3904552
pd-user_5216442
pd-user_605175
pd-user_311508
pd-user_9262505
pd-user_8407355
pd-user_505600
pd-user_2534777
pd-user_819504
pd-user_8877994
pd-user_340233
pd-user_4870519
pd-user_2674645
pd-user_1541994
pd-user_4488702
pd-user_7722518
pd-user_6283768
pd-user_2950681
pd-user_5168155
pd-user_5238266
pd-user_9666279
pd-user_4364048
pd-user_2875240
pd-user_837926
pd-user_7872696
pd-user_3122222
pd-user_6204967
pd-user_6506898
pd-user_9306091
pd-user_6451597
pd-user_4647524
pd-user_7259266
pd-user_1036238
pd-user_169807
pd-user_4356266
pd-user_8063074
pd-user_7771399
pd-user_9432706
pd-user_3471361
pd-user_4210636
pd-user_84644
pd-user_1918427
pd-user_3329247
pd-user_6509187
pd-user_401016
pd-user_7115814
pd-user_3738510
pd-user_8955841
pd-user_220647
pd-user_1465894
pd-user_7743780
pd-user_1179285
pd-user_543277
pd-user_2821270
pd-user_9728630
pd-user_494898
pd-user_2425078
pd-user_5977987
pd-user_2695243
pd-user_3131718
pd-user_8293796
pd-user_8592091
pd-user_6266188
pd-user_4235898
pd-user_1153017
pd-user_6889779
pd-user_234019
pd-user_2355002
pd-user_2513380
pd-user_2333547
pd-user_5441031
pd-user_6975979
pd-user_3231828
pd-user_9180430
pd-user_7561251
pd-user_5471982
pd-user_9490540
pd-user_3781582
pd-user_8849491
pd-user_3882283
pd-user_399972
pd-user_6358566
pd-user_105341
pd-user_6513223
pd-user_5288933
pd-user_9089737
pd-user_869153
pd-user_8370103
pd-user_9527235
pd-user_827496
pd-user_6145220
pd-user_3810813
pd-user_5890444
pd-user_50147
pd-user_6949511
pd-user_6889135
pd-user_2440085
pd-user_5078206
pd-user_9131889
pd-user_2143045
pd-user_5138606
pd-user_9489797
pd-user_8528940
pd-user_3801103
pd-user_6938216
pd-user_8318962
pd-user_6532107
pd-user_2461284
pd-user_5418227
pd-user_9209663
pd-user_1905024
pd-user_3626877
pd-user_5452874
pd-user_648651
pd-user_8903288
pd-user_4677372
pd-user_9640336
pd-user_9981547
pd-user_7097087
pd-user_6934646
pd-user_6962099
pd-user_9536672
pd-user_4771798
pd-user_2628756
pd-user_2501628
pd-user_1128444
pd-user_4505999
pd-user_4604111
pd-user_936980
pd-user_628354
pd-user_3098091
pd-user_7668479
pd-user_6151083
pd-user_2280953
pd-user_1493825
pd-user_9078113
pd-user_4004853
pd-user_2329544
pd-user_444186
pd-user_6508605
pd-user_8045189
pd-user_708910
pd-user_9666202
pd-user_1493364
pd-user_1133908
pd-user_5674142
pd-user_4895804
pd-user_6041103
pd-user_6577422
pd-user_5151113
pd-user_6003282
pd-user_250829
pd-user_3192042
pd-user_9126389
pd-user_2497215
pd-user_8838613
pd-user_7758560
pd-user_6002038
pd-user_2822832
pd-user_8860312
pd-user_4897165
pd-user_5518097
pd-user_9941928
pd-user_805692
pd-user_840316
pd-user_9458260
pd-user_104674
pd-user_9694349
pd-user_1497677
pd-user_4881559
pd-user_2525422
pd-user_6587446
pd-user_7206183
pd-user_7061807
pd-user_600984
pd-user_5220471
pd-user_3290972
pd-user_1968794
pd-user_4382559
pd-user_7379027
pd-user_9076689
pd-user_8642246
pd-user_2666852
pd-user_277696
pd-user_1262303
pd-user_4655726
pd-user_2963544
pd-user_8668695
pd-user_4169251
pd-user_8427637
pd-user_7364705
pd-user_7941241
pd-user_6373289
pd-user_5234813
pd-user_618856
pd-user_317643
pd-user_3452792
pd-user_5422625
pd-user_2317711
pd-user_1430140
pd-user_4337629
pd-user_6488893
pd-user_5936624
pd-user_6056633
pd-user_9839726
pd-user_829992
pd-user_9358301
pd-user_9391665
pd-user_7246963
pd-user_291647
pd-user_4612908
pd-user_8563580
pd-user_3102174
pd-user_8843795
pd-user_3193342
pd-user_8613273
pd-user_972425
pd-user_4097069
pd-user_4878133
pd-user_1714040
pd-user_4133923
pd-user_8705733
pd-user_1082686
pd-user_6017243
pd-user_5174343
pd-user_309012
pd-user_5737244
pd-user_3819282
pd-user_8938719
pd-user_8638617
pd-user_4940875
pd-user_4357677
pd-user_5783637
pd-user_4729303
pd-user_3736630
pd-user_9981634
pd-user_9354200
pd-user_6859966
pd-user_3456325
pd-user_9969448
pd-user_5229867
pd-user_7458153
pd-user_6259951
pd-user_3082035
pd-user_5496631
pd-user_6937763
pd-user_2901010
pd-user_9335171
pd-user_5502918
pd-user_5056314
pd-user_701067
pd-user_8909200
pd-user_4814705
pd-user_2944968
pd-user_9511264
pd-user_9624274
pd-user_3131973
pd-user_1774127
pd-user_6560766
pd-user_8265921
pd-user_4149585
pd-user_230532
pd-user_7860211
pd-user_2554256
pd-user_8972707
pd-user_3271923
pd-user_620425
pd-user_7529428
pd-user_9673514
pd-user_1002464
pd-user_3072622
pd-user_715468
pd-user_738950
pd-user_7607644
pd-user_2944041
pd-user_7555743
pd-user_5599725
pd-user_1018006
pd-user_2930378
pd-user_9984285
pd-user_8674997
pd-user_7284421
pd-user_8354429
pd-user_4322815
pd-user_9143225
pd-user_6200774
pd-user_6965566
pd-user_4400247
pd-user_6740057
pd-user_3267975
pd-user_3561554
pd-user_2846840
pd-user_4595623
pd-user_5307494
pd-user_1019151
pd-user_5965744
pd-user_4015543
pd-user_6308069
pd-user_6649995
pd-user_7493739
pd-user_1312804
pd-user_4093730
pd-user_4285323
pd-user_6722546
pd-user_4769266
pd-user_9429611
pd-user_1432725
pd-user_4822700
pd-user_1303045
pd-user_4335724
pd-user_8841676
pd-user_6607149
pd-user_3891104
pd-user_5449308
pd-user_8924301
pd-user_4359197
pd-user_4292323
pd-user_4133327
pd-user_5556168
pd-user_2510035
pd-user_6521398
pd-user_215659
pd-user_2717178
pd-user_5565333
pd-user_2002283
pd-user_6221820
pd-user_7928593
pd-user_2692305
pd-user_6669143
pd-user_8555874
pd-user_9484096
pd-user_4424716
pd-user_3674010
pd-user_7857374
pd-user_8294903
pd-user_8445381
pd-user_2484723
pd-user_6854441
pd-user_6700023
pd-user_5695410
pd-user_6642911
pd-user_7526865
pd-user_7765412
pd-user_9944614
pd-user_8917553
pd-user_2715692
pd-user_3771248
pd-user_1828727
pd-user_9896076
pd-user_8451465
pd-user_8268047
pd-user_983781
pd-user_6579276
pd-user_747125
pd-user_9783180
pd-user_5652659
pd-user_8752414
pd-user_3355511
pd-user_4505557
pd-user_1895071
pd-user_4012270
pd-user_4672934
pd-user_8902495
pd-user_9871044
pd-user_9562522
pd-user_6665714
pd-user_9544019
pd-user_5238477
pd-user_2536829
pd-user_7389506
pd-user_9058971
pd-user_658150
pd-user_6584887
pd-user_5553702
pd-user_9196115
pd-user_7167574
pd-user_5286300
pd-user_53006
pd-user_7931198
pd-user_6679679
pd-user_9757794
pd-user_4128133
pd-user_2099823
pd-user_5096202
pd-user_1646786
pd-user_7768764
pd-user_9386255
pd-user_5791694
pd-user_2832053
pd-user_6055673
pd-user_9585187
pd-user_9374999
pd-user_8779030
pd-user_8931250
pd-user_8164637
pd-user_5760899
pd-user_3165657
pd-user_9721183
pd-user_2702201
pd-user_3397675
pd-user_7391749
pd-user_6289758
pd-user_466381
pd-user_7946582
pd-user_6553648
pd-user_396161
pd-user_3605562
pd-user_2312325
pd-user_3078717
pd-user_7627325
pd-user_1090621
pd-user_2092099
pd-user_4490600
pd-user_9982277
pd-user_5355471
pd-user_9432280
pd-user_9421233
pd-user_6537358
pd-user_8597815
pd-user_841919
pd-user_4528858
pd-user_5537239
pd-user_9986690
pd-user_5646462
pd-user_8516855
pd-user_3141665
pd-user_1222185
pd-user_738350
pd-user_9109515
pd-user_9847858
pd-user_1349721
pd-user_1811165
pd-user_184640
pd-user_8808380
pd-user_7064965
pd-user_1694947
pd-user_6281467
pd-user_6430447
pd-user_9271803
pd-user_775781
pd-user_6317969
pd-user_9223808
pd-user_6028173
pd-user_6685489
pd-user_1009159
pd-user_9939597
pd-user_36919
pd-user_3815675
pd-user_1001623
pd-user_3491422
pd-user_3374799
pd-user_194741
pd-user_5019302
pd-user_8589050
pd-user_4530582
pd-user_6821927
pd-user_8718537
pd-user_9807470
pd-user_1525934
pd-user_3378399
pd-user_4404810
pd-user_5360302
pd-user_4812743
pd-user_4285405
pd-user_3127248
pd-user_5433647
pd-user_2130367
pd-user_5971105
pd-user_9159946
pd-user_1795017
pd-user_6551539
pd-user_5155772
pd-user_9492776
pd-user_7535661
pd-user_8118660
pd-user_9768174
pd-user_2389029
pd-user_418070
pd-user_5929161
pd-user_2340299
pd-user_8157196
pd-user_7401684
pd-user_3674152
pd-user_3146199
pd-user_1570447
pd-user_3563859
pd-user_1423784
pd-user_5088569
pd-user_7412047
pd-user_1034575
pd-user_6789491
pd-user_2626895
pd-user_8573673
pd-user_1520792
pd-user_6601420
pd-user_3732662
pd-user_7649909
pd-user_7344983
pd-user_9029720
pd-user_3348500
pd-user_1997628
pd-user_7820006
pd-user_9957839
pd-user_6631453
pd-user_9628045
pd-user_5315261
pd-user_5203990
pd-user_4226418
pd-user_3663387
pd-user_9242826
pd-user_57966
pd-user_3163965
pd-user_9740148
pd-user_5386453
pd-user_2975244
pd-user_6001749
pd-user_7680771
pd-user_4635420
pd-user_3351996
pd-user_5493218
pd-user_8824757
pd-user_4589643
pd-user_4281960
pd-user_4966353
pd-user_5751528
pd-user_2076149
pd-user_3193455
pd-user_1044747
pd-user_1380966
pd-user_803741
pd-user_9160541
pd-user_3064497
pd-user_7336758
pd-user_6923412
pd-user_3302595
pd-user_9222040
pd-user_9523716
pd-user_9775461
pd-user_5108749
pd-user_4800170
pd-user_1881073
pd-user_9949337
pd-user_8920227
pd-user_9915349
pd-user_3229586
pd-user_3246327
pd-user_6072455
pd-user_8786669
pd-user_2756978
pd-user_5877759
pd-user_960515
pd-user_4969640
pd-user_7554928
pd-user_3845026
pd-user_589064
pd-user_441747
pd-user_8599518
pd-user_1471310
pd-user_2352002
pd-user_9930520
pd-user_2710749
pd-user_4579523
pd-user_8619722
pd-user_5307203
pd-user_2838029
pd-user_4108664
pd-user_279576
pd-user_2270340
pd-user_1252090
pd-user_3001601
pd-user_7675772
pd-user_9188083
pd-user_9946549
pd-user_9696145
pd-user_7910842
pd-user_7951801
pd-user_6972067
pd-user_1843505
pd-user_6352544
pd-user_9015640
pd-user_5011238
pd-user_6747337
pd-user_9738548
pd-user_6629924
pd-user_2384430
pd-user_8618595
pd-user_7609759
pd-user_7721822
pd-user_5119403
pd-user_8268069
pd-user_6283458
pd-user_4537749
pd-user_4749662
pd-user_3663506
pd-user_189838
pd-user_4615970
pd-user_4236063
pd-user_4252628
pd-user_3284275
pd-user_2820253
pd-user_3904303
pd-user_2157569
pd-user_5737015
pd-user_5262100
pd-user_6115082
pd-user_6004919
pd-user_4281816
pd-user_4200047
pd-user_1620844
pd-user_2904581
pd-user_9095038
pd-user_3829912
pd-user_5977541
pd-user_7090279
pd-user_6584749
pd-user_217022
pd-user_8564904
pd-user_1985165
pd-user_8385900
pd-user_9055739
pd-user_3194203
pd-user_2138085
pd-user_3719910
pd-user_1146026
pd-user_3153047
pd-user_7343413
pd-user_1855281
pd-user_5134907
pd-user_5970335
pd-user_6966130
pd-user_7024914
pd-user_2547266
pd-user_28749
pd-user_1137325
pd-user_1170385
pd-user_584216
pd-user_6445286
pd-user_7281366
pd-user_6750248
pd-user_7155568
pd-user_8255347
pd-user_5636407
pd-user_7111139
pd-user_5654625
pd-user_3351808
pd-user_9029929
pd-user_1494822
pd-user_7574183
pd-user_8208
pd-user_9606333
pd-user_8108648
pd-user_7586615
pd-user_2467308
pd-user_241041
pd-user_1231446
pd-user_8327654
pd-user_8021799
pd-user_3163245
pd-user_8583990
pd-user_9387319
pd-user_6996020
pd-user_9582833
pd-user_2827700
pd-user_1676104
pd-user_3380064
pd-user_9372349
pd-user_3451069
pd-user_7867800
pd-user_3682429
pd-user_6002315
pd-user_1063171
pd-user_9274140
pd-user_7036411
pd-user_636025
pd-user_151189
pd-user_8447637
pd-user_3418244
pd-user_3519653
pd-user_9915215
pd-user_7643209
pd-user_7288591
pd-user_8650266
pd-user_1013532
pd-user_7958195
pd-user_719113
pd-user_3030452
pd-user_4341164
pd-user_4006325
pd-user_7781186
pd-user_6665011
pd-user_9083708
pd-user_8943301
pd-user_3625208
pd-user_9388138
pd-user_7608415
pd-user_1544455
pd-user_9681418
pd-user_9283230
pd-user_3402969
pd-user_8898755
pd-user_4173116
pd-user_39805
pd-user_3694702
pd-user_9405775
pd-user_3274332
pd-user_8243157
pd-user_9731631
pd-user_8983629
pd-user_7254745
pd-user_2397870
pd-user_5792212
pd-user_4952939
pd-user_7239878
pd-user_4412728
pd-user_5107373
pd-user_5160640
pd-user_3284118
pd-user_3808332
pd-user_737523
pd-user_3026272
pd-user_6447804
pd-user_7794918
pd-user_482231
pd-user_3909541
pd-user_3878582
pd-user_5710699
pd-user_215801
pd-user_8988887
pd-user_4259934
pd-user_8268419
pd-user_9138379
pd-user_5065377
pd-user_7423413
pd-user_9886555
pd-user_2033126
pd-user_1928199
pd-user_7243808
pd-user_1136842
pd-user_9433436
pd-user_5777139
pd-user_2865729
pd-user_372013
pd-user_1568964
pd-user_2678053
pd-user_781210
pd-user_708700
pd-user_1631364
pd-user_9668900
pd-user_4361359
pd-user_5402927
pd-user_6528225
pd-user_1788217
pd-user_7233797
pd-user_3739247
pd-user_9576692
pd-user_1698199
pd-user_9093527
pd-user_9504366
pd-user_6250151
pd-user_5639310
pd-user_7609350
pd-user_1829824
pd-user_9110564
pd-user_9743379
pd-user_6039105
pd-user_1436668
pd-user_1015421
pd-user_3195818
pd-user_4818677
pd-user_2221448
pd-user_3082588
pd-user_22265
pd-user_2034992
pd-user_9290920
pd-user_1080932
pd-user_6074098
pd-user_4674961
pd-user_470934
pd-user_1681945
pd-user_2587455
pd-user_6346523
pd-user_4069907
pd-user_503456
pd-user_5671400
pd-user_494377
pd-user_9603864
pd-user_3074093
pd-user_389098
pd-user_6348774
pd-user_3211858
pd-user_3886016
pd-user_2671458
pd-user_571282
pd-user_8787747
pd-user_8745967
pd-user_1782723
pd-user_9908058
pd-user_2375973
pd-user_7303631
pd-user_6511256
pd-user_719267
pd-user_6118839
pd-user_8379706
pd-user_5988746
pd-user_918689
pd-user_9818345
pd-user_5063464
pd-user_2230299
pd-user_8129393
pd-user_3291337
pd-user_5571392
pd-user_3943702
pd-user_9477494
pd-user_4636987
pd-user_9300370
pd-user_4604668
pd-user_7166821
pd-user_302206
pd-user_6598240
pd-user_6873361
pd-user_1162510
pd-user_7884785
pd-user_973365
pd-user_9820257
pd-user_2908324
pd-user_9842198
pd-user_9643778
pd-user_7239702
pd-user_1103124
pd-user_8352595
pd-user_5289942
pd-user_2390639
pd-user_3669315
pd-user_7402899
pd-user_3263238
pd-user_3792998
pd-user_3578897
pd-user_132151
pd-user_6728256
pd-user_750157
pd-user_4525808
pd-user_8305340
pd-user_673323
pd-user_8932128
pd-user_7563288
pd-user_1290357
pd-user_5376536
pd-user_1619812
pd-user_6624836
pd-user_8475304
pd-user_6883638
pd-user_4020262
pd-user_2313518
pd-user_9505890
pd-user_963757
pd-user_2951463
pd-user_3057646
pd-user_5070263
pd-user_1753820
pd-user_2010264
pd-user_1411878
pd-user_5483154
pd-user_349834
pd-user_3863333
pd-user_7288275
pd-user_6137565
pd-user_1326096
pd-user_5303656
pd-user_1011166
pd-user_299254
pd-user_6320085
pd-user_549241
pd-user_9711961
pd-user_9082006
pd-user_6807195
pd-user_1615692
pd-user_6419662
pd-user_3601403
pd-user_849752
pd-user_1898277
pd-user_9401024
pd-user_8789859
pd-user_831473
pd-user_6135016
pd-user_3104657
pd-user_7720319
pd-user_9736236
pd-user_9480716
pd-user_530340
pd-user_348367
pd-user_7664481
pd-user_1151318
pd-user_9254999
pd-user_9618749
pd-user_5228867
pd-user_5005758
pd-user_294378
pd-user_3535179
pd-user_1843350
pd-user_7557868
pd-user_7476595
pd-user_4617082
pd-user_7507517
pd-user_2479609
pd-user_2466837
pd-user_7029994
pd-user_1783528
pd-user_2412017
pd-user_9275333
pd-user_4845110
pd-user_4608357
pd-user_5671431
pd-user_9836326
pd-user_111500
pd-user_5597092
pd-user_5028625
pd-user_6600567
pd-user_6794154
pd-user_4517504
pd-user_8237829
pd-user_648960
pd-user_8352768
pd-user_4609076
pd-user_7043746
pd-user_8692173
pd-user_8901586
pd-user_8172524
pd-user_8001713
pd-user_9703556
pd-user_9059223
pd-user_8492850
pd-user_9398640
pd-user_4519268
pd-user_1084641
pd-user_9647508
pd-user_1305050
pd-user_4352458
pd-user_2940359
pd-user_4695263
pd-user_8510010
pd-user_7880091
pd-user_920040
pd-user_2850622
pd-user_1743179
pd-user_5990597
pd-user_2746185
pd-user_8187328
pd-user_7371183
pd-user_9520525
pd-user_2112180
pd-user_1411158
pd-user_7228509
pd-user_9284133
pd-user_5957968
pd-user_4016085
pd-user_440103
pd-user_3280596
pd-user_8277015
pd-user_767124
pd-user_8999
pd-user_8963138
pd-user_2813756
pd-user_3178252
pd-user_5388182
pd-user_6037839
pd-user_9459237
pd-user_8794626
pd-user_3242062
pd-user_3507386
pd-user_7380816
pd-user_2506325
pd-user_7937467
pd-user_1098536
pd-user_2269146
pd-user_3134607
pd-user_2902236
pd-user_8610497
pd-user_9077905
pd-user_3134959
pd-user_5076701
pd-user_5459176
pd-user_2121608
pd-user_1920194
pd-user_1883998
pd-user_2151963
pd-user_5051036
pd-user_1419435
pd-user_6545168
pd-user_9283637
pd-user_3563468
pd-user_801161
pd-user_978859
pd-user_5232785
pd-user_448284
pd-user_695946
pd-user_3987422
pd-user_694392
pd-user_8947618
pd-user_8002731
pd-user_1986094
pd-user_9602885
pd-user_4843963
pd-user_23658
pd-user_4302087
pd-user_8703483
pd-user_1262495
pd-user_8212967
pd-user_6479925
pd-user_3859068
pd-user_6700548
pd-user_2797003
pd-user_4781906
pd-user_1488083
pd-user_9739283
pd-user_961047
pd-user_1962871
pd-user_9410913
pd-user_7842166
pd-user_3268868
pd-user_5456435
pd-user_8361333
pd-user_6761504
pd-user_3457374
pd-user_2558215
pd-user_4807357
pd-user_3273109
pd-user_6796315
pd-user_7240356
pd-user_2827784
pd-user_3996868
pd-user_8864783
pd-user_4206355
pd-user_3746654
pd-user_7877246
pd-user_4527754
pd-user_1084120
pd-user_3508849
pd-user_4725679
pd-user_5608989
pd-user_3296858
pd-user_8439553
pd-user_867965
pd-user_5356989
pd-user_8923601
pd-user_4065192
pd-user_2003643
pd-user_387321
pd-user_1591586
pd-user_8665941
pd-user_1234398
pd-user_1511886
pd-user_9289433
pd-user_983838
pd-user_460403
pd-user_3835743
pd-user_1035492
pd-user_8138628
pd-user_3149026
pd-user_713642
pd-user_6939256
pd-user_6152380
pd-user_8067693
pd-user_3827041
pd-user_5330645
pd-user_7415696
pd-user_3446028
pd-user_483676
pd-user_9473960
pd-user_427136
pd-user_7044908
pd-user_7960695
pd-user_1134423
pd-user_8131238
pd-user_868668
pd-user_868111
pd-user_3631466
pd-user_9280599
pd-user_2280351
pd-user_1738711
pd-user_9280304
pd-user_4693967
pd-user_1941690
pd-user_1310062
pd-user_2448337
pd-user_718423
pd-user_8123836
pd-user_8667932
pd-user_5384598
pd-user_3443951
pd-user_8383955
pd-user_8550502
pd-user_848092
pd-user_1111382
pd-user_8422428
pd-user_3334979
pd-user_402397
pd-user_5191484
pd-user_7103114
pd-user_5132336
pd-user_1106289
pd-user_8860986
pd-user_3735904
pd-user_8620082
pd-user_6508003
pd-user_2072815
pd-user_3675015
pd-user_6866260
pd-user_8809305
pd-user_5545542
pd-user_3757208
pd-user_8114188
pd-user_3024424
pd-user_8195564
pd-user_5278606
pd-user_202429
pd-user_8213676
pd-user_207507
pd-user_2389900
pd-user_7128425
pd-user_357493
pd-user_1979713
pd-user_6807161
pd-user_2956316
pd-user_3630616
pd-user_2962640
pd-user_7921267
pd-user_2441441
pd-user_4816923
pd-user_976105
pd-user_2289100
pd-user_1204636
pd-user_2422545
pd-user_3457499
pd-user_8290801
pd-user_5692837
pd-user_5575338
pd-user_8848336
pd-user_8942926
pd-user_4469223
pd-user_7665013
pd-user_9679174
pd-user_8745780
pd-user_8828071
pd-user_3351481
pd-user_6723079
pd-user_1186149
pd-user_3345672
pd-user_8422095
pd-user_2774788
pd-user_6842439
pd-user_512888
pd-user_3413283
pd-user_5772448
pd-user_2306244
pd-user_2988238
pd-user_259278
pd-user_3006827
pd-user_3821140
pd-user_4336520
pd-user_2703092
pd-user_6811688
pd-user_2191855
pd-user_9546978
pd-user_2871067
pd-user_6029447
pd-user_6741993
pd-user_3324050
pd-user_7917509
pd-user_1875600
pd-user_4853532
pd-user_9534143
pd-user_6682702
pd-user_9972142
pd-user_1529772
pd-user_7717102
pd-user_6501648
pd-user_8923300
pd-user_3676058
pd-user_834706
pd-user_9871663
pd-user_9397848
pd-user_3053008
pd-user_3882732
pd-user_1983642
pd-user_1338931
pd-user_4022198
pd-user_6632264
pd-user_9390046
pd-user_4545898
pd-user_2195405
pd-user_5836521
pd-user_7227802
pd-user_4657613
pd-user_7766543
pd-user_820179
pd-user_5932421
pd-user_7606510
pd-user_9511279
pd-user_8125247
pd-user_6743309
pd-user_1088325
pd-user_1929591
pd-user_8819902
pd-user_7359779
pd-user_518160
pd-user_9269755
pd-user_9879200
pd-user_1775115
pd-user_8667867
pd-user_4739409
pd-user_764645
pd-user_9602709
pd-user_3743607
pd-user_2977176
pd-user_3544921
pd-user_3670465
pd-user_57220
pd-user_7805243
pd-user_7692603
pd-user_2909449
pd-user_4766927
pd-user_3477724
pd-user_7577831
pd-user_5847410
pd-user_4782750
pd-user_3239984
pd-user_4600435
pd-user_9099412
pd-user_5521
pd-user_4762131
pd-user_6193118
pd-user_4855674
pd-user_5716995
pd-user_691871
pd-user_7011882
pd-user_2491669
pd-user_4128700
pd-user_6405124
pd-user_6911238
pd-user_1720867
pd-user_4899326
pd-user_6790370
pd-user_5928850
pd-user_5073679
pd-user_7960606
pd-user_8155482
pd-user_1220115
pd-user_4572161
pd-user_7089207
pd-user_9861435
pd-user_5996161
pd-user_2167468
pd-user_165992
pd-user_8700748
pd-user_9951184
pd-user_4533097
pd-user_2724658
pd-user_574980
pd-user_9479397
pd-user_8626883
pd-user_8913145
pd-user_3569915
pd-user_1931770
pd-user_5144359
pd-user_1988715
pd-user_2252584
pd-user_2569261
pd-user_8667649
pd-user_6430789
pd-user_6085631
pd-user_9726082
pd-user_7101439
pd-user_8005301
pd-user_7431114
pd-user_3592291
pd-user_5418564
pd-user_9813114
pd-user_1588980
pd-user_1712494
pd-user_6646104
pd-user_966395
pd-user_6123590
pd-user_426444
pd-user_6115531
pd-user_7746674
pd-user_9469849
pd-user_762745
pd-user_5751174
pd-user_2289971
pd-user_3406331
pd-user_7578407
pd-user_5444979
pd-user_4088231
pd-user_5468171
pd-user_6409394
pd-user_8711531
pd-user_6408
pd-user_2671914
pd-user_5585721
pd-user_5066734
pd-user_5466339
pd-user_5245809
pd-user_1521545
pd-user_866730
pd-user_2841652
pd-user_4214024
pd-user_2948828
pd-user_8586348
pd-user_6072717
pd-user_4679149
pd-user_3447067
pd-user_1503115
pd-user_5497373
pd-user_217663
pd-user_7761906
pd-user_8464797
pd-user_1295197
pd-user_9933644
pd-user_1866787
pd-user_5790069
pd-user_7237222
pd-user_3953238
pd-user_7418198
pd-user_3996735
pd-user_2289039
pd-user_5197028
pd-user_1478855
pd-user_962964
pd-user_5093774
pd-user_7353381
pd-user_7235319
pd-user_9380999
pd-user_7181340
pd-user_1773047
pd-user_9011933
pd-user_2300747
pd-user_7162234
pd-user_9738280
pd-user_4220505
pd-user_2824427
pd-user_7830332
pd-user_4691240
pd-user_4928410
pd-user_103924
pd-user_4312211
pd-user_7506209
pd-user_5746227
pd-user_2710059
pd-user_4680861
pd-user_9330765
pd-user_5423553
pd-user_681721
pd-user_7779074
pd-user_1451851
pd-user_6340531
pd-user_2040444
pd-user_6230063
pd-user_6106840
pd-user_3054449
pd-user_7955865
pd-user_7009591
pd-user_2651219
pd-user_8652372
pd-user_2263186
pd-user_2995320
pd-user_3633256
pd-user_9339904
pd-user_6470466
pd-user_9955198
pd-user_3509480
pd-user_8593190
pd-user_2598623
pd-user_4446858
pd-user_5319152
pd-user_852197
pd-user_8851173
pd-user_2708306
pd-user_3235291
pd-user_168016
pd-user_301782
pd-user_984244
pd-user_716141
pd-user_2460749
pd-user_3871220
pd-user_9553142
pd-user_1329658
pd-user_9349143
pd-user_9312502
pd-user_4494796
pd-user_652914
pd-user_3090169
pd-user_8283010
pd-user_5059013
pd-user_14642
pd-user_4340511
pd-user_7292069
pd-user_7113986
pd-user_9663247
pd-user_5260800
pd-user_8958167
pd-user_5490737
pd-user_3927010
pd-user_1283419
pd-user_4276008
pd-user_8025331
pd-user_7372469
pd-user_2932025
pd-user_2787437
pd-user_4334663
pd-user_1710801
pd-user_5125788
pd-user_6897403
pd-user_667772
pd-user_1575086
pd-user_8385354
pd-user_5295494
pd-user_4249603
pd-user_9990179
pd-user_376252
pd-user_6163464
pd-user_7110491
pd-user_3333868
pd-user_7875158
pd-user_2552036
pd-user_4699008
pd-user_5674107
pd-user_6158828
pd-user_9615986
pd-user_7371287
pd-user_6225052
pd-user_8280277
pd-user_5952101
pd-user_8040622
pd-user_7672274
pd-user_5957812
pd-user_7021838
pd-user_4726293
pd-user_1921190
pd-user_7715561
pd-user_3385297
pd-user_6987781
pd-user_5096590
pd-user_6645618
pd-user_6589352
pd-user_7580762
pd-user_7083654
pd-user_8780264
pd-user_2248514
pd-user_5338633
pd-user_2386845
pd-user_8204154
pd-user_3703021
pd-user_5216081
pd-user_7664337
pd-user_2153836
pd-user_9877099
pd-user_5138549
pd-user_2812226
pd-user_583250
pd-user_1884221
pd-user_1187258
pd-user_7819245
pd-user_364402
pd-user_3305300
pd-user_7437894
pd-user_6883054
pd-user_4151030
pd-user_9081723
pd-user_8165324
pd-user_4439108
pd-user_6678574
pd-user_1662992
pd-user_9070858
pd-user_4739445
pd-user_9675058
pd-user_8264572
pd-user_8740713
pd-user_6078438
pd-user_3271481
pd-user_8120706
pd-user_3595464
pd-user_9925178
pd-user_1120130
pd-user_4840107
pd-user_2436644
pd-user_8914128
pd-user_8078034
pd-user_892002
pd-user_148257
pd-user_4921329
pd-user_2565055
pd-user_6001758
pd-user_4477558
pd-user_4756151
pd-user_3939021
pd-user_1083405
pd-user_6642915
pd-user_5891353
pd-user_2978290
pd-user_4713469
pd-user_3457545
pd-user_4755090
pd-user_9014727
pd-user_9634435
pd-user_5461458
pd-user_3571855
pd-user_7745283
pd-user_8166271
pd-user_9392037
pd-user_76817
pd-user_3700237
pd-user_6968761
pd-user_990370
pd-user_3402223
pd-user_672043
pd-user_5560036
pd-user_2811380
pd-user_251529
pd-user_3486409
pd-user_955811
pd-user_6142013
pd-user_5250724
pd-user_8925714
pd-user_6130973
pd-user_4127218
pd-user_8876224
pd-user_1654220
pd-user_9600985
pd-user_5036905
pd-user_5039462
pd-user_9087475
pd-user_5965866
pd-user_272430
pd-user_3509999
pd-user_9729142
pd-user_1842293
pd-user_2024039
pd-user_2686947
pd-user_5036486
pd-user_5418731
pd-user_876930
pd-user_7078974
pd-user_9094363
pd-user_2956773
pd-user_1768084
pd-user_7346710
pd-user_8990267
pd-user_2473098
pd-user_8866906
pd-user_9893900
pd-user_6109662
pd-user_1195622
pd-user_8475038
pd-user_2377049
pd-user_6049893
pd-user_6314230
pd-user_1443463
pd-user_6413935
pd-user_9568877
pd-user_6354721
pd-user_5774042
pd-user_1015549
pd-user_6253013
pd-user_1064764
pd-user_1242006
pd-user_9246124
pd-user_2864136
pd-user_6841800
pd-user_4927054
pd-user_5605541
pd-user_3568652
pd-user_964542
pd-user_5183084
pd-user_6713548
pd-user_4094565
pd-user_6729207
pd-user_1086821
pd-user_3867092
pd-user_2743740
pd-user_7651610
pd-user_291444
pd-user_9708053
pd-user_4094576
pd-user_8096303
pd-user_833217
pd-user_8823091
pd-user_687479
pd-user_4884048
pd-user_2659267
pd-user_7204876
pd-user_6574931
pd-user_1415272
pd-user_6887776
pd-user_2702489
pd-user_3973602
pd-user_4710186
pd-user_8790218
pd-user_9128261
pd-user_7583025
pd-user_6355601
pd-user_6161275
pd-user_1670958
pd-user_8540284
pd-user_1636027
pd-user_9901912
pd-user_4643713
pd-user_1745777
pd-user_5755625
pd-user_6946933
pd-user_7455798
pd-user_6922323
pd-user_3230772
pd-user_1345930
pd-user_8235471
pd-user_5149888
pd-user_629310
pd-user_2945762
pd-user_1651605
pd-user_7345191
pd-user_2527091
pd-user_516227
pd-user_6089563
pd-user_7863659
pd-user_6498387
pd-user_3032047
pd-user_8133070
pd-user_7607647
pd-user_2433168
pd-user_2672178
pd-user_2128362
pd-user_267472
pd-user_6148917
pd-user_7332183
pd-user_2670976
pd-user_4126345
pd-user_9450196
pd-user_2600861
pd-user_8111269
pd-user_1670394
pd-user_648256
pd-user_580899
pd-user_6177581
pd-user_6049321
pd-user_5182956
pd-user_994638
pd-user_6705975
pd-user_455808
pd-user_6619307
pd-user_186822
pd-user_3141690
pd-user_4673108
pd-user_1045643
pd-user_9354088
pd-user_9515272
pd-user_2850185
pd-user_601604
pd-user_8618200
pd-user_1881161
pd-user_4432652
pd-user_3493255
pd-user_5259696
pd-user_9195093
pd-user_2344939
pd-user_3584831
pd-user_8671991
pd-user_7215899
pd-user_8969093
pd-user_5071387
pd-user_4116997
pd-user_4395108
pd-user_6605199
pd-user_5723375
pd-user_3136792
pd-user_295103
pd-user_9908964
pd-user_9644381
pd-user_7063580
pd-user_8491418
pd-user_6160277
pd-user_2762970
pd-user_8653738
pd-user_7873641
pd-user_8698170
pd-user_2292248
pd-user_1946227
pd-user_5924900
pd-user_2978609
pd-user_1561459
pd-user_8190776
pd-user_1109277
pd-user_2455723
pd-user_7094944
pd-user_1244851
pd-user_7139437
pd-user_3433922
pd-user_6307282
pd-user_555105
pd-user_8182228
pd-user_496386
pd-user_6216355
pd-user_1236374
pd-user_4876473
pd-user_3032385
pd-user_3021825
pd-user_8173782
pd-user_2763329
pd-user_8045389
pd-user_2806578
pd-user_1917573
pd-user_2735448
pd-user_5319080
pd-user_2912464
pd-user_2161148
pd-user_7364556
pd-user_7030996
pd-user_4511490
pd-user_1787038
pd-user_3287862
pd-user_9780402
pd-user_6382372
pd-user_7451973
pd-user_6323596
pd-user_2122175
pd-user_1624031
pd-user_1059549
pd-user_4791048
pd-user_150946
pd-user_2558237
pd-user_6388758
pd-user_4646010
pd-user_5347404
pd-user_1892881
pd-user_37369
pd-user_6523005
pd-user_1173234
pd-user_4035234
pd-user_2419908
pd-user_1932553
pd-user_7510582
pd-user_6738695
pd-user_6694390
pd-user_8470803
pd-user_8141491
pd-user_2374268
pd-user_7378331
pd-user_7476897
pd-user_9828934
pd-user_4695459
pd-user_7572381
pd-user_1689952
pd-user_3916865
pd-user_1258350
pd-user_4913379
pd-user_5148191
pd-user_7202262
pd-user_1901961
pd-user_6631981
pd-user_3569225
pd-user_3654865
pd-user_3055268
pd-user_9038275
pd-user_9102747
pd-user_3923123
pd-user_6281208
pd-user_335559
pd-user_4153404
pd-user_315170
pd-user_5008358
pd-user_7998638
pd-user_3904652
pd-user_3087343
pd-user_2691183
pd-user_5561574
pd-user_437620
pd-user_8416237
pd-user_4612132
pd-user_6797470
pd-user_8353669
pd-user_6460886
pd-user_2355034
pd-user_8454154
pd-user_1429347
pd-user_9095854
pd-user_7532989
pd-user_5948557
pd-user_8101691
pd-user_3669412
pd-user_6519133
pd-user_7235057
pd-user_4391218
pd-user_2906951
pd-user_4753082
pd-user_2319545
pd-user_1862922
pd-user_8168618
pd-user_2843813
pd-user_8703954
pd-user_5835252
pd-user_3879499
pd-user_4337912
pd-user_9056059
pd-user_7590250
pd-user_6177682
pd-user_9309660
pd-user_4712854
pd-user_9236197
pd-user_5124364
pd-user_8583246
pd-user_489994
pd-user_5572100
pd-user_780007
pd-user_2393560
pd-user_4900377
pd-user_6121837
pd-user_748783
pd-user_3884846
pd-user_8981029
pd-user_7662908
pd-user_1798533
pd-user_9190676
pd-user_2102426
pd-user_9935467
pd-user_2401900
pd-user_1908248
pd-user_8081082
pd-user_1887079
pd-user_404970
pd-user_1876737
pd-user_5959376
pd-user_4171622
pd-user_1732621
pd-user_7933668
pd-user_8410621
pd-user_2015831
pd-user_95115
pd-user_2199330
pd-user_4740755
pd-user_5701157
pd-user_9648818
pd-user_276763
pd-user_2118397
pd-user_7504499
pd-user_776171
pd-user_7248582
pd-user_1183417
pd-user_5178896
pd-user_2966075
pd-user_528790
pd-user_1694897
pd-user_2906975
pd-user_1979163
pd-user_2369245
pd-user_5960942
pd-user_5654931
pd-user_7302299
pd-user_203551
pd-user_505191
pd-user_5453558
pd-user_283601
pd-user_1973787
pd-user_8252972
pd-user_5267324
pd-user_9094388
pd-user_9785037
pd-user_451358
pd-user_69769
pd-user_2866528
pd-user_2711555
pd-user_96492
pd-user_9081505
pd-user_3665242
pd-user_2664617
pd-user_931183
pd-user_1600124
pd-user_8434915
pd-user_4444047
pd-user_4933856
pd-user_8047208
pd-user_908608
pd-user_5247918
pd-user_6658082
pd-user_3802259
pd-user_6510954
pd-user_4030957
pd-user_883701
pd-user_9335354
pd-user_334605
pd-user_5426639
pd-user_377337
pd-user_447152
pd-user_1659909
pd-user_9725676
pd-user_1583140
pd-user_8055367
pd-user_7449306
pd-user_136510
pd-user_6901791
pd-user_5428110
pd-user_6138619
pd-user_6926717
pd-user_8313303
pd-user_6974639
pd-user_7023125
pd-user_1404365
pd-user_69534
pd-user_3816618
pd-user_7281076
pd-user_5602096
pd-user_7222390
pd-user_9062238
pd-user_7239330
pd-user_4056906
pd-user_180673
pd-user_5496611
pd-user_1388904
pd-user_6570114
pd-user_9101956
pd-user_826792
pd-user_4344868
pd-user_3481977
pd-user_1061548
pd-user_6554895
pd-user_7410436
pd-user_2856218
pd-user_6418475
pd-user_405407
pd-user_2279905
pd-user_5250379
pd-user_6108586
pd-user_8413880
pd-user_7099420
pd-user_8227643
pd-user_1259003
pd-user_3624870
pd-user_3211647
pd-user_5031591
pd-user_1407624
pd-user_5802365
pd-user_743508
pd-user_1413626
pd-user_2434549
pd-user_5197099
pd-user_9593923
pd-user_6136549
pd-user_3930102
pd-user_9763886
pd-user_412144
pd-user_6271031
pd-user_1450020
pd-user_1447963
pd-user_3293286
pd-user_8790440
pd-user_9015926
pd-user_9611306
pd-user_8049211
pd-user_6803035
pd-user_2180132
pd-user_5763149
pd-user_687413
pd-user_9252711
pd-user_1635709
pd-user_5469588
pd-user_2627376
pd-user_2620015
pd-user_9332092
pd-user_389411
pd-user_836244
pd-user_7681001
pd-user_8000457
pd-user_3082209
pd-user_8226379
pd-user_822331
pd-user_7997791
pd-user_4759374
pd-user_6088463
pd-user_6140797
pd-user_6684801
pd-user_5015657
pd-user_2710857
pd-user_4184425
pd-user_8167472
pd-user_2716361
pd-user_4367177
pd-user_5747958
pd-user_8576129
pd-user_7889074
pd-user_9198148
pd-user_7569949
pd-user_1001421
pd-user_467489
pd-user_6726722
pd-user_8057171
pd-user_4032347
pd-user_8199929
pd-user_8323908
pd-user_7928581
pd-user_4216347
pd-user_5851732
pd-user_807187
pd-user_2065236
pd-user_8645514
pd-user_1563737
pd-user_9747544
pd-user_6745840
pd-user_8742314
pd-user_9546192
pd-user_8199479
pd-user_1698434
pd-user_7492656
pd-user_9349459
pd-user_9860779
pd-user_564827
pd-user_5454480
pd-user_9642717
pd-user_6272251
pd-user_4551435
pd-user_1350571
pd-user_4688929
pd-user_9340507
pd-user_8859237
pd-user_1931134
pd-user_2084538
pd-user_366945
pd-user_9384739
pd-user_9241069
pd-user_936265
pd-user_7168399
pd-user_5063234
pd-user_254305
pd-user_3790306
pd-user_6050695
pd-user_5759075
pd-user_7790391
pd-user_7294732
pd-user_1784444
pd-user_5075382
pd-user_3190249
pd-user_8370049
pd-user_6680121
pd-user_9457095
pd-user_6903911
pd-user_5447924
pd-user_9659143
pd-user_295094
pd-user_6480710
pd-user_4480743
pd-user_1346241
pd-user_5785401
pd-user_6050174
pd-user_8622400
pd-user_720139
pd-user_5784691
pd-user_5897216
pd-user_2052470
pd-user_202040
pd-user_693324
pd-user_702689
pd-user_2746692
pd-user_5134775
pd-user_3277483
pd-user_1519734
pd-user_3235216
pd-user_1868502
pd-user_9634379
pd-user_8919437
pd-user_6535592
pd-user_3216752
pd-user_5064526
pd-user_9743591
pd-user_5093364
pd-user_8679546
pd-user_5407279
pd-user_9707411
pd-user_2810616
pd-user_1116551
pd-user_6417407
pd-user_8878370
pd-user_4094976
pd-user_6256010
pd-user_6320343
pd-user_3200493
pd-user_8038706
pd-user_4365259
pd-user_6495100
pd-user_6634468
pd-user_9343810
pd-user_6328450
pd-user_9057784
pd-user_1020445
pd-user_4879897
pd-user_5808153
pd-user_5998595
pd-user_8587162
pd-user_4706841
pd-user_3243084
pd-user_7639321
pd-user_3026114
pd-user_8351317
pd-user_1226036
pd-user_7629229
pd-user_2027003
pd-user_1329364
pd-user_1602527
pd-user_125549
pd-user_8024849
pd-user_3711468
pd-user_798996
pd-user_1369055
pd-user_9292106
pd-user_4118186
pd-user_75872
pd-user_9393377
pd-user_2768411
pd-user_1083721
pd-user_3961028
pd-user_2813538
pd-user_3478040
pd-user_749508
pd-user_9168820
pd-user_898435
pd-user_4573542
pd-user_6753145
pd-user_9431969
pd-user_3985204
pd-user_1869763
pd-user_9140341
pd-user_9427765
pd-user_3850042
pd-user_5154995
pd-user_3210608
pd-user_8933900
pd-user_8423622
pd-user_184268
pd-user_5377742
pd-user_1828257
pd-user_4429717
pd-user_4963186
pd-user_1844368
pd-user_2417390
pd-user_2820363
pd-user_895104
pd-user_7115472
pd-user_7516070
pd-user_3020872
pd-user_9652994
pd-user_3054033
pd-user_7760575
pd-user_1465879
pd-user_6824563
pd-user_5822826
pd-user_4054288
pd-user_1741748
pd-user_5631480
pd-user_6192023
pd-user_6545504
pd-user_9252738
pd-user_1929354
pd-user_5537467
pd-user_4938647
pd-user_718425
pd-user_9025333
pd-user_3286563
pd-user_1433369
pd-user_6679768
pd-user_2043173
pd-user_2991134
pd-user_2902500
pd-user_7473404
pd-user_9680432
pd-user_4541108
pd-user_7543422
pd-user_4024870
pd-user_233499
pd-user_3022144
pd-user_1374918
pd-user_1614291
pd-user_6007647
pd-user_6221730
pd-user_876519
pd-user_774075
pd-user_6826078
pd-user_4114408
pd-user_8792569
pd-user_8890273
pd-user_8912496
pd-user_427955
pd-user_6625196
pd-user_9760667
pd-user_1870024
pd-user_7017032
pd-user_6321832
pd-user_8072815
pd-user_6744435
pd-user_9787726
pd-user_4840725
pd-user_3747799
pd-user_3747967
pd-user_3863071
pd-user_1850129
pd-user_9765076
pd-user_8204686
pd-user_5695359
pd-user_2519929
pd-user_7680627
pd-user_6312768
pd-user_6127397
pd-user_9350461
pd-user_7117865
pd-user_339344
pd-user_342270
pd-user_9776108
pd-user_6045441
pd-user_4927073
pd-user_9792934
pd-user_8246732
pd-user_4893901
pd-user_32052
pd-user_1628550
pd-user_2828354
pd-user_994309
pd-user_7305835
pd-user_4338666
pd-user_4563836
pd-user_943595
pd-user_9417705
pd-user_4878308
pd-user_3739828
pd-user_114875
pd-user_7396377
pd-user_2940420
pd-user_4099175
pd-user_8740838
pd-user_3892637
pd-user_1294139
pd-user_2486576
pd-user_5232417
pd-user_1432547
pd-user_9715606
pd-user_1380206
pd-user_199062
pd-user_3566441
pd-user_451982
pd-user_2463992
pd-user_593365
pd-user_4332826
pd-user_6063858
pd-user_6690837
pd-user_1645972
pd-user_1602417
pd-user_9364948
pd-user_422357
pd-user_9645459
pd-user_3400540
pd-user_9805621
pd-user_1765319
pd-user_9388540
pd-user_4181529
pd-user_997237
pd-user_7672721
pd-user_4395029
pd-user_3553608
pd-user_2268604
pd-user_4674515
pd-user_9780857
pd-user_8138903
pd-user_1985740
pd-user_6144117
pd-user_713734
pd-user_5841030
pd-user_1892528
pd-user_6649928
pd-user_5979867
pd-user_2851523
pd-user_1826961
pd-user_2115867
pd-user_8744552
pd-user_7906849
pd-user_849286
pd-user_5371243
pd-user_1115775
pd-user_8083703
pd-user_7694096
pd-user_6452289
pd-user_8662274
pd-user_9690388
pd-user_7508399
pd-user_9494537
pd-user_7624912
pd-user_1030715
pd-user_8588404
pd-user_1326224
pd-user_9635768
pd-user_5021983
pd-user_3851282
pd-user_7960043
pd-user_4276285
pd-user_3061488
pd-user_9239392
pd-user_6632966
pd-user_3647239
pd-user_9739456
pd-user_2862443
pd-user_6019230
pd-user_5649711
pd-user_2375967
pd-user_1379302
pd-user_4538222
pd-user_3384393
pd-user_1680755
pd-user_5835650
pd-user_777991
pd-user_8071530
pd-user_350563
pd-user_2928559
pd-user_4025046
pd-user_5342884
pd-user_6509283
pd-user_1316689
pd-user_6091240
pd-user_3231607
pd-user_5261224
pd-user_2363266
pd-user_4250802
pd-user_8995122
pd-user_5298843
pd-user_9945720
pd-user_9445874
pd-user_3143964
pd-user_8882246
pd-user_4402800
pd-user_7047479
pd-user_6356696
pd-user_6175371
pd-user_2500253
pd-user_4973566
pd-user_5932810
pd-user_202831
pd-user_6170904
pd-user_1380503
pd-user_8252253
pd-user_3969579
pd-user_9841203
pd-user_3863182
pd-user_4448829
pd-user_8948453
pd-user_2016145
pd-user_2236374
pd-user_7414827
pd-user_5403326
pd-user_2171601
pd-user_8852964
pd-user_5899634
pd-user_9483667
pd-user_6015177
pd-user_4993263
pd-user_9204087
pd-user_8427542
pd-user_1857221
pd-user_9582029
pd-user_5512948
pd-user_1351972
pd-user_833893
pd-user_3783257
pd-user_3591462
pd-user_6122680
pd-user_3976012
pd-user_3620600
pd-user_4468930
pd-user_8549977
pd-user_8541845
pd-user_8965890
pd-user_1606703
pd-user_4577389
pd-user_8544471
pd-user_3637006
pd-user_677623
pd-user_8451501
pd-user_4087863
pd-user_3173726
pd-user_5373142
pd-user_9624574
pd-user_7201017
pd-user_7287707
pd-user_9770101
pd-user_3987479
pd-user_1600510
pd-user_6833369
pd-user_9156887
pd-user_1893518
pd-user_851491
pd-user_8069198
pd-user_9464417
pd-user_6857210
pd-user_8842879
pd-user_7009415
pd-user_4311156
pd-user_5449225
pd-user_4150192
pd-user_2090389
pd-user_8537711
pd-user_3326401
pd-user_9715030
pd-user_7994909
pd-user_6177625
pd-user_2045527
pd-user_5772321
pd-user_5230557
pd-user_7645998
pd-user_9211686
pd-user_7069456
pd-user_8025228
pd-user_7764610
pd-user_1879566
pd-user_6959102
pd-user_1052015
pd-user_287613
pd-user_1175060
pd-user_4163232
pd-user_8146712
pd-user_597174
pd-user_3188662
pd-user_6953670
pd-user_6079206
pd-user_3430506
pd-user_5530740
pd-user_9690032
pd-user_151412
pd-user_5770549
pd-user_8993304
pd-user_6168327
pd-user_5478138
pd-user_4592803
pd-user_8047075
pd-user_9192368
pd-user_6342988
pd-user_6102964
pd-user_9146083
pd-user_6989938
pd-user_2224455
pd-user_7978958
pd-user_6564040
pd-user_7525266
pd-user_2910141
pd-user_4053736
pd-user_6618148
pd-user_7897661
pd-user_9279719
pd-user_2177370
pd-user_8532328
pd-user_5770910
pd-user_2642979
pd-user_6832744
pd-user_5780755
pd-user_8640821
pd-user_1574421
pd-user_6569776
pd-user_4176681
pd-user_4077171
pd-user_9360964
pd-user_2402206
pd-user_3963631
pd-user_933152
pd-user_6520032
pd-user_3925769
pd-user_8620732
pd-user_3938653
pd-user_7277979
pd-user_549597
pd-user_4868997
pd-user_1665134
pd-user_3255866
pd-user_4917241
pd-user_5163499
pd-user_1175439
pd-user_8787624
pd-user_5233111
pd-user_780464
pd-user_7187418
pd-user_519416
pd-user_2700310
pd-user_148999
pd-user_2828844
pd-user_6840210
pd-user_6341596
pd-user_8194933
pd-user_7297729
pd-user_4269754
pd-user_9781125
pd-user_3885781
pd-user_6011882
pd-user_6939493
pd-user_6366612
pd-user_7344395
pd-user_4119625
pd-user_2197492
pd-user_6123766
pd-user_7723549
pd-user_3034145
pd-user_4491119
pd-user_3768183
pd-user_462011
pd-user_2611387
pd-user_6061136
pd-user_3272437
pd-user_1764602
pd-user_3864729
pd-user_5464150
pd-user_7612193
pd-user_3671440
pd-user_5212751
pd-user_5274247
pd-user_6414613
pd-user_2648551
pd-user_5989005
pd-user_6919014
pd-user_2303025
pd-user_9323170
pd-user_2040024
pd-user_1837351
pd-user_4061423
pd-user_2250463
pd-user_3427613
pd-user_1572574
pd-user_6979526
pd-user_1443338
pd-user_1669290
pd-user_6237952
pd-user_3056102
pd-user_6076378
pd-user_6865712
pd-user_2411326
pd-user_7560395
pd-user_8673729
pd-user_7740087
pd-user_2400686
pd-user_7688632
pd-user_815797
pd-user_4642022
pd-user_1591351
pd-user_6035213
pd-user_3811821
pd-user_2442429
pd-user_2282014
pd-user_7013425
pd-user_829248
pd-user_5837036
pd-user_2422194
pd-user_1471307
pd-user_3664064
pd-user_3691929
pd-user_7780555
pd-user_8487783
pd-user_6821675
pd-user_337588
pd-user_8610466
pd-user_2382192
pd-user_138484
pd-user_4633278
pd-user_6119857
pd-user_5325731
pd-user_727752
pd-user_4993511
pd-user_1476253
pd-user_1881823
pd-user_3319013
pd-user_4267722
pd-user_8051399
pd-user_8187603
pd-user_580184
pd-user_1394680
pd-user_7161732
pd-user_1497227
pd-user_3039170
pd-user_907929
pd-user_9432554
pd-user_7330388
pd-user_446267
pd-user_8260581
pd-user_967370
pd-user_3706370
pd-user_9638322
pd-user_8987011
pd-user_495625
pd-user_7399389
pd-user_3940419
pd-user_4408207
pd-user_4111292
pd-user_691946
pd-user_9036795
pd-user_425596
pd-user_4813557
pd-user_4610641
pd-user_5512959
pd-user_2738094
pd-user_1068284
pd-user_8803704
pd-user_6457285
pd-user_7771614
pd-user_3880423
pd-user_6439113
pd-user_1954663
pd-user_1538948
pd-user_9465299
pd-user_5833676
pd-user_1854499
pd-user_6403858
pd-user_4006260
pd-user_5007380
pd-user_6169974
pd-user_2571831
pd-user_7507811
pd-user_9034520
pd-user_2974907
pd-user_8416116
pd-user_1738955
pd-user_3532131
pd-user_7532184
pd-user_861517
pd-user_5585605
pd-user_8971791
pd-user_5703404
pd-user_3640588
pd-user_6797248
pd-user_4111813
pd-user_2562952
pd-user_511422
pd-user_1016445
pd-user_7229125
pd-user_1796217
pd-user_4463825
pd-user_7599350
pd-user_6082631
pd-user_3712937
pd-user_2445318
pd-user_2063858
pd-user_7656980
pd-user_7743526
pd-user_17561
pd-user_4916967
pd-user_7115081
pd-user_2721813
pd-user_3650444
pd-user_470367
pd-user_5297280
pd-user_2210346
pd-user_3641985
pd-user_6739368
pd-user_5002721
pd-user_7565960
pd-user_8703072
pd-user_2670788
pd-user_2394186
pd-user_5193813
pd-user_1818876
pd-user_4536019
pd-user_6438697
pd-user_6791222
pd-user_3698032
pd-user_3579425
pd-user_1172234
pd-user_4794692
pd-user_9257182
pd-user_5563234
pd-user_6419609
pd-user_6064104
pd-user_9292619
pd-user_9676202
pd-user_5420525
pd-user_1885931
pd-user_86795
pd-user_191567
pd-user_7707958
pd-user_147149
pd-user_3798118
pd-user_7912857
pd-user_2767578
pd-user_2863935
pd-user_3451842
pd-user_3852321
pd-user_3714514
pd-user_8551599
pd-user_7153996
pd-user_1329236
pd-user_260585
pd-user_6242422
pd-user_3291388
pd-user_5301523
pd-user_5984035
pd-user_3040028
pd-user_9513394
pd-user_1281753
pd-user_3513865
pd-user_15998
pd-user_1754346
pd-user_6344616
pd-user_4551771
pd-user_9960669
pd-user_9394336
pd-user_7949099
pd-user_7611818
pd-user_5584885
pd-user_3706836
pd-user_7727936
pd-user_3422598
pd-user_8757038
pd-user_7177980
pd-user_8891922
pd-user_6666122
pd-user_8751713
pd-user_7611111
pd-user_9150921
pd-user_5574398
pd-user_7126727
pd-user_1228126
pd-user_8166894
pd-user_6985320
pd-user_6659105
pd-user_3223119
pd-user_3897099
pd-user_652737
pd-user_3001845
pd-user_5557209
pd-user_3106928
pd-user_9316954
pd-user_5155303
pd-user_1747555
pd-user_8407986
pd-user_5171805
pd-user_4897332
pd-user_1144794
pd-user_3960717
pd-user_2408344
pd-user_4704420
pd-user_2894688
pd-user_2791004
pd-user_7154568
pd-user_8070028
pd-user_7139337
pd-user_7515296
pd-user_547743
pd-user_5628764
pd-user_4503123
pd-user_5325813
pd-user_1159593
pd-user_229249
pd-user_7993910
pd-user_8457080
pd-user_7583861
pd-user_5671767
pd-user_791714
pd-user_8430926
pd-user_8246506
pd-user_1444519
pd-user_1425005
pd-user_5246880
pd-user_1176002
pd-user_1954774
pd-user_2214156
pd-user_1222948
pd-user_1362496
pd-user_2898719
pd-user_9394949
pd-user_4943561
pd-user_4719069
pd-user_8041108
pd-user_7593823
pd-user_6448865
pd-user_1717252
pd-user_6832056
pd-user_7842248
pd-user_7723964
pd-user_9006271
pd-user_8036295
pd-user_128004
pd-user_193195
pd-user_4248163
pd-user_1098205
pd-user_6235726
pd-user_5500417
pd-user_957055
pd-user_1291196
pd-user_643384
pd-user_7011045
pd-user_6226190
pd-user_9413516
pd-user_1412479
pd-user_3038056
pd-user_3321871
pd-user_6894858
pd-user_1530652
pd-user_55080
pd-user_6938653
pd-user_1226500
pd-user_1869457
pd-user_1056593
pd-user_5129746
pd-user_7810371
pd-user_2569509
pd-user_6319260
pd-user_8065611
pd-user_2929831
pd-user_7629019
pd-user_7011135
pd-user_3524803
pd-user_4996989
pd-user_947707
pd-user_434555
pd-user_2892890
pd-user_9632676
pd-user_2685170
pd-user_383205
pd-user_3747099
pd-user_3571152
pd-user_7659782
pd-user_9469308
pd-user_9672724
pd-user_7600477
pd-user_1989911
pd-user_6984360
pd-user_9892887
pd-user_7824975
pd-user_3130405
pd-user_2947091
pd-user_9342268
pd-user_9466859
pd-user_9643118
pd-user_704750
pd-user_6199424
pd-user_3640627
pd-user_3157028
pd-user_6670905
pd-user_6123680
pd-user_4442855
pd-user_9964741
pd-user_4708870
pd-user_8320774
pd-user_1011502
pd-user_9651358
pd-user_6633885
pd-user_3421695
pd-user_1282500
pd-user_6253265
pd-user_5670907
pd-user_2049129
pd-user_5738330
pd-user_9408458
pd-user_1700182
pd-user_5574585
pd-user_8862798
pd-user_6720424
pd-user_965171
pd-user_966140
pd-user_1968930
pd-user_1406307
pd-user_3009623
pd-user_9706828
pd-user_1908594
pd-user_685553
pd-user_7726424
pd-user_3629133
pd-user_4589508
pd-user_4939655
pd-user_3302376
pd-user_3971986
pd-user_7515437
pd-user_1380185
pd-user_2471104
pd-user_2148180
pd-user_2673215
pd-user_2263019
pd-user_1471557
pd-user_5126222
pd-user_1239016
pd-user_9360471
pd-user_6381156
pd-user_3934004
pd-user_8710166
pd-user_7289512
pd-user_2600098
pd-user_5409264
pd-user_4937395
pd-user_9116971
pd-user_6683776
pd-user_9274294
pd-user_1158959
pd-user_8658276
pd-user_1341394
pd-user_378993
pd-user_1769018
pd-user_5495564
pd-user_7371658
pd-user_1157722
pd-user_359585
pd-user_372889
pd-user_7691664
pd-user_4598653
pd-user_5720806
pd-user_136406
pd-user_6892920
pd-user_8634812
pd-user_3179682
pd-user_3721976
pd-user_8710543
pd-user_3767142
pd-user_1048540
pd-user_9675463
pd-user_9659435
pd-user_1276135
pd-user_6678588
pd-user_4415407
pd-user_1228113
pd-user_7581082
pd-user_6161305
pd-user_4409978
pd-user_1505365
pd-user_8979144
pd-user_2879974
pd-user_1641815
pd-user_3655398
pd-user_522400
pd-user_3168881
pd-user_6615646
pd-user_7092221
pd-user_701880
pd-user_2452074
pd-user_4864968
pd-user_2389067
pd-user_8205265
pd-user_4916811
pd-user_4874722
pd-user_2381466
pd-user_9380586
pd-user_3319423
pd-user_8698755
pd-user_5149496
pd-user_759446
pd-user_7032900
pd-user_5617633
pd-user_4379549
pd-user_595011
pd-user_8687848
pd-user_2389072
pd-user_7339841
pd-user_2789873
pd-user_8181857
pd-user_3132574
pd-user_1289365
pd-user_787782
pd-user_8963660
pd-user_9068043
pd-user_2182753
pd-user_460908
pd-user_2341164
pd-user_6432918
pd-user_532246
pd-user_6719348
pd-user_4120616
pd-user_7523037
pd-user_9949560
pd-user_6030475
pd-user_6122170
pd-user_4621211
pd-user_6401229
pd-user_795686
pd-user_6274606
pd-user_1614938
pd-user_4792410
pd-user_693986
pd-user_3497949
pd-user_2579395
pd-user_8605874
pd-user_8868943
pd-user_1641467
pd-user_6418258
pd-user_6734471
pd-user_1260218
pd-user_5156185
pd-user_9988841
pd-user_6944225
pd-user_4002010
pd-user_7551015
pd-user_5926971
pd-user_1108384
pd-user_5276248
pd-user_1964197
pd-user_7228519
pd-user_332844
pd-user_5757931
pd-user_8535782
pd-user_8614642
pd-user_5493033
pd-user_6984242
pd-user_5460900
pd-user_1343441
pd-user_8025068
pd-user_828111
pd-user_3214744
pd-user_1200817
pd-user_1293575
pd-user_4900078
pd-user_5419893
pd-user_1965538
pd-user_422304
pd-user_6005318
pd-user_1428007
pd-user_3215406
pd-user_9381435
pd-user_103493
pd-user_5962843
pd-user_1564826
pd-user_3185508
pd-user_4173128
pd-user_7089506
pd-user_8502517
pd-user_2898170
pd-user_398891
pd-user_9737048
pd-user_7445613
pd-user_4059831
pd-user_7070466
pd-user_7178815
pd-user_4116145
pd-user_625330
pd-user_8862262
pd-user_3866567
pd-user_4947738
pd-user_8343614
pd-user_2388323
pd-user_1796751
pd-user_9120569
pd-user_166170
pd-user_417346
pd-user_3956320
pd-user_3464024
pd-user_1322480
pd-user_8311221
pd-user_8199364
pd-user_2804352
pd-user_6077926
pd-user_9917114
pd-user_1296066
pd-user_9457908
pd-user_880687
pd-user_1693873
pd-user_5257311
pd-user_1803352
pd-user_45577
pd-user_4426380
pd-user_8137267
pd-user_983949
pd-user_3676489
pd-user_9292899
pd-user_9369558
pd-user_1428322
pd-user_5698267
pd-user_7808322
pd-user_1069596
pd-user_834628
pd-user_8926479
pd-user_6624777
pd-user_3148825
pd-user_9007592
pd-user_4834298
pd-user_2623989
pd-user_3435324
pd-user_5781860
pd-user_2766974
pd-user_5306138
pd-user_1847106
pd-user_5533279
pd-user_6909268
pd-user_7019531
pd-user_2959355
pd-user_4758994
pd-user_1914824
pd-user_7160383
pd-user_8935445
pd-user_1185251
pd-user_5052463
pd-user_6117098
pd-user_1687818
pd-user_2104361
pd-user_5274371
pd-user_3906806
pd-user_2534107
pd-user_4750510
pd-user_9829665
pd-user_5145563
pd-user_1829996
pd-user_1171804
pd-user_7555697
pd-user_9303163
pd-user_6246481
pd-user_2778775
pd-user_5536342
pd-user_5778340
pd-user_9752360
pd-user_6402336
pd-user_6389751
pd-user_7514949
pd-user_3401206
pd-user_851637
pd-user_2762771
pd-user_1031489
pd-user_1707490
pd-user_7025799
pd-user_7388571
pd-user_5236963
pd-user_9472653
pd-user_5079180
pd-user_6248315
pd-user_6772812
pd-user_3807585
pd-user_2808161
pd-user_3418605
pd-user_8528501
pd-user_4218821
pd-user_954487
pd-user_1531737
pd-user_2151834
pd-user_3805307
pd-user_1172415
pd-user_2490026
pd-user_4771953
pd-user_7433905
pd-user_9157712
pd-user_4716649
pd-user_8602418
pd-user_2485203
pd-user_1185405
pd-user_7473748
pd-user_8023094
pd-user_3453491
pd-user_4408078
pd-user_9158511
pd-user_5078835
pd-user_8063907
pd-user_1625465
pd-user_1962645
pd-user_3546219
pd-user_5855445
pd-user_1464113
pd-user_176322
pd-user_2134543
pd-user_2101354
pd-user_4661037
pd-user_5226840
pd-user_5614519
pd-user_5910230
pd-user_6762620
pd-user_3618533
pd-user_4819517
pd-user_8428994
pd-user_3710376
pd-user_3422178
pd-user_2935057
pd-user_399150
pd-user_5481704
pd-user_2610312
pd-user_693620
pd-user_5223001
pd-user_8097635
pd-user_1264856
pd-user_3652837
pd-user_4655393
pd-user_2987773
pd-user_5884817
pd-user_2121606
pd-user_7078515
pd-user_3190839
pd-user_1348674
pd-user_6057512
pd-user_3348745
pd-user_2315635
pd-user_4600998
pd-user_4894459
pd-user_9680223
pd-user_7972148
pd-user_7808365
pd-user_800348
pd-user_1846067
pd-user_7995389
pd-user_4053927
pd-user_3843048
pd-user_8994976
pd-user_9789054
pd-user_2304936
pd-user_2326960
pd-user_9897717
pd-user_457488
pd-user_94881
pd-user_1038519
pd-user_5593467
pd-user_1059752
pd-user_709157
pd-user_8604184
pd-user_3609060
pd-user_7606620
pd-user_3770517
pd-user_4912990
pd-user_2379908
pd-user_3539338
pd-user_3693415
pd-user_8923301
pd-user_8732343
pd-user_124485
pd-user_6115141
pd-user_9140801
pd-user_4345978
pd-user_7432732
pd-user_8336364
pd-user_7108419
pd-user_7086766
pd-user_1837630
pd-user_9932608
pd-user_2795948
pd-user_2051057
pd-user_5325056
pd-user_1279704
pd-user_9940747
pd-user_2755635
pd-user_9908145
pd-user_9859386
pd-user_862935
pd-user_9937514
pd-user_317547
pd-user_401764
pd-user_3475538
pd-user_9528446
pd-user_8550803
pd-user_8653659
pd-user_1869587
pd-user_7974169
pd-user_974005
pd-user_7201832
pd-user_9016906
pd-user_804489
pd-user_2846909
pd-user_4331062
pd-user_6012152
pd-user_6692068
pd-user_293094
pd-user_1111050
pd-user_734178
pd-user_7067389
pd-user_6573870
pd-user_9456511
pd-user_6952249
pd-user_8001622
pd-user_4986470
pd-user_5138965
pd-user_3952612
pd-user_4013965
pd-user_806513
pd-user_5808005
pd-user_1626083
pd-user_3733484
pd-user_8107122
pd-user_4517100
pd-user_2269890
pd-user_5682219
pd-user_2680227
pd-user_2500675
pd-user_3712950
pd-user_8545119
pd-user_4962246
pd-user_3338931
pd-user_9029102
pd-user_4627223
pd-user_2615495
pd-user_9191982
pd-user_3894298
pd-user_3401754
pd-user_1247127
pd-user_2060217
pd-user_8294859
pd-user_3181546
pd-user_8136299
pd-user_8549414
pd-user_780179
pd-user_1460741
pd-user_4711264
pd-user_210227
pd-user_743233
pd-user_388703
pd-user_8719001
pd-user_5222818
pd-user_2230816
pd-user_3539267
pd-user_5144207
pd-user_1244725
pd-user_4956446
pd-user_7559697
pd-user_6896237
pd-user_8998482
pd-user_9560553
pd-user_3432056
pd-user_7992440
pd-user_255282
pd-user_6902252
pd-user_2924658
pd-user_6478269
pd-user_7057944
pd-user_7398240
pd-user_1838166
pd-user_5382268
pd-user_4603225
pd-user_9847992
pd-user_6437479
pd-user_379349
pd-user_1480834
pd-user_8019426
pd-user_6151574
pd-user_3347766
pd-user_8925490
pd-user_9533599
pd-user_9454569
pd-user_1744790
pd-user_303312
pd-user_4441617
pd-user_8578064
pd-user_9662832
pd-user_3325092
pd-user_8432383
pd-user_7813499
pd-user_9615282
pd-user_7042028
pd-user_1878453
pd-user_196691
pd-user_7006702
pd-user_6120978
pd-user_5789937
pd-user_3625182
pd-user_7222742
pd-user_8121291
pd-user_4917058
pd-user_5012331
pd-user_2026100
pd-user_7819762
pd-user_8657118
pd-user_3208649
pd-user_3813902
pd-user_6015119
pd-user_3697328
pd-user_9219912
pd-user_7985886
pd-user_6821678
pd-user_949254
pd-user_5213689
pd-user_6515171
pd-user_3851775
pd-user_1097272
pd-user_734467
pd-user_734746
pd-user_1175726
pd-user_4859724
pd-user_4127387
pd-user_2252722
pd-user_5792421
pd-user_9504773
pd-user_8552796
pd-user_7741600
pd-user_2333446
pd-user_1817553
pd-user_4597478
pd-user_4718548
pd-user_1312338
pd-user_3693850
pd-user_3843816
pd-user_7371507
pd-user_9105370
pd-user_6972101
pd-user_4146268
pd-user_8162722
pd-user_512875
pd-user_8611661
pd-user_8982084
pd-user_1389359
pd-user_8216674
pd-user_8620465
pd-user_5025591
pd-user_8700130
pd-user_3920693
pd-user_9372537
pd-user_1893855
pd-user_6145727
pd-user_3722879
pd-user_173226
pd-user_4157844
pd-user_4058877
pd-user_5639325
pd-user_4031420
pd-user_5895180
pd-user_123032
pd-user_9099072
pd-user_8602642
pd-user_1297120
pd-user_4824276
pd-user_716577
pd-user_5940427
pd-user_2668661
pd-user_5622553
pd-user_4276214
pd-user_3990059
pd-user_2483139
pd-user_5665469
pd-user_8393215
pd-user_9361117
pd-user_2038286
pd-user_330680
pd-user_5536429
pd-user_7645723
pd-user_5089615
pd-user_5337817
pd-user_1224683
pd-user_2609379
pd-user_2289059
pd-user_1313128
pd-user_4588501
pd-user_777263
pd-user_6914206
pd-user_5872192
pd-user_6506809
pd-user_4492838
pd-user_8838092
pd-user_3997216
pd-user_9619880
pd-user_5045882
pd-user_5911242
pd-user_1326050
pd-user_4191829
pd-user_2995389
pd-user_5048664
pd-user_5455240
pd-user_352491
pd-user_4838497
pd-user_825377
pd-user_1789165
pd-user_5688360
pd-user_9643443
pd-user_4819644
pd-user_8480857
pd-user_4979398
pd-user_5093981
pd-user_2143047
pd-user_4265870
pd-user_561950
pd-user_9060862
pd-user_7039838
pd-user_8988882
pd-user_1056192
pd-user_5022961
pd-user_4558535
pd-user_3859737
pd-user_7336808
pd-user_4858292
pd-user_5961445
pd-user_1763419
pd-user_3435226
pd-user_6093563
pd-user_1861644
pd-user_1969574
pd-user_8126676
pd-user_1546741
pd-user_5321618
pd-user_374505
pd-user_6238801
pd-user_661710
pd-user_5037387
pd-user_8406721
pd-user_2365560
pd-user_3159013
pd-user_2246930
pd-user_4280835
pd-user_8498303
pd-user_1679567
pd-user_5542368
pd-user_6230454
pd-user_8220294
pd-user_9295031
pd-user_1123371
pd-user_7980672
pd-user_7968673
pd-user_3789292
pd-user_5769689
pd-user_6630877
pd-user_9883738
pd-user_4263316
pd-user_8988523
pd-user_2526456
pd-user_8382827
pd-user_4537708
pd-user_3760078
pd-user_5361597
pd-user_8218271
pd-user_9766431
pd-user_2002739
pd-user_584453
pd-user_2749852
pd-user_51447
pd-user_2779774
pd-user_5423382
pd-user_854190
pd-user_1458342
pd-user_9397265
pd-user_5478138
pd-user_1875210
pd-user_9904022
pd-user_5484035
pd-user_2797908
pd-user_8800859
pd-user_8232069
pd-user_5358703
pd-user_7497441
pd-user_2166209
pd-user_382234
pd-user_2816435
pd-user_9308436
pd-user_5861630
pd-user_1844507
pd-user_9684379
pd-user_9634382
pd-user_2249333
pd-user_7223615
pd-user_2951850
pd-user_9429082
pd-user_8938455
pd-user_2233259
pd-user_5903140
pd-user_6958242
pd-user_1114044
pd-user_7671467
pd-user_7803092
pd-user_7539339
pd-user_2165549
pd-user_4974821
pd-user_311738
pd-user_1483276
pd-user_5499748
pd-user_2294767
pd-user_2328479
pd-user_3606790
pd-user_6441662
pd-user_3817795
pd-user_7695553
pd-user_7204755
pd-user_2624267
pd-user_1086224
pd-user_6103070
pd-user_9430384
pd-user_4321488
pd-user_1473107
pd-user_8497300
pd-user_5713679
pd-user_8210801
pd-user_1594996
pd-user_8744414
pd-user_3169358
pd-user_1029443
pd-user_5847346
pd-user_7070525
pd-user_7315309
pd-user_7911340
pd-user_5246293
pd-user_6476755
pd-user_4934867
pd-user_8036623
pd-user_806952
pd-user_7012006
pd-user_7850912
pd-user_1110958
pd-user_35774
pd-user_4688854
pd-user_2992892
pd-user_2771706
pd-user_509913
pd-user_6308245
pd-user_9190214
pd-user_2472881
pd-user_4698626
pd-user_8631351
pd-user_2613064
pd-user_6303841
pd-user_247526
pd-user_1548224
pd-user_2495659
pd-user_5566844
pd-user_1976112
pd-user_3496333
pd-user_5349452
pd-user_3507553
pd-user_5573261
pd-user_6294361
pd-user_5949855
pd-user_9797685
pd-user_3516497
pd-user_1267404
pd-user_1480730
pd-user_1040998
pd-user_2583328
pd-user_9496275
pd-user_6693615
pd-user_9551783
pd-user_3867010
pd-user_7490310
pd-user_7114263
pd-user_7938842
pd-user_9198156
pd-user_1619362
pd-user_9241719
pd-user_5570650
pd-user_8833647
pd-user_413247
pd-user_5304011
pd-user_4340988
pd-user_6937211
pd-user_6186090
pd-user_4683240
pd-user_5282323
pd-user_381040
pd-user_3645433
pd-user_1759210
pd-user_3144107
pd-user_578400
pd-user_847710
pd-user_9117699
pd-user_6811269
pd-user_1440547
pd-user_4898673
pd-user_3055074
pd-user_9338805
pd-user_6933693
pd-user_5233915
pd-user_696423
pd-user_1079197
pd-user_4634893
pd-user_4376755
pd-user_947575
pd-user_9346730
pd-user_5182013
pd-user_3448002
pd-user_2840755
pd-user_1471143
pd-user_6592779
pd-user_1816220
pd-user_7126025
pd-user_8855647
pd-user_4219226
pd-user_1218783
pd-user_8249965
pd-user_3112471
pd-user_2099329
pd-user_9781959
pd-user_7714172
pd-user_3411001
pd-user_1616427
pd-user_5020814
pd-user_6856238
pd-user_7742876
pd-user_7140891
pd-user_1647303
pd-user_8505408
pd-user_7280464
pd-user_8316289
pd-user_6901694
pd-user_1309862
pd-user_1091712
pd-user_8389506
pd-user_5361845
pd-user_9984067
pd-user_4572485
pd-user_1854477
pd-user_1239778
pd-user_6604452
pd-user_3976615
pd-user_6528463
pd-user_7637988
pd-user_4106407
pd-user_3761949
pd-user_9742104
pd-user_22050
pd-user_2489436
pd-user_2535507
pd-user_1462216
pd-user_7297215
pd-user_8671234
pd-user_2583130
pd-user_4470595
pd-user_9860789
pd-user_7205934
pd-user_6718775
pd-user_5144150
pd-user_6124165
pd-user_3137239
pd-user_5372244
pd-user_1401957
pd-user_8349062
pd-user_429124
pd-user_3591804
pd-user_987109
pd-user_5075141
pd-user_4415765
pd-user_2576152
pd-user_5329213
pd-user_393330
pd-user_6573968
pd-user_2770904
pd-user_6743859
pd-user_1561861
pd-user_5690945
pd-user_5660294
pd-user_579779
pd-user_319153
pd-user_9399851
pd-user_6947665
pd-user_2716635
pd-user_8244189
pd-user_6183080
pd-user_3951124
pd-user_6027107
pd-user_9070692
pd-user_7318182
pd-user_2699744
pd-user_8349793
pd-user_9253027
pd-user_4098113
pd-user_2750643
pd-user_8297119
pd-user_4862484
pd-user_292213
pd-user_2361027
pd-user_5803683
pd-user_5014784
pd-user_259251
pd-user_6779500
pd-user_3520834
pd-user_9035109
pd-user_5090517
pd-user_4148050
pd-user_6200075
pd-user_4618871
pd-user_969869
pd-user_2786477
pd-user_7474606
pd-user_7559834
pd-user_2766615
pd-user_838909
pd-user_5668558
pd-user_7418926
pd-user_619884
pd-user_8377875
pd-user_7503363
pd-user_8479695
pd-user_7361817
pd-user_3820520
pd-user_7934335
pd-user_8796176
pd-user_4598323
pd-user_6190174
pd-user_2500271
pd-user_3616457
pd-user_1722963
pd-user_2356205
pd-user_6640571
pd-user_7635514
pd-user_2320531
pd-user_7404121
pd-user_5497841
pd-user_4015816
pd-user_3433704
pd-user_48669
pd-user_8387248
pd-user_4938929
pd-user_2799472
pd-user_7557160
pd-user_1133907
pd-user_9152622
pd-user_1817910
pd-user_9952045
pd-user_1627329
pd-user_3159885
pd-user_2123064
pd-user_182417
pd-user_7933072
pd-user_7719705
pd-user_2625278
pd-user_5245486
pd-user_5564902
pd-user_5937532
pd-user_272179
pd-user_4574924
pd-user_4046351
pd-user_1406401
pd-user_2481736
pd-user_8774447
pd-user_5102905
pd-user_1283698
pd-user_111424
pd-user_6143360
pd-user_986638
pd-user_5965107
pd-user_7645903
pd-user_8382397
pd-user_9926880
pd-user_3168106
pd-user_8990732
pd-user_9640997
pd-user_4284344
pd-user_4012619
pd-user_7769147
pd-user_7991921
pd-user_6153231
pd-user_3967524
pd-user_4278356
pd-user_6094401
pd-user_9962237
pd-user_2948539
pd-user_920901
pd-user_5168624
pd-user_6791261
pd-user_5429519
pd-user_3415089
pd-user_9780066
pd-user_8823639
pd-user_849363
pd-user_3561297
pd-user_2568676
pd-user_6561897
pd-user_2500748
pd-user_6597080
pd-user_9771410
pd-user_1733323
pd-user_1274805
pd-user_4407450
pd-user_7108658
pd-user_1729821
pd-user_733763
pd-user_5501521
pd-user_3887442
pd-user_2099007
pd-user_1550013
pd-user_1520685
pd-user_1548372
pd-user_8782419
pd-user_6738449
pd-user_5864047
pd-user_3775518
pd-user_1205429
pd-user_1237222
pd-user_4237766
pd-user_4102564
pd-user_6321999
pd-user_7955545
pd-user_2794851
pd-user_8038653
pd-user_5942549
pd-user_5414617
pd-user_3809670
pd-user_5796095
pd-user_1047609
pd-user_3028133
pd-user_7356228
pd-user_2907448
pd-user_6205015
pd-user_7709496
pd-user_5776660
pd-user_6403906
pd-user_7008702
pd-user_9691208
pd-user_177980
pd-user_1376547
pd-user_7990373
pd-user_6300372
pd-user_9600472
pd-user_1621960
pd-user_8620414
pd-user_2482659
pd-user_3690373
pd-user_1597599
pd-user_7655712
pd-user_9518434
pd-user_4878921
pd-user_3665129
pd-user_8169219
pd-user_2129717
pd-user_7265339
pd-user_736887
pd-user_483082
pd-user_1121879
pd-user_7402214
pd-user_796207
pd-user_8559119
pd-user_794534
pd-user_8091607
pd-user_5577619
pd-user_3579797
pd-user_9022453
pd-user_4888683
pd-user_269057
pd-user_4536116
pd-user_2543125
pd-user_1665784
pd-user_3932142
pd-user_913373
pd-user_427042
pd-user_9286154
pd-user_272973
pd-user_8217881
pd-user_9863141
pd-user_2508010
pd-user_9623130
pd-user_5865647
pd-user_483099
pd-user_6202179
pd-user_4630054
pd-user_4164160
pd-user_9125987
pd-user_7479017
pd-user_7677414
pd-user_2413421
pd-user_9103995
pd-user_7163395
pd-user_545409
pd-user_1803254
pd-user_9728120
pd-user_3709672
pd-user_7707963
pd-user_2850579
pd-user_2706774
pd-user_4671716
pd-user_9656565
pd-user_279995
pd-user_2655974
pd-user_5430639
pd-user_4770698
pd-user_9984010
pd-user_5994118
pd-user_540008
pd-user_5691107
pd-user_6737049
pd-user_7413398
pd-user_364510
pd-user_4448750
pd-user_4505139
pd-user_3410826
pd-user_8709825
pd-user_7283858
pd-user_5915277
pd-user_9649691
pd-user_2947207
pd-user_2438607
pd-user_6340851
pd-user_7800706
pd-user_2717542
pd-user_4670254
pd-user_3581803
pd-user_1703732
pd-user_8109969
pd-user_7555040
pd-user_3482302
pd-user_7474111
pd-user_3926219
pd-user_9230742
pd-user_5300292
pd-user_6044271
pd-user_3921224
pd-user_2467958
pd-user_2090660
pd-user_4840220
pd-user_4842939
pd-user_5861221
pd-user_90740
pd-user_5770907
pd-user_4597548
pd-user_8976477
pd-user_9188578
pd-user_1086051
pd-user_1782418
pd-user_5179044
pd-user_5145441
pd-user_8421799
pd-user_3628603
pd-user_3507847
pd-user_1548470
pd-user_7130771
pd-user_6457668
pd-user_750115
pd-user_6692322
pd-user_4836059
pd-user_8602796
pd-user_745089
pd-user_2305144
pd-user_3285454
pd-user_9248645
pd-user_2294986
pd-user_7137472
pd-user_3643384
pd-user_8509491
pd-user_279122
pd-user_1353410
pd-user_815946
pd-user_7780127
pd-user_1881038
pd-user_9594820
pd-user_2535003
pd-user_9997091
pd-user_5650771
pd-user_8607364
pd-user_7462598
pd-user_1228686
pd-user_9027406
pd-user_4746654
pd-user_6807156
pd-user_744293
pd-user_4268260
pd-user_391254
pd-user_4358645
pd-user_7306231
pd-user_5585312
pd-user_6674162
pd-user_101432
pd-user_6892918
pd-user_6246300
pd-user_8573388
pd-user_707796
pd-user_7179542
pd-user_3686562
pd-user_7841362
pd-user_3043840
pd-user_881535
pd-user_5622579
pd-user_8573775
pd-user_5942358
pd-user_1822498
pd-user_8269864
pd-user_1280872
pd-user_3400557
pd-user_251595
pd-user_3631205
pd-user_7055665
pd-user_4175459
pd-user_361772
pd-user_2570231
pd-user_9584503
pd-user_5390792
pd-user_4940494
pd-user_5607636
pd-user_6433325
pd-user_2108635
pd-user_8115208
pd-user_2310976
pd-user_1677206
pd-user_8729195
pd-user_3006315
pd-user_5461245
pd-user_2578931
pd-user_887541
pd-user_9975878
pd-user_1563726
pd-user_2350171
pd-user_8370445
pd-user_3466733
pd-user_9653647
pd-user_9640234
pd-user_5543580
pd-user_1862892
pd-user_472995
pd-user_784294
pd-user_2306326
pd-user_6687547
pd-user_6798544
pd-user_8855783
pd-user_700367
pd-user_609821
pd-user_5006508
pd-user_4101731
pd-user_6527960
pd-user_9085779
pd-user_9366299
pd-user_3989538
pd-user_8837643
pd-user_72624
pd-user_915903
pd-user_2373584
pd-user_7394411
pd-user_2111263
pd-user_9475463
pd-user_1270687
pd-user_3341942
pd-user_2538322
pd-user_4326523
pd-user_5410515
pd-user_3918245
pd-user_5449419
pd-user_543839
pd-user_2314070
pd-user_1250813
pd-user_232618
pd-user_4397325
pd-user_5289274
pd-user_8416119
pd-user_5220761
pd-user_7279237
pd-user_6383427
pd-user_2913216
pd-user_1321230
pd-user_5183369
pd-user_1969404
pd-user_8067556
pd-user_2638423
pd-user_3791399
pd-user_4510463
pd-user_3858449
pd-user_3750832
pd-user_2517566
pd-user_5972903
pd-user_3501346
pd-user_1168910
pd-user_3179229
pd-user_7072573
pd-user_3142464
pd-user_8022990
pd-user_6148069
pd-user_4208253
pd-user_3512486
pd-user_1929481
pd-user_541428
pd-user_6084867
pd-user_1499407
pd-user_2539735
pd-user_9492701
pd-user_80826
pd-user_3725477
pd-user_1453383
pd-user_1062088
pd-user_7004569
pd-user_2335123
pd-user_6099566
pd-user_5447229
pd-user_3449367
pd-user_5598612
pd-user_3976706
pd-user_9806318
pd-user_9230863
pd-user_256174
pd-user_7527457
pd-user_2940856
pd-user_1985051
pd-user_675529
pd-user_9143392
pd-user_5689589
pd-user_4829483
pd-user_2520806
pd-user_9788780
pd-user_5182974
pd-user_9923254
pd-user_4311518
pd-user_6281136
pd-user_7186494
pd-user_3351068
pd-user_2922945
pd-user_7530387
pd-user_4193306
pd-user_9776690
pd-user_9727897
pd-user_9616443
pd-user_8749019
pd-user_299426
pd-user_2151153
pd-user_1381693
pd-user_2518810
pd-user_3834435
pd-user_3699550
pd-user_5570205
pd-user_2641645
pd-user_8123877
pd-user_7342780
pd-user_4512264
pd-user_1796217
pd-user_1143025
pd-user_2701833
pd-user_9410955
pd-user_603110
pd-user_5541571
pd-user_5089818
pd-user_4253030
pd-user_5366401
pd-user_42802
pd-user_1918415
pd-user_9920405
pd-user_6664097
pd-user_7238822
pd-user_1570818
pd-user_8254929
pd-user_7864865
pd-user_3968762
pd-user_799782
pd-user_6879739
pd-user_4702451
pd-user_6722934
pd-user_3188359
pd-user_2618631
pd-user_868353
pd-user_7896865
pd-user_5598870
pd-user_4658905
pd-user_5104710
pd-user_6838752
pd-user_4305075
pd-user_8877296
pd-user_9947147
pd-user_5584267
pd-user_5712227
pd-user_3909254
pd-user_8240613
pd-user_8466676
pd-user_397525
pd-user_5514702
pd-user_7240154
pd-user_5969488
pd-user_766896
pd-user_3897367
pd-user_7303162
pd-user_6616996
pd-user_4167897
pd-user_5447093
pd-user_1304472
pd-user_192782
pd-user_9330195
pd-user_3653740
pd-user_212568
pd-user_4845634
pd-user_6748287
pd-user_7205566
pd-user_9472865
pd-user_2648767
pd-user_3133537
pd-user_5420942
pd-user_8428077
pd-user_3434688
pd-user_3172679
pd-user_6474445
pd-user_6920696
pd-user_2108713
pd-user_2679245
pd-user_3414504
pd-user_9153631
pd-user_7238651
pd-user_3152024
pd-user_1723436
pd-user_3413604
pd-user_1382398
pd-user_7265604
pd-user_6375125
pd-user_6945737
pd-user_8675705
pd-user_7204132
pd-user_3820120
pd-user_9265515
pd-user_4421187
pd-user_7029294
pd-user_3533418
pd-user_9073396
pd-user_8312869
pd-user_5640006
pd-user_1097879
pd-user_5278445
pd-user_5408727
pd-user_68802
pd-user_7016516
pd-user_2313235
pd-user_3755000
pd-user_8111303
pd-user_7119660
pd-user_4817469
pd-user_2512540
pd-user_826321
pd-user_2942183
pd-user_8651709
pd-user_5846351
pd-user_2463264
pd-user_4216591
pd-user_4533388
pd-user_5760123
pd-user_7327495
pd-user_9217169
pd-user_5440885
pd-user_5317068
pd-user_5941065
pd-user_5344883
pd-user_393246
pd-user_2387102
pd-user_7228993
pd-user_3561150
pd-user_6444935
pd-user_4422781
pd-user_678664
pd-user_3598343
pd-user_6537536
pd-user_5381875
pd-user_1535377
pd-user_5895640
pd-user_9893483
pd-user_8840357
pd-user_6150767
pd-user_7373001
pd-user_6998757
pd-user_1420806
pd-user_3963392
pd-user_1223249
pd-user_4859926
pd-user_3539522
pd-user_281453
pd-user_6920453
pd-user_8191578
pd-user_1543183
pd-user_3000324
pd-user_431663
pd-user_7535029
pd-user_7663431
pd-user_4540407
pd-user_775599
pd-user_4187761
pd-user_1240868
pd-user_2873051
pd-user_9023496
pd-user_723487
pd-user_9217315
pd-user_6898088
pd-user_9094271
pd-user_7643501
pd-user_6810159
pd-user_3528588
pd-user_2244430
pd-user_1029333
pd-user_7353401
pd-user_7715744
pd-user_880021
pd-user_8500833
pd-user_2093197
pd-user_4165929
pd-user_8273934
pd-user_409283
pd-user_6681911
pd-user_7409375
pd-user_9062587
pd-user_7909786
pd-user_1817918
pd-user_2392390
pd-user_689055
pd-user_9400913
pd-user_1601730
pd-user_8927319
pd-user_8927323
pd-user_6465870
pd-user_3196181
pd-user_9405338
pd-user_1186698
pd-user_402768
pd-user_800234
pd-user_129644
pd-user_7903392
pd-user_2065931
pd-user_8297939
pd-user_9954794
pd-user_794242
pd-user_8787485
pd-user_7210662
pd-user_2994616
pd-user_1371381
pd-user_6747498
pd-user_6348256
pd-user_7368400
pd-user_7753943
pd-user_9380259
pd-user_9417272
pd-user_9257336
pd-user_7116017
pd-user_3633879
pd-user_9845887
pd-user_7250088
pd-user_4436277
pd-user_2108498
pd-user_2885468
pd-user_2874178
pd-user_8088556
pd-user_3223802
pd-user_2494491
pd-user_430058
pd-user_5330659
pd-user_7855298
pd-user_3955816
pd-user_4501682
pd-user_4173309
pd-user_8524350
pd-user_9576938
pd-user_8025760
pd-user_876606
pd-user_5345353
pd-user_529733
pd-user_9972817
pd-user_1180135
pd-user_563109
pd-user_9746302
pd-user_7028170
pd-user_8427243
pd-user_8091945
pd-user_6956163
pd-user_9988919
pd-user_9047552
pd-user_9496451
pd-user_1490196
pd-user_7674272
pd-user_1065459
pd-user_6378855
pd-user_9577142
pd-user_2542091
pd-user_1755425
pd-user_5058089
pd-user_1301169
pd-user_2654718
pd-user_8141474
pd-user_9925753
pd-user_3119691
pd-user_8881215
pd-user_3478620
pd-user_4514881
pd-user_4314545
pd-user_770918
pd-user_2407630
pd-user_9138765
pd-user_6631617
pd-user_7236112
pd-user_2600438
pd-user_4308714
pd-user_3283410
pd-user_7344688
pd-user_4843395
pd-user_5708363
pd-user_11838
pd-user_5109552
pd-user_5588673
pd-user_4943935
pd-user_650412
pd-user_1129397
pd-user_3915853
pd-user_3744229
pd-user_4152759
pd-user_1150252
pd-user_8838797
pd-user_8141597
pd-user_8341375
pd-user_339486
pd-user_505348
pd-user_1864245
pd-user_5170424
pd-user_2397249
pd-user_9171190
pd-user_2610716
pd-user_7353444
pd-user_2054165
pd-user_433226
pd-user_6285912
pd-user_4455179
pd-user_7620091
pd-user_8395516
pd-user_1499115
pd-user_3513582
pd-user_7581382
pd-user_8135308
pd-user_4204820
pd-user_4096832
pd-user_3823855
pd-user_1886052
pd-user_9914368
pd-user_4566800
pd-user_2109926
pd-user_8252140
pd-user_5059559
pd-user_4108971
pd-user_1599947
pd-user_1741797
pd-user_2578709
pd-user_5093769
pd-user_4553396
pd-user_6397909
pd-user_2399490
pd-user_9379681
pd-user_8390230
pd-user_9415902
pd-user_4747568
pd-user_7563094
pd-user_1548797
pd-user_8485638
pd-user_7660766
pd-user_1122779
pd-user_2773177
pd-user_2354339
pd-user_8397919
pd-user_4962287
pd-user_8511456
pd-user_7230452
pd-user_5501555
pd-user_4072361
pd-user_1467250
pd-user_2860704
pd-user_9675475
pd-user_8301853
pd-user_9885986
pd-user_9227865
pd-user_9181924
pd-user_869291
pd-user_9791572
pd-user_5805773
pd-user_8056805
pd-user_2609817
pd-user_9350147
pd-user_4734382
pd-user_598561
pd-user_7569999
pd-user_2983953
pd-user_1202294
pd-user_8445827
pd-user_6201019
pd-user_3558057
pd-user_1838742
pd-user_88576
pd-user_6563146
pd-user_5988667
pd-user_9820724
pd-user_2602005
pd-user_5057847
pd-user_6349984
pd-user_1911672
pd-user_1678664
pd-user_1054734
pd-user_2750244
pd-user_3746599
pd-user_9091710
pd-user_1395195
pd-user_7404290
pd-user_3508052
pd-user_2109879
pd-user_1687220
pd-user_4013040
pd-user_1096269
pd-user_8970658
pd-user_3927639
pd-user_659257
pd-user_2140313
pd-user_2509773
pd-user_9829236
pd-user_8535242
pd-user_4239616
pd-user_2687566
pd-user_4299716
pd-user_6307488
pd-user_2125161
pd-user_5286052
pd-user_6108310
pd-user_6334291
pd-user_2552630
pd-user_8822259
pd-user_5849423
pd-user_8965259
pd-user_2333530
pd-user_4476741
pd-user_7991324
pd-user_3978996
pd-user_8643121
pd-user_4061798
pd-user_5144420
pd-user_6300840
pd-user_8587400
pd-user_984036
pd-user_9240549
pd-user_877114
pd-user_4277538
pd-user_8999223
pd-user_8688105
pd-user_5405994
pd-user_3293761
pd-user_9961133
pd-user_3955523
pd-user_5965151
pd-user_4794556
pd-user_8366512
pd-user_3863196
pd-user_5546032
pd-user_6303566
pd-user_2018697
pd-user_3610165
pd-user_2647377
pd-user_9409002
pd-user_4970222
pd-user_7565875
pd-user_1422541
pd-user_8462382
pd-user_5222922
pd-user_355752
pd-user_9846039
pd-user_8246743
pd-user_1582179
pd-user_5621612
pd-user_2285466
pd-user_6254385
pd-user_595938
pd-user_5352438
pd-user_5026240
pd-user_6985526
pd-user_7087315
pd-user_4567337
pd-user_7733589
pd-user_7470424
pd-user_4192012
pd-user_3269492
pd-user_5727627
pd-user_7209896
pd-user_8026668
pd-user_319771
pd-user_4588307
pd-user_5306872
pd-user_3599092
pd-user_2833537
pd-user_31512
pd-user_5563894
pd-user_9065867
pd-user_307432
pd-user_2659174
pd-user_4517874
pd-user_1356071
pd-user_9537543
pd-user_3007435
pd-user_9278681
pd-user_6195574
pd-user_2298966
pd-user_6935954
pd-user_7182394
pd-user_9483262
pd-user_948826
pd-user_7107031
pd-user_3310118
pd-user_1382050
pd-user_7787738
pd-user_2335895
pd-user_2862428
pd-user_4190541
pd-user_6718044
pd-user_1774473
pd-user_4125160
pd-user_3410959
pd-user_3954299
pd-user_8632523
pd-user_3234205
pd-user_2282982
pd-user_8214838
pd-user_3542156
pd-user_6878776
pd-user_9530435
pd-user_281166
pd-user_9621849
pd-user_9956824
pd-user_769938
pd-user_9142538
pd-user_872862
pd-user_1240007
pd-user_4030595
pd-user_2555985
pd-user_4185363
pd-user_2144043
pd-user_5603986
pd-user_9703295
pd-user_915552
pd-user_6796135
pd-user_8972195
pd-user_3282992
pd-user_4592496
pd-user_5079550
pd-user_7044065
pd-user_2833793
pd-user_9262725
pd-user_4813475
pd-user_686275
pd-user_204985
pd-user_452374
pd-user_7489411
pd-user_3375335
pd-user_34402
pd-user_2923251
pd-user_9820963
pd-user_8741045
pd-user_1627744
pd-user_6753584
pd-user_8092784
pd-user_7425419
pd-user_2255281
pd-user_6010665
pd-user_8629943
pd-user_9547254
pd-user_1605929
pd-user_9892208
pd-user_499956
pd-user_5189822
pd-user_6674280
pd-user_5763198
pd-user_1824237
pd-user_9642535
pd-user_1643253
pd-user_2434901
pd-user_4947807
pd-user_6766904
pd-user_9711383
pd-user_8193410
pd-user_1097238
pd-user_5233405
pd-user_6711289
pd-user_5401778
pd-user_5532587
pd-user_8729607
pd-user_7024722
pd-user_7904543
pd-user_5337818
pd-user_8361613
pd-user_7287953
pd-user_2517119
pd-user_7119398
pd-user_8774671
pd-user_4807451
pd-user_9319425
pd-user_8045642
pd-user_2591853
pd-user_1506013
pd-user_7310570
pd-user_792240
pd-user_21526
pd-user_2609032
pd-user_7181607
pd-user_271668
pd-user_8688051
pd-user_3056341
pd-user_3317769
pd-user_7318110
pd-user_1797174
pd-user_5469843
pd-user_4349853
pd-user_1755150
pd-user_9137727
pd-user_8115757
pd-user_3556438
pd-user_3554532
pd-user_7343586
pd-user_4224879
pd-user_2187417
pd-user_6643868
pd-user_8518378
pd-user_5865591
pd-user_4105001
pd-user_6578700
pd-user_3962688
pd-user_924415
pd-user_4198842
pd-user_6229640
pd-user_3793651
pd-user_4491185
pd-user_8559204
pd-user_3140140
pd-user_4044454
pd-user_6545568
pd-user_7188206
pd-user_8804350
pd-user_702808
pd-user_9397040
pd-user_6011107
pd-user_7317488
pd-user_199000
pd-user_451067
pd-user_7217755
pd-user_632767
pd-user_3990837
pd-user_9713482
pd-user_3498588
pd-user_1521126
pd-user_4097127
pd-user_8108009
pd-user_4986909
pd-user_6946220
pd-user_278879
pd-user_2383071
pd-user_6375153
pd-user_111858
pd-user_4792911
pd-user_9673191
pd-user_6211601
pd-user_6422250
pd-user_3260290
pd-user_2049206
pd-user_1160565
pd-user_4702660
pd-user_8665064
pd-user_4548135
pd-user_2575899
pd-user_2878895
pd-user_6550574
pd-user_452446
pd-user_3312107
pd-user_4307050
pd-user_4131217
pd-user_4473175
pd-user_6048094
pd-user_9576247
pd-user_456198
pd-user_6601374
pd-user_2242031
pd-user_2578045
pd-user_6571559
pd-user_7883992
pd-user_9837671
pd-user_9344988
pd-user_4814531
pd-user_1815776
pd-user_3569110
pd-user_4242276
pd-user_959071
pd-user_8950592
pd-user_847471
pd-user_8986476
pd-user_9401537
pd-user_2549941
pd-user_9948205
pd-user_3949939
pd-user_1858592
pd-user_2936460
pd-user_4127733
pd-user_4605231
pd-user_2233668
pd-user_261030
pd-user_6638984
pd-user_8539392
pd-user_9300944
pd-user_7465910
pd-user_6999057
pd-user_6006885
pd-user_3173205
pd-user_6867724
pd-user_1260908
pd-user_7155537
pd-user_3409043
pd-user_9113907
pd-user_913737
pd-user_9669108
pd-user_1736230
pd-user_3514155
pd-user_9241638
pd-user_1686474
pd-user_6523963
pd-user_3134597
pd-user_8005187
pd-user_2366566
pd-user_5629307
pd-user_1332167
pd-user_5159028
pd-user_5075926
pd-user_3529082
pd-user_4880352
pd-user_9905355
pd-user_5100523
pd-user_6696577
pd-user_9397525
pd-user_6713503
pd-user_2452950
pd-user_4287674
pd-user_7536573
pd-user_2334454
pd-user_3518266
pd-user_9134227
pd-user_636861
pd-user_4948449
pd-user_4370585
pd-user_5214580
pd-user_8392486
pd-user_777654
pd-user_2970860
pd-user_7404157
pd-user_5387063
pd-user_4781401
pd-user_3341766
pd-user_9719734
pd-user_7834761
pd-user_3992843
pd-user_9566941
pd-user_9117105
pd-user_3135838
pd-user_8236387
pd-user_6546574
pd-user_9480827
pd-user_6531401
pd-user_9311771
pd-user_5187623
pd-user_1048435
pd-user_651219
pd-user_4296151
pd-user_9141828
pd-user_8381199
pd-user_8531598
pd-user_927579
pd-user_7783935
pd-user_2787881
pd-user_2294581
pd-user_5406395
pd-user_4827795
pd-user_8573357
pd-user_3732085
pd-user_9893962
pd-user_2968882
pd-user_5216077
pd-user_9346111
pd-user_7645178
pd-user_8114925
pd-user_1697578
pd-user_8174856
pd-user_538382
pd-user_7175378
pd-user_1636766
pd-user_3981969
pd-user_8839206
pd-user_616464
pd-user_1294893
pd-user_9793428
pd-user_1534761
pd-user_3847421
pd-user_7052427
pd-user_8136584
pd-user_9675666
pd-user_4763441
pd-user_2279978
pd-user_4907410
pd-user_7376536
pd-user_8186750
pd-user_6005665
pd-user_819227
pd-user_3376316
pd-user_9636269
pd-user_1615044
pd-user_22965
pd-user_9426272
pd-user_9296992
pd-user_2171260
pd-user_1015289
pd-user_5996275
pd-user_6457947
pd-user_7044518
pd-user_4657262
pd-user_8231738
pd-user_9093256
pd-user_5138466
pd-user_9575060
pd-user_3996720
pd-user_3387034
pd-user_4380364
pd-user_6748652
pd-user_7292766
pd-user_2109332
pd-user_1885568
pd-user_3430508
pd-user_2602060
pd-user_9195363
pd-user_4498778
pd-user_4510028
pd-user_678918
pd-user_1991425
pd-user_6615932
pd-user_6991097
pd-user_6559082
pd-user_2486834
pd-user_5749454
pd-user_14108
pd-user_2695632
pd-user_4460954
pd-user_4032777
pd-user_8085629
pd-user_28217
pd-user_7737227
pd-user_5993767
pd-user_3555484
pd-user_103217
pd-user_8075272
pd-user_8845125
pd-user_6063710
pd-user_7198587
pd-user_6367223
pd-user_7582415
pd-user_6289398
pd-user_9161332
pd-user_2221774
pd-user_4401742
pd-user_9907138
pd-user_1104187
pd-user_6330660
pd-user_1966389
pd-user_1720429
pd-user_6556123
pd-user_9831918
pd-user_1524765
pd-user_9768785
pd-user_1240990
pd-user_6612021
pd-user_2958029
pd-user_3631919
pd-user_1773646
pd-user_4544795
pd-user_8753635
pd-user_9122257
pd-user_1737401
pd-user_680995
pd-user_8206662
pd-user_4920531
pd-user_637470
pd-user_6583619
pd-user_4739469
pd-user_2428020
pd-user_2788022
pd-user_2912315
pd-user_9751401
pd-user_946243
pd-user_2041212
pd-user_579006
pd-user_6216834
pd-user_1151302
pd-user_2589867
pd-user_9179116
pd-user_9316687
pd-user_8976573
pd-user_7888724
pd-user_6085668
pd-user_7061558
pd-user_8692495
pd-user_801631
pd-user_6662883
pd-user_2659564
pd-user_5378357
pd-user_65455
pd-user_6921071
pd-user_6838469
pd-user_8971998
pd-user_1049049
pd-user_2512808
pd-user_6591754
pd-user_5676576
pd-user_2667116
pd-user_2741627
pd-user_5955233
pd-user_9355522
pd-user_5428407
pd-user_9632026
pd-user_7853129
pd-user_9969384
pd-user_5690550
pd-user_9033741
pd-user_4201853
pd-user_4830264
pd-user_5525792
pd-user_6266791
pd-user_5542576
pd-user_4674373
pd-user_2893538
pd-user_6463067
pd-user_178975
pd-user_848381
pd-user_1579044
pd-user_5508514
pd-user_9306793
pd-user_5518556
pd-user_2483268
pd-user_8664087
pd-user_2153244
pd-user_6595627
pd-user_1254302
pd-user_9753427
pd-user_6518580
pd-user_808586
pd-user_6528954
pd-user_1227973
pd-user_3282993
pd-user_5816060
pd-user_9266273
pd-user_9733410
pd-user_575392
pd-user_8927455
pd-user_7350142
pd-user_8289897
pd-user_4089608
pd-user_4577324
pd-user_8673634
pd-user_1560891
pd-user_10606
pd-user_4876761
pd-user_4403384
pd-user_8773988
pd-user_5034665
pd-user_2247111
pd-user_2002705
pd-user_8061188
pd-user_6065048
pd-user_5507581
pd-user_503378
pd-user_9312491
pd-user_5417758
pd-user_551312
pd-user_2405296
pd-user_855067
pd-user_8102548
pd-user_877362
pd-user_3995952
pd-user_2982560
pd-user_1846075
pd-user_623541
pd-user_4139890
pd-user_287302
pd-user_3036076
pd-user_78583
pd-user_9099356
pd-user_3178115
pd-user_8876861
pd-user_3925447
pd-user_8480102
pd-user_8775577
pd-user_3655916
pd-user_5925026
pd-user_4740998
pd-user_7203025
pd-user_5703964
pd-user_4126179
pd-user_8460194
pd-user_9685401
pd-user_850501
pd-user_1895850
pd-user_5847866
pd-user_4079316
pd-user_5265874
pd-user_7886728
pd-user_2681880
pd-user_417317
pd-user_3326837
pd-user_4203746
pd-user_7440246
pd-user_2596639
pd-user_4265572
pd-user_7309146
pd-user_9129524
pd-user_300543
pd-user_9363212
pd-user_2670697
pd-user_4378253
pd-user_7093421
pd-user_7871483
pd-user_7753921
pd-user_5931764
pd-user_2820342
pd-user_6389426
pd-user_7058965
pd-user_8132640
pd-user_9709543
pd-user_8113974
pd-user_9198026
pd-user_9501000
pd-user_8683177
pd-user_7474198
pd-user_9318587
pd-user_8399122
pd-user_4025056
pd-user_3128359
pd-user_901780
pd-user_101726
pd-user_606106
pd-user_265859
pd-user_2578004
pd-user_4443308
pd-user_2450888
pd-user_662217
pd-user_1800473
pd-user_9798715
pd-user_8957921
pd-user_9208697
pd-user_9558601
pd-user_2492896
pd-user_7475894
pd-user_1619852
pd-user_9418506
pd-user_1022497
pd-user_7144028
pd-user_63538
pd-user_1199067
pd-user_196071
pd-user_2333139
pd-user_5365460
pd-user_5887619
pd-user_677749
pd-user_4668403
pd-user_8875916
pd-user_3054082
pd-user_782929
pd-user_6742873
pd-user_9078512
pd-user_4296055
pd-user_6243801
pd-user_6897598
pd-user_9748260
pd-user_4536415
pd-user_1546970
pd-user_2131396
pd-user_191395
pd-user_5374519
pd-user_2004554
pd-user_9808421
pd-user_8346611
pd-user_6504661
pd-user_3408509
pd-user_6217413
pd-user_6149454
pd-user_5138958
pd-user_2645316
pd-user_5395985
pd-user_6530803
pd-user_3951315
pd-user_213986
pd-user_9528953
pd-user_225646
pd-user_2633598
pd-user_3233239
pd-user_2125573
pd-user_7635840
pd-user_2315388
pd-user_4683363
pd-user_660923
pd-user_1131846
pd-user_57539
pd-user_1024720
pd-user_8903679
pd-user_8367626
pd-user_8265789
pd-user_586627
pd-user_7336886
pd-user_7090383
pd-user_2914927
pd-user_3533372
pd-user_8837459
pd-user_6687236
pd-user_5837291
pd-user_4151759
pd-user_4108477
pd-user_8647
pd-user_1489706
pd-user_720531
pd-user_502181
pd-user_8405186
pd-user_9461907
pd-user_317246
pd-user_8513443
pd-user_6037362
pd-user_4703270
pd-user_640074
pd-user_7354891
pd-user_7018903
pd-user_4634498
pd-user_5596451
pd-user_3778002
pd-user_9914142
pd-user_1736669
pd-user_1602773
pd-user_9104865
pd-user_4927438
pd-user_6446347
pd-user_2780454
pd-user_6697804
pd-user_4238498
pd-user_5911412
pd-user_8635016
pd-user_9225290
pd-user_4322316
pd-user_8594011
pd-user_8570398
pd-user_4941407
pd-user_9029096
pd-user_4466854
pd-user_8562800
pd-user_6735837
pd-user_3375651
pd-user_9929974
pd-user_9776064
pd-user_5206333
pd-user_8704890
pd-user_4284974
pd-user_6533181
pd-user_5099215
pd-user_2825720
pd-user_267102
pd-user_8273939
pd-user_5388681
pd-user_2248003
pd-user_7813200
pd-user_4488961
pd-user_5530521
pd-user_6075157
pd-user_3932406
pd-user_8562260
pd-user_7231643
pd-user_9749400
pd-user_2101084
pd-user_9748884
pd-user_9775795
pd-user_1607654
pd-user_1265862
pd-user_1671054
pd-user_9585236
pd-user_5812893
pd-user_1626627
pd-user_6072500
pd-user_8141170
pd-user_4624148
pd-user_3974419
pd-user_3399947
pd-user_3996111
pd-user_963559
pd-user_9790362
pd-user_6026619
pd-user_8921011
pd-user_8551574
pd-user_1813248
pd-user_399054
pd-user_2454372
pd-user_343138
pd-user_7539951
pd-user_1570235
pd-user_2501071
pd-user_3227320
pd-user_3335343
pd-user_3710034
pd-user_2115990
pd-user_9556480
pd-user_9310678
pd-user_9332492
pd-user_7943177
pd-user_5017722
pd-user_4050722
pd-user_9965484
pd-user_1045353
pd-user_1943831
pd-user_3366598
pd-user_2395336
pd-user_3455426
pd-user_6057000
pd-user_8610238
pd-user_7790601
pd-user_2521591
pd-user_8747035
pd-user_5241116
pd-user_2981789
pd-user_29255
pd-user_5045663
pd-user_5688584
pd-user_9906550
pd-user_3427137
pd-user_3103219
pd-user_1056262
pd-user_7265950
pd-user_9064714
pd-user_4486676
pd-user_1013062
pd-user_5590235
pd-user_1234501
pd-user_7404186
pd-user_5780697
pd-user_4062612
pd-user_4191392
pd-user_6156443
pd-user_4089325
pd-user_3228949
pd-user_8281065
pd-user_7515735
pd-user_8933880
pd-user_2841057
pd-user_7865836
pd-user_9201463
pd-user_4783536
pd-user_9241914
pd-user_5302174
pd-user_782571
pd-user_3325710
pd-user_2876259
pd-user_1598951
pd-user_6186048
pd-user_3338160
pd-user_4020103
pd-user_6355178
pd-user_2451932
pd-user_6995626
pd-user_4701950
pd-user_7832374
pd-user_8941009
pd-user_7068808
pd-user_3035022
pd-user_5234409
pd-user_2926069
pd-user_1370248
pd-user_5657497
pd-user_3760755
pd-user_6620917
pd-user_5706370
pd-user_7889823
pd-user_7823711
pd-user_2098273
pd-user_8145055
pd-user_1562842
pd-user_6127087
pd-user_2702402
pd-user_1365762
pd-user_4599578
pd-user_7052706
pd-user_6283870
pd-user_2724595
pd-user_2273966
pd-user_1042983
pd-user_3478520
pd-user_3362903
pd-user_155470
pd-user_34411
pd-user_1437570
pd-user_7595109
pd-user_5280460
pd-user_2900057
pd-user_874733
pd-user_325267
pd-user_2073976
pd-user_1183467
pd-user_2874520
pd-user_4753873
pd-user_2633364
pd-user_4875834
pd-user_6024227
pd-user_285946
pd-user_6003104
pd-user_8708336
pd-user_7034695
pd-user_4200287
pd-user_851835
pd-user_4114319
pd-user_187971
pd-user_7070753
pd-user_9141880
pd-user_7439746
pd-user_2396358
pd-user_5028596
pd-user_7523292
pd-user_8972064
pd-user_2743601
pd-user_7227668
pd-user_1560780
pd-user_9212449
pd-user_2475372
pd-user_3640587
pd-user_6123221
pd-user_7940955
pd-user_2032214
pd-user_6306818
pd-user_5642139
pd-user_5977817
pd-user_1146650
pd-user_3447173
pd-user_7794834
pd-user_5582813
pd-user_5533951
pd-user_6815231
pd-user_9661209
pd-user_9827525
pd-user_7664721
pd-user_7691912
pd-user_2712877
pd-user_1403919
pd-user_5399956
pd-user_2980605
pd-user_304755
pd-user_3652051
pd-user_3961398
pd-user_1899079
pd-user_8905493
pd-user_2288215
pd-user_9417390
pd-user_2675563
pd-user_4608828
pd-user_9306635
pd-user_3933052
pd-user_5595377
pd-user_3741719
pd-user_723797
pd-user_4795305
pd-user_2338371
pd-user_2800608
pd-user_5328084
pd-user_5376975
pd-user_6810687
pd-user_4047602
pd-user_738568
pd-user_3474251
pd-user_8304309
pd-user_7866165
pd-user_9337611
pd-user_6898078
pd-user_4214702
pd-user_7883538
pd-user_8347563
pd-user_8166226
pd-user_2732983
pd-user_9762168
pd-user_3680681
pd-user_2810116
pd-user_597323
pd-user_1682391
pd-user_4208114
pd-user_7245408
pd-user_2049308
pd-user_2403820
pd-user_6332534
pd-user_8190630
pd-user_4817957
pd-user_3246894
pd-user_4476603
pd-user_6272511
pd-user_9041177
pd-user_5380338
pd-user_7516668
pd-user_2162240
pd-user_1384818
pd-user_3615021
pd-user_4584896
pd-user_2146794
pd-user_7652225
pd-user_1669626
pd-user_5329550
pd-user_4476055
pd-user_9299984
pd-user_6305860
pd-user_1473101
pd-user_7464074
pd-user_4030166
pd-user_6454150
pd-user_2180778
pd-user_5521538
pd-user_6902109
pd-user_9802983
pd-user_6006902
pd-user_4420619
pd-user_6812915
pd-user_6015922
pd-user_4720402
pd-user_695815
pd-user_3266316
pd-user_7409265
pd-user_9477535
pd-user_7752117
pd-user_9680895
pd-user_5721000
pd-user_5583681
pd-user_7176196
pd-user_7119871
pd-user_2569274
pd-user_106494
pd-user_6949711
pd-user_5398639
pd-user_2665067
pd-user_2260236
pd-user_8386539
pd-user_1685238
pd-user_9182034
pd-user_5370262
pd-user_1822686
pd-user_4016861
pd-user_6994175
pd-user_5371455
pd-user_3852196
pd-user_2877980
pd-user_7278733
pd-user_7243985
pd-user_8114842
pd-user_2323408
pd-user_7070425
pd-user_9972340
pd-user_9979966
pd-user_2018954
pd-user_4049577
pd-user_4207840
pd-user_9165323
pd-user_8678789
pd-user_6548254
pd-user_5807198
pd-user_9716947
pd-user_2174824
pd-user_4409088
pd-user_926530
pd-user_935996
pd-user_1648413
pd-user_8504957
pd-user_8143354
pd-user_3917635
pd-user_9189900
pd-user_4243291
pd-user_4145612
pd-user_9608126
pd-user_6205161
pd-user_3791653
pd-user_1092568
pd-user_3637044
pd-user_3161878
pd-user_3174492
pd-user_2488846
pd-user_7764184
pd-user_5245859
pd-user_470463
pd-user_7323691
pd-user_7805057
pd-user_6157920
pd-user_7403906
pd-user_3801067
pd-user_5824162
pd-user_8184417
pd-user_5328013
pd-user_5835026
pd-user_4716864
pd-user_89250
pd-user_1798983
pd-user_5337499
pd-user_2697100
pd-user_8884230
pd-user_4278145
pd-user_6008439
pd-user_3457777
pd-user_7905699
pd-user_5393415
pd-user_1576588
pd-user_628962
pd-user_8063290
pd-user_5949878
pd-user_783399
pd-user_9645614
pd-user_9659353
pd-user_8111203
pd-user_8690553
pd-user_7460044
pd-user_3363381
pd-user_3755346
pd-user_1677324
pd-user_2535157
pd-user_4890678
pd-user_1635739
pd-user_8528407
pd-user_5188605
pd-user_6387081
pd-user_7647197
pd-user_8198825
pd-user_6628693
pd-user_2393283
pd-user_399941
pd-user_2781547
pd-user_8576679
pd-user_447472
pd-user_89177
pd-user_6542046
pd-user_74398
pd-user_8174006
pd-user_6531529
pd-user_7207420
pd-user_7785879
pd-user_3763561
pd-user_4104836
pd-user_9748059
pd-user_5752062
pd-user_1841518
pd-user_3535184
pd-user_4943020
pd-user_6142834
pd-user_5372513
pd-user_1288412
pd-user_5528348
pd-user_5953943
pd-user_9845567
pd-user_3160408
pd-user_6964960
pd-user_1436266
pd-user_1335571
pd-user_8514782
pd-user_1174314
pd-user_6191437
pd-user_9842198
pd-user_46962
pd-user_7695313
pd-user_6900375
pd-user_2894805
pd-user_7616748
pd-user_5929215
pd-user_2913634
pd-user_1450859
pd-user_4132067
pd-user_4068701
pd-user_4621351
pd-user_129729
pd-user_9068399
pd-user_2770667
pd-user_2403940
pd-user_1514614
pd-user_1619909
pd-user_9273194
pd-user_2139489
pd-user_7983169
pd-user_4704956
pd-user_4185765
pd-user_5086136
pd-user_2930101
pd-user_493268
pd-user_287336
pd-user_6359145
pd-user_8361175
pd-user_2762570
pd-user_9191545
pd-user_4532789
pd-user_145612
pd-user_742956
pd-user_2382375
pd-user_5756758
pd-user_4741095
pd-user_6389439
pd-user_435049
pd-user_8023712
pd-user_5171333
pd-user_3972531
pd-user_3859667
pd-user_6624786
pd-user_4711625
pd-user_5294986
pd-user_380309
pd-user_8610328
pd-user_6665881
pd-user_5054142
pd-user_2971256
pd-user_9247742
pd-user_2107426
pd-user_5504271
pd-user_9133202
pd-user_6055466
pd-user_5627168
pd-user_2125507
pd-user_6903114
pd-user_6696570
pd-user_9883517
pd-user_151346
pd-user_484876
pd-user_1679935
pd-user_7422516
pd-user_3187425
pd-user_9311811
pd-user_9205100
pd-user_7859893
pd-user_3064408
pd-user_5762745
pd-user_6057759
pd-user_1157177
pd-user_3423629
pd-user_6852947
pd-user_4802008
pd-user_7642760
pd-user_4927104
pd-user_5228690
pd-user_5987180
pd-user_468691
pd-user_5046740
pd-user_5404970
pd-user_8948059
pd-user_3733845
pd-user_2779821
pd-user_7326581
pd-user_1965859
pd-user_3599289
pd-user_8303107
pd-user_3226236
pd-user_2213679
pd-user_8840437
pd-user_3712190
pd-user_9302151
pd-user_2143675
pd-user_9739696
pd-user_7337554
pd-user_9620693
pd-user_3393237
pd-user_960970
pd-user_6985205
pd-user_3355512
pd-user_2398191
pd-user_6479530
pd-user_5256334
pd-user_323412
pd-user_8986376
pd-user_5035146
pd-user_871992
pd-user_4318817
pd-user_9960645
pd-user_9213661
pd-user_919944
pd-user_9422242
pd-user_6131584
pd-user_3382368
pd-user_7829697
pd-user_9826802
pd-user_3540869
pd-user_5126743
pd-user_9753587
pd-user_4712722
pd-user_1087853
pd-user_3473599
pd-user_8749602
pd-user_514927
pd-user_5903972
pd-user_3960384
pd-user_4663073
pd-user_9327498
pd-user_7185469
pd-user_6462894
pd-user_7294809
pd-user_3285336
pd-user_6113291
pd-user_7493604
pd-user_8838274
pd-user_708974
pd-user_2088570
pd-user_1070430
pd-user_5861259
pd-user_8874875
pd-user_8081022
pd-user_3394369
pd-user_1215784
pd-user_4262833
pd-user_5323804
pd-user_7596095
pd-user_8050808
pd-user_5846043
pd-user_9346118
pd-user_9904132
pd-user_8517606
pd-user_480874
pd-user_7059497
pd-user_7264266
pd-user_8318385
pd-user_3283673
pd-user_5129358
pd-user_9095077
pd-user_4421529
pd-user_1029530
pd-user_1458574
pd-user_6301580
pd-user_1646317
pd-user_3908530
pd-user_8395383
pd-user_7095345
pd-user_9844266
pd-user_3707753
pd-user_3163919
pd-user_6742359
pd-user_9225191
pd-user_1514851
pd-user_4123910
pd-user_9244178
pd-user_2297824
pd-user_4135872
pd-user_8102446
pd-user_7760524
pd-user_3249338
pd-user_5172708
pd-user_3308604
pd-user_4625483
pd-user_7255721
pd-user_4159544
pd-user_2297217
pd-user_5190675
pd-user_9843385
pd-user_1991213
pd-user_7607837
pd-user_410038
pd-user_5949106
pd-user_5915868
pd-user_9352909
pd-user_7863297
pd-user_6660261
pd-user_1168232
pd-user_255090
pd-user_3902996
pd-user_4211863
pd-user_1460689
pd-user_8497083
pd-user_9821814
pd-user_2820206
pd-user_2248753
pd-user_5073308
pd-user_6003181
pd-user_9515421
pd-user_1820338
pd-user_2444607
pd-user_9510623
pd-user_931063
pd-user_9014368
pd-user_3465458
pd-user_8378712
pd-user_5760599
pd-user_7060837
pd-user_7743807
pd-user_6831899
pd-user_3960422
pd-user_3011388
pd-user_3504062
pd-user_7576397
pd-user_7755192
pd-user_4711808
pd-user_9769559
pd-user_7031127
pd-user_1431197
pd-user_289352
pd-user_2245643
pd-user_7503573
pd-user_5030868
pd-user_5543663
pd-user_1490014
pd-user_2267016
pd-user_3302982
pd-user_4319314
pd-user_1293845
pd-user_483963
pd-user_5583341
pd-user_281233
pd-user_9162271
pd-user_3365127
pd-user_214480
pd-user_3947590
pd-user_3818616
pd-user_1198238
pd-user_65024
pd-user_2744726
pd-user_9642544
pd-user_4211752
pd-user_5940031
pd-user_5577606
pd-user_9050059
pd-user_8928453
pd-user_895544
pd-user_6873082
pd-user_3820118
pd-user_6393431
pd-user_4668536
pd-user_3826558
pd-user_6052875
pd-user_2908987
pd-user_9580289
pd-user_3772419
pd-user_964842
pd-user_7191290
pd-user_5087240
pd-user_1733673
pd-user_3735045
pd-user_1267857
pd-user_8394307
pd-user_5658223
pd-user_4564819
pd-user_9628678
pd-user_8384866
pd-user_6780388
pd-user_6434548
pd-user_8735241
pd-user_3798892
pd-user_6405490
pd-user_5600040
pd-user_2287580
pd-user_3152907
pd-user_3485791
pd-user_3220547
pd-user_1069310
pd-user_3555606
pd-user_640198
pd-user_5044470
pd-user_1833044
pd-user_8532330
pd-user_6464144
pd-user_89328
pd-user_6849209
pd-user_9779847
pd-user_6387644
pd-user_8695382
pd-user_3787446
pd-user_6836806
pd-user_5458880
pd-user_230574
pd-user_2650482
pd-user_7556501
pd-user_9714292
pd-user_3674444
pd-user_4998658
pd-user_2267409
pd-user_3153781
pd-user_5632695
pd-user_5695840
pd-user_8249657
pd-user_9801279
pd-user_6665329
pd-user_2952579
pd-user_6576531
pd-user_6147056
pd-user_9678293
pd-user_5692781
pd-user_175566
pd-user_1154978
pd-user_9563208
pd-user_9829938
pd-user_2297636
pd-user_1095283
pd-user_8262788
pd-user_2937060
pd-user_877337
pd-user_347537
pd-user_4760488
pd-user_8009839
pd-user_2657732
pd-user_3786623
pd-user_2307692
pd-user_6093989
pd-user_5862574
pd-user_5789173
pd-user_9188385
pd-user_3534280
pd-user_1141054
pd-user_9844283
pd-user_4971944
pd-user_5575551
pd-user_6418755
pd-user_3730927
pd-user_1777354
pd-user_9897581
pd-user_2189586
pd-user_7892973
pd-user_5411775
pd-user_1072266
pd-user_8865514
pd-user_6612779
pd-user_6618147
pd-user_4776707
pd-user_5150331
pd-user_3212778
pd-user_4172543
pd-user_5620952
pd-user_4664283
pd-user_3213106
pd-user_9229338
pd-user_5830495
pd-user_9385094
pd-user_7468423
pd-user_8537822
pd-user_1510224
pd-user_5607471
pd-user_9694470
pd-user_5137749
pd-user_8079927
pd-user_6878125
pd-user_4134799
pd-user_8832629
pd-user_7889075
pd-user_2354831
pd-user_9289938
pd-user_7396739
pd-user_8171090
pd-user_676185
pd-user_7205141
pd-user_3394998
pd-user_4065343
pd-user_7297179
pd-user_1246392
pd-user_6468500
pd-user_8762049
pd-user_2599541
pd-user_9870771
pd-user_6510816
pd-user_1674563
pd-user_3449905
pd-user_143338
pd-user_2772411
pd-user_627278
pd-user_6536367
pd-user_9505161
pd-user_8442836
pd-user_5826797
pd-user_4939183
pd-user_5560051
pd-user_6399416
pd-user_2131655
pd-user_3237130
pd-user_6930531
pd-user_5001964
pd-user_8983060
pd-user_2056712
pd-user_3595521
pd-user_5875147
pd-user_2971911
pd-user_2395648
pd-user_5208659
pd-user_380219
pd-user_8848450
pd-user_6954929
pd-user_1775465
pd-user_8760405
pd-user_7811052
pd-user_7378701
pd-user_980850
pd-user_5525687
pd-user_2994023
pd-user_4401260
pd-user_6643584
pd-user_3756605
pd-user_3924659
pd-user_3820700
pd-user_8112300
pd-user_4316813
pd-user_3109461
pd-user_2492074
pd-user_6785233
pd-user_9409354
pd-user_5196329
pd-user_1967194
pd-user_9947707
pd-user_1944461
pd-user_4109411
pd-user_9745594
pd-user_7279210
pd-user_8398809
pd-user_9557429
pd-user_4603462
pd-user_6205858
pd-user_3498003
pd-user_9617380
pd-user_137635
pd-user_8159855
pd-user_7122039
pd-user_2797424
pd-user_8409485
pd-user_970852
pd-user_43703
pd-user_2156407
pd-user_8053744
pd-user_1525800
pd-user_5164674
pd-user_8546461
pd-user_2250218
pd-user_4701179
pd-user_3185761
pd-user_476867
pd-user_8454303
pd-user_7783925
pd-user_100911
pd-user_1006207
pd-user_116201
pd-user_5495409
pd-user_91586
pd-user_1227836
pd-user_8143220
pd-user_5295335
pd-user_7592339
pd-user_3462694
pd-user_2248538
pd-user_2125254
pd-user_5647443
pd-user_4265828
pd-user_6349465
pd-user_9091276
pd-user_4980129
pd-user_1665416
pd-user_5376213
pd-user_9950335
pd-user_1130519
pd-user_6121148
pd-user_9942608
pd-user_6789348
pd-user_9840119
pd-user_5783001
pd-user_16130
pd-user_3551598
pd-user_7626967
pd-user_9800462
pd-user_9877606
pd-user_8653049
pd-user_3501812
pd-user_1895787
pd-user_409656
pd-user_6587204
pd-user_2251839
pd-user_1449557
pd-user_9476070
pd-user_1947904
pd-user_3300112
pd-user_9833293
pd-user_8323652
pd-user_4507624
pd-user_3928728
pd-user_1708986
pd-user_1220594
pd-user_6581856
pd-user_7665649
pd-user_3418373
pd-user_3021948
pd-user_8653223
pd-user_7475658
pd-user_7452310
pd-user_445408
pd-user_2090906
pd-user_4141069
pd-user_8675631
pd-user_5998278
pd-user_1160191
pd-user_5578966
pd-user_6995328
pd-user_1234
pd-user_9126750
pd-user_4616923
pd-user_1265829
pd-user_90115
pd-user_2272966
pd-user_5004384
pd-user_3130259
pd-user_8059067
pd-user_7184711
pd-user_71988
pd-user_2124761
pd-user_2153654
pd-user_1803484
pd-user_6079764
pd-user_4006052
pd-user_3305053
pd-user_805048
pd-user_9459562
pd-user_6886197
pd-user_8504980
pd-user_1752925
pd-user_8955960
pd-user_6178120
pd-user_4095104
pd-user_7615156
pd-user_2207869
pd-user_2002308
pd-user_9900178
pd-user_4647354
pd-user_6854924
pd-user_9616357
pd-user_9809777
pd-user_287086
pd-user_6986160
pd-user_9689652
pd-user_2729132
pd-user_6074519
pd-user_4502919
pd-user_885868
pd-user_1243930
pd-user_9233486
pd-user_8772234
pd-user_5306206
pd-user_7731330
pd-user_1211418
pd-user_6438226
pd-user_2081749
pd-user_6664188
pd-user_442535
pd-user_4292579
pd-user_8699565
pd-user_6529357
pd-user_4319322
pd-user_2187374
pd-user_5778784
pd-user_8522654
pd-user_996221
pd-user_6579336
pd-user_307055
pd-user_8303365
pd-user_8799936
pd-user_715904
pd-user_8618112
pd-user_4606319
pd-user_5114405
pd-user_8315661
pd-user_5282870
pd-user_368595
pd-user_156654
pd-user_7246033
pd-user_1329992
pd-user_5403403
pd-user_1402837
pd-user_5382370
pd-user_4608189
pd-user_3270718
pd-user_1453616
pd-user_2813611
pd-user_715841
pd-user_5060055
pd-user_9843073
pd-user_3050238
pd-user_8219478
pd-user_4918652
pd-user_665833
pd-user_754601
pd-user_8849171
pd-user_1406862
pd-user_3986502
pd-user_9981740
pd-user_1356777
pd-user_2296128
pd-user_9422898
pd-user_6868900
pd-user_7865305
pd-user_4698125
pd-user_8811540
pd-user_2481062
pd-user_7046769
pd-user_5354989
pd-user_3785981
pd-user_4717147
pd-user_6861205
pd-user_7643438
pd-user_2434203
pd-user_9660283
pd-user_3797980
pd-user_9080662
pd-user_909951
pd-user_5458820
pd-user_9551929
pd-user_2367221
pd-user_1112424
pd-user_3328721
pd-user_756405
pd-user_9251079
pd-user_6376687
pd-user_6956862
pd-user_7412376
pd-user_6289117
pd-user_6267679
pd-user_3498113
pd-user_7696600
pd-user_1943254
pd-user_2085896
pd-user_6502360
pd-user_1343816
pd-user_1739424
pd-user_1517180
pd-user_4100771
pd-user_7610346
pd-user_6706520
pd-user_2347496
pd-user_9574329
pd-user_2473282
pd-user_520332
pd-user_9494203
pd-user_9745726
pd-user_9787389
pd-user_390892
pd-user_4262541
pd-user_3877769
pd-user_7934514
pd-user_9169860
pd-user_8889853
pd-user_6744866
pd-user_9176284
pd-user_9148677
pd-user_2138457
pd-user_9170827
pd-user_9038330
pd-user_3498915
pd-user_5033976
pd-user_6949796
pd-user_1519698
pd-user_9030581
pd-user_8476507
pd-user_758582
pd-user_4844626
pd-user_109102
pd-user_9376830
pd-user_8320494
pd-user_8268860
pd-user_9554208
pd-user_5460728
pd-user_1018039
pd-user_5531592
pd-user_9405418
pd-user_6291848
pd-user_5052189
pd-user_2873466
pd-user_8885330
pd-user_4272376
pd-user_3838370
pd-user_9435516
pd-user_9432013
pd-user_7064868
pd-user_7312476
pd-user_5815061
pd-user_5333221
pd-user_325902
pd-user_1628442
pd-user_8931817
pd-user_2397981
pd-user_34283
pd-user_8558825
pd-user_7102165
pd-user_808505
pd-user_6522052
pd-user_5055089
pd-user_1030134
pd-user_9048588
pd-user_6522572
pd-user_958792
pd-user_1305101
pd-user_7335798
pd-user_1316657
pd-user_8754856
pd-user_8693178
pd-user_889340
pd-user_4544847
pd-user_771429
pd-user_6097366
pd-user_3789389
pd-user_976127
pd-user_1377879
pd-user_9684071
pd-user_5159394
pd-user_2790516
pd-user_2068583
pd-user_1511492
pd-user_4942513
pd-user_830620
pd-user_5811066
pd-user_5304458
pd-user_4902976
pd-user_4971039
pd-user_5972060
pd-user_7680820
pd-user_2057610
pd-user_1778192
pd-user_9976394
pd-user_2800416
pd-user_4933988
pd-user_8454383
pd-user_4419645
pd-user_3674402
pd-user_3689348
pd-user_7997204
pd-user_205556
pd-user_8171321
pd-user_1051198
pd-user_3261257
pd-user_9889515
pd-user_2403064
pd-user_7734305
pd-user_4558113
pd-user_5208901
pd-user_38520
pd-user_1505990
pd-user_9319419
pd-user_355404
pd-user_8748826
pd-user_9019147
pd-user_1460709
pd-user_9142674
pd-user_6779961
pd-user_3422266
pd-user_3787743
pd-user_4274138
pd-user_7148301
pd-user_3154647
pd-user_8396591
pd-user_9328746
pd-user_7589671
pd-user_4325865
pd-user_480655
pd-user_176632
pd-user_542196
pd-user_6042437
pd-user_2761446
pd-user_6464425
pd-user_2777997
pd-user_1331541
pd-user_7373564
pd-user_9057973
pd-user_8720267
pd-user_6400642
pd-user_1559500
pd-user_1066701
pd-user_8606816
pd-user_2533873
pd-user_1470466
pd-user_7754810
pd-user_7713825
pd-user_875069
pd-user_2926963
pd-user_2219016
pd-user_9881495
pd-user_5623670
pd-user_6690657
pd-user_2869361
pd-user_1528758
pd-user_2651625
pd-user_1192198
pd-user_8090602
pd-user_5901168
pd-user_6181841
pd-user_3661150
pd-user_4917768
pd-user_9498514
pd-user_1350726
pd-user_4087349
pd-user_7764335
pd-user_8418210
pd-user_9204749
pd-user_859144
pd-user_6550912
pd-user_3593728
pd-user_5299811
pd-user_6732962
pd-user_1891983
pd-user_4147869
pd-user_8032282
pd-user_3979234
pd-user_2593778
pd-user_1577254
pd-user_1077015
pd-user_9791691
pd-user_6177702
pd-user_4921626
pd-user_5839865
pd-user_4870299
pd-user_8815073
pd-user_6687406
pd-user_7767310
pd-user_3909390
pd-user_6273453
pd-user_108257
pd-user_9618156
pd-user_2659529
pd-user_2213898
pd-user_1348626
pd-user_8261697
pd-user_7523791
pd-user_8465452
pd-user_3303030
pd-user_4955367
pd-user_4610785
pd-user_8840467
pd-user_2241510
pd-user_8619769
pd-user_8401517
pd-user_3964993
pd-user_2577566
pd-user_672428
pd-user_3911095
pd-user_4825674
pd-user_9366702
pd-user_8460735
pd-user_1119311
pd-user_6196330
pd-user_9704807
pd-user_3601470
pd-user_7721770
pd-user_939370
pd-user_5986160
pd-user_2558477
pd-user_9068747
pd-user_6249819
pd-user_7285022
pd-user_2753128
pd-user_472254
pd-user_4612513
pd-user_2972739
pd-user_874573
pd-user_7319499
pd-user_6986963
pd-user_8170746
pd-user_4291483
pd-user_594239
pd-user_7183381
pd-user_555240
pd-user_2429079
pd-user_5955641
pd-user_1002627
pd-user_6925457
pd-user_6905213
pd-user_2988877
pd-user_335301
pd-user_5175364
pd-user_3751265
pd-user_586358
pd-user_7380011
pd-user_1443372
pd-user_248065
pd-user_7698108
pd-user_9579855
pd-user_3172850
pd-user_175312
pd-user_866280
pd-user_7337477
pd-user_7274081
pd-user_3999772
pd-user_783232
pd-user_6137667
pd-user_1938195
pd-user_5155218
pd-user_4825424
pd-user_7432366
pd-user_6958909
pd-user_5550800
pd-user_621917
pd-user_3289589
pd-user_7780049
pd-user_429712
pd-user_838185
pd-user_2234198
pd-user_6229385
pd-user_9852509
pd-user_9894467
pd-user_7141954
pd-user_2132888
pd-user_1011930
pd-user_4676811
pd-user_540281
pd-user_3998449
pd-user_9309446
pd-user_5879328
pd-user_8492542
pd-user_6872328
pd-user_8307123
pd-user_9372116
pd-user_7187230
pd-user_1692223
pd-user_6847039
pd-user_8199742
pd-user_9003638
pd-user_8243567
pd-user_3211977
pd-user_9423613
pd-user_14519
pd-user_3465579
pd-user_6715572
pd-user_755192
pd-user_523615
pd-user_7101951
pd-user_312349
pd-user_8597154
pd-user_2837825
pd-user_5331226
pd-user_7052792
pd-user_7814375
pd-user_7864170
pd-user_8318961
pd-user_7169327
pd-user_2671858
pd-user_763823
pd-user_8952366
pd-user_6270479
pd-user_9477088
pd-user_2904201
pd-user_8555408
pd-user_8466185
pd-user_1651793
pd-user_4233962
pd-user_2695206
pd-user_7976122
pd-user_5008125
pd-user_223404
pd-user_3642806
pd-user_2595641
pd-user_4133407
pd-user_5618272
pd-user_9589757
pd-user_4588201
pd-user_8080499
pd-user_7240860
pd-user_7458101
pd-user_4585163
pd-user_8022706
pd-user_2492579
pd-user_8168049
pd-user_7130441
pd-user_5845414
pd-user_3700436
pd-user_7076614
pd-user_7565953
pd-user_784465
pd-user_5449556
pd-user_2198060
pd-user_8922047
pd-user_3329253
pd-user_7227793
pd-user_276716
pd-user_8806942
pd-user_5963669
pd-user_7365190
pd-user_3875843
pd-user_2094117
pd-user_6042916
pd-user_2342703
pd-user_4021509
pd-user_9551086
pd-user_5641708
pd-user_4526519
pd-user_8825793
pd-user_8178349
pd-user_9646604
pd-user_1910243
pd-user_7169765
pd-user_4127450
pd-user_5879765
pd-user_160783
pd-user_2877809
pd-user_1524822
pd-user_5602461
pd-user_2561187
pd-user_2406467
pd-user_7982990
pd-user_6377484
pd-user_3442307
pd-user_8507917
pd-user_7627834
pd-user_1832545
pd-user_5907989
pd-user_7559966
pd-user_1519481
pd-user_9758604
pd-user_3924366
pd-user_4817250
pd-user_4911437
pd-user_350060
pd-user_3505738
pd-user_4074419
pd-user_9850322
pd-user_1919072
pd-user_1984745
pd-user_5108148
pd-user_7462637
pd-user_1592884
pd-user_2344952
pd-user_6258777
pd-user_2759166
pd-user_5472172
pd-user_1107007
pd-user_9383160
pd-user_8160389
pd-user_1279350
pd-user_711024
pd-user_8977881
pd-user_777784
pd-user_8017254
pd-user_3060403
pd-user_5330679
pd-user_6891249
pd-user_1162192
pd-user_2998048
pd-user_6477161
pd-user_5492058
pd-user_8205990
pd-user_1445219
pd-user_9186826
pd-user_3669340
pd-user_3810998
pd-user_3349838
pd-user_6060633
pd-user_9564344
pd-user_5037436
pd-user_7243060
pd-user_3112090
pd-user_704420
pd-user_99718
pd-user_6611438
pd-user_5436865
pd-user_2675044
pd-user_3059117
pd-user_1669680
pd-user_8003333
pd-user_2883498
pd-user_1711626
pd-user_2501696
pd-user_4869691
pd-user_3395658
pd-user_7817566
pd-user_7946950
pd-user_761242
pd-user_8369447
pd-user_1036915
pd-user_4303922
pd-user_8339542
pd-user_228539
pd-user_3166016
pd-user_7574336
pd-user_5793233
pd-user_6046989
pd-user_8659853
pd-user_3583062
pd-user_7375869
pd-user_1401108
pd-user_2827038
pd-user_1938088
pd-user_580501
pd-user_3021205
pd-user_8191434
pd-user_5868255
pd-user_6303343
pd-user_1324682
pd-user_1294532
pd-user_6093531
pd-user_7109570
pd-user_2689027
pd-user_5697380
pd-user_8288638
pd-user_4040675
pd-user_8280776
pd-user_4133370
pd-user_482971
pd-user_6372032
pd-user_8869371
pd-user_7429454
pd-user_5070093
pd-user_9813056
pd-user_9677496
pd-user_680004
pd-user_9654400
pd-user_572354
pd-user_3653656
pd-user_1293463
pd-user_2282171
pd-user_9906833
pd-user_6777848
pd-user_4871824
pd-user_42660
pd-user_4890194
pd-user_7666203
pd-user_6843124
pd-user_206280
pd-user_3750072
pd-user_1304666
pd-user_6393543
pd-user_2765706
pd-user_3828665
pd-user_3676289
pd-user_8905873
pd-user_4207245
pd-user_3440552
pd-user_9385494
pd-user_8651542
pd-user_6457369
pd-user_1357698
pd-user_8090329
pd-user_4200507
pd-user_8498561
pd-user_4502258
pd-user_3998057
pd-user_6655517
pd-user_2664814
pd-user_1835584
pd-user_5404890
pd-user_1116116
pd-user_9687258
pd-user_3486632
pd-user_5652088
pd-user_2193601
pd-user_2660900
pd-user_2840157
pd-user_633490
pd-user_6007879
pd-user_551201
pd-user_1526422
pd-user_9072188
pd-user_860850
pd-user_1428108
pd-user_399318
pd-user_5641366
pd-user_7762188
pd-user_3860153
pd-user_1602829
pd-user_9179753
pd-user_3263748
pd-user_9327833
pd-user_1484640
pd-user_5605681
pd-user_5567066
pd-user_1807426
pd-user_8133560
pd-user_7921964
pd-user_5595186
pd-user_6773440
pd-user_2891753
pd-user_2829747
pd-user_2928781
pd-user_4714507
pd-user_7320825
pd-user_4929017
pd-user_4270306
pd-user_6542363
pd-user_2719320
pd-user_9955627
pd-user_9721115
pd-user_5373588
pd-user_5955646
pd-user_1828801
pd-user_6531382
pd-user_6700469
pd-user_1070260
pd-user_5605938
pd-user_7882899
pd-user_9520780
pd-user_2898209
pd-user_2602234
pd-user_2088302
pd-user_3225235
pd-user_1169514
pd-user_2520113
pd-user_6963457
pd-user_7065162
pd-user_1007126
pd-user_3539520
pd-user_7582197
pd-user_5157703
pd-user_3727125
pd-user_7636284
pd-user_8055663
pd-user_3764187
pd-user_3075284
pd-user_5332102
pd-user_5969719
pd-user_4779013
pd-user_5189677
pd-user_9995991
pd-user_1335661
pd-user_1330855
pd-user_5998171
pd-user_3551936
pd-user_5511936
pd-user_9024287
pd-user_6189846
pd-user_8416552
pd-user_127097
pd-user_4525226
pd-user_3544158
pd-user_4948114
pd-user_4697947
pd-user_7649765
pd-user_6809920
pd-user_5134520
pd-user_2639029
pd-user_5645714
pd-user_5565575
pd-user_7486141
pd-user_7626194
pd-user_4056134
pd-user_4555497
pd-user_9199404
pd-user_1774119
pd-user_6166239
pd-user_4358319
pd-user_8286219
pd-user_5954942
pd-user_1679028
pd-user_4717841
pd-user_8489789
pd-user_889115
pd-user_5498484
pd-user_2056793
pd-user_9926465
pd-user_6163580
pd-user_7185377
pd-user_2612841
pd-user_3168460
pd-user_8726105
pd-user_7233808
pd-user_7562974
pd-user_5149789
pd-user_2052478
pd-user_3887022
pd-user_7711364
pd-user_8034516
pd-user_672686
pd-user_3880728
pd-user_6147101
pd-user_4434508
pd-user_9859055
pd-user_6769453
pd-user_8566606
pd-user_8371272
pd-user_4762581
pd-user_5499866
pd-user_8721989
pd-user_4021775
pd-user_3308708
pd-user_6372166
pd-user_5761157
pd-user_4556572
pd-user_4082954
pd-user_3944254
pd-user_6675725
pd-user_9089778
pd-user_9970461
pd-user_4670352
pd-user_1550725
pd-user_7017870
pd-user_754508
pd-user_5318418
pd-user_7336647
pd-user_5235502
pd-user_3076516
pd-user_3883003
pd-user_7311125
pd-user_1331932
pd-user_6320751
pd-user_5598453
pd-user_2141796
pd-user_7584038
pd-user_1207915
pd-user_1085559
pd-user_7454698
pd-user_4534336
pd-user_6243521
pd-user_1625849
pd-user_7809128
pd-user_6548766
pd-user_607353
pd-user_8422822
pd-user_9053928
pd-user_6146296
pd-user_5611194
pd-user_8784048
pd-user_5104633
pd-user_8958195
pd-user_255298
pd-user_9819292
pd-user_8340243
pd-user_9073167
pd-user_9946312
pd-user_9226114
pd-user_3391587
pd-user_8176071
pd-user_2834799
pd-user_2961053
pd-user_7818331
pd-user_9570299
pd-user_2597465
pd-user_886878
pd-user_7212191
pd-user_4275302
pd-user_2698262
pd-user_3839054
pd-user_2675439
pd-user_332296
pd-user_533117
pd-user_4527857
pd-user_7808502
pd-user_1905457
pd-user_2571495
pd-user_8675198
pd-user_4704805
pd-user_7673296
pd-user_8070933
pd-user_6648338
pd-user_1558067
pd-user_9105114
pd-user_8265622
pd-user_6874419
pd-user_1376067
pd-user_3137551
pd-user_1017895
pd-user_404484
pd-user_22041
pd-user_5489376
pd-user_8283103
pd-user_3475996
pd-user_3776448
pd-user_7612949
pd-user_8816646
pd-user_6247149
pd-user_8776023
pd-user_4188427
pd-user_4938746
pd-user_4291216
pd-user_6517028
pd-user_3550275
pd-user_6720549
pd-user_3136673
pd-user_6408565
pd-user_3942330
pd-user_1919212
pd-user_500664
pd-user_1263
pd-user_4086440
pd-user_2231809
pd-user_7441584
pd-user_2691830
pd-user_851072
pd-user_9873720
pd-user_4199318
pd-user_8978712
pd-user_9846853
pd-user_7888689
pd-user_3285839
pd-user_9607942
pd-user_2942984
pd-user_8926811
pd-user_6724870
pd-user_2063813
pd-user_6048947
pd-user_1769682
pd-user_8720032
pd-user_9810006
pd-user_4291533
pd-user_2338500
pd-user_1141533
pd-user_2278084
pd-user_2644223
pd-user_8662131
pd-user_6059144
pd-user_2906037
pd-user_1427901
pd-user_5808982
pd-user_8421675
pd-user_5166276
pd-user_3654420
pd-user_5090943
pd-user_7825048
pd-user_4221575
pd-user_9601558
pd-user_6486371
pd-user_4602701
pd-user_933254
pd-user_8794236
pd-user_5528838
pd-user_7604810
pd-user_8806345
pd-user_6874065
pd-user_6938791
pd-user_1217356
pd-user_2897334
pd-user_7390926
pd-user_939432
pd-user_8204360
pd-user_5441819
pd-user_3758378
pd-user_3154736
pd-user_2764769
pd-user_5414679
pd-user_7786505
pd-user_9734389
pd-user_4127058
pd-user_4299955
pd-user_615791
pd-user_3101637
pd-user_7226031
pd-user_1934696
pd-user_8722961
pd-user_3029784
pd-user_3681817
pd-user_946926
pd-user_3387067
pd-user_373683
pd-user_9797060
pd-user_709916
pd-user_333935
pd-user_1109649
pd-user_271952
pd-user_4869213
pd-user_7844393
pd-user_6149736
pd-user_1126757
pd-user_5805829
pd-user_421509
pd-user_1510931
pd-user_8628028
pd-user_8074033
pd-user_9999148
pd-user_1603694
pd-user_2643881
pd-user_5269615
pd-user_4530690
pd-user_3184382
pd-user_1218183
pd-user_9826877
pd-user_3576787
pd-user_7593589
pd-user_2528950
pd-user_4264749
pd-user_4789843
pd-user_4990480
pd-user_4499953
pd-user_9197734
pd-user_5119611
pd-user_4051808
pd-user_5771073
pd-user_7157457
pd-user_5615451
pd-user_3776814
pd-user_2092337
pd-user_6346666
pd-user_5757784
pd-user_5146643
pd-user_6879742
pd-user_4371814
pd-user_4981458
pd-user_9838676
pd-user_296637
pd-user_3938507
pd-user_1340290
pd-user_7392631
pd-user_3832771
pd-user_8105039
pd-user_9915232
pd-user_6581218
pd-user_1896489
pd-user_3332829
pd-user_5436153
pd-user_7810840
pd-user_653065
pd-user_7834790
pd-user_9003878
pd-user_7477784
pd-user_1707124
pd-user_4906906
pd-user_8342142
pd-user_9383919
pd-user_714841
pd-user_6215046
pd-user_1576967
pd-user_6112557
pd-user_6154582
pd-user_6695950
pd-user_6183285
pd-user_9588505
pd-user_6883662
pd-user_4910915
pd-user_9919646
pd-user_4157563
pd-user_219009
pd-user_3815512
pd-user_3263505
pd-user_2941606
pd-user_4166782
pd-user_3722515
pd-user_2001684
pd-user_8444795
pd-user_5460347
pd-user_128294
pd-user_2196315
pd-user_6141448
pd-user_8916182
pd-user_7896345
pd-user_2981283
pd-user_2889999
pd-user_8371196
pd-user_9855749
pd-user_4811114
pd-user_7630625
pd-user_5115596
pd-user_6996678
pd-user_9260038
pd-user_8868004
pd-user_7745266
pd-user_9071296
pd-user_9910537
pd-user_7738837
pd-user_2819475
pd-user_5553449
pd-user_9605597
pd-user_3156377
pd-user_9831767
pd-user_122178
pd-user_5291413
pd-user_4148836
pd-user_9890518
pd-user_8903920
pd-user_2236899
pd-user_7252882
pd-user_770938
pd-user_6654448
pd-user_3925170
pd-user_6084330
pd-user_8672712
pd-user_4861730
pd-user_1562164
pd-user_1055621
pd-user_1489513
pd-user_3481241
pd-user_1084722
pd-user_6078714
pd-user_2617790
pd-user_5436100
pd-user_5611966
pd-user_2263641
pd-user_7763449
pd-user_3910358
pd-user_9548793
pd-user_3499058
pd-user_2414172
pd-user_8533775
pd-user_1760610
pd-user_5485882
pd-user_9365402
pd-user_2997410
pd-user_8114777
pd-user_9849261
pd-user_5706028
pd-user_2076460
pd-user_7442724
pd-user_7935892
pd-user_8756214
pd-user_4300434
pd-user_5215781
pd-user_7001133
pd-user_2224029
pd-user_2102047
pd-user_6796697
pd-user_1013378
pd-user_6545319
pd-user_1899242
pd-user_9596201
pd-user_6209549
pd-user_6550006
pd-user_8580971
pd-user_9296366
pd-user_8880037
pd-user_1330467
pd-user_6317342
pd-user_8011185
pd-user_2931573
pd-user_3546526
pd-user_6603165
pd-user_7006825
pd-user_6252195
pd-user_3131417
pd-user_9205760
pd-user_3844917
pd-user_3250161
pd-user_8634176
pd-user_3384828
pd-user_4260845
pd-user_2923236
pd-user_4465005
pd-user_1324320
pd-user_5931157
pd-user_8791275
pd-user_4025735
pd-user_295088
pd-user_3867963
pd-user_7769721
pd-user_4827496
pd-user_1094469
pd-user_7201832
pd-user_6586028
pd-user_3013964
pd-user_9361907
pd-user_2781305
pd-user_1991945
pd-user_2421235
pd-user_671975
pd-user_4296530
pd-user_4003705
pd-user_8516832
pd-user_4943584
pd-user_3517895
pd-user_2058263
pd-user_8878575
pd-user_4741813
pd-user_4623093
pd-user_8290690
pd-user_9442805
pd-user_2659469
pd-user_4561957
pd-user_8666205
pd-user_2223149
pd-user_3818174
pd-user_9125045
pd-user_4219907
pd-user_8020651
pd-user_7603792
pd-user_4009185
pd-user_9720905
pd-user_160100
pd-user_3087435
pd-user_9972592
pd-user_8193501
pd-user_3916046
pd-user_444236
pd-user_4607396
pd-user_5375821
pd-user_5117024
pd-user_5450401
pd-user_8285482
pd-user_7443718
pd-user_2483170
pd-user_9967080
pd-user_4792237
pd-user_5286690
pd-user_7516889
pd-user_8975996
pd-user_9556574
pd-user_1611666
pd-user_6005002
pd-user_6763658
pd-user_5548081
pd-user_9939431
pd-user_3125832
pd-user_4772786
pd-user_9819411
pd-user_3807525
pd-user_9938198
pd-user_902580
pd-user_2345787
pd-user_8540132
pd-user_9039640
pd-user_9080193
pd-user_6683893
pd-user_1971934
pd-user_5951007
pd-user_3843601
pd-user_8940301
pd-user_2184733
pd-user_6964368
pd-user_177096
pd-user_9428285
pd-user_2962529
pd-user_6585790
pd-user_6283629
pd-user_8579295
pd-user_6499059
pd-user_2838763
pd-user_1915530
pd-user_515969
pd-user_2657525
pd-user_1424758
pd-user_4334744
pd-user_8166860
pd-user_9849044
pd-user_2559285
pd-user_8442237
pd-user_4537059
pd-user_4669590
pd-user_4732651
pd-user_1255251
pd-user_2005745
pd-user_2728645
pd-user_9690006
pd-user_3899898
pd-user_1757398
pd-user_4793029
pd-user_4895376
pd-user_318341
pd-user_4656203
pd-user_7453845
pd-user_4468572
pd-user_9961361
pd-user_2369909
pd-user_6618301
pd-user_6662563
pd-user_3425716
pd-user_7938998
pd-user_2377630
pd-user_6618877
pd-user_3256953
pd-user_1520671
pd-user_3034999
pd-user_8958674
pd-user_6898786
pd-user_8513119
pd-user_6721207
pd-user_877846
pd-user_9173616
pd-user_2512814
pd-user_782493
pd-user_5940444
pd-user_3010364
pd-user_5973055
pd-user_1383171
pd-user_1004111
pd-user_2292272
pd-user_6212845
pd-user_4279145
pd-user_7003291
pd-user_3515070
pd-user_7246006
pd-user_4336382
pd-user_5672431
pd-user_3495649
pd-user_3669378
pd-user_224640
pd-user_2223806
pd-user_7314961
pd-user_8277696
pd-user_3856765
pd-user_3347259
pd-user_9214190
pd-user_7510032
pd-user_78311
pd-user_1532342
pd-user_5691370
pd-user_3523923
pd-user_5231753
pd-user_1589208
pd-user_4799271
pd-user_1462678
pd-user_3170401
pd-user_1467380
pd-user_981716
pd-user_6583647
pd-user_3151940
pd-user_6825433
pd-user_6233778
pd-user_2985578
pd-user_3416319
pd-user_718809
pd-user_3801819
pd-user_5357921
pd-user_3833403
pd-user_7303805
pd-user_6445479
pd-user_9920849
pd-user_7033744
pd-user_9604360
pd-user_3378807
pd-user_9505482
pd-user_5159643
pd-user_1901143
pd-user_6357186
pd-user_6402285
pd-user_389708
pd-user_870449
pd-user_4347800
pd-user_8302681
pd-user_618063
pd-user_312942
pd-user_3208031
pd-user_8904140
pd-user_159949
pd-user_8765097
pd-user_730618
pd-user_9098885
pd-user_3485964
pd-user_6784194
pd-user_920233
pd-user_8803935
pd-user_703840
pd-user_7772711
pd-user_964505
pd-user_1536361
pd-user_5670581
pd-user_684585
pd-user_8180665
pd-user_3794079
pd-user_9530167
pd-user_9245513
pd-user_4146186
pd-user_7576814
pd-user_8589339
pd-user_2331724
pd-user_5974152
pd-user_5037119
pd-user_7184229
pd-user_5151546
pd-user_4414899
pd-user_2760873
pd-user_9675269
pd-user_6177559
pd-user_9472250
pd-user_992412
pd-user_12650
pd-user_7754715
pd-user_4946932
pd-user_9314731
pd-user_6381193
pd-user_8323247
pd-user_1411563
pd-user_1699363
pd-user_6318026
pd-user_1596385
pd-user_114565
pd-user_9022589
pd-user_2127212
pd-user_6241495
pd-user_9642419
pd-user_4457442
pd-user_3101016
pd-user_8624543
pd-user_1023972
pd-user_8878211
pd-user_9075428
pd-user_8028781
pd-user_5790262
pd-user_6571356
pd-user_4210199
pd-user_9900600
pd-user_2560797
pd-user_966347
pd-user_372270
pd-user_7638077
pd-user_6241628
pd-user_5354812
pd-user_8098100
pd-user_6520733
pd-user_4029376
pd-user_2106798
pd-user_6514211
pd-user_3537025
pd-user_5383754
pd-user_4952606
pd-user_1908702
pd-user_1581789
pd-user_7686350
pd-user_6793780
pd-user_7919583
pd-user_1531287
pd-user_8995679
pd-user_809644
pd-user_1463712
pd-user_79812
pd-user_6469873
pd-user_251070
pd-user_8087160
pd-user_1210384
pd-user_7511152
pd-user_2721581
pd-user_3742232
pd-user_4190832
pd-user_885529
pd-user_3846800
pd-user_362605
pd-user_7937697
pd-user_5726354
pd-user_324788
pd-user_4502369
pd-user_8811476
pd-user_5386168
pd-user_3180387
pd-user_3070775
pd-user_4902552
pd-user_7739797
pd-user_224695
pd-user_7083944
pd-user_1066127
pd-user_7661125
pd-user_3652789
pd-user_3937095
pd-user_2292557
pd-user_1738340
pd-user_5882779
pd-user_7194679
pd-user_6671927
pd-user_2547167
pd-user_87170
pd-user_7606335
pd-user_6727689
pd-user_5322742
pd-user_5516059
pd-user_9309733
pd-user_7373704
pd-user_9444243
pd-user_7746488
pd-user_911212
pd-user_5625842
pd-user_8535256
pd-user_9236255
pd-user_3753670
pd-user_4593058
pd-user_5921425
pd-user_1496290
pd-user_6593461
pd-user_6348571
pd-user_5319377
pd-user_8877564
pd-user_36061
pd-user_3927882
pd-user_8731036
pd-user_4215958
pd-user_8226746
pd-user_6620817
pd-user_6746371
pd-user_2653364
pd-user_9328290
pd-user_3194082
pd-user_5523685
pd-user_348596
pd-user_2857710
pd-user_9462991
pd-user_9025049
pd-user_3804686
pd-user_5743965
pd-user_7130361
pd-user_5837376
pd-user_274737
pd-user_3905243
pd-user_8583230
pd-user_8304858
pd-user_4570977
pd-user_9912414
pd-user_2606058
pd-user_1476621
pd-user_4497135
pd-user_8668611
pd-user_3283866
pd-user_3517025
pd-user_9347286
pd-user_6568776
pd-user_8403496
pd-user_1586006
pd-user_7330806
pd-user_5697166
pd-user_6785173
pd-user_8721015
pd-user_7101593
pd-user_9846802
pd-user_7445610
pd-user_8222376
pd-user_9174768
pd-user_7994383
pd-user_6428175
pd-user_3720192
pd-user_9256487
pd-user_4144950
pd-user_7020224
pd-user_3677763
pd-user_6689643
pd-user_8292360
pd-user_4582628
pd-user_121814
pd-user_204141
pd-user_6364326
pd-user_1640613
pd-user_4690527
pd-user_4667718
pd-user_8252399
pd-user_2212717
pd-user_5743978
pd-user_9807995
pd-user_1827841
pd-user_8358989
pd-user_8668578
pd-user_702300
pd-user_3112737
pd-user_2798259
pd-user_7072946
pd-user_4811201
pd-user_6144812
pd-user_8370133
pd-user_1541555
pd-user_17104
pd-user_8999876
pd-user_7108100
pd-user_775873
pd-user_1104659
pd-user_3607218
pd-user_7309595
pd-user_8716186
pd-user_8613217
pd-user_3945304
pd-user_9994466
pd-user_2140940
pd-user_74274
pd-user_4263505
pd-user_4241736
pd-user_619694
pd-user_7143801
pd-user_5007936
pd-user_233775
pd-user_3569758
pd-user_4689489
pd-user_1641927
pd-user_1454203
pd-user_7631322
pd-user_5148179
pd-user_1064730
pd-user_4416417
pd-user_2986293
pd-user_7683017
pd-user_9950506
pd-user_6003718
pd-user_4625982
pd-user_6553262
pd-user_8724300
pd-user_8265334
pd-user_6380937
pd-user_6654293
pd-user_8162701
pd-user_2256532
pd-user_9193807
pd-user_4569801
pd-user_61948
pd-user_265894
pd-user_7984406
pd-user_6434140
pd-user_1668268
pd-user_6562941
pd-user_6075200
pd-user_7661508
pd-user_3744444
pd-user_5482046
pd-user_9754051
pd-user_8894730
pd-user_7203764
pd-user_9803602
pd-user_8063823
pd-user_9719394
pd-user_2688768
pd-user_4781587
pd-user_9375616
pd-user_2753543
pd-user_4485093
pd-user_6918633
pd-user_7270826
pd-user_760945
pd-user_2911955
pd-user_8736421
pd-user_9864134
pd-user_6034648
pd-user_7324129
pd-user_8188725
pd-user_3408130
pd-user_8055917
pd-user_6462263
pd-user_7203052
pd-user_9334388
pd-user_2563711
pd-user_3622661
pd-user_7439333
pd-user_5140520
pd-user_270737
pd-user_2256368
pd-user_2177820
pd-user_1078127
pd-user_7220237
pd-user_6432106
pd-user_9380705
pd-user_9738984
pd-user_5737860
pd-user_4735805
pd-user_1618157
pd-user_9781859
pd-user_9130091
pd-user_7250574
pd-user_9994307
pd-user_5903753
pd-user_7271559
pd-user_6819315
pd-user_2027970
pd-user_5898836
pd-user_6149880
pd-user_4556873
pd-user_9720025
pd-user_7513731
pd-user_3524946
pd-user_7840138
pd-user_8723424
pd-user_6784030
pd-user_7252093
pd-user_3412219
pd-user_7123687
pd-user_1664976
pd-user_2668356
pd-user_1363079
pd-user_9221926
pd-user_9339396
pd-user_7488706
pd-user_3965971
pd-user_9125418
pd-user_6813174
pd-user_5966871
pd-user_5414342
pd-user_3914793
pd-user_368171
pd-user_8321709
pd-user_4060642
pd-user_9765626
pd-user_3681648
pd-user_785290
pd-user_2592328
pd-user_8855011
pd-user_4363752
pd-user_2896537
pd-user_4441065
pd-user_4178001
pd-user_167337
pd-user_8295845
pd-user_4818844
pd-user_3269876
pd-user_9583922
pd-user_1144070
pd-user_6373926
pd-user_8790176
pd-user_558931
pd-user_1377480
pd-user_9892423
pd-user_3131989
pd-user_561598
pd-user_8141780
pd-user_1835946
pd-user_1155076
pd-user_8459127
pd-user_3866623
pd-user_2081293
pd-user_6504452
pd-user_347207
pd-user_9865137
pd-user_6634173
pd-user_1362707
pd-user_6006815
pd-user_7903582
pd-user_5722205
pd-user_1632070
pd-user_6106437
pd-user_1854188
pd-user_2986372
pd-user_3554932
pd-user_1113599
pd-user_7334545
pd-user_1166366
pd-user_976095
pd-user_8615730
pd-user_9097620
pd-user_7376668
pd-user_9961976
pd-user_4226246
pd-user_7381828
pd-user_8487982
pd-user_4443519
pd-user_4325041
pd-user_596811
pd-user_6191418
pd-user_8147131
pd-user_427950
pd-user_9640192
pd-user_4195951
pd-user_2992127
pd-user_1067064
pd-user_2016617
pd-user_9305025
pd-user_1219840
pd-user_8214301
pd-user_2139008
pd-user_7530335
pd-user_9414582
pd-user_8845397
pd-user_3348859
pd-user_4149800
pd-user_8520083
pd-user_4390254
pd-user_769136
pd-user_5672157
pd-user_4046753
pd-user_5553607
pd-user_1757618
pd-user_4693578
pd-user_4480626
pd-user_4671437
pd-user_1622958
pd-user_8474456
pd-user_6319850
pd-user_8227420
pd-user_3507859
pd-user_8701661
pd-user_5716751
pd-user_8868958
pd-user_7368918
pd-user_2271115
pd-user_2036259
pd-user_2764962
pd-user_1532753
pd-user_9308627
pd-user_3375025
pd-user_5344320
pd-user_922606
pd-user_219897
pd-user_2379731
pd-user_2470239
pd-user_3296170
pd-user_4173013
pd-user_3690568
pd-user_2104753
pd-user_7546414
pd-user_1998811
pd-user_3680909
pd-user_7563710
pd-user_4386368
pd-user_2682275
pd-user_8937502
pd-user_301210
pd-user_6376289
pd-user_7809803
pd-user_1760435
pd-user_3595365
pd-user_6908493
pd-user_1091902
pd-user_5620460
pd-user_3545542
pd-user_3296257
pd-user_9556632
pd-user_1262246
pd-user_8633809
pd-user_9769040
pd-user_7456662
pd-user_7688090
pd-user_9953829
pd-user_2688735
pd-user_7370759
pd-user_7964199
pd-user_2748229
pd-user_8932625
pd-user_4603464
pd-user_7027814
pd-user_5270888
pd-user_2842765
pd-user_6419768
pd-user_9475037
pd-user_7628775
pd-user_7277302
pd-user_6280891
pd-user_8115199
pd-user_7059059
pd-user_9884042
pd-user_5243854
pd-user_340300
pd-user_6146123
pd-user_5767469
pd-user_7841461
pd-user_1830662
pd-user_5435017
pd-user_303447
pd-user_5570023
pd-user_5896423
pd-user_8861075
pd-user_6910539
pd-user_1204026
pd-user_6238562
pd-user_189187
pd-user_6193082
pd-user_616738
pd-user_316522
pd-user_736695
pd-user_4624948
pd-user_2597925
pd-user_8387779
pd-user_4532265
pd-user_4652757
pd-user_216378
pd-user_2756887
pd-user_4287378
pd-user_3400199
pd-user_7358687
pd-user_6608339
pd-user_8943149
pd-user_9052816
pd-user_7889495
pd-user_7021924
pd-user_1380827
pd-user_5899815
pd-user_6461118
pd-user_7304717
pd-user_8404611
pd-user_3230797
pd-user_3958634
pd-user_8287735
pd-user_8349003
pd-user_7697510
pd-user_7110396
pd-user_3847351
pd-user_7332286
pd-user_3491964
pd-user_2995326
pd-user_292559
pd-user_149392
pd-user_372558
pd-user_3312259
pd-user_4540217
pd-user_2638890
pd-user_4071904
pd-user_1526696
pd-user_4709687
pd-user_6318277
pd-user_7674993
pd-user_3829060
pd-user_1335470
pd-user_8700192
pd-user_5876909
pd-user_359109
pd-user_6065510
pd-user_6166160
pd-user_2916557
pd-user_7945363
pd-user_6363844
pd-user_4426606
pd-user_4172221
pd-user_7202399
pd-user_2260041
pd-user_1594655
pd-user_3942536
pd-user_8953757
pd-user_9533451
pd-user_2391365
pd-user_8304320
pd-user_409966
pd-user_780519
pd-user_9511984
pd-user_9035298
pd-user_9227678
pd-user_5715798
pd-user_1567728
pd-user_2295467
pd-user_374405
pd-user_2425733
pd-user_6258724
pd-user_8291547
pd-user_3106184
pd-user_1793238
pd-user_106623
pd-user_9274307
pd-user_9902929
pd-user_2353288
pd-user_451232
pd-user_9720908
pd-user_4154973
pd-user_9027789
pd-user_1331401
pd-user_870512
pd-user_1292431
pd-user_3269115
pd-user_8804212
pd-user_9257302
pd-user_5627213
pd-user_9926837
pd-user_7676083
pd-user_1491464
pd-user_6898376
pd-user_1397454
pd-user_8780126
pd-user_3474446
pd-user_1951387
pd-user_9486058
pd-user_9416564
pd-user_9154545
pd-user_9585137
pd-user_673026
pd-user_5199817
pd-user_8677372
pd-user_3068000
pd-user_7435134
pd-user_8789055
pd-user_4725507
pd-user_1267496
pd-user_3791926
pd-user_1787157
pd-user_3502385
pd-user_4810859
pd-user_4055185
pd-user_6011010
pd-user_3437658
pd-user_404523
pd-user_5923883
pd-user_2866628
pd-user_7484542
pd-user_191510
pd-user_1793615
pd-user_8486939
pd-user_7314034
pd-user_8008050
pd-user_4675073
pd-user_5253785
pd-user_5011089
pd-user_7501038
pd-user_2523057
pd-user_4356736
pd-user_9176342
pd-user_6204154
pd-user_7553480
pd-user_2284723
pd-user_2247012
pd-user_4937890
pd-user_6270409
pd-user_4595550
pd-user_3037125
pd-user_6965957
pd-user_347658
pd-user_2548964
pd-user_3560783
pd-user_4210375
pd-user_5838175
pd-user_8782116
pd-user_6506191
pd-user_6873702
pd-user_7837477
pd-user_6684001
pd-user_36798
pd-user_497916
pd-user_2920043
pd-user_6700210
pd-user_5023375
pd-user_4847718
pd-user_5897054
pd-user_4350904
pd-user_794261
pd-user_4558720
pd-user_7472396
pd-user_9676534
pd-user_1030226
pd-user_3913591
pd-user_8106334
pd-user_3205986
pd-user_6695640
pd-user_8069396
pd-user_3672231
pd-user_5888621
pd-user_9382677
pd-user_246373
pd-user_5932510
pd-user_6810625
pd-user_3473697
pd-user_1925379
pd-user_5856985
pd-user_8922270
pd-user_6739292
pd-user_6248490
pd-user_2472896
pd-user_4040961
pd-user_3377307
pd-user_2958524
pd-user_8646376
pd-user_63286
pd-user_2962249
pd-user_6501981
pd-user_6542168
pd-user_4604261
pd-user_4640881
pd-user_9008619
pd-user_1805187
pd-user_3760721
pd-user_3382191
pd-user_9039228
pd-user_8073430
pd-user_8189991
pd-user_6182411
pd-user_8536194
pd-user_3645105
pd-user_3961166
pd-user_5380090
pd-user_3209397
pd-user_1037382
pd-user_6466850
pd-user_712929
pd-user_7673957
pd-user_684571
pd-user_3321084
pd-user_3752915
pd-user_83171
pd-user_7256568
pd-user_4365325
pd-user_2942643
pd-user_2794537
pd-user_7815534
pd-user_6058378
pd-user_2061260
pd-user_4397865
pd-user_9901820
pd-user_9232311
pd-user_7223923
pd-user_7155663
pd-user_1039413
pd-user_8824237
pd-user_4979404
pd-user_9092428
pd-user_7244306
pd-user_8003420
pd-user_4024559
pd-user_3314179
pd-user_3716609
pd-user_7596929
pd-user_2032001
pd-user_8810666
pd-user_4699840
pd-user_5006474
pd-user_2280999
pd-user_9467145
pd-user_8366239
pd-user_2700453
pd-user_5505979
pd-user_357850
pd-user_998020
pd-user_9620744
pd-user_8051819
pd-user_676775
pd-user_3014954
pd-user_5839499
pd-user_7601576
pd-user_8842680
pd-user_5736740
pd-user_9898086
pd-user_1022087
pd-user_4926541
pd-user_7199429
pd-user_5786435
pd-user_1128803
pd-user_2810102
pd-user_6543330
pd-user_7873836
pd-user_6771506
pd-user_4448325
pd-user_131907
pd-user_9196411
pd-user_8369040
pd-user_3230485
pd-user_9378335
pd-user_1603186
pd-user_7458849
pd-user_8625771
pd-user_5698707
pd-user_8785728
pd-user_5144422
pd-user_8911515
pd-user_4565147
pd-user_317169
pd-user_2817502
pd-user_6269611
pd-user_1648635
pd-user_346588
pd-user_1688776
pd-user_323954
pd-user_6844076
pd-user_888193
pd-user_2084585
pd-user_4864415
pd-user_7352451
pd-user_9639222
pd-user_974850
pd-user_35639
pd-user_7621146
pd-user_3954647
pd-user_1336235
pd-user_7308861
pd-user_9836134
pd-user_5843409
pd-user_8915931
pd-user_4463326
pd-user_941256
pd-user_4859389
pd-user_6361701
pd-user_8797754
pd-user_6880079
pd-user_2298923
pd-user_3850018
pd-user_2367038
pd-user_4143360
pd-user_1561560
pd-user_8871031
pd-user_4617359
pd-user_4113982
pd-user_2631117
pd-user_7331140
pd-user_7630282
pd-user_8718160
pd-user_4287339
pd-user_6573046
pd-user_7384835
pd-user_504320
pd-user_7465972
pd-user_6754266
pd-user_492608
pd-user_7105944
pd-user_4622363
pd-user_627616
pd-user_3080763
pd-user_2702431
pd-user_4036114
pd-user_5653948
pd-user_609463
pd-user_7398763
pd-user_1697599
pd-user_1135473
pd-user_92336
pd-user_4869611
pd-user_2719301
pd-user_3615889
pd-user_5676619
pd-user_8086121
pd-user_7406232
pd-user_9313526
pd-user_412230
pd-user_6953700
pd-user_5543725
pd-user_3999330
pd-user_4925691
pd-user_8177352
pd-user_2091955
pd-user_5066993
pd-user_1358503
pd-user_2034266
pd-user_9001732
pd-user_2624665
pd-user_7187168
pd-user_5338983
pd-user_2132015
pd-user_6112236
pd-user_1058829
pd-user_6635737
pd-user_1664247
pd-user_299091
pd-user_7189301
pd-user_1728484
pd-user_6597741
pd-user_2949682
pd-user_3020749
pd-user_9858728
pd-user_4458754
pd-user_6591232
pd-user_3783949
pd-user_8875785
pd-user_7536092
pd-user_4744257
pd-user_3253712
pd-user_2625117
pd-user_7529140
pd-user_6649759
pd-user_3578616
pd-user_8666895
pd-user_2448939
pd-user_6173084
pd-user_6470141
pd-user_758284
pd-user_732102
pd-user_2676382
pd-user_5924825
pd-user_9514893
pd-user_3717575
pd-user_2431018
pd-user_164444
pd-user_1400114
pd-user_9548844
pd-user_2200776
pd-user_3745283
pd-user_1374771
pd-user_5028677
pd-user_6683171
pd-user_9349287
pd-user_6044311
pd-user_2001007
pd-user_8617939
pd-user_8982272
pd-user_6170531
pd-user_4297908
pd-user_5149991
pd-user_5103711
pd-user_4319594
pd-user_879313
pd-user_8809108
pd-user_7769593
pd-user_7439571
pd-user_3682477
pd-user_4542081
pd-user_4833367
pd-user_4673846
pd-user_7892356
pd-user_3925203
pd-user_1959142
pd-user_5364913
pd-user_9032119
pd-user_3917649
pd-user_4370963
pd-user_1141493
pd-user_2271945
pd-user_8183734
pd-user_9261087
pd-user_7985769
pd-user_7793591
pd-user_393828
pd-user_3153401
pd-user_3411844
pd-user_9908669
pd-user_8373118
pd-user_5289366
pd-user_4141710
pd-user_8366795
pd-user_6611653
pd-user_5846576
pd-user_7714069
pd-user_1911982
pd-user_1675969
pd-user_3450575
pd-user_5278007
pd-user_6507101
pd-user_1407191
pd-user_2126279
pd-user_3474719
pd-user_2280775
pd-user_5168863
pd-user_3880395
pd-user_4307145
pd-user_2657942
pd-user_2525338
pd-user_4578990
pd-user_8858696
pd-user_7452104
pd-user_9818094
pd-user_8968035
pd-user_7177383
pd-user_9387877
pd-user_4559203
pd-user_5152578
pd-user_746433
pd-user_2387919
pd-user_9120559
pd-user_7326439
pd-user_6644399
pd-user_2782940
pd-user_9862223
pd-user_6477607
pd-user_3819835
pd-user_4532301
pd-user_3874269
pd-user_7188441
pd-user_2691132
pd-user_7950966
pd-user_6672795
pd-user_8476424
pd-user_3243949
pd-user_7242380
pd-user_6737186
pd-user_6864366
pd-user_3710634
pd-user_2652432
pd-user_5289905
pd-user_3072834
pd-user_8256822
pd-user_4261696
pd-user_1986855
pd-user_8558774
pd-user_8721251
pd-user_5485814
pd-user_5037309
pd-user_1394363
pd-user_9061435
pd-user_2883994
pd-user_9944796
pd-user_6248947
pd-user_3433591
pd-user_1850886
pd-user_3799167
pd-user_9171423
pd-user_730037
pd-user_4155836
pd-user_2492374
pd-user_4650998
pd-user_9729274
pd-user_7933896
pd-user_456637
pd-user_7676598
pd-user_1937618
pd-user_4373491
pd-user_2534038
pd-user_3097852
pd-user_2968853
pd-user_3018963
pd-user_15868
pd-user_4726412
pd-user_906132
pd-user_3569845
pd-user_1961225
pd-user_67136
pd-user_1821005
pd-user_4489602
pd-user_5550800
pd-user_1687968
pd-user_3480980
pd-user_6446372
pd-user_2058450
pd-user_3071146
pd-user_1979274
pd-user_3209217
pd-user_5579833
pd-user_6730529
pd-user_3216226
pd-user_1867841
pd-user_433175
pd-user_663945
pd-user_791893
pd-user_1346764
pd-user_7979634
pd-user_8115576
pd-user_2994314
pd-user_6407511
pd-user_8985748
pd-user_6973504
pd-user_8106828
pd-user_3284502
pd-user_935842
pd-user_2084040
pd-user_7973622
pd-user_4617519
pd-user_7672752
pd-user_1599322
pd-user_4058518
pd-user_4783835
pd-user_1042246
pd-user_5678721
pd-user_9952978
pd-user_4864571
pd-user_3998285
pd-user_7755694
pd-user_5892848
pd-user_6083788
pd-user_7705210
pd-user_7361124
pd-user_1372180
pd-user_2513502
pd-user_5354270
pd-user_47414
pd-user_7655290
pd-user_4701573
pd-user_678558
pd-user_3146341
pd-user_1848454
pd-user_6027391
pd-user_842626
pd-user_2070251
pd-user_6663060
pd-user_8381723
pd-user_8896512
pd-user_4899023
pd-user_7294934
pd-user_8865523
pd-user_6106996
pd-user_4557761
pd-user_3631260
pd-user_3318320
pd-user_7231953
pd-user_3946156
pd-user_3366152
pd-user_3970412
pd-user_9327694
pd-user_9065403
pd-user_507967
pd-user_931580
pd-user_7446135
pd-user_3358706
pd-user_6480593
pd-user_1415225
pd-user_3744982
pd-user_5425183
pd-user_6921583
pd-user_3506312
pd-user_6255939
pd-user_6216331
pd-user_3290726
pd-user_4132669
pd-user_277354
pd-user_8841682
pd-user_6789183
pd-user_6677389
pd-user_4744967
pd-user_6471238
pd-user_6883589
pd-user_3763095
pd-user_1771757
pd-user_6672180
pd-user_6784409
pd-user_8067540
pd-user_4216436
pd-user_1784284
pd-user_9010649
pd-user_3543309
pd-user_8805235
pd-user_8055922
pd-user_7700112
pd-user_9447731
pd-user_3898406
pd-user_6546066
pd-user_952282
pd-user_444544
pd-user_4993766
pd-user_8601318
pd-user_2672451
pd-user_5863184
pd-user_2908849
pd-user_6842813
pd-user_3207817
pd-user_1629277
pd-user_2276552
pd-user_1128195
pd-user_8139793
pd-user_6504241
pd-user_3022539
pd-user_1359602
pd-user_6802291
pd-user_541797
pd-user_3249209
pd-user_297411
pd-user_45749
pd-user_1936139
pd-user_4449557
pd-user_4999537
pd-user_7024346
pd-user_8529995
pd-user_6934193
pd-user_6805818
pd-user_4355220
pd-user_3385337
pd-user_7779061
pd-user_4723838
pd-user_5761557
pd-user_5651704
pd-user_5825001
pd-user_3015935
pd-user_379204
pd-user_5761858
pd-user_7936470
pd-user_7128813
pd-user_6675067
pd-user_5217065
pd-user_7640063
pd-user_3361487
pd-user_5643891
pd-user_8736029
pd-user_4362460
pd-user_3316350
pd-user_1131380
pd-user_7353338
pd-user_5062192
pd-user_2627514
pd-user_7663220
pd-user_5865464
pd-user_4540223
pd-user_9217740
pd-user_8663240
pd-user_6840043
pd-user_2961025
pd-user_5335709
pd-user_2688679
pd-user_3911487
pd-user_357247
pd-user_5703847
pd-user_9137482
pd-user_3461427
pd-user_9539293
pd-user_8899328
pd-user_2385451
pd-user_869196
pd-user_3186890
pd-user_6113351
pd-user_1302173
pd-user_9351722
pd-user_4433553
pd-user_3108546
pd-user_4850378
pd-user_4107247
pd-user_8031946
pd-user_521883
pd-user_100345
pd-user_7005194
pd-user_1419391
pd-user_3366058
pd-user_5059054
pd-user_9391996
pd-user_3051226
pd-user_1166610
pd-user_5621010
pd-user_8032265
pd-user_2778399
pd-user_6303191
pd-user_7365146
pd-user_9845449
pd-user_5426114
pd-user_5170110
pd-user_5311714
pd-user_3524523
pd-user_2490152
pd-user_1744794
pd-user_370150
pd-user_9267062
pd-user_1526686
pd-user_95623
pd-user_5309409
pd-user_6565705
pd-user_3854463
pd-user_3551206
pd-user_7516377
pd-user_3402122
pd-user_2456804
pd-user_4816497
pd-user_280967
pd-user_3275906
pd-user_1736266
pd-user_2700035
pd-user_3785706
pd-user_5173931
pd-user_9247902
pd-user_5707766
pd-user_2686893
pd-user_8034574
pd-user_9523954
pd-user_3448393
pd-user_5968049
pd-user_9520302
pd-user_6221121
pd-user_9070704
pd-user_5604896
pd-user_4261711
pd-user_9329363
pd-user_9102905
pd-user_9950984
pd-user_6407962
pd-user_2984524
pd-user_3015665
pd-user_7237206
pd-user_8319015
pd-user_7321102
pd-user_1985600
pd-user_9842515
pd-user_9616391
pd-user_7856287
pd-user_2574921
pd-user_890789
pd-user_6091793
pd-user_2059354
pd-user_3421349
pd-user_6789701
pd-user_3457608
pd-user_9156423
pd-user_7150536
pd-user_6525869
pd-user_8258633
pd-user_1176817
pd-user_4005534
pd-user_6402376
pd-user_7139815
pd-user_9368797
pd-user_3850228
pd-user_5404866
pd-user_8755619
pd-user_6724965
pd-user_4835480
pd-user_9478513
pd-user_6809310
pd-user_7714866
pd-user_9372133
pd-user_5533607
pd-user_3848737
pd-user_1319798
pd-user_7811276
pd-user_2128390
pd-user_1608661
pd-user_9549464
pd-user_1783151
pd-user_2437375
pd-user_544562
pd-user_8893941
pd-user_1095496
pd-user_694742
pd-user_4107106
pd-user_3959492
pd-user_6880689
pd-user_7755389
pd-user_6979707
pd-user_501665
pd-user_2515941
pd-user_9057928
pd-user_5791189
pd-user_8342845
pd-user_4701211
pd-user_5994309
pd-user_146694
pd-user_3422643
pd-user_3314924
pd-user_883692
pd-user_1675683
pd-user_2070263
pd-user_9706360
pd-user_5783645
pd-user_2725500
pd-user_8110819
pd-user_8316330
pd-user_1280445
pd-user_5182626
pd-user_1384515
pd-user_1926627
pd-user_8651600
pd-user_8729818
pd-user_9581694
pd-user_3998867
pd-user_1187750
pd-user_5163225
pd-user_9868976
pd-user_5151681
pd-user_98081
pd-user_6328491
pd-user_1461647
pd-user_1377324
pd-user_7206959
pd-user_2574067
pd-user_3622662
pd-user_7974758
pd-user_9226463
pd-user_1344441
pd-user_5945169
pd-user_7675678
pd-user_4475626
pd-user_6354690
pd-user_6391088
pd-user_4640472
pd-user_247953
pd-user_1197680
pd-user_9979894
pd-user_5809615
pd-user_5665683
pd-user_8674685
pd-user_9515458
pd-user_3864028
pd-user_5570090
pd-user_3982501
pd-user_6561767
pd-user_490655
pd-user_3882495
pd-user_5336254
pd-user_8252434
pd-user_4856307
pd-user_9660784
pd-user_4467568
pd-user_9836276
pd-user_4427156
pd-user_7536887
pd-user_7500536
pd-user_660972
pd-user_1890501
pd-user_2436567
pd-user_6790877
pd-user_5201502
pd-user_1794039
pd-user_7137998
pd-user_5750857
pd-user_9558018
pd-user_6508541
pd-user_880585
pd-user_7842865
pd-user_2449501
pd-user_788892
pd-user_2090585
pd-user_1633944
pd-user_6847123
pd-user_9071418
pd-user_5175351
pd-user_7657238
pd-user_4246122
pd-user_5575217
pd-user_6083608
pd-user_7646054
pd-user_795262
pd-user_4521729
pd-user_1369372
pd-user_506686
pd-user_2126768
pd-user_74183
pd-user_8838719
pd-user_5822457
pd-user_5105245
pd-user_2839068
pd-user_3063244
pd-user_8974562
pd-user_6358829
pd-user_598999
pd-user_4736628
pd-user_2838304
pd-user_4898136
pd-user_3182410
pd-user_3899234
pd-user_874247
pd-user_7137619
pd-user_709926
pd-user_1145420
pd-user_244614
pd-user_2645769
pd-user_2886236
pd-user_5939064
pd-user_4288592
pd-user_2958990
pd-user_3330543
pd-user_7831147
pd-user_6749494
pd-user_5239657
pd-user_5551878
pd-user_8654161
pd-user_1979059
pd-user_8897690
pd-user_7608533
pd-user_2629893
pd-user_4925087
pd-user_2513544
pd-user_3078788
pd-user_6602551
pd-user_8344121
pd-user_8074468
pd-user_1015020
pd-user_2648295
pd-user_5975584
pd-user_9374659
pd-user_105401
pd-user_2444700
pd-user_6642253
pd-user_5499451
pd-user_5071239
pd-user_8771148
pd-user_928740
pd-user_9429171
pd-user_7714503
pd-user_4819880
pd-user_6328600
pd-user_3271407
pd-user_1137353
pd-user_2370587
pd-user_327290
pd-user_1293729
pd-user_9461286
pd-user_3148711
pd-user_6128710
pd-user_7695465
pd-user_5928970
pd-user_3038829
pd-user_7276618
pd-user_7749563
pd-user_606023
pd-user_3863184
pd-user_3171259
pd-user_2697940
pd-user_3134807
pd-user_2219339
pd-user_6314816
pd-user_7560286
pd-user_5162243
pd-user_1256676
pd-user_3174208
pd-user_2352750
pd-user_6078825
pd-user_4243475
pd-user_8634762
pd-user_2682438
pd-user_6044059
pd-user_2120840
pd-user_9139510
pd-user_6076837
pd-user_2629091
pd-user_2951340
pd-user_398498
pd-user_8575760
pd-user_3887818
pd-user_9161181
pd-user_2881209
pd-user_3975171
pd-user_2924221
pd-user_4524286
pd-user_1647739
pd-user_5550581
pd-user_9614057
pd-user_9634723
pd-user_3712278
pd-user_5681884
pd-user_3593189
pd-user_712713
pd-user_1986235
pd-user_5265672
pd-user_4912308
pd-user_1413471
pd-user_8325281
pd-user_3015483
pd-user_8698073
pd-user_5695270
pd-user_2233334
pd-user_3812443
pd-user_2659851
pd-user_8898376
pd-user_404941
pd-user_9412149
pd-user_9822268
pd-user_5626047
pd-user_5916139
pd-user_5574383
pd-user_5909632
pd-user_8872430
pd-user_9490267
pd-user_5649620
pd-user_6322637
pd-user_5104373
pd-user_6269877
pd-user_7063066
pd-user_809831
pd-user_5539162
pd-user_7114522
pd-user_2945411
pd-user_88414
pd-user_4271361
pd-user_6973615
pd-user_3515849
pd-user_5285384
pd-user_9661886
pd-user_4654887
pd-user_4097475
pd-user_9306105
pd-user_7617785
pd-user_4243775
pd-user_6339272
pd-user_6329992
pd-user_7008967
pd-user_2534930
pd-user_8338184
pd-user_82236
pd-user_2452467
pd-user_7292534
pd-user_6875263
pd-user_3682811
pd-user_2998752
pd-user_460310
pd-user_3960338
pd-user_2294448
pd-user_452721
pd-user_8109415
pd-user_8815748
pd-user_2961504
pd-user_6582449
pd-user_6633250
pd-user_5441501
pd-user_1919379
pd-user_9849623
pd-user_358109
pd-user_9569508
pd-user_4298197
pd-user_8983338
pd-user_8695774
pd-user_483403
pd-user_1739312
pd-user_4942348
pd-user_2772094
pd-user_8380769
pd-user_2415088
pd-user_5839204
pd-user_2203234
pd-user_3258931
pd-user_2959234
pd-user_385859
pd-user_6380673
pd-user_6221388
pd-user_2671947
pd-user_231796
pd-user_8075634
pd-user_7607984
pd-user_1165369
pd-user_637334
pd-user_995135
pd-user_6369018
pd-user_3270779
pd-user_8191823
pd-user_9171608
pd-user_6341163
pd-user_3361120
pd-user_8913583
pd-user_6962878
pd-user_5298378
pd-user_3996834
pd-user_2874522
pd-user_4683417
pd-user_811125
pd-user_1834742
pd-user_112543
pd-user_1556936
pd-user_6090548
pd-user_4889548
pd-user_3019786
pd-user_6943881
pd-user_3176574
pd-user_9718247
pd-user_9763941
pd-user_4030927
pd-user_8295506
pd-user_9903303
pd-user_8687763
pd-user_8130477
pd-user_9917086
pd-user_3930121
pd-user_4571577
pd-user_2612990
pd-user_1571504
pd-user_3909908
pd-user_8443897
pd-user_9076526
pd-user_141343
pd-user_9669329
pd-user_9944080
pd-user_9031871
pd-user_6302421
pd-user_5529817
pd-user_6572536
pd-user_4541323
pd-user_635407
pd-user_2806110
pd-user_2481992
pd-user_4464947
pd-user_8675115
pd-user_6598547
pd-user_4521558
pd-user_2773545
pd-user_8027446
pd-user_4250437
pd-user_1157832
pd-user_1429295
pd-user_1925747
pd-user_6232009
pd-user_1701599
pd-user_5057193
pd-user_8150959
pd-user_7613283
pd-user_254417
pd-user_8383739
pd-user_4473148
pd-user_7220039
pd-user_603436
pd-user_366111
pd-user_700998
pd-user_9737014
pd-user_7023480
pd-user_6385890
pd-user_7914213
pd-user_3110919
pd-user_9108723
pd-user_3839319
pd-user_9999869
pd-user_2216280
pd-user_6745622
pd-user_9964496
pd-user_3194698
pd-user_6510510
pd-user_56564
pd-user_9329827
pd-user_6312847
pd-user_4554988
pd-user_2009103
pd-user_204948
pd-user_1305031
pd-user_21943
pd-user_9128352
pd-user_7430430
pd-user_3301623
pd-user_7238368
pd-user_123000
pd-user_6747229
pd-user_1535802
pd-user_5318874
pd-user_3350337
pd-user_6371802
pd-user_5891504
pd-user_8425325
pd-user_2619139
pd-user_9199789
pd-user_7660543
pd-user_7129974
pd-user_7058538
pd-user_2708166
pd-user_4225597
pd-user_3281712
pd-user_6126709
pd-user_2900154
pd-user_4663676
pd-user_6778759
pd-user_9793275
pd-user_3013204
pd-user_9561996
pd-user_3921240
pd-user_4120637
pd-user_5589074
pd-user_1008886
pd-user_1906295
pd-user_9188642
pd-user_4128125
pd-user_9250674
pd-user_2733971
pd-user_5004406
pd-user_9102291
pd-user_7029797
pd-user_5159989
pd-user_4580548
pd-user_9517027
pd-user_4108833
pd-user_6965796
pd-user_9385060
pd-user_2477018
pd-user_5375800
pd-user_961756
pd-user_4735061
pd-user_5642848
pd-user_4802758
pd-user_7968691
pd-user_6860547
pd-user_6115602
pd-user_9145947
pd-user_7518946
pd-user_2879037
pd-user_5494834
pd-user_3385768
pd-user_1402772
pd-user_289186
pd-user_9156155
pd-user_7205842
pd-user_4275465
pd-user_708244
pd-user_1607491
pd-user_5540516
pd-user_3859394
pd-user_5422889
pd-user_2861165
pd-user_849689
pd-user_6679749
pd-user_720357
pd-user_9149366
pd-user_5779749
pd-user_5936032
pd-user_7237270
pd-user_8689558
pd-user_6596340
pd-user_7312319
pd-user_134673
pd-user_8277339
pd-user_6184165
pd-user_45488
pd-user_1136349
pd-user_9606294
pd-user_8594877
pd-user_5335760
pd-user_7915105
pd-user_9019623
pd-user_1361460
pd-user_8091267
pd-user_9249209
pd-user_1846378
pd-user_3040515
pd-user_4306386
pd-user_6022368
pd-user_8737890
pd-user_8714446
pd-user_7302536
pd-user_8620962
pd-user_5990429
pd-user_7876846
pd-user_420284
pd-user_7377476
pd-user_3886968
pd-user_3882164
pd-user_8013627
pd-user_317625
pd-user_2371552
pd-user_6451344
pd-user_3057768
pd-user_4138687
pd-user_6923940
pd-user_8913430
pd-user_4055263
pd-user_6082020
pd-user_701187
pd-user_5032786
pd-user_5831861
pd-user_6965821
pd-user_387297
pd-user_1678183
pd-user_2548770
pd-user_5772368
pd-user_8241225
pd-user_4113539
pd-user_5051865
pd-user_2374950
pd-user_1461902
pd-user_3195646
pd-user_138779
pd-user_196981
pd-user_3037899
pd-user_3504414
pd-user_3997176
pd-user_6618453
pd-user_5995672
pd-user_7355494
pd-user_9689621
pd-user_9388688
pd-user_5078284
pd-user_9487853
pd-user_3374083
pd-user_1264773
pd-user_1967234
pd-user_500812
pd-user_5463444
pd-user_7821851
pd-user_1696181
pd-user_8547382
pd-user_775731
pd-user_4430128
pd-user_7471112
pd-user_3388144
pd-user_4779086
pd-user_3789871
pd-user_1175674
pd-user_5871211
pd-user_6531295
pd-user_3000961
pd-user_8394702
pd-user_7839788
pd-user_6412364
pd-user_9293040
pd-user_5071554
pd-user_7507130
pd-user_2815380
pd-user_3437817
pd-user_4260638
pd-user_6059058
pd-user_5002547
pd-user_4474716
pd-user_4912272
pd-user_4022848
pd-user_8467235
pd-user_8804433
pd-user_1317992
pd-user_3109848
pd-user_4146820
pd-user_9535746
pd-user_87262
pd-user_2722408
pd-user_7485484
pd-user_4120486
pd-user_7969225
pd-user_6328007
pd-user_968728
pd-user_4286967
pd-user_1760411
pd-user_2682436
pd-user_6552107
pd-user_1595261
pd-user_816525
pd-user_7670605
pd-user_4534415
pd-user_1572309
pd-user_7464285
pd-user_9639904
pd-user_9755681
pd-user_7355169
pd-user_6859397
pd-user_120491
pd-user_7781163
pd-user_5746508
pd-user_2052909
pd-user_5682557
pd-user_3658104
pd-user_3393728
pd-user_8396558
pd-user_2054771
pd-user_6463571
pd-user_1312088
pd-user_4464661
pd-user_723592
pd-user_9276810
pd-user_2178387
pd-user_8509968
pd-user_8107552
pd-user_9800038
pd-user_1514488
pd-user_141486
pd-user_3828801
pd-user_7190832
pd-user_464181
pd-user_604514
pd-user_6515668
pd-user_8290429
pd-user_434828
pd-user_2640162
pd-user_3825495
pd-user_8752489
pd-user_8174290
pd-user_7725854
pd-user_865345
pd-user_9780409
pd-user_1437860
pd-user_2831175
pd-user_9779760
pd-user_1586799
pd-user_2337822
pd-user_3386712
pd-user_3762084
pd-user_3166627
pd-user_1871823
pd-user_4880405
pd-user_5735540
pd-user_1837614
pd-user_7712307
pd-user_6450676
pd-user_9250759
pd-user_5937346
pd-user_8400327
pd-user_5185985
pd-user_3211903
pd-user_7830643
pd-user_4058247
pd-user_2955582
pd-user_7100501
pd-user_7232975
pd-user_7138045
pd-user_2518713
pd-user_3179424
pd-user_518282
pd-user_8562270
pd-user_4972549
pd-user_6004281
pd-user_4733406
pd-user_749367
pd-user_1162765
pd-user_9085036
pd-user_8435620
pd-user_9205295
pd-user_1659470
pd-user_1966414
pd-user_4665160
pd-user_6632083
pd-user_7734006
pd-user_6089629
pd-user_9958487
pd-user_1169547
pd-user_8955084
pd-user_105866
pd-user_739441
pd-user_3640990
pd-user_4645165
pd-user_2157424
pd-user_7689459
pd-user_1987596
pd-user_9022671
pd-user_7484971
pd-user_696156
pd-user_2134363
pd-user_4986352
pd-user_8694442
pd-user_3266624
pd-user_9012546
pd-user_4819002
pd-user_638347
pd-user_6244922
pd-user_4315419
pd-user_4050052
pd-user_8130744
pd-user_4530360
pd-user_2481706
pd-user_5523099
pd-user_2243891
pd-user_3586725
pd-user_3595647
pd-user_4187703
pd-user_5278358
pd-user_2664014
pd-user_2894252
pd-user_8330689
pd-user_6421861
pd-user_8000962
pd-user_4423460
pd-user_9131288
pd-user_5104415
pd-user_4566355
pd-user_8930243
pd-user_6765631
pd-user_4469765
pd-user_1290899
pd-user_2978221
pd-user_6487661
pd-user_7746692
pd-user_8367846
pd-user_8635458
pd-user_5453964
pd-user_7384758
pd-user_5600021
pd-user_9165721
pd-user_4124233
pd-user_5771571
pd-user_3173394
pd-user_1471275
pd-user_3085635
pd-user_4640738
pd-user_6526007
pd-user_8894069
pd-user_7030502
pd-user_4662334
pd-user_4883690
pd-user_2518962
pd-user_3620682
pd-user_3339154
pd-user_3707457
pd-user_5769464
pd-user_104196
pd-user_740529
pd-user_9935309
pd-user_4350451
pd-user_5539773
pd-user_8331744
pd-user_6916138
pd-user_1289183
pd-user_3620908
pd-user_6924828
pd-user_1535053
pd-user_5506583
pd-user_5597166
pd-user_9666162
pd-user_5613811
pd-user_4130310
pd-user_8071498
pd-user_9403897
pd-user_1539385
pd-user_4366809
pd-user_587822
pd-user_570774
pd-user_6274687
pd-user_6738532
pd-user_2009222
pd-user_6560982
pd-user_5408514
pd-user_2063141
pd-user_6905153
pd-user_602798
pd-user_5702429
pd-user_3502852
pd-user_3657493
pd-user_13450
pd-user_2427422
pd-user_1912651
pd-user_3698711
pd-user_9954063
pd-user_6820910
pd-user_2924333
pd-user_2619767
pd-user_7029897
pd-user_7936904
pd-user_4256603
pd-user_2346617
pd-user_8133536
pd-user_568740
pd-user_7055626
pd-user_2918075
pd-user_6383173
pd-user_3631561
pd-user_1382137
pd-user_3527502
pd-user_52500
pd-user_7923068
pd-user_6328336
pd-user_5501023
pd-user_5547922
pd-user_3821934
pd-user_426343
pd-user_1634836
pd-user_8732577
pd-user_4307266
pd-user_7981177
pd-user_786961
pd-user_9963583
pd-user_3214660
pd-user_8112271
pd-user_3682292
pd-user_3645807
pd-user_8597510
pd-user_2843647
pd-user_9303864
pd-user_7706365
pd-user_9830673
pd-user_5411946
pd-user_945529
pd-user_3065704
pd-user_2578289
pd-user_3003966
pd-user_6666653
pd-user_2379410
pd-user_6113620
pd-user_7135031
pd-user_4289617
pd-user_4974944
pd-user_1136908
pd-user_5767593
pd-user_8132825
pd-user_649461
pd-user_7315345
pd-user_7690851
pd-user_4955207
pd-user_7490170
pd-user_4726050
pd-user_3363850
pd-user_7665316
pd-user_7713553
pd-user_8322491
pd-user_4170851
pd-user_1144478
pd-user_9853145
pd-user_9920102
pd-user_8281940
pd-user_4460636
pd-user_8758642
pd-user_6466407
pd-user_5669208
pd-user_3750613
pd-user_6101034
pd-user_7864348
pd-user_5751950
pd-user_5569413
pd-user_9595669
pd-user_1447700
pd-user_3722945
pd-user_1565166
pd-user_3734315
pd-user_1651109
pd-user_4617112
pd-user_2848886
pd-user_1069767
pd-user_1793782
pd-user_9938396
pd-user_516405
pd-user_8448207
pd-user_8393715
pd-user_5071168
pd-user_7664990
pd-user_3989117
pd-user_8526795
pd-user_3868852
pd-user_9111367
pd-user_6402579
pd-user_1309227
pd-user_3314962
pd-user_4162238
pd-user_6632287
pd-user_8004339
pd-user_841763
pd-user_9556235
pd-user_6176841
pd-user_8628878
pd-user_7724869
pd-user_4911657
pd-user_1032297
pd-user_7566224
pd-user_9235300
pd-user_1060758
pd-user_6120415
pd-user_5584755
pd-user_2135000
pd-user_3754594
pd-user_8025598
pd-user_9687952
pd-user_5095765
pd-user_9665411
pd-user_6449458
pd-user_4321474
pd-user_3393816
pd-user_8079396
pd-user_9108207
pd-user_8613653
pd-user_3293055
pd-user_4435839
pd-user_3758973
pd-user_1210634
pd-user_6335243
pd-user_9296709
pd-user_6205506
pd-user_8741427
pd-user_7428613
pd-user_8254501
pd-user_1389612
pd-user_2083921
pd-user_8299421
pd-user_1951028
pd-user_9988362
pd-user_8367523
pd-user_9735376
pd-user_2573997
pd-user_2238656
pd-user_6758036
pd-user_1235765
pd-user_7587404
pd-user_5230189
pd-user_209433
pd-user_345622
pd-user_6015118
pd-user_1703272
pd-user_9672688
pd-user_9377813
pd-user_2726241
pd-user_5432320
pd-user_1267583
pd-user_6425066
pd-user_8326326
pd-user_7987725
pd-user_6234015
pd-user_894576
pd-user_384920
pd-user_4678078
pd-user_6449895
pd-user_2416618
pd-user_190790
pd-user_301589
pd-user_8113248
pd-user_4623929
pd-user_3872252
pd-user_3927425
pd-user_806950
pd-user_6191720
pd-user_9993921
pd-user_8365969
pd-user_9900429
pd-user_9798128
pd-user_154119
pd-user_6284447
pd-user_1690927
pd-user_5172878
pd-user_5876380
pd-user_1476775
pd-user_8069883
pd-user_1920559
pd-user_3292988
pd-user_7131277
pd-user_4832237
pd-user_6361995
pd-user_2721197
pd-user_1186674
pd-user_2669037
pd-user_157996
pd-user_9935487
pd-user_5399081
pd-user_8494114
pd-user_3591383
pd-user_3145949
pd-user_442049
pd-user_3108445
pd-user_2764147
pd-user_973222
pd-user_7611552
pd-user_1813885
pd-user_8745892
pd-user_1218702
pd-user_3181544
pd-user_3617706
pd-user_9742679
pd-user_6651200
pd-user_2044886
pd-user_4389004
pd-user_1517158
pd-user_989191
pd-user_3801509
pd-user_8744215
pd-user_7888582
pd-user_3707163
pd-user_3542234
pd-user_2833431
pd-user_5010183
pd-user_1756012
pd-user_8832438
pd-user_262167
pd-user_2147208
pd-user_931760
pd-user_7114485
pd-user_7036909
pd-user_9288584
pd-user_8749776
pd-user_6585320
pd-user_6214731
pd-user_5773253
pd-user_4146405
pd-user_3151055
pd-user_8984923
pd-user_2198351
pd-user_9574726
pd-user_9195341
pd-user_3636933
pd-user_6683974
pd-user_3566511
pd-user_1148451
pd-user_109495
pd-user_3045155
pd-user_719518
pd-user_1251591
pd-user_8238178
pd-user_3778259
pd-user_3121128
pd-user_4820663
pd-user_3722615
pd-user_2675966
pd-user_9601565
pd-user_810355
pd-user_3885323
pd-user_785846
pd-user_1653310
pd-user_5540266
pd-user_880244
pd-user_8253859
pd-user_6071623
pd-user_6121496
pd-user_9112166
pd-user_7605046
pd-user_629138
pd-user_4801601
pd-user_2491589
pd-user_4693395
pd-user_2097687
pd-user_3255292
pd-user_4547221
pd-user_4652653
pd-user_5346236
pd-user_713897
pd-user_961610
pd-user_9563134
pd-user_3402228
pd-user_3792335
pd-user_2280423
pd-user_9043833
pd-user_5033976
pd-user_825165
pd-user_2199086
pd-user_7505188
pd-user_4858648
pd-user_5154797
pd-user_2222894
pd-user_6829239
pd-user_5303398
pd-user_8670051
pd-user_1014537
pd-user_3172862
pd-user_1513583
pd-user_5624472
pd-user_9600866
pd-user_3857851
pd-user_1961708
pd-user_6450956
pd-user_2796768
pd-user_9272363
pd-user_5535511
pd-user_8090131
pd-user_1980028
pd-user_3283527
pd-user_6486860
pd-user_3530245
pd-user_2123347
pd-user_9917010
pd-user_7603070
pd-user_4649511
pd-user_8842871
pd-user_3995409
pd-user_9728774
pd-user_6468285
pd-user_2352810
pd-user_2901986
pd-user_4931602
pd-user_1982817
pd-user_6731728
pd-user_7218119
pd-user_3299505
pd-user_3768542
pd-user_3035897
pd-user_1527006
pd-user_9054494
pd-user_6914518
pd-user_5447611
pd-user_5955103
pd-user_3082899
pd-user_7906117
pd-user_1421903
pd-user_7159073
pd-user_3720691
pd-user_9582933
pd-user_7618061
pd-user_3943465
pd-user_3618033
pd-user_5316648
pd-user_2420185
pd-user_1566493
pd-user_8741577
pd-user_2004452
pd-user_829361
pd-user_5544193
pd-user_798300
pd-user_8717741
pd-user_9781425
pd-user_2263723
pd-user_7791646
pd-user_9426050
pd-user_5732274
pd-user_2789146
pd-user_5545805
pd-user_2118001
pd-user_4542484
pd-user_4368808
pd-user_316557
pd-user_1963056
pd-user_1792641
pd-user_3216633
pd-user_5398571
pd-user_8757432
pd-user_8909823
pd-user_8776613
pd-user_1751921
pd-user_1411279
pd-user_7719607
pd-user_3666799
pd-user_9943596
pd-user_4090890
pd-user_3743937
pd-user_5172229
pd-user_2060130
pd-user_3067590
pd-user_7765131
pd-user_8557234
pd-user_9363114
pd-user_8429690
pd-user_5938714
pd-user_1167147
pd-user_2944762
pd-user_6699111
pd-user_7139888
pd-user_4511872
pd-user_7382448
pd-user_1070698
pd-user_3938742
pd-user_8110148
pd-user_5157047
pd-user_8561253
pd-user_9011614
pd-user_5092820
pd-user_989837
pd-user_37360
pd-user_3334212
pd-user_3506523
pd-user_9969891
pd-user_6263318
pd-user_8136553
pd-user_8535300
pd-user_2938750
pd-user_6149068
pd-user_4575214
pd-user_9552269
pd-user_3954506
pd-user_1092253
pd-user_8298139
pd-user_2582062
pd-user_9565625
pd-user_8156598
pd-user_3479924
pd-user_52946
pd-user_6881150
pd-user_6804837
pd-user_7389744
pd-user_8645246
pd-user_740039
pd-user_4147426
pd-user_9671242
pd-user_1301931
pd-user_7226911
pd-user_8547733
pd-user_7508912
pd-user_9566614
pd-user_871713
pd-user_9238324
pd-user_1137255
pd-user_6242428
pd-user_6046469
pd-user_2652117
pd-user_6465227
pd-user_7929679
pd-user_1424729
pd-user_1890471
pd-user_7104038
pd-user_8883644
pd-user_8959056
pd-user_6469211
pd-user_8219145
pd-user_2857238
pd-user_725690
pd-user_1015082
pd-user_3979001
pd-user_7738949
pd-user_490202
pd-user_7383530
pd-user_6978407
pd-user_5579752
pd-user_4296115
pd-user_7924415
pd-user_3310914
pd-user_5036721
pd-user_978249
pd-user_976137
pd-user_3105692
pd-user_7245678
pd-user_1949952
pd-user_2925984
pd-user_2741381
pd-user_2477370
pd-user_5927114
pd-user_1661965
pd-user_159604
pd-user_5359558
pd-user_697460
pd-user_2083980
pd-user_8083811
pd-user_6416636
pd-user_6260980
pd-user_2908199
pd-user_3179819
pd-user_3747352
pd-user_8538357
pd-user_3187518
pd-user_2973308
pd-user_6816685
pd-user_4285417
pd-user_738033
pd-user_9209083
pd-user_1426001
pd-user_5643898
pd-user_6424486
pd-user_7969792
pd-user_9320640
pd-user_6927283
pd-user_1090412
pd-user_3763279
pd-user_4685831
pd-user_3780927
pd-user_9488260
pd-user_523391
pd-user_5209170
pd-user_445131
pd-user_5577368
pd-user_2932154
pd-user_2161082
pd-user_3763240
pd-user_9378995
pd-user_482297
pd-user_889835
pd-user_3889482
pd-user_1104013
pd-user_9445696
pd-user_1154594
pd-user_368215
pd-user_8534842
pd-user_8010509
pd-user_9501691
pd-user_12407
pd-user_5192594
pd-user_1068058
pd-user_41146
pd-user_4863271
pd-user_4114135
pd-user_1360659
pd-user_8141896
pd-user_7213076
pd-user_5399821
pd-user_5307428
pd-user_4450100
pd-user_1537629
pd-user_8991261
pd-user_4488599
pd-user_5778148
pd-user_62959
pd-user_8232878
pd-user_8206819
pd-user_873907
pd-user_2656343
pd-user_1854510
pd-user_5514528
pd-user_4878560
pd-user_6467783
pd-user_9598572
pd-user_6004942
pd-user_3587568
pd-user_7019832
pd-user_815129
pd-user_8283392
pd-user_4338441
pd-user_6127242
pd-user_7132363
pd-user_1781919
pd-user_2852773
pd-user_5000249
pd-user_6673299
pd-user_7289394
pd-user_4754844
pd-user_1318534
pd-user_7496083
pd-user_2477384
pd-user_5113979
pd-user_9940667
pd-user_3723786
pd-user_6780560
pd-user_4479324
pd-user_2432200
pd-user_5338405
pd-user_6914633
pd-user_6538934
pd-user_4661990
pd-user_6600904
pd-user_454996
pd-user_4387793
pd-user_338636
pd-user_7197579
pd-user_1437461
pd-user_1508140
pd-user_9563541
pd-user_3100689
pd-user_1941829
pd-user_3469712
pd-user_6452768
pd-user_8431351
pd-user_5879263
pd-user_4589849
pd-user_2483369
pd-user_1207515
pd-user_6344229
pd-user_6241430
pd-user_8077804
pd-user_9221973
pd-user_5156275
pd-user_3064858
pd-user_6048953
pd-user_5052787
pd-user_77928
pd-user_3177062
pd-user_7085065
pd-user_3562583
pd-user_9873130
pd-user_2251695
pd-user_9502665
pd-user_6721660
pd-user_4220766
pd-user_9177479
pd-user_1810018
pd-user_7329510
pd-user_387086
pd-user_7377139
pd-user_5464654
pd-user_4418531
pd-user_9390532
pd-user_8259549
pd-user_5232588
pd-user_519202
pd-user_463457
pd-user_5214196
pd-user_4413970
pd-user_9026394
pd-user_5301853
pd-user_5667952
pd-user_8950613
pd-user_590387
pd-user_9154754
pd-user_4529552
pd-user_7059188
pd-user_6303528
pd-user_7895385
pd-user_5287062
pd-user_4469804
pd-user_9157961
pd-user_9745614
pd-user_8555919
pd-user_7197356
pd-user_8996193
pd-user_8497336
pd-user_1831580
pd-user_1140606
pd-user_1948372
pd-user_8439372
pd-user_7368985
pd-user_4893436
pd-user_2383755
pd-user_1694599
pd-user_6065236
pd-user_6580449
pd-user_3083053
pd-user_9984212
pd-user_2863349
pd-user_1137999
pd-user_9627618
pd-user_3646157
pd-user_6792019
pd-user_8701058
pd-user_2456088
pd-user_2542698
pd-user_5197154
pd-user_254983
pd-user_9835130
pd-user_4971520
pd-user_9103121
pd-user_3099428
pd-user_7526772
pd-user_1573749
pd-user_1120616
pd-user_1831601
pd-user_742790
pd-user_2221484
pd-user_7101108
pd-user_7278029
pd-user_3190114
pd-user_5845274
pd-user_9573985
pd-user_9231788
pd-user_1363308
pd-user_7442985
pd-user_5834306
pd-user_5974665
pd-user_9821104
pd-user_1540328
pd-user_1025662
pd-user_3291977
pd-user_1753289
pd-user_4175516
pd-user_244108
pd-user_6953716
pd-user_7775510
pd-user_1251264
pd-user_9653702
pd-user_7771603
pd-user_8419691
pd-user_8935318
pd-user_1942627
pd-user_695033
pd-user_9300451
pd-user_3853894
pd-user_289730
pd-user_9723376
pd-user_994788
pd-user_4165170
pd-user_6373134
pd-user_9055832
pd-user_8565592
pd-user_2531777
pd-user_6701821
pd-user_9042681
pd-user_2007080
pd-user_5552562
pd-user_2723142
pd-user_6477169
pd-user_4795002
pd-user_9693535
pd-user_6306852
pd-user_8517181
pd-user_8480454
pd-user_4135145
pd-user_3032034
pd-user_7980037
pd-user_427352
pd-user_8151564
pd-user_7737080
pd-user_5612340
pd-user_1847587
pd-user_8428571
pd-user_1673959
pd-user_1919439
pd-user_6374960
pd-user_3208994
pd-user_7727036
pd-user_2733616
pd-user_3237632
pd-user_235599
pd-user_8107585
pd-user_3075378
pd-user_6332142
pd-user_4236581
pd-user_7385106
pd-user_3840718
pd-user_5204638
pd-user_4222987
pd-user_3771628
pd-user_4680617
pd-user_541484
pd-user_6339946
pd-user_1181726
pd-user_4314233
pd-user_4428834
pd-user_7144443
pd-user_2312073
pd-user_2840628
pd-user_4516046
pd-user_7772740
pd-user_8916638
pd-user_86667
pd-user_5939596
pd-user_6390277
pd-user_5401749
pd-user_9623744
pd-user_4277356
pd-user_4951139
pd-user_3148612
pd-user_3883026
pd-user_8845332
pd-user_4080176
pd-user_4506188
pd-user_6080403
pd-user_517224
pd-user_6821065
pd-user_4230831
pd-user_1797234
pd-user_9125695
pd-user_4439853
pd-user_5423475
pd-user_3275841
pd-user_9137402
pd-user_4656878
pd-user_7786582
pd-user_2780100
pd-user_4024617
pd-user_3207696
pd-user_2750743
pd-user_2207698
pd-user_9441318
pd-user_1883967
pd-user_627611
pd-user_6647723
pd-user_9216312
pd-user_2431667
pd-user_1214718
pd-user_1211462
pd-user_7650492
pd-user_5513359
pd-user_6103625
pd-user_2076971
pd-user_2471941
pd-user_2157375
pd-user_11157
pd-user_3865252
pd-user_6383272
pd-user_895171
pd-user_9838183
pd-user_5734760
pd-user_4582980
pd-user_2637533
pd-user_8167784
pd-user_8547409
pd-user_9033491
pd-user_2373714
pd-user_558147
pd-user_3738063
pd-user_8518044
pd-user_9247106
pd-user_7691683
pd-user_2319339
pd-user_8173649
pd-user_210138
pd-user_1895561
pd-user_8487163
pd-user_9551635
pd-user_8087908
pd-user_2899001
pd-user_8510476
pd-user_1562948
pd-user_7517295
pd-user_4429864
pd-user_998638
pd-user_3573712
pd-user_2884169
pd-user_5897425
pd-user_5929320
pd-user_3199103
pd-user_528766
pd-user_6678428
pd-user_5695663
pd-user_3059929
pd-user_5614212
pd-user_1036107
pd-user_28258
pd-user_5947318
pd-user_4693215
pd-user_8959761
pd-user_8339933
pd-user_8570595
pd-user_3104243
pd-user_8077130
pd-user_7796218
pd-user_813054
pd-user_6103742
pd-user_1509620
pd-user_8792203
pd-user_5391328
pd-user_9466858
pd-user_2454135
pd-user_3465189
pd-user_9795993
pd-user_6768811
pd-user_7531938
pd-user_9492412
pd-user_5671941
pd-user_5555865
pd-user_2674128
pd-user_3187208
pd-user_5937175
pd-user_2429125
pd-user_2183036
pd-user_2410312
pd-user_5246320
pd-user_5913227
pd-user_7170496
pd-user_9136755
pd-user_3932253
pd-user_9536459
pd-user_6453065
pd-user_6085329
pd-user_1216239
pd-user_5964112
pd-user_7732474
pd-user_5610474
pd-user_6403168
pd-user_7115043
pd-user_8757645
pd-user_4182809
pd-user_8079026
pd-user_5091420
pd-user_6286429
pd-user_8086885
pd-user_8677552
pd-user_380050
pd-user_328405
pd-user_1867067
pd-user_2356789
pd-user_2319348
pd-user_6579954
pd-user_9259165
pd-user_8498542
pd-user_6625358
pd-user_8668345
pd-user_3289876
pd-user_9052939
pd-user_1823997
pd-user_2765237
pd-user_5808705
pd-user_4627076
pd-user_892260
pd-user_2749620
pd-user_5951096
pd-user_7893763
pd-user_4586685
pd-user_3387695
pd-user_5234448
pd-user_3741784
pd-user_7654328
pd-user_3017556
pd-user_9168583
pd-user_789513
pd-user_1406570
pd-user_582305
pd-user_6927139
pd-user_4627522
pd-user_3189632
pd-user_6313747
pd-user_9086249
pd-user_3013476
pd-user_7556148
pd-user_4047809
pd-user_2273996
pd-user_7907849
pd-user_8895212
pd-user_7381262
pd-user_2777830
pd-user_142153
pd-user_3616599
pd-user_8724072
pd-user_3563796
pd-user_4840630
pd-user_8225817
pd-user_1116689
pd-user_2827441
pd-user_4582209
pd-user_1297173
pd-user_7641550
pd-user_9815604
pd-user_4255438
pd-user_5352068
pd-user_9541993
pd-user_4422819
pd-user_4796721
pd-user_380592
pd-user_4461247
pd-user_2538215
pd-user_1403730
pd-user_8519919
pd-user_2906706
pd-user_5713007
pd-user_2197249
pd-user_3487899
pd-user_9436114
pd-user_531307
pd-user_7350030
pd-user_8626110
pd-user_9505263
pd-user_6460826
pd-user_9300027
pd-user_4087675
pd-user_2818351
pd-user_7058735
pd-user_3936106
pd-user_1606775
pd-user_6707917
pd-user_7021597
pd-user_1463803
pd-user_6081392
pd-user_2988692
pd-user_3158177
pd-user_7012462
pd-user_3395472
pd-user_6084673
pd-user_5156912
pd-user_2426158
pd-user_5275752
pd-user_5503448
pd-user_4434027
pd-user_4695254
pd-user_2663145
pd-user_199461
pd-user_4906830
pd-user_865192
pd-user_3773345
pd-user_4604462
pd-user_9213487
pd-user_6823546
pd-user_5936196
pd-user_2220205
pd-user_8280835
pd-user_7323347
pd-user_9815456
pd-user_6851908
pd-user_3222207
pd-user_1763736
pd-user_4567957
pd-user_7054141
pd-user_5473157
pd-user_1590626
pd-user_5460193
pd-user_9909922
pd-user_7397096
pd-user_4145069
pd-user_7685724
pd-user_8826377
pd-user_8712948
pd-user_6372830
pd-user_4428443
pd-user_6478971
pd-user_6278641
pd-user_7372623
pd-user_2390626
pd-user_2798873
pd-user_6868793
pd-user_168168
pd-user_8808803
pd-user_7171839
pd-user_8712555
pd-user_4987287
pd-user_6240982
pd-user_3281591
pd-user_8371604
pd-user_607508
pd-user_6955739
pd-user_1076454
pd-user_4559792
pd-user_2478374
pd-user_6667285
pd-user_9598613
pd-user_7982539
pd-user_9418816
pd-user_9184234
pd-user_5142793
pd-user_1527731
pd-user_8374701
pd-user_2696667
pd-user_4483779
pd-user_1938720
pd-user_2373862
pd-user_3355771
pd-user_817513
pd-user_7062979
pd-user_7048640
pd-user_1435023
pd-user_8384405
pd-user_7404696
pd-user_3340525
pd-user_5522733
pd-user_7734787
pd-user_3188941
pd-user_2476148
pd-user_6076379
pd-user_6141621
pd-user_8045003
pd-user_8841801
pd-user_6421872
pd-user_862467
pd-user_8830709
pd-user_2897208
pd-user_2993520
pd-user_7197727
pd-user_5280746
pd-user_5923874
pd-user_6213685
pd-user_4979140
pd-user_28337
pd-user_8056536
pd-user_7728803
pd-user_9121683
pd-user_8154515
pd-user_2993650
pd-user_497008
pd-user_489243
pd-user_7852433
pd-user_7849298
pd-user_2662948
pd-user_4015602
pd-user_3115048
pd-user_5887766
pd-user_3759422
pd-user_8291510
pd-user_6347338
pd-user_3483188
pd-user_5542400
pd-user_9834918
pd-user_3436517
pd-user_5102952
pd-user_9458926
pd-user_2282454
pd-user_9727609
pd-user_833962
pd-user_3957569
pd-user_6160447
pd-user_9818140
pd-user_5446856
pd-user_2432314
pd-user_329763
pd-user_9390906
pd-user_2887568
pd-user_6146349
pd-user_8326812
pd-user_7722943
pd-user_6416074
pd-user_9693388
pd-user_2577919
pd-user_1179376
pd-user_9284940
pd-user_7055462
pd-user_5503865
pd-user_3505362
pd-user_9272883
pd-user_6532471
pd-user_6900363
pd-user_5248573
pd-user_2826918
pd-user_159296
pd-user_4628632
pd-user_3651381
pd-user_2234337
pd-user_518368
pd-user_8815550
pd-user_9544506
pd-user_7092849
pd-user_1108036
pd-user_2402591
pd-user_3697822
pd-user_222060
pd-user_8043485
pd-user_9501238
pd-user_355439
pd-user_7465735
pd-user_924468
pd-user_1400365
pd-user_237372
pd-user_6433077
pd-user_9940102
pd-user_5742685
pd-user_1703278
pd-user_4143685
pd-user_2594291
pd-user_3527974
pd-user_2300051
pd-user_1817735
pd-user_7785384
pd-user_6500663
pd-user_133243
pd-user_6247156
pd-user_8363084
pd-user_4073663
pd-user_6765437
pd-user_6108095
pd-user_3205922
pd-user_541110
pd-user_7840465
pd-user_3564368
pd-user_4140039
pd-user_6540497
pd-user_7802473
pd-user_3953223
pd-user_6870164
pd-user_1211244
pd-user_7780388
pd-user_3725690
pd-user_6138941
pd-user_447143
pd-user_7537273
pd-user_7670931
pd-user_7810221
pd-user_7723589
pd-user_2952230
pd-user_8102512
pd-user_8802501
pd-user_7952847
pd-user_1099796
pd-user_4198823
pd-user_9130609
pd-user_7061020
pd-user_6082026
pd-user_413147
pd-user_4559108
pd-user_2440796
pd-user_6954074
pd-user_9113984
pd-user_3557800
pd-user_6896818
pd-user_1548749
pd-user_6724974
pd-user_3925206
pd-user_2609242
pd-user_3899081
pd-user_9241278
pd-user_1755775
pd-user_5095052
pd-user_5002622
pd-user_5176951
pd-user_6396892
pd-user_1022700
pd-user_338723
pd-user_2995975
pd-user_7844571
pd-user_4777054
pd-user_542781
pd-user_6080656
pd-user_6227183
pd-user_9598376
pd-user_5031312
pd-user_1245671
pd-user_4670171
pd-user_8536127
pd-user_9156894
pd-user_1780356
pd-user_6350008
pd-user_3243164
pd-user_8942586
pd-user_3470376
pd-user_4662458
pd-user_3967641
pd-user_3960548
pd-user_5186062
pd-user_8687355
pd-user_945428
pd-user_1318315
pd-user_7407100
pd-user_6176929
pd-user_2143190
pd-user_6115963
pd-user_1671463
pd-user_8874668
pd-user_3831657
pd-user_3342812
pd-user_4120537
pd-user_9353041
pd-user_2632841
pd-user_665523
pd-user_5434005
pd-user_4461100
pd-user_1487405
pd-user_3479103
pd-user_7614871
pd-user_3368446
pd-user_8592838
pd-user_8912400
pd-user_5105149
pd-user_3064304
pd-user_9488948
pd-user_5172694
pd-user_398453
pd-user_3414790
pd-user_1870566
pd-user_9371631
pd-user_549964
pd-user_9124115
pd-user_7925714
pd-user_19147
pd-user_9533430
pd-user_6987183
pd-user_12807
pd-user_6997792
pd-user_9245723
pd-user_4783308
pd-user_8968661
pd-user_2833447
pd-user_2161387
pd-user_8785603
pd-user_9602770
pd-user_753335
pd-user_7518572
pd-user_3149885
pd-user_4967669
pd-user_5712775
pd-user_753806
pd-user_836329
pd-user_4708927
pd-user_2325909
pd-user_643236
pd-user_2626828
pd-user_7625959
pd-user_6757370
pd-user_3952690
pd-user_4591353
pd-user_601374
pd-user_3342348
pd-user_5497538
pd-user_3815929
pd-user_3302217
pd-user_7513514
pd-user_4719148
pd-user_6218123
pd-user_1253585
pd-user_2672508
pd-user_6312964
pd-user_8666763
pd-user_4815563
pd-user_6748072
pd-user_5998953
pd-user_9929716
pd-user_4341024
pd-user_5868659
pd-user_7282046
pd-user_9394660
pd-user_4041737
pd-user_155759
pd-user_1718364
pd-user_9806897
pd-user_3771252
pd-user_8050033
pd-user_6183246
pd-user_3927968
pd-user_3110236
pd-user_5264175
pd-user_1600433
pd-user_8801212
pd-user_3629412
pd-user_614597
pd-user_8021552
pd-user_3813973
pd-user_6019607
pd-user_567910
pd-user_1254285
pd-user_8710132
pd-user_9834596
pd-user_9752277
pd-user_6131964
pd-user_7916129
pd-user_3614366
pd-user_2274023
pd-user_1861171
pd-user_4950146
pd-user_1208258
pd-user_9807545
pd-user_4097137
pd-user_1595844
pd-user_2995256
pd-user_4985662
pd-user_6297658
pd-user_8041196
pd-user_7451479
pd-user_4823695
pd-user_6204097
pd-user_6628540
pd-user_2222865
pd-user_2235095
pd-user_3648437
pd-user_4548878
pd-user_1180669
pd-user_5834997
pd-user_889383
pd-user_2380688
pd-user_392903
pd-user_3958377
pd-user_8540663
pd-user_3290383
pd-user_1886631
pd-user_403378
pd-user_1504049
pd-user_9281563
pd-user_6401564
pd-user_663612
pd-user_412282
pd-user_4376965
pd-user_8570990
pd-user_6069731
pd-user_5209679
pd-user_5816846
pd-user_7879397
pd-user_3864101
pd-user_3653584
pd-user_3102735
pd-user_7824492
pd-user_9591365
pd-user_2887677
pd-user_8120051
pd-user_8626844
pd-user_4163916
pd-user_2210608
pd-user_3582514
pd-user_5582066
pd-user_9556024
pd-user_9367914
pd-user_9549832
pd-user_8723709
pd-user_3083660
pd-user_3953474
pd-user_1108290
pd-user_1924314
pd-user_2269803
pd-user_6006988
pd-user_7651081
pd-user_3320163
pd-user_1042662
pd-user_9955485
pd-user_7362605
pd-user_1207138
pd-user_362262
pd-user_7066783
pd-user_5684698
pd-user_9773251
pd-user_1602300
pd-user_6947826
pd-user_2608668
pd-user_3351780
pd-user_3767605
pd-user_7216347
pd-user_5910143
pd-user_5729745
pd-user_5332191
pd-user_1340778
pd-user_4663446
pd-user_3133404
pd-user_5757603
pd-user_5359152
pd-user_5068461
pd-user_5047074
pd-user_5672999
pd-user_8818336
pd-user_7499600
pd-user_8919979
pd-user_7496345
pd-user_4077297
pd-user_8386689
pd-user_345487
pd-user_3288489
pd-user_8758686
pd-user_6539033
pd-user_6974007
pd-user_7103951
pd-user_3250209
pd-user_3200887
pd-user_5685242
pd-user_8832858
pd-user_8068841
pd-user_9416179
pd-user_8345537
pd-user_5242253
pd-user_1466764
pd-user_6733163
pd-user_3091161
pd-user_1814762
pd-user_6802802
pd-user_5472984
pd-user_4138596
pd-user_2711916
pd-user_6885023
pd-user_1387311
pd-user_783041
pd-user_7621518
pd-user_1935107
pd-user_547793
pd-user_3462545
pd-user_4977447
pd-user_28736
pd-user_9830094
pd-user_1668326
pd-user_1479775
pd-user_9666707
pd-user_5212818
pd-user_4895260
pd-user_4175296
pd-user_833996
pd-user_97807
pd-user_4828072
pd-user_2197144
pd-user_1918672
pd-user_4284762
pd-user_1611668
pd-user_5737042
pd-user_6762994
pd-user_7634602
pd-user_718080
pd-user_6703693
pd-user_5337831
pd-user_3061630
pd-user_2070682
pd-user_9355693
pd-user_8255239
pd-user_7117390
pd-user_6905558
pd-user_2331767
pd-user_5135237
pd-user_2103711
pd-user_4773047
pd-user_8184190
pd-user_7496653
pd-user_9051549
pd-user_9003851
pd-user_9587163
pd-user_902887
pd-user_5173397
pd-user_7933068
pd-user_8174782
pd-user_9032282
pd-user_8818286
pd-user_204377
pd-user_2487000
pd-user_7982536
pd-user_9995707
pd-user_3710219
pd-user_3485952
pd-user_5157465
pd-user_2098578
pd-user_3426717
pd-user_8288726
pd-user_5417759
pd-user_2738077
pd-user_3694512
pd-user_1607345
pd-user_4571308
pd-user_7539713
pd-user_5327854
pd-user_1657813
pd-user_7358144
pd-user_6955309
pd-user_2433621
pd-user_5898153
pd-user_8133782
pd-user_951414
pd-user_7222596
pd-user_9092888
pd-user_932073
pd-user_1527333
pd-user_745221
pd-user_1985725
pd-user_7147138
pd-user_5924014
pd-user_3031014
pd-user_9320038
pd-user_3231961
pd-user_2174021
pd-user_535380
pd-user_990300
pd-user_8039464
pd-user_295704
pd-user_4361249
pd-user_8874934
pd-user_1700465
pd-user_8314621
pd-user_1011605
pd-user_8086624
pd-user_134898
pd-user_7273692
pd-user_9018562
pd-user_1672386
pd-user_3196030
pd-user_9196930
pd-user_1425288
pd-user_9468630
pd-user_8827916
pd-user_4069210
pd-user_6945081
pd-user_8959287
pd-user_8988651
pd-user_2425765
pd-user_2891971
pd-user_7864732
pd-user_8521754
pd-user_3805562
pd-user_7918025
pd-user_2664381
pd-user_6484087
pd-user_9432888
pd-user_4672467
pd-user_5734926
pd-user_2658810
pd-user_6713619
pd-user_5220335
pd-user_1239321
pd-user_538135
pd-user_3239146
pd-user_9848466
pd-user_2339301
pd-user_5279751
pd-user_298552
pd-user_9244845
pd-user_9202969
pd-user_6064148
pd-user_1722048
pd-user_973768
pd-user_2305609
pd-user_4000424
pd-user_4267764
pd-user_7220117
pd-user_6417493
pd-user_1446771
pd-user_8259148
pd-user_1866677
pd-user_4958707
pd-user_6850973
pd-user_5626903
pd-user_4274470
pd-user_5470487
pd-user_8039766
pd-user_7326853
pd-user_6551609
pd-user_2480734
pd-user_5055515
pd-user_8111182
pd-user_1383543
pd-user_1625640
pd-user_8474198
pd-user_809585
pd-user_8288200
pd-user_493319
pd-user_9586732
pd-user_5794542
pd-user_7364691
pd-user_8401874
pd-user_3128262
pd-user_3929735
pd-user_8634882
pd-user_1570751
pd-user_802028
pd-user_9094873
pd-user_7168768
pd-user_4030413
pd-user_7673630
pd-user_5084170
pd-user_8645891
pd-user_4401633
pd-user_9385224
pd-user_4130694
pd-user_4821856
pd-user_56362
pd-user_3094297
pd-user_9987215
pd-user_491083
pd-user_9536372
pd-user_4429075
pd-user_1034162
pd-user_5912165
pd-user_2265823
pd-user_8546018
pd-user_5077047
pd-user_9406295
pd-user_87040
pd-user_7903176
pd-user_8900574
pd-user_3138112
pd-user_5616836
pd-user_6900002
pd-user_984502
pd-user_2454441
pd-user_2542009
pd-user_2108187
pd-user_3866868
pd-user_7442285
pd-user_7851443
pd-user_1365753
pd-user_7796881
pd-user_4665421
pd-user_3130516
pd-user_2418641
pd-user_6706846
pd-user_9649726
pd-user_3635255
pd-user_9950026
pd-user_7809262
pd-user_3758870
pd-user_7389009
pd-user_103937
pd-user_3670841
pd-user_9876241
pd-user_4183187
pd-user_2235485
pd-user_8687231
pd-user_9112668
pd-user_1995483
pd-user_6327996
pd-user_2390122
pd-user_3756402
pd-user_8313382
pd-user_145946
pd-user_7039554
pd-user_5466202
pd-user_8646397
pd-user_8660479
pd-user_6270619
pd-user_8490440
pd-user_802201
pd-user_321704
pd-user_768358
pd-user_1968114
pd-user_4405592
pd-user_2213447
pd-user_4253823
pd-user_3462037
pd-user_8365959
pd-user_407134
pd-user_8095279
pd-user_3862191
pd-user_2095615
pd-user_9982836
pd-user_8092292
pd-user_2740881
pd-user_1603871
pd-user_466999
pd-user_3583509
pd-user_8932097
pd-user_6237175
pd-user_1361791
pd-user_7576102
pd-user_3882735
pd-user_5935216
pd-user_1078014
pd-user_1338850
pd-user_7344455
pd-user_8979518
pd-user_2905785
pd-user_4836636
pd-user_2944416
pd-user_4253566
pd-user_5125819
pd-user_2729973
pd-user_5629409
pd-user_937616
pd-user_1831672
pd-user_8356688
pd-user_3453792
pd-user_6183629
pd-user_3816840
pd-user_155713
pd-user_1801103
pd-user_6425278
pd-user_2015273
pd-user_8673888
pd-user_4837047
pd-user_4917152
pd-user_1524551
pd-user_430936
pd-user_6934330
pd-user_1949940
pd-user_9603673
pd-user_5453735
pd-user_7757473
pd-user_2273894
pd-user_6582800
pd-user_7791637
pd-user_3565581
pd-user_367216
pd-user_2619095
pd-user_8067055
pd-user_6934710
pd-user_6712506
pd-user_6957528
pd-user_6944978
pd-user_2763744
pd-user_8386338
pd-user_9530915
pd-user_5232813
pd-user_6689648
pd-user_4995411
pd-user_4146398
pd-user_2566852
pd-user_1296831
pd-user_524833
pd-user_4585653
pd-user_1700359
pd-user_1521869
pd-user_3787521
pd-user_713032
pd-user_546326
pd-user_2087962
pd-user_1805464
pd-user_3390595
pd-user_9820430
pd-user_4467708
pd-user_4525714
pd-user_8941792
pd-user_2409672
pd-user_2832463
pd-user_6606963
pd-user_5420333
pd-user_404088
pd-user_8215972
pd-user_7092304
pd-user_2951163
pd-user_3317273
pd-user_8083796
pd-user_888076
pd-user_1109499
pd-user_3174560
pd-user_7012659
pd-user_9489398
pd-user_3956288
pd-user_3406408
pd-user_4125634
pd-user_9081992
pd-user_2848902
pd-user_1610552
pd-user_8410067
pd-user_179816
pd-user_8174540
pd-user_440383
pd-user_3213531
pd-user_8806058
pd-user_3994860
pd-user_763235
pd-user_4619391
pd-user_7473761
pd-user_9835681
pd-user_2350923
pd-user_296190
pd-user_5966865
pd-user_9836200
pd-user_7359010
pd-user_3678812
pd-user_4071460
pd-user_1057854
pd-user_364456
pd-user_9879545
pd-user_1398303
pd-user_8043959
pd-user_380965
pd-user_1998772
pd-user_9337548
pd-user_5855625
pd-user_5976175
pd-user_9347788
pd-user_8279023
pd-user_7387482
pd-user_7514947
pd-user_8893842
pd-user_9947449
pd-user_2230278
pd-user_4238507
pd-user_6628690
pd-user_1867439
pd-user_8153062
pd-user_6079723
pd-user_6454796
pd-user_4032713
pd-user_1078012
pd-user_7780054
pd-user_720993
pd-user_7438872
pd-user_1180975
pd-user_8780762
pd-user_3099569
pd-user_1014864
pd-user_6932260
pd-user_3104314
pd-user_4638993
pd-user_4629401
pd-user_9651922
pd-user_6278564
pd-user_9367323
pd-user_3679711
pd-user_3395410
pd-user_3391085
pd-user_7905239
pd-user_7935136
pd-user_4385616
pd-user_2608503
pd-user_1012549
pd-user_6396875
pd-user_3812729
pd-user_8688886
pd-user_2435105
pd-user_6331833
pd-user_2945323
pd-user_3244694
pd-user_5449644
pd-user_9373345
pd-user_9700264
pd-user_3937903
pd-user_7163444
pd-user_7520382
pd-user_5218960
pd-user_2121660
pd-user_7741833
pd-user_4201805
pd-user_4396255
pd-user_6746343
pd-user_6309010
pd-user_3772960
pd-user_6122865
pd-user_701025
pd-user_595779
pd-user_3377073
pd-user_9312108
pd-user_2697582
pd-user_2864246
pd-user_3236123
pd-user_676557
pd-user_5575707
pd-user_8182072
pd-user_5811894
pd-user_9855845
pd-user_8464571
pd-user_5442331
pd-user_6213449
pd-user_1608863
pd-user_3967521
pd-user_9793545
pd-user_2212530
pd-user_5012516
pd-user_2910013
pd-user_8429200
pd-user_4834583
pd-user_1275678
pd-user_7399229
pd-user_3888917
pd-user_2115072
pd-user_5039476
pd-user_8799825
pd-user_2019624
pd-user_700776
pd-user_8597298
pd-user_1425856
pd-user_4612135
pd-user_7213171
pd-user_453033
pd-user_2704832
pd-user_7325254
pd-user_6923088
pd-user_54830
pd-user_4684367
pd-user_9443277
pd-user_1010190
pd-user_9880857
pd-user_1137746
pd-user_9045770
pd-user_4040702
pd-user_6352841
pd-user_8820154
pd-user_8354605
pd-user_2690837
pd-user_685606
pd-user_6522133
pd-user_2151655
pd-user_575858
pd-user_3964351
pd-user_3298153
pd-user_5134826
pd-user_2731727
pd-user_4768004
pd-user_4294603
pd-user_1704990
pd-user_6884206
pd-user_7018026
pd-user_7813195
pd-user_796442
pd-user_1560295
pd-user_3087618
pd-user_5970085
pd-user_9406179
pd-user_4063225
pd-user_8173243
pd-user_1291300
pd-user_7813093
pd-user_2959956
pd-user_3703105
pd-user_3155298
pd-user_3516152
pd-user_1388364
pd-user_9958213
pd-user_4134039
pd-user_2643544
pd-user_2853595
pd-user_6889253
pd-user_2663189
pd-user_5420674
pd-user_8951732
pd-user_9582916
pd-user_1581771
pd-user_4805101
pd-user_6709096
pd-user_2364469
pd-user_2110045
pd-user_9827401
pd-user_982327
pd-user_8277459
pd-user_1311460
pd-user_7159339
pd-user_5093290
pd-user_2871313
pd-user_6410823
pd-user_2939663
pd-user_4104116
pd-user_6080684
pd-user_1255822
pd-user_1433837
pd-user_2776533
pd-user_5565239
pd-user_4805742
pd-user_8144813
pd-user_2516934
pd-user_8483718
pd-user_9054305
pd-user_7536708
pd-user_9709232
pd-user_1336607
pd-user_8247418
pd-user_9569248
pd-user_7610232
pd-user_9003880
pd-user_9658244
pd-user_1684395
pd-user_5578320
pd-user_8127855
pd-user_1173318
pd-user_2281940
pd-user_5595086
pd-user_4876047
pd-user_2965469
pd-user_5960312
pd-user_8784978
pd-user_8039167
pd-user_1607861
pd-user_9872715
pd-user_1396731
pd-user_9684243
pd-user_2378113
pd-user_916272
pd-user_3333263
pd-user_4749591
pd-user_1623636
pd-user_3520375
pd-user_6127248
pd-user_7508743
pd-user_3011909
pd-user_8050059
pd-user_7823474
pd-user_5139229
pd-user_4923467
pd-user_9117724
pd-user_1622561
pd-user_2204742
pd-user_1336214
pd-user_7614557
pd-user_1633276
pd-user_1583683
pd-user_3409420
pd-user_6019151
pd-user_8817343
pd-user_64794
pd-user_9556901
pd-user_231702
pd-user_4410075
pd-user_9192865
pd-user_9682304
pd-user_7885307
pd-user_8231799
pd-user_5699565
pd-user_4549403
pd-user_4976073
pd-user_4604000
pd-user_7945265
pd-user_5326436
pd-user_9767432
pd-user_1506666
pd-user_3673471
pd-user_9054980
pd-user_4298651
pd-user_9513005
pd-user_9670355
pd-user_8736502
pd-user_7729635
pd-user_9544030
pd-user_955519
pd-user_1255444
pd-user_102788
pd-user_1089749
pd-user_7129948
pd-user_5998504
pd-user_8492559
pd-user_8887867
pd-user_415885
pd-user_922320
pd-user_5036582
pd-user_2252582
pd-user_2284200
pd-user_2797444
pd-user_9414216
pd-user_3863394
pd-user_6178659
pd-user_6575519
pd-user_869682
pd-user_8571970
pd-user_6269782
pd-user_1985015
pd-user_4308985
pd-user_1807898
pd-user_9494799
pd-user_8282319
pd-user_8627630
pd-user_822616
pd-user_9744305
pd-user_1652220
pd-user_6772560
pd-user_2382094
pd-user_2687638
pd-user_7822865
pd-user_6696643
pd-user_3428822
pd-user_7331337
pd-user_987940
pd-user_6520636
pd-user_5738824
pd-user_7751028
pd-user_4472110
pd-user_456419
pd-user_5954199
pd-user_2223728
pd-user_9087154
pd-user_6221904
pd-user_377280
pd-user_6814911
pd-user_842459
pd-user_574034
pd-user_6485390
pd-user_3477772
pd-user_7415230
pd-user_6619384
pd-user_3934606
pd-user_185000
pd-user_1022871
pd-user_3565488
pd-user_3901163
pd-user_1710039
pd-user_3818935
pd-user_3575304
pd-user_6600190
pd-user_6129127
pd-user_5275699
pd-user_6235732
pd-user_7470868
pd-user_2624170
pd-user_7130598
pd-user_6615252
pd-user_5500112
pd-user_4685727
pd-user_3803553
pd-user_9483988
pd-user_1153332
pd-user_6697376
pd-user_4074431
pd-user_6561111
pd-user_2198078
pd-user_8681904
pd-user_6188977
pd-user_6386604
pd-user_6763654
pd-user_6308396
pd-user_6827955
pd-user_3316345
pd-user_1077732
pd-user_9339959
pd-user_3816469
pd-user_9115564
pd-user_6854578
pd-user_7109853
pd-user_2326560
pd-user_1060606
pd-user_7347021
pd-user_9992173
pd-user_3305792
pd-user_4429297
pd-user_5207007
pd-user_4966270
pd-user_1985365
pd-user_2590537
pd-user_3217794
pd-user_1333244
pd-user_7796101
pd-user_3536234
pd-user_7375646
pd-user_5644663
pd-user_5343548
pd-user_5012612
pd-user_2798311
pd-user_9024093
pd-user_1443090
pd-user_2637449
pd-user_7345440
pd-user_2610278
pd-user_9814829
pd-user_3360552
pd-user_9424073
pd-user_9687962
pd-user_464378
pd-user_6894654
pd-user_9226876
pd-user_754741
pd-user_2416819
pd-user_1296759
pd-user_3225629
pd-user_108055
pd-user_2840530
pd-user_9634892
pd-user_6521619
pd-user_9257866
pd-user_3637927
pd-user_6230153
pd-user_2907481
pd-user_2605941
pd-user_1962413
pd-user_5632191
pd-user_7782101
pd-user_9587619
pd-user_2258176
pd-user_3088562
pd-user_3944210
pd-user_3238157
pd-user_600887
pd-user_1311002
pd-user_490735
pd-user_3460413
pd-user_1828141
pd-user_3880868
pd-user_3056877
pd-user_1516865
pd-user_4673303
pd-user_506174
pd-user_7549248
pd-user_9646165
pd-user_9677129
pd-user_6725517
pd-user_1529806
pd-user_3391863
pd-user_9025793
pd-user_2673579
pd-user_6351411
pd-user_7967409
pd-user_7391198
pd-user_1043207
pd-user_2775036
pd-user_575056
pd-user_8945023
pd-user_6475540
pd-user_6615688
pd-user_402315
pd-user_7251347
pd-user_8130476
pd-user_9088186
pd-user_5384619
pd-user_9135273
pd-user_6580726
pd-user_4852399
pd-user_4424986
pd-user_4838914
pd-user_4121781
pd-user_7094059
pd-user_2248051
pd-user_810744
pd-user_9346854
pd-user_9899371
pd-user_5637524
pd-user_5010003
pd-user_7236185
pd-user_2683904
pd-user_4938457
pd-user_2649428
pd-user_4051573
pd-user_3658689
pd-user_9114027
pd-user_5131796
pd-user_9391926
pd-user_8357252
pd-user_2645726
pd-user_7244063
pd-user_8453582
pd-user_6291778
pd-user_1973275
pd-user_18563
pd-user_543980
pd-user_5457768
pd-user_8866198
pd-user_5630832
pd-user_7735131
pd-user_8042065
pd-user_3602736
pd-user_1917015
pd-user_4185277
pd-user_322178
pd-user_2433318
pd-user_7915165
pd-user_2825202
pd-user_5598147
pd-user_5094632
pd-user_4059665
pd-user_7257627
pd-user_3927897
pd-user_9639065
pd-user_6246409
pd-user_2904782
pd-user_9490066
pd-user_6215952
pd-user_4760035
pd-user_283921
pd-user_7892415
pd-user_165321
pd-user_8244928
pd-user_1329036
pd-user_1071782
pd-user_1502528
pd-user_9096130
pd-user_5632553
pd-user_3584760
pd-user_9387356
pd-user_4605478
pd-user_4285600
pd-user_3810477
pd-user_4178218
pd-user_9542290
pd-user_4293925
pd-user_5567459
pd-user_7184714
pd-user_5365597
pd-user_1464470
pd-user_663310
pd-user_3240621
pd-user_1692093
pd-user_6317566
pd-user_418821
pd-user_5773470
pd-user_9599219
pd-user_530452
pd-user_256070
pd-user_9995579
pd-user_2601083
pd-user_9659243
pd-user_5139677
pd-user_1584481
pd-user_326510
pd-user_3252641
pd-user_552741
pd-user_8591098
pd-user_7572265
pd-user_1181075
pd-user_3591661
pd-user_3824958
pd-user_6153921
pd-user_1547881
pd-user_1818661
pd-user_444320
pd-user_7192512
pd-user_4610114
pd-user_4183206
pd-user_5981378
pd-user_3452379
pd-user_7738067
pd-user_3860704
pd-user_3764370
pd-user_7593048
pd-user_8360568
pd-user_7181447
pd-user_6977372
pd-user_8095946
pd-user_5351466
pd-user_1630344
pd-user_514048
pd-user_8880594
pd-user_7175381
pd-user_1985103
pd-user_2127245
pd-user_4332744
pd-user_6877724
pd-user_4468539
pd-user_633507
pd-user_345450
pd-user_5246965
pd-user_3016096
pd-user_3693441
pd-user_3964266
pd-user_2683242
pd-user_8445952
pd-user_6369594
pd-user_7394577
pd-user_796896
pd-user_6015003
pd-user_6911189
pd-user_2776896
pd-user_7130708
pd-user_1916171
pd-user_9195048
pd-user_1421504
pd-user_5189799
pd-user_8573761
pd-user_512898
pd-user_5372011
pd-user_7624778
pd-user_615789
pd-user_6426665
pd-user_4576395
pd-user_2855498
pd-user_6114944
pd-user_6673125
pd-user_5622880
pd-user_151621
pd-user_9287075
pd-user_6971611
pd-user_2426328
pd-user_9997080
pd-user_9620421
pd-user_1179763
pd-user_6469519
pd-user_7901725
pd-user_2563087
pd-user_4149237
pd-user_3993233
pd-user_7867081
pd-user_2881092
pd-user_4793920
pd-user_7684431
pd-user_2616234
pd-user_9385499
pd-user_3258823
pd-user_3662916
pd-user_2220881
pd-user_6312303
pd-user_3636162
pd-user_4323477
pd-user_7577372
pd-user_777683
pd-user_8096341
pd-user_3462562
pd-user_9422974
pd-user_5186653
pd-user_3785859
pd-user_4295725
pd-user_2335423
pd-user_8140189
pd-user_1060257
pd-user_1661229
pd-user_1953383
pd-user_171030
pd-user_1105595
pd-user_4003492
pd-user_3662849
pd-user_4248885
pd-user_4554710
pd-user_696704
pd-user_2732661
pd-user_4300185
pd-user_6964289
pd-user_9494411
pd-user_3157017
pd-user_2089042
pd-user_9847665
pd-user_1605525
pd-user_5214026
pd-user_9062487
pd-user_5314958
pd-user_1991715
pd-user_2906313
pd-user_9243357
pd-user_8503790
pd-user_2521863
pd-user_1500203
pd-user_2403050
pd-user_9421062
pd-user_3536172
pd-user_1643651
pd-user_9189196
pd-user_6320490
pd-user_9216748
pd-user_2475018
pd-user_8851696
pd-user_6843051
pd-user_8310537
pd-user_4592211
pd-user_4631415
pd-user_2530055
pd-user_1196698
pd-user_4724477
pd-user_7409846
pd-user_6493934
pd-user_7723498
pd-user_2119090
pd-user_8866118
pd-user_2116063
pd-user_6128829
pd-user_9605643
pd-user_5494733
pd-user_6021195
pd-user_3775524
pd-user_7921575
pd-user_3565611
pd-user_1160330
pd-user_9102015
pd-user_2533075
pd-user_5121280
pd-user_756446
pd-user_1811126
pd-user_2528469
pd-user_3655127
pd-user_3545039
pd-user_7034374
pd-user_534452
pd-user_2594792
pd-user_7124464
pd-user_6112896
pd-user_8855580
pd-user_7698599
pd-user_4310400
pd-user_6532317
pd-user_7297753
pd-user_9674111
pd-user_2632810
pd-user_1609336
pd-user_6530618
pd-user_3457753
pd-user_9522289
pd-user_6063475
pd-user_8946933
pd-user_6851049
pd-user_3016291
pd-user_3234944
pd-user_7012640
pd-user_9777627
pd-user_998918
pd-user_550928
pd-user_8122954
pd-user_2478130
pd-user_1480550
pd-user_1381733
pd-user_5265168
pd-user_1259692
pd-user_3853286
pd-user_4200006
pd-user_14661
pd-user_9686347
pd-user_2443066
pd-user_7522403
pd-user_8157194
pd-user_3841919
pd-user_4758617
pd-user_6836843
pd-user_5129909
pd-user_3927461
pd-user_2004413
pd-user_815803
pd-user_1094308
pd-user_5787512
pd-user_8205849
pd-user_9631332
pd-user_8225520
pd-user_4424474
pd-user_3161195
pd-user_7376928
pd-user_7179526
pd-user_3723701
pd-user_3445825
pd-user_7463468
pd-user_396109
pd-user_5469850
pd-user_2617372
pd-user_1451336
pd-user_9104378
pd-user_2943500
pd-user_815157
pd-user_4690305
pd-user_3113099
pd-user_4301061
pd-user_9990454
pd-user_1090468
pd-user_3994346
pd-user_2183866
pd-user_5612550
pd-user_3814485
pd-user_2538267
pd-user_6272710
pd-user_966432
pd-user_3744607
pd-user_5990751
pd-user_6484084
pd-user_1888512
pd-user_8629824
pd-user_1842090
pd-user_218297
pd-user_748961
pd-user_3236546
pd-user_4989425
pd-user_4724267
pd-user_7277036
pd-user_5184548
pd-user_3274401
pd-user_404244
pd-user_6529537
pd-user_8447291
pd-user_1411959
pd-user_5582775
pd-user_3161014
pd-user_1215880
pd-user_3904892
pd-user_6751872
pd-user_9193616
pd-user_3155248
pd-user_1539558
pd-user_6883464
pd-user_5564307
pd-user_2552799
pd-user_3283758
pd-user_4322049
pd-user_7479966
pd-user_6427621
pd-user_5783783
pd-user_1744309
pd-user_398047
pd-user_2868394
pd-user_7122211
pd-user_4865202
pd-user_5137010
pd-user_7049043
pd-user_3373882
pd-user_2077690
pd-user_9852239
pd-user_3119213
pd-user_6561634
pd-user_4665451
pd-user_5053598
pd-user_9049838
pd-user_8512398
pd-user_7369375
pd-user_2247126
pd-user_4101669
pd-user_9349106
pd-user_1187379
pd-user_4553410
pd-user_9423172
pd-user_3558448
pd-user_6637976
pd-user_4367273
pd-user_5157044
pd-user_272528
pd-user_5848358
pd-user_7776928
pd-user_6829220
pd-user_5765282
pd-user_1090468
pd-user_2780029
pd-user_8288233
pd-user_9812061
pd-user_7813685
pd-user_9766397
pd-user_8615814
pd-user_5389055
pd-user_1848766
pd-user_2273795
pd-user_145818
pd-user_1140406
pd-user_5854927
pd-user_5755318
pd-user_9262244
pd-user_2533851
pd-user_3819741
pd-user_2698541
pd-user_6433725
pd-user_987172
pd-user_7814326
pd-user_8391771
pd-user_3972704
pd-user_9177071
pd-user_100443
pd-user_4366806
pd-user_8163876
pd-user_4360869
pd-user_7752280
pd-user_667636
pd-user_8416110
pd-user_8091594
pd-user_5261108
pd-user_5420021
pd-user_3250160
pd-user_6449319
pd-user_9579290
pd-user_9835304
pd-user_315050
pd-user_7828248
pd-user_1814460
pd-user_5306398
pd-user_4181805
pd-user_2985558
pd-user_3377448
pd-user_1620875
pd-user_1453654
pd-user_8172792
pd-user_1035070
pd-user_4105936
pd-user_466494
pd-user_5221795
pd-user_5504712
pd-user_5248136
pd-user_7951241
pd-user_2296793
pd-user_429533
pd-user_9333291
pd-user_4753017
pd-user_8848799
pd-user_3193750
pd-user_115282
pd-user_6895570
pd-user_5536050
pd-user_299340
pd-user_5379943
pd-user_418092
pd-user_8007695
pd-user_810401
pd-user_3024996
pd-user_5266190
pd-user_2923186
pd-user_9321789
pd-user_7365960
pd-user_5260390
pd-user_2073781
pd-user_3685739
pd-user_3452165
pd-user_6800042
pd-user_7310724
pd-user_4076366
pd-user_8669585
pd-user_2223229
pd-user_1768727
pd-user_725870
pd-user_5831744
pd-user_8421861
pd-user_119857
pd-user_2277953
pd-user_5870548
pd-user_8448559
pd-user_5483666
pd-user_5289435
pd-user_3379224
pd-user_8926948
pd-user_5150628
pd-user_4344747
pd-user_1299202
pd-user_21156
pd-user_1291305
pd-user_1972422
pd-user_8917500
pd-user_1418264
pd-user_8081096
pd-user_6911943
pd-user_5865178
pd-user_6755269
pd-user_5113424
pd-user_4074880
pd-user_8818504
pd-user_685897
pd-user_9885788
pd-user_202849
pd-user_6200717
pd-user_6650558
pd-user_4831028
pd-user_9106852
pd-user_7744474
pd-user_8217585
pd-user_1596281
pd-user_740878
pd-user_4760613
pd-user_9547215
pd-user_1883211
pd-user_1913940
pd-user_1905049
pd-user_9690297
pd-user_5883432
pd-user_5564803
pd-user_9970621
pd-user_5524592
pd-user_9705117
pd-user_8888600
pd-user_204277
pd-user_590926
pd-user_3862884
pd-user_7540485
pd-user_5118656
pd-user_136315
pd-user_623949
pd-user_1883548
pd-user_8331
pd-user_1421369
pd-user_2432769
pd-user_8243391
pd-user_1698445
pd-user_2421663
pd-user_8838525
pd-user_4717324
pd-user_5552766
pd-user_1678979
pd-user_4293431
pd-user_7956174
pd-user_9754253
pd-user_8406743
pd-user_4478456
pd-user_8501348
pd-user_1731571
pd-user_2163882
pd-user_986326
pd-user_7836762
pd-user_5233801
pd-user_9118822
pd-user_8881265
pd-user_6867302
pd-user_5947733
pd-user_4326192
pd-user_8269143
pd-user_6046982
pd-user_2278317
pd-user_889299
pd-user_2769307
pd-user_5524030
pd-user_8521346
pd-user_3814358
pd-user_4635246
pd-user_5369913
pd-user_1539013
pd-user_9659910
pd-user_5519010
pd-user_1404596
pd-user_4291515
pd-user_2593105
pd-user_4247251
pd-user_7495812
pd-user_1920182
pd-user_731208
pd-user_5632798
pd-user_7721115
pd-user_1573252
pd-user_8213100
pd-user_8607153
pd-user_3666488
pd-user_3701596
pd-user_5266597
pd-user_8607988
pd-user_3168453
pd-user_2509747
pd-user_560515
pd-user_6803953
pd-user_7156569
pd-user_2790356
pd-user_9370924
pd-user_6820685
pd-user_3608552
pd-user_451682
pd-user_2961607
pd-user_7879364
pd-user_8252970
pd-user_7797516
pd-user_6990399
pd-user_4043084
pd-user_5936348
pd-user_6139166
pd-user_2768506
pd-user_9232164
pd-user_9136591
pd-user_2489117
pd-user_8757059
pd-user_7843672
pd-user_2560494
pd-user_6929049
pd-user_8001457
pd-user_1532963
pd-user_8093617
pd-user_8259693
pd-user_6221630
pd-user_1598097
pd-user_2820675
pd-user_1219287
pd-user_991347
pd-user_7247479
pd-user_6377160
pd-user_5672950
pd-user_1064747
pd-user_3143396
pd-user_2232373
pd-user_5634739
pd-user_7673884
pd-user_5800695
pd-user_1459942
pd-user_6186693
pd-user_5056246
pd-user_7630399
pd-user_5601494
pd-user_8382817
pd-user_3284918
pd-user_3657695
pd-user_9148041
pd-user_107135
pd-user_1671736
pd-user_2912453
pd-user_7827694
pd-user_2092535
pd-user_2641051
pd-user_1225521
pd-user_2648553
pd-user_9554818
pd-user_6961031
pd-user_4576741
pd-user_72023
pd-user_2998325
pd-user_2578171
pd-user_8148779
pd-user_2504002
pd-user_822548
pd-user_6818218
pd-user_434777
pd-user_4077624
pd-user_6811936
pd-user_9968334
pd-user_359694
pd-user_6800808
pd-user_6560972
pd-user_2851073
pd-user_9887415
pd-user_6692284
pd-user_3313221
pd-user_7553585
pd-user_73212
pd-user_9137865
pd-user_4300156
pd-user_4737479
pd-user_8632885
pd-user_3304047
pd-user_8347848
pd-user_3058107
pd-user_9249096
pd-user_8751584
pd-user_2790298
pd-user_2648458
pd-user_6171601
pd-user_3569872
pd-user_7627344
pd-user_6571427
pd-user_7112519
pd-user_99993
pd-user_3016764
pd-user_2645045
pd-user_30772
pd-user_4588823
pd-user_9601199
pd-user_7091618
pd-user_5534480
pd-user_5991982
pd-user_6568233
pd-user_4004164
pd-user_102643
pd-user_4058371
pd-user_6044699
pd-user_2386813
pd-user_5746366
pd-user_8095384
pd-user_6561391
pd-user_8149034
pd-user_6221607
pd-user_3051334
pd-user_5726081
pd-user_127347
pd-user_8087184
pd-user_1674808
pd-user_1820969
pd-user_5979137
pd-user_3656232
pd-user_697625
pd-user_2121496
pd-user_11643
pd-user_416561
pd-user_7071480
pd-user_3261451
pd-user_3253515
pd-user_5307169
pd-user_2913909
pd-user_3168938
pd-user_1303123
pd-user_3943536
pd-user_9915635
pd-user_6722077
pd-user_1191588
pd-user_9445065
pd-user_9169799
pd-user_2826103
pd-user_6969470
pd-user_7114070
pd-user_1126326
pd-user_9408025
pd-user_9939096
pd-user_8988290
pd-user_2085366
pd-user_5382883
pd-user_5759056
pd-user_1156001
pd-user_8096926
pd-user_6888534
pd-user_9942274
pd-user_3248978
pd-user_4155589
pd-user_5220746
pd-user_9755629
pd-user_7407998
pd-user_9987158
pd-user_6334984
pd-user_7200923
pd-user_8350883
pd-user_600904
pd-user_8159757
pd-user_8615136
pd-user_5359450
pd-user_830743
pd-user_6184750
pd-user_4940089
pd-user_2042532
pd-user_2260192
pd-user_4576359
pd-user_5787479
pd-user_4804764
pd-user_2165498
pd-user_7831505
pd-user_9959597
pd-user_7558733
pd-user_4768909
pd-user_5547437
pd-user_6796879
pd-user_3263318
pd-user_3381838
pd-user_1836197
pd-user_5912428
pd-user_8972268
pd-user_4699671
pd-user_633229
pd-user_8634637
pd-user_1996064
pd-user_6881667
pd-user_7520912
pd-user_3699576
pd-user_1066483
pd-user_950937
pd-user_4474225
pd-user_2741359
pd-user_230338
pd-user_4044168
pd-user_9242650
pd-user_1892416
pd-user_6354573
pd-user_1081537
pd-user_9868587
pd-user_7891994
pd-user_7848194
pd-user_3649715
pd-user_8798368
pd-user_8715354
pd-user_3604876
pd-user_4825135
pd-user_603521
pd-user_4567882
pd-user_1845343
pd-user_1491655
pd-user_2438423
pd-user_9314828
pd-user_2075668
pd-user_2767092
pd-user_1036508
pd-user_4043519
pd-user_4507618
pd-user_9526534
pd-user_5382480
pd-user_1374237
pd-user_7987404
pd-user_2254870
pd-user_5822636
pd-user_1612085
pd-user_5871044
pd-user_5724342
pd-user_5994512
pd-user_3730404
pd-user_9329919
pd-user_1627714
pd-user_5811345
pd-user_5178322
pd-user_7991875
pd-user_8875338
pd-user_6149026
pd-user_6398752
pd-user_6306439
pd-user_390041
pd-user_4877104
pd-user_8981412
pd-user_8721270
pd-user_1936986
pd-user_9342343
pd-user_2006143
pd-user_6703914
pd-user_9805175
pd-user_9713567
pd-user_4202908
pd-user_3922530
pd-user_2587591
pd-user_2537892
pd-user_2359350
pd-user_637121
pd-user_8198220
pd-user_1263044
pd-user_4351811
pd-user_4983062
pd-user_9207179
pd-user_7398932
pd-user_626896
pd-user_2864278
pd-user_7981192
pd-user_5915499
pd-user_1958689
pd-user_952841
pd-user_868
pd-user_2545382
pd-user_3431421
pd-user_9806928
pd-user_6492672
pd-user_3585123
pd-user_1347677
pd-user_2016715
pd-user_3455362
pd-user_9384589
pd-user_3167105
pd-user_2553635
pd-user_6260107
pd-user_5676444
pd-user_233441
pd-user_6699341
pd-user_6107859
pd-user_4187216
pd-user_5028164
pd-user_2688022
pd-user_5666176
pd-user_4248103
pd-user_4381921
pd-user_933367
pd-user_3792612
pd-user_5199192
pd-user_5292237
pd-user_7341099
pd-user_7645099
pd-user_4020653
pd-user_7418243
pd-user_5002250
pd-user_39026
pd-user_310048
pd-user_9115284
pd-user_7462888
pd-user_2626068
pd-user_5676040
pd-user_2021831
pd-user_8871763
pd-user_8295198
pd-user_3863619
pd-user_1886250
pd-user_1952655
pd-user_7194725
pd-user_9415736
pd-user_791059
pd-user_6337949
pd-user_7341719
pd-user_1559418
pd-user_6936384
pd-user_429671
pd-user_3908049
pd-user_2879644
pd-user_9121341
pd-user_5954143
pd-user_7888422
pd-user_5329142
pd-user_1176771
pd-user_1554441
pd-user_5670752
pd-user_3676079
pd-user_1058434
pd-user_1116525
pd-user_7371062
pd-user_7071319
pd-user_121290
pd-user_8311363
pd-user_3820472
pd-user_6709875
pd-user_1527905
pd-user_5119543
pd-user_9903381
pd-user_2847328
pd-user_5321332
pd-user_5434808
pd-user_420221
pd-user_7337661
pd-user_2623355
pd-user_2849400
pd-user_1517989
pd-user_3837469
pd-user_9952190
pd-user_3148132
pd-user_369280
pd-user_1297786
pd-user_3028117
pd-user_2534416
pd-user_1317569
pd-user_6833025
pd-user_8819327
pd-user_7735050
pd-user_5064199
pd-user_3038244
pd-user_4748748
pd-user_7737065
pd-user_638990
pd-user_945493
pd-user_1113786
pd-user_3568232
pd-user_6852541
pd-user_6557229
pd-user_9026719
pd-user_9380249
pd-user_5770687
pd-user_5842169
pd-user_1322180
pd-user_6787254
pd-user_9415106
pd-user_8562258
pd-user_7185848
pd-user_7966661
pd-user_2828652
pd-user_6780297
pd-user_2776823
pd-user_8938790
pd-user_4739419
pd-user_8029626
pd-user_9905557
pd-user_3046564
pd-user_3591575
pd-user_5608278
pd-user_5190613
pd-user_904827
pd-user_3246438
pd-user_5686849
pd-user_8253711
pd-user_2229013
pd-user_8446009
pd-user_2825302
pd-user_5940067
pd-user_8115051
pd-user_4904799
pd-user_1136427
pd-user_3887487
pd-user_8834509
pd-user_7029711
pd-user_9247099
pd-user_6448272
pd-user_7939906
pd-user_5339316
pd-user_5478198
pd-user_9531499
pd-user_8031132
pd-user_6336768
pd-user_6194548
pd-user_7137165
pd-user_8584842
pd-user_8456663
pd-user_3880692
pd-user_2557227
pd-user_4583787
pd-user_9588498
pd-user_423637
pd-user_5280553
pd-user_3569147
pd-user_2962589
pd-user_7203574
pd-user_5998513
pd-user_5857827
pd-user_3055989
pd-user_3832625
pd-user_8985807
pd-user_6190906
pd-user_3722439
pd-user_3955007
pd-user_8277567
pd-user_3323020
pd-user_2958609
pd-user_9026210
pd-user_644793
pd-user_575505
pd-user_192461
pd-user_9160053
pd-user_9558993
pd-user_9912786
pd-user_45548
pd-user_4501672
pd-user_4474319
pd-user_4586822
pd-user_7189722
pd-user_790375
pd-user_3896873
pd-user_7655025
pd-user_4274043
pd-user_3491311
pd-user_8526857
pd-user_3937076
pd-user_6929183
pd-user_3059765
pd-user_7608076
pd-user_8623552
pd-user_7383399
pd-user_3453533
pd-user_6459444
pd-user_288777
pd-user_831502
pd-user_6330843
pd-user_2879015
pd-user_5223334
pd-user_2998345
pd-user_3578469
pd-user_2621061
pd-user_5389645
pd-user_9470622
pd-user_1352847
pd-user_1298937
pd-user_9165112
pd-user_9308849
pd-user_7286873
pd-user_7665668
pd-user_4376837
pd-user_9517825
pd-user_9005076
pd-user_2022089
pd-user_9466097
pd-user_7580769
pd-user_8856336
pd-user_5554532
pd-user_7535764
pd-user_9311229
pd-user_3309878
pd-user_2500001
pd-user_4398476
pd-user_6670687
pd-user_7539561
pd-user_4807015
pd-user_9276245
pd-user_3519130
pd-user_7666194
pd-user_1139684
pd-user_7442361
pd-user_1171916
pd-user_1824844
pd-user_3510533
pd-user_4987134
pd-user_6280998
pd-user_1485249
pd-user_3692277
pd-user_8313667
pd-user_8580416
pd-user_4456170
pd-user_9883905
pd-user_7804860
pd-user_648353
pd-user_5866544
pd-user_4442441
pd-user_4710497
pd-user_1519509
pd-user_9860628
pd-user_3023635
pd-user_1410950
pd-user_5253390
pd-user_3106201
pd-user_1464266
pd-user_3756853
pd-user_6913809
pd-user_6488161
pd-user_4700109
pd-user_6159046
pd-user_7408592
pd-user_7138080
pd-user_463299
pd-user_5379019
pd-user_5715556
pd-user_6238628
pd-user_9825442
pd-user_6888597
pd-user_3649095
pd-user_1502464
pd-user_8744300
pd-user_2985446
pd-user_5813942
pd-user_924694
pd-user_4957306
pd-user_4113310
pd-user_7252451
pd-user_6284526
pd-user_4704595
pd-user_9776559
pd-user_5787901
pd-user_3838385
pd-user_3532117
pd-user_1200790
pd-user_9390737
pd-user_7436737
pd-user_4857747
pd-user_148323
pd-user_1756609
pd-user_1826915
pd-user_4400052
pd-user_9281278
pd-user_2503820
pd-user_8844085
pd-user_4952816
pd-user_9671577
pd-user_289269
pd-user_4030504
pd-user_8594110
pd-user_9654827
pd-user_7644625
pd-user_6238171
pd-user_3643644
pd-user_4323748
pd-user_7029452
pd-user_100596
pd-user_434579
pd-user_2697785
pd-user_8393466
pd-user_2536806
pd-user_5019166
pd-user_6452127
pd-user_5243240
pd-user_8511691
pd-user_2689980
pd-user_5100631
pd-user_5262762
pd-user_3580822
pd-user_5374546
pd-user_6709535
pd-user_6418039
pd-user_9957881
pd-user_3988585
pd-user_3118842
pd-user_1021911
pd-user_9371388
pd-user_7868891
pd-user_6792082
pd-user_3731906
pd-user_5729837
pd-user_5198445
pd-user_800237
pd-user_1681260
pd-user_1092085
pd-user_7775070
pd-user_5140630
pd-user_6337520
pd-user_6643040
pd-user_3467287
pd-user_4650997
pd-user_4468430
pd-user_8879773
pd-user_8895474
pd-user_3877809
pd-user_9330667
pd-user_8781745
pd-user_127917
pd-user_860849
pd-user_3752319
pd-user_9027623
pd-user_1780194
pd-user_1299782
pd-user_1378134
pd-user_5848953
pd-user_9115156
pd-user_6520004
pd-user_1475711
pd-user_6274128
pd-user_4420168
pd-user_8175189
pd-user_737889
pd-user_3083003
pd-user_3963722
pd-user_5126782
pd-user_9185118
pd-user_4285978
pd-user_9561246
pd-user_8660627
pd-user_1741645
pd-user_1759493
pd-user_1742703
pd-user_1429858
pd-user_8454131
pd-user_6030292
pd-user_230885
pd-user_6979696
pd-user_1820555
pd-user_4245959
pd-user_7613342
pd-user_3984074
pd-user_2419099
pd-user_7087219
pd-user_767379
[2026-06-28 07:43:13,059] main-instance/INFO/locust.runners: Got quit message from master, shutting down...
test stop
[2026-06-28 07:43:13,088] main-instance/INFO/locust.main: Shutting down (exit code 0)
