[2026-06-28 07:41:15,125] main-instance/INFO/locust.main: Starting Locust 2.44.4
producer start
127.0.0.1:19092, ad-stream-topic
producer creating
created
pd-user_3896019
pd-user_9549935
pd-user_1021880
pd-user_5853262
pd-user_8765956
pd-user_2763392
pd-user_5873202
pd-user_2235176
pd-user_211785
pd-user_3625971
pd-user_7080244
pd-user_3727612
pd-user_3698369
pd-user_3542789
pd-user_849701
pd-user_3299459
pd-user_847171
pd-user_8015414
pd-user_5151285
pd-user_7977729
pd-user_144629
pd-user_8338147
pd-user_6987417
pd-user_459271
pd-user_6724467
pd-user_7242508
pd-user_4159171
pd-user_4996543
pd-user_7215628
pd-user_7275438
pd-user_3671282
pd-user_3335500
pd-user_9590415
pd-user_7734616
pd-user_2094971
pd-user_9262327
pd-user_7841775
pd-user_1530183
pd-user_8301547
pd-user_3009451
pd-user_6332308
pd-user_3932419
pd-user_6848845
pd-user_8094748
pd-user_281427
pd-user_4586529
pd-user_2824357
pd-user_3261309
pd-user_3086933
pd-user_9721030
pd-user_2468469
pd-user_3796503
pd-user_7854446
pd-user_1227236
pd-user_644958
pd-user_9380775
pd-user_4932839
pd-user_3894696
pd-user_7866613
pd-user_2748387
pd-user_7474996
pd-user_5799477
pd-user_2866877
pd-user_8589128
pd-user_7901324
pd-user_1660571
pd-user_615938
pd-user_304755
pd-user_7809884
pd-user_486930
pd-user_1612340
pd-user_1934753
pd-user_2798608
pd-user_2521758
pd-user_760502
pd-user_7578555
pd-user_6756965
pd-user_9428102
pd-user_6188079
pd-user_8567356
pd-user_6074108
pd-user_1452398
pd-user_6066718
pd-user_9391871
pd-user_1865594
pd-user_6124341
pd-user_3390801
pd-user_3314984
pd-user_8777999
pd-user_4508559
pd-user_4822584
pd-user_5717189
pd-user_3451923
pd-user_777046
pd-user_6411685
pd-user_7022365
pd-user_2292400
pd-user_5708058
pd-user_2630668
pd-user_8820364
pd-user_1465876
pd-user_9100600
pd-user_1929825
pd-user_2299662
pd-user_1749077
pd-user_4936545
pd-user_6669319
pd-user_3198638
pd-user_9721080
pd-user_5412704
pd-user_6382643
pd-user_4886694
pd-user_3501829
pd-user_5778575
pd-user_5120650
pd-user_1397309
pd-user_3365475
pd-user_9493912
pd-user_8883434
pd-user_8889585
pd-user_3660211
pd-user_3701546
pd-user_9530509
pd-user_2787696
pd-user_2962807
pd-user_6199252
pd-user_6950076
pd-user_1219047
pd-user_2085262
pd-user_1247336
pd-user_8045466
pd-user_9613472
pd-user_2347901
pd-user_552039
pd-user_1246138
pd-user_7350480
pd-user_708801
pd-user_7116492
pd-user_672023
pd-user_1898976
pd-user_3570586
pd-user_6081322
pd-user_1734035
pd-user_3846680
pd-user_375588
pd-user_9192636
pd-user_3496858
pd-user_1914693
pd-user_8516647
pd-user_6758078
pd-user_2586908
pd-user_8983421
pd-user_5776402
pd-user_1166121
pd-user_4215916
pd-user_7904765
pd-user_9008042
pd-user_5116379
pd-user_3970884
pd-user_986525
pd-user_5107641
pd-user_5466696
pd-user_6625730
pd-user_2376329
pd-user_4314957
pd-user_4785189
pd-user_2248016
pd-user_1257898
pd-user_3196562
pd-user_6347593
pd-user_3761155
pd-user_7256684
pd-user_5560890
pd-user_2525599
pd-user_8509141
pd-user_9879681
pd-user_8710910
pd-user_8165275
pd-user_9833962
pd-user_1879307
pd-user_9161881
pd-user_5908240
pd-user_6907857
pd-user_6256608
pd-user_3869444
pd-user_2709143
pd-user_622476
pd-user_5201855
pd-user_9024808
pd-user_8751079
pd-user_8879049
pd-user_412767
pd-user_6300033
pd-user_7450313
pd-user_4752680
pd-user_2892993
pd-user_838352
pd-user_277535
pd-user_7258062
pd-user_9034030
pd-user_2506221
pd-user_1818515
pd-user_9220274
pd-user_3952671
pd-user_1408902
pd-user_2907766
pd-user_1405622
pd-user_71091
pd-user_4556374
pd-user_4195361
pd-user_7369222
pd-user_4379436
pd-user_516862
pd-user_9131885
pd-user_8091203
pd-user_9987290
pd-user_3976949
pd-user_1022056
pd-user_8979056
pd-user_2373736
pd-user_6246105
pd-user_8456976
pd-user_1842895
pd-user_1007928
pd-user_7676719
pd-user_9796282
pd-user_5482564
pd-user_6151808
pd-user_6528867
pd-user_9050107
pd-user_9854531
pd-user_2825296
pd-user_6003479
pd-user_8765054
pd-user_1646637
pd-user_1931044
pd-user_1450339
pd-user_3287395
pd-user_1091485
pd-user_256888
pd-user_1236797
pd-user_6825755
pd-user_8461571
pd-user_1290791
pd-user_6833057
pd-user_5882264
pd-user_876753
pd-user_5947502
pd-user_5983643
pd-user_7141700
pd-user_9659017
pd-user_2644680
pd-user_8055911
pd-user_4019192
pd-user_7658574
pd-user_409562
pd-user_667505
pd-user_5271
pd-user_621187
pd-user_2011668
pd-user_6037783
pd-user_4507601
pd-user_1675713
pd-user_2116230
pd-user_8613515
pd-user_2614546
pd-user_8492604
pd-user_9541790
pd-user_8193656
pd-user_2421520
pd-user_3585895
pd-user_7009677
pd-user_9677783
pd-user_7017193
pd-user_9131100
pd-user_9053862
pd-user_1201879
pd-user_1475234
pd-user_2506233
pd-user_7242829
pd-user_777823
pd-user_2101003
pd-user_2555964
pd-user_6455468
pd-user_9481917
pd-user_3845996
pd-user_5043273
pd-user_3317217
pd-user_6276721
pd-user_9039411
pd-user_4227630
pd-user_9744977
pd-user_8034895
pd-user_4212010
pd-user_5543556
pd-user_295805
pd-user_9681665
pd-user_2043703
pd-user_3698079
pd-user_7848200
pd-user_9721983
pd-user_1460101
pd-user_1973306
pd-user_5956771
pd-user_29493
pd-user_8654407
pd-user_7082750
pd-user_2274945
pd-user_853762
pd-user_9104190
pd-user_9452693
pd-user_5603814
pd-user_262774
pd-user_4463952
pd-user_1154145
pd-user_5514113
pd-user_75993
pd-user_1787328
pd-user_5856335
pd-user_9468354
pd-user_8702141
pd-user_9269845
pd-user_8337399
pd-user_9979041
pd-user_8975321
pd-user_1926662
pd-user_5395091
pd-user_9725754
pd-user_9038847
pd-user_8823987
pd-user_2130628
pd-user_2655664
pd-user_8631500
pd-user_4528994
pd-user_4804247
pd-user_1911410
pd-user_2535332
pd-user_6828606
pd-user_2320902
pd-user_4595733
pd-user_4347562
pd-user_7571484
pd-user_1055704
pd-user_3536332
pd-user_3958036
pd-user_9880087
pd-user_6431475
pd-user_9766383
pd-user_5645934
pd-user_9942639
pd-user_2074730
pd-user_4360866
pd-user_226994
pd-user_5182460
pd-user_9483083
pd-user_2780474
pd-user_1224904
pd-user_9038527
pd-user_3026203
pd-user_3309613
pd-user_1317839
pd-user_891802
pd-user_804081
pd-user_6758305
pd-user_6612580
pd-user_6888974
pd-user_7338556
pd-user_7321025
pd-user_5259903
pd-user_2759440
pd-user_6001947
pd-user_7531008
pd-user_6171283
pd-user_2886504
pd-user_6792714
pd-user_9579291
pd-user_4377048
pd-user_5893895
pd-user_6810790
pd-user_5494812
pd-user_8525451
pd-user_9504565
pd-user_7840745
pd-user_8236685
pd-user_2465112
pd-user_11667
pd-user_8211064
pd-user_4072781
pd-user_6564793
pd-user_7660304
pd-user_1306923
pd-user_9623528
pd-user_2013514
pd-user_5312626
pd-user_6605342
pd-user_4939208
pd-user_5500163
pd-user_6819139
pd-user_4965088
pd-user_7626129
pd-user_715310
pd-user_1132865
pd-user_4000806
pd-user_1362186
pd-user_5342374
pd-user_4231785
pd-user_8809021
pd-user_1258057
pd-user_5210754
pd-user_4351173
pd-user_3618610
pd-user_4814722
pd-user_783626
pd-user_7183920
pd-user_4293744
pd-user_7033912
pd-user_6129028
pd-user_6588884
pd-user_9200990
pd-user_2587037
pd-user_8851998
pd-user_9038347
pd-user_397224
pd-user_3619582
pd-user_2796254
pd-user_7517428
pd-user_8927961
pd-user_7100843
pd-user_5597415
pd-user_2784967
pd-user_7765431
pd-user_1519834
pd-user_6853222
pd-user_455491
pd-user_6827645
pd-user_432991
pd-user_8861417
pd-user_5715105
pd-user_5320751
pd-user_9083874
pd-user_1040583
pd-user_6251308
pd-user_6974218
pd-user_7734631
pd-user_1862266
pd-user_1373528
pd-user_8695172
pd-user_8896458
pd-user_9413806
pd-user_1327032
pd-user_9653255
pd-user_5773008
pd-user_764194
pd-user_885249
pd-user_2019124
pd-user_1289975
pd-user_8033093
pd-user_2489321
pd-user_5366151
pd-user_2241743
pd-user_8363827
pd-user_797657
pd-user_9149923
pd-user_1706871
pd-user_2465725
pd-user_6808316
pd-user_5595266
pd-user_7500139
pd-user_9112199
pd-user_359714
pd-user_9237276
pd-user_3801065
pd-user_3975099
pd-user_9591870
pd-user_8446263
pd-user_4058081
pd-user_1761995
pd-user_386334
pd-user_6440682
pd-user_197510
pd-user_1301581
pd-user_6591157
pd-user_612025
pd-user_1873271
pd-user_3938746
pd-user_2300889
pd-user_2006881
pd-user_3908219
pd-user_2430674
pd-user_6934690
pd-user_1106680
pd-user_253203
pd-user_1811013
pd-user_5059761
pd-user_9410580
pd-user_6772004
pd-user_2318195
pd-user_8641770
pd-user_8894904
pd-user_5402765
pd-user_9290771
pd-user_9259407
pd-user_9153296
pd-user_5544423
pd-user_6802163
pd-user_3344826
pd-user_8349963
pd-user_564720
pd-user_707998
pd-user_3552661
pd-user_1505045
pd-user_8006800
pd-user_4579665
pd-user_95685
pd-user_705376
pd-user_2720988
pd-user_1574162
pd-user_332751
pd-user_1468303
pd-user_6337315
pd-user_7927309
pd-user_6109329
pd-user_6992468
pd-user_1622988
pd-user_6461648
pd-user_5068540
pd-user_3035867
pd-user_4937519
pd-user_795791
pd-user_5666106
pd-user_1794008
pd-user_465853
pd-user_1284764
pd-user_4426380
pd-user_9301673
pd-user_9511329
pd-user_3176779
pd-user_3615782
pd-user_4337587
pd-user_4303554
pd-user_448921
pd-user_8942143
pd-user_16541
pd-user_7711472
pd-user_7602720
pd-user_3826877
pd-user_2012712
pd-user_3808058
pd-user_6203333
pd-user_3090009
pd-user_3435337
pd-user_3007663
pd-user_6236630
pd-user_3260510
pd-user_913229
pd-user_6351273
pd-user_6557976
pd-user_9851632
pd-user_7846200
pd-user_6196810
pd-user_5235687
pd-user_7072663
pd-user_1909726
pd-user_9531224
pd-user_9770169
pd-user_1005117
pd-user_7904911
pd-user_7670217
pd-user_8997373
pd-user_8103417
pd-user_8933717
pd-user_5814434
pd-user_6101224
pd-user_1354740
pd-user_3628443
pd-user_5294780
pd-user_5176738
pd-user_8242688
pd-user_7193940
pd-user_7594021
pd-user_1149769
pd-user_8502031
pd-user_8066309
pd-user_1467835
pd-user_231753
pd-user_3148126
pd-user_8320588
pd-user_8678323
pd-user_799598
pd-user_5727087
pd-user_7142807
pd-user_2604621
pd-user_6615862
pd-user_3638052
pd-user_2025499
pd-user_4689988
pd-user_3090535
pd-user_3389182
pd-user_4822756
pd-user_821968
pd-user_9007984
pd-user_7664432
pd-user_5015315
pd-user_3132208
pd-user_1359960
pd-user_8485768
pd-user_7289041
pd-user_3916176
pd-user_8269026
pd-user_4282349
pd-user_5506528
pd-user_7073222
pd-user_2077985
pd-user_611231
pd-user_4391785
pd-user_3670644
pd-user_8221860
pd-user_5264853
pd-user_5998182
pd-user_3000240
pd-user_1051826
pd-user_8274913
pd-user_4017060
pd-user_1147821
pd-user_8411982
pd-user_3401613
pd-user_522089
pd-user_1360044
pd-user_9680045
pd-user_9061121
pd-user_4421357
pd-user_6246617
pd-user_8345630
pd-user_7176135
pd-user_5081853
pd-user_5445715
pd-user_4929724
pd-user_6649357
pd-user_4893085
pd-user_7667267
pd-user_9088101
pd-user_9909937
pd-user_1216946
pd-user_9876251
pd-user_3770366
pd-user_132256
pd-user_6037358
pd-user_5498472
pd-user_6476076
pd-user_8203942
pd-user_1148739
pd-user_6628009
pd-user_2714506
pd-user_7595159
pd-user_5290086
pd-user_4186383
pd-user_9515163
pd-user_3148539
pd-user_1507961
pd-user_1927000
pd-user_4527244
pd-user_1907677
pd-user_3293203
pd-user_5592193
pd-user_1447024
pd-user_6937549
pd-user_8629755
pd-user_4338048
pd-user_4227235
pd-user_492908
pd-user_5123563
pd-user_3711628
pd-user_5647675
pd-user_2734564
pd-user_4683217
pd-user_8209666
pd-user_7304018
pd-user_7586176
pd-user_179858
pd-user_1936232
pd-user_3290936
pd-user_1158181
pd-user_4869802
pd-user_3962498
pd-user_2226401
pd-user_3863209
pd-user_216660
pd-user_7370728
pd-user_7515137
pd-user_8400733
pd-user_655824
pd-user_7332347
pd-user_6215817
pd-user_1116654
pd-user_190483
pd-user_5579229
pd-user_8031287
pd-user_39523
pd-user_6367629
pd-user_1848195
pd-user_3378951
pd-user_7503900
pd-user_3462726
pd-user_9384698
pd-user_1644255
pd-user_3243346
pd-user_1188565
pd-user_6819087
pd-user_6615085
pd-user_8203327
pd-user_8555803
pd-user_9421638
pd-user_2577066
pd-user_3153954
pd-user_11181
pd-user_6328736
pd-user_6717347
pd-user_5034759
pd-user_4675284
pd-user_6829740
pd-user_4202016
pd-user_9488127
pd-user_8528265
pd-user_2349654
pd-user_4088436
pd-user_93796
pd-user_6146679
pd-user_398561
pd-user_154274
pd-user_9031542
pd-user_3393526
pd-user_5679459
pd-user_1895747
pd-user_8184843
pd-user_4968029
pd-user_4100641
pd-user_1293581
pd-user_1912761
pd-user_5127826
pd-user_9279178
pd-user_1553199
pd-user_5688877
pd-user_8774157
pd-user_2869204
pd-user_7656831
pd-user_7991372
pd-user_9289744
pd-user_4084412
pd-user_9473404
pd-user_3464385
pd-user_4666570
pd-user_3536553
pd-user_9689214
pd-user_3645677
pd-user_7408750
pd-user_1115284
pd-user_1845160
pd-user_2806939
pd-user_8856960
pd-user_3755598
pd-user_4847425
pd-user_7656029
pd-user_9089723
pd-user_6017116
pd-user_694297
pd-user_4339197
pd-user_6264948
pd-user_5829260
pd-user_1257690
pd-user_2454082
pd-user_4115032
pd-user_476378
pd-user_5849362
pd-user_1961717
pd-user_4628139
pd-user_7152902
pd-user_1279902
pd-user_9689376
pd-user_433109
pd-user_9757891
pd-user_7842838
pd-user_9584260
pd-user_329390
pd-user_977434
pd-user_702073
pd-user_4161146
pd-user_2228373
pd-user_6885404
pd-user_4851467
pd-user_1095396
pd-user_8434173
pd-user_3090470
pd-user_6131432
pd-user_3873641
pd-user_1004568
pd-user_3025713
pd-user_2281646
pd-user_3238719
pd-user_583709
pd-user_1702316
pd-user_4895173
pd-user_5654363
pd-user_1358561
pd-user_5063493
pd-user_1330719
pd-user_4214754
pd-user_9000816
pd-user_2933828
pd-user_420993
pd-user_7109587
pd-user_9723807
pd-user_803015
pd-user_9050062
pd-user_1942383
pd-user_7653487
pd-user_2033421
pd-user_8025785
pd-user_6610444
pd-user_8995764
pd-user_899632
pd-user_3493391
pd-user_3642181
pd-user_5292347
pd-user_2723701
pd-user_992006
pd-user_354277
pd-user_140396
pd-user_129688
pd-user_7417658
pd-user_506545
pd-user_5776216
pd-user_6271493
pd-user_808893
pd-user_5988397
pd-user_6264901
pd-user_4552332
pd-user_8076087
pd-user_6189586
pd-user_6454355
pd-user_9418257
pd-user_1402123
pd-user_4960302
pd-user_2547584
pd-user_5677621
pd-user_7531552
pd-user_9819608
pd-user_3684681
pd-user_5418456
pd-user_9524457
pd-user_3390712
pd-user_3335083
pd-user_4011764
pd-user_1905443
pd-user_9236090
pd-user_1621951
pd-user_3570868
pd-user_3597559
pd-user_23803
pd-user_6650598
pd-user_2830960
pd-user_384120
pd-user_590860
pd-user_2502108
pd-user_9294
pd-user_9411172
pd-user_2578839
pd-user_7430225
pd-user_6537951
pd-user_4192125
pd-user_6069124
pd-user_9217238
pd-user_4512495
pd-user_832756
pd-user_2775049
pd-user_6891809
pd-user_3130918
pd-user_9903045
pd-user_2657485
pd-user_9894133
pd-user_5494968
pd-user_172837
pd-user_9719987
pd-user_3121797
pd-user_5669077
pd-user_3382356
pd-user_3624723
pd-user_1020958
pd-user_8350044
pd-user_6392650
pd-user_2558015
pd-user_2250693
pd-user_7618679
pd-user_2196035
pd-user_6804517
pd-user_6078394
pd-user_5230567
pd-user_8927260
pd-user_9383142
pd-user_703536
pd-user_4313014
pd-user_1609312
pd-user_2176552
pd-user_4708237
pd-user_249003
pd-user_3798583
pd-user_1430974
pd-user_3791853
pd-user_5369724
pd-user_9375957
pd-user_5065454
pd-user_2266012
pd-user_9655418
pd-user_3365789
pd-user_6866930
pd-user_292829
pd-user_9426067
pd-user_2193634
pd-user_4985450
pd-user_9501598
pd-user_2915623
pd-user_5721136
pd-user_5187854
pd-user_3677587
pd-user_1801120
pd-user_5809836
pd-user_3291875
pd-user_7757203
pd-user_4935409
pd-user_1996245
pd-user_2910343
pd-user_9909924
pd-user_2757270
pd-user_7279722
pd-user_6603413
pd-user_1398121
pd-user_6554384
pd-user_8527802
pd-user_4539770
pd-user_3556564
pd-user_5043401
pd-user_4565457
pd-user_4818207
pd-user_3411865
pd-user_5372002
pd-user_6588962
pd-user_9185849
pd-user_5261050
pd-user_527345
pd-user_5785904
pd-user_3154976
pd-user_1247299
pd-user_2852074
pd-user_7809018
pd-user_758
pd-user_8871274
pd-user_3068678
pd-user_170519
pd-user_6404385
pd-user_7396012
pd-user_6532704
pd-user_639883
pd-user_1725490
pd-user_4697183
pd-user_9054558
pd-user_194907
pd-user_6234880
pd-user_9888075
pd-user_9346268
pd-user_9954255
pd-user_3446665
pd-user_7989621
pd-user_8236965
pd-user_5512359
pd-user_9565660
pd-user_7890840
pd-user_8369314
pd-user_3645415
pd-user_2218252
pd-user_5532945
pd-user_4125232
pd-user_323230
pd-user_8834035
pd-user_6817918
pd-user_631684
pd-user_1562822
pd-user_993723
pd-user_8368669
pd-user_254310
pd-user_2794400
pd-user_580009
pd-user_7258359
pd-user_74638
pd-user_5788599
pd-user_5375455
pd-user_6960309
pd-user_6346741
pd-user_8605728
pd-user_585711
pd-user_1711722
pd-user_390094
pd-user_5235631
pd-user_8384760
pd-user_9953453
pd-user_8606204
pd-user_2707151
pd-user_8576136
pd-user_4761081
pd-user_8516790
pd-user_9343306
pd-user_8381448
pd-user_3374527
pd-user_3626798
pd-user_5481707
pd-user_4285874
pd-user_4888113
pd-user_2011442
pd-user_4991833
pd-user_6534300
pd-user_8662728
pd-user_4794180
pd-user_5488341
pd-user_4072251
pd-user_4008181
pd-user_315873
pd-user_8222815
pd-user_1933869
pd-user_6034018
pd-user_5735254
pd-user_9655767
pd-user_10063
pd-user_5541405
pd-user_1642110
pd-user_7348886
pd-user_5303963
pd-user_9160224
pd-user_215262
pd-user_302852
pd-user_7810164
pd-user_2735676
pd-user_1373740
pd-user_9132892
pd-user_4975753
pd-user_6125016
pd-user_8281801
pd-user_3006441
pd-user_5119309
pd-user_3374280
pd-user_3644989
pd-user_6411679
pd-user_7183328
pd-user_4978065
pd-user_1480817
pd-user_1367174
pd-user_6800272
pd-user_2993611
pd-user_1515140
pd-user_1890980
pd-user_7610917
pd-user_3698101
pd-user_7699258
pd-user_4203546
pd-user_3930031
pd-user_8940500
pd-user_9070828
pd-user_457666
pd-user_1007371
pd-user_9900737
pd-user_6461431
pd-user_6401287
pd-user_7217891
pd-user_8946350
pd-user_390014
pd-user_6645702
pd-user_6622847
pd-user_3230936
pd-user_7062728
pd-user_1739381
pd-user_923384
pd-user_1295302
pd-user_815
pd-user_4626225
pd-user_998521
pd-user_1345549
pd-user_3228360
pd-user_241176
pd-user_2013761
pd-user_2862296
pd-user_3917116
pd-user_8920986
pd-user_2916393
pd-user_8929487
pd-user_5089213
pd-user_903709
pd-user_7773756
pd-user_1057194
pd-user_1802151
pd-user_1483835
pd-user_4690617
pd-user_2015006
pd-user_8492856
pd-user_8241698
pd-user_1399817
pd-user_2920598
pd-user_9607123
pd-user_9241330
pd-user_4637195
pd-user_9077648
pd-user_2813707
pd-user_8439208
pd-user_9361276
pd-user_7526545
pd-user_9995409
pd-user_3569888
pd-user_3423
pd-user_7894193
pd-user_3610612
pd-user_9262916
pd-user_4976633
pd-user_9486026
pd-user_6722120
pd-user_1269427
pd-user_4138913
pd-user_6183868
pd-user_4423431
pd-user_9835880
pd-user_374555
pd-user_5192681
pd-user_7112953
pd-user_4801665
pd-user_6920543
pd-user_7410783
pd-user_613643
pd-user_6211913
pd-user_1174432
pd-user_9314587
pd-user_4624150
pd-user_2820961
pd-user_1176641
pd-user_8248595
pd-user_1734387
pd-user_424018
pd-user_7785241
pd-user_2263990
pd-user_2557753
pd-user_421239
pd-user_5791553
pd-user_802500
pd-user_6734752
pd-user_7924748
pd-user_8940239
pd-user_6294539
pd-user_1545805
pd-user_1703358
pd-user_5305212
pd-user_8465153
pd-user_4002417
pd-user_6311747
pd-user_5993896
pd-user_4096001
pd-user_5756278
pd-user_899542
pd-user_7358967
pd-user_6959164
pd-user_1556226
pd-user_6328744
pd-user_2600605
pd-user_3300829
pd-user_539598
pd-user_4859064
pd-user_6011678
pd-user_158065
pd-user_7775425
pd-user_6271678
pd-user_4004089
pd-user_7733331
pd-user_6051104
pd-user_4278375
pd-user_3070882
pd-user_9032931
pd-user_2668567
pd-user_3920563
pd-user_9626398
pd-user_9507184
pd-user_8776459
pd-user_8244150
pd-user_4022691
pd-user_6759870
pd-user_5200640
pd-user_2480026
pd-user_1970602
pd-user_6063884
pd-user_8614320
pd-user_2602004
pd-user_7431403
pd-user_2996110
pd-user_6273719
pd-user_3541282
pd-user_7627805
pd-user_8364974
pd-user_6068152
pd-user_5780447
pd-user_1903691
pd-user_9563629
pd-user_2348826
pd-user_9905046
pd-user_3727841
pd-user_8655793
pd-user_8977261
pd-user_714650
pd-user_7940926
pd-user_1979620
pd-user_7973002
pd-user_2896546
pd-user_9462290
pd-user_8728558
pd-user_8518621
pd-user_8887398
pd-user_5381148
pd-user_4201653
pd-user_8154559
pd-user_5632376
pd-user_5047333
pd-user_4275310
pd-user_1563311
pd-user_9615547
pd-user_6206886
pd-user_9984620
pd-user_363705
pd-user_5460771
pd-user_8006810
pd-user_2214140
pd-user_1026612
pd-user_2665763
pd-user_5873904
pd-user_2169036
pd-user_7989458
pd-user_8174533
pd-user_1320989
pd-user_9232347
pd-user_4166421
pd-user_4985094
pd-user_2864121
pd-user_1617347
pd-user_6337186
pd-user_2779597
pd-user_2725749
pd-user_4403730
pd-user_4593047
pd-user_7291640
pd-user_882835
pd-user_7473988
pd-user_284929
pd-user_6671013
pd-user_6149701
pd-user_6617747
pd-user_7607303
pd-user_7404810
pd-user_5417707
pd-user_879417
pd-user_718141
pd-user_8584992
pd-user_2520175
pd-user_7676371
pd-user_2779376
pd-user_5916574
pd-user_644901
pd-user_6746754
pd-user_77160
pd-user_8168281
pd-user_9457201
pd-user_4805983
pd-user_399457
pd-user_3870238
pd-user_4152770
pd-user_8127065
pd-user_1501968
pd-user_7806903
pd-user_2548971
pd-user_5072843
pd-user_4666172
pd-user_3125248
pd-user_5469461
pd-user_6852971
pd-user_2461637
pd-user_6071128
pd-user_3443846
pd-user_473652
pd-user_3722692
pd-user_1451896
pd-user_3382271
pd-user_342305
pd-user_5015139
pd-user_6124514
pd-user_9600507
pd-user_9394473
pd-user_1509336
pd-user_4208450
pd-user_1303744
pd-user_2970611
pd-user_9243809
pd-user_4478748
pd-user_966117
pd-user_3414234
pd-user_5347641
pd-user_498825
pd-user_5377828
pd-user_20117
pd-user_6797445
pd-user_710130
pd-user_1932218
pd-user_1545021
pd-user_3556040
pd-user_9245511
pd-user_1138155
pd-user_9268700
pd-user_561168
pd-user_3636346
pd-user_1095910
pd-user_5374506
pd-user_6726743
pd-user_5201886
pd-user_6251018
pd-user_9580200
pd-user_8079314
pd-user_398546
pd-user_2309308
pd-user_1434155
pd-user_6151350
pd-user_426040
pd-user_7516461
pd-user_4163593
pd-user_7714015
pd-user_3256457
pd-user_4332405
pd-user_3706282
pd-user_8548817
pd-user_7414099
pd-user_5847556
pd-user_6496604
pd-user_9894782
pd-user_8815767
pd-user_4795365
pd-user_5388000
pd-user_6999961
pd-user_2491749
pd-user_5378869
pd-user_8648372
pd-user_6232386
pd-user_6958480
pd-user_1013785
pd-user_4920157
pd-user_7865800
pd-user_2315318
pd-user_2488940
pd-user_65362
pd-user_3352175
pd-user_2762066
pd-user_7179901
pd-user_8408878
pd-user_1076146
pd-user_1396294
pd-user_6347904
pd-user_9005377
pd-user_4718011
pd-user_153994
pd-user_6852661
pd-user_5528658
pd-user_5800680
pd-user_4303783
pd-user_2439651
pd-user_4738412
pd-user_3211462
pd-user_6898366
pd-user_1289198
pd-user_1803620
pd-user_5229847
pd-user_8966519
pd-user_132833
pd-user_4197210
pd-user_1196169
pd-user_3290563
pd-user_1865231
pd-user_3411058
pd-user_6368403
pd-user_6562557
pd-user_1927697
pd-user_8027724
pd-user_9275326
pd-user_1115137
pd-user_521200
pd-user_3549530
pd-user_5320976
pd-user_1144443
pd-user_3116610
pd-user_6098166
pd-user_5745726
pd-user_4713840
pd-user_7133819
pd-user_518547
pd-user_8470115
pd-user_891782
pd-user_1008495
pd-user_1446216
pd-user_6390962
pd-user_7719794
pd-user_2792587
pd-user_4633742
pd-user_9428462
pd-user_5174828
pd-user_6078593
pd-user_9830926
pd-user_8979901
pd-user_7032130
pd-user_1235526
pd-user_9407922
pd-user_6443529
pd-user_4636335
pd-user_5602788
pd-user_8226306
pd-user_8717700
pd-user_6222898
pd-user_9655511
pd-user_8365574
pd-user_9017631
pd-user_9836171
pd-user_7415248
pd-user_3162644
pd-user_4791780
pd-user_583745
pd-user_1751092
pd-user_3591641
pd-user_3596651
pd-user_550460
pd-user_8627665
pd-user_3569511
pd-user_2233186
pd-user_9035756
pd-user_712579
pd-user_6552012
pd-user_3716132
pd-user_3327617
pd-user_4326300
pd-user_6170630
pd-user_1277262
pd-user_1388414
pd-user_4071061
pd-user_581755
pd-user_7919660
pd-user_412817
pd-user_2956823
pd-user_1725652
pd-user_2575167
pd-user_4709189
pd-user_982344
pd-user_5902128
pd-user_9896993
pd-user_2104804
pd-user_8341856
pd-user_1337866
pd-user_7000599
pd-user_3200475
pd-user_757417
pd-user_4678396
pd-user_5400176
pd-user_4921355
pd-user_9742026
pd-user_9967403
pd-user_8542555
pd-user_3006280
pd-user_624286
pd-user_7891920
pd-user_6636216
pd-user_8929413
pd-user_1208211
pd-user_1568239
pd-user_3963149
pd-user_9020646
pd-user_3556192
pd-user_2477768
pd-user_9146278
pd-user_5185649
pd-user_6631775
pd-user_5622047
pd-user_3768130
pd-user_4883751
pd-user_8162083
pd-user_9372308
pd-user_5507111
pd-user_3792258
pd-user_433500
pd-user_3663416
pd-user_5542699
pd-user_2942634
pd-user_6458965
pd-user_3247620
pd-user_5810015
pd-user_2505329
pd-user_1888953
pd-user_8136752
pd-user_5569367
pd-user_5608414
pd-user_2610998
pd-user_5019085
pd-user_735777
pd-user_2114216
pd-user_9724916
pd-user_7213378
pd-user_6338091
pd-user_2047243
pd-user_9958417
pd-user_9543473
pd-user_7259230
pd-user_3138452
pd-user_9031898
pd-user_5244147
pd-user_3934362
pd-user_45276
pd-user_6099688
pd-user_9741437
pd-user_9644517
pd-user_6379976
pd-user_677208
pd-user_5770016
pd-user_5663844
pd-user_900276
pd-user_4944215
pd-user_5263706
pd-user_549580
pd-user_466126
pd-user_15064
pd-user_9034609
pd-user_7262224
pd-user_3014938
pd-user_3595034
pd-user_4627195
pd-user_6105299
pd-user_5282855
pd-user_7324316
pd-user_9637263
pd-user_7579101
pd-user_9927975
pd-user_1989474
pd-user_4216553
pd-user_3732754
pd-user_6186589
pd-user_5242055
pd-user_6272478
pd-user_8874704
pd-user_1888351
pd-user_4649886
pd-user_9914928
pd-user_9390548
pd-user_7714516
pd-user_1953435
pd-user_4866194
pd-user_8422273
pd-user_2324462
pd-user_9807002
pd-user_6578663
pd-user_8659016
pd-user_7006982
pd-user_3396815
pd-user_5648226
pd-user_4026194
pd-user_9862272
pd-user_3146671
pd-user_2131055
pd-user_1221653
pd-user_6516186
pd-user_5855030
pd-user_6157262
pd-user_532843
pd-user_212329
pd-user_691637
pd-user_5758948
pd-user_5817577
pd-user_3215625
pd-user_9219708
pd-user_9994044
pd-user_7832430
pd-user_6854949
pd-user_2815434
pd-user_4515363
pd-user_4895547
pd-user_3477156
pd-user_9983047
pd-user_3446530
pd-user_2195347
pd-user_5193916
pd-user_4072071
pd-user_4622720
pd-user_5532513
pd-user_8035163
pd-user_4560221
pd-user_3516723
pd-user_6602809
pd-user_2745860
pd-user_700440
pd-user_4925123
pd-user_2538633
pd-user_28464
pd-user_16870
pd-user_4026431
pd-user_2912228
pd-user_4763546
pd-user_8083456
pd-user_6199907
pd-user_5101049
pd-user_8722512
pd-user_7648820
pd-user_8590034
pd-user_6783299
pd-user_732336
pd-user_5105800
pd-user_7706328
pd-user_7806245
pd-user_5247896
pd-user_6344902
pd-user_9354686
pd-user_6662800
pd-user_5735479
pd-user_5099230
pd-user_2076185
pd-user_2450066
pd-user_7549472
pd-user_3182461
pd-user_7719746
pd-user_9474174
pd-user_135388
pd-user_2764020
pd-user_7508368
pd-user_7179821
pd-user_1381285
pd-user_5813141
pd-user_9281662
pd-user_3226576
pd-user_9606734
pd-user_8793379
pd-user_287982
pd-user_6940465
pd-user_316587
pd-user_5665826
pd-user_3735250
pd-user_1705067
pd-user_7828162
pd-user_9099364
pd-user_5256625
pd-user_8773763
pd-user_1219161
pd-user_5251995
pd-user_5302573
pd-user_8772411
pd-user_6634272
pd-user_4183429
pd-user_1973650
pd-user_8076199
pd-user_694717
pd-user_8070238
pd-user_8040638
pd-user_6863468
pd-user_6534315
pd-user_2854958
pd-user_8121501
pd-user_1708130
pd-user_2551634
pd-user_715677
pd-user_7750632
pd-user_9105494
pd-user_2651949
pd-user_7982321
pd-user_9889021
pd-user_2110308
pd-user_6771021
pd-user_6461981
pd-user_9887528
pd-user_204833
pd-user_8031265
pd-user_515684
pd-user_3093529
pd-user_3315896
pd-user_8188738
pd-user_3291292
pd-user_4373733
pd-user_1590545
pd-user_6881619
pd-user_2277068
pd-user_9939558
pd-user_9389646
pd-user_4058978
pd-user_9498374
pd-user_75329
pd-user_2379710
pd-user_9058465
pd-user_5783518
pd-user_3444752
pd-user_1928783
pd-user_6914962
pd-user_5711448
pd-user_7487964
pd-user_9553578
pd-user_3736125
pd-user_5866705
pd-user_1653931
pd-user_8181810
pd-user_6551923
pd-user_4375403
pd-user_8559630
pd-user_8709454
pd-user_6081309
pd-user_5673728
pd-user_2584443
pd-user_2304074
pd-user_1287291
pd-user_438639
pd-user_1986249
pd-user_8475869
pd-user_1562981
pd-user_5038094
pd-user_6762068
pd-user_7066842
pd-user_4828399
pd-user_4731644
pd-user_1673597
pd-user_3880496
pd-user_5653092
pd-user_6854403
pd-user_8760084
pd-user_8701248
pd-user_9105149
pd-user_4703711
pd-user_7441046
pd-user_12372
pd-user_7916313
pd-user_6037776
pd-user_6461744
pd-user_8416599
pd-user_378257
pd-user_9383104
pd-user_4107868
pd-user_9201930
pd-user_8867869
pd-user_1216927
pd-user_3546242
pd-user_1931949
pd-user_7683681
pd-user_5113316
pd-user_636569
pd-user_5175745
pd-user_3711731
pd-user_4723836
pd-user_5394791
pd-user_2058960
pd-user_659284
pd-user_5362529
pd-user_3808494
pd-user_8060808
pd-user_8226831
pd-user_5386904
pd-user_5926130
pd-user_3873883
pd-user_8552025
pd-user_7747984
pd-user_1523849
pd-user_2795160
pd-user_5925150
pd-user_4343532
pd-user_8216372
pd-user_9115422
pd-user_3634066
pd-user_8419003
pd-user_7478079
pd-user_7252244
pd-user_6550036
pd-user_9351410
pd-user_1443989
pd-user_7803195
pd-user_2693551
pd-user_2652344
pd-user_375031
pd-user_3264348
pd-user_8241019
pd-user_8934976
pd-user_1478487
pd-user_7056789
pd-user_369325
pd-user_1848209
pd-user_9954389
pd-user_8498441
pd-user_2903170
pd-user_4761639
pd-user_9304462
pd-user_4319509
pd-user_8645375
pd-user_1212606
pd-user_6702236
pd-user_5106972
pd-user_9232473
pd-user_7485244
pd-user_2456473
pd-user_3653199
pd-user_3962786
pd-user_523134
pd-user_8564530
pd-user_5977390
pd-user_6371036
pd-user_7871271
pd-user_1681312
pd-user_3305887
pd-user_6026728
pd-user_1597267
pd-user_9374242
pd-user_3379973
pd-user_1860734
pd-user_1879156
pd-user_6966349
pd-user_3956842
pd-user_5627332
pd-user_5686737
pd-user_1394595
pd-user_9197380
pd-user_3714958
pd-user_9667977
pd-user_9652593
pd-user_3998189
pd-user_2922707
pd-user_9263823
pd-user_4880475
pd-user_4998145
pd-user_9764222
pd-user_6017995
pd-user_1222504
pd-user_9977257
pd-user_23645
pd-user_8908594
pd-user_1807640
pd-user_8580047
pd-user_1993279
pd-user_341002
pd-user_739111
pd-user_9794679
pd-user_6996584
pd-user_4192480
pd-user_6897847
pd-user_9521057
pd-user_5215444
pd-user_4658040
pd-user_7943687
pd-user_8015931
pd-user_4134705
pd-user_258902
pd-user_8239239
pd-user_9435713
pd-user_685224
pd-user_6483449
pd-user_9474111
pd-user_5378397
pd-user_1289200
pd-user_7882004
pd-user_7067736
pd-user_2701444
pd-user_4247252
pd-user_2912629
pd-user_3128534
pd-user_2477222
pd-user_2948316
pd-user_8074638
pd-user_7025217
pd-user_2528293
pd-user_5746229
pd-user_5283216
pd-user_7087233
pd-user_1983717
pd-user_7052602
pd-user_9879808
pd-user_1581789
pd-user_5615311
pd-user_6822473
pd-user_4421020
pd-user_3093615
pd-user_8857562
pd-user_3220391
pd-user_5716086
pd-user_6281403
pd-user_2080930
pd-user_1641299
pd-user_3334146
pd-user_3394104
pd-user_8451404
pd-user_3947688
pd-user_8910262
pd-user_2075990
pd-user_2074804
pd-user_5280110
pd-user_6174376
pd-user_5189228
pd-user_8004231
pd-user_4460930
pd-user_1528308
pd-user_4167334
pd-user_2864090
pd-user_148570
pd-user_5122638
pd-user_6293283
pd-user_9676520
pd-user_1111592
pd-user_8144127
pd-user_3071316
pd-user_2222120
pd-user_6968433
pd-user_5350596
pd-user_1210080
pd-user_5847475
pd-user_6342332
pd-user_2558960
pd-user_590815
pd-user_6073200
pd-user_2016375
pd-user_8726440
pd-user_3145248
pd-user_1920351
pd-user_8060835
pd-user_4918165
pd-user_3926183
pd-user_9710864
pd-user_5713498
pd-user_2417055
pd-user_1364465
pd-user_5414280
pd-user_8421091
pd-user_8912452
pd-user_4097398
pd-user_9453691
pd-user_7398699
pd-user_1179193
pd-user_2333048
pd-user_5364800
pd-user_9920993
pd-user_2916448
pd-user_6920107
pd-user_4381600
pd-user_3960263
pd-user_1335862
pd-user_2821797
pd-user_1603364
pd-user_7542811
pd-user_7979688
pd-user_9082121
pd-user_4607634
pd-user_3774869
pd-user_3519756
pd-user_6396208
pd-user_9581726
pd-user_6152681
pd-user_921389
pd-user_9795501
pd-user_6145440
pd-user_4995045
pd-user_760523
pd-user_6759320
pd-user_2235238
pd-user_8052938
pd-user_1950637
pd-user_1393478
pd-user_563257
pd-user_9207447
pd-user_6847565
pd-user_8533394
pd-user_1095635
pd-user_3912166
pd-user_9833050
pd-user_8508253
pd-user_2831347
pd-user_756874
pd-user_9279451
pd-user_8381948
pd-user_6777996
pd-user_2456721
pd-user_895468
pd-user_8060943
pd-user_8912860
pd-user_8602152
pd-user_378958
pd-user_4098726
pd-user_6559973
pd-user_2685154
pd-user_5513938
pd-user_4639732
pd-user_6264276
pd-user_8998344
pd-user_9648404
pd-user_4714844
pd-user_8202378
pd-user_8363683
pd-user_471424
pd-user_7387375
pd-user_9183618
pd-user_7955024
pd-user_8017451
pd-user_1173946
pd-user_6966921
pd-user_3356595
pd-user_5566898
pd-user_330689
pd-user_1343493
pd-user_9037408
pd-user_4538766
pd-user_1826490
pd-user_9608823
pd-user_9957274
pd-user_8725803
pd-user_8796920
pd-user_855098
pd-user_4373469
pd-user_3428388
pd-user_117459
pd-user_8447981
pd-user_3941399
pd-user_3156897
pd-user_358729
pd-user_9047317
pd-user_8254277
pd-user_5465860
pd-user_2295973
pd-user_18456
pd-user_3884619
pd-user_4606243
pd-user_4319989
pd-user_5516242
pd-user_5284945
pd-user_1235610
pd-user_7586772
pd-user_7059796
pd-user_2176525
pd-user_9352780
pd-user_3818591
pd-user_4243839
pd-user_7641640
pd-user_5154051
pd-user_50447
pd-user_9679160
pd-user_1748999
pd-user_7002599
pd-user_5341924
pd-user_1497950
pd-user_7485505
pd-user_3023025
pd-user_2306187
pd-user_9481868
pd-user_3653731
pd-user_9632953
pd-user_3834009
pd-user_5801443
pd-user_6839413
pd-user_6621186
pd-user_3870292
pd-user_8984583
pd-user_2143641
pd-user_3199641
pd-user_4240716
pd-user_6988881
pd-user_8070232
pd-user_2733960
pd-user_6693972
pd-user_7942146
pd-user_5887731
pd-user_4728089
pd-user_9734181
pd-user_6724616
pd-user_6338651
pd-user_2107637
pd-user_953614
pd-user_641656
pd-user_1680919
pd-user_9234896
pd-user_9952599
pd-user_1056389
pd-user_7218776
pd-user_727458
pd-user_874409
pd-user_2309772
pd-user_3301340
pd-user_2377203
pd-user_7994705
pd-user_5155339
pd-user_4845740
pd-user_5857350
pd-user_8209445
pd-user_4373741
pd-user_2413802
pd-user_6009310
pd-user_2650906
pd-user_9427302
pd-user_752299
pd-user_843219
pd-user_2434060
pd-user_798198
pd-user_2952751
pd-user_5799524
pd-user_4184470
pd-user_431632
pd-user_5326598
pd-user_5609151
pd-user_8065039
pd-user_8012924
pd-user_1456667
pd-user_9515000
pd-user_4665964
pd-user_3178327
pd-user_722970
pd-user_659751
pd-user_6626541
pd-user_6400893
pd-user_1627626
pd-user_2461516
pd-user_3971110
pd-user_5062876
pd-user_4947755
pd-user_4778078
pd-user_3071387
pd-user_5140060
pd-user_9640535
pd-user_6772807
pd-user_7891800
pd-user_9316581
pd-user_559721
pd-user_4317397
pd-user_5834442
pd-user_3522124
pd-user_3981577
pd-user_3486702
pd-user_8493906
pd-user_9117193
pd-user_2110357
pd-user_3106843
pd-user_4402861
pd-user_8585958
pd-user_8270392
pd-user_5661289
pd-user_6257531
pd-user_76073
pd-user_9009868
pd-user_4416579
pd-user_8427723
pd-user_4933899
pd-user_7162881
pd-user_6140814
pd-user_157773
pd-user_8959422
pd-user_6590743
pd-user_2593749
pd-user_3962987
pd-user_5799279
pd-user_741882
pd-user_9970277
pd-user_7773910
pd-user_9295438
pd-user_3974997
pd-user_1466272
pd-user_2753583
pd-user_7751109
pd-user_8796627
pd-user_9008654
pd-user_2496118
pd-user_5043042
pd-user_9392830
pd-user_7599250
pd-user_9704896
pd-user_1442906
pd-user_8169838
pd-user_5795374
pd-user_3157255
pd-user_1817168
pd-user_63831
pd-user_7541954
pd-user_2989859
pd-user_7672357
pd-user_4073678
pd-user_1543454
pd-user_3821419
pd-user_1433229
pd-user_6970726
pd-user_4254739
pd-user_9446335
pd-user_4115570
pd-user_3148730
pd-user_2258438
pd-user_9639685
pd-user_8378295
pd-user_4463829
pd-user_5704707
pd-user_9957127
pd-user_4376823
pd-user_4397257
pd-user_8611899
pd-user_1399131
pd-user_7658311
pd-user_2081312
pd-user_6508019
pd-user_5948806
pd-user_1947633
pd-user_2049854
pd-user_9680549
pd-user_619468
pd-user_851370
pd-user_4829570
pd-user_6407958
pd-user_6466250
pd-user_9014684
pd-user_9263697
pd-user_2172218
pd-user_8689171
pd-user_7080286
pd-user_9563041
pd-user_6554072
pd-user_7073902
pd-user_1696842
pd-user_9518804
pd-user_7712102
pd-user_3477259
pd-user_5400757
pd-user_369824
pd-user_8844913
pd-user_8294086
pd-user_8289932
pd-user_4727001
pd-user_7123502
pd-user_3464360
pd-user_2585255
pd-user_5141019
pd-user_934888
pd-user_7166150
pd-user_4653172
pd-user_7628513
pd-user_2734482
pd-user_1085085
pd-user_8127197
pd-user_2292905
pd-user_7541266
pd-user_1558772
pd-user_7607400
pd-user_8705132
pd-user_9597841
pd-user_1103264
pd-user_6474266
pd-user_5870627
pd-user_9782400
pd-user_5956697
pd-user_8399396
pd-user_1590330
pd-user_8413305
pd-user_5941727
pd-user_2601596
pd-user_8993323
pd-user_1835974
pd-user_61184
pd-user_9766953
pd-user_3204413
pd-user_896784
pd-user_4289310
pd-user_5830480
pd-user_8917705
pd-user_5909547
pd-user_3064371
pd-user_2544763
pd-user_311462
pd-user_1736300
pd-user_7327670
pd-user_8860850
pd-user_809725
pd-user_4953589
pd-user_8449038
pd-user_9291957
pd-user_8721304
pd-user_2409707
pd-user_5745908
pd-user_1704841
pd-user_1653673
pd-user_4607879
pd-user_3151963
pd-user_6871175
pd-user_7963061
pd-user_1635321
pd-user_2512043
pd-user_8874979
pd-user_3231118
pd-user_4154627
pd-user_737312
pd-user_7986278
pd-user_404619
pd-user_5621730
pd-user_1107770
pd-user_1038568
pd-user_3419099
pd-user_7203688
pd-user_6229963
pd-user_7843158
pd-user_3703522
pd-user_8304578
pd-user_6678370
pd-user_5425492
pd-user_9749502
pd-user_9224451
pd-user_630537
pd-user_3932872
pd-user_1085813
pd-user_3840625
pd-user_8940428
pd-user_1446684
pd-user_4834462
pd-user_3911463
pd-user_3769898
pd-user_6076247
pd-user_7033020
pd-user_2055136
pd-user_9470346
pd-user_9664238
pd-user_8270764
pd-user_1008924
pd-user_8633006
pd-user_2013855
pd-user_6267142
pd-user_5920119
pd-user_3166292
pd-user_4742320
pd-user_1397038
pd-user_7787635
pd-user_1379774
pd-user_6357086
pd-user_5870965
pd-user_6105334
pd-user_8982183
pd-user_6453452
pd-user_6100343
pd-user_5255936
pd-user_4690685
pd-user_2924934
pd-user_7618323
pd-user_3205990
pd-user_9556064
pd-user_6515505
pd-user_2269278
pd-user_1153482
pd-user_1952868
pd-user_2389571
pd-user_3796069
pd-user_9046970
pd-user_5223037
pd-user_6900535
pd-user_2375721
pd-user_3980870
pd-user_624472
pd-user_3235903
pd-user_1297835
pd-user_6225539
pd-user_4549050
pd-user_16875
pd-user_5230322
pd-user_8958670
pd-user_8107935
pd-user_3938357
pd-user_1763081
pd-user_1420880
pd-user_8773728
pd-user_67198
pd-user_6898391
pd-user_4180098
pd-user_230753
pd-user_9548859
pd-user_604844
pd-user_7267262
pd-user_1279487
pd-user_8416414
pd-user_199765
pd-user_9488265
pd-user_1395467
pd-user_9854271
pd-user_1417549
pd-user_284360
pd-user_4524659
pd-user_1882713
pd-user_7699416
pd-user_9020753
pd-user_8392263
pd-user_3826522
pd-user_3678609
pd-user_3141046
pd-user_9379202
pd-user_6015905
pd-user_4406622
pd-user_7239723
pd-user_5963201
pd-user_4437787
pd-user_9085545
pd-user_3890433
pd-user_4846733
pd-user_9415153
pd-user_6830091
pd-user_4288218
pd-user_3733934
pd-user_9068238
pd-user_3994768
pd-user_1241577
pd-user_242659
pd-user_9055372
pd-user_2522489
pd-user_7778582
pd-user_2643577
pd-user_6616391
pd-user_8725519
pd-user_4374313
pd-user_8842303
pd-user_8238261
pd-user_5850933
pd-user_9903733
pd-user_628641
pd-user_6897943
pd-user_4908939
pd-user_8978807
pd-user_4973301
pd-user_8021919
pd-user_524926
pd-user_5387255
pd-user_9532598
pd-user_4398399
pd-user_2422958
pd-user_735659
pd-user_3397482
pd-user_1594269
pd-user_9700850
pd-user_992266
pd-user_4852996
pd-user_5107825
pd-user_3585461
pd-user_868111
pd-user_6191866
pd-user_5130387
pd-user_7242114
pd-user_3972419
pd-user_952630
pd-user_6059475
pd-user_4203422
pd-user_2496061
pd-user_6350210
pd-user_4366876
pd-user_4413774
pd-user_5896009
pd-user_7504495
pd-user_6324176
pd-user_1808694
pd-user_3450546
pd-user_6212675
pd-user_9404365
pd-user_1442900
pd-user_2917848
pd-user_5142581
pd-user_4671222
pd-user_4649131
pd-user_7459601
pd-user_8835857
pd-user_1502325
pd-user_9108676
pd-user_1878494
pd-user_5638910
pd-user_1167402
pd-user_3682495
pd-user_9409664
pd-user_8373208
pd-user_9816028
pd-user_1732982
pd-user_4706809
pd-user_3800152
pd-user_3953480
pd-user_3105961
pd-user_8999520
pd-user_5346494
pd-user_584273
pd-user_1256521
pd-user_7870040
pd-user_5109358
pd-user_6515399
pd-user_7583573
pd-user_9163826
pd-user_3670040
pd-user_7543358
pd-user_3562724
pd-user_2889193
pd-user_6525417
pd-user_5760287
pd-user_5832367
pd-user_748546
pd-user_453013
pd-user_6042279
pd-user_9377470
pd-user_338886
pd-user_8864756
pd-user_90365
pd-user_4324415
pd-user_1033941
pd-user_801004
pd-user_9121581
pd-user_6002784
pd-user_2881124
pd-user_6631814
pd-user_1798611
pd-user_4485708
pd-user_3179476
pd-user_6304086
pd-user_9511108
pd-user_7543796
pd-user_8766753
pd-user_4139459
pd-user_4573199
pd-user_8416329
pd-user_6575113
pd-user_2674410
pd-user_6815069
pd-user_1595687
pd-user_8643160
pd-user_4704055
pd-user_9800794
pd-user_9775305
pd-user_423935
pd-user_3505447
pd-user_1932832
pd-user_3785711
pd-user_5843044
pd-user_5524934
pd-user_1315066
pd-user_6389632
pd-user_4431100
pd-user_4753643
pd-user_6089822
pd-user_6519540
pd-user_6689928
pd-user_4075667
pd-user_5243545
pd-user_5196022
pd-user_9992690
pd-user_3158927
pd-user_6358112
pd-user_5653721
pd-user_1362208
pd-user_2346791
pd-user_7286439
pd-user_1775944
pd-user_3509324
pd-user_7732676
pd-user_5242672
pd-user_6594063
pd-user_3945400
pd-user_5253218
pd-user_8431072
pd-user_8529488
pd-user_641420
pd-user_9437067
pd-user_6984122
pd-user_2294209
pd-user_9980432
pd-user_6160248
pd-user_3276460
pd-user_2140622
pd-user_537487
pd-user_5697802
pd-user_2613292
pd-user_5284007
pd-user_3361623
pd-user_8164383
pd-user_6736843
pd-user_1048629
pd-user_461602
pd-user_1784067
pd-user_8221349
pd-user_5680292
pd-user_5085450
pd-user_401027
pd-user_6417661
pd-user_4503634
pd-user_4723296
pd-user_3984740
pd-user_4186864
pd-user_5682946
pd-user_7777597
pd-user_1735234
pd-user_5969556
pd-user_7091685
pd-user_9169006
pd-user_1598254
pd-user_5831326
pd-user_3866689
pd-user_6498762
pd-user_4439568
pd-user_5010755
pd-user_7893512
pd-user_8128845
pd-user_807499
pd-user_1605727
pd-user_3245706
pd-user_3032635
pd-user_3357614
pd-user_7840412
pd-user_7493973
pd-user_3018824
pd-user_4135798
pd-user_6300089
pd-user_6286472
pd-user_9346897
pd-user_8846191
pd-user_7017507
pd-user_106199
pd-user_2915096
pd-user_4048603
pd-user_1288796
pd-user_4618628
pd-user_2596324
pd-user_8622032
pd-user_1954638
pd-user_2005264
pd-user_9159438
pd-user_6370588
pd-user_1927921
pd-user_7450593
pd-user_7886107
pd-user_7495629
pd-user_6989451
pd-user_2968929
pd-user_7186110
pd-user_887195
pd-user_2570056
pd-user_3343505
pd-user_8455245
pd-user_9591702
pd-user_8795829
pd-user_9122197
pd-user_4750604
pd-user_7425960
pd-user_8175918
pd-user_5466345
pd-user_7993206
pd-user_2682487
pd-user_6718031
pd-user_6948362
pd-user_435770
pd-user_3253827
pd-user_6567339
pd-user_3095682
pd-user_4255811
pd-user_6606774
pd-user_438659
pd-user_1298093
pd-user_2170156
pd-user_8384160
pd-user_9368038
pd-user_7586129
pd-user_7060737
pd-user_3213543
pd-user_3921513
pd-user_5674149
pd-user_201901
pd-user_9588460
pd-user_8683833
pd-user_166279
pd-user_7989869
pd-user_4694730
pd-user_6914440
pd-user_4298612
pd-user_6797261
pd-user_6968409
pd-user_5052274
pd-user_2186147
pd-user_1124600
pd-user_9099468
pd-user_4743215
pd-user_1039937
pd-user_4520855
pd-user_8690482
pd-user_3944546
pd-user_6138046
pd-user_9198865
pd-user_4413430
pd-user_9545809
pd-user_4479688
pd-user_9918272
pd-user_8250432
pd-user_6584520
pd-user_2864567
pd-user_8749539
pd-user_616806
pd-user_5990511
pd-user_9349653
pd-user_9352421
pd-user_5751886
pd-user_3316479
pd-user_8950810
pd-user_5370604
pd-user_8990052
pd-user_1906574
pd-user_8790907
pd-user_4225782
pd-user_7749717
pd-user_5796604
pd-user_3482920
pd-user_3395846
pd-user_458566
pd-user_2223557
pd-user_5977330
pd-user_1442129
pd-user_2691209
pd-user_7488076
pd-user_2306208
pd-user_5809292
pd-user_4184788
pd-user_7435987
pd-user_361491
pd-user_8351108
pd-user_6448228
pd-user_7344385
pd-user_7495693
pd-user_6449986
pd-user_784726
pd-user_3864784
pd-user_1887904
pd-user_5202550
pd-user_3432794
pd-user_8171261
pd-user_4096720
pd-user_5708861
pd-user_7950502
pd-user_5798320
pd-user_1920899
pd-user_5958556
pd-user_6141426
pd-user_9125020
pd-user_8135586
pd-user_1991886
pd-user_9645438
pd-user_8030253
pd-user_3665396
pd-user_9950821
pd-user_2132487
pd-user_3573011
pd-user_3650761
pd-user_2716977
pd-user_6557232
pd-user_6551642
pd-user_7835694
pd-user_6380697
pd-user_6657659
pd-user_2125939
pd-user_1011866
pd-user_5389539
pd-user_6560742
pd-user_9935557
pd-user_1189846
pd-user_9231525
pd-user_1328597
pd-user_199064
pd-user_6958318
pd-user_5783444
pd-user_4212027
pd-user_6600080
pd-user_4119024
pd-user_2791168
pd-user_2599202
pd-user_5359561
pd-user_8480855
pd-user_4638852
pd-user_5993232
pd-user_5549790
pd-user_8740587
pd-user_6226541
pd-user_7593135
pd-user_4489558
pd-user_5615900
pd-user_4717076
pd-user_562497
pd-user_2547967
pd-user_8726152
pd-user_8034261
pd-user_7539637
pd-user_8580509
pd-user_360070
pd-user_5370975
pd-user_3056673
pd-user_9673105
pd-user_5743066
pd-user_9309856
pd-user_2019330
pd-user_2752203
pd-user_8514894
pd-user_4344699
pd-user_5485015
pd-user_7330396
pd-user_9483943
pd-user_2304723
pd-user_9985696
pd-user_5549807
pd-user_4820661
pd-user_4219529
pd-user_2243549
pd-user_4636374
pd-user_2635461
pd-user_2951698
pd-user_2794571
pd-user_6037604
pd-user_4698889
pd-user_9392840
pd-user_3889784
pd-user_2250838
pd-user_2084117
pd-user_9824098
pd-user_2100911
pd-user_8611783
pd-user_9014537
pd-user_9012470
pd-user_8627618
pd-user_3873031
pd-user_5418292
pd-user_4118236
pd-user_6202029
pd-user_736366
pd-user_9764022
pd-user_7935875
pd-user_8549894
pd-user_6226061
pd-user_4723940
pd-user_9307825
pd-user_9576955
pd-user_9842923
pd-user_265807
pd-user_3034778
pd-user_4970207
pd-user_8259054
pd-user_7211970
pd-user_1277337
pd-user_3530451
pd-user_9370
pd-user_7078982
pd-user_6174598
pd-user_2432273
pd-user_6356901
pd-user_6790373
pd-user_6614517
pd-user_831369
pd-user_1861008
pd-user_4253641
pd-user_2073864
pd-user_73614
pd-user_1088744
pd-user_2907269
pd-user_5095100
pd-user_6793964
pd-user_2477622
pd-user_968519
pd-user_6991976
pd-user_2563225
pd-user_8893249
pd-user_5053411
pd-user_8333006
pd-user_3884893
pd-user_4851691
pd-user_7241158
pd-user_5029459
pd-user_3726674
pd-user_787350
pd-user_2117912
pd-user_8982771
pd-user_7307946
pd-user_5807196
pd-user_3360822
pd-user_3754142
pd-user_556105
pd-user_6169570
pd-user_396509
pd-user_435226
pd-user_9737683
pd-user_2940883
pd-user_2607978
pd-user_7462121
pd-user_3680502
pd-user_8139626
pd-user_7604789
pd-user_6161844
pd-user_1973923
pd-user_2605203
pd-user_5003228
pd-user_2476230
pd-user_6701604
pd-user_5539526
pd-user_1076375
pd-user_2120525
pd-user_6917464
pd-user_4438367
pd-user_3610611
pd-user_2568364
pd-user_351821
pd-user_1791316
pd-user_7366366
pd-user_8308778
pd-user_5292753
pd-user_9339667
pd-user_8781769
pd-user_3085206
pd-user_3874215
pd-user_6401584
pd-user_2011925
pd-user_8116370
pd-user_1512527
pd-user_2773839
pd-user_9277939
pd-user_3811095
pd-user_1112024
pd-user_4687664
pd-user_4523891
pd-user_1331558
pd-user_2270576
pd-user_9789530
pd-user_4392072
pd-user_4823094
pd-user_2307145
pd-user_9001786
pd-user_428855
pd-user_1481953
pd-user_5816084
pd-user_7061927
pd-user_1364304
pd-user_1498980
pd-user_8735829
pd-user_7554069
pd-user_8224431
pd-user_8495491
pd-user_8651483
pd-user_8621505
pd-user_186256
pd-user_4136226
pd-user_7327881
pd-user_3937792
pd-user_659142
pd-user_4222298
pd-user_4330949
pd-user_6567978
pd-user_7322668
pd-user_9027072
pd-user_4285950
pd-user_3405423
pd-user_4890525
pd-user_3815085
pd-user_4622953
pd-user_8591939
pd-user_9949254
pd-user_3996041
pd-user_5111251
pd-user_2021572
pd-user_6184997
pd-user_9110118
pd-user_476532
pd-user_8177066
pd-user_1047922
pd-user_4550333
pd-user_1964178
pd-user_1922314
pd-user_5782015
pd-user_4256193
pd-user_1966550
pd-user_4902781
pd-user_4737148
pd-user_840702
pd-user_5519001
pd-user_1477336
pd-user_1938566
pd-user_6552469
pd-user_3750114
pd-user_5985377
pd-user_343696
pd-user_823743
pd-user_261995
pd-user_6961014
pd-user_9442242
pd-user_3363538
pd-user_6637025
pd-user_4425013
pd-user_3652857
pd-user_6963897
pd-user_8942093
pd-user_3162626
pd-user_8789649
pd-user_1301013
pd-user_5985448
pd-user_8359896
pd-user_6429453
pd-user_5712642
pd-user_949050
pd-user_6309220
pd-user_8170231
pd-user_2049787
pd-user_2533251
pd-user_5805094
pd-user_7822243
pd-user_93707
pd-user_3940334
pd-user_2524280
pd-user_8769126
pd-user_9354046
pd-user_1849700
pd-user_4532131
pd-user_9916602
pd-user_1109215
pd-user_9763740
pd-user_7302536
pd-user_7636992
pd-user_514975
pd-user_4420684
pd-user_8828957
pd-user_6469399
pd-user_8423964
pd-user_7329251
pd-user_6479491
pd-user_3199306
pd-user_1335914
pd-user_4981092
pd-user_279075
pd-user_7435058
pd-user_7666504
pd-user_6037868
pd-user_5478807
pd-user_1395913
pd-user_8287713
pd-user_4006752
pd-user_1316808
pd-user_7586703
pd-user_7826354
pd-user_5226969
pd-user_2450899
pd-user_7833695
pd-user_5437639
pd-user_3406327
pd-user_5269092
pd-user_8958933
pd-user_6742132
pd-user_9165103
pd-user_3909617
pd-user_5802300
pd-user_2789592
pd-user_4472161
pd-user_2846276
pd-user_6584593
pd-user_1110893
pd-user_4910457
pd-user_9230243
pd-user_1466686
pd-user_4405242
pd-user_4171901
pd-user_2384322
pd-user_3306599
pd-user_8766183
pd-user_9048353
pd-user_9245921
pd-user_5027172
pd-user_2189644
pd-user_8580946
pd-user_5542087
pd-user_7412818
pd-user_510412
pd-user_3868717
pd-user_1000495
pd-user_1916615
pd-user_4870743
pd-user_5132436
pd-user_2698521
pd-user_4659332
pd-user_1521601
pd-user_7020465
pd-user_874941
pd-user_3692312
pd-user_2799978
pd-user_4033117
pd-user_1689938
pd-user_6328903
pd-user_8044518
pd-user_2785050
pd-user_5860165
pd-user_3617463
pd-user_2376874
pd-user_3877863
pd-user_7247590
pd-user_7671285
pd-user_7345909
pd-user_9262810
pd-user_4298816
pd-user_6982538
pd-user_9313634
pd-user_9735382
pd-user_2753191
pd-user_454995
pd-user_4963992
pd-user_3734192
pd-user_3122483
pd-user_7144740
pd-user_2672884
pd-user_3176558
pd-user_5560273
pd-user_9889519
pd-user_452905
pd-user_4903840
pd-user_4043595
pd-user_881328
pd-user_790719
pd-user_6839946
pd-user_1960604
pd-user_564604
pd-user_8978657
pd-user_4411087
pd-user_9003319
pd-user_7284411
pd-user_3122248
pd-user_6189560
pd-user_1405299
pd-user_7562200
pd-user_3819671
pd-user_9617844
pd-user_3913758
pd-user_2102136
pd-user_2110857
pd-user_3446402
pd-user_1410376
pd-user_3364129
pd-user_7036993
pd-user_1394029
pd-user_8350182
pd-user_2426067
pd-user_3065527
pd-user_9019838
pd-user_3890025
pd-user_1199433
pd-user_8148513
pd-user_1374909
pd-user_3761987
pd-user_7059399
pd-user_7990066
pd-user_467228
pd-user_270704
pd-user_7779917
pd-user_3645678
pd-user_581053
pd-user_3665643
pd-user_2074390
pd-user_8826323
pd-user_4691067
pd-user_4966856
pd-user_5364026
pd-user_7317767
pd-user_4581614
pd-user_2118753
pd-user_2251233
pd-user_4753869
pd-user_2930822
pd-user_83575
pd-user_1169000
pd-user_5749009
pd-user_9902359
pd-user_8998200
pd-user_2785865
pd-user_9052986
pd-user_1837804
pd-user_9158773
pd-user_614785
pd-user_6994312
pd-user_728481
pd-user_6959512
pd-user_1445082
pd-user_4743607
pd-user_5538644
pd-user_2796966
pd-user_7805785
pd-user_3822099
pd-user_1025596
pd-user_5462936
pd-user_641658
pd-user_5245188
pd-user_9814394
pd-user_3276979
pd-user_6963430
pd-user_8011669
pd-user_1767958
pd-user_2857100
pd-user_9933202
pd-user_4592483
pd-user_772051
pd-user_386973
pd-user_3503508
pd-user_825646
pd-user_9725362
pd-user_6385319
pd-user_9217268
pd-user_6571188
pd-user_1838582
pd-user_925755
pd-user_6228578
pd-user_9009814
pd-user_7146186
pd-user_7668508
pd-user_9545914
pd-user_5004310
pd-user_3530271
pd-user_7056234
pd-user_260120
pd-user_3601146
pd-user_6114605
pd-user_2952387
pd-user_8726666
pd-user_1225283
pd-user_47002
pd-user_2205864
pd-user_8610632
pd-user_1188485
pd-user_986527
pd-user_2660750
pd-user_994165
pd-user_2736231
pd-user_2972393
pd-user_9329448
pd-user_4890025
pd-user_8544815
pd-user_1606707
pd-user_9355481
pd-user_9493696
pd-user_2607912
pd-user_8965782
pd-user_308855
pd-user_7262319
pd-user_9914091
pd-user_2726600
pd-user_9519205
pd-user_6523696
pd-user_2689697
pd-user_1701622
pd-user_5152611
pd-user_1307409
pd-user_6752214
pd-user_687943
pd-user_1685213
pd-user_4115147
pd-user_1655922
pd-user_8417708
pd-user_8669593
pd-user_5932778
pd-user_8508264
pd-user_2377893
pd-user_2656837
pd-user_4902541
pd-user_2039484
pd-user_2213650
pd-user_2383211
pd-user_1190820
pd-user_3869897
pd-user_8892548
pd-user_9876636
pd-user_8429664
pd-user_5449824
pd-user_1396260
pd-user_9260461
pd-user_8356339
pd-user_6092728
pd-user_7862753
pd-user_6913639
pd-user_1373567
pd-user_3761488
pd-user_896268
pd-user_8036374
pd-user_7508931
pd-user_636665
pd-user_617658
pd-user_6343504
pd-user_8244989
pd-user_3135105
pd-user_1506731
pd-user_3861464
pd-user_7853771
pd-user_1491292
pd-user_9439808
pd-user_924543
pd-user_2589519
pd-user_1593724
pd-user_4420858
pd-user_4951610
pd-user_8200128
pd-user_9518409
pd-user_3502270
pd-user_9001922
pd-user_3712722
pd-user_4490014
pd-user_2769253
pd-user_4884762
pd-user_7021511
pd-user_7483294
pd-user_7671087
pd-user_5581942
pd-user_9954655
pd-user_7862835
pd-user_5729107
pd-user_5155767
pd-user_9028152
pd-user_7827377
pd-user_3191398
pd-user_3172929
pd-user_1739616
pd-user_8222426
pd-user_4383068
pd-user_4670760
pd-user_6214475
pd-user_9717599
pd-user_2106405
pd-user_8440610
pd-user_7948406
pd-user_9883441
pd-user_8135257
pd-user_9714543
pd-user_5204713
pd-user_617989
pd-user_4662247
pd-user_8256527
pd-user_7919933
pd-user_5472537
pd-user_2581629
pd-user_9617160
pd-user_9818468
pd-user_9601248
pd-user_6199904
pd-user_6924198
pd-user_295500
pd-user_3521867
pd-user_3777144
pd-user_8381468
pd-user_6813339
pd-user_2525253
pd-user_7110679
pd-user_1087218
pd-user_8291613
pd-user_7321084
pd-user_5103448
pd-user_5357845
pd-user_6200564
pd-user_4764626
pd-user_9132297
pd-user_3964846
pd-user_9473978
pd-user_5387620
pd-user_759519
pd-user_9896359
pd-user_9793167
pd-user_8562098
pd-user_4211685
pd-user_325980
pd-user_1474162
pd-user_5884104
pd-user_816835
pd-user_5147563
pd-user_6048425
pd-user_7265232
pd-user_1517588
pd-user_6562719
pd-user_5440295
pd-user_3552914
pd-user_8905490
pd-user_5339800
pd-user_1336437
pd-user_9461502
pd-user_6957698
pd-user_7639996
pd-user_3320996
pd-user_8901112
pd-user_1251002
pd-user_9218688
pd-user_460585
pd-user_2786666
pd-user_7778053
pd-user_8442051
pd-user_7915263
pd-user_625701
pd-user_2184764
pd-user_5157801
pd-user_5584770
pd-user_8567724
pd-user_2227742
pd-user_9986508
pd-user_1140031
pd-user_3386816
pd-user_6905174
pd-user_9166620
pd-user_1299089
pd-user_1244423
pd-user_1137553
pd-user_7555097
pd-user_7154277
pd-user_9963469
pd-user_9863319
pd-user_6833240
pd-user_1342609
pd-user_8049073
pd-user_7518934
pd-user_9414733
pd-user_6108118
pd-user_362338
pd-user_980188
pd-user_7312878
pd-user_5217474
pd-user_2361311
pd-user_6975426
pd-user_4774520
pd-user_9144512
pd-user_8787540
pd-user_5924635
pd-user_1080819
pd-user_429063
pd-user_9653276
pd-user_7911418
pd-user_9324887
pd-user_8647698
pd-user_782776
pd-user_6160179
pd-user_4995124
pd-user_6907585
pd-user_2148645
pd-user_3927051
pd-user_8726875
pd-user_3726417
pd-user_6196054
pd-user_7696139
pd-user_3847285
pd-user_1848020
pd-user_6418277
pd-user_7537532
pd-user_2810240
pd-user_3841237
pd-user_5681185
pd-user_2257389
pd-user_9664279
pd-user_2350232
pd-user_4247457
pd-user_8924953
pd-user_8758952
pd-user_6275951
pd-user_6559122
pd-user_4060984
pd-user_456265
pd-user_1713328
pd-user_8191578
pd-user_6949885
pd-user_2297420
pd-user_9489918
pd-user_3016229
pd-user_5156681
pd-user_5138684
pd-user_7737604
pd-user_9089633
pd-user_7600818
pd-user_9913893
pd-user_2451088
pd-user_6917442
pd-user_2543276
pd-user_6995184
pd-user_6163119
pd-user_6043238
pd-user_830480
pd-user_6002176
pd-user_7133555
pd-user_4165430
pd-user_6072252
pd-user_503591
pd-user_256923
pd-user_6476248
pd-user_852768
pd-user_3583461
pd-user_8463070
pd-user_4657837
pd-user_8208047
pd-user_9669780
pd-user_8481016
pd-user_1950468
pd-user_9286941
pd-user_6107286
pd-user_421637
pd-user_3549959
pd-user_1106254
pd-user_5192513
pd-user_1296691
pd-user_9983933
pd-user_3591917
pd-user_8388249
pd-user_3908765
pd-user_210849
pd-user_8149576
pd-user_4960384
pd-user_9301450
pd-user_9482590
pd-user_6435078
pd-user_1281497
pd-user_7908752
pd-user_7765835
pd-user_6578112
pd-user_5607031
pd-user_6442087
pd-user_1459024
pd-user_7875016
pd-user_6103167
pd-user_9429892
pd-user_5004841
pd-user_4776543
pd-user_4097155
pd-user_3844770
pd-user_9547675
pd-user_1275791
pd-user_5573612
pd-user_9470617
pd-user_7641720
pd-user_3639196
pd-user_1167043
pd-user_8861279
pd-user_158336
pd-user_617105
pd-user_7031793
pd-user_6696776
pd-user_7473689
pd-user_1432257
pd-user_1242865
pd-user_9678337
pd-user_5084625
pd-user_3136942
pd-user_4291676
pd-user_3917178
pd-user_7028104
pd-user_7874494
pd-user_8023607
pd-user_4622594
pd-user_6034879
pd-user_9232282
pd-user_2843934
pd-user_5393331
pd-user_2644446
pd-user_8185809
pd-user_3350864
pd-user_7283574
pd-user_9600015
pd-user_220118
pd-user_8255330
pd-user_9499286
pd-user_4816072
pd-user_1723873
pd-user_8066754
pd-user_7588280
pd-user_8911550
pd-user_4107122
pd-user_127130
pd-user_4558105
pd-user_8427933
pd-user_1927970
pd-user_9335928
pd-user_7625130
pd-user_6727463
pd-user_1588226
pd-user_4354582
pd-user_9621839
pd-user_9616735
pd-user_5614678
pd-user_4806131
pd-user_5677957
pd-user_7410185
pd-user_5570230
pd-user_5379303
pd-user_9927545
pd-user_5633255
pd-user_9094646
pd-user_3932359
pd-user_9896199
pd-user_478192
pd-user_1892853
pd-user_3647705
pd-user_1914132
pd-user_9889034
pd-user_665773
pd-user_1938213
pd-user_6825334
pd-user_7855116
pd-user_4763828
pd-user_1627308
pd-user_7580782
pd-user_9273445
pd-user_1958731
pd-user_1077111
pd-user_7962205
pd-user_8512245
pd-user_6812875
pd-user_9255266
pd-user_5415222
pd-user_6022991
pd-user_7001061
pd-user_2837912
pd-user_1740711
pd-user_1610917
pd-user_6918250
pd-user_7939241
pd-user_6447126
pd-user_46093
pd-user_3197348
pd-user_8630745
pd-user_3363748
pd-user_2326713
pd-user_5771644
pd-user_9830745
pd-user_5018492
pd-user_4993014
pd-user_9056537
pd-user_4910904
pd-user_7975578
pd-user_9146001
pd-user_6069378
pd-user_9367315
pd-user_7615173
pd-user_481584
pd-user_1356052
pd-user_9297751
pd-user_7065418
pd-user_3982355
pd-user_9351178
pd-user_3936035
pd-user_7355958
pd-user_1999285
pd-user_5811523
pd-user_3887606
pd-user_3789513
pd-user_7628795
pd-user_6048515
pd-user_871524
pd-user_3835929
pd-user_3325081
pd-user_292175
pd-user_206578
pd-user_6729948
pd-user_3780728
pd-user_2786445
pd-user_1709008
pd-user_9606570
pd-user_3626827
pd-user_9169027
pd-user_4361279
pd-user_6855594
pd-user_8886114
pd-user_1518035
pd-user_6957294
pd-user_5444920
pd-user_2747256
pd-user_1184572
pd-user_761771
pd-user_3491331
pd-user_9581858
pd-user_7862513
pd-user_2948223
pd-user_1341945
pd-user_767414
pd-user_2474424
pd-user_1949514
pd-user_6570968
pd-user_94703
pd-user_6526656
pd-user_5987864
pd-user_9745633
pd-user_5592163
pd-user_6646487
pd-user_3225434
pd-user_8693372
pd-user_2171097
pd-user_3374214
pd-user_9087162
pd-user_4001173
pd-user_6426018
pd-user_916290
pd-user_8888998
pd-user_9618165
pd-user_1224143
pd-user_4770180
pd-user_5481057
pd-user_6114560
pd-user_2446742
pd-user_6714146
pd-user_7119401
pd-user_9417516
pd-user_5390561
pd-user_3336413
pd-user_3792198
pd-user_4523727
pd-user_9984984
pd-user_216233
pd-user_676978
pd-user_1044719
pd-user_4279649
pd-user_6205979
pd-user_8330754
pd-user_502226
pd-user_3712022
pd-user_45734
pd-user_9206303
pd-user_287682
pd-user_1498890
pd-user_418617
pd-user_151095
pd-user_8905882
pd-user_8617229
pd-user_7302115
pd-user_4102596
pd-user_3442539
pd-user_5098457
pd-user_1741755
pd-user_525972
pd-user_828757
pd-user_89485
pd-user_3226556
pd-user_8629061
pd-user_9146067
pd-user_1246536
pd-user_6543897
pd-user_6455567
pd-user_9019390
pd-user_2536096
pd-user_5417577
pd-user_3007641
pd-user_7091625
pd-user_324127
pd-user_6861109
pd-user_7317468
pd-user_4893842
pd-user_3520826
pd-user_907990
pd-user_665904
pd-user_6991422
pd-user_7418314
pd-user_6126553
pd-user_7632340
pd-user_9056202
pd-user_2866150
pd-user_7688011
pd-user_3374135
pd-user_6898995
pd-user_6156633
pd-user_6267328
pd-user_4222744
pd-user_288327
pd-user_1537418
pd-user_9020428
pd-user_5785483
pd-user_1835653
pd-user_6822913
pd-user_481836
pd-user_7866474
pd-user_1218300
pd-user_4949649
pd-user_7484129
pd-user_7017675
pd-user_5570110
pd-user_7356866
pd-user_5325111
pd-user_7020129
pd-user_1100262
pd-user_1598418
pd-user_1460838
pd-user_4639051
pd-user_1379665
pd-user_3960168
pd-user_7732262
pd-user_8800662
pd-user_9497518
pd-user_5900459
pd-user_7278095
pd-user_8188196
pd-user_2255622
pd-user_6944806
pd-user_9844431
pd-user_9642724
pd-user_8292085
pd-user_8535367
pd-user_4051971
pd-user_8887511
pd-user_1137394
pd-user_770230
pd-user_913945
pd-user_2249434
pd-user_8286367
pd-user_9186632
pd-user_9406214
pd-user_8156754
pd-user_7762633
pd-user_7530189
pd-user_2757843
pd-user_4630961
pd-user_5709742
pd-user_5014281
pd-user_5484391
pd-user_2648029
pd-user_2601497
pd-user_7147965
pd-user_3535228
pd-user_858999
pd-user_1080932
pd-user_2051783
pd-user_315306
pd-user_2165815
pd-user_3035768
pd-user_5442344
pd-user_9185942
pd-user_1845403
pd-user_1114514
pd-user_9384847
pd-user_7637014
pd-user_6979017
pd-user_2696272
pd-user_5948356
pd-user_1668527
pd-user_2407953
pd-user_5210573
pd-user_3187135
pd-user_1190437
pd-user_7422497
pd-user_2941854
pd-user_7395017
pd-user_5374454
pd-user_1222882
pd-user_8336614
pd-user_2589579
pd-user_4550620
pd-user_8491078
pd-user_3173739
pd-user_4496035
pd-user_1004833
pd-user_1073266
pd-user_7602643
pd-user_4365442
pd-user_7839378
pd-user_1628442
pd-user_4964114
pd-user_4528827
pd-user_4396433
pd-user_1823973
pd-user_7432997
pd-user_7231169
pd-user_7420001
pd-user_161699
pd-user_2674271
pd-user_6617021
pd-user_3827032
pd-user_3502141
pd-user_7511141
pd-user_2188237
pd-user_8044614
pd-user_6442726
pd-user_7901433
pd-user_6883564
pd-user_6394395
pd-user_818092
pd-user_2856852
pd-user_5271646
pd-user_1433429
pd-user_8065763
pd-user_6554199
pd-user_3946512
pd-user_7948733
pd-user_6006265
pd-user_1607764
pd-user_9002146
pd-user_4804897
pd-user_3250974
pd-user_5779194
pd-user_5485424
pd-user_799417
pd-user_25410
pd-user_7769381
pd-user_4679418
pd-user_3225393
pd-user_4158728
pd-user_7541272
pd-user_7991101
pd-user_3879603
pd-user_2903728
pd-user_5953394
pd-user_3681749
pd-user_7260574
pd-user_8056983
pd-user_7518546
pd-user_2038341
pd-user_7509439
pd-user_7666264
pd-user_1509697
pd-user_9050533
pd-user_8302048
pd-user_1669999
pd-user_1281278
pd-user_5115656
pd-user_2350616
pd-user_9296268
pd-user_5234133
pd-user_5357214
pd-user_2922270
pd-user_4634477
pd-user_7703498
pd-user_6981050
pd-user_6063684
pd-user_5710250
pd-user_8111031
pd-user_2812118
pd-user_1097037
pd-user_6494445
pd-user_9035948
pd-user_169589
pd-user_9096818
pd-user_1455768
pd-user_5994139
pd-user_4798593
pd-user_3187201
pd-user_6501279
pd-user_1171761
pd-user_5707316
pd-user_8785552
pd-user_1922138
pd-user_6095980
pd-user_5078153
pd-user_5109292
pd-user_308938
pd-user_8850262
pd-user_9788334
pd-user_5737968
pd-user_2932369
pd-user_3144316
pd-user_2357403
pd-user_2933743
pd-user_6519236
pd-user_3235181
pd-user_2942536
pd-user_7627896
pd-user_3731075
pd-user_6179878
pd-user_3682062
pd-user_6570761
pd-user_7808514
pd-user_1851830
pd-user_4452503
pd-user_9071261
pd-user_4968104
pd-user_5183876
pd-user_3549308
pd-user_9915581
pd-user_5618381
pd-user_1678224
pd-user_6160942
pd-user_3354408
pd-user_3600632
pd-user_2315133
pd-user_3446380
pd-user_9077120
pd-user_4470411
pd-user_7741207
pd-user_522674
pd-user_4303314
pd-user_6726291
pd-user_5621491
pd-user_8013684
pd-user_1176161
pd-user_9683062
pd-user_2991513
pd-user_2841540
pd-user_1386081
pd-user_1491889
pd-user_958880
pd-user_4118551
pd-user_4252909
pd-user_895881
pd-user_2944216
pd-user_5074971
pd-user_386081
pd-user_1348366
pd-user_8022075
pd-user_1438411
pd-user_2114818
pd-user_8838619
pd-user_6613392
pd-user_6307387
pd-user_7746278
pd-user_1305187
pd-user_7932891
pd-user_5080538
pd-user_5036699
pd-user_4072119
pd-user_8657143
pd-user_7405867
pd-user_3629790
pd-user_4872199
pd-user_9668218
pd-user_6927296
pd-user_9334712
pd-user_3287208
pd-user_5273009
pd-user_6326716
pd-user_5372184
pd-user_6885865
pd-user_5821108
pd-user_5654686
pd-user_7318918
pd-user_4872239
pd-user_1661037
pd-user_9067465
pd-user_5836132
pd-user_1177657
pd-user_7549120
pd-user_7787102
pd-user_3080695
pd-user_5360062
pd-user_5858533
pd-user_4743719
pd-user_5389176
pd-user_6450125
pd-user_1681469
pd-user_7700874
pd-user_2070571
pd-user_204719
pd-user_3692643
pd-user_5087368
pd-user_5287724
pd-user_7219702
pd-user_7984191
pd-user_5671803
pd-user_5456388
pd-user_5090036
pd-user_276752
pd-user_8837435
pd-user_7461444
pd-user_2229792
pd-user_4964739
pd-user_3993075
pd-user_1826017
pd-user_2178734
pd-user_4741169
pd-user_5971470
pd-user_2646617
pd-user_909589
pd-user_706141
pd-user_9860245
pd-user_1057702
pd-user_5369610
pd-user_2060029
pd-user_7844442
pd-user_9519816
pd-user_79689
pd-user_5444210
pd-user_2232767
pd-user_8522120
pd-user_3607701
pd-user_9873124
pd-user_5391894
pd-user_3601405
pd-user_2071072
pd-user_5345145
pd-user_2145113
pd-user_8840919
pd-user_8784893
pd-user_9524564
pd-user_3419935
pd-user_9170717
pd-user_8993114
pd-user_4942444
pd-user_5706324
pd-user_7928000
pd-user_7284324
pd-user_6005209
pd-user_9436418
pd-user_1199858
pd-user_8393817
pd-user_526860
pd-user_8163334
pd-user_9610686
pd-user_4787652
pd-user_8501036
pd-user_5974575
pd-user_8969738
pd-user_6291169
pd-user_1776795
pd-user_1634488
pd-user_5528482
pd-user_4814494
pd-user_3122840
pd-user_7370789
pd-user_8294613
pd-user_1935460
pd-user_7309071
pd-user_4065680
pd-user_8170174
pd-user_92509
pd-user_8163813
pd-user_4783161
pd-user_2669397
pd-user_4511673
pd-user_7993365
pd-user_7091388
pd-user_9520815
pd-user_592206
pd-user_1240123
pd-user_7451037
pd-user_8118158
pd-user_5074302
pd-user_4374165
pd-user_5496348
pd-user_3651730
pd-user_2624591
pd-user_7598854
pd-user_3616138
pd-user_7565531
pd-user_3708965
pd-user_4997931
pd-user_5934506
pd-user_6678622
pd-user_6227478
pd-user_5808627
pd-user_8285177
pd-user_4053702
pd-user_4368619
pd-user_1938294
pd-user_9035755
pd-user_6042700
pd-user_2428139
pd-user_7445791
pd-user_6917402
pd-user_4822856
pd-user_1815185
pd-user_2278143
pd-user_9298536
pd-user_3296527
pd-user_1835191
pd-user_4129805
pd-user_8399684
pd-user_5771620
pd-user_3806104
pd-user_2568934
pd-user_9348345
pd-user_2624508
pd-user_9653395
pd-user_3130037
pd-user_4659407
pd-user_5957081
pd-user_9209319
pd-user_1688197
pd-user_3929742
pd-user_5828885
pd-user_3375602
pd-user_610760
pd-user_4817049
pd-user_6116580
pd-user_7984869
pd-user_23610
pd-user_8277525
pd-user_1112688
pd-user_9040175
pd-user_5924840
pd-user_4772245
pd-user_1642394
pd-user_5740453
pd-user_2103192
pd-user_8406204
pd-user_4096941
pd-user_6877909
pd-user_6038781
pd-user_5582039
pd-user_5992691
pd-user_5207070
pd-user_1254187
pd-user_7934659
pd-user_6372240
pd-user_2056447
pd-user_295904
pd-user_7779877
pd-user_9755837
pd-user_7930943
pd-user_9141589
pd-user_3898979
pd-user_3624176
pd-user_3165062
pd-user_537688
pd-user_8461000
pd-user_4567767
pd-user_8693192
pd-user_1591155
pd-user_8381521
pd-user_7446393
pd-user_1115617
pd-user_4931456
pd-user_3183407
pd-user_6652019
pd-user_5018521
pd-user_8804758
pd-user_8994364
pd-user_6383446
pd-user_2594388
pd-user_4016119
pd-user_4099505
pd-user_4901885
pd-user_2301336
pd-user_8927325
pd-user_1885327
pd-user_4866752
pd-user_2765039
pd-user_7078071
pd-user_9268521
pd-user_6988897
pd-user_3957270
pd-user_817183
pd-user_2906481
pd-user_3111435
pd-user_4207735
pd-user_574376
pd-user_3033486
pd-user_2207613
pd-user_6132408
pd-user_2518813
pd-user_3085595
pd-user_290384
pd-user_7968075
pd-user_8275707
pd-user_13160
pd-user_395940
pd-user_1138938
pd-user_7678865
pd-user_9352561
pd-user_4944125
pd-user_609423
pd-user_5709946
pd-user_9751902
pd-user_6557478
pd-user_5739451
pd-user_2336758
pd-user_135331
pd-user_2742958
pd-user_8481288
pd-user_283030
pd-user_7916800
pd-user_726732
pd-user_6379271
pd-user_8738674
pd-user_9731657
pd-user_5243730
pd-user_2635899
pd-user_8013595
pd-user_9164340
pd-user_4145015
pd-user_7878335
pd-user_6776069
pd-user_8144541
pd-user_7508724
pd-user_7131186
pd-user_328652
pd-user_1988669
pd-user_8303458
pd-user_73183
pd-user_8401467
pd-user_2485205
pd-user_242532
pd-user_4979231
pd-user_2169623
pd-user_4274445
pd-user_5303059
pd-user_5212220
pd-user_9242754
pd-user_7539664
pd-user_5218252
pd-user_4096296
pd-user_3197923
pd-user_5123021
pd-user_854069
pd-user_6351419
pd-user_8137191
pd-user_7929122
pd-user_8256203
pd-user_1177201
pd-user_9809277
pd-user_8365074
pd-user_6483199
pd-user_4334572
pd-user_1883954
pd-user_3202935
pd-user_222331
pd-user_6638866
pd-user_28011
pd-user_8903302
pd-user_968017
pd-user_2212527
pd-user_3669887
pd-user_1435291
pd-user_3777455
pd-user_5711010
pd-user_8385824
pd-user_6920761
pd-user_6577400
pd-user_2681619
pd-user_2678520
pd-user_5803293
pd-user_7863709
pd-user_1858801
pd-user_5195001
pd-user_4383759
pd-user_689150
pd-user_5473648
pd-user_893738
pd-user_2529054
pd-user_1439739
pd-user_2569273
pd-user_9047021
pd-user_6303880
pd-user_8132171
pd-user_8617046
pd-user_2727453
pd-user_4146955
pd-user_2020324
pd-user_5383890
pd-user_3506139
pd-user_5787880
pd-user_8007944
pd-user_8799052
pd-user_7781119
pd-user_3116165
pd-user_1232009
pd-user_1758179
pd-user_9814635
pd-user_6333494
pd-user_8166195
pd-user_2532906
pd-user_7004526
pd-user_1242228
pd-user_9691913
pd-user_6492497
pd-user_639154
pd-user_1992128
pd-user_9044860
pd-user_8370967
pd-user_8359345
pd-user_7424937
pd-user_5640121
pd-user_9878661
pd-user_7731822
pd-user_6113370
pd-user_3361948
pd-user_1414513
pd-user_9751360
pd-user_2757410
pd-user_1304221
pd-user_8698767
pd-user_9794604
pd-user_3016663
pd-user_8318679
pd-user_5678780
pd-user_2902256
pd-user_5434967
pd-user_4555077
pd-user_2423366
pd-user_8719576
pd-user_6971694
pd-user_3083968
pd-user_4907034
pd-user_3689823
pd-user_3247179
pd-user_4626226
pd-user_1718302
pd-user_4171480
pd-user_3278758
pd-user_158743
pd-user_6477356
pd-user_1847942
pd-user_3152797
pd-user_9748902
pd-user_1436687
pd-user_9272029
pd-user_9768753
pd-user_3599638
pd-user_6885854
pd-user_7358432
pd-user_3707134
pd-user_1546336
pd-user_15511
pd-user_8231331
pd-user_1477663
pd-user_7246604
pd-user_8174910
pd-user_6272344
pd-user_3888588
pd-user_6415086
pd-user_5420232
pd-user_8551123
pd-user_7638160
pd-user_9649295
pd-user_7683385
pd-user_5770126
pd-user_6945384
pd-user_5427600
pd-user_6911210
pd-user_1315393
pd-user_1887264
pd-user_8299924
pd-user_3195293
pd-user_7748881
pd-user_2910385
pd-user_7586774
pd-user_137535
pd-user_9230566
pd-user_5145787
pd-user_8876588
pd-user_6467973
pd-user_6836717
pd-user_9117072
pd-user_3948382
pd-user_9140574
pd-user_4393854
pd-user_6501528
pd-user_9797113
pd-user_4395494
pd-user_359583
pd-user_9727212
pd-user_3558170
pd-user_7927908
pd-user_9270371
pd-user_6218357
pd-user_1076719
pd-user_3866816
pd-user_1877648
pd-user_4252684
pd-user_5358232
pd-user_1414840
pd-user_5792817
pd-user_9837464
pd-user_102916
pd-user_3899866
pd-user_546806
pd-user_7726713
pd-user_1915634
pd-user_2204283
pd-user_3341734
pd-user_7469286
pd-user_80985
pd-user_1219238
pd-user_4179138
pd-user_6823944
pd-user_7431813
pd-user_1284804
pd-user_9530274
pd-user_4760083
pd-user_9203391
pd-user_7013220
pd-user_4754837
pd-user_3201485
pd-user_4494423
pd-user_6771991
pd-user_2864703
pd-user_6600737
pd-user_8713879
pd-user_1353137
pd-user_575576
pd-user_5720503
pd-user_1710771
pd-user_2018796
pd-user_1650181
pd-user_2839165
pd-user_3575820
pd-user_3900057
pd-user_5526288
pd-user_1792354
pd-user_5111747
pd-user_5230315
pd-user_1090706
pd-user_7905515
pd-user_5240446
pd-user_8897348
pd-user_8760582
pd-user_5318969
pd-user_9672123
pd-user_597250
pd-user_32294
pd-user_8340363
pd-user_7777605
pd-user_4324704
pd-user_7476540
pd-user_2817993
pd-user_6899233
pd-user_7556254
pd-user_9029358
pd-user_9076838
pd-user_63265
pd-user_9641157
pd-user_7781407
pd-user_2838632
pd-user_1539563
pd-user_4232749
pd-user_441877
pd-user_2017899
pd-user_7391704
pd-user_637472
pd-user_2047325
pd-user_5055169
pd-user_4743955
pd-user_4281583
pd-user_4519602
pd-user_7943403
pd-user_4016287
pd-user_3744782
pd-user_6203484
pd-user_6428252
pd-user_7424414
pd-user_9353195
pd-user_379862
pd-user_5203917
pd-user_9970284
pd-user_6090296
pd-user_5496953
pd-user_690768
pd-user_2611940
pd-user_5246144
pd-user_4169548
pd-user_4724595
pd-user_1869870
pd-user_1086842
pd-user_1300503
pd-user_5348694
pd-user_1697837
pd-user_1352453
pd-user_101489
pd-user_4315169
pd-user_3745841
pd-user_4010200
pd-user_1584861
pd-user_8151620
pd-user_6433656
pd-user_2500320
pd-user_8895948
pd-user_3199675
pd-user_257374
pd-user_5931382
pd-user_2863219
pd-user_3262354
pd-user_4462931
pd-user_5856544
pd-user_150288
pd-user_1522585
pd-user_337443
pd-user_2296470
pd-user_3258098
pd-user_9852185
pd-user_7223052
pd-user_1649262
pd-user_5288226
pd-user_4746502
pd-user_414195
pd-user_7642557
pd-user_5225404
pd-user_3203400
pd-user_6056640
pd-user_3952537
pd-user_6805335
pd-user_2734150
pd-user_6571376
pd-user_9310278
pd-user_7727764
pd-user_9038262
pd-user_2470445
pd-user_1539705
pd-user_6118984
pd-user_7315319
pd-user_1554853
pd-user_6616686
pd-user_121246
pd-user_4800962
pd-user_1097770
pd-user_6756431
pd-user_6547425
pd-user_6885323
pd-user_9180070
pd-user_2554480
pd-user_2325888
pd-user_9902862
pd-user_8734066
pd-user_6916040
pd-user_1784701
pd-user_5604399
pd-user_1106243
pd-user_7106658
pd-user_4964152
pd-user_5964625
pd-user_6762242
pd-user_4565736
pd-user_4218564
pd-user_2518939
pd-user_8736251
pd-user_6340072
pd-user_5565180
pd-user_9263845
pd-user_6487131
pd-user_7742510
pd-user_1071065
pd-user_5064626
pd-user_6700365
pd-user_68991
pd-user_1039168
pd-user_3196885
pd-user_7868090
pd-user_8980926
pd-user_7305899
pd-user_900846
pd-user_3517144
pd-user_9935036
pd-user_7373088
pd-user_7781507
pd-user_3870641
pd-user_1049388
pd-user_2073196
pd-user_4105211
pd-user_7678932
pd-user_4449592
pd-user_5848947
pd-user_2454627
pd-user_6846947
pd-user_418347
pd-user_4956589
pd-user_2751589
pd-user_4862178
pd-user_8115978
pd-user_2197721
pd-user_1277075
pd-user_727432
pd-user_4499661
pd-user_4302577
pd-user_6755407
pd-user_6337643
pd-user_6363073
pd-user_8361490
pd-user_1150542
pd-user_2830906
pd-user_6276197
pd-user_5695788
pd-user_1451480
pd-user_8616706
pd-user_3181749
pd-user_4898334
pd-user_7015168
pd-user_5332594
pd-user_5018550
pd-user_9890184
pd-user_3364083
pd-user_1191316
pd-user_2370278
pd-user_5303502
pd-user_5678231
pd-user_2329032
pd-user_4635543
pd-user_4253930
pd-user_5447816
pd-user_5571392
pd-user_201301
pd-user_664992
pd-user_5534542
pd-user_37200
pd-user_4017054
pd-user_4933574
pd-user_1098760
pd-user_2935902
pd-user_3716590
pd-user_400229
pd-user_5403599
pd-user_5681700
pd-user_2158089
pd-user_2884132
pd-user_7364537
pd-user_3667987
pd-user_9405469
pd-user_877535
pd-user_853067
pd-user_8911653
pd-user_5902189
pd-user_6078807
pd-user_814766
pd-user_8649982
pd-user_5460025
pd-user_4623696
pd-user_5721726
pd-user_628807
pd-user_3363380
pd-user_4871680
pd-user_6089805
pd-user_7691090
pd-user_4159514
pd-user_114752
pd-user_7155042
pd-user_5330939
pd-user_3597680
pd-user_8847556
pd-user_8895644
pd-user_5533050
pd-user_6530755
pd-user_6627389
pd-user_4179438
pd-user_5255616
pd-user_9655544
pd-user_5456829
pd-user_8668949
pd-user_3666004
pd-user_7992276
pd-user_5207215
pd-user_6003662
pd-user_5442514
pd-user_4006520
pd-user_961172
pd-user_5906027
pd-user_5031653
pd-user_3429913
pd-user_216397
pd-user_7061034
pd-user_6463577
pd-user_1313549
pd-user_2763252
pd-user_2765660
pd-user_3025152
pd-user_6122164
pd-user_7206938
pd-user_4308023
pd-user_7674647
pd-user_6363002
pd-user_3784232
pd-user_4116828
pd-user_5596824
pd-user_9493041
pd-user_9639866
pd-user_6918065
pd-user_8316449
pd-user_1397750
pd-user_8149922
pd-user_3872149
pd-user_7775871
pd-user_4525572
pd-user_1692676
pd-user_5277261
pd-user_5964686
pd-user_4851242
pd-user_5623272
pd-user_3380863
pd-user_4985020
pd-user_9984343
pd-user_100299
pd-user_9845373
pd-user_2265508
pd-user_3664533
pd-user_5431042
pd-user_7998976
pd-user_9983909
pd-user_8357672
pd-user_7455407
pd-user_1140463
pd-user_7818265
pd-user_3971993
pd-user_349107
pd-user_8529497
pd-user_9879283
pd-user_3600245
pd-user_8262486
pd-user_2724478
pd-user_320357
pd-user_1496259
pd-user_783114
pd-user_504674
pd-user_6752607
pd-user_2448495
pd-user_6322517
pd-user_982618
pd-user_3092834
pd-user_7950678
pd-user_3960357
pd-user_7566050
pd-user_2933571
pd-user_6605164
pd-user_4830416
pd-user_2075948
pd-user_1942838
pd-user_5304097
pd-user_2733397
pd-user_162948
pd-user_8373486
pd-user_6470735
pd-user_7971157
pd-user_8028372
pd-user_9636572
pd-user_6780812
pd-user_2483961
pd-user_2076826
pd-user_7859210
pd-user_9641716
pd-user_6060645
pd-user_2944942
pd-user_3933104
pd-user_4922776
pd-user_606943
pd-user_171383
pd-user_69493
pd-user_5204021
pd-user_1014678
pd-user_9551252
pd-user_966215
pd-user_3641546
pd-user_1685851
pd-user_6677565
pd-user_5430232
pd-user_1880865
pd-user_2805022
pd-user_3832804
pd-user_2008449
pd-user_5345284
pd-user_7611633
pd-user_2601968
pd-user_4016884
pd-user_3477708
pd-user_2403855
pd-user_4991216
pd-user_9274078
pd-user_608456
pd-user_594969
pd-user_1191191
pd-user_2099896
pd-user_3779978
pd-user_2686186
pd-user_4930987
pd-user_1635829
pd-user_7371225
pd-user_394651
pd-user_8586270
pd-user_9260327
pd-user_1576232
pd-user_5070048
pd-user_539511
pd-user_3681951
pd-user_5563942
pd-user_7051904
pd-user_5460159
pd-user_6166775
pd-user_6053087
pd-user_2588714
pd-user_1651920
pd-user_153226
pd-user_6112800
pd-user_4662611
pd-user_1852201
pd-user_621151
pd-user_8828815
pd-user_2130576
pd-user_9105129
pd-user_5591765
pd-user_4972515
pd-user_2662154
pd-user_2896362
pd-user_1917569
pd-user_4406888
pd-user_5775892
pd-user_3176621
pd-user_4283118
pd-user_2113314
pd-user_2734920
pd-user_1697415
pd-user_7209032
pd-user_3143723
pd-user_259545
pd-user_2654531
pd-user_3567008
pd-user_8190872
pd-user_3750008
pd-user_7599251
pd-user_2049403
pd-user_5961060
pd-user_2648113
pd-user_9316987
pd-user_3580796
pd-user_4064410
pd-user_5064406
pd-user_222295
pd-user_9104839
pd-user_394805
pd-user_7878391
pd-user_4808688
pd-user_4285458
pd-user_3629358
pd-user_1420294
pd-user_9072824
pd-user_5321534
pd-user_9448032
pd-user_4098402
pd-user_7050767
pd-user_4666712
pd-user_9374038
pd-user_3970808
pd-user_3928968
pd-user_8934119
pd-user_5629170
pd-user_4336131
pd-user_4196937
pd-user_8474519
pd-user_5372870
pd-user_6525282
pd-user_2983969
pd-user_8791010
pd-user_3524046
pd-user_4408831
pd-user_5889858
pd-user_2362487
pd-user_3013842
pd-user_8241336
pd-user_5198786
pd-user_6665169
pd-user_6930624
pd-user_1189093
pd-user_1249524
pd-user_5831408
pd-user_5459362
pd-user_9234475
pd-user_3098779
pd-user_1335907
pd-user_4855522
pd-user_9185316
pd-user_7548541
pd-user_7761216
pd-user_1440822
pd-user_9762175
pd-user_964960
pd-user_7879459
pd-user_7371629
pd-user_2631412
pd-user_6683214
pd-user_1566925
pd-user_8298640
pd-user_895274
pd-user_3346382
pd-user_2496960
pd-user_3455901
pd-user_7385021
pd-user_389789
pd-user_9393563
pd-user_9179686
pd-user_1262053
pd-user_2307372
pd-user_3651126
pd-user_2411975
pd-user_4498385
pd-user_3839115
pd-user_6657731
pd-user_1539993
pd-user_8262718
pd-user_3038176
pd-user_8643970
pd-user_2593908
pd-user_5774205
pd-user_3236215
pd-user_9477618
pd-user_764746
pd-user_1251270
pd-user_8717155
pd-user_8067208
pd-user_4139832
pd-user_1431712
pd-user_4303940
pd-user_3474823
pd-user_5680479
pd-user_8618017
pd-user_3477640
pd-user_9417686
pd-user_7031799
pd-user_4843272
pd-user_6624791
pd-user_2490286
pd-user_94143
pd-user_3419627
pd-user_1056567
pd-user_479365
pd-user_1660519
pd-user_91442
pd-user_7848958
pd-user_9263584
pd-user_6480230
pd-user_1291969
pd-user_2074409
pd-user_830908
pd-user_249209
pd-user_4051762
pd-user_78589
pd-user_6147439
pd-user_7892267
pd-user_1883420
pd-user_1617120
pd-user_9503109
pd-user_3087390
pd-user_8377216
pd-user_318811
pd-user_275493
pd-user_7627033
pd-user_5823876
pd-user_2779498
pd-user_6924922
pd-user_6015481
pd-user_1416278
pd-user_6342208
pd-user_3799635
pd-user_5668905
pd-user_3996706
pd-user_2003910
pd-user_359821
pd-user_91972
pd-user_2388889
pd-user_8564633
pd-user_6120917
pd-user_8957894
pd-user_1627728
pd-user_258398
pd-user_5181056
pd-user_6388682
pd-user_9830235
pd-user_7929706
pd-user_9328057
pd-user_7130011
pd-user_4524014
pd-user_7439978
pd-user_4228247
pd-user_1545035
pd-user_7987115
pd-user_2924866
pd-user_6214934
pd-user_6271336
pd-user_5612941
pd-user_4829012
pd-user_775840
pd-user_3506616
pd-user_6750102
pd-user_5619965
pd-user_7237091
pd-user_5405955
pd-user_4623518
pd-user_5403910
pd-user_8034782
pd-user_4879983
pd-user_1645627
pd-user_2394184
pd-user_2805148
pd-user_9844367
pd-user_9035065
pd-user_7207196
pd-user_2006780
pd-user_6119677
pd-user_9559838
pd-user_298302
pd-user_4334068
pd-user_2538070
pd-user_4062447
pd-user_5971310
pd-user_1235218
pd-user_3817654
pd-user_7650366
pd-user_5476583
pd-user_5548604
pd-user_807748
pd-user_4001451
pd-user_3455436
pd-user_8438097
pd-user_4426565
pd-user_6280855
pd-user_8053335
pd-user_6609257
pd-user_466124
pd-user_2704749
pd-user_4823639
pd-user_4881728
pd-user_5893507
pd-user_8347099
pd-user_9688603
pd-user_8694056
pd-user_8429960
pd-user_2957983
pd-user_481105
pd-user_1059895
pd-user_6609419
pd-user_402389
pd-user_6528765
pd-user_6360367
pd-user_2275945
pd-user_8695532
pd-user_8163501
pd-user_9206691
pd-user_1636622
pd-user_130808
pd-user_4481734
pd-user_6414366
pd-user_5032581
pd-user_2704470
pd-user_8818283
pd-user_5610844
pd-user_2858056
pd-user_8378024
pd-user_6749046
pd-user_3135916
pd-user_597937
pd-user_8551006
pd-user_3136761
pd-user_7048418
pd-user_3388026
pd-user_5031543
pd-user_2520601
pd-user_1268908
pd-user_7233009
pd-user_4190644
pd-user_7727505
pd-user_7914929
pd-user_4930067
pd-user_2387895
pd-user_4518569
pd-user_1787541
pd-user_7566864
pd-user_719981
pd-user_8363580
pd-user_3161190
pd-user_4537131
pd-user_3482632
pd-user_1354284
pd-user_3217503
pd-user_209749
pd-user_883275
pd-user_4959535
pd-user_7432961
pd-user_5754376
pd-user_3435660
pd-user_9676443
pd-user_4152782
pd-user_5646621
pd-user_8983207
pd-user_3142466
pd-user_1444609
pd-user_4110243
pd-user_4021472
pd-user_6900075
pd-user_8635181
pd-user_5153622
pd-user_5283243
pd-user_351711
pd-user_7636978
pd-user_3272775
pd-user_5807689
pd-user_8390505
pd-user_4755549
pd-user_3818861
pd-user_4648794
pd-user_1024949
pd-user_7814260
pd-user_8799822
pd-user_37374
pd-user_6833323
pd-user_4673557
pd-user_7066824
pd-user_6719159
pd-user_6437330
pd-user_84077
pd-user_1806688
pd-user_3528439
pd-user_8531795
pd-user_4288349
pd-user_2814429
pd-user_9015843
pd-user_8992059
pd-user_4602894
pd-user_4988349
pd-user_892684
pd-user_1774495
pd-user_8603223
pd-user_820239
pd-user_5439644
pd-user_3990116
pd-user_5582733
pd-user_8348949
pd-user_1063884
pd-user_2749848
pd-user_2297651
pd-user_8397670
pd-user_471400
pd-user_2561695
pd-user_1639767
pd-user_4762637
pd-user_3467410
pd-user_2619112
pd-user_719286
pd-user_301362
pd-user_7266143
pd-user_4003622
pd-user_1310242
pd-user_3127710
pd-user_9094347
pd-user_3935470
pd-user_2445147
pd-user_507942
pd-user_5092419
pd-user_7332360
pd-user_9534666
pd-user_9439337
pd-user_5787896
pd-user_4446707
pd-user_9805443
pd-user_9658720
pd-user_1693920
pd-user_9454430
pd-user_1975675
pd-user_1467484
pd-user_1836410
pd-user_4359643
pd-user_6938565
pd-user_5828252
pd-user_4442404
pd-user_6368151
pd-user_9997747
pd-user_7948975
pd-user_508011
pd-user_1041492
pd-user_2595285
pd-user_5186617
pd-user_7675452
pd-user_2159266
pd-user_9330632
pd-user_3884111
pd-user_7811964
pd-user_2470076
pd-user_2626333
pd-user_1766564
pd-user_4117727
pd-user_3678744
pd-user_2277299
pd-user_3682417
pd-user_6042770
pd-user_3758200
pd-user_4526301
pd-user_166782
pd-user_9048227
pd-user_1036184
pd-user_2201292
pd-user_9533151
pd-user_4227198
pd-user_5893861
pd-user_8129106
pd-user_5868491
pd-user_2427480
pd-user_5267038
pd-user_2765418
pd-user_1133213
pd-user_6790066
pd-user_4940683
pd-user_6912147
pd-user_730225
pd-user_1891046
pd-user_1855
pd-user_3252356
pd-user_4335039
pd-user_7495528
pd-user_4635543
pd-user_2247211
pd-user_7820031
pd-user_5201603
pd-user_4566143
pd-user_5141623
pd-user_5107531
pd-user_5076037
pd-user_6098955
pd-user_2353570
pd-user_6766227
pd-user_3487694
pd-user_7695223
pd-user_2774273
pd-user_9510389
pd-user_7302171
pd-user_365515
pd-user_244192
pd-user_5144436
pd-user_2482655
pd-user_3004501
pd-user_114297
pd-user_6892271
pd-user_4214152
pd-user_739696
pd-user_4720339
pd-user_9069594
pd-user_4271780
pd-user_2946105
pd-user_6897611
pd-user_3431506
pd-user_8578068
pd-user_6828285
pd-user_7037289
pd-user_9732223
pd-user_5649990
pd-user_2868187
pd-user_8452078
pd-user_8455920
pd-user_5456982
pd-user_6324115
pd-user_9962059
pd-user_2563928
pd-user_4615215
pd-user_4407522
pd-user_4716291
pd-user_4987720
pd-user_8037348
pd-user_6182411
pd-user_9566929
pd-user_431708
pd-user_9182979
pd-user_6012761
pd-user_5466376
pd-user_7412836
pd-user_3488216
pd-user_5582442
pd-user_3887919
pd-user_6609870
pd-user_1370749
pd-user_7839634
pd-user_2578088
pd-user_7594216
pd-user_8263944
pd-user_2576136
pd-user_1003998
pd-user_3770125
pd-user_7361578
pd-user_1413104
pd-user_928576
pd-user_7464505
pd-user_7915748
pd-user_6045130
pd-user_9498802
pd-user_7608414
pd-user_1603570
pd-user_3113241
pd-user_7603838
pd-user_8149619
pd-user_1698565
pd-user_5955689
pd-user_7747948
pd-user_8141797
pd-user_2228128
pd-user_6155637
pd-user_955443
pd-user_4880354
pd-user_5699551
pd-user_3068652
pd-user_1513636
pd-user_2855916
pd-user_4432789
pd-user_8583163
pd-user_1641457
pd-user_4858032
pd-user_56652
pd-user_3951470
pd-user_1352840
pd-user_8151426
pd-user_9783033
pd-user_9803200
pd-user_8875092
pd-user_3073558
pd-user_8131324
pd-user_5732818
pd-user_3092445
pd-user_1297632
pd-user_2660670
pd-user_1757984
pd-user_4567572
pd-user_1957921
pd-user_5988107
pd-user_4428749
pd-user_8762887
pd-user_1375931
pd-user_8536713
pd-user_8923900
pd-user_5587618
pd-user_6461320
pd-user_551785
pd-user_2887866
pd-user_8109446
pd-user_8698839
pd-user_115039
pd-user_3715678
pd-user_2081883
pd-user_9583507
pd-user_3987369
pd-user_9796128
pd-user_2594903
pd-user_7719131
pd-user_165403
pd-user_1120919
pd-user_4369468
pd-user_5980606
pd-user_3143963
pd-user_9332763
pd-user_9013089
pd-user_3168433
pd-user_2512421
pd-user_8821766
pd-user_9618558
pd-user_6150554
pd-user_8658825
pd-user_5187714
pd-user_9044990
pd-user_1902944
pd-user_4479626
pd-user_1646963
pd-user_8927195
pd-user_7147958
pd-user_2930902
pd-user_7435699
pd-user_6621571
pd-user_4228887
pd-user_9812692
pd-user_4992826
pd-user_75863
pd-user_4622668
pd-user_9471418
pd-user_4905129
pd-user_1671661
pd-user_8458641
pd-user_8404666
pd-user_1528018
pd-user_9037880
pd-user_5963018
pd-user_6647669
pd-user_9561118
pd-user_4816156
pd-user_3264644
pd-user_5023855
pd-user_7807499
pd-user_3693849
pd-user_8993757
pd-user_2587019
pd-user_373189
pd-user_8998942
pd-user_5197474
pd-user_8469990
pd-user_779426
pd-user_3882104
pd-user_3867341
pd-user_2767725
pd-user_3454904
pd-user_9852521
pd-user_4737081
pd-user_5396738
pd-user_2991913
pd-user_7255045
pd-user_2835783
pd-user_71732
pd-user_3976244
pd-user_9900561
pd-user_6721947
pd-user_6874992
pd-user_4775934
pd-user_4849578
pd-user_4220523
pd-user_4244204
pd-user_6182839
pd-user_2706158
pd-user_9692336
pd-user_1372724
pd-user_6106117
pd-user_8206623
pd-user_6106254
pd-user_3839629
pd-user_199371
pd-user_9203227
pd-user_3450187
pd-user_1619779
pd-user_8004205
pd-user_7937203
pd-user_4076360
pd-user_8339403
pd-user_4712869
pd-user_6252356
pd-user_4223938
pd-user_2212977
pd-user_4579232
pd-user_1912497
pd-user_7627989
pd-user_5149255
pd-user_5132629
pd-user_4743452
pd-user_2796905
pd-user_2614588
pd-user_9836526
pd-user_6771574
pd-user_2907936
pd-user_7857645
pd-user_6335817
pd-user_7087587
pd-user_8373603
pd-user_8485366
pd-user_7965655
pd-user_1810990
pd-user_1355065
pd-user_6204876
pd-user_4229240
pd-user_796809
pd-user_7348988
pd-user_7515296
pd-user_2246890
pd-user_9425879
pd-user_6007771
pd-user_5337182
pd-user_59450
pd-user_8880661
pd-user_6900216
pd-user_8921789
pd-user_2597661
pd-user_2860548
pd-user_4376952
pd-user_5216539
pd-user_9020059
pd-user_4703746
pd-user_1883964
pd-user_2528579
pd-user_9938373
pd-user_3850075
pd-user_5990099
pd-user_626871
pd-user_4221265
pd-user_7907346
pd-user_9185103
pd-user_8862413
pd-user_3884805
pd-user_7361962
pd-user_1136689
pd-user_4039504
pd-user_9378408
pd-user_1782324
pd-user_6197005
pd-user_708653
pd-user_9765262
pd-user_5631837
pd-user_9646250
pd-user_608352
pd-user_7071797
pd-user_724508
pd-user_9094090
pd-user_5161213
pd-user_3060915
pd-user_6093208
pd-user_9979417
pd-user_9956016
pd-user_7585680
pd-user_8818516
pd-user_9880262
pd-user_2290108
pd-user_3436108
pd-user_3948860
pd-user_9913937
pd-user_7698812
pd-user_6301318
pd-user_6954008
pd-user_8492310
pd-user_3794416
pd-user_9769433
pd-user_7628081
pd-user_7472075
pd-user_1408590
pd-user_6489888
pd-user_1360801
pd-user_3224732
pd-user_9947483
pd-user_7106625
pd-user_9767956
pd-user_772959
pd-user_9540119
pd-user_430258
pd-user_1712454
pd-user_2269479
pd-user_6381639
pd-user_9377918
pd-user_7870036
pd-user_4719880
pd-user_4558255
pd-user_3781307
pd-user_4915615
pd-user_301081
pd-user_6559564
pd-user_9407341
pd-user_9699282
pd-user_1976931
pd-user_3420480
pd-user_4591923
pd-user_2631684
pd-user_5421284
pd-user_5781766
pd-user_8315710
pd-user_6445278
pd-user_3938793
pd-user_2541163
pd-user_6463819
pd-user_7340843
pd-user_8932123
pd-user_6481874
pd-user_4715750
pd-user_1695172
pd-user_3889513
pd-user_9660205
pd-user_1169426
pd-user_8997781
pd-user_7854718
pd-user_848102
pd-user_3738967
pd-user_8995561
pd-user_6392639
pd-user_329545
pd-user_7543151
pd-user_6761468
pd-user_2180604
pd-user_8418917
pd-user_4328056
pd-user_2189049
pd-user_9195015
pd-user_9585777
pd-user_2137848
pd-user_3173475
pd-user_7603735
pd-user_7309365
pd-user_6535956
pd-user_9408527
pd-user_9669645
pd-user_4184333
pd-user_8655446
pd-user_6246025
pd-user_5490649
pd-user_4284053
pd-user_7072767
pd-user_2539000
pd-user_4261153
pd-user_9100515
pd-user_5113848
pd-user_2123299
pd-user_4141126
pd-user_8995976
pd-user_2152054
pd-user_4473670
pd-user_2860568
pd-user_3304620
pd-user_9277386
pd-user_1579069
pd-user_3939359
pd-user_4673561
pd-user_5961595
pd-user_5671280
pd-user_6200252
pd-user_6992985
pd-user_8186903
pd-user_1755980
pd-user_6063549
pd-user_2631395
pd-user_9205695
pd-user_3423991
pd-user_2688442
pd-user_8745427
pd-user_4886840
pd-user_5974289
pd-user_5469454
pd-user_1849601
pd-user_7343499
pd-user_5988960
pd-user_4541162
pd-user_3846571
pd-user_8623658
pd-user_6863278
pd-user_5081349
pd-user_1092665
pd-user_3760798
pd-user_9183071
pd-user_5341952
pd-user_3699577
pd-user_5179325
pd-user_2118333
pd-user_2322244
pd-user_8861647
pd-user_5667455
pd-user_3503512
pd-user_3648795
pd-user_5105681
pd-user_8460739
pd-user_8411446
pd-user_4154326
pd-user_6614026
pd-user_8028658
pd-user_8779859
pd-user_3616729
pd-user_205662
pd-user_9247680
pd-user_2551614
pd-user_7604717
pd-user_9715167
pd-user_6038688
pd-user_8442742
pd-user_3213264
pd-user_7475912
pd-user_7916161
pd-user_4456436
pd-user_2150963
pd-user_5509802
pd-user_6629270
pd-user_856404
pd-user_7848919
pd-user_9640160
pd-user_5695552
pd-user_7303841
pd-user_4245891
pd-user_421782
pd-user_7471918
pd-user_6038333
pd-user_5851470
pd-user_6380777
pd-user_1071744
pd-user_788278
pd-user_5482041
pd-user_5317878
pd-user_362180
pd-user_6633877
pd-user_7248157
pd-user_3212921
pd-user_3880829
pd-user_1371304
pd-user_6543955
pd-user_6802699
pd-user_2267251
pd-user_9448364
pd-user_1694488
pd-user_6812889
pd-user_2829934
pd-user_3968949
pd-user_1154589
pd-user_9201415
pd-user_8175890
pd-user_1734660
pd-user_9493566
pd-user_2462205
pd-user_205813
pd-user_5614170
pd-user_6198513
pd-user_1281650
pd-user_5991304
pd-user_5010333
pd-user_7604442
pd-user_1443261
pd-user_1536635
pd-user_8455559
pd-user_4496732
pd-user_4320172
pd-user_4823061
pd-user_7619090
pd-user_9213956
pd-user_6683832
pd-user_4152286
pd-user_1697527
pd-user_9996116
pd-user_4078776
pd-user_7007860
pd-user_3088061
pd-user_8050400
pd-user_5951027
pd-user_2957888
pd-user_8268614
pd-user_5473297
pd-user_2616295
pd-user_4751621
pd-user_6033618
pd-user_1856314
pd-user_4406476
pd-user_5021209
pd-user_735642
pd-user_1872830
pd-user_2973471
pd-user_3149929
pd-user_2444415
pd-user_2280663
pd-user_9120727
pd-user_6775292
pd-user_5323858
pd-user_7098055
pd-user_1316976
pd-user_4860938
pd-user_7387663
pd-user_4088447
pd-user_5479844
pd-user_1052470
pd-user_277051
pd-user_8585426
pd-user_4158899
pd-user_1110349
pd-user_2884974
pd-user_2241055
pd-user_6827927
pd-user_7419155
pd-user_5934319
pd-user_7280554
pd-user_9293755
pd-user_205865
pd-user_8023562
pd-user_1167046
pd-user_4212271
pd-user_7086995
pd-user_2753935
pd-user_8588589
pd-user_1981478
pd-user_6500646
pd-user_5334800
pd-user_5122940
pd-user_1134720
pd-user_133235
pd-user_7659218
pd-user_8080853
pd-user_8167144
pd-user_326091
pd-user_7251446
pd-user_4684204
pd-user_7797776
pd-user_5158189
pd-user_9776810
pd-user_7247284
pd-user_2743912
pd-user_8931059
pd-user_8754527
pd-user_7277657
pd-user_3866837
pd-user_1245452
pd-user_6456593
pd-user_6656264
pd-user_6062274
pd-user_9096731
pd-user_6054580
pd-user_1847310
pd-user_9744593
pd-user_657528
pd-user_312013
pd-user_6079738
pd-user_5573835
pd-user_6419089
pd-user_7313779
pd-user_6536840
pd-user_5608109
pd-user_5808918
pd-user_4184792
pd-user_3325696
pd-user_8844982
pd-user_5711310
pd-user_3542538
pd-user_9919675
pd-user_6886980
pd-user_2462604
pd-user_1147819
pd-user_4162689
pd-user_3264141
pd-user_3109679
pd-user_4742764
pd-user_2737229
pd-user_249673
pd-user_9892795
pd-user_7388882
pd-user_1915369
pd-user_1774069
pd-user_3364417
pd-user_6896722
pd-user_833890
pd-user_8948740
pd-user_4476154
pd-user_980873
pd-user_5528339
pd-user_1634418
pd-user_3176322
pd-user_86848
pd-user_7147777
pd-user_1953522
pd-user_9594324
pd-user_8306119
pd-user_4111114
pd-user_8268757
pd-user_60255
pd-user_1540265
pd-user_5054256
pd-user_1884412
pd-user_1205824
pd-user_17591
pd-user_2102668
pd-user_8860459
pd-user_3949993
pd-user_32118
pd-user_3876460
pd-user_1910297
pd-user_2716492
pd-user_4542072
pd-user_7390005
pd-user_6269887
pd-user_1261588
pd-user_1037406
pd-user_5182852
pd-user_2994919
pd-user_2146480
pd-user_5510786
pd-user_4500402
pd-user_7135774
pd-user_1571255
pd-user_7020114
pd-user_3870552
pd-user_4776645
pd-user_2058067
pd-user_4836855
pd-user_5382264
pd-user_1550917
pd-user_9258041
pd-user_7168140
pd-user_3351565
pd-user_9980933
pd-user_2715344
pd-user_6577572
pd-user_1495018
pd-user_3812757
pd-user_7207395
pd-user_4331949
pd-user_323037
pd-user_2934788
pd-user_892886
pd-user_2050971
pd-user_6866584
pd-user_9533918
pd-user_2439013
pd-user_9028688
pd-user_9574748
pd-user_1286152
pd-user_4608850
pd-user_2779637
pd-user_6289180
pd-user_1114911
pd-user_7483266
pd-user_8183448
pd-user_4775379
pd-user_8818726
pd-user_952212
pd-user_8732969
pd-user_1780374
pd-user_5016096
pd-user_7321983
pd-user_6837874
pd-user_6485792
pd-user_3108083
pd-user_7610278
pd-user_6040846
pd-user_7753923
pd-user_8841046
pd-user_9133264
pd-user_4619667
pd-user_938851
pd-user_1595524
pd-user_1965771
pd-user_8078737
pd-user_7272265
pd-user_7530489
pd-user_3926400
pd-user_4823589
pd-user_9518724
pd-user_4665226
pd-user_1672325
pd-user_9785935
pd-user_7092562
pd-user_1486719
pd-user_8286798
pd-user_7104588
pd-user_1136562
pd-user_9544267
pd-user_3701978
pd-user_835024
pd-user_6743616
pd-user_8401939
pd-user_3569565
pd-user_9788859
pd-user_5252904
pd-user_7920431
pd-user_3095846
pd-user_5483121
pd-user_5632327
pd-user_1086669
pd-user_2206484
pd-user_1408442
pd-user_5356924
pd-user_985266
pd-user_915583
pd-user_6005530
pd-user_2048031
pd-user_8942897
pd-user_6233226
pd-user_8549359
pd-user_8364773
pd-user_6930897
pd-user_8278865
pd-user_3647052
pd-user_1833718
pd-user_5969252
pd-user_24757
pd-user_8242817
pd-user_862725
pd-user_3825612
pd-user_3932125
pd-user_7785992
pd-user_6161680
pd-user_2770892
pd-user_4442494
pd-user_3883693
pd-user_3722034
pd-user_8956946
pd-user_5509614
pd-user_615458
pd-user_2029133
pd-user_1415261
pd-user_4893537
pd-user_3617548
pd-user_1634916
pd-user_5037015
pd-user_6671451
pd-user_5864600
pd-user_3728959
pd-user_1646008
pd-user_6994513
pd-user_3950292
pd-user_6228700
pd-user_1959722
pd-user_6441386
pd-user_222360
pd-user_9285090
pd-user_4333534
pd-user_2776534
pd-user_478713
pd-user_4461368
pd-user_9124297
pd-user_783729
pd-user_9955870
pd-user_1744626
pd-user_7685431
pd-user_1264248
pd-user_1602811
pd-user_6146189
pd-user_7588491
pd-user_3901662
pd-user_6454253
pd-user_273435
pd-user_8269435
pd-user_2138772
pd-user_3230370
pd-user_965865
pd-user_5114505
pd-user_8781639
pd-user_4697119
pd-user_3430139
pd-user_9371226
pd-user_443741
pd-user_8053146
pd-user_5165099
pd-user_958028
pd-user_158381
pd-user_8554278
pd-user_4736198
pd-user_355008
pd-user_6722468
pd-user_6555533
pd-user_2533051
pd-user_8164610
pd-user_2475098
pd-user_6620009
pd-user_7282274
pd-user_9932166
pd-user_7491302
pd-user_2017865
pd-user_6760980
pd-user_8463087
pd-user_7714549
pd-user_1761771
pd-user_3072334
pd-user_4882485
pd-user_4220116
pd-user_341131
pd-user_7700629
pd-user_7920331
pd-user_9573160
pd-user_8251874
pd-user_6365723
pd-user_3666250
pd-user_9346543
pd-user_6333775
pd-user_5092000
pd-user_4411275
pd-user_9668879
pd-user_9144775
pd-user_6288976
pd-user_3460543
pd-user_602450
pd-user_2225919
pd-user_7803348
pd-user_9596882
pd-user_5403876
pd-user_5406902
pd-user_8946800
pd-user_5741772
pd-user_2507792
pd-user_2697017
pd-user_8446356
pd-user_4390167
pd-user_3367820
pd-user_8966962
pd-user_1636892
pd-user_6823068
pd-user_3790611
pd-user_2745262
pd-user_5031154
pd-user_7015721
pd-user_683153
pd-user_3712186
pd-user_2064317
pd-user_3047439
pd-user_2768306
pd-user_7424870
pd-user_1375544
pd-user_9594086
pd-user_4778733
pd-user_9006130
pd-user_309908
pd-user_339860
pd-user_8199950
pd-user_885117
pd-user_1335960
pd-user_4990829
pd-user_6990145
pd-user_1616010
pd-user_493657
pd-user_8320339
pd-user_7318148
pd-user_7984629
pd-user_5786555
pd-user_6574413
pd-user_535020
pd-user_4378904
pd-user_1094305
pd-user_8284620
pd-user_7927497
pd-user_9224529
pd-user_2732292
pd-user_7419992
pd-user_5298278
pd-user_2521726
pd-user_1325096
pd-user_8131034
pd-user_2352951
pd-user_2430232
pd-user_3654836
pd-user_1836589
pd-user_1968627
pd-user_1579875
pd-user_5719399
pd-user_612217
pd-user_5347164
pd-user_4171599
pd-user_4611412
pd-user_824807
pd-user_6578129
pd-user_5240683
pd-user_6131220
pd-user_2352389
pd-user_8065613
pd-user_9405811
pd-user_2613556
pd-user_9409153
pd-user_6093476
pd-user_3805952
pd-user_4583681
pd-user_1382040
pd-user_3309222
pd-user_2380499
pd-user_7409930
pd-user_4681024
pd-user_6522632
pd-user_8030389
pd-user_105782
pd-user_95337
pd-user_9774870
pd-user_2613795
pd-user_712791
pd-user_9810905
pd-user_4315012
pd-user_1116997
pd-user_818164
pd-user_1994888
pd-user_9822241
pd-user_3382625
pd-user_5822099
pd-user_3454123
pd-user_5878897
pd-user_2947664
pd-user_9781624
pd-user_1369752
pd-user_2535430
pd-user_8385230
pd-user_8729879
pd-user_7755145
pd-user_7866275
pd-user_8047627
pd-user_9499360
pd-user_8220007
pd-user_5980116
pd-user_6089760
pd-user_4155438
pd-user_9141232
pd-user_8270950
pd-user_6750545
pd-user_7247561
pd-user_1124306
pd-user_6423686
pd-user_8024245
pd-user_9809340
pd-user_6831131
pd-user_8469193
pd-user_9970438
pd-user_4404570
pd-user_9118632
pd-user_959244
pd-user_7062194
pd-user_1655400
pd-user_5038323
pd-user_2689159
pd-user_9171485
pd-user_2905265
pd-user_7709384
pd-user_2173816
pd-user_4561329
pd-user_5989618
pd-user_7176997
pd-user_758420
pd-user_4725192
pd-user_2539700
pd-user_8024117
pd-user_6798413
pd-user_8649326
pd-user_6242404
pd-user_2343153
pd-user_9299037
pd-user_4136604
pd-user_2707343
pd-user_9093488
pd-user_6176580
pd-user_3400673
pd-user_6970746
pd-user_5994225
pd-user_5247966
pd-user_7909144
pd-user_9547518
pd-user_2077152
pd-user_2626758
pd-user_6148050
pd-user_4308043
pd-user_7819098
pd-user_7898298
pd-user_5312277
pd-user_9581776
pd-user_4455622
pd-user_7814423
pd-user_2105183
pd-user_4208866
pd-user_8226693
pd-user_7279333
pd-user_457485
pd-user_2636495
pd-user_100136
pd-user_7940184
pd-user_3237969
pd-user_8240920
pd-user_1834629
pd-user_1980478
pd-user_4673889
pd-user_5219453
pd-user_9899749
pd-user_5016387
pd-user_7939407
pd-user_4615510
pd-user_5877687
pd-user_1545598
pd-user_3123160
pd-user_4203792
pd-user_4982914
pd-user_4384959
pd-user_2134780
pd-user_7660263
pd-user_1722845
pd-user_2261241
pd-user_231807
pd-user_4151983
pd-user_2615643
pd-user_4371059
pd-user_3507520
pd-user_3988932
pd-user_7469153
pd-user_6457962
pd-user_2462842
pd-user_4441321
pd-user_3259780
pd-user_1680494
pd-user_9631375
pd-user_3362511
pd-user_4405879
pd-user_9877061
pd-user_4584375
pd-user_8287266
pd-user_3321616
pd-user_7938257
pd-user_4165584
pd-user_306803
pd-user_7686043
pd-user_4495702
pd-user_8631489
pd-user_2220870
pd-user_2953848
pd-user_4126638
pd-user_7730232
pd-user_8665228
pd-user_2386172
pd-user_4595720
pd-user_1336454
pd-user_6513403
pd-user_5855013
pd-user_1609719
pd-user_1464822
pd-user_2177679
pd-user_3032526
pd-user_6544124
pd-user_5468666
pd-user_647525
pd-user_6441098
pd-user_5857465
pd-user_1141525
pd-user_1450389
pd-user_8692082
pd-user_2132768
pd-user_5076662
pd-user_2565402
pd-user_979507
pd-user_9149768
pd-user_6754995
pd-user_9560983
pd-user_1186149
pd-user_1001798
pd-user_8465896
pd-user_6368057
pd-user_301857
pd-user_4437261
pd-user_2687307
pd-user_4456092
pd-user_7489492
pd-user_6230121
pd-user_7688949
pd-user_7306862
pd-user_5952034
pd-user_5945479
pd-user_4171423
pd-user_8988964
pd-user_8403387
pd-user_8111267
pd-user_4036389
pd-user_8815639
pd-user_6794566
pd-user_2948035
pd-user_9352459
pd-user_1834904
pd-user_4041420
pd-user_7237371
pd-user_7477915
pd-user_1482398
pd-user_2723591
pd-user_3353020
pd-user_9670905
pd-user_6380148
pd-user_8675720
pd-user_4852412
pd-user_8288467
pd-user_9260548
pd-user_1787352
pd-user_3124478
pd-user_9187742
pd-user_8410291
pd-user_3048192
pd-user_4206321
pd-user_2452425
pd-user_6023180
pd-user_6665543
pd-user_124410
pd-user_5392861
pd-user_7581685
pd-user_5411935
pd-user_2992595
pd-user_8554580
pd-user_6423362
pd-user_9185854
pd-user_2800251
pd-user_9297806
pd-user_4696308
pd-user_8787892
pd-user_6486381
pd-user_9433624
pd-user_2884397
pd-user_4267394
pd-user_2407304
pd-user_9538314
pd-user_3972883
pd-user_5827920
pd-user_6133805
pd-user_8868003
pd-user_2227631
pd-user_4432505
pd-user_6051055
pd-user_4397443
pd-user_1419068
pd-user_5815415
pd-user_7826442
pd-user_7721880
pd-user_3319041
pd-user_337231
pd-user_3095815
pd-user_3689118
pd-user_6837347
pd-user_7320401
pd-user_7525034
pd-user_9957479
pd-user_2431576
pd-user_2806737
pd-user_3336366
pd-user_3789609
pd-user_8888011
pd-user_3823844
pd-user_4226094
pd-user_3481061
pd-user_9252808
pd-user_6869326
pd-user_9248865
pd-user_4652947
pd-user_8122895
pd-user_8087703
pd-user_3309502
pd-user_9769318
pd-user_9486970
pd-user_9148099
pd-user_7788303
pd-user_6807238
pd-user_8151682
pd-user_7383760
pd-user_2706579
pd-user_3634131
pd-user_1420864
pd-user_7003508
pd-user_413990
pd-user_5404757
pd-user_7198536
pd-user_3068915
pd-user_3618837
pd-user_8728073
pd-user_4554196
pd-user_2047926
pd-user_6038759
pd-user_8008528
pd-user_3557028
pd-user_2652499
pd-user_2801099
pd-user_9133603
pd-user_1154212
pd-user_5084900
pd-user_1170817
pd-user_7613013
pd-user_6908616
pd-user_8484610
pd-user_7327625
pd-user_4631994
pd-user_640884
pd-user_7318113
pd-user_80786
pd-user_55311
pd-user_4404524
pd-user_3592186
pd-user_3076789
pd-user_2926538
pd-user_1761935
pd-user_9013379
pd-user_656928
pd-user_2099653
pd-user_9163960
pd-user_386561
pd-user_1180370
pd-user_7497604
pd-user_1842896
pd-user_9615117
pd-user_1787032
pd-user_6753880
pd-user_4728359
pd-user_3656903
pd-user_3607297
pd-user_9868414
pd-user_4460478
pd-user_8371929
pd-user_3180497
pd-user_5632147
pd-user_5193502
pd-user_9324382
pd-user_2226746
pd-user_8044497
pd-user_5736141
pd-user_564252
pd-user_3051203
pd-user_1469324
pd-user_6653770
pd-user_4771549
pd-user_1606355
pd-user_1449247
pd-user_3645389
pd-user_8621855
pd-user_2634546
pd-user_577487
pd-user_209937
pd-user_9435885
pd-user_1242317
pd-user_2689664
pd-user_9139892
pd-user_9474613
pd-user_11708
pd-user_5024446
pd-user_6686746
pd-user_7440888
pd-user_7413682
pd-user_9018396
pd-user_7478258
pd-user_2816341
pd-user_2570162
pd-user_5611733
pd-user_7710152
pd-user_3778241
pd-user_3440228
pd-user_2355073
pd-user_78398
pd-user_2755586
pd-user_36351
pd-user_608948
pd-user_9444106
pd-user_845526
pd-user_7701079
pd-user_168820
pd-user_4491925
pd-user_4376898
pd-user_2885601
pd-user_625027
pd-user_6077054
pd-user_4221489
pd-user_470127
pd-user_5326048
pd-user_6377819
pd-user_239129
pd-user_6171316
pd-user_3255491
pd-user_3790319
pd-user_67230
pd-user_2488967
pd-user_4689533
pd-user_9725355
pd-user_1174913
pd-user_4371551
pd-user_7644093
pd-user_3747
pd-user_2907712
pd-user_9168696
pd-user_4025173
pd-user_1251530
pd-user_1619366
pd-user_4253662
pd-user_638187
pd-user_2211000
pd-user_7713013
pd-user_2618074
pd-user_9317188
pd-user_5395327
pd-user_9831831
pd-user_2896541
pd-user_7612358
pd-user_5663262
pd-user_9633333
pd-user_8165913
pd-user_9990523
pd-user_823954
pd-user_7215868
pd-user_9601968
pd-user_6743001
pd-user_259554
pd-user_8557556
pd-user_4599849
pd-user_5129957
pd-user_2220201
pd-user_6505248
pd-user_9962895
pd-user_3848159
pd-user_9818107
pd-user_2514885
pd-user_9574131
pd-user_3346354
pd-user_8576923
pd-user_1104754
pd-user_8460641
pd-user_6884977
pd-user_3044369
pd-user_939574
pd-user_332550
pd-user_905184
pd-user_1424670
pd-user_1838069
pd-user_533436
pd-user_6632040
pd-user_2866158
pd-user_7351289
pd-user_4297675
pd-user_1543776
pd-user_9888276
pd-user_2167391
pd-user_9708680
pd-user_6550959
pd-user_4051809
pd-user_1731660
pd-user_5504596
pd-user_2817617
pd-user_8949904
pd-user_403237
pd-user_9815716
pd-user_9388768
pd-user_3895331
pd-user_465327
pd-user_1260933
pd-user_5594668
pd-user_5383178
pd-user_9519542
pd-user_4733355
pd-user_2780739
pd-user_7715672
pd-user_7791148
pd-user_872271
pd-user_228146
pd-user_1867257
pd-user_2505798
pd-user_8304829
pd-user_6425030
pd-user_5848946
pd-user_6078048
pd-user_3166954
pd-user_8618799
pd-user_7222255
pd-user_2703694
pd-user_2228985
pd-user_3882502
pd-user_3150748
pd-user_4916199
pd-user_8565508
pd-user_5166915
pd-user_7041879
pd-user_8992314
pd-user_4106062
pd-user_2727676
pd-user_8590052
pd-user_482804
pd-user_6188593
pd-user_2933061
pd-user_7309850
pd-user_4252054
pd-user_434313
pd-user_4863113
pd-user_3615091
pd-user_4184950
pd-user_9720115
pd-user_2434027
pd-user_908889
pd-user_2838407
pd-user_3473673
pd-user_3906259
pd-user_5565878
pd-user_7544328
pd-user_9272201
pd-user_5233565
pd-user_9417102
pd-user_8914303
pd-user_657653
pd-user_1563128
pd-user_6851696
pd-user_2049964
pd-user_1661441
pd-user_6095315
pd-user_5119885
pd-user_7225987
pd-user_6358446
pd-user_5408471
pd-user_3234067
pd-user_4389119
pd-user_7603513
pd-user_3003519
pd-user_1640256
pd-user_6580716
pd-user_6888541
pd-user_3297898
pd-user_7668214
pd-user_1413851
pd-user_6310047
pd-user_7376556
pd-user_5632100
pd-user_2402800
pd-user_3162943
pd-user_3415721
pd-user_9437616
pd-user_4694323
pd-user_8137796
pd-user_8882014
pd-user_7378531
pd-user_2113302
pd-user_272540
pd-user_974136
pd-user_2912583
pd-user_2506225
pd-user_9675474
pd-user_9622172
pd-user_7403924
pd-user_4740758
pd-user_7282135
pd-user_4374127
pd-user_1137510
pd-user_4104038
pd-user_2993998
pd-user_4309725
pd-user_7409635
pd-user_1557483
pd-user_9247738
pd-user_4017221
pd-user_7304743
pd-user_4506481
pd-user_3650211
pd-user_3125076
pd-user_5282909
pd-user_544976
pd-user_3910471
pd-user_6037212
pd-user_5953309
pd-user_939101
pd-user_7520249
pd-user_1607070
pd-user_9685920
pd-user_2927317
pd-user_9160622
pd-user_9136186
pd-user_4149553
pd-user_997555
pd-user_6063898
pd-user_3949001
pd-user_8075794
pd-user_771281
pd-user_8170541
pd-user_5511895
pd-user_2506399
pd-user_6317925
pd-user_6690669
pd-user_9585059
pd-user_6262505
pd-user_7414089
pd-user_4081748
pd-user_6562932
pd-user_9138860
pd-user_3270729
pd-user_1753936
pd-user_562663
pd-user_1532012
pd-user_6164781
pd-user_2990025
pd-user_1720612
pd-user_3586353
pd-user_9497032
pd-user_4831976
pd-user_9137131
pd-user_1166179
pd-user_4019399
pd-user_5827792
pd-user_2976596
pd-user_2922079
pd-user_3468247
pd-user_8676950
pd-user_5149990
pd-user_9755171
pd-user_2900314
pd-user_1840253
pd-user_2280673
pd-user_3311276
pd-user_3429663
pd-user_6313929
pd-user_1863643
pd-user_5206417
pd-user_6655311
pd-user_2255575
pd-user_3105263
pd-user_2755880
pd-user_857362
pd-user_9711096
pd-user_2222906
pd-user_3065633
pd-user_9523601
pd-user_5170099
pd-user_6036124
pd-user_3649346
pd-user_3345346
pd-user_5228247
pd-user_8744648
pd-user_8280689
pd-user_9657941
pd-user_6363617
pd-user_1584694
pd-user_1216974
pd-user_4667075
pd-user_1545612
pd-user_6114259
pd-user_3821199
pd-user_6851621
pd-user_1977492
pd-user_7253941
pd-user_6673357
pd-user_5224193
pd-user_2407079
pd-user_9463663
pd-user_7220278
pd-user_6626941
pd-user_8830443
pd-user_2801590
pd-user_4909350
pd-user_351465
pd-user_1381704
pd-user_9573604
pd-user_7657747
pd-user_5909736
pd-user_8724549
pd-user_1284446
pd-user_6879183
pd-user_8535796
pd-user_4634469
pd-user_4256415
pd-user_1781566
pd-user_9374808
pd-user_6458363
pd-user_181818
pd-user_6028496
pd-user_5765149
pd-user_6717663
pd-user_1193729
pd-user_4218063
pd-user_859621
pd-user_6245782
pd-user_7001293
pd-user_1950973
pd-user_9315870
pd-user_2428091
pd-user_1389701
pd-user_6877332
pd-user_2936060
pd-user_9077458
pd-user_4828104
pd-user_4833204
pd-user_5027908
pd-user_6657891
pd-user_134307
pd-user_8350781
pd-user_9839700
pd-user_3787068
pd-user_7350125
pd-user_7127208
pd-user_7783419
pd-user_4197365
pd-user_122637
pd-user_5287471
pd-user_2974243
pd-user_4443352
pd-user_7461692
pd-user_5070232
pd-user_8068589
pd-user_9246918
pd-user_6098082
pd-user_4203571
pd-user_8754885
pd-user_5281851
pd-user_3429094
pd-user_2995781
pd-user_4977979
pd-user_8202776
pd-user_5474221
pd-user_383322
pd-user_1436702
pd-user_9406447
pd-user_1907548
pd-user_2575248
pd-user_6238411
pd-user_8623356
pd-user_8101369
pd-user_28694
pd-user_8676560
pd-user_1806584
pd-user_3916967
pd-user_2011670
pd-user_1885299
pd-user_9916203
pd-user_66713
pd-user_5097962
pd-user_4616637
pd-user_5881035
pd-user_324445
pd-user_3448248
pd-user_9475218
pd-user_5659006
pd-user_7657930
pd-user_3163457
pd-user_7769845
pd-user_5674462
pd-user_4441195
pd-user_7140394
pd-user_5379672
pd-user_6052015
pd-user_4202114
pd-user_8588862
pd-user_3617971
pd-user_9225799
pd-user_7869053
pd-user_5650147
pd-user_3385656
pd-user_6721864
pd-user_5960318
pd-user_1109300
pd-user_6344572
pd-user_4548472
pd-user_6648410
pd-user_1281291
pd-user_4782099
pd-user_8939397
pd-user_8743434
pd-user_9952589
pd-user_1762475
pd-user_984301
pd-user_5928539
pd-user_8269471
pd-user_2421933
pd-user_9838687
pd-user_6007525
pd-user_7038165
pd-user_9658342
pd-user_3703846
pd-user_2505115
pd-user_2476832
pd-user_1980094
pd-user_8717255
pd-user_3731505
pd-user_6152944
pd-user_2178129
pd-user_8424233
pd-user_7917271
pd-user_1514398
pd-user_8334658
pd-user_6422564
pd-user_8741624
pd-user_7860838
pd-user_7311763
pd-user_3234077
pd-user_9807796
pd-user_9159168
pd-user_6355399
pd-user_6803323
pd-user_557589
pd-user_8677106
pd-user_4943361
pd-user_6309140
pd-user_3679282
pd-user_7030420
pd-user_1899650
pd-user_3120764
pd-user_7518555
pd-user_2304377
pd-user_9673296
pd-user_4579573
pd-user_6425815
pd-user_1203341
pd-user_3417979
pd-user_9151706
pd-user_3549955
pd-user_4456882
pd-user_1990572
pd-user_9362702
pd-user_7579687
pd-user_9560581
pd-user_9182293
pd-user_7089510
pd-user_3212060
pd-user_1725600
pd-user_5447190
pd-user_9125362
pd-user_189071
pd-user_3512837
pd-user_9340073
pd-user_4169362
pd-user_6551251
pd-user_86397
pd-user_5615302
pd-user_8865941
pd-user_5654858
pd-user_1212351
pd-user_5143359
pd-user_2963156
pd-user_6874247
pd-user_1894100
pd-user_7609852
pd-user_3926233
pd-user_3297299
pd-user_7634771
pd-user_4575429
pd-user_4720964
pd-user_8574454
pd-user_9874836
pd-user_9672537
pd-user_6226625
pd-user_567908
pd-user_9864895
pd-user_5089494
pd-user_2765122
pd-user_7317738
pd-user_3602895
pd-user_3000537
pd-user_9459319
pd-user_6562770
pd-user_8199892
pd-user_1900313
pd-user_7523559
pd-user_7126880
pd-user_5130282
pd-user_1926347
pd-user_8839055
pd-user_5630421
pd-user_7819309
pd-user_7219989
pd-user_8770047
pd-user_9446008
pd-user_5068430
pd-user_3785600
pd-user_6752212
pd-user_2340460
pd-user_9182553
pd-user_2662127
pd-user_5628958
pd-user_9394969
pd-user_8539008
pd-user_77535
pd-user_482079
pd-user_7296235
pd-user_9132709
pd-user_4414928
pd-user_9851469
pd-user_5353493
pd-user_784287
pd-user_8417698
pd-user_2845258
pd-user_3270739
pd-user_8337415
pd-user_3269678
pd-user_3327101
pd-user_9922531
pd-user_6750173
pd-user_591246
pd-user_2374811
pd-user_5219845
pd-user_7959447
pd-user_2684946
pd-user_413366
pd-user_3804787
pd-user_9598944
pd-user_314865
pd-user_585143
pd-user_7076500
pd-user_6698152
pd-user_3556906
pd-user_3900977
pd-user_9411153
pd-user_7548128
pd-user_7296472
pd-user_962958
pd-user_3565671
pd-user_44383
pd-user_7360991
pd-user_3960744
pd-user_1109654
pd-user_9114315
pd-user_7217193
pd-user_4029608
pd-user_1586763
pd-user_6950141
pd-user_3904919
pd-user_4772953
pd-user_7883208
pd-user_5859372
pd-user_4675182
pd-user_9112777
pd-user_2154035
pd-user_6607943
pd-user_2667140
pd-user_7154075
pd-user_1922738
pd-user_102063
pd-user_575385
pd-user_5146279
pd-user_780304
pd-user_319059
pd-user_4921979
pd-user_4223911
pd-user_5946418
pd-user_8934500
pd-user_78022
pd-user_8559331
pd-user_1309516
pd-user_5870791
pd-user_2937070
pd-user_3496273
pd-user_6494312
pd-user_7635367
pd-user_4554464
pd-user_9900049
pd-user_9509678
pd-user_2119784
pd-user_6793673
pd-user_418351
pd-user_1083495
pd-user_7011526
pd-user_4077327
pd-user_8155583
pd-user_5374189
pd-user_522893
pd-user_2075520
pd-user_6965563
pd-user_8548121
pd-user_5110474
pd-user_829085
pd-user_1602921
pd-user_4026143
pd-user_1505606
pd-user_2372696
pd-user_4080395
pd-user_9287911
pd-user_7787772
pd-user_2242607
pd-user_3416894
pd-user_6071809
pd-user_3741602
pd-user_7413999
pd-user_2530865
pd-user_3436951
pd-user_8965047
pd-user_6214265
pd-user_3713833
pd-user_7213116
pd-user_9791118
pd-user_4344533
pd-user_7280698
pd-user_6163399
pd-user_6328613
pd-user_265618
pd-user_4696656
pd-user_4861026
pd-user_7193851
pd-user_5928987
pd-user_8667288
pd-user_4153236
pd-user_1511466
pd-user_5333050
pd-user_6916530
pd-user_5887865
pd-user_2050891
pd-user_7420853
pd-user_2711997
pd-user_2166007
pd-user_6539114
pd-user_3164618
pd-user_8330412
pd-user_8591590
pd-user_2501626
pd-user_3117193
pd-user_9715570
pd-user_9129329
pd-user_5117284
pd-user_1167015
pd-user_1418798
pd-user_8126970
pd-user_8625441
pd-user_6221310
pd-user_7748180
pd-user_4599235
pd-user_229729
pd-user_4416947
pd-user_6757812
pd-user_8544930
pd-user_7357392
pd-user_1556964
pd-user_216666
pd-user_1501144
pd-user_5739546
pd-user_791399
pd-user_5444676
pd-user_2168086
pd-user_4759451
pd-user_8931142
pd-user_956974
pd-user_5087348
pd-user_6583733
pd-user_2994880
pd-user_3768880
pd-user_3582973
pd-user_2439048
pd-user_7259427
pd-user_6038673
pd-user_9755823
pd-user_7839267
pd-user_3709370
pd-user_1010729
pd-user_3261574
pd-user_48313
pd-user_7807393
pd-user_7629544
pd-user_658524
pd-user_1039521
pd-user_8869177
pd-user_2378493
pd-user_7971506
pd-user_6919205
pd-user_2524970
pd-user_2276533
pd-user_4730191
pd-user_2740405
pd-user_6822543
pd-user_5040319
pd-user_981848
pd-user_9643605
pd-user_1876943
pd-user_469711
pd-user_4335026
pd-user_5091134
pd-user_7984139
pd-user_1825669
pd-user_1446323
pd-user_2405572
pd-user_3689804
pd-user_8346595
pd-user_2868273
pd-user_8515376
pd-user_3062152
pd-user_1877874
pd-user_4978462
pd-user_4876685
pd-user_1790485
pd-user_2436877
pd-user_8864451
pd-user_6129015
pd-user_6384349
pd-user_38813
pd-user_2270950
pd-user_8728044
pd-user_9681286
pd-user_8678762
pd-user_1423123
pd-user_8430723
pd-user_6748409
pd-user_2124813
pd-user_8952540
pd-user_6176542
pd-user_8224065
pd-user_1072886
pd-user_4067293
pd-user_8639390
pd-user_4717333
pd-user_4552083
pd-user_7240754
pd-user_7589108
pd-user_8207303
pd-user_2785468
pd-user_6711934
pd-user_7173489
pd-user_1604456
pd-user_6463441
pd-user_7681626
pd-user_3226981
pd-user_2724742
pd-user_1603002
pd-user_7749018
pd-user_6492460
pd-user_6393183
pd-user_3366445
pd-user_6811664
pd-user_9981734
pd-user_4915197
pd-user_1957129
pd-user_8701192
pd-user_9752754
pd-user_8650098
pd-user_8046895
pd-user_420901
pd-user_9009655
pd-user_7374016
pd-user_7910063
pd-user_4118640
pd-user_4147021
pd-user_3059575
pd-user_2770663
pd-user_3176843
pd-user_854625
pd-user_4636793
pd-user_2629681
pd-user_182806
pd-user_5821048
pd-user_8445520
pd-user_9229918
pd-user_5917305
pd-user_8325275
pd-user_7496522
pd-user_2277612
pd-user_6745217
pd-user_2108448
pd-user_6016300
pd-user_5895493
pd-user_1883120
pd-user_9479594
pd-user_9561699
pd-user_3473416
pd-user_8879191
pd-user_238516
pd-user_2128769
pd-user_3034076
pd-user_8453610
pd-user_1354938
pd-user_2668187
pd-user_5714016
pd-user_6212414
pd-user_2555171
pd-user_970696
pd-user_2593297
pd-user_2353512
pd-user_2497839
pd-user_3393212
pd-user_3824206
pd-user_2163344
pd-user_5846543
pd-user_2714415
pd-user_1285881
pd-user_3526212
pd-user_1593105
pd-user_6142529
pd-user_1191089
pd-user_2848686
pd-user_8052499
pd-user_7578262
pd-user_3748458
pd-user_883119
pd-user_8789472
pd-user_1470052
pd-user_7754517
pd-user_2587141
pd-user_8644949
pd-user_1311090
pd-user_1958523
pd-user_861780
pd-user_561270
pd-user_8941625
pd-user_378717
pd-user_6512904
pd-user_5068544
pd-user_5736366
pd-user_5240751
pd-user_2125573
pd-user_8979522
pd-user_9647600
pd-user_9870855
pd-user_7717817
pd-user_9221935
pd-user_3401556
pd-user_7339783
pd-user_2319217
pd-user_8239149
pd-user_434175
pd-user_2365980
pd-user_6548864
pd-user_1796405
pd-user_7399394
pd-user_3653466
pd-user_3494366
pd-user_2477524
pd-user_9932361
pd-user_3175499
pd-user_133455
pd-user_7449181
pd-user_7925202
pd-user_4734974
pd-user_8479363
pd-user_7098649
pd-user_8681708
pd-user_8862033
pd-user_5068473
pd-user_7394298
pd-user_4221515
pd-user_9262994
pd-user_2278016
pd-user_9006828
pd-user_945441
pd-user_2806820
pd-user_6947089
pd-user_2337427
pd-user_1458521
pd-user_5295946
pd-user_8165022
pd-user_7347418
pd-user_7481149
pd-user_3904047
pd-user_1630666
pd-user_5523330
pd-user_4277884
pd-user_4652054
pd-user_5298510
pd-user_9710978
pd-user_4384349
pd-user_8853757
pd-user_3918624
pd-user_8270382
pd-user_5457113
pd-user_7718589
pd-user_3313728
pd-user_956047
pd-user_2630612
pd-user_6094150
pd-user_5065593
pd-user_3345664
pd-user_6554504
pd-user_4735516
pd-user_319589
pd-user_725095
pd-user_405360
pd-user_1399789
pd-user_6625625
pd-user_6940750
pd-user_2369152
pd-user_280016
pd-user_6349461
pd-user_1280975
pd-user_3773686
pd-user_219947
pd-user_3252283
pd-user_7262031
pd-user_4930480
pd-user_9792297
pd-user_1017640
pd-user_7544691
pd-user_4556609
pd-user_9118632
pd-user_7115663
pd-user_2682283
pd-user_7630570
pd-user_2027093
pd-user_5574206
pd-user_9658783
pd-user_3175605
pd-user_1234319
pd-user_1203656
pd-user_8016298
pd-user_7110739
pd-user_5409759
pd-user_5338356
pd-user_7353137
pd-user_2072796
pd-user_8831837
pd-user_3195295
pd-user_1944930
pd-user_9155477
pd-user_2060984
pd-user_7732087
pd-user_8813486
pd-user_4546470
pd-user_3488805
pd-user_4512987
pd-user_1268994
pd-user_7361314
pd-user_7201058
pd-user_3632711
pd-user_8193642
pd-user_9602898
pd-user_3901763
pd-user_7401315
pd-user_3658552
pd-user_9108215
pd-user_2815598
pd-user_297962
pd-user_1516004
pd-user_1249800
pd-user_7957970
pd-user_7217780
pd-user_1324940
pd-user_3455604
pd-user_4723022
pd-user_3017900
pd-user_1447934
pd-user_1699923
pd-user_7032114
pd-user_360012
pd-user_2281794
pd-user_705161
pd-user_9548728
pd-user_9520381
pd-user_1486585
pd-user_1394798
pd-user_2760409
pd-user_3330931
pd-user_5926769
pd-user_8698657
pd-user_2741115
pd-user_7938109
pd-user_1817568
pd-user_1584750
pd-user_7516412
pd-user_9887835
pd-user_1700727
pd-user_5687823
pd-user_2968807
pd-user_3924498
pd-user_3489004
pd-user_8021171
pd-user_5981687
pd-user_522084
pd-user_4347505
pd-user_4535781
pd-user_3360751
pd-user_925905
pd-user_8279914
pd-user_3602044
pd-user_5459837
pd-user_6883644
pd-user_7037618
pd-user_2895122
pd-user_471447
pd-user_3325811
pd-user_3920693
pd-user_1087860
pd-user_71120
pd-user_1333182
pd-user_9671399
pd-user_5787304
pd-user_4610824
pd-user_6079110
pd-user_665834
pd-user_7800048
pd-user_9842335
pd-user_5389573
pd-user_639511
pd-user_8910339
pd-user_2245808
pd-user_3458043
pd-user_210426
pd-user_8315226
pd-user_461969
pd-user_1455716
pd-user_7839703
pd-user_8962539
pd-user_7403474
pd-user_6730773
pd-user_7308993
pd-user_3745422
pd-user_2604858
pd-user_9302513
pd-user_2976924
pd-user_3692778
pd-user_9200888
pd-user_7592244
pd-user_4802226
pd-user_511620
pd-user_5192636
pd-user_2043258
pd-user_6947212
pd-user_7463647
pd-user_4241474
pd-user_1953662
pd-user_7846788
pd-user_2640466
pd-user_6567139
pd-user_8179458
pd-user_4728357
pd-user_1848879
pd-user_4986191
pd-user_2147324
pd-user_7482851
pd-user_7655849
pd-user_7830691
pd-user_8240081
pd-user_7478221
pd-user_605015
pd-user_43455
pd-user_7620752
pd-user_7275054
pd-user_2004090
pd-user_8900052
pd-user_9772960
pd-user_3859794
pd-user_9828544
pd-user_2831677
pd-user_8249428
pd-user_3634288
pd-user_2361380
pd-user_7789679
pd-user_8662719
pd-user_9976108
pd-user_7398427
pd-user_1292590
pd-user_4272923
pd-user_4532720
pd-user_2174235
pd-user_9788239
pd-user_5894641
pd-user_5911532
pd-user_1091252
pd-user_1950592
pd-user_4398172
pd-user_6248068
pd-user_6693455
pd-user_1853914
pd-user_5968917
pd-user_8816519
pd-user_7938830
pd-user_460413
pd-user_3044695
pd-user_75592
pd-user_9438685
pd-user_5069150
pd-user_6676071
pd-user_8846760
pd-user_4962782
pd-user_3021404
pd-user_4996836
pd-user_3448357
pd-user_5401982
pd-user_3929228
pd-user_3792460
pd-user_6858096
pd-user_4017651
pd-user_7943242
pd-user_8351929
pd-user_5108358
pd-user_5179017
pd-user_2571832
pd-user_9507926
pd-user_5980130
pd-user_8235462
pd-user_1172240
pd-user_8321985
pd-user_7935694
pd-user_2405532
pd-user_8161157
pd-user_5370972
pd-user_36881
pd-user_9781544
pd-user_4946236
pd-user_8269807
pd-user_9460450
pd-user_195120
pd-user_4055277
pd-user_1738527
pd-user_5201173
pd-user_7789666
pd-user_1746588
pd-user_4315099
pd-user_6429471
pd-user_6493526
pd-user_3608242
pd-user_4923963
pd-user_4990294
pd-user_2814100
pd-user_6497468
pd-user_7549601
pd-user_164301
pd-user_6457344
pd-user_1533132
pd-user_4262291
pd-user_6329568
pd-user_4118352
pd-user_8632681
pd-user_6683263
pd-user_6523166
pd-user_6798095
pd-user_5512385
pd-user_2649943
pd-user_2013046
pd-user_8311667
pd-user_1553519
pd-user_5911569
pd-user_3001799
pd-user_8077271
pd-user_6611978
pd-user_279354
pd-user_1492379
pd-user_5703899
pd-user_3033980
pd-user_5375190
pd-user_9108202
pd-user_5309958
pd-user_2433484
pd-user_2273624
pd-user_908862
pd-user_5653405
pd-user_6976414
pd-user_6624524
pd-user_1873985
pd-user_2490373
pd-user_6848097
pd-user_9684133
pd-user_1036100
pd-user_1493790
pd-user_238473
pd-user_193328
pd-user_5056006
pd-user_576900
pd-user_3350530
pd-user_2894547
pd-user_9198191
pd-user_5296172
pd-user_8939315
pd-user_4450408
pd-user_7885303
pd-user_9684967
pd-user_6100581
pd-user_7163064
pd-user_3601469
pd-user_3403865
pd-user_3361025
pd-user_2546421
pd-user_5772064
pd-user_3643835
pd-user_2312186
pd-user_1553132
pd-user_3353218
pd-user_9256140
pd-user_3837381
pd-user_8796748
pd-user_3049337
pd-user_2126026
pd-user_7237327
pd-user_7560709
pd-user_4056208
pd-user_6731562
pd-user_8429265
pd-user_5127539
pd-user_4417578
pd-user_5977546
pd-user_7894229
pd-user_9246286
pd-user_8927494
pd-user_5490294
pd-user_5594144
pd-user_3970907
pd-user_779347
pd-user_7771130
pd-user_974373
pd-user_7748291
pd-user_9398160
pd-user_2596813
pd-user_5537637
pd-user_4264487
pd-user_4727287
pd-user_8178503
pd-user_4203280
pd-user_8127934
pd-user_3886320
pd-user_8194803
pd-user_5483613
pd-user_2116550
pd-user_547794
pd-user_881991
pd-user_3923775
pd-user_4837579
pd-user_2119310
pd-user_4994817
pd-user_895516
pd-user_7687722
pd-user_3846122
pd-user_2243430
pd-user_4917521
pd-user_4532305
pd-user_7356755
pd-user_4535757
pd-user_4305262
pd-user_4751284
pd-user_1247513
pd-user_8564995
pd-user_1981244
pd-user_1757387
pd-user_4619561
pd-user_8050019
pd-user_1186259
pd-user_5415731
pd-user_4448208
pd-user_4150641
pd-user_6576738
pd-user_9768112
pd-user_3735082
pd-user_5123538
pd-user_7061315
pd-user_8007204
pd-user_4423601
pd-user_4582428
pd-user_4604443
pd-user_963154
pd-user_4595434
pd-user_8650832
pd-user_193196
pd-user_835783
pd-user_7380353
pd-user_4863408
pd-user_4585365
pd-user_3740298
pd-user_4420192
pd-user_3519563
pd-user_9576258
pd-user_2869948
pd-user_1484959
pd-user_5680552
pd-user_7838905
pd-user_4915886
pd-user_1226132
pd-user_4921572
pd-user_9167843
pd-user_4436603
pd-user_3826179
pd-user_7587823
pd-user_2518904
pd-user_5029616
pd-user_8297313
pd-user_5726510
pd-user_6662953
pd-user_9028489
pd-user_714605
pd-user_8133688
pd-user_4851568
pd-user_7214177
pd-user_7368690
pd-user_732259
pd-user_5703606
pd-user_1720130
pd-user_2849192
pd-user_8578868
pd-user_6590950
pd-user_9902981
pd-user_542171
pd-user_8597642
pd-user_1185555
pd-user_741266
pd-user_8469193
pd-user_1439837
pd-user_6264503
pd-user_5293203
pd-user_30162
pd-user_1328147
pd-user_3474647
pd-user_2061189
pd-user_2255661
pd-user_7726142
pd-user_679583
pd-user_4994440
pd-user_6357667
pd-user_828780
pd-user_9246198
pd-user_1102649
pd-user_1610761
pd-user_3036135
pd-user_2491517
pd-user_7234625
pd-user_95888
pd-user_5544363
pd-user_2223639
pd-user_3818984
pd-user_1647833
pd-user_7178810
pd-user_7926280
pd-user_8656792
pd-user_7433654
pd-user_2139949
pd-user_8552534
pd-user_3506402
pd-user_4517292
pd-user_7603675
pd-user_6736815
pd-user_4356861
pd-user_116279
pd-user_2525701
pd-user_2770992
pd-user_1882501
pd-user_7028680
pd-user_5063114
pd-user_8003910
pd-user_1638275
pd-user_5071533
pd-user_2870567
pd-user_9628447
pd-user_9550500
pd-user_2974185
pd-user_3974439
pd-user_8693932
pd-user_1762191
pd-user_7404688
pd-user_8101588
pd-user_8986975
pd-user_9529187
pd-user_4788615
pd-user_1636718
pd-user_2443500
pd-user_1213859
pd-user_5680713
pd-user_6250956
pd-user_1885188
pd-user_3290241
pd-user_5707266
pd-user_5524999
pd-user_7389909
pd-user_601739
pd-user_4343440
pd-user_835816
pd-user_2736505
pd-user_703815
pd-user_5073627
pd-user_4721180
pd-user_4175613
pd-user_2665015
pd-user_6945281
pd-user_2785569
pd-user_3788559
pd-user_5016242
pd-user_6975772
pd-user_8684993
pd-user_2336718
pd-user_6123642
pd-user_6562747
pd-user_757902
pd-user_4041132
pd-user_5414274
pd-user_1683065
pd-user_7164790
pd-user_1847452
pd-user_8346915
pd-user_4708587
pd-user_9883990
pd-user_3193012
pd-user_782677
pd-user_7138143
pd-user_6818083
pd-user_450813
pd-user_4128471
pd-user_6767858
pd-user_6185902
pd-user_1685700
pd-user_5762788
pd-user_7948858
pd-user_5743834
pd-user_4775776
pd-user_1831972
pd-user_8126069
pd-user_6948917
pd-user_8646630
pd-user_4377743
pd-user_7027484
pd-user_3403487
pd-user_3894172
pd-user_5225612
pd-user_2368804
pd-user_8182450
pd-user_5841560
pd-user_5910398
pd-user_7886674
pd-user_70801
pd-user_2993392
pd-user_2090051
pd-user_2197207
pd-user_3547521
pd-user_6983679
pd-user_2525304
pd-user_7712964
pd-user_6008680
pd-user_6799955
pd-user_2430107
pd-user_1477801
pd-user_7444035
pd-user_7172945
pd-user_4676945
pd-user_1195033
pd-user_6032391
pd-user_9971013
pd-user_3813277
pd-user_4589580
pd-user_6895139
pd-user_7679621
pd-user_6685113
pd-user_3287253
pd-user_9927946
pd-user_6992375
pd-user_1075826
pd-user_9965026
pd-user_9759661
pd-user_2674703
pd-user_9660023
pd-user_4650004
pd-user_2912030
pd-user_8964756
pd-user_892578
pd-user_744929
pd-user_8908586
pd-user_3607976
pd-user_2085063
pd-user_8897860
pd-user_2691474
pd-user_8044815
pd-user_1735693
pd-user_1551586
pd-user_5895023
pd-user_1069378
pd-user_1700294
pd-user_8232108
pd-user_4833222
pd-user_6571453
pd-user_3248859
pd-user_4282572
pd-user_9565659
pd-user_3348285
pd-user_9921783
pd-user_7214993
pd-user_7275635
pd-user_3345961
pd-user_4466516
pd-user_5265279
pd-user_4265091
pd-user_6945757
pd-user_5463842
pd-user_5208746
pd-user_2594306
pd-user_9749940
pd-user_9337907
pd-user_3157227
pd-user_9557942
pd-user_9061861
pd-user_8476962
pd-user_3938950
pd-user_3978655
pd-user_4220556
pd-user_4598640
pd-user_403896
pd-user_7941468
pd-user_6583539
pd-user_9919168
pd-user_896059
pd-user_973664
pd-user_5474032
pd-user_43103
pd-user_2972072
pd-user_3958273
pd-user_1413474
pd-user_8079588
pd-user_3172691
pd-user_8112488
pd-user_2052698
pd-user_8132747
pd-user_6520298
pd-user_6976154
pd-user_2588740
pd-user_7441748
pd-user_6907682
pd-user_9394585
pd-user_3219224
pd-user_6966003
pd-user_1581397
pd-user_3138973
pd-user_2242910
pd-user_5824741
pd-user_5541303
pd-user_177669
pd-user_7587348
pd-user_3965168
pd-user_2361924
pd-user_2933430
pd-user_5508140
pd-user_4495869
pd-user_2592801
pd-user_6605353
pd-user_3067276
pd-user_8914225
pd-user_6333705
pd-user_6311211
pd-user_5362677
pd-user_4334490
pd-user_6761740
pd-user_5650472
pd-user_6080478
pd-user_4826972
pd-user_5077839
pd-user_1561808
pd-user_8536785
pd-user_2314087
pd-user_5353220
pd-user_6459243
pd-user_5143244
pd-user_4005015
pd-user_9982312
pd-user_8181508
pd-user_631163
pd-user_3274880
pd-user_8991223
pd-user_2776754
pd-user_5130604
pd-user_4440470
pd-user_8687051
pd-user_3602112
pd-user_6370851
pd-user_9830006
pd-user_3787181
pd-user_1875765
pd-user_5687308
pd-user_6482669
pd-user_622971
pd-user_7821257
pd-user_5081889
pd-user_8374447
pd-user_2640498
pd-user_1758
pd-user_1365316
pd-user_9464966
pd-user_992963
pd-user_4382482
pd-user_1632338
pd-user_2065343
pd-user_694706
pd-user_6746816
pd-user_3865759
pd-user_1360178
pd-user_6998741
pd-user_9937381
pd-user_9541636
pd-user_5671397
pd-user_8215608
pd-user_1639848
pd-user_5198760
pd-user_5928307
pd-user_1501433
pd-user_1928733
pd-user_3335494
pd-user_7758065
pd-user_2712896
pd-user_5286565
pd-user_5403215
pd-user_6498539
pd-user_227222
pd-user_383276
pd-user_8456199
pd-user_3466297
pd-user_157245
pd-user_1763388
pd-user_2783266
pd-user_9035420
pd-user_9047088
pd-user_4993618
pd-user_6769532
pd-user_4491203
pd-user_3885138
pd-user_6302596
pd-user_6497705
pd-user_233744
pd-user_6938449
pd-user_3517457
pd-user_9803536
pd-user_4841164
pd-user_9900459
pd-user_1693495
pd-user_1264599
pd-user_2044330
pd-user_9307073
pd-user_2671733
pd-user_3499087
pd-user_8200682
pd-user_5039299
pd-user_6328469
pd-user_8404937
pd-user_9087
pd-user_5558481
pd-user_420267
pd-user_5766407
pd-user_8145812
pd-user_9112676
pd-user_7288560
pd-user_6159376
pd-user_5822282
pd-user_6391228
pd-user_6039310
pd-user_9158132
pd-user_8055216
pd-user_338479
pd-user_9761941
pd-user_9870252
pd-user_141114
pd-user_4675113
pd-user_6863193
pd-user_1153025
pd-user_5484444
pd-user_8146667
pd-user_7463603
pd-user_1093295
pd-user_1171374
pd-user_6050913
pd-user_1483932
pd-user_1945450
pd-user_1806257
pd-user_7612444
pd-user_6044112
pd-user_5541753
pd-user_6242349
pd-user_467981
pd-user_7420894
pd-user_2715365
pd-user_6820021
pd-user_5937842
pd-user_4993531
pd-user_67466
pd-user_4716904
pd-user_7726375
pd-user_6098432
pd-user_6690738
pd-user_1235055
pd-user_2367740
pd-user_780363
pd-user_8096431
pd-user_4015334
pd-user_1336860
pd-user_804838
pd-user_8219484
pd-user_1631999
pd-user_974735
pd-user_7969944
pd-user_7917395
pd-user_4149355
pd-user_580151
pd-user_8234516
pd-user_2050026
pd-user_7653299
pd-user_3590330
pd-user_8974725
pd-user_8321278
pd-user_4705750
pd-user_6109634
pd-user_9706607
pd-user_308397
pd-user_1886320
pd-user_7899382
pd-user_2273125
pd-user_1450291
pd-user_4515126
pd-user_9262369
pd-user_2473127
pd-user_3559106
pd-user_2587399
pd-user_8896307
pd-user_3787223
pd-user_4523318
pd-user_9916215
pd-user_9415006
pd-user_9251750
pd-user_764109
pd-user_4301613
pd-user_3343771
pd-user_6239454
pd-user_2081956
pd-user_5509612
pd-user_6613492
pd-user_455631
pd-user_4724958
pd-user_4553468
pd-user_938940
pd-user_400449
pd-user_4928823
pd-user_5956518
pd-user_659
pd-user_5341384
pd-user_5059464
pd-user_8215358
pd-user_8062497
pd-user_9332619
pd-user_1328233
pd-user_6636701
pd-user_1844640
pd-user_1706754
pd-user_3945382
pd-user_2613259
pd-user_5561406
pd-user_3943669
pd-user_2568025
pd-user_903320
pd-user_6548563
pd-user_4078581
pd-user_561326
pd-user_3359830
pd-user_4626826
pd-user_4232663
pd-user_851215
pd-user_4780034
pd-user_1989778
pd-user_4369545
pd-user_7824198
pd-user_2621864
pd-user_2623210
pd-user_5200147
pd-user_5416280
pd-user_2026484
pd-user_2048071
pd-user_9439035
pd-user_6084900
pd-user_5127996
pd-user_3728196
pd-user_1278383
pd-user_9366450
pd-user_7258780
pd-user_5972962
pd-user_317498
pd-user_1447463
pd-user_3160025
pd-user_4783917
pd-user_9225434
pd-user_1755664
pd-user_1334310
pd-user_8273231
pd-user_3887684
pd-user_2799056
pd-user_2702609
pd-user_7722589
pd-user_2138511
pd-user_5239424
pd-user_8414147
pd-user_5574351
pd-user_5711523
pd-user_1677010
pd-user_71671
pd-user_4420163
pd-user_758713
pd-user_1060711
pd-user_2592393
pd-user_7791413
pd-user_2841969
pd-user_9065550
pd-user_7131432
pd-user_9950395
pd-user_9697815
pd-user_5877216
pd-user_6744210
pd-user_2555968
pd-user_4367734
pd-user_1421094
pd-user_4768510
pd-user_159575
pd-user_1947181
pd-user_7503543
pd-user_4638659
pd-user_5215088
pd-user_7354899
pd-user_4956876
pd-user_979259
pd-user_6959545
pd-user_6259185
pd-user_9732540
pd-user_5104666
pd-user_399446
pd-user_604915
pd-user_2588033
pd-user_1612112
pd-user_8105467
pd-user_4447658
pd-user_2208386
pd-user_9971395
pd-user_6281729
pd-user_2018494
pd-user_9332343
pd-user_8048367
pd-user_7607154
pd-user_4607724
pd-user_7777257
pd-user_1925688
pd-user_8162063
pd-user_4769217
pd-user_7838420
pd-user_9304844
pd-user_2442732
pd-user_9245618
pd-user_8620863
pd-user_3005298
pd-user_2416573
pd-user_8672771
pd-user_504857
pd-user_5918144
pd-user_4399094
pd-user_4441759
pd-user_6711389
pd-user_6754697
pd-user_6908763
pd-user_3474729
pd-user_271491
pd-user_4936536
pd-user_8400708
pd-user_3369067
pd-user_3895335
pd-user_3541092
pd-user_228689
pd-user_7626164
pd-user_9344740
pd-user_339961
pd-user_7553923
pd-user_5692344
pd-user_8737349
pd-user_1583084
pd-user_4371483
pd-user_690973
pd-user_4873192
pd-user_578454
pd-user_8614336
pd-user_1665862
pd-user_2893597
pd-user_2045103
pd-user_3023306
pd-user_3912681
pd-user_751123
pd-user_6953317
pd-user_2039987
pd-user_5174303
pd-user_4479983
pd-user_5599441
pd-user_2178763
pd-user_3113724
pd-user_7346619
pd-user_6124929
pd-user_3188213
pd-user_7342354
pd-user_5737659
pd-user_6860465
pd-user_8291983
pd-user_9394402
pd-user_1425155
pd-user_4120292
pd-user_2469304
pd-user_5589588
pd-user_8593909
pd-user_850321
pd-user_5257868
pd-user_7909976
pd-user_1790044
pd-user_9861016
pd-user_2457614
pd-user_4609503
pd-user_2590072
pd-user_5075801
pd-user_759878
pd-user_5951532
pd-user_5013977
pd-user_6062954
pd-user_2233043
pd-user_2385194
pd-user_5500867
pd-user_5205693
pd-user_9495798
pd-user_1279812
pd-user_5782706
pd-user_3307468
pd-user_7641728
pd-user_663928
pd-user_5548757
pd-user_462003
pd-user_7753173
pd-user_622281
pd-user_1185088
pd-user_1872476
pd-user_7072530
pd-user_9405119
pd-user_3909163
pd-user_1853276
pd-user_3369475
pd-user_5159902
pd-user_4753499
pd-user_1976194
pd-user_1917361
pd-user_1620266
pd-user_7439803
pd-user_4551385
pd-user_212817
pd-user_7444629
pd-user_7590352
pd-user_829581
pd-user_326685
pd-user_9061234
pd-user_8128276
pd-user_6404175
pd-user_6396056
pd-user_8065536
pd-user_436768
pd-user_2691578
pd-user_9692976
pd-user_8466700
pd-user_4315291
pd-user_2218073
pd-user_8183520
pd-user_8739505
pd-user_8779044
pd-user_2900286
pd-user_8283185
pd-user_4750065
pd-user_1771630
pd-user_4590328
pd-user_4203540
pd-user_7775219
pd-user_6851807
pd-user_169909
pd-user_1987885
pd-user_6791384
pd-user_3898023
pd-user_1181763
pd-user_5296918
pd-user_3291303
pd-user_4258536
pd-user_1024207
pd-user_935761
pd-user_4823401
pd-user_9150931
pd-user_8257979
pd-user_8750370
pd-user_9000108
pd-user_7990459
pd-user_9924904
pd-user_8191794
pd-user_3147423
pd-user_7087190
pd-user_9421224
pd-user_4564986
pd-user_1163000
pd-user_2838809
pd-user_6765231
pd-user_9102308
pd-user_6338328
pd-user_4426368
pd-user_1550485
pd-user_9118066
pd-user_4486848
pd-user_104032
pd-user_9762345
pd-user_9909270
pd-user_5081190
pd-user_8555573
pd-user_5168648
pd-user_8606978
pd-user_1621586
pd-user_9564297
pd-user_6875765
pd-user_3088109
pd-user_5352694
pd-user_4932974
pd-user_5718859
pd-user_8170518
pd-user_2990772
pd-user_22455
pd-user_9771637
pd-user_2189463
pd-user_299612
pd-user_6861582
pd-user_9714000
pd-user_5205629
pd-user_3832942
pd-user_6882906
pd-user_3970410
pd-user_1569486
pd-user_8752623
pd-user_8564942
pd-user_8126988
pd-user_7902196
pd-user_1369439
pd-user_4740364
pd-user_3193350
pd-user_5834187
pd-user_6999996
pd-user_966394
pd-user_1136174
pd-user_720927
pd-user_6522313
pd-user_9626404
pd-user_3586341
pd-user_7786363
pd-user_8317550
pd-user_1716809
pd-user_1761297
pd-user_9114521
pd-user_5854973
pd-user_9069229
pd-user_9010372
pd-user_284115
pd-user_2947189
pd-user_7759457
pd-user_8211010
pd-user_2878066
pd-user_3080669
pd-user_1516851
pd-user_528091
pd-user_4017562
pd-user_8985308
pd-user_7407596
pd-user_2359999
pd-user_2983387
pd-user_7559924
pd-user_3049674
pd-user_3987764
pd-user_9219630
pd-user_5225600
pd-user_5010154
pd-user_3304774
pd-user_6673056
pd-user_5982632
pd-user_5854254
pd-user_6679759
pd-user_3663965
pd-user_8483430
pd-user_6864154
pd-user_478150
pd-user_1288506
pd-user_243328
pd-user_6175860
pd-user_3524245
pd-user_5717999
pd-user_1550879
pd-user_9673203
pd-user_4152528
pd-user_7129746
pd-user_4248565
pd-user_1879874
pd-user_8758700
pd-user_5522490
pd-user_9713915
pd-user_6678742
pd-user_3607696
pd-user_2733999
pd-user_6680759
pd-user_8235703
pd-user_4894833
pd-user_3729967
pd-user_9967002
pd-user_1198301
pd-user_3649994
pd-user_8796900
pd-user_8380963
pd-user_6776661
pd-user_5719143
pd-user_876028
pd-user_905371
pd-user_9761756
pd-user_6769450
pd-user_1292331
pd-user_6926631
pd-user_3600915
pd-user_135158
pd-user_200562
pd-user_4985823
pd-user_4803768
pd-user_9401848
pd-user_1024831
pd-user_3946313
pd-user_3164244
pd-user_4320733
pd-user_4787773
pd-user_9504500
pd-user_9499279
pd-user_3022198
pd-user_9044539
pd-user_6228274
pd-user_5554694
pd-user_1681021
pd-user_1524245
pd-user_9965974
pd-user_2476547
pd-user_5583854
pd-user_5025321
pd-user_6158282
pd-user_1264125
pd-user_417407
pd-user_1922772
pd-user_7728809
pd-user_2126962
pd-user_66945
pd-user_9052390
pd-user_7157693
pd-user_1292605
pd-user_2551772
pd-user_3929095
pd-user_4031421
pd-user_3623273
pd-user_9044000
pd-user_6172278
pd-user_8103965
pd-user_7741280
pd-user_5972579
pd-user_9914533
pd-user_1551121
pd-user_3295854
pd-user_9889405
pd-user_505189
pd-user_9102036
pd-user_1196842
pd-user_9943183
pd-user_4211466
pd-user_7848071
pd-user_5549196
pd-user_7047126
pd-user_9169135
pd-user_9206710
pd-user_4891268
pd-user_5014628
pd-user_5273209
pd-user_4644317
pd-user_2621746
pd-user_3883672
pd-user_6944557
pd-user_1913975
pd-user_7329995
pd-user_2518363
pd-user_5132288
pd-user_3532214
pd-user_4954323
pd-user_2641947
pd-user_4808475
pd-user_2334986
pd-user_5034076
pd-user_2570089
pd-user_8808065
pd-user_9740973
pd-user_7078403
pd-user_8380242
pd-user_418797
pd-user_3179173
pd-user_1562274
pd-user_6320709
pd-user_9105286
pd-user_5580938
pd-user_6384407
pd-user_6325302
pd-user_6345901
pd-user_6704156
pd-user_694248
pd-user_8351153
pd-user_701552
pd-user_2429128
pd-user_2780291
pd-user_4704875
pd-user_1183004
pd-user_5495495
pd-user_1281207
pd-user_4359484
pd-user_1005492
pd-user_9040343
pd-user_5542382
pd-user_7827397
pd-user_8795005
pd-user_2901366
pd-user_8641632
pd-user_7288539
pd-user_5745993
pd-user_6929300
pd-user_1195539
pd-user_1416406
pd-user_8684364
pd-user_456659
pd-user_8983165
pd-user_5284801
pd-user_5586103
pd-user_6842
pd-user_7373062
pd-user_3483440
pd-user_2231952
pd-user_881476
pd-user_3378284
pd-user_4110803
pd-user_6173912
pd-user_2322575
pd-user_1892822
pd-user_9503283
pd-user_8158855
pd-user_8694592
pd-user_2748293
pd-user_347668
pd-user_250692
pd-user_9494308
pd-user_8305812
pd-user_2976754
pd-user_3397962
pd-user_6663553
pd-user_8164993
pd-user_5475764
pd-user_4752544
pd-user_9457187
pd-user_1571251
pd-user_8149294
pd-user_2242540
pd-user_6387470
pd-user_7278257
pd-user_7052505
pd-user_5707438
pd-user_9735964
pd-user_1091520
pd-user_5616485
pd-user_7355377
pd-user_723323
pd-user_710330
pd-user_7637206
pd-user_4590879
pd-user_9347543
pd-user_9127317
pd-user_6380449
pd-user_326538
pd-user_9636116
pd-user_7914127
pd-user_4822376
pd-user_5569688
pd-user_1631879
pd-user_1401662
pd-user_3975878
pd-user_664451
pd-user_8041806
pd-user_5970379
pd-user_8333494
pd-user_1352980
pd-user_4593016
pd-user_845838
pd-user_8129739
pd-user_6659009
pd-user_6982490
pd-user_3918022
pd-user_6859452
pd-user_5115973
pd-user_4931678
pd-user_3687609
pd-user_9703687
pd-user_5785139
pd-user_444262
pd-user_5189861
pd-user_4941781
pd-user_6791514
pd-user_4045430
pd-user_1995806
pd-user_9031025
pd-user_9842440
pd-user_1652785
pd-user_2096165
pd-user_171163
pd-user_2454294
pd-user_4402043
pd-user_6973450
pd-user_4311184
pd-user_7712108
pd-user_6682355
pd-user_9350251
pd-user_9233485
pd-user_976079
pd-user_9000766
pd-user_1301364
pd-user_7757318
pd-user_3199507
pd-user_3946653
pd-user_2110643
pd-user_4954467
pd-user_2299997
pd-user_9474257
pd-user_6346768
pd-user_4546607
pd-user_9892423
pd-user_4176694
pd-user_8099030
pd-user_6332965
pd-user_3818559
pd-user_2009605
pd-user_2583324
pd-user_5483611
pd-user_2578561
pd-user_8473360
pd-user_2192914
pd-user_6532600
pd-user_157746
pd-user_3497570
pd-user_3443070
pd-user_2287008
pd-user_2369012
pd-user_8290756
pd-user_3237878
pd-user_5896577
pd-user_9679246
pd-user_6266021
pd-user_7023899
pd-user_5335025
pd-user_6917597
pd-user_6738491
pd-user_7028409
pd-user_3610180
pd-user_7853572
pd-user_2920803
pd-user_5889797
pd-user_812907
pd-user_4151000
pd-user_4622396
pd-user_9389318
pd-user_6776816
pd-user_5525972
pd-user_5324456
pd-user_8956348
pd-user_1437377
pd-user_505963
pd-user_2851814
pd-user_482948
pd-user_7584591
pd-user_6321479
pd-user_9327044
pd-user_723314
pd-user_5928371
pd-user_3565614
pd-user_3628926
pd-user_9906628
pd-user_2193596
pd-user_4236281
pd-user_8043531
pd-user_6697821
pd-user_393602
pd-user_2864665
pd-user_6736608
pd-user_2809986
pd-user_9513276
pd-user_5757720
pd-user_7597461
pd-user_2921073
pd-user_845165
pd-user_1283665
pd-user_1363838
pd-user_143353
pd-user_4461823
pd-user_7388621
pd-user_2598172
pd-user_6263069
pd-user_1212694
pd-user_56754
pd-user_9682128
pd-user_2606868
pd-user_4124862
pd-user_5996922
pd-user_9635935
pd-user_4013774
pd-user_6012992
pd-user_3892563
pd-user_442615
pd-user_5119154
pd-user_2640545
pd-user_7657728
pd-user_958806
pd-user_7627211
pd-user_9137622
pd-user_1174276
pd-user_2776454
pd-user_619566
pd-user_9857628
pd-user_4025931
pd-user_9735630
pd-user_2236801
pd-user_3662559
pd-user_8668985
pd-user_5938145
pd-user_3290606
pd-user_8768390
pd-user_1222299
pd-user_7509788
pd-user_3833298
pd-user_7965302
pd-user_9398649
pd-user_1672913
pd-user_8410334
pd-user_9499105
pd-user_313459
pd-user_2063598
pd-user_7945138
pd-user_7637870
pd-user_4379844
pd-user_1472100
pd-user_9790314
pd-user_4316380
pd-user_5387254
pd-user_7350309
pd-user_3032197
pd-user_563441
pd-user_7885300
pd-user_7696979
pd-user_1344119
pd-user_7834109
pd-user_8484444
pd-user_4244505
pd-user_1813832
pd-user_7290886
pd-user_7503619
pd-user_3681934
pd-user_67803
pd-user_7121381
pd-user_2702300
pd-user_4606601
pd-user_6041602
pd-user_597452
pd-user_7589953
pd-user_4787201
pd-user_7734615
pd-user_5435584
pd-user_6857207
pd-user_7685931
pd-user_3232664
pd-user_8824557
pd-user_3088570
pd-user_1798172
pd-user_8228119
pd-user_843348
pd-user_9166292
pd-user_6014292
pd-user_136393
pd-user_110222
pd-user_2208795
pd-user_3889980
pd-user_6486407
pd-user_1029070
pd-user_1727231
pd-user_6443656
pd-user_9902898
pd-user_2422542
pd-user_3545142
pd-user_7173918
pd-user_9390770
pd-user_3354029
pd-user_8742168
pd-user_3841078
pd-user_4303151
pd-user_2239769
pd-user_4397919
pd-user_9185580
pd-user_2050119
pd-user_5272846
pd-user_1357006
pd-user_4428985
pd-user_1016298
pd-user_4362285
pd-user_6267109
pd-user_2741874
pd-user_7386395
pd-user_1956040
pd-user_7045586
pd-user_4452349
pd-user_7122512
pd-user_6842478
pd-user_8952712
pd-user_8582506
pd-user_4736653
pd-user_353175
pd-user_5662495
pd-user_7538476
pd-user_6210229
pd-user_8060531
pd-user_1220322
pd-user_7288491
pd-user_9951566
pd-user_1590071
pd-user_667478
pd-user_7022356
pd-user_5390034
pd-user_9316574
pd-user_986004
pd-user_6879035
pd-user_2961689
pd-user_9255444
pd-user_3258683
pd-user_1591666
pd-user_6509768
pd-user_3347909
pd-user_5127533
pd-user_5146993
pd-user_4724352
pd-user_446864
pd-user_9573628
pd-user_8690010
pd-user_1191896
pd-user_1860255
pd-user_3053466
pd-user_8882727
pd-user_472792
pd-user_3947823
pd-user_9301514
pd-user_9497813
pd-user_4399754
pd-user_3649211
pd-user_7160241
pd-user_614728
pd-user_8831239
pd-user_9660523
pd-user_9564184
pd-user_3608956
pd-user_1202759
pd-user_5117306
pd-user_415740
pd-user_3310982
pd-user_6021956
pd-user_8735441
pd-user_5897180
pd-user_7089
pd-user_4323563
pd-user_1647832
pd-user_6509170
pd-user_5167427
pd-user_1484046
pd-user_6634184
pd-user_7559867
pd-user_1538023
pd-user_4910664
pd-user_4376304
pd-user_9437392
pd-user_7416145
pd-user_498899
pd-user_6554056
pd-user_3472350
pd-user_7827657
pd-user_5391099
pd-user_2987456
pd-user_4310902
pd-user_3398632
pd-user_8636372
pd-user_9308970
pd-user_5566896
pd-user_3157457
pd-user_937999
pd-user_185503
pd-user_5732060
pd-user_6265284
pd-user_1177231
pd-user_3122031
pd-user_2493681
pd-user_9991741
pd-user_409172
pd-user_3895896
pd-user_1634730
pd-user_9410154
pd-user_7520543
pd-user_2099302
pd-user_5891834
pd-user_951666
pd-user_4897844
pd-user_6033563
pd-user_3731088
pd-user_5580391
pd-user_6464949
pd-user_9531164
pd-user_4018802
pd-user_2718030
pd-user_989818
pd-user_9039261
pd-user_5537476
pd-user_9460494
pd-user_3951541
pd-user_1389600
pd-user_1473830
pd-user_7187883
pd-user_4962120
pd-user_6787123
pd-user_4140598
pd-user_6912364
pd-user_8531250
pd-user_8625378
pd-user_4120315
pd-user_5174323
pd-user_910619
pd-user_3480545
pd-user_1418788
pd-user_9772691
pd-user_6434531
pd-user_3788324
pd-user_2506855
pd-user_6777471
pd-user_8989630
pd-user_9382342
pd-user_60119
pd-user_5306588
pd-user_5380442
pd-user_4703362
pd-user_5660742
pd-user_1226364
pd-user_2119658
pd-user_3695166
pd-user_581505
pd-user_5836568
pd-user_5304623
pd-user_4094587
pd-user_3717620
pd-user_7585814
pd-user_9215025
pd-user_5822083
pd-user_6753472
pd-user_1695258
pd-user_6018850
pd-user_6233456
pd-user_9940181
pd-user_9952316
pd-user_2311432
pd-user_4740953
pd-user_1542676
pd-user_9912270
pd-user_7211390
pd-user_9728722
pd-user_7926360
pd-user_8680082
pd-user_3548095
pd-user_8831036
pd-user_9103585
pd-user_553706
pd-user_9761064
pd-user_6636214
pd-user_3835795
pd-user_3522587
pd-user_3987970
pd-user_3721952
pd-user_6376842
pd-user_6323854
pd-user_6662626
pd-user_6772394
pd-user_4871003
pd-user_5312266
pd-user_4773429
pd-user_7842372
pd-user_8763075
pd-user_6379136
pd-user_4235319
pd-user_1101865
pd-user_4521931
pd-user_2929882
pd-user_2066987
pd-user_8612342
pd-user_183412
pd-user_1115772
pd-user_9768662
pd-user_3590925
pd-user_2154854
pd-user_8569069
pd-user_7161937
pd-user_4614379
pd-user_8255867
pd-user_8805765
pd-user_5822128
pd-user_9454470
pd-user_9423903
pd-user_8249132
pd-user_177168
pd-user_9204974
pd-user_1806212
pd-user_1763532
pd-user_1614814
pd-user_4704875
pd-user_8977192
pd-user_1596361
pd-user_8971800
pd-user_4411849
pd-user_6867549
pd-user_809649
pd-user_2762045
pd-user_4638049
pd-user_3357826
pd-user_9406343
pd-user_8988133
pd-user_8897705
pd-user_941045
pd-user_1296398
pd-user_1240637
pd-user_9035146
pd-user_7074983
pd-user_7527066
pd-user_9387091
pd-user_7005858
pd-user_2289003
pd-user_569451
pd-user_2464997
pd-user_4688021
pd-user_9821276
pd-user_4669516
pd-user_8293509
pd-user_9859458
pd-user_611980
pd-user_8410368
pd-user_2554958
pd-user_5077892
pd-user_8506689
pd-user_2176793
pd-user_2455146
pd-user_6904588
pd-user_8787603
pd-user_3366603
pd-user_3401209
pd-user_3728961
pd-user_7982591
pd-user_3976060
pd-user_9997743
pd-user_6647748
pd-user_197081
pd-user_9234268
pd-user_417246
pd-user_4701805
pd-user_3017950
pd-user_8299038
pd-user_5451491
pd-user_8616363
pd-user_2749720
pd-user_5972982
pd-user_3506552
pd-user_968094
pd-user_8610892
pd-user_8750462
pd-user_888401
pd-user_5110670
pd-user_8064426
pd-user_6707865
pd-user_8124418
pd-user_3297522
pd-user_1318490
pd-user_4247412
pd-user_6928795
pd-user_4527455
pd-user_5991799
pd-user_6488256
pd-user_2322222
pd-user_5572045
pd-user_7279210
pd-user_1125515
pd-user_4004849
pd-user_5998042
pd-user_9892148
pd-user_9698229
pd-user_6151449
pd-user_739810
pd-user_9698853
pd-user_4910218
pd-user_7856057
pd-user_6613900
pd-user_5631724
pd-user_6351646
pd-user_1901246
pd-user_2214082
pd-user_4245551
pd-user_606482
pd-user_272970
pd-user_899831
pd-user_4904017
pd-user_4860461
pd-user_8314632
pd-user_6459298
pd-user_220717
pd-user_3410720
pd-user_2373278
pd-user_2466984
pd-user_2268309
pd-user_5104822
pd-user_2715637
pd-user_8910597
pd-user_3561785
pd-user_6041543
pd-user_4797903
pd-user_8131984
pd-user_1035614
pd-user_1271804
pd-user_4585188
pd-user_7923723
pd-user_9161188
pd-user_1736132
pd-user_4719132
pd-user_9142573
pd-user_9063585
pd-user_1757109
pd-user_5378492
pd-user_5257078
pd-user_4601715
pd-user_2225507
pd-user_697516
pd-user_8437806
pd-user_2504632
pd-user_5206690
pd-user_1984891
pd-user_483868
pd-user_6095341
pd-user_9749915
pd-user_7749062
pd-user_7370454
pd-user_966715
pd-user_7003062
pd-user_7268357
pd-user_8707671
pd-user_7682245
pd-user_3753055
pd-user_2752616
pd-user_4431282
pd-user_9767140
pd-user_7228502
pd-user_620032
pd-user_8775273
pd-user_4563683
pd-user_1136349
pd-user_2270251
pd-user_1641932
pd-user_2919907
pd-user_9982605
pd-user_2466264
pd-user_9826238
pd-user_4209459
pd-user_195992
pd-user_8235583
pd-user_6256520
pd-user_9145416
pd-user_2743176
pd-user_8325232
pd-user_2331055
pd-user_7091720
pd-user_2418193
pd-user_8119324
pd-user_5571497
pd-user_8383969
pd-user_6365931
pd-user_9640988
pd-user_6012218
pd-user_255900
pd-user_4769752
pd-user_5032408
pd-user_4893397
pd-user_1559044
pd-user_17167
pd-user_9877015
pd-user_5053101
pd-user_948311
pd-user_3316796
pd-user_4462900
pd-user_2042171
pd-user_4597834
pd-user_9221774
pd-user_7355738
pd-user_5813135
pd-user_2490546
pd-user_2629121
pd-user_6381609
pd-user_3953512
pd-user_1458662
pd-user_1954987
pd-user_5021802
pd-user_7945752
pd-user_6896594
pd-user_7324739
pd-user_8960754
pd-user_1719755
pd-user_1585078
pd-user_1832680
pd-user_6480349
pd-user_8877158
pd-user_644419
pd-user_663380
pd-user_6624685
pd-user_5087901
pd-user_3391625
pd-user_5128365
pd-user_6967877
pd-user_609818
pd-user_7020933
pd-user_4868675
pd-user_746931
pd-user_539592
pd-user_9691263
pd-user_5838206
pd-user_7234263
pd-user_1881991
pd-user_5727367
pd-user_4887574
pd-user_9313111
pd-user_7776657
pd-user_5663045
pd-user_5316892
pd-user_5834830
pd-user_7178967
pd-user_8800142
pd-user_56230
pd-user_2013425
pd-user_7350057
pd-user_2776261
pd-user_7915213
pd-user_3669684
pd-user_5634574
pd-user_8864907
pd-user_1019798
pd-user_2924366
pd-user_1500106
pd-user_8877975
pd-user_5051702
pd-user_3905857
pd-user_1613304
pd-user_6435981
pd-user_7474296
pd-user_7338343
pd-user_9632713
pd-user_2851072
pd-user_4720340
pd-user_8793294
pd-user_8954408
pd-user_1237150
pd-user_3594949
pd-user_8014280
pd-user_9812570
pd-user_7956846
pd-user_884627
pd-user_1787511
pd-user_1414713
pd-user_3628181
pd-user_1208963
pd-user_152341
pd-user_6969214
pd-user_2548602
pd-user_7321604
pd-user_4858096
pd-user_4187258
pd-user_6170306
pd-user_7565145
pd-user_6780978
pd-user_5632391
pd-user_8346856
pd-user_5973652
pd-user_5725274
pd-user_7929577
pd-user_7526301
pd-user_6450251
pd-user_6657090
pd-user_6201658
pd-user_2478339
pd-user_3303611
pd-user_3736141
pd-user_9192232
pd-user_707274
pd-user_5102832
pd-user_8089426
pd-user_9107425
pd-user_6881040
pd-user_4231907
pd-user_9227370
pd-user_2074648
pd-user_3452433
pd-user_5770351
pd-user_7446872
pd-user_2773889
pd-user_915127
pd-user_7959951
pd-user_7529518
pd-user_5463506
pd-user_7495489
pd-user_542111
pd-user_2594656
pd-user_2800655
pd-user_9132716
pd-user_4737835
pd-user_2010776
pd-user_8793018
pd-user_6216089
pd-user_2572679
pd-user_291915
pd-user_9064263
pd-user_6746972
pd-user_5583428
pd-user_7119668
pd-user_4215369
pd-user_4340658
pd-user_8654189
pd-user_4573964
pd-user_48233
pd-user_2764786
pd-user_3364019
pd-user_2617098
pd-user_7465629
pd-user_5267634
pd-user_2066871
pd-user_2326201
pd-user_1095302
pd-user_1246808
pd-user_2012706
pd-user_4074388
pd-user_8550453
pd-user_8597261
pd-user_4369962
pd-user_4221537
pd-user_6303746
pd-user_4107191
pd-user_5308073
pd-user_6601480
pd-user_9909699
pd-user_8087583
pd-user_3050313
pd-user_2694356
pd-user_3224795
pd-user_852201
pd-user_2996387
pd-user_7453609
pd-user_5147392
pd-user_5072730
pd-user_952077
pd-user_4433441
pd-user_2956177
pd-user_2691159
pd-user_8703080
pd-user_6555247
pd-user_1231874
pd-user_7075083
pd-user_8023439
pd-user_9073520
pd-user_2541263
pd-user_5271601
pd-user_358759
pd-user_9384188
pd-user_9735558
pd-user_901946
pd-user_7369670
pd-user_3042459
pd-user_943050
pd-user_4803087
pd-user_2608984
pd-user_8399520
pd-user_7901036
pd-user_5221867
pd-user_9049045
pd-user_6755908
pd-user_1332412
pd-user_8566992
pd-user_1076503
pd-user_5258078
pd-user_6393717
pd-user_3069141
pd-user_8989059
pd-user_3551891
pd-user_6993782
pd-user_2778071
pd-user_7939117
pd-user_8561854
pd-user_8119374
pd-user_2525156
pd-user_402373
pd-user_2123987
pd-user_7049209
pd-user_701171
pd-user_1652210
pd-user_5570579
pd-user_5043353
pd-user_132967
pd-user_4320217
pd-user_5982881
pd-user_3451914
pd-user_5465514
pd-user_1842417
pd-user_4943082
pd-user_2756707
pd-user_9918886
pd-user_9164521
pd-user_8227878
pd-user_7598270
pd-user_2360554
pd-user_4913321
pd-user_5199254
pd-user_3300750
pd-user_1575957
pd-user_8300081
pd-user_5647294
pd-user_9173175
pd-user_9653100
pd-user_9030469
pd-user_4062138
pd-user_1054446
pd-user_272047
pd-user_6334062
pd-user_9169595
pd-user_1758107
pd-user_6446632
pd-user_3829546
pd-user_3457168
pd-user_119808
pd-user_2715284
pd-user_6190973
pd-user_6000870
pd-user_4422290
pd-user_9470298
pd-user_417937
pd-user_2594326
pd-user_7915978
pd-user_516471
pd-user_8802085
pd-user_6790654
pd-user_6453578
pd-user_8461722
pd-user_1468492
pd-user_6048711
pd-user_7746612
pd-user_6488743
pd-user_5323070
pd-user_6543826
pd-user_1900879
pd-user_6642254
pd-user_8126492
pd-user_6760537
pd-user_3710462
pd-user_497403
pd-user_304635
pd-user_7507947
pd-user_6157445
pd-user_6023279
pd-user_9022505
pd-user_886858
pd-user_8481315
pd-user_9026743
pd-user_4220959
pd-user_840869
pd-user_3980314
pd-user_4896833
pd-user_2408230
pd-user_5850680
pd-user_5992096
pd-user_2432846
pd-user_2741490
pd-user_5813068
pd-user_6084088
pd-user_2594634
pd-user_6925655
pd-user_3462875
pd-user_8390839
pd-user_3630984
pd-user_7337756
pd-user_7827838
pd-user_1804269
pd-user_2048063
pd-user_5626779
pd-user_3295416
pd-user_6832335
pd-user_6069058
pd-user_2574651
pd-user_8984437
pd-user_2558194
pd-user_7382484
pd-user_4891741
pd-user_4148185
pd-user_6318582
pd-user_1822545
pd-user_6926803
pd-user_4279275
pd-user_3376265
pd-user_6810470
pd-user_3156674
pd-user_3009847
pd-user_4301956
pd-user_5094833
pd-user_5348832
pd-user_7581212
pd-user_1095003
pd-user_4208570
pd-user_3213759
pd-user_6931112
pd-user_975304
pd-user_8444573
pd-user_6743529
pd-user_7459232
pd-user_2370853
pd-user_8748840
pd-user_4476885
pd-user_145987
pd-user_362477
pd-user_9093549
pd-user_6263627
pd-user_8839538
pd-user_3579211
pd-user_65596
pd-user_740198
pd-user_15034
pd-user_3840521
pd-user_1779573
pd-user_2761859
pd-user_1563521
pd-user_2983105
pd-user_7078436
pd-user_4911369
pd-user_6300188
pd-user_6852
pd-user_5523943
pd-user_7131877
pd-user_5473319
pd-user_9915463
pd-user_3771369
pd-user_2868281
pd-user_7861610
pd-user_5798173
pd-user_1233891
pd-user_4700137
pd-user_9399277
pd-user_6090631
pd-user_9464131
pd-user_6912945
pd-user_390960
pd-user_7798954
pd-user_3530236
pd-user_3045791
pd-user_7194910
pd-user_3510754
pd-user_1264152
pd-user_6240884
pd-user_523622
pd-user_6910743
pd-user_3436980
pd-user_3319552
pd-user_3614640
pd-user_3866961
pd-user_4149228
pd-user_2486506
pd-user_8759020
pd-user_2068454
pd-user_3780614
pd-user_2303443
pd-user_1183181
pd-user_346470
pd-user_3859586
pd-user_6726152
pd-user_226993
pd-user_356961
pd-user_6568606
pd-user_6347001
pd-user_4899070
pd-user_7478786
pd-user_5871068
pd-user_2675456
pd-user_6756326
pd-user_9272809
pd-user_3897316
pd-user_2950762
pd-user_9119795
pd-user_3511567
pd-user_6387594
pd-user_6423639
pd-user_188638
pd-user_1031122
pd-user_536384
pd-user_702214
pd-user_6035519
pd-user_8083846
pd-user_397309
pd-user_2724180
pd-user_677477
pd-user_3807721
pd-user_3040686
pd-user_997712
pd-user_3738798
pd-user_5346733
pd-user_8102560
pd-user_4123863
pd-user_787061
pd-user_6579929
pd-user_8863582
pd-user_4812363
pd-user_7432293
pd-user_5293200
pd-user_2464976
pd-user_4724769
pd-user_5438921
pd-user_3384849
pd-user_1577353
pd-user_6778357
pd-user_4197714
pd-user_7473262
pd-user_8543183
pd-user_6748259
pd-user_5315049
pd-user_5734528
pd-user_241491
pd-user_4941740
pd-user_5278767
pd-user_8467097
pd-user_9757531
pd-user_3673106
pd-user_9900829
pd-user_458223
pd-user_6705700
pd-user_1464703
pd-user_8613608
pd-user_7569212
pd-user_1975507
pd-user_7836166
pd-user_6448073
pd-user_900522
pd-user_9230034
pd-user_9040273
pd-user_8110840
pd-user_5761997
pd-user_9500032
pd-user_1240153
pd-user_4267102
pd-user_7648084
pd-user_2357066
pd-user_1635220
pd-user_2553067
pd-user_3740919
pd-user_850567
pd-user_5892519
pd-user_3131933
pd-user_2701456
pd-user_3048478
pd-user_4467206
pd-user_2153852
pd-user_2689910
pd-user_713734
pd-user_8910464
pd-user_3454202
pd-user_3114918
pd-user_7156634
pd-user_3643448
pd-user_2095700
pd-user_9240148
pd-user_1581256
pd-user_5861413
pd-user_1900172
pd-user_678716
pd-user_5192042
pd-user_6907480
pd-user_5087554
pd-user_7785136
pd-user_2118294
pd-user_6851941
pd-user_8289840
pd-user_2453878
pd-user_893717
pd-user_2873672
pd-user_2784837
pd-user_3550823
pd-user_4961341
pd-user_8391636
pd-user_2554612
pd-user_9655760
pd-user_3238265
pd-user_8427638
pd-user_9351054
pd-user_5780568
pd-user_9996969
pd-user_5552743
pd-user_2475615
pd-user_7543312
pd-user_1207079
pd-user_676916
pd-user_8492285
pd-user_404736
pd-user_5143913
pd-user_658449
pd-user_2177631
pd-user_1998493
pd-user_7655586
pd-user_3209860
pd-user_8668775
pd-user_2353706
pd-user_9289955
pd-user_3675970
pd-user_2662318
pd-user_7151441
pd-user_2651831
pd-user_2332255
pd-user_1901647
pd-user_7127728
pd-user_7162870
pd-user_9285930
pd-user_4378464
pd-user_9669352
pd-user_9911458
pd-user_7249920
pd-user_9487519
pd-user_2178273
pd-user_6233095
pd-user_154154
pd-user_4415371
pd-user_6700468
pd-user_5785753
pd-user_9190319
pd-user_8595282
pd-user_1542760
pd-user_4161675
pd-user_3550827
pd-user_4180126
pd-user_9525573
pd-user_9371992
pd-user_581434
pd-user_3670697
pd-user_3949452
pd-user_7235854
pd-user_1943869
pd-user_9660948
pd-user_2616136
pd-user_2954549
pd-user_9101488
pd-user_3585680
pd-user_6912094
pd-user_2305830
pd-user_2426148
pd-user_8686672
pd-user_7134226
pd-user_9757708
pd-user_4118795
pd-user_3686523
pd-user_7328553
pd-user_7597080
pd-user_2432237
pd-user_401513
pd-user_8885496
pd-user_216327
pd-user_1613375
pd-user_2531206
pd-user_736239
pd-user_9855582
pd-user_4458231
pd-user_5260124
pd-user_9835517
pd-user_8251360
pd-user_7993511
pd-user_2834589
pd-user_4237022
pd-user_6637379
pd-user_4129905
pd-user_6088711
pd-user_1264155
pd-user_6633103
pd-user_8550673
pd-user_7415810
pd-user_2495400
pd-user_1044075
pd-user_3958288
pd-user_1322761
pd-user_5641910
pd-user_9167493
pd-user_3550753
pd-user_4821669
pd-user_8843734
pd-user_1122612
pd-user_970633
pd-user_6714905
pd-user_5794597
pd-user_5454279
pd-user_9166409
pd-user_2406543
pd-user_823134
pd-user_5169881
pd-user_7549674
pd-user_7082763
pd-user_4287912
pd-user_2497138
pd-user_259443
pd-user_4605969
pd-user_4106155
pd-user_1033606
pd-user_2419594
pd-user_7226928
pd-user_2600689
pd-user_5973857
pd-user_1758687
pd-user_4951684
pd-user_5520250
pd-user_9277569
pd-user_1099363
pd-user_7994700
pd-user_2996364
pd-user_6525445
pd-user_9745654
pd-user_3691242
pd-user_7639290
pd-user_2408981
pd-user_7476953
pd-user_5710989
pd-user_768946
pd-user_9448645
pd-user_6830407
pd-user_4655167
pd-user_5533496
pd-user_4071328
pd-user_8488997
pd-user_6441422
pd-user_9374432
pd-user_2057177
pd-user_5561770
pd-user_5617562
pd-user_9651781
pd-user_3497820
pd-user_1751209
pd-user_63974
pd-user_6865839
pd-user_5254708
pd-user_9930181
pd-user_2875517
pd-user_7921479
pd-user_4148077
pd-user_3807741
pd-user_3273034
pd-user_1635673
pd-user_6971197
pd-user_8196307
pd-user_713340
pd-user_5717424
pd-user_9791596
pd-user_9514517
pd-user_8394263
pd-user_1216844
pd-user_7943522
pd-user_9432289
pd-user_3420733
pd-user_5828957
pd-user_7561203
pd-user_8263239
pd-user_992375
pd-user_7898140
pd-user_7203736
pd-user_4670155
pd-user_4996809
pd-user_2644330
pd-user_3771507
pd-user_6007423
pd-user_6584938
pd-user_1035824
pd-user_7136443
pd-user_5770842
pd-user_631356
pd-user_3312726
pd-user_4367997
pd-user_8008679
pd-user_4119731
pd-user_5621618
pd-user_6920431
pd-user_7927480
pd-user_9916292
pd-user_9956389
pd-user_8610920
pd-user_8396380
pd-user_7354138
pd-user_2534019
pd-user_4105238
pd-user_9281813
pd-user_6881576
pd-user_2748203
pd-user_3659592
pd-user_2846683
pd-user_1965499
pd-user_6904008
pd-user_9146154
pd-user_1032053
pd-user_1528275
pd-user_9502882
pd-user_2251965
pd-user_6476106
pd-user_3584
pd-user_3832918
pd-user_9947777
pd-user_963039
pd-user_7593314
pd-user_449323
pd-user_477750
pd-user_8800101
pd-user_499859
pd-user_7641927
pd-user_2266176
pd-user_5061940
pd-user_2706765
pd-user_3286559
pd-user_5034188
pd-user_5750045
pd-user_8794697
pd-user_524456
pd-user_7074066
pd-user_7883387
pd-user_3702234
pd-user_4059821
pd-user_9469764
pd-user_1505236
pd-user_1116440
pd-user_1351352
pd-user_5066997
pd-user_9772132
pd-user_2152507
pd-user_938149
pd-user_242761
pd-user_4112786
pd-user_8732042
pd-user_221950
pd-user_9500261
pd-user_1405508
pd-user_7435229
pd-user_6753419
pd-user_522562
pd-user_165930
pd-user_4142103
pd-user_7571584
pd-user_2469360
pd-user_8735753
pd-user_5815686
pd-user_3693030
pd-user_1732623
pd-user_2883572
pd-user_7883869
pd-user_8955119
pd-user_9087607
pd-user_1681071
pd-user_4126331
pd-user_7698228
pd-user_5252684
pd-user_2780144
pd-user_1630781
pd-user_906664
pd-user_3226225
pd-user_1477666
pd-user_8252853
pd-user_2602659
pd-user_9319453
pd-user_1437443
pd-user_4371742
pd-user_4560823
pd-user_5829818
pd-user_4023197
pd-user_5997958
pd-user_5335348
pd-user_7745495
pd-user_5280216
pd-user_5591864
pd-user_2371919
pd-user_7030942
pd-user_3530744
pd-user_6165920
pd-user_8754099
pd-user_1524380
pd-user_1972984
pd-user_4040576
pd-user_7664665
pd-user_4074607
pd-user_714995
pd-user_2580172
pd-user_6781234
pd-user_252003
pd-user_6280794
pd-user_330733
pd-user_6466313
pd-user_1936627
pd-user_6962168
pd-user_1345269
pd-user_3656897
pd-user_4226418
pd-user_5036662
pd-user_9940187
pd-user_4062214
pd-user_2657031
pd-user_2401992
pd-user_3473011
pd-user_4965780
pd-user_8790114
pd-user_9916683
pd-user_5622763
pd-user_8345385
pd-user_1981689
pd-user_5482230
pd-user_5960133
pd-user_4252549
pd-user_1010456
pd-user_2180741
pd-user_1117770
pd-user_452428
pd-user_7094923
pd-user_653436
pd-user_9701394
pd-user_5154373
pd-user_658107
pd-user_2527123
pd-user_3907299
pd-user_3634689
pd-user_7596436
pd-user_3316736
pd-user_1496047
pd-user_8269338
pd-user_4959441
pd-user_2469776
pd-user_9329997
pd-user_2711905
pd-user_1709229
pd-user_497388
pd-user_5928136
pd-user_8586751
pd-user_7084432
pd-user_6495352
pd-user_48167
pd-user_4387875
pd-user_6545944
pd-user_8210208
pd-user_7411824
pd-user_331650
pd-user_4745372
pd-user_310408
pd-user_5478991
pd-user_5266664
pd-user_1006329
pd-user_4578254
pd-user_9676172
pd-user_5518185
pd-user_4043634
pd-user_8949870
pd-user_2096252
pd-user_852055
pd-user_7357731
pd-user_7483156
pd-user_808145
pd-user_7575968
pd-user_2151422
pd-user_4130002
pd-user_6222192
pd-user_9822271
pd-user_7708698
pd-user_1914977
pd-user_6317795
pd-user_3694250
pd-user_6247119
pd-user_3459229
pd-user_6713821
pd-user_4926357
pd-user_6728109
pd-user_2626983
pd-user_8486149
pd-user_8666057
pd-user_58394
pd-user_8225652
pd-user_3742676
pd-user_2091426
pd-user_1686823
pd-user_6523407
pd-user_4482050
pd-user_6565345
pd-user_5667553
pd-user_9984449
pd-user_9122617
pd-user_3561126
pd-user_9814719
pd-user_4119353
pd-user_1563424
pd-user_8394276
pd-user_6319323
pd-user_2334816
pd-user_3079101
pd-user_8880149
pd-user_157456
pd-user_7433023
pd-user_1529511
pd-user_667137
pd-user_8586460
pd-user_4226207
pd-user_3146689
pd-user_4425643
pd-user_8018469
pd-user_8666626
pd-user_9022550
pd-user_611904
pd-user_1800319
pd-user_3443128
pd-user_7594763
pd-user_8127477
pd-user_6523096
pd-user_9833870
pd-user_9238588
pd-user_1954130
pd-user_4543366
pd-user_1344436
pd-user_5812956
pd-user_8901858
pd-user_850006
pd-user_7934397
pd-user_2067681
pd-user_1297205
pd-user_8630855
pd-user_946033
pd-user_5339100
pd-user_2197632
pd-user_3207781
pd-user_7963690
pd-user_5840980
pd-user_3534502
pd-user_7024880
pd-user_4155767
pd-user_4150307
pd-user_8263345
pd-user_8078037
pd-user_3876062
pd-user_7800238
pd-user_8747985
pd-user_1985471
pd-user_933963
pd-user_6873839
pd-user_9746439
pd-user_7520910
pd-user_9316095
pd-user_2363033
pd-user_1384555
pd-user_4365348
pd-user_1656100
pd-user_1556676
pd-user_4204347
pd-user_1516968
pd-user_4258019
pd-user_7715248
pd-user_2952890
pd-user_4179911
pd-user_9776180
pd-user_7451336
pd-user_2463785
pd-user_7063799
pd-user_4365118
pd-user_1326703
pd-user_1756828
pd-user_8170541
pd-user_3886988
pd-user_3905790
pd-user_7612847
pd-user_8493845
pd-user_4277541
pd-user_610032
pd-user_708404
pd-user_2056707
pd-user_803877
pd-user_3125910
pd-user_6578085
pd-user_2772585
pd-user_2811512
pd-user_5879951
pd-user_6001127
pd-user_4064801
pd-user_9752258
pd-user_248910
pd-user_3746574
pd-user_539355
pd-user_3508870
pd-user_3050645
pd-user_5958302
pd-user_2195492
pd-user_8111439
pd-user_6525284
pd-user_5734331
pd-user_5413045
pd-user_1687209
pd-user_9086043
pd-user_6497648
pd-user_7763848
pd-user_8649227
pd-user_8201988
pd-user_9886957
pd-user_7408785
pd-user_4702486
pd-user_6328430
pd-user_5296999
pd-user_2729029
pd-user_9014260
pd-user_6327478
pd-user_3251940
pd-user_2084446
pd-user_2133145
pd-user_3744746
pd-user_4498396
pd-user_9490680
pd-user_4706461
pd-user_9585482
pd-user_6108301
pd-user_5080201
pd-user_2320755
pd-user_6959382
pd-user_7502238
pd-user_42631
pd-user_5368581
pd-user_7955134
pd-user_1298697
pd-user_76792
pd-user_5857453
pd-user_9038382
pd-user_7773085
pd-user_73803
pd-user_4872426
pd-user_2799246
pd-user_2655458
pd-user_1008761
pd-user_6700329
pd-user_4973751
pd-user_5345765
pd-user_4853533
pd-user_8740622
pd-user_6855538
pd-user_9049699
pd-user_462032
pd-user_7501817
pd-user_481597
pd-user_7172467
pd-user_6717237
pd-user_1281989
pd-user_2578772
pd-user_4327728
pd-user_3428112
pd-user_2376819
pd-user_5244689
pd-user_8533293
pd-user_8372728
pd-user_8746147
pd-user_3899717
pd-user_440012
pd-user_9445842
pd-user_1472580
pd-user_5128045
pd-user_4462313
pd-user_7909171
pd-user_5447816
pd-user_361853
pd-user_817737
pd-user_3484976
pd-user_2177939
pd-user_8008104
pd-user_8955445
pd-user_3984492
pd-user_5506129
pd-user_8863842
pd-user_3517001
pd-user_4317004
pd-user_2111302
pd-user_6888634
pd-user_4740786
pd-user_7486139
pd-user_3175649
pd-user_468605
pd-user_6833557
pd-user_7572778
pd-user_28632
pd-user_1455601
pd-user_7740891
pd-user_7741898
pd-user_2118214
pd-user_5085688
pd-user_5416814
pd-user_5136733
pd-user_4881719
pd-user_9859011
pd-user_9753574
pd-user_9084835
pd-user_4819601
pd-user_6218313
pd-user_7733098
pd-user_8567204
pd-user_2865981
pd-user_5650556
pd-user_3065009
pd-user_2986883
pd-user_349385
pd-user_8035499
pd-user_840870
pd-user_4692237
pd-user_8003369
pd-user_4345518
pd-user_3377943
pd-user_2791066
pd-user_4854891
pd-user_9051036
pd-user_7067982
pd-user_6691116
pd-user_6700185
pd-user_6190228
pd-user_235422
pd-user_8954042
pd-user_8711261
pd-user_7586106
pd-user_8138158
pd-user_4604138
pd-user_359573
pd-user_5101948
pd-user_814611
pd-user_6248331
pd-user_1580328
pd-user_1740724
pd-user_1801510
pd-user_3452092
pd-user_4349265
pd-user_6774287
pd-user_2318486
pd-user_8939911
pd-user_9715312
pd-user_2746314
pd-user_9381569
pd-user_8180436
pd-user_893629
pd-user_4625222
pd-user_9688767
pd-user_3182016
pd-user_9004525
pd-user_4353738
pd-user_1659126
pd-user_121930
pd-user_6874303
pd-user_5802158
pd-user_2749913
pd-user_3601529
pd-user_8614779
pd-user_4924472
pd-user_2942859
pd-user_6618896
pd-user_6314169
pd-user_6534410
pd-user_9100577
pd-user_6768265
pd-user_2453903
pd-user_7475733
pd-user_1227642
pd-user_9260853
pd-user_4160859
pd-user_1760049
pd-user_9862827
pd-user_2575820
pd-user_9745971
pd-user_6021637
pd-user_2903849
pd-user_5402385
pd-user_8628031
pd-user_3164217
pd-user_234375
pd-user_4018623
pd-user_6668490
pd-user_3340382
pd-user_6191531
pd-user_5415583
pd-user_9918488
pd-user_2072490
pd-user_9530313
pd-user_3150448
pd-user_4252334
pd-user_2737736
pd-user_8145451
pd-user_1206487
pd-user_8853500
pd-user_567562
pd-user_2780457
pd-user_5497899
pd-user_4214461
pd-user_5053779
pd-user_894497
pd-user_215627
pd-user_5066401
pd-user_3330400
pd-user_5117051
pd-user_8600004
pd-user_7653645
pd-user_3558482
pd-user_5872892
pd-user_48258
pd-user_2446865
pd-user_6310726
pd-user_4231951
pd-user_5585657
pd-user_7793239
pd-user_9761651
pd-user_6435574
pd-user_5977675
pd-user_4782720
pd-user_1460629
pd-user_8239179
pd-user_9470274
pd-user_8164311
pd-user_8493849
pd-user_9457435
pd-user_9360056
pd-user_4675026
pd-user_6447547
pd-user_4423910
pd-user_8645888
pd-user_3788937
pd-user_1545096
pd-user_3026793
pd-user_6329830
pd-user_3397549
pd-user_7803162
pd-user_3804170
pd-user_2419297
pd-user_6412621
pd-user_9368986
pd-user_792650
pd-user_1123649
pd-user_276495
pd-user_5835285
pd-user_597132
pd-user_9780366
pd-user_4394318
pd-user_4732259
pd-user_2242151
pd-user_7468437
pd-user_3393097
pd-user_728032
pd-user_3269607
pd-user_7502088
pd-user_1062614
pd-user_3828452
pd-user_2446274
pd-user_6709780
pd-user_4426210
pd-user_7528476
pd-user_1303438
pd-user_4379047
pd-user_1272025
pd-user_4103100
pd-user_5328417
pd-user_323318
pd-user_7622937
pd-user_9975277
pd-user_9988677
pd-user_6792483
pd-user_4580037
pd-user_7116836
pd-user_8345011
pd-user_2169756
pd-user_1439365
pd-user_388393
pd-user_1806632
pd-user_5856763
pd-user_6674718
pd-user_3309015
pd-user_8004087
pd-user_9068264
pd-user_2747961
pd-user_7104056
pd-user_4489893
pd-user_651918
pd-user_6084890
pd-user_5954584
pd-user_5645409
pd-user_5639918
pd-user_6703531
pd-user_6021677
pd-user_696486
pd-user_1572421
pd-user_8434113
pd-user_6184838
pd-user_1995594
pd-user_4156839
pd-user_6949006
pd-user_4204793
pd-user_5893012
pd-user_8703765
pd-user_8196499
pd-user_3246778
pd-user_4317249
pd-user_6666823
pd-user_4447983
pd-user_2035619
pd-user_8828039
pd-user_7309146
pd-user_2506433
pd-user_1812534
pd-user_4224533
pd-user_2576417
pd-user_7125445
pd-user_6030664
pd-user_3965317
pd-user_6760117
pd-user_7566259
pd-user_5217290
pd-user_2484145
pd-user_7930207
pd-user_7559622
pd-user_5922631
pd-user_4995126
pd-user_3997724
pd-user_7769544
pd-user_7319756
pd-user_1262396
pd-user_9648243
pd-user_6834249
pd-user_2958484
pd-user_4721189
pd-user_7501046
pd-user_8288552
pd-user_8902781
pd-user_5156055
pd-user_9977099
pd-user_121175
pd-user_1512808
pd-user_5690107
pd-user_7476786
pd-user_6411483
pd-user_9002146
pd-user_5782689
pd-user_7739604
pd-user_5315373
pd-user_6618879
pd-user_1632589
pd-user_4715588
pd-user_4418347
pd-user_1829576
pd-user_4174329
pd-user_8400476
pd-user_4588827
pd-user_473533
pd-user_1469366
pd-user_3533728
pd-user_6305729
pd-user_3820609
pd-user_5558700
pd-user_7785289
pd-user_8314321
pd-user_2947371
pd-user_4812561
pd-user_6185504
pd-user_8986875
pd-user_8445095
pd-user_1221097
pd-user_4247657
pd-user_6417908
pd-user_1216288
pd-user_3711654
pd-user_460898
pd-user_744895
pd-user_2410300
pd-user_4975636
pd-user_3837327
pd-user_6824059
pd-user_3752838
pd-user_7799660
pd-user_7445519
pd-user_1703368
pd-user_3703876
pd-user_239295
pd-user_8253416
pd-user_2755733
pd-user_2377768
pd-user_8915243
pd-user_177575
pd-user_7825339
pd-user_999167
pd-user_9810068
pd-user_1675738
pd-user_2942871
pd-user_3263818
pd-user_9146299
pd-user_5407283
pd-user_5963310
pd-user_6977199
pd-user_2676736
pd-user_9744143
pd-user_8818848
pd-user_9082944
pd-user_4164507
pd-user_9962203
pd-user_1165713
pd-user_259312
pd-user_3028310
pd-user_3996906
pd-user_8343155
pd-user_1303928
pd-user_8796764
pd-user_6364472
pd-user_8967217
pd-user_1578400
pd-user_8563110
pd-user_4155976
pd-user_279730
pd-user_8998970
pd-user_6897802
pd-user_1779658
pd-user_2182130
pd-user_3238475
pd-user_6067371
pd-user_6072895
pd-user_703359
pd-user_1674027
pd-user_8881807
pd-user_3588459
pd-user_5966931
pd-user_400094
pd-user_414739
pd-user_23107
pd-user_8778249
pd-user_3653322
pd-user_6191520
pd-user_452548
pd-user_9234859
pd-user_699953
pd-user_8856231
pd-user_6118415
pd-user_8608073
pd-user_5733736
pd-user_643576
pd-user_5338832
pd-user_3777343
pd-user_4538374
pd-user_5618545
pd-user_6823308
pd-user_325355
pd-user_6833014
pd-user_2340198
pd-user_734977
pd-user_4457142
pd-user_7599151
pd-user_9088348
pd-user_6402978
pd-user_4156376
pd-user_5835902
pd-user_9647198
pd-user_3107711
pd-user_9856677
pd-user_1330080
pd-user_3666802
pd-user_2575267
pd-user_4995926
pd-user_2354852
pd-user_4449585
pd-user_2037625
pd-user_4333039
pd-user_3788787
pd-user_5194388
pd-user_5015617
pd-user_4155915
pd-user_7553545
pd-user_3253499
pd-user_8504891
pd-user_6560725
pd-user_3626931
pd-user_6923614
pd-user_5523114
pd-user_5597480
pd-user_905973
pd-user_2696664
pd-user_3325463
pd-user_6457685
pd-user_2422707
pd-user_9314647
pd-user_9503085
pd-user_4408816
pd-user_5709543
pd-user_9257401
pd-user_3763913
pd-user_4794204
pd-user_7205472
pd-user_9601179
pd-user_1995708
pd-user_8386335
pd-user_6539213
pd-user_9993296
pd-user_1717378
pd-user_9607877
pd-user_348782
pd-user_6831973
pd-user_2073175
pd-user_4468036
pd-user_8856455
pd-user_5639500
pd-user_2801130
pd-user_5770612
pd-user_2189764
pd-user_2376109
pd-user_6275272
pd-user_6440008
pd-user_4137717
pd-user_169662
pd-user_6723225
pd-user_5043354
pd-user_9895806
pd-user_9765674
pd-user_9183024
pd-user_775301
pd-user_9748977
pd-user_7553451
pd-user_9723330
pd-user_891985
pd-user_3117171
pd-user_3554950
pd-user_1093145
pd-user_5547792
pd-user_6791985
pd-user_5673625
pd-user_2779043
pd-user_9537155
pd-user_515267
pd-user_6654057
pd-user_1805621
pd-user_6025324
pd-user_5396827
pd-user_8277961
pd-user_8930892
pd-user_7936341
pd-user_8569806
pd-user_7448786
pd-user_6058043
pd-user_8385823
pd-user_5721625
pd-user_5803665
pd-user_7895798
pd-user_9548259
pd-user_4276704
pd-user_7680601
pd-user_2264120
pd-user_5665700
pd-user_820912
pd-user_4929845
pd-user_9903270
pd-user_320653
pd-user_9166415
pd-user_8989520
pd-user_5110806
pd-user_8448335
pd-user_4972344
pd-user_1336347
pd-user_6446489
pd-user_4961633
pd-user_6106723
pd-user_6745222
pd-user_6481792
pd-user_3228574
pd-user_2105195
pd-user_6840586
pd-user_2002734
pd-user_4909756
pd-user_37275
pd-user_6477310
pd-user_5200073
pd-user_1368321
pd-user_3995537
pd-user_7621037
pd-user_4921769
pd-user_1779699
pd-user_7782348
pd-user_7747836
pd-user_8343806
pd-user_7851538
pd-user_8048567
pd-user_4496158
pd-user_4690766
pd-user_5300232
pd-user_6953153
pd-user_1302781
pd-user_9536104
pd-user_8863834
pd-user_7868022
pd-user_4446657
pd-user_1582772
pd-user_7347402
pd-user_3834660
pd-user_3400692
pd-user_8994664
pd-user_8300699
pd-user_9239154
pd-user_2365092
pd-user_9732254
pd-user_1829643
pd-user_6375567
pd-user_8371523
pd-user_511696
pd-user_8803443
pd-user_787017
pd-user_30647
pd-user_8645634
pd-user_3875066
pd-user_3232750
pd-user_7440403
pd-user_5145857
pd-user_9616412
pd-user_5307854
pd-user_7917957
pd-user_8303317
pd-user_7833661
pd-user_5435832
pd-user_2692971
pd-user_3478698
pd-user_606544
pd-user_4534895
pd-user_9891381
pd-user_7266013
pd-user_6887437
pd-user_5588224
pd-user_8864391
pd-user_4020508
pd-user_3133783
pd-user_352234
pd-user_7920428
pd-user_1920594
pd-user_9841530
pd-user_2617434
pd-user_6305993
pd-user_3602714
pd-user_8028549
pd-user_1753851
pd-user_2044615
pd-user_2547317
pd-user_2252117
pd-user_8375183
pd-user_5582353
pd-user_9208299
pd-user_1975991
pd-user_2502272
pd-user_5465392
pd-user_5915926
pd-user_8521127
pd-user_3106411
pd-user_6089279
pd-user_9569272
pd-user_5884519
pd-user_4059429
pd-user_4668311
pd-user_6184679
pd-user_8646488
pd-user_9796706
pd-user_9099506
pd-user_2372760
pd-user_737589
pd-user_3025757
pd-user_1282771
pd-user_6095545
pd-user_6003625
pd-user_9110243
pd-user_7770110
pd-user_8602207
pd-user_7300213
pd-user_174068
pd-user_4549356
pd-user_5828556
pd-user_125571
pd-user_3005643
pd-user_1692235
pd-user_9540498
pd-user_7626824
pd-user_6964528
pd-user_9148463
pd-user_1581787
pd-user_8551412
pd-user_3854331
pd-user_5880700
pd-user_4739974
pd-user_4483054
pd-user_7633063
pd-user_8021340
pd-user_1013574
pd-user_6338448
pd-user_463318
pd-user_8416610
pd-user_6097857
pd-user_2818869
pd-user_1754008
pd-user_3597586
pd-user_5628017
pd-user_2450063
pd-user_4780806
pd-user_1651531
pd-user_7359677
pd-user_1610939
pd-user_7306057
pd-user_5433241
pd-user_7478189
pd-user_186268
pd-user_3548868
pd-user_2708985
pd-user_9852453
pd-user_4901867
pd-user_3003872
pd-user_8372696
pd-user_7994220
pd-user_8789043
pd-user_8447135
pd-user_4684640
pd-user_9473057
pd-user_2308733
pd-user_6615366
pd-user_8579040
pd-user_1088371
pd-user_2861210
pd-user_992918
pd-user_8543351
pd-user_3481662
pd-user_8244019
pd-user_2005537
pd-user_4180325
pd-user_8326722
pd-user_4285308
pd-user_5133819
pd-user_4387532
pd-user_6522057
pd-user_8331839
pd-user_6512900
pd-user_1536896
pd-user_3935095
pd-user_8963295
pd-user_5935023
pd-user_3922495
pd-user_3426774
pd-user_111109
pd-user_7568983
pd-user_310256
pd-user_6588793
pd-user_5727166
pd-user_854930
pd-user_3075565
pd-user_7736116
pd-user_8005205
pd-user_442275
pd-user_350815
pd-user_6682205
pd-user_9830301
pd-user_9012848
pd-user_3392821
pd-user_6630677
pd-user_2574314
pd-user_5855594
pd-user_8829883
pd-user_6600367
pd-user_8585353
pd-user_3441778
pd-user_6874025
pd-user_4959591
pd-user_2860467
pd-user_2432717
pd-user_5828945
pd-user_8172099
pd-user_6989806
pd-user_8095457
pd-user_7227443
pd-user_8790613
pd-user_6063763
pd-user_7220202
pd-user_8406072
pd-user_3524637
pd-user_8089648
pd-user_7769286
pd-user_3586507
pd-user_5735279
pd-user_7132037
pd-user_1473808
pd-user_6633447
pd-user_5063527
pd-user_2357325
pd-user_5588103
pd-user_4818311
pd-user_5485699
pd-user_5723108
pd-user_6327166
pd-user_7406715
pd-user_5239424
pd-user_1304200
pd-user_8555402
pd-user_5359921
pd-user_704802
pd-user_7551755
pd-user_8591329
pd-user_8767372
pd-user_1474513
pd-user_9756498
pd-user_9303190
pd-user_7433676
pd-user_4698283
pd-user_8921804
pd-user_2969278
pd-user_4971618
pd-user_914118
pd-user_6537009
pd-user_5135445
pd-user_5811301
pd-user_1727577
pd-user_2789123
pd-user_8175390
pd-user_3180754
pd-user_5364668
pd-user_5251714
pd-user_8657228
pd-user_6383625
pd-user_8474067
pd-user_1284290
pd-user_7219869
pd-user_6961407
pd-user_8782619
pd-user_8812281
pd-user_6019956
pd-user_6997948
pd-user_3880203
pd-user_3490832
pd-user_8309158
pd-user_3749450
pd-user_5581071
pd-user_282544
pd-user_4844646
pd-user_7132500
pd-user_818782
pd-user_688170
pd-user_6579092
pd-user_4930814
pd-user_9775532
pd-user_4862313
pd-user_8886315
pd-user_9118957
pd-user_6507070
pd-user_5770398
pd-user_4979377
pd-user_8713056
pd-user_4829943
pd-user_6288091
pd-user_6505161
pd-user_85488
pd-user_7920157
pd-user_8833843
pd-user_6898633
pd-user_5766198
pd-user_3507876
pd-user_9319002
pd-user_9390448
pd-user_5272803
pd-user_2969431
pd-user_8405406
pd-user_3112188
pd-user_7494920
pd-user_4147336
pd-user_6559787
pd-user_5612343
pd-user_4714817
pd-user_7916843
pd-user_1894400
pd-user_6102923
pd-user_4339109
pd-user_4441378
pd-user_4618818
pd-user_825290
pd-user_8074483
pd-user_6315292
pd-user_9301901
pd-user_8356798
pd-user_142065
pd-user_7210326
pd-user_2339677
pd-user_9574743
pd-user_2463020
pd-user_6194250
pd-user_1180991
pd-user_1139009
pd-user_3685591
pd-user_1554469
pd-user_2163171
pd-user_2391568
pd-user_6159567
pd-user_1982416
pd-user_5477805
pd-user_3431227
pd-user_3733545
pd-user_6716731
pd-user_6766296
pd-user_5173758
pd-user_3549264
pd-user_7839970
pd-user_1407428
pd-user_5668547
pd-user_2753255
pd-user_2010581
pd-user_511419
pd-user_2564882
pd-user_1497402
pd-user_9415701
pd-user_739805
pd-user_5000284
pd-user_8202701
pd-user_1331949
pd-user_5174002
pd-user_9523837
pd-user_6549282
pd-user_3170871
pd-user_3870854
pd-user_6712569
pd-user_2880954
pd-user_1797239
pd-user_468064
pd-user_9092270
pd-user_8633579
pd-user_6594002
pd-user_2203956
pd-user_4375941
pd-user_8821751
pd-user_3572574
pd-user_6986764
pd-user_6295083
pd-user_6959395
pd-user_2533722
pd-user_1775306
pd-user_4099417
pd-user_6757037
pd-user_1021869
pd-user_8247520
pd-user_9277978
pd-user_3514652
pd-user_9335774
pd-user_722030
pd-user_321676
pd-user_5968195
pd-user_9385619
pd-user_6859541
pd-user_9982005
pd-user_7981058
pd-user_9993649
pd-user_638000
pd-user_1642854
pd-user_7270204
pd-user_5564199
pd-user_1149593
pd-user_1044496
pd-user_7840643
pd-user_7892503
pd-user_5871004
pd-user_4284905
pd-user_4779796
pd-user_4104967
pd-user_5871193
pd-user_4197993
pd-user_1223771
pd-user_6816636
pd-user_6829480
pd-user_596430
pd-user_2445462
pd-user_9252682
pd-user_4585631
pd-user_807311
pd-user_2645183
pd-user_2171638
pd-user_1639825
pd-user_4756485
pd-user_4041296
pd-user_3924818
pd-user_7919678
pd-user_7585403
pd-user_8726342
pd-user_7298656
pd-user_9914785
pd-user_623440
pd-user_8512481
pd-user_9360329
pd-user_1635535
pd-user_638549
pd-user_2040133
pd-user_4820232
pd-user_2996788
pd-user_628317
pd-user_1533757
pd-user_4659296
pd-user_7926202
pd-user_5253978
pd-user_2404998
pd-user_8561014
pd-user_6783581
pd-user_9328622
pd-user_3118041
pd-user_4114909
pd-user_4855501
pd-user_1561559
pd-user_2210274
pd-user_4717128
pd-user_565227
pd-user_1905428
pd-user_2958938
pd-user_1062082
pd-user_3220555
pd-user_6720176
pd-user_5432986
pd-user_6129158
pd-user_3126694
pd-user_2706415
pd-user_5865897
pd-user_5968826
pd-user_6844928
pd-user_3152190
pd-user_3762034
pd-user_9817479
pd-user_2176147
pd-user_3933414
pd-user_7258834
pd-user_2495690
pd-user_8478388
pd-user_526018
pd-user_8035995
pd-user_4777161
pd-user_6730656
pd-user_2602677
pd-user_4637832
pd-user_702335
pd-user_5899765
pd-user_5912595
pd-user_5441367
pd-user_3526210
pd-user_6298893
pd-user_6766471
pd-user_1303429
pd-user_5231465
pd-user_3536583
pd-user_1504211
pd-user_6507135
pd-user_6157836
pd-user_9618906
pd-user_5246859
pd-user_8991443
pd-user_2734148
pd-user_1014451
pd-user_2006515
pd-user_7968532
pd-user_9188407
pd-user_4643984
pd-user_5155417
pd-user_2668655
pd-user_2468257
pd-user_5098241
pd-user_6490979
pd-user_6877636
pd-user_490814
pd-user_8672588
pd-user_8410230
pd-user_336516
pd-user_3936128
pd-user_3722401
pd-user_3606382
pd-user_9845298
pd-user_3864695
pd-user_371484
pd-user_6640748
pd-user_8096097
pd-user_8804492
pd-user_872476
pd-user_1758726
pd-user_1961161
pd-user_3124102
pd-user_2533685
pd-user_2899653
pd-user_5193194
pd-user_4799760
pd-user_8894250
pd-user_3116105
pd-user_4697268
pd-user_9041162
pd-user_7874622
pd-user_8438639
pd-user_9071163
pd-user_2264391
pd-user_1520068
pd-user_7916836
pd-user_2894406
pd-user_7706657
pd-user_9738668
pd-user_4682910
pd-user_12658
pd-user_9929196
pd-user_9740505
pd-user_5567845
pd-user_9153900
pd-user_2725791
pd-user_1622718
pd-user_905429
pd-user_6827102
pd-user_9584743
pd-user_1617603
pd-user_3686156
pd-user_2599650
pd-user_2656557
pd-user_7514486
pd-user_3754681
pd-user_2470518
pd-user_6218321
pd-user_498904
pd-user_8860721
pd-user_1485937
pd-user_2897330
pd-user_7447081
pd-user_7691944
pd-user_874465
pd-user_2691490
pd-user_4167070
pd-user_4429571
pd-user_2302349
pd-user_6570190
pd-user_6047224
pd-user_1136865
pd-user_6040760
pd-user_1434805
pd-user_6934271
pd-user_4526884
pd-user_7019507
pd-user_3346808
pd-user_645094
pd-user_3667230
pd-user_8052281
pd-user_5470954
pd-user_2874769
pd-user_5148096
pd-user_3192760
pd-user_7590867
pd-user_5206507
pd-user_8736637
pd-user_8426347
pd-user_8324109
pd-user_268463
pd-user_3884589
pd-user_696585
pd-user_2950461
pd-user_7448566
pd-user_277233
pd-user_1944286
pd-user_7573966
pd-user_815171
pd-user_6438861
pd-user_761482
pd-user_5871344
pd-user_8007543
pd-user_5694380
pd-user_36691
pd-user_3204773
pd-user_2665932
pd-user_6459101
pd-user_8068559
pd-user_2005743
pd-user_1336125
pd-user_6230533
pd-user_8761495
pd-user_6349018
pd-user_4548721
pd-user_9784617
pd-user_8044905
pd-user_7255709
pd-user_792857
pd-user_1880410
pd-user_4486111
pd-user_1336799
pd-user_3459950
pd-user_9787251
pd-user_2747683
pd-user_9514696
pd-user_7856921
pd-user_7197534
pd-user_1422110
pd-user_5831243
pd-user_2845733
pd-user_4677380
pd-user_3489697
pd-user_5124496
pd-user_5571690
pd-user_7246059
pd-user_8595264
pd-user_856073
pd-user_5448106
pd-user_16982
pd-user_8622899
pd-user_6151170
pd-user_5341306
pd-user_7921504
pd-user_7898114
pd-user_1216710
pd-user_9423525
pd-user_6171184
pd-user_2819716
pd-user_7076704
pd-user_1583790
pd-user_6567051
pd-user_1523374
pd-user_4584012
pd-user_4806033
pd-user_3055885
pd-user_7935843
pd-user_9406886
pd-user_5355890
pd-user_9608704
pd-user_9902480
pd-user_7434422
pd-user_3432493
pd-user_373588
pd-user_4455774
pd-user_9256058
pd-user_7801886
pd-user_1984343
pd-user_1717033
pd-user_3474065
pd-user_1451360
pd-user_7425503
pd-user_4277428
pd-user_3184639
pd-user_3499437
pd-user_2942001
pd-user_7560045
pd-user_9290676
pd-user_2501530
pd-user_3703005
pd-user_1882064
pd-user_6265976
pd-user_1291224
pd-user_1680843
pd-user_4155812
pd-user_4690138
pd-user_2122621
pd-user_8017579
pd-user_7579103
pd-user_142840
pd-user_9906615
pd-user_6120305
pd-user_4112860
pd-user_5917402
pd-user_8535576
pd-user_6970722
pd-user_8330685
pd-user_7715705
pd-user_3179763
pd-user_8242447
pd-user_3841167
pd-user_4064165
pd-user_3971253
pd-user_7694631
pd-user_9301400
pd-user_8535066
pd-user_9388725
pd-user_735230
pd-user_5695800
pd-user_9022172
pd-user_7757216
pd-user_5386081
pd-user_6256765
pd-user_9253191
pd-user_8667958
pd-user_1256909
pd-user_333745
pd-user_9019275
pd-user_7899443
pd-user_5748294
pd-user_9949347
pd-user_4156268
pd-user_7832323
pd-user_1938283
pd-user_4315554
pd-user_3106086
pd-user_1301521
pd-user_361071
pd-user_2346825
pd-user_2429031
pd-user_1488976
pd-user_7134239
pd-user_5394277
pd-user_323866
pd-user_1104839
pd-user_5366244
pd-user_851281
pd-user_5912834
pd-user_9002554
pd-user_2258782
pd-user_8676358
pd-user_7341995
pd-user_7901355
pd-user_3626997
pd-user_9278640
pd-user_8082360
pd-user_5423868
pd-user_345432
pd-user_2901835
pd-user_9471898
pd-user_7570603
pd-user_7975739
pd-user_8573582
pd-user_9438451
pd-user_7115534
pd-user_8763350
pd-user_4978222
pd-user_735245
pd-user_5914257
pd-user_1627310
pd-user_6172223
pd-user_1991818
pd-user_2329117
pd-user_5371479
pd-user_5776357
pd-user_5800807
pd-user_5324204
pd-user_1720015
pd-user_9936861
pd-user_3379731
pd-user_3871883
pd-user_420897
pd-user_7573656
pd-user_5315317
pd-user_4755787
pd-user_6798103
pd-user_2340514
pd-user_2270564
pd-user_5006682
pd-user_902065
pd-user_2301073
pd-user_3784473
pd-user_5690394
pd-user_1564973
pd-user_8864297
pd-user_7963605
pd-user_554676
pd-user_315418
pd-user_4287840
pd-user_1521010
pd-user_9541675
pd-user_1545817
pd-user_1588634
pd-user_1829082
pd-user_9456113
pd-user_4342018
pd-user_1596430
pd-user_863826
pd-user_5290117
pd-user_7285291
pd-user_8949308
pd-user_280737
pd-user_6911997
pd-user_6154262
pd-user_6261373
pd-user_4949594
pd-user_4906819
pd-user_6082421
pd-user_4235500
pd-user_857730
pd-user_6651018
pd-user_3710716
pd-user_3987379
pd-user_6495895
pd-user_9539872
pd-user_6254223
pd-user_1393941
pd-user_402762
pd-user_9335347
pd-user_2081568
pd-user_2038397
pd-user_5376730
pd-user_4647611
pd-user_8755735
pd-user_6452877
pd-user_7975775
pd-user_5426064
pd-user_4901790
pd-user_6844420
pd-user_4871388
pd-user_629602
pd-user_1772822
pd-user_4037712
pd-user_8576061
pd-user_8590822
pd-user_981094
pd-user_6772506
pd-user_3625986
pd-user_9463455
pd-user_428096
pd-user_3709632
pd-user_1210285
pd-user_2810118
pd-user_2128962
pd-user_1038757
pd-user_3547604
pd-user_4968406
pd-user_6178632
pd-user_3893181
pd-user_4940143
pd-user_5017626
pd-user_2221995
pd-user_1947337
pd-user_563349
pd-user_5933750
pd-user_9280524
pd-user_8077650
pd-user_1436349
pd-user_8130852
pd-user_7892981
pd-user_9572977
pd-user_6484283
pd-user_7380660
pd-user_4467425
pd-user_3384596
pd-user_5013899
pd-user_3517660
pd-user_7783089
pd-user_6365911
pd-user_8250674
pd-user_5373627
pd-user_5870121
pd-user_6934438
pd-user_465340
pd-user_3431001
pd-user_6549517
pd-user_1174368
pd-user_4869744
pd-user_1924140
pd-user_7959109
pd-user_7108707
pd-user_3840918
pd-user_6795766
pd-user_9640945
pd-user_9637292
pd-user_4675953
pd-user_8463856
pd-user_9591532
pd-user_1699029
pd-user_1240876
pd-user_9125830
pd-user_2450893
pd-user_1477815
pd-user_7465708
pd-user_1577969
pd-user_2637632
pd-user_2053759
pd-user_3223363
pd-user_3170477
pd-user_1852504
pd-user_4246282
pd-user_1086745
pd-user_4452902
pd-user_8468134
pd-user_7347860
pd-user_8829687
pd-user_223017
pd-user_6112024
pd-user_4734903
pd-user_944470
pd-user_6658308
pd-user_1167161
pd-user_5257646
pd-user_8520863
pd-user_8540807
pd-user_1953140
pd-user_33355
pd-user_3905967
pd-user_6403981
pd-user_1082801
pd-user_6117051
pd-user_2255981
pd-user_5484287
pd-user_1322398
pd-user_7955700
pd-user_3650407
pd-user_9429979
pd-user_5573805
pd-user_7947009
pd-user_3351456
pd-user_671091
pd-user_5092566
pd-user_4164961
pd-user_89665
pd-user_5341811
pd-user_5439126
pd-user_3825074
pd-user_1031402
pd-user_7478906
pd-user_7772816
pd-user_3401383
pd-user_4435584
pd-user_1882775
pd-user_9969317
pd-user_5978631
pd-user_5834649
pd-user_1254989
pd-user_8482275
pd-user_9016484
pd-user_2401682
pd-user_3108437
pd-user_7253193
pd-user_4823175
pd-user_7764368
pd-user_496656
pd-user_639152
pd-user_6137219
pd-user_2829789
pd-user_5644914
pd-user_2896903
pd-user_8108854
pd-user_4103938
pd-user_6470425
pd-user_426414
pd-user_187465
pd-user_7548116
pd-user_9374546
pd-user_825837
pd-user_1526221
pd-user_2255294
pd-user_4250894
pd-user_7677932
pd-user_1052725
pd-user_5424964
pd-user_1577089
pd-user_3012188
pd-user_1439894
pd-user_770612
pd-user_6460163
pd-user_9047110
pd-user_1675324
pd-user_3673625
pd-user_725498
pd-user_5669736
pd-user_5115157
pd-user_8809498
pd-user_8219020
pd-user_2602396
pd-user_6029330
pd-user_6037744
pd-user_1821279
pd-user_3645510
pd-user_161178
pd-user_8702245
pd-user_3537503
pd-user_9835610
pd-user_7315594
pd-user_8221523
pd-user_4237496
pd-user_2021967
pd-user_3124095
pd-user_5532338
pd-user_9986375
pd-user_1790939
pd-user_789528
pd-user_5304135
pd-user_1264465
pd-user_4288842
pd-user_2063266
pd-user_4468606
pd-user_7593695
pd-user_867199
pd-user_568807
pd-user_716036
pd-user_5557557
pd-user_83416
pd-user_9369537
pd-user_3504180
pd-user_1155798
pd-user_3535728
pd-user_2105028
pd-user_8427735
pd-user_1693447
pd-user_9302820
pd-user_3161467
pd-user_8279633
pd-user_2473537
pd-user_9341684
pd-user_7867227
pd-user_5826736
pd-user_9076423
pd-user_3706143
pd-user_8979180
pd-user_8580204
pd-user_3542669
pd-user_4183485
pd-user_8991389
pd-user_396962
pd-user_8454672
pd-user_6695885
pd-user_3276521
pd-user_7489036
pd-user_5914038
pd-user_7738137
pd-user_1610200
pd-user_2694682
pd-user_5273100
pd-user_1892161
pd-user_9632641
pd-user_6609193
pd-user_6493743
pd-user_3032373
pd-user_3236357
pd-user_3460983
pd-user_7327263
pd-user_9186742
pd-user_2000539
pd-user_8737253
pd-user_9667905
pd-user_3578623
pd-user_4208691
pd-user_3589214
pd-user_719528
pd-user_4244534
pd-user_1336261
pd-user_796622
pd-user_603714
pd-user_675146
pd-user_2107397
pd-user_8027045
pd-user_7373961
pd-user_9793395
pd-user_266446
pd-user_5035336
pd-user_5406784
pd-user_6918484
pd-user_7821646
pd-user_5299783
pd-user_3334608
pd-user_6255355
pd-user_6051367
pd-user_9980163
pd-user_8128534
pd-user_8018735
pd-user_2336474
pd-user_1240774
pd-user_3149977
pd-user_7393831
pd-user_750222
pd-user_3787330
pd-user_5727653
pd-user_8884130
pd-user_283933
pd-user_1815608
pd-user_2296611
pd-user_2769296
pd-user_1857593
pd-user_3747763
pd-user_8518648
pd-user_2928651
pd-user_3166319
pd-user_5710636
pd-user_597144
pd-user_4722754
pd-user_7034299
pd-user_4024070
pd-user_2037561
pd-user_8691662
pd-user_9856263
pd-user_470959
pd-user_211198
pd-user_6042867
pd-user_1486194
pd-user_5075427
pd-user_7844462
pd-user_3282024
pd-user_5843839
pd-user_1328237
pd-user_4492675
pd-user_6945893
pd-user_6812321
pd-user_6221276
pd-user_5371342
pd-user_4200558
pd-user_3254863
pd-user_3598523
pd-user_2822935
pd-user_9308989
pd-user_6654956
pd-user_8797333
pd-user_2769238
pd-user_8768586
pd-user_2129600
pd-user_528259
pd-user_2480678
pd-user_6303296
pd-user_990862
pd-user_1010266
pd-user_4429686
pd-user_5426986
pd-user_8038529
pd-user_1126944
pd-user_4138398
pd-user_5041516
pd-user_7989385
pd-user_8248994
pd-user_2364360
pd-user_5753251
pd-user_3465676
pd-user_3675886
pd-user_9903880
pd-user_3510536
pd-user_1200128
pd-user_6103713
pd-user_8244707
pd-user_6676623
pd-user_5159305
pd-user_8993992
pd-user_8851965
pd-user_7306726
pd-user_5576771
pd-user_8581321
pd-user_1697105
pd-user_8778451
pd-user_5495322
pd-user_7270580
pd-user_8610074
pd-user_9173396
pd-user_339749
pd-user_9878870
pd-user_3701747
pd-user_4857746
pd-user_1421756
pd-user_3435917
pd-user_6158932
pd-user_9393003
pd-user_6127718
pd-user_4407593
pd-user_6231426
pd-user_8730262
pd-user_6595555
pd-user_723018
pd-user_1571402
pd-user_6460806
pd-user_8905404
pd-user_432402
pd-user_5060137
pd-user_8767934
pd-user_9568443
pd-user_5031033
pd-user_5409738
pd-user_4639163
pd-user_3614334
pd-user_5707111
pd-user_7927570
pd-user_9069637
pd-user_1737812
pd-user_2262753
pd-user_4939715
pd-user_9146363
pd-user_8869588
pd-user_7022348
pd-user_6377467
pd-user_9028020
pd-user_933055
pd-user_6689229
pd-user_400801
pd-user_2863549
pd-user_1980915
pd-user_262175
pd-user_9320451
pd-user_5752343
pd-user_9904961
pd-user_9738786
pd-user_8861811
pd-user_8372716
pd-user_9125968
pd-user_2109664
pd-user_7471810
pd-user_1067626
pd-user_5140772
pd-user_2351807
pd-user_9391695
pd-user_9115280
pd-user_6971054
pd-user_6529763
pd-user_5442693
pd-user_2637129
pd-user_3051410
pd-user_2820895
pd-user_2291629
pd-user_3764280
pd-user_5623679
pd-user_879213
pd-user_6913111
pd-user_8504383
pd-user_2676659
pd-user_856520
pd-user_5338007
pd-user_1437355
pd-user_2319211
pd-user_6162972
pd-user_9985077
pd-user_8678044
pd-user_4348511
pd-user_8804303
pd-user_3725444
pd-user_3803302
pd-user_2918474
pd-user_1746311
pd-user_7134335
pd-user_5304010
pd-user_2849957
pd-user_4102952
pd-user_8458872
pd-user_8579836
pd-user_6412012
pd-user_7229313
pd-user_7235711
pd-user_438899
pd-user_4709570
pd-user_1787643
pd-user_971731
pd-user_3643933
pd-user_8827720
pd-user_9853317
pd-user_2150704
pd-user_9889158
pd-user_4295526
pd-user_4238188
pd-user_3357752
pd-user_7056931
pd-user_6411063
pd-user_1770560
pd-user_7496620
pd-user_5362647
pd-user_2787389
pd-user_9641793
pd-user_8434826
pd-user_5142872
pd-user_6183798
pd-user_3091030
pd-user_3621416
pd-user_7916382
pd-user_6446658
pd-user_1957385
pd-user_1775808
pd-user_9925141
pd-user_7661777
pd-user_7439271
pd-user_6748859
pd-user_4033462
pd-user_7043688
pd-user_738720
pd-user_1468629
pd-user_907672
pd-user_1456635
pd-user_1963316
pd-user_3698761
pd-user_7917638
pd-user_2430082
pd-user_8849561
pd-user_6528479
pd-user_6824939
pd-user_9644854
pd-user_450927
pd-user_7887873
pd-user_39395
pd-user_9621917
pd-user_5344342
pd-user_5569607
pd-user_6320981
pd-user_4692052
pd-user_3236569
pd-user_4318417
pd-user_3038352
pd-user_3703151
pd-user_4083054
pd-user_4341044
pd-user_1815875
pd-user_567380
pd-user_1994793
pd-user_4123096
pd-user_9980049
pd-user_3760508
pd-user_5352893
pd-user_4472769
pd-user_1737128
pd-user_698574
pd-user_393490
pd-user_6046359
pd-user_8189627
pd-user_2253363
pd-user_4346173
pd-user_545534
pd-user_7619313
pd-user_9753812
pd-user_5174913
pd-user_8076925
pd-user_724073
pd-user_6531379
pd-user_1327434
pd-user_745723
pd-user_8552760
pd-user_804879
pd-user_6788756
pd-user_2485973
pd-user_3035774
pd-user_4196562
pd-user_5037848
pd-user_2436804
pd-user_2032162
pd-user_2670806
pd-user_7404703
pd-user_5120623
pd-user_511162
pd-user_2151850
pd-user_5268341
pd-user_8430906
pd-user_8723547
pd-user_6651337
pd-user_3798353
pd-user_3590886
pd-user_6015926
pd-user_1838882
pd-user_2282820
pd-user_5827718
pd-user_3222061
pd-user_5704461
pd-user_6668842
pd-user_3890340
pd-user_7281256
pd-user_7976889
pd-user_3881300
pd-user_7023053
pd-user_154809
pd-user_8824222
pd-user_4540739
pd-user_633274
pd-user_7754181
pd-user_6968426
pd-user_4523803
pd-user_9676212
pd-user_5066635
pd-user_4340384
pd-user_2374204
pd-user_7668337
pd-user_8290772
pd-user_8079905
pd-user_5813747
pd-user_3757279
pd-user_9938711
pd-user_838537
pd-user_9244739
pd-user_4626152
pd-user_1088983
pd-user_9397024
pd-user_5237724
pd-user_9680023
pd-user_7258193
pd-user_5091380
pd-user_882673
pd-user_663842
pd-user_9981083
pd-user_9332712
pd-user_7523050
pd-user_7016001
pd-user_2620016
pd-user_6800726
pd-user_3151952
pd-user_3201351
pd-user_9168750
pd-user_2143833
pd-user_2258926
pd-user_635458
pd-user_4986567
pd-user_2037380
pd-user_1436322
pd-user_9577054
pd-user_3500018
pd-user_1420355
pd-user_9484453
pd-user_1074091
pd-user_34141
pd-user_5986040
pd-user_460189
pd-user_2929187
pd-user_3678787
pd-user_6600104
pd-user_6988766
pd-user_221751
pd-user_4504704
pd-user_7410957
pd-user_7797213
pd-user_1280664
pd-user_8964448
pd-user_633204
pd-user_6621835
pd-user_5239371
pd-user_7468101
pd-user_5680572
pd-user_9132615
pd-user_7099811
pd-user_8661486
pd-user_2861519
pd-user_5141107
pd-user_7533545
pd-user_7455800
pd-user_1023311
pd-user_1675868
pd-user_2027799
pd-user_7110322
pd-user_7922133
pd-user_3815969
pd-user_6458427
pd-user_5853249
pd-user_6581027
pd-user_1759525
pd-user_8756024
pd-user_7404330
pd-user_8107484
pd-user_7701650
pd-user_1011439
pd-user_5370347
pd-user_6019249
pd-user_5033036
pd-user_4031593
pd-user_9112368
pd-user_1569983
pd-user_4137873
pd-user_1475566
pd-user_6345057
pd-user_6360440
pd-user_9399016
pd-user_135246
pd-user_2135421
pd-user_3458725
pd-user_9765100
pd-user_1131636
pd-user_2447056
pd-user_1497667
pd-user_7859858
pd-user_7019869
pd-user_739570
pd-user_2426863
pd-user_7885623
pd-user_1922032
pd-user_5325702
pd-user_3638319
pd-user_4696382
pd-user_4298277
pd-user_9236053
pd-user_4155340
pd-user_7104090
pd-user_1914442
pd-user_3329501
pd-user_515244
pd-user_2830900
pd-user_5524192
pd-user_7047947
pd-user_6235711
pd-user_8663818
pd-user_1487530
pd-user_6341790
pd-user_1391832
pd-user_4346448
pd-user_8369775
pd-user_2740769
pd-user_2579380
pd-user_8113445
pd-user_4594811
pd-user_3732611
pd-user_3516013
pd-user_7678137
pd-user_9940856
pd-user_1923035
pd-user_206221
pd-user_3432735
pd-user_7465247
pd-user_1960231
pd-user_5593594
pd-user_3693972
pd-user_4505171
pd-user_7924933
pd-user_6313944
pd-user_2478817
pd-user_7579514
pd-user_8772388
pd-user_9346193
pd-user_5205257
pd-user_5621599
pd-user_5368312
pd-user_4515635
pd-user_857798
pd-user_2960919
pd-user_8154501
pd-user_4212994
pd-user_7783190
pd-user_6691359
pd-user_7331333
pd-user_2180382
pd-user_3644330
pd-user_347865
pd-user_8770648
pd-user_3853722
pd-user_667452
pd-user_873473
pd-user_7060637
pd-user_4099093
pd-user_5581987
pd-user_8553428
pd-user_1359573
pd-user_6274168
pd-user_1771192
pd-user_7897694
pd-user_4102199
pd-user_8173392
pd-user_9138482
pd-user_3705156
pd-user_6375429
pd-user_9315001
pd-user_6799646
pd-user_1691394
pd-user_4011967
pd-user_9722289
pd-user_7275951
pd-user_3426042
pd-user_9443699
pd-user_619881
pd-user_5490660
pd-user_834187
pd-user_9604664
pd-user_5120903
pd-user_7881713
pd-user_270531
pd-user_8787655
pd-user_827175
pd-user_5090229
pd-user_4924448
pd-user_3793586
pd-user_8000202
pd-user_8423821
pd-user_3692022
pd-user_4112146
pd-user_9376708
pd-user_1328214
pd-user_5168718
pd-user_8816624
pd-user_9606515
pd-user_918168
pd-user_8685497
pd-user_2946509
pd-user_9574390
pd-user_2714325
pd-user_4641512
pd-user_716574
pd-user_3967262
pd-user_2570046
pd-user_361261
pd-user_3340043
pd-user_4147744
pd-user_6922705
pd-user_6836279
pd-user_6398005
pd-user_5039342
pd-user_2885224
pd-user_6884777
pd-user_2992513
pd-user_6672723
pd-user_9881007
pd-user_9517511
pd-user_5624567
pd-user_7340676
pd-user_553043
pd-user_1450437
pd-user_1468157
pd-user_9473028
pd-user_697372
pd-user_6547007
pd-user_9250248
pd-user_7367241
pd-user_3306861
pd-user_7307369
pd-user_8770423
pd-user_7042307
pd-user_5191445
pd-user_3771225
pd-user_8788246
pd-user_4742337
pd-user_327270
pd-user_9787046
pd-user_988632
pd-user_2828998
pd-user_3919689
pd-user_5305976
pd-user_6175870
pd-user_626518
pd-user_1683476
pd-user_1924875
pd-user_4296925
pd-user_6754437
pd-user_2643078
pd-user_3847535
pd-user_4204868
pd-user_5533709
pd-user_1233867
pd-user_1166575
pd-user_209247
pd-user_7076878
pd-user_7059619
pd-user_8787454
pd-user_7304103
pd-user_7310291
pd-user_6563163
pd-user_5060123
pd-user_9395255
pd-user_6210605
pd-user_6009417
pd-user_5983608
pd-user_7807700
pd-user_258747
pd-user_951648
pd-user_8315612
pd-user_1138474
pd-user_1337249
pd-user_5347462
pd-user_1252381
pd-user_7383560
pd-user_7526272
pd-user_8819577
pd-user_4012249
pd-user_5430163
pd-user_9279700
pd-user_6464196
pd-user_1067773
pd-user_4663803
pd-user_3805595
pd-user_2927489
pd-user_6902860
pd-user_2211023
pd-user_2574351
pd-user_8374373
pd-user_4160865
pd-user_3539914
pd-user_1491068
pd-user_1523973
pd-user_5022088
pd-user_1421275
pd-user_8647488
pd-user_769658
pd-user_6310378
pd-user_9332116
pd-user_2454211
pd-user_73958
pd-user_7241221
pd-user_9479211
pd-user_7608164
pd-user_1075975
pd-user_9872535
pd-user_7369891
pd-user_648151
pd-user_3697894
pd-user_8119333
pd-user_3139410
pd-user_8526682
pd-user_5249919
pd-user_5564085
pd-user_7611324
pd-user_6891843
pd-user_8432852
pd-user_2971621
pd-user_8692509
pd-user_7337070
pd-user_3751340
pd-user_2402738
pd-user_9726685
pd-user_2009047
pd-user_2432316
pd-user_5974021
pd-user_9544250
pd-user_6825359
pd-user_40882
pd-user_234748
pd-user_1302863
pd-user_2616566
pd-user_9847149
pd-user_6525876
pd-user_7496100
pd-user_1474405
pd-user_9100007
pd-user_7416508
pd-user_3981786
pd-user_6251760
pd-user_8856191
pd-user_2752507
pd-user_299492
pd-user_2702607
pd-user_2462116
pd-user_4214086
pd-user_4730341
pd-user_2955637
pd-user_9833229
pd-user_7201472
pd-user_8069868
pd-user_4034730
pd-user_7513465
pd-user_1249671
pd-user_5714118
pd-user_2709467
pd-user_6177930
pd-user_7981580
pd-user_8782517
pd-user_4562761
pd-user_5901796
pd-user_3880737
pd-user_8925539
pd-user_1221530
pd-user_1549527
pd-user_2034930
pd-user_1912039
pd-user_3788388
pd-user_3294569
pd-user_6141077
pd-user_3702006
pd-user_845790
pd-user_5048289
pd-user_6576315
pd-user_1608490
pd-user_3579197
pd-user_8884763
pd-user_3566701
pd-user_6726240
pd-user_1682710
pd-user_8028593
pd-user_4668212
pd-user_6587834
pd-user_9374718
pd-user_6569216
pd-user_3333900
pd-user_4873676
pd-user_8519541
pd-user_4368124
pd-user_8690309
pd-user_4495059
pd-user_8140659
pd-user_2988577
pd-user_1025192
pd-user_5155107
pd-user_1952095
pd-user_8674171
pd-user_1036847
pd-user_9887797
pd-user_2610599
pd-user_6954441
pd-user_7137722
pd-user_1467615
pd-user_8725654
pd-user_1571681
pd-user_5339891
pd-user_1195808
pd-user_3824018
pd-user_1955024
pd-user_3933620
pd-user_2358810
pd-user_989602
pd-user_3859060
pd-user_306982
pd-user_5237842
pd-user_7097269
pd-user_354408
pd-user_2067075
pd-user_7039159
pd-user_4707638
pd-user_5188691
pd-user_2818352
pd-user_566827
pd-user_6782309
pd-user_3298700
pd-user_8608088
pd-user_4637932
pd-user_9162445
pd-user_7047535
pd-user_3141772
pd-user_9075496
pd-user_3956781
pd-user_3249517
pd-user_8028512
pd-user_206911
pd-user_8134060
pd-user_2041394
pd-user_4290684
pd-user_5103597
pd-user_4801530
pd-user_8292665
pd-user_156525
pd-user_631332
pd-user_7430777
pd-user_8117125
pd-user_8020347
pd-user_3948700
pd-user_951833
pd-user_8386496
pd-user_1247901
pd-user_1523970
pd-user_2762864
pd-user_3449092
pd-user_8950530
pd-user_4855295
pd-user_4554946
pd-user_9535918
pd-user_9081294
pd-user_9674296
pd-user_6815157
pd-user_9215466
pd-user_3727200
pd-user_2921186
pd-user_5852449
pd-user_7035393
pd-user_3226684
pd-user_5479093
pd-user_1561481
pd-user_1223703
pd-user_4331626
pd-user_8489632
pd-user_2266842
pd-user_8684720
pd-user_1150837
pd-user_2370556
pd-user_9457050
pd-user_1629768
pd-user_5313586
pd-user_1281975
pd-user_33701
pd-user_8723575
pd-user_2726109
pd-user_2698416
pd-user_6371638
pd-user_6508618
pd-user_9401360
pd-user_7085003
pd-user_183481
pd-user_9094503
pd-user_2506117
pd-user_4274703
pd-user_4141568
pd-user_461975
pd-user_4524505
pd-user_5293202
pd-user_2020113
pd-user_3688184
pd-user_8617915
pd-user_5921997
pd-user_289563
pd-user_8935763
pd-user_3546939
pd-user_2169919
pd-user_3429132
pd-user_9269540
pd-user_9072667
pd-user_5790565
pd-user_167252
pd-user_2717370
pd-user_2960824
pd-user_2576292
pd-user_4250366
pd-user_2171649
pd-user_8384466
pd-user_8509666
pd-user_7716212
pd-user_343124
pd-user_7824845
pd-user_941983
pd-user_6907917
pd-user_3703227
pd-user_4192157
pd-user_5474657
pd-user_7650716
pd-user_7786352
pd-user_3388031
pd-user_6815653
pd-user_4976062
pd-user_8754994
pd-user_4586657
pd-user_3484055
pd-user_4155204
pd-user_6555353
pd-user_3198236
pd-user_1446515
pd-user_4863799
pd-user_4919154
pd-user_4880105
pd-user_2511276
pd-user_6549990
pd-user_6122487
pd-user_2441391
pd-user_7344498
pd-user_6884011
pd-user_5177615
pd-user_3548868
pd-user_2426743
pd-user_7304682
pd-user_8737758
pd-user_6637176
pd-user_630681
pd-user_6856730
pd-user_1906728
pd-user_5091189
pd-user_7970937
pd-user_6997887
pd-user_2131967
pd-user_5320403
pd-user_6704417
pd-user_947222
pd-user_4545282
pd-user_2910292
pd-user_5838437
pd-user_1779304
pd-user_9047681
pd-user_9749478
pd-user_8641283
pd-user_8655220
pd-user_1786300
pd-user_4672865
pd-user_2137042
pd-user_752326
pd-user_5768685
pd-user_3610147
pd-user_2819255
pd-user_2606938
pd-user_4107567
pd-user_1289299
pd-user_7659904
pd-user_7186368
pd-user_1658121
pd-user_3525527
pd-user_2630058
pd-user_5713068
pd-user_2619113
pd-user_2653264
pd-user_5825411
pd-user_3384826
pd-user_9646445
pd-user_2650836
pd-user_7738546
pd-user_1182100
pd-user_6641621
pd-user_7585491
pd-user_7393398
pd-user_8381323
pd-user_5938142
pd-user_9440344
pd-user_4277326
pd-user_3129255
pd-user_6294504
pd-user_9601059
pd-user_9448749
pd-user_9310223
pd-user_6458481
pd-user_8794201
pd-user_833161
pd-user_2213352
pd-user_6040705
pd-user_1368494
pd-user_3927260
pd-user_3548046
pd-user_5220242
pd-user_482175
pd-user_220145
pd-user_6164508
pd-user_5281057
pd-user_8161816
pd-user_8827799
pd-user_9232760
pd-user_5730245
pd-user_8094748
pd-user_2442365
pd-user_6190022
pd-user_8714750
pd-user_944073
pd-user_704875
pd-user_9377684
pd-user_2878234
pd-user_6069630
pd-user_5035418
pd-user_4836238
pd-user_8537036
pd-user_4922985
pd-user_2518139
pd-user_3371513
pd-user_2318259
pd-user_198233
pd-user_1036727
pd-user_6329108
pd-user_6429450
pd-user_6699920
pd-user_5507926
pd-user_7180298
pd-user_4840085
pd-user_9478352
pd-user_9347376
pd-user_2955967
pd-user_5588173
pd-user_5564104
pd-user_4668716
pd-user_4679151
pd-user_8258680
pd-user_9397540
pd-user_1586186
pd-user_1616223
pd-user_2487298
pd-user_848969
pd-user_7750
pd-user_4684933
pd-user_1758775
pd-user_5525601
pd-user_852220
pd-user_567545
pd-user_4299037
pd-user_9592255
pd-user_66450
pd-user_1535031
pd-user_3838948
pd-user_1097840
pd-user_7437360
pd-user_208335
pd-user_1426692
pd-user_7697153
pd-user_3122092
pd-user_6895768
pd-user_57932
pd-user_8432512
pd-user_5924041
pd-user_9407264
pd-user_6144331
pd-user_6733677
pd-user_7579078
pd-user_3513588
pd-user_3484114
pd-user_1595039
pd-user_8242674
pd-user_1253330
pd-user_6976673
pd-user_9695038
pd-user_4576713
pd-user_4107681
pd-user_1507680
pd-user_5625466
pd-user_8012716
pd-user_5935615
pd-user_6468951
pd-user_4335739
pd-user_5607748
pd-user_3676337
pd-user_6690120
pd-user_1858133
pd-user_5150881
pd-user_7054119
pd-user_6332804
pd-user_137968
pd-user_9977689
pd-user_4524158
pd-user_5680867
pd-user_5985941
pd-user_664594
pd-user_9007779
pd-user_6892806
pd-user_5055676
pd-user_1610238
pd-user_7845735
pd-user_1537981
pd-user_6441157
pd-user_4916771
pd-user_7398945
pd-user_7292850
pd-user_8520962
pd-user_9379351
pd-user_752881
pd-user_8030729
pd-user_6465414
pd-user_2423791
pd-user_6073113
pd-user_1723106
pd-user_3245666
pd-user_4139902
pd-user_3256334
pd-user_5398042
pd-user_1849530
pd-user_9438741
pd-user_5911817
pd-user_6851544
pd-user_6912312
pd-user_9861438
pd-user_7716081
pd-user_6497498
pd-user_4003772
pd-user_4059269
pd-user_3730804
pd-user_8183772
pd-user_3007583
pd-user_7943635
pd-user_3665687
pd-user_2252
pd-user_9213342
pd-user_172036
pd-user_5652321
pd-user_3211968
pd-user_2703188
pd-user_3634818
pd-user_5185347
pd-user_4643207
pd-user_4298339
pd-user_9928345
pd-user_4811587
pd-user_496322
pd-user_6117670
pd-user_2419491
pd-user_1976206
pd-user_7602623
pd-user_2667467
pd-user_9190916
pd-user_1348892
pd-user_1076281
pd-user_8376342
pd-user_1377484
pd-user_306454
pd-user_7915661
pd-user_2582932
pd-user_7692921
pd-user_8566204
pd-user_6766287
pd-user_9269870
pd-user_8045507
pd-user_258353
pd-user_3123111
pd-user_1585258
pd-user_8226783
pd-user_1425405
pd-user_3235537
pd-user_1098355
pd-user_9551171
pd-user_4332526
pd-user_4763720
pd-user_4345519
pd-user_3107205
pd-user_6878501
pd-user_4357276
pd-user_4905153
pd-user_2709314
pd-user_8415086
pd-user_9975050
pd-user_6420229
pd-user_3470031
pd-user_3252536
pd-user_6307329
pd-user_7255767
pd-user_9520719
pd-user_6958379
pd-user_7328251
pd-user_4838654
pd-user_4837948
pd-user_4786034
pd-user_3432512
pd-user_344132
pd-user_9113310
pd-user_3218747
pd-user_1023192
pd-user_2880550
pd-user_3122832
pd-user_1521287
pd-user_3068449
pd-user_7081334
pd-user_10311
pd-user_3005178
pd-user_300629
pd-user_8707153
pd-user_6144851
pd-user_305609
pd-user_5894201
pd-user_2788590
pd-user_8546318
pd-user_9823961
pd-user_3877412
pd-user_6229830
pd-user_9482390
pd-user_2584767
pd-user_3031270
pd-user_9104601
pd-user_8052595
pd-user_3557862
pd-user_44807
pd-user_5627824
pd-user_6048806
pd-user_3705032
pd-user_5880526
pd-user_4170709
pd-user_6824877
pd-user_3126143
pd-user_7179386
pd-user_611977
pd-user_2585668
pd-user_9295428
pd-user_8213543
pd-user_9424870
pd-user_8705287
pd-user_2360158
pd-user_4117292
pd-user_2407493
pd-user_6097205
pd-user_1630692
pd-user_4819760
pd-user_8209650
pd-user_9455773
pd-user_4088008
pd-user_459397
pd-user_9517193
pd-user_6241072
pd-user_574245
pd-user_4841244
pd-user_2292619
pd-user_3968561
pd-user_4242488
pd-user_3087178
pd-user_8964739
pd-user_3546238
pd-user_3892533
pd-user_8756565
pd-user_3924637
pd-user_8126826
pd-user_6191370
pd-user_1560538
pd-user_5776501
pd-user_5844253
pd-user_9989833
pd-user_1813721
pd-user_2557829
pd-user_8127534
pd-user_598745
pd-user_403876
pd-user_9694772
pd-user_6100246
pd-user_3737737
pd-user_7487251
pd-user_1407147
pd-user_9196469
pd-user_5294820
pd-user_3589751
pd-user_8211075
pd-user_1139249
pd-user_7329802
pd-user_7319955
pd-user_9779279
pd-user_9278739
pd-user_1863726
pd-user_3180573
pd-user_6762273
pd-user_2512868
pd-user_7302373
pd-user_4536604
pd-user_1604274
pd-user_9646401
pd-user_6194146
pd-user_7627859
pd-user_4194512
pd-user_3583493
pd-user_1951240
pd-user_9354834
pd-user_6241571
pd-user_5474281
pd-user_2669217
pd-user_1718744
pd-user_3091873
pd-user_4994425
pd-user_4527418
pd-user_1893190
pd-user_6925272
pd-user_557292
pd-user_8784118
pd-user_8600029
pd-user_8191286
pd-user_8348058
pd-user_6597229
pd-user_3101244
pd-user_6119898
pd-user_1620078
pd-user_9340906
pd-user_3555699
pd-user_1416518
pd-user_3116556
pd-user_2644585
pd-user_6686260
pd-user_3271407
pd-user_4439200
pd-user_4812407
pd-user_8005691
pd-user_4767081
pd-user_4971249
pd-user_8784577
pd-user_2977328
pd-user_1197511
pd-user_5547291
pd-user_2191142
pd-user_4557041
pd-user_7152810
pd-user_1424225
pd-user_4094842
pd-user_9785968
pd-user_3636608
pd-user_4916291
pd-user_1784078
pd-user_8592584
pd-user_3618243
pd-user_2639392
pd-user_2743447
pd-user_9698240
pd-user_5857244
pd-user_4411923
pd-user_459681
pd-user_2677119
pd-user_7861388
pd-user_9205695
pd-user_2343338
pd-user_6502571
pd-user_330547
pd-user_2418939
pd-user_9016390
pd-user_7325965
pd-user_1272228
pd-user_2250786
pd-user_6564538
pd-user_9986252
pd-user_7949644
pd-user_9749095
pd-user_9048134
pd-user_7651371
pd-user_8315407
pd-user_8734103
pd-user_8514751
pd-user_9764092
pd-user_4084488
pd-user_9394274
pd-user_2527725
pd-user_1384388
pd-user_4788070
pd-user_2055954
pd-user_5377707
pd-user_5378565
pd-user_5642510
pd-user_9986888
pd-user_8670359
pd-user_6858822
pd-user_6659094
pd-user_1504974
pd-user_1338366
pd-user_5817825
pd-user_5625625
pd-user_6184635
pd-user_9372296
pd-user_2470999
pd-user_2286380
pd-user_3367746
pd-user_282251
pd-user_2186687
pd-user_8870372
pd-user_6690489
pd-user_5317645
pd-user_7136039
pd-user_8721757
pd-user_5222999
pd-user_6895237
pd-user_682369
pd-user_1037600
pd-user_9005576
pd-user_6796618
pd-user_1997608
pd-user_2333548
pd-user_3823201
pd-user_6607454
pd-user_6930613
pd-user_8849059
pd-user_3321398
pd-user_2368658
pd-user_2743348
pd-user_614648
pd-user_3398657
pd-user_7953470
pd-user_7044471
pd-user_3541648
pd-user_9431141
pd-user_5991433
pd-user_5632030
pd-user_4804433
pd-user_896692
pd-user_6637508
pd-user_8932824
pd-user_6373116
pd-user_3837108
pd-user_1149295
pd-user_2851282
pd-user_1276803
pd-user_8337742
pd-user_7717237
pd-user_2081981
pd-user_5969145
pd-user_4886760
pd-user_8154888
pd-user_4154932
pd-user_818316
pd-user_9059380
pd-user_4186743
pd-user_9191499
pd-user_8928222
pd-user_8098236
pd-user_2988
pd-user_4244441
pd-user_2850914
pd-user_1470182
pd-user_6907584
pd-user_1529198
pd-user_8400943
pd-user_8252493
pd-user_7914031
pd-user_6515211
pd-user_6158559
pd-user_8073204
pd-user_2815591
pd-user_2610827
pd-user_5589877
pd-user_65225
pd-user_9027070
pd-user_3086783
pd-user_4792239
pd-user_9774277
pd-user_567719
pd-user_4546589
pd-user_9657194
pd-user_8479101
pd-user_9715261
pd-user_7164312
pd-user_8613935
pd-user_7190675
pd-user_3118091
pd-user_3533422
pd-user_8447079
pd-user_9198538
pd-user_4266957
pd-user_429160
pd-user_1313766
pd-user_1667775
pd-user_7688261
pd-user_6847116
pd-user_783905
pd-user_9373719
pd-user_2442212
pd-user_947773
pd-user_5135580
pd-user_8016541
pd-user_132284
pd-user_6869911
pd-user_1208665
pd-user_4370154
pd-user_2124603
pd-user_2941180
pd-user_6289959
pd-user_2311112
pd-user_905187
pd-user_8824973
pd-user_6484451
pd-user_5673649
pd-user_5478858
pd-user_6750734
pd-user_3371854
pd-user_8349175
pd-user_9435216
pd-user_4114554
pd-user_3315723
pd-user_2090715
pd-user_829966
pd-user_4673703
pd-user_295944
pd-user_8114657
pd-user_4354429
pd-user_2098746
pd-user_2129285
pd-user_6075665
pd-user_3555355
pd-user_1172892
pd-user_3360501
pd-user_5180114
pd-user_7900330
pd-user_7372111
pd-user_6778190
pd-user_7906392
pd-user_2276460
pd-user_9319061
pd-user_7862686
pd-user_2803367
pd-user_7531408
pd-user_5092445
pd-user_4404770
pd-user_9421471
pd-user_4700824
pd-user_107850
pd-user_6115799
pd-user_5821064
pd-user_9201704
pd-user_613225
pd-user_9716824
pd-user_7292115
pd-user_7419675
pd-user_2402339
pd-user_5603590
pd-user_913192
pd-user_5050824
pd-user_9836135
pd-user_3255114
pd-user_5710369
pd-user_9646846
pd-user_4137000
pd-user_2687013
pd-user_3132283
pd-user_9896728
pd-user_9149874
pd-user_5505419
pd-user_4608004
pd-user_6618974
pd-user_2597890
pd-user_7201857
pd-user_2573706
pd-user_7532689
pd-user_366779
pd-user_2290747
pd-user_3638784
pd-user_1976618
pd-user_8451546
pd-user_7475395
pd-user_391443
pd-user_1918027
pd-user_2354763
pd-user_7988380
pd-user_3149660
pd-user_1942567
pd-user_2157449
pd-user_916061
pd-user_8369652
pd-user_1073904
pd-user_4330153
pd-user_641388
pd-user_2758498
pd-user_3372105
pd-user_8669208
pd-user_1341713
pd-user_2365062
pd-user_2740973
pd-user_5008660
pd-user_2381490
pd-user_9918978
pd-user_8510602
pd-user_6025374
pd-user_8942591
pd-user_7991867
pd-user_186580
pd-user_3633054
pd-user_8619940
pd-user_6504239
pd-user_5915570
pd-user_4057467
pd-user_5867010
pd-user_660680
pd-user_5587678
pd-user_2815436
pd-user_250311
pd-user_7099113
pd-user_3699693
pd-user_7476335
pd-user_9889393
pd-user_7519390
pd-user_314541
pd-user_9077620
pd-user_5257132
pd-user_3172316
pd-user_4441927
pd-user_9298827
pd-user_8053518
pd-user_8760563
pd-user_8912878
pd-user_1102251
pd-user_1777275
pd-user_9565622
pd-user_1571508
pd-user_1410920
pd-user_2547938
pd-user_7622964
pd-user_1497297
pd-user_3343152
pd-user_2449620
pd-user_1130089
pd-user_9686443
pd-user_6148035
pd-user_3904630
pd-user_1877091
pd-user_5941612
pd-user_5867293
pd-user_769381
pd-user_8153898
pd-user_5965294
pd-user_2695302
pd-user_5183924
pd-user_2696237
pd-user_5343400
pd-user_7720055
pd-user_1720458
pd-user_8079425
pd-user_1223743
pd-user_4926021
pd-user_683520
pd-user_4318939
pd-user_6409391
pd-user_1211799
pd-user_7685224
pd-user_498874
pd-user_9393451
pd-user_7157077
pd-user_2296958
pd-user_4660480
pd-user_5709028
pd-user_4877428
pd-user_8003995
pd-user_6094006
pd-user_2421715
pd-user_8152537
pd-user_3287373
pd-user_1344495
pd-user_4345755
pd-user_7688289
pd-user_7218947
pd-user_3886191
pd-user_6858614
pd-user_4915788
pd-user_7436700
pd-user_8860022
pd-user_5956684
pd-user_129970
pd-user_6038944
pd-user_1736983
pd-user_2015797
pd-user_4317993
pd-user_2793924
pd-user_5999663
pd-user_7882771
pd-user_994505
pd-user_4201681
pd-user_3279280
pd-user_8368979
pd-user_4448563
pd-user_8690392
pd-user_148762
pd-user_1288574
pd-user_8263394
pd-user_5153144
pd-user_8022018
pd-user_9364
pd-user_1697795
pd-user_4948960
pd-user_5445979
pd-user_3223530
pd-user_1629279
pd-user_8441843
pd-user_8128872
pd-user_7276069
pd-user_6707553
pd-user_4741639
pd-user_3531963
pd-user_7936860
pd-user_323187
pd-user_50860
pd-user_1582210
pd-user_4726653
pd-user_7669921
pd-user_8774373
pd-user_6362497
pd-user_7517482
pd-user_4087875
pd-user_5399605
pd-user_9732103
pd-user_4253109
pd-user_8402558
pd-user_6138463
pd-user_2300516
pd-user_641594
pd-user_1846707
pd-user_5721384
pd-user_416252
pd-user_2081931
pd-user_7508714
pd-user_7622061
pd-user_2373579
pd-user_364258
pd-user_5302284
pd-user_2450250
pd-user_1889677
pd-user_5852983
pd-user_3736449
pd-user_6413005
pd-user_8581187
pd-user_4314357
pd-user_8093158
pd-user_2393293
pd-user_8435583
pd-user_2973340
pd-user_7786324
pd-user_3478863
pd-user_5664806
pd-user_7439882
pd-user_7651143
pd-user_9010454
pd-user_9350914
pd-user_4325982
pd-user_8121129
pd-user_8161613
pd-user_5348570
pd-user_5831464
pd-user_7520394
pd-user_3972154
pd-user_7877728
pd-user_7417836
pd-user_5048422
pd-user_191620
pd-user_479960
pd-user_2659565
pd-user_3020714
pd-user_6586713
pd-user_4332211
pd-user_9980343
pd-user_3978871
pd-user_7340356
pd-user_5433507
pd-user_9538193
pd-user_7498825
pd-user_888043
pd-user_4602979
pd-user_510772
pd-user_8978957
pd-user_590032
pd-user_8340916
pd-user_121964
pd-user_5972846
pd-user_2786872
pd-user_426449
pd-user_7700081
pd-user_361620
pd-user_8380340
pd-user_9906619
pd-user_9633409
pd-user_4387344
pd-user_700383
pd-user_2947794
pd-user_1176055
pd-user_6103752
pd-user_2132846
pd-user_2639638
pd-user_4116896
pd-user_2961154
pd-user_7622697
pd-user_4195584
pd-user_4229101
pd-user_9147452
pd-user_9377937
pd-user_7379358
pd-user_4449661
pd-user_5710464
pd-user_4649196
pd-user_7698266
pd-user_5751110
pd-user_4212831
pd-user_1591876
pd-user_8617284
pd-user_7180999
pd-user_2044950
pd-user_4467024
pd-user_8103594
pd-user_6448900
pd-user_5510603
pd-user_4110143
pd-user_1934450
pd-user_4391477
pd-user_4077115
pd-user_4891335
pd-user_2643140
pd-user_8220361
pd-user_8556300
pd-user_3016134
pd-user_4688598
pd-user_4312156
pd-user_64009
pd-user_3588195
pd-user_4794846
pd-user_3097435
pd-user_6930902
pd-user_8395613
pd-user_403302
pd-user_5607921
pd-user_6398290
pd-user_4439850
pd-user_9168346
pd-user_5565548
pd-user_841814
pd-user_4912184
pd-user_9331726
pd-user_1095591
pd-user_4472726
pd-user_7628541
pd-user_617213
pd-user_1377687
pd-user_2208793
pd-user_4245224
pd-user_1385479
pd-user_867497
pd-user_6376793
pd-user_1691758
pd-user_3484507
pd-user_9682388
pd-user_3874614
pd-user_1084998
pd-user_5936031
pd-user_7491897
pd-user_8939145
pd-user_4141264
pd-user_5155020
pd-user_9873473
pd-user_6570880
pd-user_9617769
pd-user_9884882
pd-user_4021713
pd-user_8987644
pd-user_5125001
pd-user_5762528
pd-user_4545347
pd-user_3422063
pd-user_8045207
pd-user_5771847
pd-user_2665182
pd-user_9700843
pd-user_4361757
pd-user_6528334
pd-user_6379266
pd-user_7235438
pd-user_6283108
pd-user_7753316
pd-user_5728635
pd-user_510847
pd-user_6935734
pd-user_5469485
pd-user_1043721
pd-user_5527272
pd-user_9299451
pd-user_1609194
pd-user_2260230
pd-user_3522101
pd-user_4340342
pd-user_8823278
pd-user_6431287
pd-user_6542606
pd-user_8603280
pd-user_9669270
pd-user_2952466
pd-user_7380122
pd-user_3768346
pd-user_7852784
pd-user_4056372
pd-user_7303996
pd-user_8186320
pd-user_4683499
pd-user_9719152
pd-user_2571143
pd-user_6174120
pd-user_8248997
pd-user_7632362
pd-user_2341723
pd-user_6915328
pd-user_6422075
pd-user_9714087
pd-user_5820659
pd-user_2597577
pd-user_8717846
pd-user_6793483
pd-user_1937687
pd-user_3437238
pd-user_6385384
pd-user_747113
pd-user_6768909
pd-user_7834050
pd-user_6196988
pd-user_1073758
pd-user_7182424
pd-user_5135196
pd-user_843603
pd-user_3463011
pd-user_8608991
pd-user_9450200
pd-user_7394816
pd-user_1626178
pd-user_6663193
pd-user_5872907
pd-user_7450545
pd-user_6749665
pd-user_1462585
pd-user_6986223
pd-user_8568174
pd-user_1024300
pd-user_6688438
pd-user_1312039
pd-user_8140786
pd-user_6755746
pd-user_1046819
pd-user_2414013
pd-user_1081172
pd-user_9048855
pd-user_6847468
pd-user_411530
pd-user_7320807
pd-user_820075
pd-user_5976120
pd-user_3927171
pd-user_8012582
pd-user_4176116
pd-user_899875
pd-user_4272812
pd-user_6776874
pd-user_140968
pd-user_5811730
pd-user_4121428
pd-user_67981
pd-user_4728133
pd-user_1863329
pd-user_762955
pd-user_471065
pd-user_8545165
pd-user_4740113
pd-user_9953573
pd-user_153060
pd-user_8423054
pd-user_5642378
pd-user_1412702
pd-user_5710828
pd-user_8940768
pd-user_9236656
pd-user_3003280
pd-user_1132506
pd-user_9499250
pd-user_1776933
pd-user_3158099
pd-user_2080143
pd-user_8694530
pd-user_2015952
pd-user_5830642
pd-user_307948
pd-user_3650726
pd-user_6224617
pd-user_3894221
pd-user_6916242
pd-user_7358832
pd-user_2511723
pd-user_4601086
pd-user_896178
pd-user_4260187
pd-user_5990647
pd-user_8718985
pd-user_9680038
pd-user_1218497
pd-user_5909324
pd-user_9389874
pd-user_7524906
pd-user_792690
pd-user_695551
pd-user_7352957
pd-user_4718950
pd-user_3674174
pd-user_7886897
pd-user_4853624
pd-user_9848290
pd-user_6894997
pd-user_2934175
pd-user_4453177
pd-user_654454
pd-user_4922151
pd-user_4925314
pd-user_4772253
pd-user_6126635
pd-user_3025757
pd-user_3715028
pd-user_617264
pd-user_2399909
pd-user_7139472
pd-user_9289110
pd-user_43103
pd-user_476022
pd-user_3312996
pd-user_6094515
pd-user_8005114
pd-user_2032262
pd-user_9436393
pd-user_2413891
pd-user_3331919
pd-user_919129
pd-user_1644851
pd-user_7930325
pd-user_5854964
pd-user_7086307
pd-user_9365905
pd-user_7399706
pd-user_2470393
pd-user_9336460
pd-user_8216110
pd-user_3691856
pd-user_5261363
pd-user_8653
pd-user_9622336
pd-user_6024609
pd-user_7682432
pd-user_8711733
pd-user_7447044
pd-user_8569512
pd-user_9332055
pd-user_6170021
pd-user_3369827
pd-user_7767506
pd-user_8227976
pd-user_4410536
pd-user_9708945
pd-user_2966842
pd-user_4521263
pd-user_4652236
pd-user_4789880
pd-user_1704275
pd-user_2082007
pd-user_3700167
pd-user_8243510
pd-user_302891
pd-user_7201915
pd-user_7325826
pd-user_2140623
pd-user_3346957
pd-user_9246950
pd-user_7905173
pd-user_5278993
pd-user_2438774
pd-user_2290913
pd-user_6514788
pd-user_9546067
pd-user_6898920
pd-user_5102287
pd-user_7018852
pd-user_1302331
pd-user_2071659
pd-user_1254720
pd-user_9568946
pd-user_8350560
pd-user_5085465
pd-user_2681617
pd-user_5628769
pd-user_4271144
pd-user_4177151
pd-user_2942055
pd-user_3833302
pd-user_9274530
pd-user_6422940
pd-user_1874459
pd-user_7510197
pd-user_7933307
pd-user_977353
pd-user_3957476
pd-user_9057054
pd-user_5237256
pd-user_8591459
pd-user_2920680
pd-user_7826726
pd-user_1950662
pd-user_9154250
pd-user_1517907
pd-user_8263906
pd-user_4903090
pd-user_6659000
pd-user_5319321
pd-user_6239922
pd-user_4871164
pd-user_9270994
pd-user_8247259
pd-user_3218868
pd-user_4171552
pd-user_7467837
pd-user_1344649
pd-user_4472377
pd-user_3880458
pd-user_6278604
pd-user_4131604
pd-user_9686311
pd-user_7710145
pd-user_2967522
pd-user_5898456
pd-user_6678381
pd-user_7679189
pd-user_4653956
pd-user_1773829
pd-user_1739205
pd-user_9589673
pd-user_6967259
pd-user_6398414
pd-user_823340
pd-user_254996
pd-user_1644467
pd-user_5453938
pd-user_7066328
pd-user_3866579
pd-user_4004748
pd-user_1719828
pd-user_264810
pd-user_8021
pd-user_9251336
pd-user_7934014
pd-user_5758136
pd-user_5699566
pd-user_3786590
pd-user_4561013
pd-user_5918412
pd-user_5788792
pd-user_3593344
pd-user_5507910
pd-user_5021124
pd-user_3487845
pd-user_5603747
pd-user_4959442
pd-user_3647881
pd-user_1130956
pd-user_5828124
pd-user_6856777
pd-user_6499091
pd-user_1551295
pd-user_1713415
pd-user_6065234
pd-user_909964
pd-user_390439
pd-user_939357
pd-user_3232056
pd-user_1528637
pd-user_1590835
pd-user_3058342
pd-user_4026104
pd-user_2456698
pd-user_1106824
pd-user_5015846
pd-user_8503708
pd-user_6578399
pd-user_4766542
pd-user_6894741
pd-user_4630037
pd-user_1030557
pd-user_5250399
pd-user_8492089
pd-user_9857275
pd-user_9905008
pd-user_487044
pd-user_7766696
pd-user_7721086
pd-user_7865078
pd-user_4143386
pd-user_7179075
pd-user_6963498
pd-user_9599482
pd-user_1452640
pd-user_1932129
pd-user_2111904
pd-user_2409077
pd-user_8548508
pd-user_2404238
pd-user_1521436
pd-user_1962781
pd-user_5056339
pd-user_7509529
pd-user_5131128
pd-user_6213492
pd-user_9015802
pd-user_385423
pd-user_3075821
pd-user_7888490
pd-user_3736875
pd-user_5489187
pd-user_3021587
pd-user_1470559
pd-user_4222904
pd-user_9986634
pd-user_398205
pd-user_3199189
pd-user_4930322
pd-user_3175381
pd-user_5796569
pd-user_8594736
pd-user_9526299
pd-user_6850252
pd-user_6376997
pd-user_9808156
pd-user_3116041
pd-user_3934259
pd-user_5904746
pd-user_3057220
pd-user_557718
pd-user_4512063
pd-user_1831676
pd-user_723334
pd-user_1810485
pd-user_4835306
pd-user_9087363
pd-user_7025009
pd-user_8324263
pd-user_8945924
pd-user_4261650
pd-user_1872973
pd-user_2828464
pd-user_9174303
pd-user_7577199
pd-user_8974929
pd-user_2883982
pd-user_9897461
pd-user_7888703
pd-user_8203901
pd-user_3407553
pd-user_7484978
pd-user_9791354
pd-user_6090114
pd-user_976393
pd-user_8878578
pd-user_3242436
pd-user_4677924
pd-user_6631779
pd-user_2095506
pd-user_9830990
pd-user_5753544
pd-user_4506584
pd-user_817978
pd-user_8013418
pd-user_2042541
pd-user_6161736
pd-user_309537
pd-user_8561076
pd-user_5213276
pd-user_9263838
pd-user_7593111
pd-user_3651825
pd-user_1713237
pd-user_5716962
pd-user_4835386
pd-user_5183056
pd-user_1422483
pd-user_6597088
pd-user_4050532
pd-user_2559595
pd-user_574916
pd-user_3059736
pd-user_6598276
pd-user_7533463
pd-user_7372019
pd-user_3492917
pd-user_9635928
pd-user_8646775
pd-user_7000230
pd-user_1855262
pd-user_2126434
pd-user_9712049
pd-user_7797931
pd-user_6920586
pd-user_1367658
pd-user_7618725
pd-user_8533566
pd-user_6353873
pd-user_3965281
pd-user_4578832
pd-user_4159534
pd-user_1398572
pd-user_3230313
pd-user_974081
pd-user_3414654
pd-user_182988
pd-user_2960254
pd-user_4313553
pd-user_3530788
pd-user_6289911
pd-user_1413210
pd-user_3871527
pd-user_3600003
pd-user_3366625
pd-user_7026287
pd-user_503669
pd-user_4404679
pd-user_7291072
pd-user_5777170
pd-user_5561281
pd-user_8002242
pd-user_9416029
pd-user_3845629
pd-user_2277080
pd-user_4316037
pd-user_1014632
pd-user_6628134
pd-user_2393996
pd-user_6964312
pd-user_4302297
pd-user_656804
pd-user_8061413
pd-user_3133410
pd-user_2076853
pd-user_2100853
pd-user_8593875
pd-user_6866694
pd-user_4476599
pd-user_3196704
pd-user_6337953
pd-user_995017
pd-user_890260
pd-user_4663223
pd-user_7937999
pd-user_8693769
pd-user_9137045
pd-user_7038312
pd-user_5115646
pd-user_1156804
pd-user_3401000
pd-user_29081
pd-user_5949210
pd-user_7143540
pd-user_8197167
pd-user_373186
pd-user_2826136
pd-user_2705237
pd-user_8719169
pd-user_8108013
pd-user_3534749
pd-user_9932046
pd-user_1948631
pd-user_7626381
pd-user_4006156
pd-user_9932310
pd-user_211142
pd-user_1434594
pd-user_8314532
pd-user_5284861
pd-user_1336224
pd-user_3884156
pd-user_7448020
pd-user_6895399
pd-user_2371962
pd-user_7136865
pd-user_8359341
pd-user_6317885
pd-user_7229636
pd-user_4378258
pd-user_9229735
pd-user_7816666
pd-user_5297229
pd-user_7952152
pd-user_5288213
pd-user_3115555
pd-user_1692333
pd-user_4727219
pd-user_9216463
pd-user_1500660
pd-user_505909
pd-user_235722
pd-user_7874224
pd-user_4842594
pd-user_4970204
pd-user_9570928
pd-user_3888308
pd-user_5271427
pd-user_2395578
pd-user_6973145
pd-user_9371051
pd-user_6277730
pd-user_9062642
pd-user_4873727
pd-user_7811348
pd-user_6619045
pd-user_1462656
pd-user_539401
pd-user_3418063
pd-user_7548476
pd-user_3731334
pd-user_6124285
pd-user_6949960
pd-user_6270476
pd-user_2425953
pd-user_9811171
pd-user_5374436
pd-user_6313356
pd-user_7589681
pd-user_933640
pd-user_8902340
pd-user_7006622
pd-user_9482257
pd-user_5864188
pd-user_7999087
pd-user_7642320
pd-user_1471558
pd-user_3395766
pd-user_459739
pd-user_6575662
pd-user_224121
pd-user_2729256
pd-user_6795164
pd-user_8944787
pd-user_9985968
pd-user_6718595
pd-user_4651373
pd-user_4816104
pd-user_9603021
pd-user_7950574
pd-user_2487900
pd-user_4019258
pd-user_3983042
pd-user_3162331
pd-user_290500
pd-user_6173946
pd-user_6491830
pd-user_8595692
pd-user_8447562
pd-user_9312481
pd-user_6125769
pd-user_6559443
pd-user_7954350
pd-user_9437551
pd-user_8828684
pd-user_2105369
pd-user_6507987
pd-user_4545740
pd-user_417054
pd-user_9930002
pd-user_580843
pd-user_8950931
pd-user_5804803
pd-user_2829083
pd-user_618096
pd-user_1911033
pd-user_6051160
pd-user_2075424
pd-user_8480014
pd-user_549440
pd-user_9297616
pd-user_6069245
pd-user_5000671
pd-user_5484540
pd-user_4142750
pd-user_3913422
pd-user_6595589
pd-user_4161061
pd-user_5437991
pd-user_3712247
pd-user_9717217
pd-user_5262262
pd-user_6410505
pd-user_4289351
pd-user_7375957
pd-user_8743886
pd-user_7544670
pd-user_575523
pd-user_1544129
pd-user_9088420
pd-user_6088871
pd-user_4738024
pd-user_5266139
pd-user_7060428
pd-user_4785369
pd-user_3503191
pd-user_195607
pd-user_5234944
pd-user_379638
pd-user_6337858
pd-user_729208
pd-user_7970331
pd-user_9599848
pd-user_2265886
pd-user_4212348
pd-user_7285392
pd-user_3139863
pd-user_3282495
pd-user_1345167
pd-user_1860623
pd-user_1874613
pd-user_3155609
pd-user_4863362
pd-user_3427310
pd-user_9121811
pd-user_4270082
pd-user_6732533
pd-user_8711283
pd-user_3124643
pd-user_2284128
pd-user_2013542
pd-user_262817
pd-user_7082405
pd-user_775810
pd-user_316434
pd-user_4507687
pd-user_739281
pd-user_1725836
pd-user_6775056
pd-user_7148001
pd-user_8182641
pd-user_4223258
pd-user_9494227
pd-user_1823794
pd-user_3578651
pd-user_344612
pd-user_1530960
pd-user_7668844
pd-user_7284734
pd-user_1283134
pd-user_2962355
pd-user_3401131
pd-user_3580378
pd-user_8647380
pd-user_4319422
pd-user_1465046
pd-user_4123890
pd-user_3544233
pd-user_27733
pd-user_8669816
pd-user_1052086
pd-user_4447438
pd-user_1208639
pd-user_9319838
pd-user_3975484
pd-user_4041944
pd-user_8405150
pd-user_9231485
pd-user_8516210
pd-user_1544870
pd-user_3835139
pd-user_8878117
pd-user_4487637
pd-user_7118455
pd-user_1942016
pd-user_7397744
pd-user_294092
pd-user_2774195
pd-user_8132615
pd-user_5137768
pd-user_444211
pd-user_4637154
pd-user_2530734
pd-user_2088028
pd-user_1867577
pd-user_2003141
pd-user_5790961
pd-user_8107873
pd-user_9348662
pd-user_8874211
pd-user_5692885
pd-user_654348
pd-user_4126378
pd-user_9306982
pd-user_9325878
pd-user_9809930
pd-user_1302323
pd-user_7695598
pd-user_6054515
pd-user_9731502
pd-user_3903576
pd-user_8412846
pd-user_9130820
pd-user_5755618
pd-user_6038454
pd-user_821818
pd-user_1895462
pd-user_714743
pd-user_9290145
pd-user_7902902
pd-user_3538902
pd-user_6354436
pd-user_8410607
pd-user_5087660
pd-user_4154575
pd-user_5989664
pd-user_3190242
pd-user_8624536
pd-user_9833527
pd-user_6402878
pd-user_3499861
pd-user_1764355
pd-user_194143
pd-user_776670
pd-user_4895509
pd-user_5283952
pd-user_116789
pd-user_8240481
pd-user_2937937
pd-user_4428154
pd-user_8069245
pd-user_6052772
pd-user_6754129
pd-user_5183612
pd-user_8769247
pd-user_5645195
pd-user_9083977
pd-user_8677236
pd-user_8609305
pd-user_10591
pd-user_9437306
pd-user_5739455
pd-user_8293866
pd-user_8578633
pd-user_8900360
pd-user_3657805
pd-user_4933392
pd-user_3244033
pd-user_6047507
pd-user_10080
pd-user_1534148
pd-user_4645983
pd-user_9234656
pd-user_1130990
pd-user_6477469
pd-user_1688699
pd-user_2840976
pd-user_8726587
pd-user_8274494
pd-user_4931168
pd-user_3637286
pd-user_3133772
pd-user_5190121
pd-user_9907853
pd-user_4810409
pd-user_201466
pd-user_7878719
pd-user_6459950
pd-user_3703943
pd-user_5956832
pd-user_943527
pd-user_9287053
pd-user_1001952
pd-user_6579644
pd-user_5149914
pd-user_9054177
pd-user_3454667
pd-user_6460199
pd-user_630703
pd-user_8954835
pd-user_2494858
pd-user_9260033
pd-user_8708394
pd-user_5186745
pd-user_5353303
pd-user_1628199
pd-user_8882927
pd-user_8826701
pd-user_2000379
pd-user_7435995
pd-user_9388705
pd-user_7322350
pd-user_6493691
pd-user_489852
pd-user_9308311
pd-user_3299852
pd-user_4272033
pd-user_8178775
pd-user_6376222
pd-user_7442267
pd-user_3843809
pd-user_7825969
pd-user_8512942
pd-user_1952631
pd-user_9005415
pd-user_1059755
pd-user_3181674
pd-user_1018790
pd-user_2707711
pd-user_6775799
pd-user_558588
pd-user_9714273
pd-user_4907462
pd-user_6242567
pd-user_1972414
pd-user_6736039
pd-user_959789
pd-user_2541605
pd-user_7351550
pd-user_8828778
pd-user_3698263
pd-user_5433520
pd-user_1911014
pd-user_50164
pd-user_7350413
pd-user_2084446
pd-user_2400098
pd-user_3066113
pd-user_7646876
pd-user_4638466
pd-user_6196915
pd-user_1631629
pd-user_7188289
pd-user_7812253
pd-user_4710089
pd-user_9602114
pd-user_6989702
pd-user_7984987
pd-user_6707414
pd-user_8536127
pd-user_8402577
pd-user_5989907
pd-user_427431
pd-user_8140730
pd-user_2138451
pd-user_2412501
pd-user_2414070
pd-user_8238855
pd-user_2195053
pd-user_8304050
pd-user_9477033
pd-user_584125
pd-user_4364415
pd-user_9626212
pd-user_892552
pd-user_124283
pd-user_2092588
pd-user_6371658
pd-user_5050015
pd-user_970137
pd-user_9391004
pd-user_2657014
pd-user_9439985
pd-user_4658729
pd-user_8243004
pd-user_7863267
pd-user_8230413
pd-user_7559414
pd-user_6947557
pd-user_7890671
pd-user_1281284
pd-user_9299838
pd-user_6478206
pd-user_2840066
pd-user_5629642
pd-user_7566190
pd-user_5267255
pd-user_1155703
pd-user_4168423
pd-user_1933899
pd-user_553818
pd-user_1973893
pd-user_93252
pd-user_9710924
pd-user_6800928
pd-user_5669152
pd-user_542627
pd-user_1006731
pd-user_3484062
pd-user_8315364
pd-user_873331
pd-user_757143
pd-user_5185932
pd-user_6300506
pd-user_9192995
pd-user_7470483
pd-user_7792723
pd-user_2386407
pd-user_6107681
pd-user_5403692
pd-user_7354269
pd-user_991067
pd-user_7426775
pd-user_9341294
pd-user_5062044
pd-user_1466227
pd-user_7503281
pd-user_5394306
pd-user_429766
pd-user_5284031
pd-user_648200
pd-user_1593172
pd-user_1244836
pd-user_8867422
pd-user_6277659
pd-user_5844585
pd-user_3093814
pd-user_7189837
pd-user_3354346
pd-user_5355296
pd-user_5018628
pd-user_4714426
pd-user_7852290
pd-user_6167396
pd-user_1003162
pd-user_3117348
pd-user_797273
pd-user_9574351
pd-user_4324073
pd-user_5539397
pd-user_4322819
pd-user_4189266
pd-user_4887601
pd-user_8127886
pd-user_750821
pd-user_4614927
pd-user_3353777
pd-user_8736560
pd-user_5701403
pd-user_6171377
pd-user_9439974
pd-user_3643793
pd-user_614374
pd-user_694915
pd-user_1232850
pd-user_8838236
pd-user_5816204
pd-user_1443807
pd-user_449776
pd-user_4747256
pd-user_995560
pd-user_1917598
pd-user_2086188
pd-user_1807769
pd-user_1259473
pd-user_9259135
pd-user_9570813
pd-user_3749568
pd-user_2032674
pd-user_4823087
pd-user_1454692
pd-user_2096938
pd-user_5283100
pd-user_1092701
pd-user_8522254
pd-user_8049648
pd-user_5887088
pd-user_1956811
pd-user_6769280
pd-user_1881417
pd-user_7301724
pd-user_4112641
pd-user_5224218
pd-user_3956699
pd-user_5263259
pd-user_3634899
pd-user_6593133
pd-user_9755512
pd-user_7881966
pd-user_6287122
pd-user_1523980
pd-user_281435
pd-user_3622772
pd-user_8536962
pd-user_3249632
pd-user_8083493
pd-user_2598673
pd-user_7796932
pd-user_8102039
pd-user_5566782
pd-user_3296827
pd-user_5849903
pd-user_3733052
pd-user_2954680
pd-user_8650691
pd-user_6729090
pd-user_2459128
pd-user_7468337
pd-user_8066417
pd-user_8887874
pd-user_2892001
pd-user_2564884
pd-user_2481250
pd-user_8467785
pd-user_5759027
pd-user_7666096
pd-user_7224584
pd-user_7711701
pd-user_3068334
pd-user_2882556
pd-user_3723689
pd-user_2037207
pd-user_6421225
pd-user_4252081
pd-user_3111518
pd-user_5250999
pd-user_123512
pd-user_146071
pd-user_7783846
pd-user_5093410
pd-user_6541049
pd-user_1793168
pd-user_4159185
pd-user_509965
pd-user_7834702
pd-user_2596493
pd-user_9670288
pd-user_2100720
pd-user_4886402
pd-user_847005
pd-user_9897669
pd-user_4851658
pd-user_1532894
pd-user_2033482
pd-user_9560403
pd-user_6561657
pd-user_3641870
pd-user_4565426
pd-user_4644795
pd-user_3043588
pd-user_4264984
pd-user_2767893
pd-user_8431912
pd-user_3498877
pd-user_4780489
pd-user_5647689
pd-user_6514563
pd-user_4976814
pd-user_7210157
pd-user_4318445
pd-user_492126
pd-user_6289965
pd-user_2862956
pd-user_3359053
pd-user_4824135
pd-user_9024942
pd-user_6524026
pd-user_9408456
pd-user_3338105
pd-user_6712862
pd-user_3324729
pd-user_6741367
pd-user_2135111
pd-user_4040977
pd-user_9311786
pd-user_6707742
pd-user_8573601
pd-user_7508158
pd-user_4536694
pd-user_185087
pd-user_8210287
pd-user_9799809
pd-user_9101858
pd-user_2552566
pd-user_8227973
pd-user_5525966
pd-user_2539455
pd-user_7664863
pd-user_3125309
pd-user_1527982
pd-user_2139555
pd-user_2530595
pd-user_5891280
pd-user_1299962
pd-user_9037669
pd-user_7055312
pd-user_2009851
pd-user_4214370
pd-user_9931991
pd-user_1650056
pd-user_2447015
pd-user_4220191
pd-user_2229979
pd-user_4796289
pd-user_3941350
pd-user_1041036
pd-user_6199923
pd-user_6651165
pd-user_7627340
pd-user_685159
pd-user_1600053
pd-user_9893302
pd-user_180381
pd-user_5952237
pd-user_3426370
pd-user_6798054
pd-user_2637143
pd-user_4548802
pd-user_4881450
pd-user_2929547
pd-user_420374
pd-user_2899723
pd-user_5248482
pd-user_5322403
pd-user_6274222
pd-user_9123913
pd-user_1727248
pd-user_3122458
pd-user_600960
pd-user_1762767
pd-user_918336
pd-user_5557796
pd-user_4894406
pd-user_6951743
pd-user_1899896
pd-user_3544813
pd-user_6390057
pd-user_347387
pd-user_2299266
pd-user_3061041
pd-user_6086098
pd-user_6830032
pd-user_176246
pd-user_7881364
pd-user_3654218
pd-user_7085993
pd-user_3990882
pd-user_6869738
pd-user_1123723
pd-user_7694064
pd-user_7911272
pd-user_1493687
pd-user_5262456
pd-user_5752622
pd-user_5008139
pd-user_9604258
pd-user_7322350
pd-user_6060562
pd-user_9035036
pd-user_1340893
pd-user_2170994
pd-user_4542593
pd-user_2164537
pd-user_3896867
pd-user_5860227
pd-user_6833738
pd-user_2832211
pd-user_8115235
pd-user_7125791
pd-user_7787721
pd-user_5201404
pd-user_7387356
pd-user_4923163
pd-user_8604324
pd-user_8729215
pd-user_8044412
pd-user_5388841
pd-user_1870131
pd-user_2530105
pd-user_2133383
pd-user_9690510
pd-user_3672260
pd-user_2180218
pd-user_3110000
pd-user_5334493
pd-user_9113891
pd-user_2571023
pd-user_9686221
pd-user_7568142
pd-user_2293151
pd-user_6390815
pd-user_2527057
pd-user_8886178
pd-user_136922
pd-user_6288273
pd-user_9292840
pd-user_3071093
pd-user_7155284
pd-user_4451338
pd-user_6047407
pd-user_7482113
pd-user_367799
pd-user_3081359
pd-user_3243146
pd-user_6393745
pd-user_3091000
pd-user_7942227
pd-user_5636682
pd-user_1242353
pd-user_8530040
pd-user_6625
pd-user_2796355
pd-user_4996229
pd-user_9553616
pd-user_2965532
pd-user_8514831
pd-user_1643291
pd-user_4070260
pd-user_5369024
pd-user_1450445
pd-user_2174951
pd-user_152694
pd-user_9953484
pd-user_1545742
pd-user_1138357
pd-user_9617834
pd-user_4160519
pd-user_5932746
pd-user_5922458
pd-user_537942
pd-user_4265613
pd-user_2309674
pd-user_2844180
pd-user_9481602
pd-user_2264802
pd-user_2918427
pd-user_9009015
pd-user_5428704
pd-user_126141
pd-user_8686166
pd-user_7769649
pd-user_1104160
pd-user_9722768
pd-user_675873
pd-user_1578955
pd-user_1300215
pd-user_4425829
pd-user_5894928
pd-user_3206235
pd-user_1132063
pd-user_726528
pd-user_7148730
pd-user_4541080
pd-user_6404471
pd-user_9448464
pd-user_2560039
pd-user_9315184
pd-user_9384524
pd-user_4291721
pd-user_984212
pd-user_9299046
pd-user_2564973
pd-user_4068463
pd-user_9578744
pd-user_4374036
pd-user_7598968
pd-user_3506783
pd-user_8336264
pd-user_7766445
pd-user_2507856
pd-user_8377971
pd-user_435798
pd-user_6196488
pd-user_9633480
pd-user_7597072
pd-user_9265194
pd-user_5421770
pd-user_79199
pd-user_9145262
pd-user_5804930
pd-user_4290627
pd-user_2660556
pd-user_8572991
pd-user_3750250
pd-user_3712359
pd-user_1853687
pd-user_411435
pd-user_3227471
pd-user_3063206
pd-user_6277030
pd-user_1920592
pd-user_187046
pd-user_2096328
pd-user_4249414
pd-user_5007126
pd-user_6581127
pd-user_9278141
pd-user_7723893
pd-user_9572389
pd-user_32816
pd-user_5517558
pd-user_1532312
pd-user_6832991
pd-user_8349653
pd-user_7377794
pd-user_7272228
pd-user_9928470
pd-user_8237145
pd-user_221135
pd-user_1993148
pd-user_5816678
pd-user_2913859
pd-user_6923261
pd-user_6858263
pd-user_8519137
pd-user_8465679
pd-user_852018
pd-user_5687045
pd-user_9905359
pd-user_6579649
pd-user_928577
pd-user_2304230
pd-user_3824696
pd-user_3752682
pd-user_622036
pd-user_7565676
pd-user_6067005
pd-user_4435374
pd-user_6961906
pd-user_3726998
pd-user_9949705
pd-user_9619624
pd-user_2234026
pd-user_4890758
pd-user_9674290
pd-user_2525024
pd-user_5495370
pd-user_1255972
pd-user_5740590
pd-user_9678935
pd-user_1472378
pd-user_3016012
pd-user_9146639
pd-user_6205672
pd-user_4077327
pd-user_784754
pd-user_7270034
pd-user_7697084
pd-user_2154966
pd-user_2026299
pd-user_5600500
pd-user_9346993
pd-user_9925437
pd-user_1922222
pd-user_452535
pd-user_7962050
pd-user_549045
pd-user_2232972
pd-user_9289751
pd-user_8466595
pd-user_3164496
pd-user_2488701
pd-user_8639136
pd-user_1768613
pd-user_3428548
pd-user_6813649
pd-user_2961111
pd-user_5692856
pd-user_1630826
pd-user_3524986
pd-user_3800547
pd-user_8100559
pd-user_2098511
pd-user_9280724
pd-user_7268920
pd-user_364742
pd-user_5036634
pd-user_8618322
pd-user_4869857
pd-user_5825377
pd-user_5604237
pd-user_9779682
pd-user_2963730
pd-user_2027092
pd-user_6635288
pd-user_9169608
pd-user_6871729
pd-user_3118003
pd-user_3963456
pd-user_2690088
pd-user_6924052
pd-user_1221974
pd-user_4160240
pd-user_8645024
pd-user_97284
pd-user_1568866
pd-user_1864981
pd-user_1953729
pd-user_6667107
pd-user_6562621
pd-user_7813808
pd-user_7139379
pd-user_8814925
pd-user_6556525
pd-user_6031936
pd-user_7449830
pd-user_5836251
pd-user_4023945
pd-user_5813216
pd-user_2062349
pd-user_7187870
pd-user_9519667
pd-user_6098131
pd-user_4909718
pd-user_4773579
pd-user_6233255
pd-user_6929077
pd-user_8501915
pd-user_1878499
pd-user_3226631
pd-user_8566345
pd-user_2135502
pd-user_1241353
pd-user_4506173
pd-user_399508
pd-user_3845784
pd-user_4006761
pd-user_5523796
pd-user_6698268
pd-user_6001652
pd-user_9231557
pd-user_3151890
pd-user_6453809
pd-user_3180133
pd-user_9186400
pd-user_5488575
pd-user_5689161
pd-user_7843825
pd-user_2992483
pd-user_1760502
pd-user_7473684
pd-user_8176357
pd-user_5763311
pd-user_2320925
pd-user_9344050
pd-user_1433058
pd-user_8724411
pd-user_7031099
pd-user_1016173
pd-user_7859016
pd-user_43937
pd-user_1313248
pd-user_7023390
pd-user_8057812
pd-user_4142636
pd-user_6205994
pd-user_4160090
pd-user_2282064
pd-user_2621040
pd-user_3224600
pd-user_6279485
pd-user_8095949
pd-user_4290520
pd-user_2565328
pd-user_3398390
pd-user_4102412
pd-user_6768028
pd-user_9720995
pd-user_2828266
pd-user_1511547
pd-user_1860869
pd-user_5331586
pd-user_6280708
pd-user_2638221
pd-user_4191793
pd-user_6865680
pd-user_316873
pd-user_2894873
pd-user_433549
pd-user_552684
pd-user_3431961
pd-user_2991330
pd-user_1731446
pd-user_7383269
pd-user_4263286
pd-user_2294667
pd-user_3485083
pd-user_5454927
pd-user_3817137
pd-user_4121408
pd-user_859493
pd-user_2413804
pd-user_1467415
pd-user_5259288
pd-user_7574626
pd-user_9497020
pd-user_6402515
pd-user_4122526
pd-user_7969320
pd-user_6997123
pd-user_8024026
pd-user_7463856
pd-user_1549995
pd-user_8276491
pd-user_8228876
pd-user_5725855
pd-user_5508135
pd-user_5468664
pd-user_9376712
pd-user_6608493
pd-user_7328257
pd-user_2989199
pd-user_4825428
pd-user_8531337
pd-user_1625625
pd-user_9317826
pd-user_2429544
pd-user_9693355
pd-user_3720979
pd-user_32896
pd-user_3021018
pd-user_4266519
pd-user_766214
pd-user_7005279
pd-user_1207267
pd-user_3218123
pd-user_7279949
pd-user_6521183
pd-user_1796865
pd-user_9296910
pd-user_5227317
pd-user_3517419
pd-user_195822
pd-user_7049678
pd-user_7877734
pd-user_1970707
pd-user_4943573
pd-user_3946905
pd-user_8059662
pd-user_3247707
pd-user_6939763
pd-user_7791063
pd-user_3334816
pd-user_3944536
pd-user_7159391
pd-user_9574212
pd-user_2294515
pd-user_492999
pd-user_3956891
pd-user_4568844
pd-user_7212220
pd-user_9166723
pd-user_1338882
pd-user_1099592
pd-user_1983603
pd-user_8578074
pd-user_2419162
pd-user_3483058
pd-user_3224723
pd-user_3801834
pd-user_1886697
pd-user_1577589
pd-user_4341848
pd-user_2889974
pd-user_2943609
pd-user_6712017
pd-user_8660431
pd-user_136452
pd-user_3006100
pd-user_1287982
pd-user_235931
pd-user_2332006
pd-user_1235769
pd-user_7750256
pd-user_1658622
pd-user_5439771
pd-user_7389040
pd-user_5851688
pd-user_9240993
pd-user_8717685
pd-user_5767183
pd-user_5992336
pd-user_6658873
pd-user_6763065
pd-user_7264465
pd-user_8950564
pd-user_5106658
pd-user_5504731
pd-user_9416077
pd-user_647093
pd-user_9654206
pd-user_2642672
pd-user_7067468
pd-user_5728385
pd-user_7460984
pd-user_8729395
pd-user_4966718
pd-user_3582598
pd-user_9853779
pd-user_9371840
pd-user_8671651
pd-user_4718799
pd-user_5742068
pd-user_3465528
pd-user_8678189
pd-user_8390971
pd-user_2805931
pd-user_8420262
pd-user_4524506
pd-user_331144
pd-user_2457583
pd-user_7589010
pd-user_1182939
pd-user_4226859
pd-user_1923762
pd-user_8652807
pd-user_6420173
pd-user_7195841
pd-user_3454654
pd-user_9083845
pd-user_9568726
pd-user_105820
pd-user_8207447
pd-user_4616829
pd-user_6347087
pd-user_3354771
pd-user_5316201
pd-user_189624
pd-user_602637
pd-user_1173002
pd-user_2982270
pd-user_5253300
pd-user_9859881
pd-user_6520989
pd-user_3681137
pd-user_4958863
pd-user_4642168
pd-user_6262319
pd-user_2632876
pd-user_9746410
pd-user_8672648
pd-user_2593012
pd-user_3015514
pd-user_1204507
pd-user_3601333
pd-user_2074034
pd-user_1613893
pd-user_5861422
pd-user_4257809
pd-user_3091286
pd-user_8382287
pd-user_1341238
pd-user_3675036
pd-user_5843345
pd-user_5314682
pd-user_9948919
pd-user_5859515
pd-user_4516998
pd-user_2939996
pd-user_8329180
pd-user_256276
pd-user_870936
pd-user_6454668
pd-user_388303
pd-user_9249385
pd-user_1526678
pd-user_2774442
pd-user_4794640
pd-user_8459831
pd-user_5901795
pd-user_3620784
pd-user_5690035
pd-user_1868980
pd-user_901449
pd-user_2212834
pd-user_4868585
pd-user_4743469
pd-user_7813808
pd-user_6791475
pd-user_9863633
pd-user_4855389
pd-user_7712381
pd-user_2003355
pd-user_684738
pd-user_1133167
pd-user_6009382
pd-user_7860959
pd-user_5647156
pd-user_7339208
pd-user_3051080
pd-user_3658633
pd-user_9707766
pd-user_565283
pd-user_3382038
pd-user_6920507
pd-user_8755173
pd-user_2011491
pd-user_8087462
pd-user_9536897
pd-user_7539535
pd-user_3111490
pd-user_4537688
pd-user_8178387
pd-user_850150
pd-user_7110696
pd-user_7837527
pd-user_8239008
pd-user_1806598
pd-user_4622179
pd-user_4179204
pd-user_1618283
pd-user_5532707
pd-user_4680149
pd-user_5148137
pd-user_718069
pd-user_6537697
pd-user_3761635
pd-user_2640082
pd-user_1285608
pd-user_8020626
pd-user_8171233
pd-user_859997
pd-user_8005395
pd-user_9531146
pd-user_2525800
pd-user_9970656
pd-user_7690874
pd-user_8407755
pd-user_1853866
pd-user_9022185
pd-user_4743096
pd-user_9929000
pd-user_2900978
pd-user_9888863
pd-user_1226199
pd-user_1832779
pd-user_7175881
pd-user_3178608
pd-user_4395372
pd-user_6758843
pd-user_7885099
pd-user_1091430
pd-user_2343599
pd-user_1727963
pd-user_8804456
pd-user_8286291
pd-user_7935305
pd-user_9746233
pd-user_4020659
pd-user_98561
pd-user_3733356
pd-user_2991911
pd-user_9212461
pd-user_4301018
pd-user_9972446
pd-user_8710739
pd-user_3379637
pd-user_3736256
pd-user_1534996
pd-user_1013196
pd-user_6569666
pd-user_1158123
pd-user_3130003
pd-user_1866618
pd-user_9265515
pd-user_4807984
pd-user_1617415
pd-user_2548505
pd-user_682477
pd-user_8904514
pd-user_3501791
pd-user_3462849
pd-user_1701869
pd-user_1867879
pd-user_6328880
pd-user_2225143
pd-user_3663222
pd-user_9868385
pd-user_2107920
pd-user_2266118
pd-user_2969334
pd-user_8310611
pd-user_6077609
pd-user_5017430
pd-user_6264005
pd-user_9135086
pd-user_2791964
pd-user_1280170
pd-user_255790
pd-user_4098523
pd-user_2600032
pd-user_5536773
pd-user_9314241
pd-user_8438191
pd-user_2862197
pd-user_3048991
pd-user_4228002
pd-user_6544033
pd-user_5876690
pd-user_5447785
pd-user_7971193
pd-user_3538293
pd-user_5884396
pd-user_8977872
pd-user_7650360
pd-user_5949750
pd-user_3742795
pd-user_8384353
pd-user_6199198
pd-user_2628934
pd-user_7460735
pd-user_5726221
pd-user_3800776
pd-user_6851163
pd-user_7275065
pd-user_1373204
pd-user_5587616
pd-user_2841249
pd-user_5486929
pd-user_1031513
pd-user_2707443
pd-user_1348359
pd-user_7952674
pd-user_6181689
pd-user_289810
pd-user_4187536
pd-user_5435614
pd-user_4779135
pd-user_25200
pd-user_891675
pd-user_7830707
pd-user_143397
pd-user_251099
pd-user_5201397
pd-user_6977931
pd-user_1490524
pd-user_4071706
pd-user_2648884
pd-user_1105249
pd-user_5835304
pd-user_5864226
pd-user_9789343
pd-user_3350106
pd-user_9609673
pd-user_8272575
pd-user_8745692
pd-user_9398320
pd-user_8798992
pd-user_4794393
pd-user_8159968
pd-user_3124090
pd-user_3696048
pd-user_5334504
pd-user_377491
pd-user_1287853
pd-user_9909456
pd-user_8147757
pd-user_5804104
pd-user_6445841
pd-user_5770578
pd-user_9814310
pd-user_9994771
pd-user_866817
pd-user_8019070
pd-user_7822490
pd-user_5090646
pd-user_8516956
pd-user_9623956
pd-user_1542865
pd-user_6019442
pd-user_8137226
pd-user_9854651
pd-user_5271556
pd-user_3773533
pd-user_2435962
pd-user_9577158
pd-user_8228055
pd-user_7071255
pd-user_6067064
pd-user_5311017
pd-user_9043311
pd-user_6351870
pd-user_6055527
pd-user_6357240
pd-user_4838879
pd-user_3230643
pd-user_8785855
pd-user_9614791
pd-user_7530739
pd-user_5680967
pd-user_1623138
pd-user_7085379
pd-user_8783429
pd-user_9000704
pd-user_7546444
pd-user_4663460
pd-user_5303711
pd-user_2528404
pd-user_496091
pd-user_9684396
pd-user_6040924
pd-user_7015074
pd-user_6711569
pd-user_5634267
pd-user_7546261
pd-user_6942632
pd-user_4379153
pd-user_5697957
pd-user_2308881
pd-user_5032702
pd-user_3191238
pd-user_3990395
pd-user_8604953
pd-user_6660936
pd-user_8510583
pd-user_2993050
pd-user_9428740
pd-user_1034904
pd-user_2003843
pd-user_3700669
pd-user_8617549
pd-user_3720346
pd-user_9787613
pd-user_4505029
pd-user_9478571
pd-user_6154280
pd-user_6016227
pd-user_7660038
pd-user_598190
pd-user_671118
pd-user_1338978
pd-user_2924119
pd-user_331912
pd-user_2537974
pd-user_6229852
pd-user_8515227
pd-user_231083
pd-user_9339445
pd-user_2786557
pd-user_7669225
pd-user_80845
pd-user_55872
pd-user_5723471
pd-user_8722662
pd-user_7480804
pd-user_8282736
pd-user_1780166
pd-user_4438347
pd-user_6896557
pd-user_6897082
pd-user_8203819
pd-user_5549305
pd-user_3917530
pd-user_8265747
pd-user_9195816
pd-user_7730740
pd-user_5900267
pd-user_3065846
pd-user_5716940
pd-user_7608708
pd-user_6320227
pd-user_755352
pd-user_3237957
pd-user_7609957
pd-user_6394877
pd-user_5944478
pd-user_4313138
pd-user_5423749
pd-user_2064686
pd-user_7088480
pd-user_767934
pd-user_1134043
pd-user_7321459
pd-user_3179643
pd-user_2389007
pd-user_3386100
pd-user_5379864
pd-user_244551
pd-user_1983487
pd-user_7281416
pd-user_6085756
pd-user_1280044
pd-user_1986625
pd-user_5139205
pd-user_2829868
pd-user_4014337
pd-user_2119745
pd-user_8686823
pd-user_6274346
pd-user_6058234
pd-user_2324382
pd-user_7185206
pd-user_212595
pd-user_9965215
pd-user_954434
pd-user_5633048
pd-user_5711354
pd-user_6681252
pd-user_829627
pd-user_3792241
pd-user_1368623
pd-user_2899606
pd-user_7427700
pd-user_4680476
pd-user_5591014
pd-user_5628670
pd-user_6395732
pd-user_6797526
pd-user_1312173
pd-user_1340748
pd-user_4244944
pd-user_5170034
pd-user_4809687
pd-user_3271127
pd-user_198503
pd-user_88256
pd-user_812473
pd-user_730761
pd-user_3742830
pd-user_3366469
pd-user_9367743
pd-user_4293255
pd-user_7859572
pd-user_9838979
pd-user_5038822
pd-user_6945557
pd-user_1188899
pd-user_880790
pd-user_9384506
pd-user_7819726
pd-user_6292081
pd-user_7020504
pd-user_2481677
pd-user_736912
pd-user_9764274
pd-user_4128516
pd-user_5416608
pd-user_9095648
pd-user_9056856
pd-user_955090
pd-user_9325103
pd-user_9428117
pd-user_6542474
pd-user_3382767
pd-user_9738205
pd-user_7880170
pd-user_9612793
pd-user_9136177
pd-user_242600
pd-user_4064344
pd-user_9466280
pd-user_9891082
pd-user_4064160
pd-user_7012188
pd-user_1193557
pd-user_1452039
pd-user_7257385
pd-user_7177937
pd-user_496533
pd-user_7673871
pd-user_9637705
pd-user_2873846
pd-user_7789113
pd-user_4173313
pd-user_1772427
pd-user_6162980
pd-user_2489517
pd-user_1573907
pd-user_9752232
pd-user_3789328
pd-user_2018929
pd-user_3600894
pd-user_4625650
pd-user_5927830
pd-user_9750727
pd-user_3406662
pd-user_3251557
pd-user_6768151
pd-user_1341325
pd-user_4649957
pd-user_1307731
pd-user_9451005
pd-user_7824808
pd-user_7676758
pd-user_2582591
pd-user_4618793
pd-user_7376246
pd-user_156531
pd-user_4261006
pd-user_9584943
pd-user_5649773
pd-user_6913350
pd-user_8936002
pd-user_8305522
pd-user_5437829
pd-user_5065200
pd-user_4749953
pd-user_9589380
pd-user_9764333
pd-user_6149026
pd-user_8664246
pd-user_1285768
pd-user_4704374
pd-user_3510691
pd-user_8578015
pd-user_8734082
pd-user_3205361
pd-user_9573157
pd-user_7947889
pd-user_6587330
pd-user_9551603
pd-user_2886317
pd-user_3428671
pd-user_8793241
pd-user_8460283
pd-user_3564429
pd-user_3064267
pd-user_7185283
pd-user_4975244
pd-user_7655209
pd-user_7354082
pd-user_9761256
pd-user_4702461
pd-user_1306105
pd-user_6659004
pd-user_2453758
pd-user_8726445
pd-user_1696434
pd-user_5037514
pd-user_2071287
pd-user_7678706
pd-user_1043611
pd-user_6737163
pd-user_9230552
pd-user_9327385
pd-user_5327472
pd-user_2908194
pd-user_4121353
pd-user_7540675
pd-user_4564977
pd-user_708108
pd-user_6180641
pd-user_7618648
pd-user_593353
pd-user_2788519
pd-user_3947733
pd-user_4111431
pd-user_990784
pd-user_443299
pd-user_3247536
pd-user_7974916
pd-user_9663340
pd-user_4790168
pd-user_2719298
pd-user_2395160
pd-user_1783459
pd-user_9055
pd-user_3541940
pd-user_4828636
pd-user_3547559
pd-user_4634616
pd-user_7195233
pd-user_446369
pd-user_7708744
pd-user_6487373
pd-user_8385917
pd-user_7506747
pd-user_7843647
pd-user_7906972
pd-user_1504190
pd-user_9969688
pd-user_459478
pd-user_5232662
pd-user_5111203
pd-user_7370596
pd-user_7110680
pd-user_6124349
pd-user_4973830
pd-user_8409657
pd-user_4967502
pd-user_4643698
pd-user_452121
pd-user_8751632
pd-user_7205346
pd-user_7238677
pd-user_5835583
pd-user_3703966
pd-user_3111428
pd-user_2595362
pd-user_2116262
pd-user_6001562
pd-user_3538415
pd-user_6444909
pd-user_6598766
pd-user_7766741
pd-user_5728808
pd-user_9864851
pd-user_9223030
pd-user_5578345
pd-user_7521332
pd-user_7393503
pd-user_5401196
pd-user_8031111
pd-user_9309055
pd-user_8766470
pd-user_4429510
pd-user_4446891
pd-user_7302053
pd-user_8979910
pd-user_361859
pd-user_3243668
pd-user_5325086
pd-user_5291766
pd-user_9425838
pd-user_9691605
pd-user_5558789
pd-user_6358890
pd-user_7732573
pd-user_692646
pd-user_2619535
pd-user_5480518
pd-user_3387091
pd-user_4988707
pd-user_9694492
pd-user_3590275
pd-user_1620883
pd-user_2398148
pd-user_7657556
pd-user_6607928
pd-user_5683184
pd-user_6256647
pd-user_7958565
pd-user_9594501
pd-user_3706505
pd-user_8843165
pd-user_6311740
pd-user_5050728
pd-user_6441562
pd-user_1754261
pd-user_7880339
pd-user_7031023
pd-user_4165534
pd-user_7046537
pd-user_5055047
pd-user_1323364
pd-user_8457528
pd-user_2311135
pd-user_8001859
pd-user_5812529
pd-user_4436490
pd-user_7375384
pd-user_3575846
pd-user_4648597
pd-user_8703627
pd-user_1930705
pd-user_6525651
pd-user_6299965
pd-user_7466748
pd-user_1159914
pd-user_1885129
pd-user_8519414
pd-user_2546178
pd-user_2388979
pd-user_508476
pd-user_9487209
pd-user_5299982
pd-user_7605742
pd-user_8641960
pd-user_5118511
pd-user_4296878
pd-user_776115
pd-user_4681961
pd-user_4239101
pd-user_5646869
pd-user_6331536
pd-user_7731153
pd-user_8586402
pd-user_769388
pd-user_9211468
pd-user_8134390
pd-user_1167518
pd-user_2670288
pd-user_9287153
pd-user_2613675
pd-user_4265150
pd-user_5999961
pd-user_1123550
pd-user_1693260
pd-user_6876131
pd-user_1521715
pd-user_6682789
pd-user_835447
pd-user_2419553
pd-user_4851958
pd-user_9115536
pd-user_18848
pd-user_2593713
pd-user_9302684
pd-user_6670342
pd-user_781230
pd-user_386964
pd-user_4970369
pd-user_2665162
pd-user_3135058
pd-user_7960878
pd-user_8149225
pd-user_8032406
pd-user_2451369
pd-user_9273841
pd-user_6826229
pd-user_3599606
pd-user_367091
pd-user_4475870
pd-user_2669542
pd-user_3440272
pd-user_1550883
pd-user_2650845
pd-user_6539649
pd-user_4734625
pd-user_6854033
pd-user_2543491
pd-user_3346661
pd-user_1098038
pd-user_2755343
pd-user_3040143
pd-user_1724180
pd-user_1111388
pd-user_5812097
pd-user_6015702
pd-user_941059
pd-user_5243732
pd-user_3322482
pd-user_3978398
pd-user_1800882
pd-user_7621897
pd-user_3167939
pd-user_7802423
pd-user_3839839
pd-user_9630336
pd-user_5754516
pd-user_5306188
pd-user_7012896
pd-user_9198861
pd-user_1146476
pd-user_2188913
pd-user_4151610
pd-user_7939399
pd-user_5410665
pd-user_8370090
pd-user_7511575
pd-user_2045369
pd-user_5991943
pd-user_7496457
pd-user_206656
pd-user_9513073
pd-user_1860576
pd-user_8056564
pd-user_9487031
pd-user_2305480
pd-user_7197903
pd-user_876867
pd-user_569123
pd-user_478197
pd-user_7375981
pd-user_7821320
pd-user_6043765
pd-user_6711999
pd-user_1063522
pd-user_339368
pd-user_7782823
pd-user_6959533
pd-user_4111893
pd-user_1411929
pd-user_3383717
pd-user_1386763
pd-user_1898586
pd-user_7450108
pd-user_555929
pd-user_9517641
pd-user_6995303
pd-user_4679576
pd-user_3470742
pd-user_437555
pd-user_708974
pd-user_2920856
pd-user_5942863
pd-user_7992035
pd-user_3315879
pd-user_1938101
pd-user_3342671
pd-user_164948
pd-user_2759839
pd-user_2779536
pd-user_8707753
pd-user_6169909
pd-user_8370268
pd-user_8633865
pd-user_9712394
pd-user_5128180
pd-user_9858243
pd-user_7941075
pd-user_5750966
pd-user_9669796
pd-user_388877
pd-user_3077881
pd-user_1559033
pd-user_3920518
pd-user_3711027
pd-user_94205
pd-user_5194233
pd-user_3300112
pd-user_8766657
pd-user_4467854
pd-user_3482666
pd-user_9434294
pd-user_6099125
pd-user_4612567
pd-user_6613505
pd-user_9368410
pd-user_4378754
pd-user_2940624
pd-user_6495043
pd-user_2063374
pd-user_8808024
pd-user_1395551
pd-user_6456190
pd-user_1407403
pd-user_9788922
pd-user_1065379
pd-user_9198520
pd-user_3693458
pd-user_1018529
pd-user_2526115
pd-user_7456324
pd-user_2873907
pd-user_9081166
pd-user_2845316
pd-user_5760606
pd-user_8871051
pd-user_3510812
pd-user_6159224
pd-user_3219639
pd-user_3872410
pd-user_6438841
pd-user_3658227
pd-user_8851825
pd-user_5178987
pd-user_9551532
pd-user_8712955
pd-user_8559194
pd-user_4583759
pd-user_8072983
pd-user_8157494
pd-user_4157135
pd-user_9686057
pd-user_3368526
pd-user_795489
pd-user_899041
pd-user_7152887
pd-user_4545975
pd-user_9699224
pd-user_9977678
pd-user_3586103
pd-user_6603760
pd-user_2125882
pd-user_3966017
pd-user_9217271
pd-user_9270796
pd-user_880884
pd-user_4076751
pd-user_6601132
pd-user_4410082
pd-user_1136487
pd-user_5295867
pd-user_2835067
pd-user_852447
pd-user_4565373
pd-user_4914357
pd-user_7486851
pd-user_3107737
pd-user_2875790
pd-user_438942
pd-user_5406503
pd-user_5739286
pd-user_9252757
pd-user_5153498
pd-user_9260486
pd-user_3536443
pd-user_3966901
pd-user_4084238
pd-user_281344
pd-user_3481056
pd-user_3676113
pd-user_5193407
pd-user_3634934
pd-user_603672
pd-user_6928203
pd-user_4263285
pd-user_9619627
pd-user_6190492
pd-user_2197229
pd-user_7629625
pd-user_3381315
pd-user_1212190
pd-user_1586846
pd-user_2847332
pd-user_8919748
pd-user_2671018
pd-user_9828782
pd-user_7174183
pd-user_3090421
pd-user_5703887
pd-user_9934061
pd-user_9297184
pd-user_9586218
pd-user_4896896
pd-user_8732484
pd-user_7638610
pd-user_448620
pd-user_4697754
pd-user_8213168
pd-user_8751616
pd-user_2603105
pd-user_1518996
pd-user_4397104
pd-user_7494317
pd-user_1086491
pd-user_4867672
pd-user_7424650
pd-user_6960525
pd-user_9921164
pd-user_7003001
pd-user_4726203
pd-user_195829
pd-user_8598907
pd-user_9105127
pd-user_6204083
pd-user_4111533
pd-user_5192911
pd-user_834468
pd-user_3320621
pd-user_3728190
pd-user_7551173
pd-user_4977568
pd-user_3748330
pd-user_4378577
pd-user_8096098
pd-user_7997273
pd-user_7206607
pd-user_1095479
pd-user_5407151
pd-user_8889704
pd-user_7331219
pd-user_2811548
pd-user_288243
pd-user_7672397
pd-user_4803619
pd-user_8816654
pd-user_417812
pd-user_4080420
pd-user_7533924
pd-user_5845143
pd-user_683111
pd-user_3908969
pd-user_7339791
pd-user_139116
pd-user_3097314
pd-user_9314319
pd-user_7425590
pd-user_7599805
pd-user_526667
pd-user_38583
pd-user_4347847
pd-user_3268431
pd-user_853331
pd-user_1916687
pd-user_8708363
pd-user_3389604
pd-user_2829273
pd-user_8117616
pd-user_4813029
pd-user_1815230
pd-user_2827517
pd-user_4469799
pd-user_452337
pd-user_5760799
pd-user_8263392
pd-user_4301057
pd-user_2096805
pd-user_2720925
pd-user_3040567
pd-user_9788007
pd-user_7215747
pd-user_530785
pd-user_3553177
pd-user_9244978
pd-user_7689883
pd-user_6957640
pd-user_3494546
pd-user_3785559
pd-user_6932156
pd-user_5863020
pd-user_5688382
pd-user_1410648
pd-user_8931412
pd-user_9298985
pd-user_1483788
pd-user_5391419
pd-user_5032841
pd-user_7247402
pd-user_4163518
pd-user_388113
pd-user_6645615
pd-user_8917548
pd-user_7206898
pd-user_4411677
pd-user_6944056
pd-user_2903279
pd-user_7319782
pd-user_9057331
pd-user_4121171
pd-user_2975735
pd-user_492787
pd-user_9281220
pd-user_4902926
pd-user_9909066
pd-user_2910672
pd-user_9501374
pd-user_6893794
pd-user_2105247
pd-user_6444761
pd-user_5161495
pd-user_8222059
pd-user_9126016
pd-user_7016037
pd-user_18668
pd-user_7775376
pd-user_4941681
pd-user_7107446
pd-user_7439188
pd-user_565620
pd-user_9368462
pd-user_486866
pd-user_7318520
pd-user_9700572
pd-user_90707
pd-user_7612359
pd-user_3080188
pd-user_571649
pd-user_3046236
pd-user_515192
pd-user_8633139
pd-user_8979267
pd-user_1719274
pd-user_2786510
pd-user_5735406
pd-user_4273530
pd-user_4945075
pd-user_4619257
pd-user_1318413
pd-user_5063155
pd-user_9618629
pd-user_1372310
pd-user_4206726
pd-user_7726123
pd-user_7026341
pd-user_7216954
pd-user_2118559
pd-user_1305632
pd-user_2775650
pd-user_1541393
pd-user_5274382
pd-user_7859159
pd-user_488833
pd-user_2483786
pd-user_6228152
pd-user_9827482
pd-user_9636852
pd-user_6377616
pd-user_3061346
pd-user_4273193
pd-user_2310881
pd-user_3261197
pd-user_3218538
pd-user_3590127
pd-user_7599096
pd-user_1997177
pd-user_2063496
pd-user_189702
pd-user_2607323
pd-user_5072568
pd-user_4895795
pd-user_1946908
pd-user_1385381
pd-user_5318813
pd-user_7268402
pd-user_3640150
pd-user_2661411
pd-user_9972699
pd-user_2368414
pd-user_4800066
pd-user_8703932
pd-user_841090
pd-user_5200411
pd-user_2302519
pd-user_822040
pd-user_5132739
pd-user_802837
pd-user_2154809
pd-user_6987487
pd-user_8836841
pd-user_4968655
pd-user_1103091
pd-user_6366268
pd-user_8506435
pd-user_5724695
pd-user_2276627
pd-user_9879287
pd-user_4689524
pd-user_669107
pd-user_5937712
pd-user_1026662
pd-user_1446705
pd-user_3343122
pd-user_6991217
pd-user_466846
pd-user_429481
pd-user_2391411
pd-user_1049296
pd-user_9267711
pd-user_6846792
pd-user_2906685
pd-user_8690198
pd-user_3907417
pd-user_4218933
pd-user_5457973
pd-user_1296379
pd-user_4851194
pd-user_3901019
pd-user_634858
pd-user_2043620
pd-user_1283423
pd-user_7469498
pd-user_6852860
pd-user_4980658
pd-user_4079217
pd-user_7245384
pd-user_3042498
pd-user_2238458
pd-user_2424299
pd-user_2598199
pd-user_3075610
pd-user_9509920
pd-user_8339516
pd-user_7657905
pd-user_153596
pd-user_2712103
pd-user_5979952
pd-user_3111348
pd-user_9377315
pd-user_2011912
pd-user_5761484
pd-user_2485844
pd-user_2439606
pd-user_13560
pd-user_1500299
pd-user_8589243
pd-user_9495473
pd-user_7289809
pd-user_6834555
pd-user_3931422
pd-user_5193424
pd-user_5889370
pd-user_8108263
pd-user_5852076
pd-user_5137046
pd-user_7844437
pd-user_9711246
pd-user_4286565
pd-user_8040690
pd-user_3506743
pd-user_8756940
pd-user_9808929
pd-user_2242076
pd-user_7023669
pd-user_8762281
pd-user_1257789
pd-user_6816384
pd-user_5944269
pd-user_3335794
pd-user_6773684
pd-user_7122290
pd-user_4896320
pd-user_8030636
pd-user_1976211
pd-user_8493673
pd-user_8731361
pd-user_6535781
pd-user_2519625
pd-user_8521288
pd-user_9409513
pd-user_7362595
pd-user_8212492
pd-user_7908730
pd-user_1554376
pd-user_8895989
pd-user_8441294
pd-user_2939734
pd-user_1464098
pd-user_8870114
pd-user_6495350
pd-user_1559675
pd-user_9280747
pd-user_7751183
pd-user_7951091
pd-user_4034018
pd-user_7827972
pd-user_5235344
pd-user_5504736
pd-user_1453548
pd-user_1022950
pd-user_3725700
pd-user_1593589
pd-user_1170838
pd-user_8064781
pd-user_1369367
pd-user_9389890
pd-user_7482484
pd-user_6739657
pd-user_3465220
pd-user_1366545
pd-user_9488835
pd-user_5147935
pd-user_2601910
pd-user_216137
pd-user_2597070
pd-user_4062676
pd-user_6125747
pd-user_6439243
pd-user_1926754
pd-user_7392658
pd-user_2151931
pd-user_8445926
pd-user_2058291
pd-user_6874414
pd-user_6016125
pd-user_140941
pd-user_9764706
pd-user_6119857
pd-user_2200879
pd-user_9998119
pd-user_300161
pd-user_7573911
pd-user_1061359
pd-user_6628206
pd-user_1522647
pd-user_862673
pd-user_332423
pd-user_1601072
pd-user_7392718
pd-user_7352766
pd-user_9219839
pd-user_357012
pd-user_6974969
pd-user_2746633
pd-user_1523200
pd-user_1583261
pd-user_4111663
pd-user_4540642
pd-user_857430
pd-user_3395303
pd-user_8179318
pd-user_7167618
pd-user_8848390
pd-user_7763710
pd-user_9002367
pd-user_8056428
pd-user_3311613
pd-user_5620583
pd-user_9674518
pd-user_2381299
pd-user_9894071
pd-user_2157131
pd-user_644306
pd-user_1191916
pd-user_4901366
pd-user_7504612
pd-user_3701241
pd-user_1889442
pd-user_4332304
pd-user_6682222
pd-user_6969588
pd-user_4929387
pd-user_5110302
pd-user_618934
pd-user_2848373
pd-user_9370072
pd-user_1535440
pd-user_8843873
pd-user_990848
pd-user_2127149
pd-user_2451614
pd-user_8732298
pd-user_4139169
pd-user_1479985
pd-user_2266100
pd-user_9659365
pd-user_7859819
pd-user_4221070
pd-user_6364102
pd-user_6779543
pd-user_8969498
pd-user_7665744
pd-user_2876652
pd-user_1638290
pd-user_4894308
pd-user_7902087
pd-user_935083
pd-user_2345523
pd-user_9519840
pd-user_4836679
pd-user_1789917
pd-user_9785508
pd-user_7132216
pd-user_3998074
pd-user_6409279
pd-user_3063121
pd-user_6658280
pd-user_9305593
pd-user_6516226
pd-user_5171118
pd-user_414032
pd-user_6861513
pd-user_9110975
pd-user_2135358
pd-user_7983576
pd-user_8445327
pd-user_5554783
pd-user_9524641
pd-user_784541
pd-user_5700212
pd-user_9760422
pd-user_7014910
pd-user_2322212
pd-user_7505512
pd-user_7004179
pd-user_8888701
pd-user_1660907
pd-user_1310949
pd-user_3330233
pd-user_5270636
pd-user_41463
pd-user_2820790
pd-user_4500100
pd-user_9552748
pd-user_3819513
pd-user_3292114
pd-user_6156800
pd-user_5016561
pd-user_218172
pd-user_8370676
pd-user_8254240
pd-user_1290410
pd-user_6185806
pd-user_6045196
pd-user_7782964
pd-user_3670778
pd-user_2299822
pd-user_5731591
pd-user_582296
pd-user_7957299
pd-user_2963370
pd-user_6741727
pd-user_7614381
pd-user_1444951
pd-user_3245922
pd-user_9396436
pd-user_9515800
pd-user_1634163
pd-user_3134043
pd-user_1739858
pd-user_8230224
pd-user_328738
pd-user_3738925
pd-user_7409206
pd-user_1227325
pd-user_797072
pd-user_6793721
pd-user_5792495
pd-user_1278752
pd-user_1849416
pd-user_8397007
pd-user_640012
pd-user_1439491
pd-user_1991685
pd-user_2799623
pd-user_5394626
pd-user_2117663
pd-user_6045158
pd-user_9106598
pd-user_2571852
pd-user_5272586
pd-user_5757890
pd-user_1397139
pd-user_2237826
pd-user_9642182
pd-user_7610659
pd-user_6717390
pd-user_6713672
pd-user_6920087
pd-user_9804622
pd-user_5673780
pd-user_8856466
pd-user_2162705
pd-user_3821087
pd-user_4769722
pd-user_3051700
pd-user_6630097
pd-user_5108608
pd-user_8998963
pd-user_8454558
pd-user_2756712
pd-user_520073
pd-user_6652985
pd-user_5846558
pd-user_1239473
pd-user_3291191
pd-user_8093197
pd-user_6998072
pd-user_1151203
pd-user_837153
pd-user_5844856
pd-user_7267980
pd-user_3626904
pd-user_3755931
pd-user_7874199
pd-user_2957168
pd-user_4780404
pd-user_7842198
pd-user_9872423
pd-user_8854767
pd-user_3101692
pd-user_3847081
pd-user_45903
pd-user_4729095
pd-user_62364
pd-user_8196438
pd-user_1421768
pd-user_3573833
pd-user_5621447
pd-user_6727382
pd-user_9588904
pd-user_1779285
pd-user_1866652
pd-user_9430318
pd-user_6475326
pd-user_5189353
pd-user_948444
pd-user_9852720
pd-user_1760850
pd-user_3569343
pd-user_2279305
pd-user_5359138
pd-user_4787419
pd-user_9334801
pd-user_9207292
pd-user_230111
pd-user_8649209
pd-user_4716793
pd-user_6440928
pd-user_3371365
pd-user_5170683
pd-user_6062457
pd-user_3509506
pd-user_6855834
pd-user_322056
pd-user_1103732
pd-user_6578288
pd-user_2109010
pd-user_2223712
pd-user_2928838
pd-user_2426924
pd-user_6174494
pd-user_7557620
pd-user_9751054
pd-user_1838577
pd-user_2018261
pd-user_6630818
pd-user_4291467
pd-user_4394387
pd-user_8928896
pd-user_2016528
pd-user_9237391
pd-user_7554501
pd-user_7093834
pd-user_133840
pd-user_5249920
pd-user_4207559
pd-user_429223
pd-user_8579520
pd-user_9407248
pd-user_8585190
pd-user_5391508
pd-user_9085050
pd-user_103042
pd-user_7610936
pd-user_5871193
pd-user_2060699
pd-user_1813686
pd-user_2325514
pd-user_3203411
pd-user_5875162
pd-user_4938705
pd-user_2923800
pd-user_1195088
pd-user_7114903
pd-user_671161
pd-user_2425765
pd-user_8780908
pd-user_8486698
pd-user_618149
pd-user_5346251
pd-user_8822074
pd-user_3545977
pd-user_4321239
pd-user_5529873
pd-user_8851790
pd-user_9684723
pd-user_3311095
pd-user_5860343
pd-user_3417191
pd-user_4440846
pd-user_6250660
pd-user_7358926
pd-user_9548254
pd-user_7607091
pd-user_8383028
pd-user_3312342
pd-user_3198488
pd-user_6968742
pd-user_57559
pd-user_5824692
pd-user_2740905
pd-user_2425805
pd-user_9162456
pd-user_1722550
pd-user_9073211
pd-user_3836978
pd-user_1408469
pd-user_4314325
pd-user_741097
pd-user_3941919
pd-user_6222517
pd-user_7565242
pd-user_301688
pd-user_6770763
pd-user_7201358
pd-user_1506442
pd-user_5104757
pd-user_3665425
pd-user_1954981
pd-user_9184379
pd-user_5562517
pd-user_4893356
pd-user_4339533
pd-user_382089
pd-user_5443725
pd-user_991745
pd-user_8367527
pd-user_2294536
pd-user_745482
pd-user_6007153
pd-user_4773369
pd-user_4811438
pd-user_283473
pd-user_1868601
pd-user_1007819
pd-user_4252893
pd-user_2212377
pd-user_792792
pd-user_5528358
pd-user_2063935
pd-user_3847242
pd-user_5767449
pd-user_2743287
pd-user_2547081
pd-user_9223710
pd-user_8537044
pd-user_3594223
pd-user_9020358
pd-user_1091509
pd-user_5091390
pd-user_7663615
pd-user_9304518
pd-user_5556731
pd-user_7358099
pd-user_3007190
pd-user_1698473
pd-user_3451025
pd-user_5285137
pd-user_3193757
pd-user_2934732
pd-user_9769644
pd-user_7092115
pd-user_3934306
pd-user_2724878
pd-user_9620729
pd-user_3415825
pd-user_8489258
pd-user_4074992
pd-user_3728701
pd-user_9174377
pd-user_366520
pd-user_4073549
pd-user_7114738
pd-user_3477418
pd-user_1823117
pd-user_1281208
pd-user_6650719
pd-user_9256387
pd-user_3818388
pd-user_8357364
pd-user_4244699
pd-user_4580833
pd-user_2809176
pd-user_9203449
pd-user_3921072
pd-user_6212191
pd-user_1529097
pd-user_756471
pd-user_2378839
pd-user_186852
pd-user_8576783
pd-user_4271774
pd-user_1703381
pd-user_6211867
pd-user_4264370
pd-user_4799943
pd-user_3624557
pd-user_4630769
pd-user_9601803
pd-user_208733
pd-user_7236189
pd-user_6230596
pd-user_6638558
pd-user_3606880
pd-user_334246
pd-user_4128858
pd-user_1323174
pd-user_4926723
pd-user_9546569
pd-user_5493450
pd-user_4182696
pd-user_6942239
pd-user_3966029
pd-user_1056313
pd-user_2993115
pd-user_399035
pd-user_1427710
pd-user_7373524
pd-user_4019710
pd-user_808966
pd-user_5183111
pd-user_2558549
pd-user_1576479
pd-user_3202482
pd-user_7363804
pd-user_4816143
pd-user_9431363
pd-user_4482306
pd-user_3707437
pd-user_3281686
pd-user_6099743
pd-user_2131922
pd-user_856232
pd-user_4074307
pd-user_1251206
pd-user_8136915
pd-user_6872908
pd-user_9285777
pd-user_3262715
pd-user_7135892
pd-user_5284253
pd-user_11718
pd-user_4127841
pd-user_1150718
pd-user_1996722
pd-user_9573563
pd-user_3191947
pd-user_3702249
pd-user_6247867
pd-user_8184787
pd-user_3471926
pd-user_8345388
pd-user_2829074
pd-user_3327913
pd-user_7051969
pd-user_3282902
pd-user_1687748
pd-user_5676941
pd-user_7655856
pd-user_5017170
pd-user_3189640
pd-user_4278594
pd-user_9606120
pd-user_2255511
pd-user_2125008
pd-user_7931933
pd-user_5275926
pd-user_2816180
pd-user_6655971
pd-user_5296036
pd-user_4329924
pd-user_5284752
pd-user_8069612
pd-user_8109599
pd-user_378552
pd-user_9198448
pd-user_475101
pd-user_7943728
pd-user_2278734
pd-user_3031665
pd-user_809677
pd-user_4006124
pd-user_8531874
pd-user_5144005
pd-user_1976104
pd-user_912428
pd-user_9106808
pd-user_3620302
pd-user_1158171
pd-user_9804346
pd-user_9075063
pd-user_9592002
pd-user_8514758
pd-user_4103142
pd-user_8692117
pd-user_4339882
pd-user_9927588
pd-user_9508096
pd-user_1340
pd-user_8840720
pd-user_5405033
pd-user_7068589
pd-user_8397223
pd-user_6523041
pd-user_1775467
pd-user_1319983
pd-user_2173643
pd-user_3922727
pd-user_1811461
pd-user_9205042
pd-user_2440007
pd-user_5327083
pd-user_2679261
pd-user_8559181
pd-user_1573808
pd-user_8001566
pd-user_929403
pd-user_7231196
pd-user_9939940
pd-user_2680683
pd-user_820047
pd-user_3890405
pd-user_3180491
pd-user_7440991
pd-user_3046012
pd-user_6638358
pd-user_526756
pd-user_5099112
pd-user_6359407
pd-user_3748038
pd-user_1547102
pd-user_2725732
pd-user_4103504
pd-user_3711276
pd-user_5427642
pd-user_4083687
pd-user_1722084
pd-user_1522760
pd-user_5067699
pd-user_3705195
pd-user_2932085
pd-user_2445846
pd-user_7392939
pd-user_3041892
pd-user_1947703
pd-user_6155436
pd-user_9234347
pd-user_1308402
pd-user_3082148
pd-user_7080651
pd-user_3811763
pd-user_7797220
pd-user_8860428
pd-user_6449668
pd-user_5615209
pd-user_9431310
pd-user_2832455
pd-user_7564915
pd-user_691099
pd-user_6037750
pd-user_759666
pd-user_2134353
pd-user_5572640
pd-user_370374
pd-user_6993253
pd-user_5375616
pd-user_8632872
pd-user_6534850
pd-user_6494088
pd-user_7630438
pd-user_5731291
pd-user_3095084
pd-user_1669966
pd-user_866914
pd-user_5783508
pd-user_5283022
pd-user_9654910
pd-user_1271181
pd-user_3389922
pd-user_4467142
pd-user_8528891
pd-user_869710
pd-user_7678797
pd-user_3511186
pd-user_3581377
pd-user_3711084
pd-user_943268
pd-user_1350748
pd-user_7884289
pd-user_7675312
pd-user_8599722
pd-user_5527916
pd-user_2049836
pd-user_4909704
pd-user_8363577
pd-user_6355695
pd-user_5934513
pd-user_8647628
pd-user_3342460
pd-user_6686539
pd-user_8712771
pd-user_5395857
pd-user_7649045
pd-user_7014069
pd-user_1674313
pd-user_9490549
pd-user_3095479
pd-user_7063636
pd-user_1962246
pd-user_7440629
pd-user_2978311
pd-user_3700188
pd-user_6860511
pd-user_3837437
pd-user_9812785
pd-user_8708555
pd-user_4184559
pd-user_9579209
pd-user_6849241
pd-user_7090702
pd-user_7115063
pd-user_3773332
pd-user_2351419
pd-user_1257960
pd-user_2913701
pd-user_3279237
pd-user_1916210
pd-user_1736136
pd-user_9256132
pd-user_9324151
pd-user_9317893
pd-user_1329787
pd-user_4611247
pd-user_3519967
pd-user_3391391
pd-user_6225842
pd-user_2898751
pd-user_7752950
pd-user_937403
pd-user_4400224
pd-user_6707379
pd-user_5319320
pd-user_5430235
pd-user_7303385
pd-user_2911102
pd-user_8256500
pd-user_8248536
pd-user_8063817
pd-user_6579976
pd-user_581646
pd-user_9651176
pd-user_2323024
pd-user_9789292
pd-user_5238310
pd-user_4449159
pd-user_5122034
pd-user_3857014
pd-user_9862494
pd-user_9980315
pd-user_1136734
pd-user_5635419
pd-user_6660644
pd-user_1915326
pd-user_5644442
pd-user_4737908
pd-user_9891410
pd-user_2397490
pd-user_8904469
pd-user_6312247
pd-user_9121795
pd-user_8714932
pd-user_6860171
pd-user_7911486
pd-user_6864385
pd-user_9157324
pd-user_8991340
pd-user_8235880
pd-user_6558856
pd-user_6551059
pd-user_2334067
pd-user_8640067
pd-user_477018
pd-user_1580042
pd-user_5386592
pd-user_1913829
pd-user_7257727
pd-user_6849307
pd-user_3002548
pd-user_7113697
pd-user_8224829
pd-user_3636815
pd-user_7969569
pd-user_8267836
pd-user_2240068
pd-user_6566259
pd-user_6521901
pd-user_2102384
pd-user_7065934
pd-user_2944611
pd-user_4132328
pd-user_2716855
pd-user_578557
pd-user_1922642
pd-user_1922363
pd-user_1221830
pd-user_1314452
pd-user_5646600
pd-user_8504050
pd-user_5784165
pd-user_7602159
pd-user_8714289
pd-user_6090053
pd-user_4260697
pd-user_5352579
pd-user_8738763
pd-user_8048725
pd-user_5970601
pd-user_6568839
pd-user_1348285
pd-user_7779465
pd-user_1412376
pd-user_3775902
pd-user_1155493
pd-user_2181993
pd-user_5766282
pd-user_9439761
pd-user_8426936
pd-user_2840619
pd-user_8844688
pd-user_6145046
pd-user_7428076
pd-user_3285171
pd-user_6426800
pd-user_8334752
pd-user_3911852
pd-user_1506912
pd-user_4996486
pd-user_45351
pd-user_7386189
pd-user_8368538
pd-user_6784289
pd-user_4221420
pd-user_7003544
pd-user_5407461
pd-user_920460
pd-user_4122738
pd-user_1709479
pd-user_8338024
pd-user_7222668
pd-user_2303256
pd-user_1247720
pd-user_2888963
pd-user_1598392
pd-user_5147070
pd-user_5975510
pd-user_8316482
pd-user_6781818
pd-user_2654685
pd-user_3864955
pd-user_4261036
pd-user_7149595
pd-user_29396
pd-user_8861969
pd-user_2571483
pd-user_5442236
pd-user_3536404
pd-user_405365
pd-user_2900954
pd-user_787295
pd-user_9103236
pd-user_9698056
pd-user_3577409
pd-user_8124404
pd-user_9561260
pd-user_318937
pd-user_3335864
pd-user_8815842
pd-user_8039970
pd-user_3198007
pd-user_8147239
pd-user_3552436
pd-user_2442404
pd-user_8340186
pd-user_7742371
pd-user_6295543
pd-user_3731967
pd-user_3212333
pd-user_9969966
pd-user_6210995
pd-user_311534
pd-user_6843007
pd-user_6306360
pd-user_9549277
pd-user_4268691
pd-user_609121
pd-user_9719356
pd-user_2317215
pd-user_491647
pd-user_151734
pd-user_2243382
pd-user_6353963
pd-user_7663323
pd-user_5284053
pd-user_4666618
pd-user_5607269
pd-user_484624
pd-user_2970698
pd-user_2960459
pd-user_2348885
pd-user_2594317
pd-user_8288095
pd-user_4462902
pd-user_726261
pd-user_6277420
pd-user_1659780
pd-user_7124936
pd-user_7956016
pd-user_3702118
pd-user_292602
pd-user_593854
pd-user_7086767
pd-user_2524955
pd-user_4892827
pd-user_8383532
pd-user_1673105
pd-user_9873773
pd-user_522839
pd-user_4369756
pd-user_9229951
pd-user_1926800
pd-user_4972322
pd-user_1408856
pd-user_3006089
pd-user_4523136
pd-user_7197289
pd-user_5282441
pd-user_2820915
pd-user_3023742
pd-user_5480079
pd-user_5113830
pd-user_7801497
pd-user_8251493
pd-user_5947849
pd-user_3912476
pd-user_8825704
pd-user_7367926
pd-user_2629930
pd-user_13805
pd-user_1537248
pd-user_9583669
pd-user_1169079
pd-user_3279219
pd-user_5917186
pd-user_7852219
pd-user_6468378
pd-user_6241318
pd-user_946881
pd-user_3418754
pd-user_6944121
pd-user_3632260
pd-user_5125400
pd-user_6899522
pd-user_1049758
pd-user_2322187
pd-user_8373607
pd-user_3188083
pd-user_4370307
pd-user_4099068
pd-user_8348422
pd-user_5668196
pd-user_189549
pd-user_7065939
pd-user_2814576
pd-user_4927656
pd-user_9393568
pd-user_69195
pd-user_5180548
pd-user_2302946
pd-user_6469114
pd-user_4294412
pd-user_9935077
pd-user_7695476
pd-user_8933218
pd-user_5217303
pd-user_2361315
pd-user_987196
pd-user_6116205
pd-user_5886319
pd-user_3818025
pd-user_4474798
pd-user_1108859
pd-user_673527
pd-user_7577200
pd-user_6448041
pd-user_3689318
pd-user_648144
pd-user_9748412
pd-user_9391133
pd-user_6892333
pd-user_6509734
pd-user_7616998
pd-user_6250685
pd-user_3289404
pd-user_4249657
pd-user_2974754
pd-user_9137653
pd-user_4376280
pd-user_456836
pd-user_4242147
pd-user_2050100
pd-user_2941181
pd-user_6945950
pd-user_2338228
pd-user_8667308
pd-user_3955881
pd-user_2376419
pd-user_9016855
pd-user_9184615
pd-user_3315150
pd-user_7706541
pd-user_61067
pd-user_5872371
pd-user_900130
pd-user_6910109
pd-user_9732312
pd-user_2981938
pd-user_1840636
pd-user_8217197
pd-user_1209823
pd-user_3939200
pd-user_4867206
pd-user_7078506
pd-user_745372
pd-user_204570
pd-user_1825499
pd-user_7301701
pd-user_9076897
pd-user_7391002
pd-user_5847967
pd-user_8680567
pd-user_8356360
pd-user_3951846
pd-user_7052549
pd-user_6035946
pd-user_4020269
pd-user_4767330
pd-user_2759346
pd-user_134122
pd-user_7403908
pd-user_7338918
pd-user_7466448
pd-user_9094084
pd-user_7959193
pd-user_8902589
pd-user_6242320
pd-user_8045944
pd-user_5520178
pd-user_1273195
pd-user_8429374
pd-user_6159983
pd-user_1639922
pd-user_212099
pd-user_729816
pd-user_7991437
pd-user_7814423
pd-user_4501119
pd-user_8358441
pd-user_5778181
pd-user_2476386
pd-user_3832298
pd-user_8831818
pd-user_2853020
pd-user_5963500
pd-user_570053
pd-user_7782944
pd-user_7777925
pd-user_9165553
pd-user_6842891
pd-user_700538
pd-user_2111984
pd-user_7009973
pd-user_3718492
pd-user_8529023
pd-user_8989300
pd-user_191094
pd-user_6964961
pd-user_1162919
pd-user_1268707
pd-user_8804110
pd-user_4007066
pd-user_2554972
pd-user_5132302
pd-user_1991343
pd-user_4500555
pd-user_1749137
pd-user_7621405
pd-user_9164979
pd-user_9292562
pd-user_361965
pd-user_111996
pd-user_6712367
pd-user_1037072
pd-user_9057907
pd-user_6266309
pd-user_6216554
pd-user_5614596
pd-user_9517971
pd-user_2023286
pd-user_4094050
pd-user_4603974
pd-user_6889791
pd-user_2521903
pd-user_2477058
pd-user_8076889
pd-user_2653934
pd-user_4255887
pd-user_9769081
pd-user_7499028
pd-user_7235487
pd-user_3359778
pd-user_8056574
pd-user_3053823
pd-user_7072804
pd-user_5610330
pd-user_6249276
pd-user_712030
pd-user_2809575
pd-user_6778782
pd-user_1630736
pd-user_2124802
pd-user_3346195
pd-user_2922417
pd-user_8173135
pd-user_8398700
pd-user_1924007
pd-user_8400997
pd-user_5575039
pd-user_8241424
pd-user_4943304
pd-user_7806408
pd-user_886270
pd-user_7013864
pd-user_6402269
pd-user_4121434
pd-user_1050552
pd-user_6184001
pd-user_8916617
pd-user_2925280
pd-user_1802635
pd-user_5404379
pd-user_1278945
pd-user_7646724
pd-user_4652260
pd-user_1019038
pd-user_1018917
pd-user_3932260
pd-user_4684763
pd-user_4868040
pd-user_1175704
pd-user_7076022
pd-user_2760172
pd-user_4375929
pd-user_8014995
pd-user_3123317
pd-user_7492541
pd-user_5884074
pd-user_5339637
pd-user_9350644
pd-user_6691533
pd-user_3290568
pd-user_7153052
pd-user_3896085
pd-user_200804
pd-user_9253342
pd-user_5540977
pd-user_6510965
pd-user_7578107
pd-user_1673888
pd-user_7134450
pd-user_7423167
pd-user_6978716
pd-user_5784184
pd-user_4448237
pd-user_4702579
pd-user_4087740
pd-user_5761446
pd-user_7697108
pd-user_7053577
pd-user_3801734
pd-user_8255987
pd-user_8828355
pd-user_677638
pd-user_143443
pd-user_441968
pd-user_3415176
pd-user_6914450
pd-user_4094169
pd-user_6617870
pd-user_5301845
pd-user_4946325
pd-user_3543599
pd-user_2746323
pd-user_7616387
pd-user_5480183
pd-user_5993779
pd-user_2866400
pd-user_1547003
pd-user_5208882
pd-user_1142643
pd-user_4213609
pd-user_8157965
pd-user_3708218
pd-user_5306778
pd-user_4915437
pd-user_7527982
pd-user_4511311
pd-user_4538586
pd-user_2965144
pd-user_6630826
pd-user_7488627
pd-user_8724865
pd-user_4909761
pd-user_6219794
pd-user_2612561
pd-user_5207144
pd-user_936009
pd-user_3531701
pd-user_6726240
pd-user_7830582
pd-user_7818782
pd-user_7261668
pd-user_8714998
pd-user_1814662
pd-user_8861647
pd-user_364648
pd-user_9583948
pd-user_6429956
pd-user_350909
pd-user_1844900
pd-user_9388211
pd-user_4239731
pd-user_6344672
pd-user_8844812
pd-user_2115412
pd-user_3803751
pd-user_3200189
pd-user_6199035
pd-user_1059602
pd-user_6784706
pd-user_9060036
pd-user_1693988
pd-user_5430147
pd-user_159807
pd-user_4287643
pd-user_5534285
pd-user_9825421
pd-user_4050074
pd-user_1399911
pd-user_2306905
pd-user_2927146
pd-user_1585721
pd-user_2527668
pd-user_8690391
pd-user_1538624
pd-user_9567409
pd-user_6387784
pd-user_3558170
pd-user_6584252
pd-user_7036858
pd-user_3404554
pd-user_9421189
pd-user_9956459
pd-user_2914886
pd-user_5458133
pd-user_1660667
pd-user_3889348
pd-user_6565978
pd-user_1677732
pd-user_1987123
pd-user_877421
pd-user_779836
pd-user_27432
pd-user_8894345
pd-user_6345412
pd-user_2484781
pd-user_1253602
pd-user_9437240
pd-user_3325803
pd-user_6127339
pd-user_7926987
pd-user_7398382
pd-user_698031
pd-user_2445312
pd-user_2671292
pd-user_5963028
pd-user_9415482
pd-user_492863
pd-user_8785744
pd-user_8704714
pd-user_8915329
pd-user_162086
pd-user_9904048
pd-user_3991723
pd-user_2770641
pd-user_2499906
pd-user_6634160
pd-user_9114188
pd-user_3330391
pd-user_7955701
pd-user_9327654
pd-user_785807
pd-user_6005984
pd-user_9839127
pd-user_435191
pd-user_5146950
pd-user_9465050
pd-user_2444241
pd-user_6872408
pd-user_2087597
pd-user_1731352
pd-user_1040508
pd-user_5927310
pd-user_405993
pd-user_1431436
pd-user_5618216
pd-user_8787514
pd-user_7646990
pd-user_7166813
pd-user_2740881
pd-user_2588653
pd-user_7678789
pd-user_7899192
pd-user_9760314
pd-user_9601854
pd-user_8363915
pd-user_7033638
pd-user_3145059
pd-user_2533165
pd-user_9098714
pd-user_6417960
pd-user_2101700
pd-user_5417720
pd-user_992480
pd-user_7835596
pd-user_4320628
pd-user_8245212
pd-user_4425351
pd-user_8003048
pd-user_9276532
pd-user_2619117
pd-user_9394232
pd-user_5447423
pd-user_8022370
pd-user_6461646
pd-user_6528150
pd-user_5819815
pd-user_8926410
pd-user_956789
pd-user_9819944
pd-user_5315616
pd-user_7666550
pd-user_8396936
pd-user_6668319
pd-user_7201677
pd-user_572400
pd-user_7773622
pd-user_8299496
pd-user_5191539
pd-user_4050310
pd-user_1874104
pd-user_5240113
pd-user_5917454
pd-user_5118279
pd-user_7106452
pd-user_1402170
pd-user_3781416
pd-user_1870806
pd-user_9660071
pd-user_1602653
pd-user_2017335
pd-user_2159814
pd-user_468899
pd-user_733035
pd-user_2858664
pd-user_451968
pd-user_9631357
pd-user_5570156
pd-user_4522652
pd-user_7316488
pd-user_4687534
pd-user_7634052
pd-user_8697828
pd-user_9890501
pd-user_2664129
pd-user_5067620
pd-user_2088454
pd-user_5628732
pd-user_3146780
pd-user_7586058
pd-user_8228528
pd-user_1370218
pd-user_649988
pd-user_4988430
pd-user_3441142
pd-user_8407422
pd-user_8456708
pd-user_2883627
pd-user_6686013
pd-user_3719366
pd-user_7770606
pd-user_3528763
pd-user_569911
pd-user_5961475
pd-user_7235817
pd-user_9817670
pd-user_8476048
pd-user_9967178
pd-user_9668304
pd-user_3093337
pd-user_4969574
pd-user_7922955
pd-user_1907336
pd-user_9175478
pd-user_7327782
pd-user_8829043
pd-user_8010569
pd-user_3848659
pd-user_8333088
pd-user_7712267
pd-user_4963683
pd-user_8315958
pd-user_8768249
pd-user_1963151
pd-user_4634543
pd-user_6750621
pd-user_8134246
pd-user_1244143
pd-user_2839023
pd-user_6268926
pd-user_2941421
pd-user_7322218
pd-user_2453433
pd-user_6299937
pd-user_4653979
pd-user_2888198
pd-user_4358950
pd-user_5882897
pd-user_5459746
pd-user_485273
pd-user_9913661
pd-user_4737597
pd-user_4204503
pd-user_3150253
pd-user_7261826
pd-user_8709465
pd-user_9319494
pd-user_8537301
pd-user_806069
pd-user_1358411
pd-user_4333638
pd-user_4005535
pd-user_8530350
pd-user_4501887
pd-user_1373163
pd-user_5650975
pd-user_4457806
pd-user_579916
pd-user_7361228
pd-user_9468777
pd-user_3113105
pd-user_3300935
pd-user_6860257
pd-user_692912
pd-user_9723867
pd-user_3492701
pd-user_3204036
pd-user_660405
pd-user_6177969
pd-user_9166653
pd-user_1030000
pd-user_4894179
pd-user_9716874
pd-user_8336675
pd-user_3601742
pd-user_9308600
pd-user_6659874
pd-user_2847339
pd-user_972409
pd-user_2271832
pd-user_1699554
pd-user_205186
pd-user_8797525
pd-user_7212571
pd-user_2001965
pd-user_9170157
pd-user_7093120
pd-user_7796156
pd-user_9010649
pd-user_2055065
pd-user_8579768
pd-user_8335033
pd-user_5228965
pd-user_2292862
pd-user_2038789
pd-user_4373409
pd-user_3453632
pd-user_5827531
pd-user_393297
pd-user_9462481
pd-user_9727996
pd-user_5238999
pd-user_286771
pd-user_4302610
pd-user_5059278
pd-user_7292022
pd-user_7578960
pd-user_5730765
pd-user_2962003
pd-user_4962133
pd-user_7305226
pd-user_5317820
pd-user_3651065
pd-user_7851567
pd-user_4272144
pd-user_6819742
pd-user_7049222
pd-user_304603
pd-user_9543956
pd-user_9488017
pd-user_9402732
pd-user_1114589
pd-user_3257943
pd-user_8093079
pd-user_5691228
pd-user_5643181
pd-user_5851083
pd-user_8315816
pd-user_8801103
pd-user_2101798
pd-user_3385017
pd-user_5354402
pd-user_5279168
pd-user_213018
pd-user_3053054
pd-user_1671573
pd-user_6539967
pd-user_2448722
pd-user_8517415
pd-user_6769378
pd-user_7816540
pd-user_7194918
pd-user_3924464
pd-user_6300636
pd-user_7095785
pd-user_872288
pd-user_2461464
pd-user_9484716
pd-user_4457075
pd-user_434971
pd-user_2059768
pd-user_1656500
pd-user_6312385
pd-user_1326890
pd-user_9265004
pd-user_814983
pd-user_9190809
pd-user_5817549
pd-user_9103928
pd-user_5112323
pd-user_3441239
pd-user_645464
pd-user_5427311
pd-user_3697862
pd-user_1671431
pd-user_2763
pd-user_9210246
pd-user_5010868
pd-user_1523844
pd-user_6063468
pd-user_7374004
pd-user_442204
pd-user_8859399
pd-user_5263980
pd-user_4055103
pd-user_1002511
pd-user_427039
pd-user_2630673
pd-user_2782788
pd-user_9358781
pd-user_7715812
pd-user_6476886
pd-user_2465785
pd-user_8392525
pd-user_9333343
pd-user_3101538
pd-user_9596916
pd-user_2303326
pd-user_4633313
pd-user_7159054
pd-user_2248839
pd-user_2674794
pd-user_1174685
pd-user_8210299
pd-user_2663213
pd-user_5807751
pd-user_6507079
pd-user_9141133
pd-user_9400509
pd-user_6027928
pd-user_5456754
pd-user_5425308
pd-user_9958880
pd-user_2588911
pd-user_8855041
pd-user_3068393
pd-user_5817350
pd-user_633892
pd-user_921719
pd-user_8306644
pd-user_756752
pd-user_1891345
pd-user_3447007
pd-user_810771
pd-user_2423933
pd-user_3147069
pd-user_1672586
pd-user_216898
pd-user_7659870
pd-user_6350444
pd-user_6977948
pd-user_6860827
pd-user_2129302
pd-user_9406168
pd-user_6699278
pd-user_1282322
pd-user_5249720
pd-user_1176082
pd-user_7571175
pd-user_1604885
pd-user_2017786
pd-user_6639227
pd-user_8503520
pd-user_1755168
pd-user_5285008
pd-user_8755422
pd-user_5145431
pd-user_6748599
pd-user_1835977
pd-user_7105058
pd-user_5651483
pd-user_6529778
pd-user_5760047
pd-user_4457687
pd-user_7292292
pd-user_7553772
pd-user_6056285
pd-user_3684674
pd-user_4436434
pd-user_1365859
pd-user_1357259
pd-user_6490937
pd-user_8051748
pd-user_1390212
pd-user_7897577
pd-user_766409
pd-user_3591903
pd-user_1348857
pd-user_7506031
pd-user_2237846
pd-user_7227161
pd-user_6465951
pd-user_412545
pd-user_3000827
pd-user_4808150
pd-user_6340417
pd-user_3760161
pd-user_5123079
pd-user_6831593
pd-user_1589229
pd-user_4245645
pd-user_7030894
pd-user_9465474
pd-user_5137050
pd-user_8433076
pd-user_4422109
pd-user_7556482
pd-user_1423945
pd-user_6305744
pd-user_2546122
pd-user_1334299
pd-user_2920254
pd-user_8812169
pd-user_4240073
pd-user_6599063
pd-user_240311
pd-user_5103684
pd-user_1294255
pd-user_4931795
pd-user_118717
pd-user_5487550
pd-user_2138686
pd-user_9370463
pd-user_4850645
pd-user_4927907
pd-user_1257624
pd-user_9296765
pd-user_9849628
pd-user_8166130
pd-user_2963510
pd-user_4419600
pd-user_4653187
pd-user_4693705
pd-user_5497469
pd-user_723037
pd-user_3497126
pd-user_9125352
pd-user_3132449
pd-user_6030552
pd-user_3171117
pd-user_6473852
pd-user_6991896
pd-user_924838
pd-user_1810040
pd-user_5486067
pd-user_9703318
pd-user_9241585
pd-user_371152
pd-user_7495148
pd-user_352770
pd-user_9069309
pd-user_6575158
pd-user_2389355
pd-user_9347417
pd-user_894496
pd-user_5061999
pd-user_1766045
pd-user_9911450
pd-user_1912538
pd-user_5766826
pd-user_7693297
pd-user_7187325
pd-user_3812871
pd-user_1700172
pd-user_1690229
pd-user_6811598
pd-user_2779621
pd-user_941001
pd-user_7883585
pd-user_6657876
pd-user_6610423
pd-user_2659169
pd-user_57760
pd-user_2726297
pd-user_6421082
pd-user_8248519
pd-user_830177
pd-user_6455256
pd-user_1884952
pd-user_3107024
pd-user_2557328
pd-user_490480
pd-user_2984569
pd-user_9376678
pd-user_5684738
pd-user_4299888
pd-user_1835338
pd-user_2552111
pd-user_9995855
pd-user_2516300
pd-user_6899241
pd-user_6032861
pd-user_941884
pd-user_8845580
pd-user_1000731
pd-user_17001
pd-user_709844
pd-user_9540733
pd-user_7197435
pd-user_9442320
pd-user_535692
pd-user_2840368
pd-user_1468685
pd-user_7980084
pd-user_3733947
pd-user_7859165
pd-user_9429057
pd-user_9282632
pd-user_1823735
pd-user_7631833
pd-user_6142543
pd-user_9872874
pd-user_3221643
pd-user_6437895
pd-user_9973525
pd-user_5174397
pd-user_8965964
pd-user_7508829
pd-user_5236711
pd-user_9671200
pd-user_8830163
pd-user_2787810
pd-user_3899369
pd-user_5151350
pd-user_7229593
pd-user_7414959
pd-user_6303548
pd-user_9459818
pd-user_1346707
pd-user_8769374
pd-user_4345272
pd-user_4321505
pd-user_7187805
pd-user_5991042
pd-user_7484832
pd-user_5658229
pd-user_7571503
pd-user_7979741
pd-user_8098154
pd-user_6293739
pd-user_9049416
pd-user_2310001
pd-user_1245488
pd-user_7948351
pd-user_9065801
pd-user_1499400
pd-user_9216779
pd-user_9103060
pd-user_931153
pd-user_176419
pd-user_9343355
pd-user_6916153
pd-user_8889107
pd-user_9771950
pd-user_116737
pd-user_2533820
pd-user_3459584
pd-user_7762432
pd-user_8684569
pd-user_2338157
pd-user_7851761
pd-user_3401660
pd-user_6322533
pd-user_3687107
pd-user_3012187
pd-user_5689431
pd-user_7640170
pd-user_6989221
pd-user_5142741
pd-user_5214107
pd-user_4855848
pd-user_8938268
pd-user_6555834
pd-user_6194027
pd-user_3051365
pd-user_5717144
pd-user_1356274
pd-user_9245010
pd-user_9947916
pd-user_1805955
pd-user_7952554
pd-user_5697803
pd-user_2995051
pd-user_7324096
pd-user_4749013
pd-user_5207795
pd-user_3770290
pd-user_5336078
pd-user_6065436
pd-user_1717596
pd-user_2159500
pd-user_496430
pd-user_2986395
pd-user_527415
pd-user_7846127
pd-user_818414
pd-user_3344174
pd-user_6600227
pd-user_2707327
pd-user_9846823
pd-user_6530130
pd-user_8526578
pd-user_5909457
pd-user_1455668
pd-user_3166860
pd-user_9655840
pd-user_9370403
pd-user_2305496
pd-user_1634809
pd-user_6845331
pd-user_2394835
pd-user_8385273
pd-user_7273212
pd-user_8822853
pd-user_4333112
pd-user_2903119
pd-user_1188864
pd-user_6590024
pd-user_781501
pd-user_2229051
pd-user_4280373
pd-user_3636504
pd-user_8193960
pd-user_6913280
pd-user_3470286
pd-user_2788033
pd-user_5618214
pd-user_7365494
pd-user_816216
pd-user_6346838
pd-user_4303798
pd-user_6973931
pd-user_2863754
pd-user_8747249
pd-user_8958844
pd-user_234982
pd-user_3012708
pd-user_281386
pd-user_6515550
pd-user_3941520
pd-user_1677387
pd-user_7683856
pd-user_6257276
pd-user_6383172
pd-user_7579764
pd-user_6679743
pd-user_8020003
pd-user_7221009
pd-user_1579600
pd-user_5588919
pd-user_7725536
pd-user_2340192
pd-user_8056959
pd-user_6627381
pd-user_757407
pd-user_6087179
pd-user_488248
pd-user_2125914
pd-user_1547701
pd-user_2316005
pd-user_6532020
pd-user_8924183
pd-user_8082112
pd-user_6384259
pd-user_8334627
pd-user_597361
pd-user_8798514
pd-user_3660802
pd-user_9483927
pd-user_2383433
pd-user_7338599
pd-user_7994093
pd-user_3494785
pd-user_680167
pd-user_8764905
pd-user_7198729
pd-user_8823257
pd-user_699539
pd-user_8074283
pd-user_3712750
pd-user_3316551
pd-user_7997543
pd-user_4178688
pd-user_1956251
pd-user_9472278
pd-user_7286876
pd-user_8905949
pd-user_9266347
pd-user_8273835
pd-user_9104799
pd-user_8538829
pd-user_8040
pd-user_9777945
pd-user_1625637
pd-user_1427887
pd-user_5096982
pd-user_4179440
pd-user_9929941
pd-user_3367215
pd-user_5447393
pd-user_6440220
pd-user_1530491
pd-user_7676438
pd-user_766084
pd-user_6290763
pd-user_1050078
pd-user_155003
pd-user_3027814
pd-user_8747708
pd-user_4960749
pd-user_9761123
pd-user_7387039
pd-user_8149514
pd-user_5326713
pd-user_9951886
pd-user_4272000
pd-user_5735571
pd-user_3305750
pd-user_2577053
pd-user_2365371
pd-user_9998633
pd-user_3650347
pd-user_6289456
pd-user_5429073
pd-user_4829277
pd-user_4798489
pd-user_466841
pd-user_5019022
pd-user_2032294
pd-user_854146
pd-user_3294369
pd-user_4671265
pd-user_9284137
pd-user_2925158
pd-user_5244452
pd-user_8047951
pd-user_8866771
pd-user_9642974
pd-user_7892158
pd-user_8131287
pd-user_6531417
pd-user_4831873
pd-user_2589969
pd-user_4827593
pd-user_701152
pd-user_7431535
pd-user_5706702
pd-user_2288523
pd-user_8975682
pd-user_54050
pd-user_7564443
pd-user_6304265
pd-user_1140292
pd-user_1404832
pd-user_6334740
pd-user_8100939
pd-user_4875665
pd-user_3584931
pd-user_1717334
pd-user_1687838
pd-user_8622063
pd-user_5718627
pd-user_1617320
pd-user_4689588
pd-user_1042714
pd-user_5162786
pd-user_9562803
pd-user_3634602
pd-user_3402681
pd-user_5499003
pd-user_6097005
pd-user_6458403
pd-user_2848261
pd-user_8513444
pd-user_1591535
pd-user_201332
pd-user_4806864
pd-user_7441706
pd-user_3427062
pd-user_3999618
pd-user_6620911
pd-user_1623660
pd-user_2312308
pd-user_9330164
pd-user_6944103
pd-user_1237988
pd-user_696044
pd-user_5679909
pd-user_5937665
pd-user_3951189
pd-user_1905495
pd-user_9499517
pd-user_1909406
pd-user_8393149
pd-user_6782345
pd-user_2476690
pd-user_1362686
pd-user_8104823
pd-user_5188018
pd-user_8046914
pd-user_944413
pd-user_6357699
pd-user_9643254
pd-user_7218981
pd-user_8069594
pd-user_499631
pd-user_3226705
pd-user_2649037
pd-user_1865523
pd-user_359394
pd-user_2654584
pd-user_292428
pd-user_1805050
pd-user_5125747
pd-user_1161001
pd-user_4142038
pd-user_9634458
pd-user_3371499
pd-user_4918232
pd-user_403480
pd-user_4591595
pd-user_8989218
pd-user_9282733
pd-user_5914985
pd-user_2479941
pd-user_6693994
pd-user_8598748
pd-user_8735739
pd-user_1893394
pd-user_7161125
pd-user_2525053
pd-user_1664407
pd-user_7496680
pd-user_7258503
pd-user_1219945
pd-user_6840854
pd-user_1751999
pd-user_7362716
pd-user_5334599
pd-user_3813385
pd-user_8834928
pd-user_142229
pd-user_1421928
pd-user_5626586
pd-user_8207505
pd-user_9228686
pd-user_8220536
pd-user_6197411
pd-user_7697603
pd-user_261782
pd-user_3005461
pd-user_9062235
pd-user_4521525
pd-user_8334529
pd-user_7579141
pd-user_5297648
pd-user_449990
pd-user_1739976
pd-user_8405399
pd-user_5592853
pd-user_1919891
pd-user_7864783
pd-user_8516652
pd-user_7435823
pd-user_451315
pd-user_410033
pd-user_880622
pd-user_572284
pd-user_5491018
pd-user_8866501
pd-user_2707395
pd-user_6767732
pd-user_3301919
pd-user_7237863
pd-user_503670
pd-user_3156204
pd-user_5242678
pd-user_3755889
pd-user_9518928
pd-user_3538524
pd-user_619603
pd-user_2952964
pd-user_9770734
pd-user_5683246
pd-user_9309591
pd-user_6411267
pd-user_5826187
pd-user_3477754
pd-user_8818291
pd-user_6394189
pd-user_6000589
pd-user_2037366
pd-user_5855383
pd-user_6879951
pd-user_8194724
pd-user_8043805
pd-user_5336510
pd-user_9168048
pd-user_2599825
pd-user_9158119
pd-user_456566
pd-user_3096616
pd-user_5227555
pd-user_784393
pd-user_8988872
pd-user_4350030
pd-user_1314108
pd-user_3596766
pd-user_7371338
pd-user_6422602
pd-user_173392
pd-user_7154273
pd-user_7009328
pd-user_4839354
pd-user_5094536
pd-user_2841007
pd-user_9333035
pd-user_7685528
pd-user_4597904
pd-user_8870195
pd-user_3828567
pd-user_558898
pd-user_2708531
pd-user_8318425
pd-user_9408345
pd-user_8339817
pd-user_1987986
pd-user_6093400
pd-user_4371436
pd-user_5277368
pd-user_9263013
pd-user_5418107
pd-user_2657028
pd-user_7193519
pd-user_9073331
pd-user_8695409
pd-user_7849035
pd-user_93007
pd-user_4134688
pd-user_3568840
pd-user_5811004
pd-user_6994261
pd-user_9098783
pd-user_4517648
pd-user_7520597
pd-user_6026987
pd-user_4189905
pd-user_3639968
pd-user_8257565
pd-user_2597027
pd-user_3860367
pd-user_9959614
pd-user_6703144
pd-user_6438178
pd-user_4394856
pd-user_9782869
pd-user_668578
pd-user_1476383
pd-user_3432976
pd-user_4700305
pd-user_5470465
pd-user_4852419
pd-user_7870486
pd-user_5067488
pd-user_2356550
pd-user_3200118
pd-user_575366
pd-user_2311869
pd-user_9445760
pd-user_3966344
pd-user_4139355
pd-user_5932939
pd-user_7317990
pd-user_6809885
pd-user_6978233
pd-user_1345181
pd-user_2969320
pd-user_2989517
pd-user_324051
pd-user_1072480
pd-user_4750841
pd-user_5258426
pd-user_4847236
pd-user_8604395
pd-user_7770741
pd-user_254238
pd-user_4968548
pd-user_9165315
pd-user_3736992
pd-user_3961465
pd-user_6079686
pd-user_4336993
pd-user_7970893
pd-user_2282563
pd-user_4952913
pd-user_2191360
pd-user_4018765
pd-user_9726924
pd-user_2565083
pd-user_2451516
pd-user_9898181
pd-user_7841417
pd-user_8402658
pd-user_7542474
pd-user_5319691
pd-user_8710957
pd-user_7348968
pd-user_6456927
pd-user_1813600
pd-user_4191793
pd-user_440972
pd-user_3640369
pd-user_4861357
pd-user_8720139
pd-user_2469764
pd-user_2945525
pd-user_8283583
pd-user_5174778
pd-user_5079360
pd-user_8885228
pd-user_5671156
pd-user_5904888
pd-user_1006332
pd-user_3515334
pd-user_126702
pd-user_6250261
pd-user_1753769
pd-user_2482166
pd-user_9837187
pd-user_5286896
pd-user_5808988
pd-user_5660868
pd-user_4905542
pd-user_9015326
pd-user_9044312
pd-user_8575241
pd-user_3639121
pd-user_7541622
pd-user_4743241
pd-user_7551975
pd-user_6562159
pd-user_4114497
pd-user_7853347
pd-user_7349063
pd-user_4864032
pd-user_1699550
pd-user_205296
pd-user_9637558
pd-user_5966239
pd-user_6400134
pd-user_990511
pd-user_4019583
pd-user_7087982
pd-user_42155
pd-user_1128898
pd-user_1917144
pd-user_3958701
pd-user_2364320
pd-user_4029087
pd-user_6937778
pd-user_5545259
pd-user_5127921
pd-user_8928571
pd-user_1199189
pd-user_7234218
pd-user_9291887
pd-user_4916119
pd-user_7110458
pd-user_5020326
pd-user_7001344
pd-user_2628851
pd-user_942786
pd-user_1115010
pd-user_2834926
pd-user_2550501
pd-user_977500
pd-user_3670864
pd-user_7004136
pd-user_4441453
pd-user_767429
pd-user_1322182
pd-user_6363921
pd-user_8721704
pd-user_2827846
pd-user_7103794
pd-user_8195715
pd-user_7938221
pd-user_4990808
pd-user_1746325
pd-user_7426609
pd-user_4695832
pd-user_39867
pd-user_8509425
pd-user_6721656
pd-user_9923482
pd-user_7378050
pd-user_4573041
pd-user_4988744
pd-user_2783985
pd-user_9144750
pd-user_3156504
pd-user_7213322
pd-user_3992910
pd-user_9765403
pd-user_581473
pd-user_3358139
pd-user_9235786
pd-user_4526884
pd-user_6212063
pd-user_5274452
pd-user_6872074
pd-user_5037158
pd-user_2924951
pd-user_3393733
pd-user_8082386
pd-user_7021081
pd-user_8708962
pd-user_1532189
pd-user_1311882
pd-user_356851
pd-user_7481640
pd-user_4747630
pd-user_2044182
pd-user_8058682
pd-user_7277584
pd-user_9459068
pd-user_8568544
pd-user_8316538
pd-user_5663102
pd-user_7681440
pd-user_2987550
pd-user_6642117
pd-user_3313108
pd-user_1068051
pd-user_4901709
pd-user_8407723
pd-user_2308
pd-user_9823306
pd-user_2362752
pd-user_7020598
pd-user_6054871
pd-user_86705
pd-user_4567939
pd-user_657035
pd-user_3147925
pd-user_2882795
pd-user_4287078
pd-user_976348
pd-user_8110375
pd-user_7338557
pd-user_7521205
pd-user_9416762
pd-user_7951064
pd-user_1037318
pd-user_3383321
pd-user_1805028
pd-user_7678884
pd-user_1095105
pd-user_639829
pd-user_9025200
pd-user_8745017
pd-user_2999585
pd-user_28575
pd-user_127093
pd-user_7397587
pd-user_8368845
pd-user_8703800
pd-user_6368712
pd-user_3855814
pd-user_5844275
pd-user_1660549
pd-user_470641
pd-user_5991386
pd-user_7027591
pd-user_4764750
pd-user_5343054
pd-user_8734661
pd-user_3527267
pd-user_9824376
pd-user_592672
pd-user_5488982
pd-user_7699115
pd-user_6195786
pd-user_7739997
pd-user_5965773
pd-user_8145642
pd-user_3156654
pd-user_416558
pd-user_9226170
pd-user_351374
pd-user_5193694
pd-user_2632123
pd-user_6466896
pd-user_2501322
pd-user_7623230
pd-user_4735237
pd-user_9693707
pd-user_3312230
pd-user_9457453
pd-user_789892
pd-user_613378
pd-user_547845
pd-user_7789016
pd-user_6871141
pd-user_8516745
pd-user_1705938
pd-user_8993034
pd-user_1247514
pd-user_1475060
pd-user_4234743
pd-user_5450358
pd-user_6259670
pd-user_3415499
pd-user_8894831
pd-user_3924331
pd-user_3286136
pd-user_4094905
pd-user_8022753
pd-user_2956629
pd-user_2027165
pd-user_2891276
pd-user_3529919
pd-user_6591457
pd-user_9430601
pd-user_8661703
pd-user_8609160
pd-user_8178776
pd-user_5629210
pd-user_2201410
pd-user_7400835
pd-user_8818475
pd-user_5119531
pd-user_8259841
pd-user_6552418
pd-user_9668283
pd-user_3132463
pd-user_6445464
pd-user_1889041
pd-user_8799697
pd-user_8646047
pd-user_828053
pd-user_9669912
pd-user_3189995
pd-user_1109381
pd-user_4934046
pd-user_3321981
pd-user_5075334
pd-user_3019300
pd-user_4643200
pd-user_2834522
pd-user_1476939
pd-user_5252256
pd-user_1257101
pd-user_8176656
pd-user_2520791
pd-user_4386161
pd-user_9645931
pd-user_3312430
pd-user_8729685
pd-user_2262586
pd-user_3700889
pd-user_7248794
pd-user_1854277
pd-user_2373828
pd-user_5336771
pd-user_9433003
pd-user_766988
pd-user_3736029
pd-user_8519362
pd-user_9286054
pd-user_7679603
pd-user_6772700
pd-user_8413998
pd-user_6942531
pd-user_1094501
pd-user_2683234
pd-user_9256917
pd-user_3724591
pd-user_8548519
pd-user_5665367
pd-user_737686
pd-user_3362425
pd-user_3196565
pd-user_7230035
pd-user_3162118
pd-user_7464997
pd-user_638205
pd-user_7066879
pd-user_1088294
pd-user_2927311
pd-user_6663122
pd-user_6265117
pd-user_3749608
pd-user_5823236
pd-user_3047221
pd-user_7147666
pd-user_5232016
pd-user_5161343
pd-user_688674
pd-user_9712915
pd-user_1591252
pd-user_8226291
pd-user_2368644
pd-user_4441980
pd-user_5826903
pd-user_6801706
pd-user_9315965
pd-user_8590776
pd-user_3952862
pd-user_3993451
pd-user_692462
pd-user_7972395
pd-user_8238737
pd-user_5149967
pd-user_7733274
pd-user_2403825
pd-user_6527050
pd-user_1098314
pd-user_8334853
pd-user_5713026
pd-user_3334595
pd-user_1986867
pd-user_1086704
pd-user_9580062
pd-user_3398621
pd-user_6849396
pd-user_6221887
pd-user_7992766
pd-user_7681597
pd-user_5297220
pd-user_6131658
pd-user_5546275
pd-user_2391143
pd-user_3463833
pd-user_9664198
pd-user_9056468
pd-user_313215
pd-user_4939687
pd-user_5780353
pd-user_491751
pd-user_6512311
pd-user_960924
pd-user_3126243
pd-user_4799473
pd-user_7984907
pd-user_6147103
pd-user_7783240
pd-user_7355736
pd-user_3708970
pd-user_7940012
pd-user_8323489
pd-user_6699737
pd-user_3199243
pd-user_412243
pd-user_6417628
pd-user_7292845
pd-user_6809181
pd-user_3904946
pd-user_2366977
pd-user_1598938
pd-user_8516769
pd-user_4155305
pd-user_780657
pd-user_2889224
pd-user_568393
pd-user_888447
pd-user_4642682
pd-user_3275796
pd-user_1242490
pd-user_3007886
pd-user_8995661
pd-user_1419476
pd-user_5040840
pd-user_6479979
pd-user_6898241
pd-user_1664527
pd-user_1404827
pd-user_1872687
pd-user_293134
pd-user_6779301
pd-user_6072498
pd-user_2571169
pd-user_6178644
pd-user_4382610
pd-user_6079435
pd-user_1197756
pd-user_8754177
pd-user_1715253
pd-user_7962327
pd-user_6530249
pd-user_4443152
pd-user_8068889
pd-user_171677
pd-user_8123811
pd-user_4641675
pd-user_6721826
pd-user_8075611
pd-user_6093137
pd-user_5154477
pd-user_7411619
pd-user_8763583
pd-user_765186
pd-user_6016208
pd-user_3205371
pd-user_9895196
pd-user_3779904
pd-user_3802107
pd-user_3144050
pd-user_8571534
pd-user_6742998
pd-user_2456966
pd-user_4400453
pd-user_5865155
pd-user_8861722
pd-user_7000182
pd-user_3200013
pd-user_3942923
pd-user_4539715
pd-user_1492697
pd-user_5131776
pd-user_3614803
pd-user_4935223
pd-user_4910583
pd-user_6075860
pd-user_528485
pd-user_2004104
pd-user_36208
pd-user_6182528
pd-user_2704765
pd-user_3542714
pd-user_8429875
pd-user_5327373
pd-user_2335131
pd-user_5215586
pd-user_9513914
pd-user_8408544
pd-user_1348752
pd-user_4243772
pd-user_8362873
pd-user_2253184
pd-user_1026505
pd-user_7068012
pd-user_6158003
pd-user_4818030
pd-user_8486132
pd-user_4157086
pd-user_352823
pd-user_4625162
pd-user_6400077
pd-user_4689927
pd-user_888462
pd-user_3326796
pd-user_5220894
pd-user_8735511
pd-user_7736971
pd-user_7393687
pd-user_4412714
pd-user_8589558
pd-user_9881282
pd-user_2335680
pd-user_5566143
pd-user_2180129
pd-user_8975413
pd-user_230308
pd-user_2922870
pd-user_7075130
pd-user_6650555
pd-user_1877939
pd-user_7694020
pd-user_784148
pd-user_4171101
pd-user_5859466
pd-user_9118001
pd-user_32376
pd-user_1419800
pd-user_5396463
pd-user_7164692
pd-user_5455699
pd-user_1978318
pd-user_7156837
pd-user_1772109
pd-user_1832844
pd-user_8091104
pd-user_4038359
pd-user_3265212
pd-user_9887769
pd-user_6383055
pd-user_6023240
pd-user_9913951
pd-user_8502376
pd-user_1037626
pd-user_1853150
pd-user_2380911
pd-user_4209892
pd-user_9693038
pd-user_621493
pd-user_4355176
pd-user_9084368
pd-user_8990481
pd-user_645776
pd-user_2401070
pd-user_7483578
pd-user_4435751
pd-user_2842208
pd-user_1098565
pd-user_2380663
pd-user_1668514
pd-user_6772685
pd-user_5541478
pd-user_7689781
pd-user_9608238
pd-user_1659786
pd-user_943590
pd-user_7409305
pd-user_3349431
pd-user_8468621
pd-user_5098519
pd-user_2285825
pd-user_103639
pd-user_5892701
pd-user_3971623
pd-user_5822710
pd-user_4102089
pd-user_3890474
pd-user_5198614
pd-user_8717810
pd-user_4516493
pd-user_2190567
pd-user_6853737
pd-user_2263248
pd-user_2252172
pd-user_353160
pd-user_2831781
pd-user_8294775
pd-user_3593689
pd-user_261992
pd-user_4705095
pd-user_4883374
pd-user_3868979
pd-user_9114061
pd-user_6138857
pd-user_5666506
pd-user_7215569
pd-user_8680952
pd-user_6708995
pd-user_7256675
pd-user_9214319
pd-user_4085022
pd-user_8812457
pd-user_3409455
pd-user_474862
pd-user_3581617
pd-user_3349500
pd-user_4405719
pd-user_3476197
pd-user_7133887
pd-user_5573640
pd-user_9723091
pd-user_6560623
pd-user_4958919
pd-user_9983331
pd-user_9980809
pd-user_4580775
pd-user_8583739
pd-user_4018942
pd-user_2564984
pd-user_2889373
pd-user_8368112
pd-user_4539022
pd-user_7489624
pd-user_5770180
pd-user_3284346
pd-user_6074191
pd-user_2977587
pd-user_7309087
pd-user_6413065
pd-user_1906096
pd-user_6488401
pd-user_1513190
pd-user_6936738
pd-user_9861921
pd-user_7533309
pd-user_3680761
pd-user_4442011
pd-user_125105
pd-user_6273523
pd-user_9565283
pd-user_4846126
pd-user_5064066
pd-user_3264568
pd-user_3842319
pd-user_3280785
pd-user_4036381
pd-user_9779904
pd-user_9912972
pd-user_455287
pd-user_5761952
pd-user_4976050
pd-user_5612164
pd-user_1665171
pd-user_2934401
pd-user_3215983
pd-user_8738252
pd-user_1395551
pd-user_9542766
pd-user_6715391
pd-user_7989015
pd-user_526442
pd-user_1443027
pd-user_8494746
pd-user_9784168
pd-user_7728841
pd-user_5084233
pd-user_1377520
pd-user_2632544
pd-user_5780976
pd-user_8858488
pd-user_6730675
pd-user_4058429
pd-user_8481349
pd-user_5592622
pd-user_9286700
pd-user_1248540
pd-user_878367
pd-user_8862968
pd-user_5496777
pd-user_4917937
pd-user_8030683
pd-user_8819662
pd-user_5533659
pd-user_3755333
pd-user_9873954
pd-user_4240400
pd-user_958943
pd-user_9621593
pd-user_9910108
pd-user_4177554
pd-user_2629411
pd-user_444974
pd-user_1553246
pd-user_9907350
pd-user_9931447
pd-user_2189063
pd-user_8656851
pd-user_5624228
pd-user_1628261
pd-user_340521
pd-user_7087964
pd-user_6076360
pd-user_5300575
pd-user_795767
pd-user_505117
pd-user_7229902
pd-user_3211118
pd-user_6664169
pd-user_4234071
pd-user_5747885
pd-user_8947614
pd-user_6837577
pd-user_7676093
pd-user_8219666
pd-user_2102179
pd-user_9921079
pd-user_8004066
pd-user_2545081
pd-user_6015115
pd-user_1804562
pd-user_7414049
pd-user_365863
pd-user_4239220
pd-user_5882163
pd-user_2873705
pd-user_6556775
pd-user_1784086
pd-user_7588680
pd-user_2145188
pd-user_1475207
pd-user_6296504
pd-user_5730653
pd-user_6792339
pd-user_597930
pd-user_6488997
pd-user_1433146
pd-user_1801040
pd-user_1699023
pd-user_808016
pd-user_7295191
pd-user_1988249
pd-user_8243207
pd-user_2620173
pd-user_4098659
pd-user_5456067
pd-user_641110
pd-user_2453441
pd-user_5170849
pd-user_7540602
pd-user_687404
pd-user_9455088
pd-user_6057368
pd-user_551622
pd-user_6521070
pd-user_6848745
pd-user_2378572
pd-user_2310308
pd-user_6816572
pd-user_2171453
pd-user_1338588
pd-user_9085080
pd-user_1463433
pd-user_8801228
pd-user_1076925
pd-user_1530003
pd-user_6983965
pd-user_1027327
pd-user_8632263
pd-user_3421613
pd-user_4239872
pd-user_1104031
pd-user_6252606
pd-user_2770379
pd-user_9778532
pd-user_8827345
pd-user_8547773
pd-user_1088975
pd-user_2104357
pd-user_4768025
pd-user_526691
pd-user_6372088
pd-user_786579
pd-user_2491924
pd-user_844982
pd-user_3431418
pd-user_8188224
pd-user_6989520
pd-user_8056816
pd-user_9894600
pd-user_3085291
pd-user_5234020
pd-user_1281732
pd-user_5516911
pd-user_7228261
pd-user_4564694
pd-user_300014
pd-user_9753806
pd-user_7294012
pd-user_7822835
pd-user_3354294
pd-user_8117237
pd-user_1502775
pd-user_2157638
pd-user_7550240
pd-user_1689733
pd-user_5991958
pd-user_3373390
pd-user_6170760
pd-user_4224896
pd-user_7913623
pd-user_6530663
pd-user_8292092
pd-user_5393965
pd-user_5140744
pd-user_8446218
pd-user_2950051
pd-user_7778643
pd-user_9789183
pd-user_5585281
pd-user_284074
pd-user_834592
pd-user_750929
pd-user_4654688
pd-user_2011167
pd-user_2695721
pd-user_9820955
pd-user_3198504
pd-user_4851125
pd-user_1697028
pd-user_7344167
pd-user_8870020
pd-user_7926808
pd-user_6596117
pd-user_3229024
pd-user_7968063
pd-user_2373182
pd-user_5019767
pd-user_7379459
pd-user_5895027
pd-user_1287845
pd-user_8251978
pd-user_5299717
pd-user_4734404
pd-user_8996310
pd-user_7999998
pd-user_1210415
pd-user_9527906
pd-user_707696
pd-user_220362
pd-user_7451653
pd-user_3410641
pd-user_6466773
pd-user_4122017
pd-user_5150238
pd-user_9088561
pd-user_4222797
pd-user_3754161
pd-user_951115
pd-user_2660202
pd-user_6849722
pd-user_955925
pd-user_165002
pd-user_4657331
pd-user_992798
pd-user_3230723
pd-user_497458
pd-user_6735554
pd-user_5698402
pd-user_3025679
pd-user_9770523
pd-user_6292732
pd-user_1742801
pd-user_1820990
pd-user_9767529
pd-user_5910004
pd-user_9670280
pd-user_136490
pd-user_1626262
pd-user_3286413
pd-user_3100134
pd-user_4115610
pd-user_4042122
pd-user_8838907
pd-user_508808
pd-user_7432152
pd-user_6526783
pd-user_4021167
pd-user_6786975
pd-user_6257654
pd-user_5223013
pd-user_4410853
pd-user_8918593
pd-user_1194626
pd-user_938361
pd-user_5866825
pd-user_5673236
pd-user_553580
pd-user_2052061
pd-user_2071304
pd-user_8001741
pd-user_7841109
pd-user_8442032
pd-user_4173572
pd-user_1890044
pd-user_2060569
pd-user_9941230
pd-user_4153920
pd-user_9644963
pd-user_969775
pd-user_1403378
pd-user_2229440
pd-user_2509830
pd-user_4868228
pd-user_6749011
pd-user_5057479
pd-user_1327011
pd-user_1725109
pd-user_2156280
pd-user_6675522
pd-user_5413000
pd-user_5994844
pd-user_5041360
pd-user_2882299
pd-user_6766791
pd-user_7618378
pd-user_3549072
pd-user_3239166
pd-user_2753816
pd-user_8860085
pd-user_2316497
pd-user_6396297
pd-user_4585225
pd-user_429263
pd-user_8804022
pd-user_3834894
pd-user_5430901
pd-user_992897
pd-user_457252
pd-user_4648119
pd-user_8255602
pd-user_305787
pd-user_9883652
pd-user_2736366
pd-user_665939
pd-user_6895772
pd-user_8358383
pd-user_5484650
pd-user_5493290
pd-user_7190249
pd-user_5882739
pd-user_3230720
pd-user_2189473
pd-user_2917200
pd-user_1845228
pd-user_4844385
pd-user_227703
pd-user_9816501
pd-user_7115033
pd-user_6385127
pd-user_6483304
pd-user_2368114
pd-user_4297925
pd-user_1999173
pd-user_1760197
pd-user_7311905
pd-user_2888145
pd-user_7061138
pd-user_225248
pd-user_3713701
pd-user_4509118
pd-user_4284426
pd-user_7373999
pd-user_7783152
pd-user_1907402
pd-user_7177857
pd-user_3022505
pd-user_7080172
pd-user_7101464
pd-user_5081676
pd-user_6949366
pd-user_9213541
pd-user_2916723
pd-user_1250031
pd-user_6676984
pd-user_3270534
pd-user_7408388
pd-user_4478773
pd-user_9057416
pd-user_5571697
pd-user_1419324
pd-user_8333003
pd-user_3719800
pd-user_379317
pd-user_7792186
pd-user_7786712
pd-user_9612008
pd-user_1897329
pd-user_7866819
pd-user_1745974
pd-user_724322
pd-user_4585383
pd-user_5466445
pd-user_4061033
pd-user_6503951
pd-user_6368865
pd-user_3357126
pd-user_3707103
pd-user_899765
pd-user_6328336
pd-user_3499566
pd-user_8387629
pd-user_9120609
pd-user_9172994
pd-user_2404316
pd-user_904585
pd-user_9126252
pd-user_7450235
pd-user_6132147
pd-user_7311882
pd-user_3341224
pd-user_184076
pd-user_4230563
pd-user_3589754
pd-user_4536581
pd-user_3051422
pd-user_2352733
pd-user_2684429
pd-user_943934
pd-user_5119932
pd-user_2568607
pd-user_5984277
pd-user_5897814
pd-user_2670305
pd-user_1218544
pd-user_4105976
pd-user_7658036
pd-user_6844854
pd-user_6530965
pd-user_5094556
pd-user_4686679
pd-user_304715
pd-user_5175657
pd-user_8965579
pd-user_3664614
pd-user_4137340
pd-user_6680414
pd-user_3471576
pd-user_4823264
pd-user_662155
pd-user_5470165
pd-user_1275669
pd-user_2645259
pd-user_6864520
pd-user_2134537
pd-user_2659863
pd-user_1454362
pd-user_4833557
pd-user_2613278
pd-user_9518207
pd-user_3900122
pd-user_6206361
pd-user_6180769
pd-user_9250974
pd-user_3786841
pd-user_3745007
pd-user_3906662
pd-user_3040722
pd-user_2879465
pd-user_6681538
pd-user_8879102
pd-user_7087755
pd-user_5516167
pd-user_410400
pd-user_9267469
pd-user_1328499
pd-user_5854656
pd-user_5062241
pd-user_2848571
pd-user_8076247
pd-user_5944169
pd-user_1204940
pd-user_4769318
pd-user_491278
pd-user_9217440
pd-user_2055503
pd-user_348389
pd-user_5647806
pd-user_7016208
pd-user_3963761
pd-user_1911363
pd-user_8983428
pd-user_4407829
pd-user_7545388
pd-user_8350996
pd-user_3100917
pd-user_1296205
pd-user_7591585
pd-user_5799170
pd-user_3450688
pd-user_2961911
pd-user_8631586
pd-user_8041038
pd-user_5121933
pd-user_5369289
pd-user_615005
pd-user_6246668
pd-user_3942587
pd-user_5795455
pd-user_2448221
pd-user_8115154
pd-user_3234882
pd-user_6343288
pd-user_349673
pd-user_2229496
pd-user_3103527
pd-user_4249439
pd-user_1747617
pd-user_9412778
pd-user_8168569
pd-user_1302215
pd-user_2369755
pd-user_6693707
pd-user_4562129
pd-user_3529946
pd-user_9200496
pd-user_6875920
pd-user_8745476
pd-user_705739
pd-user_5429566
pd-user_1347505
pd-user_9112630
pd-user_6928537
pd-user_5490066
pd-user_6368063
pd-user_1924065
pd-user_3832397
pd-user_1925021
pd-user_2052340
pd-user_7400665
pd-user_5467589
pd-user_9171294
pd-user_4980366
pd-user_3483853
pd-user_6779799
pd-user_465069
pd-user_6981688
pd-user_7273281
pd-user_5509764
pd-user_4199040
pd-user_782076
pd-user_736309
pd-user_5430380
pd-user_969387
pd-user_4774794
pd-user_623015
pd-user_3758541
pd-user_4066892
pd-user_6418670
pd-user_961121
pd-user_1832013
pd-user_7882164
pd-user_1922858
pd-user_5191137
pd-user_487240
pd-user_4637339
pd-user_5019888
pd-user_2085649
pd-user_5561581
pd-user_2390413
pd-user_5714942
pd-user_3892394
pd-user_5102753
pd-user_9173606
pd-user_5035939
pd-user_4371745
pd-user_1411836
pd-user_5536210
pd-user_94640
pd-user_6324509
pd-user_6056583
pd-user_5926766
pd-user_870296
pd-user_3253874
pd-user_361319
pd-user_6318237
pd-user_539491
pd-user_6607516
pd-user_5684737
pd-user_5112787
pd-user_2349601
pd-user_9156671
pd-user_1815337
pd-user_343403
pd-user_1773070
pd-user_1059401
pd-user_7480133
pd-user_4113095
pd-user_8131378
pd-user_5373660
pd-user_1526615
pd-user_9791934
pd-user_189069
pd-user_9000288
pd-user_5908800
pd-user_4953789
pd-user_4515975
pd-user_9679350
pd-user_1004580
pd-user_3283891
pd-user_2105252
pd-user_2692719
pd-user_8678769
pd-user_2841505
pd-user_1060156
pd-user_969535
pd-user_7264955
pd-user_9925127
pd-user_3156949
pd-user_8929985
pd-user_3224683
pd-user_5582198
pd-user_3368465
pd-user_1958429
pd-user_6184787
pd-user_6863021
pd-user_1978478
pd-user_9118148
pd-user_4725355
pd-user_6694564
pd-user_2173763
pd-user_2043288
pd-user_5635219
pd-user_3078252
pd-user_6415789
pd-user_7653277
pd-user_9525105
pd-user_6605545
pd-user_6383934
pd-user_678151
pd-user_6388150
pd-user_4562800
pd-user_1016868
pd-user_7138564
pd-user_4215095
pd-user_3431301
pd-user_8980292
pd-user_6069386
pd-user_7126092
pd-user_2956673
pd-user_617136
pd-user_4340272
pd-user_1118511
pd-user_7696325
pd-user_2793
pd-user_7179910
pd-user_3913918
pd-user_130012
pd-user_5149552
pd-user_3396432
pd-user_9558931
pd-user_1141443
pd-user_2853347
pd-user_8358951
pd-user_8660349
pd-user_1210375
pd-user_3603738
pd-user_4368516
pd-user_3589166
pd-user_2084742
pd-user_7473518
pd-user_6370904
pd-user_5645016
pd-user_9862953
pd-user_9345223
pd-user_3714486
pd-user_5497675
pd-user_8514750
pd-user_3898480
pd-user_7523264
pd-user_8734543
pd-user_6263138
pd-user_9094618
pd-user_4111917
pd-user_8803279
pd-user_4488109
pd-user_1263693
pd-user_2838402
pd-user_1731128
pd-user_1885917
pd-user_4074928
pd-user_7976293
pd-user_5881424
pd-user_5820668
pd-user_6960446
pd-user_469046
pd-user_3437223
pd-user_5242441
pd-user_9986704
pd-user_2630542
pd-user_2967949
pd-user_8440201
pd-user_6322490
pd-user_2046146
pd-user_1222305
pd-user_9651700
pd-user_771630
pd-user_458078
pd-user_630832
pd-user_9896062
pd-user_3185146
pd-user_5468981
pd-user_5478117
pd-user_6282596
pd-user_5267225
pd-user_8043479
pd-user_7900499
pd-user_7150783
pd-user_8590038
pd-user_4163882
pd-user_5667051
pd-user_3779626
pd-user_1498698
pd-user_1570530
pd-user_3215542
pd-user_2618380
pd-user_8013643
pd-user_7853731
pd-user_7962782
pd-user_9451284
pd-user_496666
pd-user_6172736
pd-user_8139098
pd-user_4507789
pd-user_5006571
pd-user_1163612
pd-user_1798915
pd-user_9226400
pd-user_5269033
pd-user_9201941
pd-user_7818180
pd-user_3334624
pd-user_9841783
pd-user_980455
pd-user_3111639
pd-user_3955356
pd-user_9301714
pd-user_110158
pd-user_2547226
pd-user_7344745
pd-user_4169817
pd-user_8832539
pd-user_335115
pd-user_6252304
pd-user_8360551
pd-user_2289775
pd-user_485710
pd-user_6494037
pd-user_4822326
pd-user_6203693
pd-user_1873618
pd-user_7446698
pd-user_4326025
pd-user_8506707
pd-user_142017
pd-user_1455873
pd-user_2509007
pd-user_4663210
pd-user_4627611
pd-user_2393244
pd-user_3833550
pd-user_6172239
pd-user_79728
pd-user_9974248
pd-user_1490858
pd-user_8561275
pd-user_564982
pd-user_3392721
pd-user_1374579
pd-user_2174020
pd-user_3545380
pd-user_4874050
pd-user_7333867
pd-user_5347257
pd-user_8069891
pd-user_5178863
pd-user_5573445
pd-user_9380529
pd-user_3386805
pd-user_8929719
pd-user_4196816
pd-user_6376652
pd-user_9424395
pd-user_4242360
pd-user_7729692
pd-user_8062609
pd-user_1462401
pd-user_6390483
pd-user_2768460
pd-user_8503262
pd-user_3323516
pd-user_6677845
pd-user_4486985
pd-user_7733916
pd-user_1224401
pd-user_8387439
pd-user_3699935
pd-user_2106116
pd-user_8014797
pd-user_6324337
pd-user_7843552
pd-user_4627482
pd-user_9496703
pd-user_3784371
pd-user_9907844
pd-user_3309837
pd-user_6944452
pd-user_9239474
pd-user_8346056
pd-user_2697722
pd-user_2873340
pd-user_1271552
pd-user_3999852
pd-user_7662363
pd-user_6993172
pd-user_6547087
pd-user_4935839
pd-user_6536484
pd-user_5764174
pd-user_2731041
pd-user_4084963
pd-user_48105
pd-user_9609466
pd-user_6263062
pd-user_3823840
pd-user_4306783
pd-user_6483457
pd-user_7067864
pd-user_6556603
pd-user_9423562
pd-user_5969112
pd-user_1172871
pd-user_4796074
pd-user_7477065
pd-user_746727
pd-user_5030037
pd-user_7730653
pd-user_8055698
pd-user_9309525
pd-user_1387956
pd-user_9262438
pd-user_5998510
pd-user_6776144
pd-user_4172321
pd-user_7426799
pd-user_3873320
pd-user_8977774
pd-user_6727127
pd-user_3948789
pd-user_8950388
pd-user_189957
pd-user_8777241
pd-user_5811684
pd-user_9613466
pd-user_4006008
pd-user_9605205
pd-user_1232668
pd-user_6405195
pd-user_1408061
pd-user_8694805
pd-user_9077273
pd-user_8714835
pd-user_1804013
pd-user_8187249
pd-user_9232300
pd-user_3379115
pd-user_9821958
pd-user_6335406
pd-user_184455
pd-user_1362437
pd-user_4932092
pd-user_5254765
pd-user_900465
pd-user_7786204
pd-user_4623831
pd-user_2848518
pd-user_7784458
pd-user_8341946
pd-user_2853527
pd-user_4170511
pd-user_3986199
pd-user_5529005
pd-user_8820087
pd-user_8779798
pd-user_9701160
pd-user_8754071
pd-user_8004070
pd-user_8601119
pd-user_1372154
pd-user_2649120
pd-user_7643447
pd-user_3685501
pd-user_3598050
pd-user_2339863
pd-user_2682747
pd-user_2724288
pd-user_6582304
pd-user_7171960
pd-user_6825356
pd-user_9494004
pd-user_8486901
pd-user_9249297
pd-user_3701336
pd-user_1740409
pd-user_9141051
pd-user_3947087
pd-user_3351256
pd-user_28383
pd-user_9276681
pd-user_5261107
pd-user_6805154
pd-user_4713202
pd-user_3011344
pd-user_108953
pd-user_8078785
pd-user_9019759
pd-user_6747607
pd-user_9970943
pd-user_4491055
pd-user_6125035
pd-user_6940069
pd-user_5044729
pd-user_4456669
pd-user_4712872
pd-user_9562183
pd-user_2724102
pd-user_7908185
pd-user_2983355
pd-user_2983405
pd-user_2823355
pd-user_8222753
pd-user_5158423
pd-user_108761
pd-user_7129186
pd-user_7339818
pd-user_2948203
pd-user_5192818
pd-user_2539167
pd-user_580370
pd-user_6950644
pd-user_935087
pd-user_3174813
pd-user_5584139
pd-user_1505750
pd-user_41434
pd-user_7351017
pd-user_1924393
pd-user_8287325
pd-user_1616702
pd-user_6529690
pd-user_9824592
pd-user_4112408
pd-user_8003686
pd-user_1142773
pd-user_5637016
pd-user_5548911
pd-user_8851399
pd-user_7908348
pd-user_3818858
pd-user_5175487
pd-user_9905128
pd-user_640487
pd-user_9659257
pd-user_224385
pd-user_3606763
pd-user_4444499
pd-user_1613873
pd-user_1381271
pd-user_2973909
pd-user_5418375
pd-user_541019
pd-user_4530409
pd-user_602956
pd-user_7617993
pd-user_7460696
pd-user_7827505
pd-user_3278748
pd-user_1657635
pd-user_9308854
pd-user_6241877
pd-user_3440189
pd-user_1374147
pd-user_6491828
pd-user_586570
pd-user_6103040
pd-user_5350449
pd-user_6550823
pd-user_7391711
pd-user_3034321
pd-user_874459
pd-user_9796825
pd-user_1613089
pd-user_3627536
pd-user_3696999
pd-user_5553267
pd-user_7857270
pd-user_5235746
pd-user_1299332
pd-user_5500177
pd-user_4468818
pd-user_2619463
pd-user_8877589
pd-user_1741856
pd-user_6642235
pd-user_7188001
pd-user_6595613
pd-user_2976120
pd-user_549449
pd-user_505507
pd-user_9927449
pd-user_9394386
pd-user_9502483
pd-user_8143149
pd-user_574685
pd-user_9015665
pd-user_1966958
pd-user_8923804
pd-user_5937526
pd-user_2825
pd-user_7426229
pd-user_5660677
pd-user_4253864
pd-user_9153693
pd-user_3808776
pd-user_7078885
pd-user_8453551
pd-user_1243412
pd-user_8378174
pd-user_7673699
pd-user_3511344
pd-user_7448880
pd-user_4072847
pd-user_7919119
pd-user_3595117
pd-user_8408860
pd-user_9499432
pd-user_951621
pd-user_6778189
pd-user_3544511
pd-user_1040464
pd-user_9458776
pd-user_3725607
pd-user_665738
pd-user_1970866
pd-user_940858
pd-user_7989903
pd-user_5044049
pd-user_6370487
pd-user_1727917
pd-user_2396165
pd-user_6506339
pd-user_3826322
pd-user_6585837
pd-user_2966476
pd-user_3716310
pd-user_476396
pd-user_7853617
pd-user_1778100
pd-user_8189727
pd-user_72387
pd-user_6779196
pd-user_5456230
pd-user_2706177
pd-user_6941355
pd-user_8417168
pd-user_5082829
pd-user_2466934
pd-user_9513037
pd-user_1930514
pd-user_9245519
pd-user_8608548
pd-user_4207961
pd-user_1769904
pd-user_3559524
pd-user_9222290
pd-user_9267947
pd-user_2741364
pd-user_9369088
pd-user_4007768
pd-user_3846786
pd-user_9646504
pd-user_6332494
pd-user_1488245
pd-user_1598694
pd-user_4721203
pd-user_4742204
pd-user_1713755
pd-user_5670607
pd-user_7878550
pd-user_4426933
pd-user_2574906
pd-user_357370
pd-user_8172584
pd-user_9612242
pd-user_4450100
pd-user_7031133
pd-user_2308862
pd-user_786120
pd-user_3947512
pd-user_3814177
pd-user_8362504
pd-user_2172427
pd-user_2787430
pd-user_8946258
pd-user_2502203
pd-user_2294706
pd-user_3223979
pd-user_8420899
pd-user_4866277
pd-user_6903678
pd-user_5901526
pd-user_5318722
pd-user_8061047
pd-user_9390126
pd-user_1297068
pd-user_4105069
pd-user_4601742
pd-user_113071
pd-user_7659968
pd-user_4883621
pd-user_6111385
pd-user_2374692
pd-user_8093522
pd-user_8636145
pd-user_1721212
pd-user_1300453
pd-user_2806642
pd-user_1616512
pd-user_4713128
pd-user_2310479
pd-user_9574410
pd-user_2653386
pd-user_3848296
pd-user_4525691
pd-user_976160
pd-user_1983004
pd-user_5268146
pd-user_1184835
pd-user_412292
pd-user_8951582
pd-user_5831266
pd-user_1968649
pd-user_7500253
pd-user_5409283
pd-user_5344850
pd-user_5406938
pd-user_1232123
pd-user_1526013
pd-user_9463184
pd-user_5942239
pd-user_7554502
pd-user_3949567
pd-user_6723095
pd-user_4887674
pd-user_1051612
pd-user_3582175
pd-user_846691
pd-user_9981421
pd-user_2155539
pd-user_7103410
pd-user_2342366
pd-user_3341586
pd-user_8089847
pd-user_5463014
pd-user_3826877
pd-user_6181134
pd-user_8759194
pd-user_2702132
pd-user_5070407
pd-user_9769790
pd-user_6467563
pd-user_4435185
pd-user_2767076
pd-user_1980646
pd-user_1842387
pd-user_5320239
pd-user_1750035
pd-user_6833027
pd-user_1646244
pd-user_3305570
pd-user_7396638
pd-user_110475
pd-user_5163535
pd-user_5391075
pd-user_8718504
pd-user_1536341
pd-user_3294630
pd-user_5392190
pd-user_3995771
pd-user_6039991
pd-user_2355423
pd-user_3766971
pd-user_5010765
pd-user_1588861
pd-user_1614981
pd-user_2608175
pd-user_6913660
pd-user_6236355
pd-user_4416091
pd-user_1860751
pd-user_6680138
pd-user_3577728
pd-user_8898608
pd-user_7573458
pd-user_4643954
pd-user_853928
pd-user_3681020
pd-user_8707305
pd-user_5863060
pd-user_9522490
pd-user_7670847
pd-user_6781166
pd-user_4214027
pd-user_6759301
pd-user_3897784
pd-user_5241162
pd-user_8436037
pd-user_1390873
pd-user_4580699
pd-user_2093597
pd-user_1002863
pd-user_2151439
pd-user_8047820
pd-user_4955608
pd-user_6087895
pd-user_593152
pd-user_7244120
pd-user_3603867
pd-user_3019200
pd-user_1684482
pd-user_1418892
pd-user_6229695
pd-user_7191938
pd-user_7459560
pd-user_3757032
pd-user_3335489
pd-user_648809
pd-user_8598585
pd-user_8784222
pd-user_7601566
pd-user_6974144
pd-user_7775343
pd-user_8692206
pd-user_4548912
pd-user_9743927
pd-user_3046612
pd-user_6720409
pd-user_7123276
pd-user_4146440
pd-user_923316
pd-user_9363979
pd-user_3404635
pd-user_1394513
pd-user_710546
pd-user_1417821
pd-user_8678574
pd-user_2872936
pd-user_1831856
pd-user_7522962
pd-user_4822814
pd-user_3560136
pd-user_9371478
pd-user_3179358
pd-user_8583988
pd-user_2008440
pd-user_3077195
pd-user_738027
pd-user_8512900
pd-user_3218033
pd-user_9814540
pd-user_7036395
pd-user_531428
pd-user_2593563
pd-user_6151120
pd-user_36429
pd-user_1015260
pd-user_6655389
pd-user_6715975
pd-user_6599201
pd-user_4392434
pd-user_5627038
pd-user_9698753
pd-user_4996362
pd-user_9232965
pd-user_1879685
pd-user_9414531
pd-user_6781050
pd-user_8499013
pd-user_5980866
pd-user_8541715
pd-user_5051615
pd-user_6645439
pd-user_3857646
pd-user_4644775
pd-user_415114
pd-user_7257050
pd-user_1790594
pd-user_2601304
pd-user_6340399
pd-user_318074
pd-user_4821542
pd-user_1471341
pd-user_6297838
pd-user_885957
pd-user_8091494
pd-user_9564294
pd-user_671402
pd-user_6532957
pd-user_7051755
pd-user_356048
pd-user_5689156
pd-user_4032033
pd-user_7218718
pd-user_3720423
pd-user_6757613
pd-user_4383568
pd-user_8300677
pd-user_9755933
pd-user_1846033
pd-user_7630184
pd-user_2269933
pd-user_1444533
pd-user_8416190
pd-user_3812906
pd-user_8148233
pd-user_6581167
pd-user_6131171
pd-user_7914582
pd-user_7608964
pd-user_3904589
pd-user_5987257
pd-user_7277844
pd-user_2002205
pd-user_1403878
pd-user_1255040
pd-user_1660504
pd-user_2383395
pd-user_5239911
pd-user_3601413
pd-user_9992556
pd-user_6833096
pd-user_767175
pd-user_2785096
pd-user_1695113
pd-user_5578245
pd-user_8148162
pd-user_7035074
pd-user_7259234
pd-user_1183040
pd-user_3123123
pd-user_3083412
pd-user_2491031
pd-user_57779
pd-user_1581650
pd-user_3112470
pd-user_1403026
pd-user_4742088
pd-user_1676118
pd-user_5839777
pd-user_6699998
pd-user_1038523
pd-user_3263566
pd-user_9340316
pd-user_7499943
pd-user_8069796
pd-user_6595331
pd-user_3675215
pd-user_777142
pd-user_1380664
pd-user_2052141
pd-user_2679285
pd-user_766954
pd-user_9662405
pd-user_9225432
pd-user_3020805
pd-user_2818737
pd-user_6854100
pd-user_8631664
pd-user_4479679
pd-user_1725797
pd-user_3676249
pd-user_7355725
pd-user_6834846
pd-user_2964850
pd-user_5077765
pd-user_2074742
pd-user_4692448
pd-user_8401480
pd-user_524180
pd-user_1678360
pd-user_324162
pd-user_5616263
pd-user_3832512
pd-user_2511599
pd-user_63972
pd-user_1297850
pd-user_3249012
pd-user_9002991
pd-user_2076183
pd-user_6826628
pd-user_4079780
pd-user_6989740
pd-user_5596985
pd-user_4458554
pd-user_6709677
pd-user_507032
pd-user_9097162
pd-user_5551676
pd-user_8302846
pd-user_9569257
pd-user_5603096
pd-user_8833884
pd-user_5268915
pd-user_4339272
pd-user_6793739
pd-user_587217
pd-user_4328184
pd-user_6163191
pd-user_7100643
pd-user_5737287
pd-user_7058414
pd-user_4889157
pd-user_1991645
pd-user_3797523
pd-user_7584675
pd-user_5402733
pd-user_6210248
pd-user_5230250
pd-user_3917179
pd-user_9952464
pd-user_6090865
pd-user_7379592
pd-user_3318634
pd-user_2473544
pd-user_3444445
pd-user_7228943
pd-user_3214774
pd-user_1835303
pd-user_7322787
pd-user_2854724
pd-user_5421484
pd-user_7158756
pd-user_7060543
pd-user_687675
pd-user_7673987
pd-user_3298634
pd-user_9381041
pd-user_5994292
pd-user_2989015
pd-user_4535618
pd-user_7927939
pd-user_3296585
pd-user_4813745
pd-user_178201
pd-user_7225476
pd-user_6945152
pd-user_1838175
pd-user_7757343
pd-user_8487879
pd-user_1941082
pd-user_3467414
pd-user_3163501
pd-user_6295189
pd-user_2670894
pd-user_2835030
pd-user_2702105
pd-user_6343294
pd-user_1283088
pd-user_7960996
pd-user_180439
pd-user_4155610
pd-user_692930
pd-user_9791007
pd-user_7837252
pd-user_1666
pd-user_5431389
pd-user_5195894
pd-user_3985736
pd-user_4234380
pd-user_2641351
pd-user_6546013
pd-user_1951334
pd-user_8303395
pd-user_5993719
pd-user_7449081
pd-user_6885076
pd-user_9770039
pd-user_1995920
pd-user_3803818
pd-user_6286713
pd-user_4256456
pd-user_9788829
pd-user_3223973
pd-user_6421314
pd-user_7229181
pd-user_3704527
pd-user_9363535
pd-user_6742806
pd-user_7650770
pd-user_7928180
pd-user_7143444
pd-user_4712454
pd-user_6890876
pd-user_3868910
pd-user_3912874
pd-user_9599183
pd-user_4533650
pd-user_8087729
pd-user_334111
pd-user_9296177
pd-user_7605677
pd-user_8687577
pd-user_782655
pd-user_6956339
pd-user_2916210
pd-user_5363181
pd-user_1687787
pd-user_2708968
pd-user_4333492
pd-user_8028804
pd-user_9022943
pd-user_4957096
pd-user_5698894
pd-user_2277243
pd-user_542351
pd-user_4896205
pd-user_878502
pd-user_2391885
pd-user_6684058
pd-user_3792776
pd-user_614560
pd-user_2721037
pd-user_1263992
pd-user_2421545
pd-user_6820835
pd-user_3804028
pd-user_5238055
pd-user_9235593
pd-user_9759542
pd-user_8434980
pd-user_3534324
pd-user_3553813
pd-user_2416074
pd-user_5785245
pd-user_4207451
pd-user_698458
pd-user_5795801
pd-user_8346516
pd-user_1603999
pd-user_3607964
pd-user_3574227
pd-user_4278247
pd-user_6550482
pd-user_9405347
pd-user_5992857
pd-user_7150745
pd-user_1998343
pd-user_7579852
pd-user_7142196
pd-user_6544066
pd-user_987321
pd-user_5561018
pd-user_9457238
pd-user_3317552
pd-user_7352479
pd-user_1072519
pd-user_4409681
pd-user_1719540
pd-user_3012635
pd-user_8272352
pd-user_9983581
pd-user_5064301
pd-user_1071689
pd-user_6601395
pd-user_4085966
pd-user_1133596
pd-user_1608057
pd-user_4942790
pd-user_7703064
pd-user_2905660
pd-user_7632779
pd-user_6349684
pd-user_5295122
pd-user_3716261
pd-user_2508733
pd-user_5237025
pd-user_4012471
pd-user_1667831
pd-user_6666745
pd-user_2964475
pd-user_1539900
pd-user_4720389
pd-user_3763114
pd-user_9417653
pd-user_3950021
pd-user_7874942
pd-user_1262859
pd-user_241592
pd-user_2071662
pd-user_9316214
pd-user_3682083
pd-user_1828250
pd-user_1275194
pd-user_4945410
pd-user_1771509
pd-user_8080333
pd-user_9906585
pd-user_3050580
pd-user_1759664
pd-user_7006226
pd-user_13224
pd-user_2336883
pd-user_4539106
pd-user_4315431
pd-user_7012594
pd-user_7118928
pd-user_1309685
pd-user_2511762
pd-user_4385469
pd-user_6677385
pd-user_9758872
pd-user_5580691
pd-user_2631456
pd-user_3666780
pd-user_7283061
pd-user_2742557
pd-user_4508260
pd-user_9500010
pd-user_5338802
pd-user_635358
pd-user_6427095
pd-user_5317863
pd-user_7956666
pd-user_2184269
pd-user_1255696
pd-user_2092885
pd-user_4548487
pd-user_1970728
pd-user_94780
pd-user_4247661
pd-user_1991403
pd-user_1747159
pd-user_4942540
pd-user_6507586
pd-user_411847
pd-user_2785763
pd-user_5757276
pd-user_2396880
pd-user_3130722
pd-user_4884986
pd-user_5687236
pd-user_2641153
pd-user_5455269
pd-user_9071725
pd-user_113839
pd-user_5808716
pd-user_2541494
pd-user_8890931
pd-user_2902711
pd-user_5209308
pd-user_396336
pd-user_6090765
pd-user_3270150
pd-user_6982045
pd-user_8886247
pd-user_927608
pd-user_2784478
pd-user_8535258
pd-user_1832871
pd-user_5782265
pd-user_5835028
pd-user_8708377
pd-user_1527611
pd-user_4280916
pd-user_9727245
pd-user_7197971
pd-user_8548561
pd-user_3752796
pd-user_4740079
pd-user_8510278
pd-user_7520311
pd-user_5613151
pd-user_5181822
pd-user_6327033
pd-user_212421
pd-user_7760178
pd-user_1805697
pd-user_596781
pd-user_48993
pd-user_7481772
pd-user_5138416
pd-user_2295494
pd-user_3456218
pd-user_6984296
pd-user_4817886
pd-user_2683197
pd-user_9561978
pd-user_7052783
pd-user_144594
pd-user_5505837
pd-user_8387151
pd-user_5546933
pd-user_6022742
pd-user_3973605
pd-user_5062349
pd-user_3882624
pd-user_9560366
pd-user_3819290
pd-user_3108777
pd-user_1291581
pd-user_6552083
pd-user_2722531
pd-user_6395922
pd-user_8935622
pd-user_3436952
pd-user_8848136
pd-user_3234440
pd-user_1173651
pd-user_8922315
pd-user_7688633
pd-user_8402157
pd-user_3163968
pd-user_1540304
pd-user_8071957
pd-user_6483417
pd-user_1156132
pd-user_5351579
pd-user_1021348
pd-user_2206080
pd-user_5043303
pd-user_4899601
pd-user_7779176
pd-user_1937988
pd-user_8757519
pd-user_6657636
pd-user_7444220
pd-user_3600228
pd-user_8178539
pd-user_3280353
pd-user_9300837
pd-user_1317036
pd-user_439425
pd-user_6041068
pd-user_3739701
pd-user_9924490
pd-user_2635145
pd-user_4735636
pd-user_5709029
pd-user_1255901
pd-user_4215951
pd-user_9087444
pd-user_7063448
pd-user_2617661
pd-user_1417
pd-user_3801150
pd-user_880599
pd-user_3848229
pd-user_9250378
pd-user_2949436
pd-user_5777834
pd-user_5761128
pd-user_4024108
pd-user_506214
pd-user_5574670
pd-user_3894186
pd-user_6769343
pd-user_7584983
pd-user_2235863
pd-user_3800382
pd-user_2120165
pd-user_1206113
pd-user_7106336
pd-user_8668275
pd-user_2948559
pd-user_2168942
pd-user_7956790
pd-user_7414411
pd-user_7682908
pd-user_4868911
pd-user_4809037
pd-user_9649761
pd-user_3727208
pd-user_8970489
pd-user_8514848
pd-user_8834540
pd-user_6489917
pd-user_7221243
pd-user_7793393
pd-user_1937199
pd-user_4791803
pd-user_770949
pd-user_1574853
pd-user_4751487
pd-user_4896205
pd-user_7553148
pd-user_2718184
pd-user_216256
pd-user_8316653
pd-user_4822031
pd-user_9598618
pd-user_7869244
pd-user_634559
pd-user_1437684
pd-user_1373402
pd-user_12343
pd-user_4755750
pd-user_8752338
pd-user_9700640
pd-user_2979630
pd-user_1488573
pd-user_7365187
pd-user_2699795
pd-user_1207039
pd-user_1641784
pd-user_1762981
pd-user_2124635
pd-user_281239
pd-user_6339901
pd-user_4387036
pd-user_8661723
pd-user_3312137
pd-user_8266441
pd-user_6913571
pd-user_1223328
pd-user_1009292
pd-user_7236208
pd-user_5002510
pd-user_664015
pd-user_2772412
pd-user_4857265
pd-user_9626750
pd-user_9482379
pd-user_5588108
pd-user_5600165
pd-user_4582005
pd-user_4918614
pd-user_6655415
pd-user_8857980
pd-user_495806
pd-user_7128984
pd-user_265234
pd-user_1430151
pd-user_1868460
pd-user_4516923
pd-user_6250943
pd-user_8219304
pd-user_4692698
pd-user_1966499
pd-user_2787266
pd-user_3442071
pd-user_9220053
pd-user_9446135
pd-user_5402864
pd-user_5221473
pd-user_3723243
pd-user_1348866
pd-user_6540600
pd-user_3314872
pd-user_6412734
pd-user_3095862
pd-user_6230123
pd-user_3109419
pd-user_1759074
pd-user_3237970
pd-user_1331568
pd-user_1754095
pd-user_2079096
pd-user_6665944
pd-user_5461062
pd-user_2339635
pd-user_7201002
pd-user_5871000
pd-user_2345935
pd-user_9220924
pd-user_3977897
pd-user_8126392
pd-user_3154197
pd-user_3690293
pd-user_5104536
pd-user_9332938
pd-user_2904490
pd-user_5700251
pd-user_1154555
pd-user_4590013
pd-user_6773160
pd-user_8930882
pd-user_5636241
pd-user_7430589
pd-user_3725649
pd-user_9145839
pd-user_5301739
pd-user_3210202
pd-user_5039949
pd-user_584362
pd-user_6309324
pd-user_1189286
pd-user_8760915
pd-user_639461
pd-user_6991376
pd-user_5925825
pd-user_1731357
pd-user_766953
pd-user_6876883
pd-user_2697142
pd-user_3346109
pd-user_6842720
pd-user_6416328
pd-user_1379157
pd-user_3929975
pd-user_4695576
pd-user_1483786
pd-user_5311511
pd-user_2182800
pd-user_519146
pd-user_7828142
pd-user_5153710
pd-user_6078832
pd-user_3693658
pd-user_3962254
pd-user_9203137
pd-user_9387828
pd-user_5984739
pd-user_3086545
pd-user_5455533
pd-user_8189467
pd-user_7515421
pd-user_3244558
pd-user_8919856
pd-user_7121390
pd-user_610389
pd-user_7412619
pd-user_1877098
pd-user_271333
pd-user_6058332
pd-user_488932
pd-user_8850781
pd-user_2616685
pd-user_8632573
pd-user_4809600
pd-user_8207506
pd-user_9770282
pd-user_7682116
pd-user_9654555
pd-user_8120105
pd-user_2758790
pd-user_971349
pd-user_8916187
pd-user_9813535
pd-user_4288622
pd-user_8694073
pd-user_1017954
pd-user_721172
pd-user_5642789
pd-user_5237582
pd-user_7309541
pd-user_2785075
pd-user_1866840
pd-user_5594978
pd-user_5664021
pd-user_9728848
pd-user_1985928
pd-user_611225
pd-user_928234
pd-user_2940451
pd-user_5324659
pd-user_1825318
pd-user_6108276
pd-user_5298406
pd-user_7678384
pd-user_8174250
pd-user_844186
pd-user_1570083
pd-user_5238895
pd-user_8653702
pd-user_8649596
pd-user_3142973
pd-user_2925492
pd-user_7370784
pd-user_9077749
pd-user_18475
pd-user_4121624
pd-user_1751121
pd-user_184761
pd-user_3674641
pd-user_7538470
pd-user_6079568
pd-user_3105594
pd-user_4591690
pd-user_7939697
pd-user_9533183
pd-user_7577553
pd-user_6932675
pd-user_8378798
pd-user_8806802
pd-user_1970950
pd-user_3907066
pd-user_9133912
pd-user_8708738
pd-user_4987644
pd-user_5658119
pd-user_7104567
pd-user_3596182
pd-user_7641821
pd-user_1303560
pd-user_5472689
pd-user_712176
pd-user_5179477
pd-user_8077764
pd-user_9867777
pd-user_8985010
pd-user_4020073
pd-user_8392695
pd-user_4756720
pd-user_3236307
pd-user_9833011
pd-user_7473626
pd-user_7647698
pd-user_7347368
pd-user_6380242
pd-user_7074613
pd-user_5293827
pd-user_1186055
pd-user_7633403
pd-user_7271716
pd-user_7184716
pd-user_1695264
pd-user_7491641
pd-user_7522297
pd-user_2059538
pd-user_8429663
pd-user_1709525
pd-user_217256
pd-user_5698305
pd-user_6419798
pd-user_8343210
pd-user_9514608
pd-user_7294437
pd-user_9133705
pd-user_2617718
pd-user_1944173
pd-user_9258694
pd-user_4298412
pd-user_8572340
pd-user_944979
pd-user_1385343
pd-user_1936671
pd-user_8119362
pd-user_2008346
pd-user_4684621
pd-user_4217014
pd-user_5856747
pd-user_4493778
pd-user_6312363
pd-user_6623402
pd-user_9380392
pd-user_8013416
pd-user_1272086
pd-user_2256858
pd-user_6138626
pd-user_5453436
pd-user_3919297
pd-user_9263848
pd-user_12870
pd-user_1762937
pd-user_3321997
pd-user_1737517
pd-user_8253550
pd-user_7687365
pd-user_4485719
pd-user_3544114
pd-user_4585855
pd-user_2360755
pd-user_3304551
pd-user_5335970
pd-user_5847737
pd-user_7385937
pd-user_4013645
pd-user_9556268
pd-user_8914173
pd-user_4063016
pd-user_1892874
pd-user_676237
pd-user_6300835
pd-user_6293879
pd-user_722543
pd-user_4393872
pd-user_669065
pd-user_4727780
pd-user_889906
pd-user_6135731
pd-user_4428500
pd-user_6092190
pd-user_3282869
pd-user_2313780
pd-user_3787911
pd-user_5426513
pd-user_6260639
pd-user_8840320
pd-user_9927682
pd-user_5867637
pd-user_6134167
pd-user_5780216
pd-user_8221306
pd-user_5070304
pd-user_3887001
pd-user_1933906
pd-user_9940292
pd-user_2083023
pd-user_6141751
pd-user_3952300
pd-user_7526944
pd-user_8720898
pd-user_334697
pd-user_1460803
pd-user_9906531
pd-user_2257921
pd-user_5249872
pd-user_4074663
pd-user_4703839
pd-user_513180
pd-user_7593293
pd-user_724012
pd-user_7452727
pd-user_6728743
pd-user_9621048
pd-user_9209695
pd-user_139383
pd-user_6355596
pd-user_7658804
pd-user_7775352
pd-user_5143346
pd-user_5462030
pd-user_173459
pd-user_1544524
pd-user_718768
pd-user_6840907
pd-user_5356563
pd-user_6000437
pd-user_527856
pd-user_3884371
pd-user_6638177
pd-user_990521
pd-user_840797
pd-user_790775
pd-user_3457545
pd-user_9041758
pd-user_8941049
pd-user_9908857
pd-user_3751400
pd-user_4958692
pd-user_2322961
pd-user_8782204
pd-user_3195526
pd-user_566921
pd-user_437561
pd-user_3012630
pd-user_8157432
pd-user_3515583
pd-user_3895257
pd-user_1878418
pd-user_4871347
pd-user_4409343
pd-user_4546406
pd-user_2673768
pd-user_2819877
pd-user_8382083
pd-user_3529345
pd-user_1599406
pd-user_4395393
pd-user_840477
pd-user_256295
pd-user_2956393
pd-user_7550198
pd-user_3773014
pd-user_6284805
pd-user_3456958
pd-user_9519455
pd-user_6965834
pd-user_711471
pd-user_5322070
pd-user_225390
pd-user_3311717
pd-user_5843763
pd-user_9021827
pd-user_3766473
pd-user_6406098
pd-user_4935097
pd-user_9257425
pd-user_8961597
pd-user_3125943
pd-user_1395419
pd-user_3120488
pd-user_5812124
pd-user_5410772
pd-user_8312032
pd-user_2267917
pd-user_9918950
pd-user_2905215
pd-user_627787
pd-user_4940763
pd-user_3073393
pd-user_9171803
pd-user_8949850
pd-user_8545864
pd-user_4219102
pd-user_8854498
pd-user_7444312
pd-user_8993214
pd-user_8972129
pd-user_2635382
pd-user_1591791
pd-user_2575834
pd-user_6496196
pd-user_2543681
pd-user_8515086
pd-user_4673360
pd-user_943063
pd-user_2114854
pd-user_2956676
pd-user_8804028
pd-user_3471965
pd-user_3300130
pd-user_6487882
pd-user_3732504
pd-user_5152442
pd-user_187623
pd-user_6727282
pd-user_6293633
pd-user_6208341
pd-user_7596380
pd-user_1054327
pd-user_746483
pd-user_6334300
pd-user_5675356
pd-user_195856
pd-user_6031345
pd-user_3868379
pd-user_4479078
pd-user_4699941
pd-user_4390876
pd-user_8985794
pd-user_8610788
pd-user_6429684
pd-user_3202078
pd-user_8045778
pd-user_5428129
pd-user_2650903
pd-user_9065855
pd-user_3494569
pd-user_130539
pd-user_8332327
pd-user_1621515
pd-user_1969881
pd-user_7161068
pd-user_1747433
pd-user_5161000
pd-user_8074615
pd-user_1102068
pd-user_1711607
pd-user_4665089
pd-user_3994088
pd-user_6750986
pd-user_1933314
pd-user_2560805
pd-user_5385650
pd-user_3427670
pd-user_3323407
pd-user_6244962
pd-user_8740747
pd-user_4790117
pd-user_8659198
pd-user_8224153
pd-user_5294462
pd-user_7834028
pd-user_5459955
pd-user_143153
pd-user_3045986
pd-user_4182892
pd-user_9682251
pd-user_7908100
pd-user_1362356
pd-user_3481389
pd-user_5604811
pd-user_5876200
pd-user_5627971
pd-user_9497946
pd-user_2257000
pd-user_3490521
pd-user_5987231
pd-user_4579048
pd-user_1182754
pd-user_5266485
pd-user_532430
pd-user_2419799
pd-user_2469605
pd-user_3935656
pd-user_1639911
pd-user_8177901
pd-user_8377218
pd-user_3396809
pd-user_9768999
pd-user_1804038
pd-user_9389198
pd-user_3949714
pd-user_1261493
pd-user_5747792
pd-user_4111667
pd-user_5071902
pd-user_1359318
pd-user_7420770
pd-user_3571437
pd-user_6208054
pd-user_8568598
pd-user_5596696
pd-user_2867251
pd-user_5668229
pd-user_1018974
pd-user_1965388
pd-user_467444
pd-user_3611017
pd-user_1622701
pd-user_4917926
pd-user_6361172
pd-user_5761316
pd-user_4018519
pd-user_9399472
pd-user_4544013
pd-user_6062991
pd-user_4886879
pd-user_559702
pd-user_6176737
pd-user_8074868
pd-user_4055460
pd-user_7903501
pd-user_6533143
pd-user_2059242
pd-user_3202869
pd-user_587299
pd-user_9297477
pd-user_9495401
pd-user_1323421
pd-user_7717307
pd-user_1296219
pd-user_1483259
pd-user_5935338
pd-user_1855377
pd-user_5786950
pd-user_2489972
pd-user_1162514
pd-user_6468566
pd-user_2138828
pd-user_108247
pd-user_2120972
pd-user_7834100
pd-user_5709782
pd-user_3097549
pd-user_2379209
pd-user_6549548
pd-user_1187671
pd-user_888113
pd-user_3839547
pd-user_9815270
pd-user_3748419
pd-user_5053763
pd-user_5248891
pd-user_78858
pd-user_8119507
pd-user_5145003
pd-user_5826700
pd-user_645696
pd-user_653462
pd-user_7786787
pd-user_5822807
pd-user_8318339
pd-user_1092129
pd-user_9533320
pd-user_8854595
pd-user_3061970
pd-user_9578486
pd-user_7218812
pd-user_1488610
pd-user_3936256
pd-user_9751688
pd-user_9867157
pd-user_290529
pd-user_9957169
pd-user_4680130
pd-user_8290954
pd-user_9366084
pd-user_3269344
pd-user_6103190
pd-user_5234230
pd-user_6951089
pd-user_5537163
pd-user_350051
pd-user_7491914
pd-user_9190138
pd-user_7027005
pd-user_2061062
pd-user_7933666
pd-user_6249700
pd-user_5392045
pd-user_2546478
pd-user_6045800
pd-user_5012558
pd-user_1569120
pd-user_4227922
pd-user_9815241
pd-user_2572131
pd-user_3375306
pd-user_5103884
pd-user_9530597
pd-user_9978582
pd-user_6962817
pd-user_5016069
pd-user_6457175
pd-user_5062807
pd-user_5439596
pd-user_4941134
pd-user_3219450
pd-user_4168459
pd-user_3009781
pd-user_575407
pd-user_4863185
pd-user_7628514
pd-user_2247349
pd-user_9959693
pd-user_4770913
pd-user_8135755
pd-user_1423037
pd-user_8931210
pd-user_6819929
pd-user_2306697
pd-user_5328458
pd-user_5344857
pd-user_6604768
pd-user_1750328
pd-user_6048835
pd-user_3796233
pd-user_5517987
pd-user_3328950
pd-user_5269615
pd-user_2584298
pd-user_9964068
pd-user_3575364
pd-user_7912767
pd-user_2123942
pd-user_1034526
pd-user_3547426
pd-user_2025558
pd-user_1349522
pd-user_5832987
pd-user_6515194
pd-user_8426532
pd-user_5149690
pd-user_539592
pd-user_5554040
pd-user_5042996
pd-user_4558272
pd-user_8847227
pd-user_697253
pd-user_5298749
pd-user_5103915
pd-user_3753278
pd-user_8573376
pd-user_6854566
pd-user_2735532
pd-user_1468738
pd-user_283883
pd-user_9674460
pd-user_7093873
pd-user_7411905
pd-user_5680386
pd-user_3943144
pd-user_4788922
pd-user_7820440
pd-user_4106765
pd-user_1927686
pd-user_8053061
pd-user_6765228
pd-user_4221226
pd-user_8675695
pd-user_5698873
pd-user_8091032
pd-user_6293657
pd-user_6540742
pd-user_8592855
pd-user_1012078
pd-user_3084013
pd-user_2917556
pd-user_879369
pd-user_7666368
pd-user_6400567
pd-user_8625977
pd-user_3236029
pd-user_1527556
pd-user_1525863
pd-user_3738206
pd-user_1306120
pd-user_6106859
pd-user_4024551
pd-user_283105
pd-user_2070337
pd-user_566131
pd-user_9023176
pd-user_4746373
pd-user_6930910
pd-user_1127826
pd-user_3001622
pd-user_8865556
pd-user_240477
pd-user_407146
pd-user_6413084
pd-user_232175
pd-user_6007240
pd-user_9831068
pd-user_8730799
pd-user_3681659
pd-user_1651334
pd-user_8763767
pd-user_5848704
pd-user_787722
pd-user_4907121
pd-user_278202
pd-user_7934043
pd-user_8317345
pd-user_2689608
pd-user_6476623
pd-user_1522053
pd-user_3728988
pd-user_7569875
pd-user_9674548
pd-user_5781006
pd-user_7109521
pd-user_5209087
pd-user_1413850
pd-user_1964348
pd-user_8580283
pd-user_3808178
pd-user_3940390
pd-user_3547325
pd-user_772405
pd-user_2888521
pd-user_6060898
pd-user_9406277
pd-user_9204438
pd-user_7987418
pd-user_8832891
pd-user_2997146
pd-user_491381
pd-user_8564360
pd-user_2738872
pd-user_134823
pd-user_502529
pd-user_4837612
pd-user_7070724
pd-user_5411424
pd-user_9673332
pd-user_5054390
pd-user_1058248
pd-user_5975746
pd-user_7428571
pd-user_2875851
pd-user_3404768
pd-user_4784183
pd-user_6043103
pd-user_3944169
pd-user_8841723
pd-user_8549929
pd-user_6275569
pd-user_1291146
pd-user_3559622
pd-user_3837330
pd-user_9529258
pd-user_2845809
pd-user_8640124
pd-user_5160600
pd-user_6460470
pd-user_735526
pd-user_5977295
pd-user_2861136
pd-user_8075853
pd-user_4052357
pd-user_3261475
pd-user_7448245
pd-user_8119566
pd-user_3052837
pd-user_5956655
pd-user_7308871
pd-user_6591930
pd-user_4305065
pd-user_8098482
pd-user_4504013
pd-user_8040958
pd-user_8968707
pd-user_4800233
pd-user_1132013
pd-user_3295986
pd-user_1094948
pd-user_8869027
pd-user_4520079
pd-user_3322670
pd-user_2234539
pd-user_7214216
pd-user_5420875
pd-user_290185
pd-user_2183514
pd-user_9345934
pd-user_573519
pd-user_4572019
pd-user_8360141
pd-user_2167206
pd-user_613867
pd-user_942706
pd-user_4910146
pd-user_3399594
pd-user_2746074
pd-user_4176307
pd-user_3413882
pd-user_3808889
pd-user_5759454
pd-user_4069922
pd-user_6635654
pd-user_4207338
pd-user_6903915
pd-user_7741299
pd-user_7856529
pd-user_2004733
pd-user_4427175
pd-user_1540485
pd-user_3903185
pd-user_214997
pd-user_9211660
pd-user_3010011
pd-user_7054084
pd-user_5417978
pd-user_1998385
pd-user_4236613
pd-user_8651483
pd-user_4049737
pd-user_6179295
pd-user_991381
pd-user_7138906
pd-user_5048306
pd-user_792974
pd-user_7069537
pd-user_4046637
pd-user_5768566
pd-user_8522862
pd-user_5632711
pd-user_9623657
pd-user_9317763
pd-user_1104217
pd-user_9028147
pd-user_8652584
pd-user_9060605
pd-user_7266140
pd-user_764690
pd-user_9852053
pd-user_2415699
pd-user_8969961
pd-user_1552861
pd-user_2846732
pd-user_533780
pd-user_6689476
pd-user_8292802
pd-user_3667655
pd-user_6323874
pd-user_3305951
pd-user_2122719
pd-user_3063332
pd-user_5673474
pd-user_5680676
pd-user_2856105
pd-user_9000527
pd-user_2728615
pd-user_9837376
pd-user_3583988
pd-user_4722079
pd-user_7567827
pd-user_7064560
pd-user_3635137
pd-user_1697668
pd-user_4711043
pd-user_5710439
pd-user_8371186
pd-user_348149
pd-user_9283150
pd-user_9947995
pd-user_8229326
pd-user_4834153
pd-user_201164
pd-user_5254069
pd-user_9405657
pd-user_5494669
pd-user_6483024
pd-user_4901468
pd-user_9412288
pd-user_4987177
pd-user_9180847
pd-user_4071052
pd-user_4546147
pd-user_1638471
pd-user_8828151
pd-user_4035888
pd-user_2592322
pd-user_5067800
pd-user_7917483
pd-user_3306566
pd-user_4310552
pd-user_7294705
pd-user_2458171
pd-user_9720927
pd-user_5670174
pd-user_1907095
pd-user_4675400
pd-user_7291136
pd-user_4536298
pd-user_5482026
pd-user_6271425
pd-user_8159900
pd-user_1888029
pd-user_3011686
pd-user_8548482
pd-user_8336491
pd-user_7515634
pd-user_5599483
pd-user_3526518
pd-user_522875
pd-user_2672931
pd-user_9519388
pd-user_6185022
pd-user_6172433
pd-user_4166103
pd-user_7273754
pd-user_3678470
pd-user_3580700
pd-user_7094982
pd-user_9732325
pd-user_7742201
pd-user_6392652
pd-user_6837206
pd-user_3195579
pd-user_9266573
pd-user_5747367
pd-user_2708718
pd-user_7285727
pd-user_1266255
pd-user_4426222
pd-user_38596
pd-user_617074
pd-user_8469786
pd-user_8268930
pd-user_1272528
pd-user_1649961
pd-user_9382254
pd-user_4830716
pd-user_4339585
pd-user_1090463
pd-user_6923635
pd-user_4884161
pd-user_7447166
pd-user_237736
pd-user_2525883
pd-user_1280814
pd-user_5299819
pd-user_6399041
pd-user_6174524
pd-user_7876223
pd-user_308458
pd-user_4779659
pd-user_4186876
pd-user_578742
pd-user_5516660
pd-user_714453
pd-user_8372699
pd-user_5552304
pd-user_7266850
pd-user_2294380
pd-user_998915
pd-user_2609359
pd-user_1414750
pd-user_9435771
pd-user_4669500
pd-user_8738584
pd-user_4752850
pd-user_2313636
pd-user_5874441
pd-user_91885
pd-user_8683641
pd-user_4408928
pd-user_5567565
pd-user_6196535
pd-user_2797704
pd-user_4520088
pd-user_8810238
pd-user_1889684
pd-user_5023116
pd-user_5084421
pd-user_643046
pd-user_6861305
pd-user_2953702
pd-user_8910070
pd-user_1899565
pd-user_1647665
pd-user_7230340
pd-user_2973058
pd-user_9110961
pd-user_8894359
pd-user_1196587
pd-user_6335789
pd-user_9630011
pd-user_9399132
pd-user_4211480
pd-user_3501123
pd-user_179640
pd-user_9916930
pd-user_4667746
pd-user_2263918
pd-user_8021862
pd-user_9236577
pd-user_5693320
pd-user_5637718
pd-user_2946720
pd-user_5866781
pd-user_548075
pd-user_4268751
pd-user_6586135
pd-user_8313798
pd-user_8291451
pd-user_5186032
pd-user_1905739
pd-user_1219801
pd-user_3171452
pd-user_7194591
pd-user_6588089
pd-user_2235860
pd-user_2541839
pd-user_4391748
pd-user_3504299
pd-user_8145995
pd-user_1374792
pd-user_4725372
pd-user_4175219
pd-user_6057310
pd-user_7346069
pd-user_1191961
pd-user_1689739
pd-user_3781410
pd-user_7587843
pd-user_255712
pd-user_8389154
pd-user_471267
pd-user_4376537
pd-user_5041242
pd-user_4895942
pd-user_1158856
pd-user_3398357
pd-user_4572565
pd-user_8450186
pd-user_1041949
pd-user_9200253
pd-user_9275882
pd-user_8984724
pd-user_2142282
pd-user_7878643
pd-user_4921630
pd-user_6025922
pd-user_6423935
pd-user_760401
pd-user_7654544
pd-user_5923674
pd-user_4572628
pd-user_4706267
pd-user_9170176
pd-user_1480744
pd-user_5860487
pd-user_5967023
pd-user_1475639
pd-user_3354933
pd-user_6893317
pd-user_3582110
pd-user_4394621
pd-user_1869901
pd-user_8758394
pd-user_7512651
pd-user_919160
pd-user_4648079
pd-user_2942994
pd-user_2663532
pd-user_7284266
pd-user_2534161
pd-user_1616798
pd-user_8289690
pd-user_962118
pd-user_3041786
pd-user_8237363
pd-user_9557325
pd-user_8274634
pd-user_3861791
pd-user_3663062
pd-user_6464987
pd-user_6253028
pd-user_7660257
pd-user_8305955
pd-user_3792772
pd-user_5195221
pd-user_7738882
pd-user_6490373
pd-user_8676884
pd-user_2261350
pd-user_3702068
pd-user_7113360
pd-user_8490178
pd-user_5470709
pd-user_949211
pd-user_9952280
pd-user_9674366
pd-user_8368145
pd-user_1108280
pd-user_7792245
pd-user_7232657
pd-user_9750500
pd-user_4441160
pd-user_3004295
pd-user_33736
pd-user_3068554
pd-user_647294
pd-user_1437916
pd-user_5386986
pd-user_9653683
pd-user_1116972
pd-user_7789722
pd-user_8632270
pd-user_6039805
pd-user_4609860
pd-user_8542989
pd-user_8368882
pd-user_153746
pd-user_5587978
pd-user_4924708
pd-user_1914761
pd-user_3209375
pd-user_597819
pd-user_1887440
pd-user_1334057
pd-user_5631995
pd-user_6893835
pd-user_6078568
pd-user_6557208
pd-user_3322395
pd-user_3974309
pd-user_2291296
pd-user_1377197
pd-user_6360316
pd-user_6551761
pd-user_9141248
pd-user_5769571
pd-user_507815
pd-user_635867
pd-user_6031440
pd-user_3614127
pd-user_104442
pd-user_8208932
pd-user_8148921
pd-user_4769440
pd-user_8316355
pd-user_6150187
pd-user_2100012
pd-user_8439552
pd-user_2740748
pd-user_3560700
pd-user_7153812
pd-user_60928
pd-user_1756426
pd-user_4579360
pd-user_7495003
pd-user_3559280
pd-user_4350446
pd-user_9757546
pd-user_7811654
pd-user_2473660
pd-user_9046315
pd-user_8251671
pd-user_3809183
pd-user_4791386
pd-user_6987454
pd-user_1455619
pd-user_6012915
pd-user_4158755
pd-user_6686021
pd-user_4582909
pd-user_613183
pd-user_5461526
pd-user_3027639
pd-user_7060016
pd-user_6835571
pd-user_3654416
pd-user_5084121
pd-user_6274691
pd-user_5271479
pd-user_8170213
pd-user_9211777
pd-user_8306493
pd-user_4675389
pd-user_6792239
pd-user_462602
pd-user_8605509
pd-user_7158427
pd-user_8901952
pd-user_1309157
pd-user_7109761
pd-user_1599955
pd-user_2974346
pd-user_8242505
pd-user_3324842
pd-user_6845031
pd-user_5037787
pd-user_8952955
pd-user_2936763
pd-user_95105
pd-user_2202008
pd-user_7504150
pd-user_1298787
pd-user_263794
pd-user_4445546
pd-user_43570
pd-user_3217922
pd-user_9133781
pd-user_5628756
pd-user_4851228
pd-user_9384358
pd-user_1203299
pd-user_6160899
pd-user_1457119
pd-user_4445877
pd-user_4156127
pd-user_1556660
pd-user_8438384
pd-user_2824881
pd-user_6425083
pd-user_599089
pd-user_1829309
pd-user_6023772
pd-user_8247895
pd-user_7672002
pd-user_3372557
pd-user_1605210
pd-user_5286421
pd-user_8867286
pd-user_7117962
pd-user_7470212
pd-user_2925855
pd-user_4083622
pd-user_9095907
pd-user_9100584
pd-user_142576
pd-user_789780
pd-user_7398912
pd-user_6075272
pd-user_1489137
pd-user_864071
pd-user_7831842
pd-user_7800246
pd-user_5205910
pd-user_9612898
pd-user_7461952
pd-user_1072022
pd-user_3547022
pd-user_5212707
pd-user_4487212
pd-user_5892412
pd-user_2498460
pd-user_8188026
pd-user_80842
pd-user_2850199
pd-user_786760
pd-user_1139235
pd-user_7480079
pd-user_6703987
pd-user_4872102
pd-user_8386501
pd-user_6157919
pd-user_3539955
pd-user_2561602
pd-user_3385775
pd-user_781067
pd-user_3103278
pd-user_9421309
pd-user_1887329
pd-user_8522239
pd-user_8794120
pd-user_4305882
pd-user_274460
pd-user_319976
pd-user_4952492
pd-user_5980135
pd-user_593621
pd-user_4089738
pd-user_8811855
pd-user_4980729
pd-user_3499558
pd-user_7071706
pd-user_7883374
pd-user_1733963
pd-user_8506444
pd-user_1506329
pd-user_334922
pd-user_2496691
pd-user_9829089
pd-user_4690238
pd-user_2596592
pd-user_8557445
pd-user_1632930
pd-user_2665252
pd-user_3334450
pd-user_8332074
pd-user_4189035
pd-user_2219113
pd-user_177652
pd-user_3568980
pd-user_3780739
pd-user_7643559
pd-user_7297134
pd-user_3397109
pd-user_1200649
pd-user_9260696
pd-user_5535998
pd-user_9603659
pd-user_1080575
pd-user_6795950
pd-user_6950458
pd-user_1337632
pd-user_2766804
pd-user_5967513
pd-user_103034
pd-user_4062786
pd-user_6936801
pd-user_9745679
pd-user_3054941
pd-user_4268268
pd-user_4478935
pd-user_1395916
pd-user_2718525
pd-user_846502
pd-user_3408847
pd-user_5218602
pd-user_5601437
pd-user_4269361
pd-user_9243982
pd-user_4315254
pd-user_1892810
pd-user_5671447
pd-user_860377
pd-user_9901091
pd-user_4545096
pd-user_3597463
pd-user_6472610
pd-user_3224204
pd-user_5495237
pd-user_5506458
pd-user_9760197
pd-user_8259819
pd-user_9029893
pd-user_9528105
pd-user_405968
pd-user_5842266
pd-user_317134
pd-user_1151235
pd-user_1508568
pd-user_8777337
pd-user_1362745
pd-user_7740955
pd-user_7127132
pd-user_7783194
pd-user_379149
pd-user_2891148
pd-user_3730009
pd-user_2563321
pd-user_6477726
pd-user_4019646
pd-user_2788470
pd-user_1576678
pd-user_3261775
pd-user_1748068
pd-user_6193043
pd-user_2885552
pd-user_2472693
pd-user_1785846
pd-user_2776555
pd-user_8631325
pd-user_7621292
pd-user_4083788
pd-user_3208002
pd-user_1747083
pd-user_6174644
pd-user_1701168
pd-user_4395217
pd-user_4519058
pd-user_4730240
pd-user_1012790
pd-user_5682657
pd-user_8973794
pd-user_6094740
pd-user_3748475
pd-user_4750431
pd-user_8892305
pd-user_6250684
pd-user_3319811
pd-user_1625175
pd-user_5126626
pd-user_4921294
pd-user_5728752
pd-user_3109058
pd-user_9436023
pd-user_8855159
pd-user_9633228
pd-user_6014425
pd-user_8986270
pd-user_2522329
pd-user_2671716
pd-user_1849710
pd-user_2186930
pd-user_6722864
pd-user_2417823
pd-user_2894542
pd-user_9828172
pd-user_4676163
pd-user_5747812
pd-user_5044369
pd-user_1308630
pd-user_2245170
pd-user_4870690
pd-user_7651820
pd-user_2225401
pd-user_8371603
pd-user_63201
pd-user_3912927
pd-user_1947276
pd-user_1758127
pd-user_883810
pd-user_4064830
pd-user_2174214
pd-user_8572211
pd-user_4109960
pd-user_8680232
pd-user_7495616
pd-user_1165398
pd-user_4765170
pd-user_9972624
pd-user_209692
pd-user_823354
pd-user_4844107
pd-user_5999721
pd-user_9989307
pd-user_143019
pd-user_8742399
pd-user_7788096
pd-user_9985193
pd-user_6386547
pd-user_3947034
pd-user_7085641
pd-user_8345917
pd-user_1393749
pd-user_6140062
pd-user_9180728
pd-user_7945816
pd-user_6447168
pd-user_8622057
pd-user_8326336
pd-user_2547673
pd-user_8246178
pd-user_3592497
pd-user_1312220
pd-user_8535895
pd-user_7114066
pd-user_1166869
pd-user_8844310
pd-user_6012222
pd-user_4495199
pd-user_5011842
pd-user_8110234
pd-user_8487606
pd-user_285306
pd-user_575597
pd-user_4696240
pd-user_613324
pd-user_1188027
pd-user_7667438
pd-user_6249392
pd-user_7610216
pd-user_7884922
pd-user_7417443
pd-user_9558990
pd-user_8858338
pd-user_6638437
pd-user_6978752
pd-user_27390
pd-user_4896117
pd-user_7494725
pd-user_6177297
pd-user_7312311
pd-user_4981070
pd-user_2836816
pd-user_6813164
pd-user_4610200
pd-user_3489053
pd-user_2604456
pd-user_8741535
pd-user_4357744
pd-user_8533437
pd-user_7342742
pd-user_7682963
pd-user_684555
pd-user_8917717
pd-user_6170900
pd-user_9507333
pd-user_2680039
pd-user_7703890
pd-user_2309046
pd-user_8768328
pd-user_9509258
pd-user_1067871
pd-user_2003629
pd-user_2924568
pd-user_6724922
pd-user_4850183
pd-user_5151655
pd-user_1518387
pd-user_2748659
pd-user_4652157
pd-user_6661935
pd-user_9397060
pd-user_1553302
pd-user_8296014
pd-user_5906536
pd-user_1180279
pd-user_5770045
pd-user_8351777
pd-user_2607932
pd-user_3813319
pd-user_7986751
pd-user_6623244
pd-user_8128822
pd-user_9576563
pd-user_160144
pd-user_2744590
pd-user_2236761
pd-user_6674829
pd-user_6886898
pd-user_1309911
pd-user_632188
pd-user_168890
pd-user_5443332
pd-user_6719865
pd-user_2852920
pd-user_5538637
pd-user_8009221
pd-user_3441388
pd-user_6846016
pd-user_5416090
pd-user_6691483
pd-user_6960994
pd-user_7199506
pd-user_2843100
pd-user_5498048
pd-user_2332472
pd-user_1322438
pd-user_4515903
pd-user_9627915
pd-user_3418336
pd-user_5454656
pd-user_1268743
pd-user_3375355
pd-user_2252951
pd-user_8123308
pd-user_7045052
pd-user_2161812
pd-user_3088870
pd-user_6013058
pd-user_9664410
pd-user_1685635
pd-user_6539825
pd-user_110030
pd-user_3582494
pd-user_6247715
pd-user_4570561
pd-user_4725817
pd-user_5197512
pd-user_4230582
pd-user_2974472
pd-user_504571
pd-user_2225874
pd-user_264303
pd-user_5899515
pd-user_3928138
pd-user_558162
pd-user_9417252
pd-user_5435305
pd-user_3419748
pd-user_45866
pd-user_6327265
pd-user_6851553
pd-user_8460583
pd-user_7660194
pd-user_1828617
pd-user_9228711
pd-user_5266461
pd-user_752968
pd-user_5052808
pd-user_9398120
pd-user_905036
pd-user_3522962
pd-user_6010498
pd-user_8035073
pd-user_412026
pd-user_3378025
pd-user_5603283
pd-user_9558704
pd-user_7994026
pd-user_6210410
pd-user_7797528
pd-user_8896121
pd-user_8831075
pd-user_1869479
pd-user_3086684
pd-user_1524687
pd-user_7385028
pd-user_435364
pd-user_7413224
pd-user_6758949
pd-user_8457894
pd-user_4572152
pd-user_8187270
pd-user_5611913
pd-user_1998850
pd-user_4580081
pd-user_8304245
pd-user_1920224
pd-user_5521326
pd-user_7574779
pd-user_7263133
pd-user_2979503
pd-user_4912073
pd-user_1766554
pd-user_7059119
pd-user_6636804
pd-user_2050808
pd-user_6799376
pd-user_1377809
pd-user_4520958
pd-user_8193832
pd-user_9991837
pd-user_7842275
pd-user_8467001
pd-user_139013
pd-user_5566053
pd-user_6692937
pd-user_8105910
pd-user_777534
pd-user_6948734
pd-user_2689772
pd-user_3133336
pd-user_7853735
pd-user_3371542
pd-user_9214916
pd-user_6153081
pd-user_6521989
pd-user_8648393
pd-user_9792343
pd-user_7756677
pd-user_7202198
pd-user_6171418
pd-user_8686503
pd-user_676776
pd-user_2327702
pd-user_8185042
pd-user_7218512
pd-user_9611848
pd-user_444847
pd-user_2713269
pd-user_9729896
pd-user_7605056
pd-user_7262848
pd-user_1895934
pd-user_7239127
pd-user_9171642
pd-user_2471436
pd-user_7352681
pd-user_8596594
pd-user_5342665
pd-user_9787132
pd-user_9089098
pd-user_2230219
pd-user_4381911
pd-user_4835341
pd-user_9047101
pd-user_1010680
pd-user_5823801
pd-user_9223609
pd-user_7634930
pd-user_8240033
pd-user_8081363
pd-user_1851882
pd-user_4032102
pd-user_8841568
pd-user_7803158
pd-user_7069767
pd-user_5071714
pd-user_4449104
pd-user_4757424
pd-user_92517
pd-user_6764834
pd-user_4769804
pd-user_1925488
pd-user_7199386
pd-user_2604593
pd-user_540312
pd-user_6509951
pd-user_6662123
pd-user_4898302
pd-user_4358115
pd-user_4356311
pd-user_910038
pd-user_1064799
pd-user_4866649
pd-user_2949358
pd-user_2951207
pd-user_2368207
pd-user_6217681
pd-user_6962104
pd-user_9092008
pd-user_4762887
pd-user_9835238
pd-user_4241915
pd-user_5438463
pd-user_3406697
pd-user_4239251
pd-user_2409265
pd-user_8585591
pd-user_7669296
pd-user_1643347
pd-user_4059833
pd-user_6029418
pd-user_1472736
pd-user_3148712
pd-user_4623159
pd-user_615234
pd-user_4989053
pd-user_316734
pd-user_3835492
pd-user_6111181
pd-user_2463682
pd-user_2179305
pd-user_2611549
pd-user_8962663
pd-user_2264489
pd-user_3789262
pd-user_1486095
pd-user_6114729
pd-user_3497994
pd-user_3101022
pd-user_135586
pd-user_3930770
pd-user_3205437
pd-user_5947345
pd-user_2437572
pd-user_5004950
pd-user_3639734
pd-user_1201812
pd-user_2690671
pd-user_3532191
pd-user_8986021
pd-user_8261380
pd-user_5353191
pd-user_5904900
pd-user_8868422
pd-user_6970903
pd-user_2808774
pd-user_5928299
pd-user_3957283
pd-user_895468
pd-user_751713
pd-user_8574978
pd-user_5845539
pd-user_4326077
pd-user_7299048
pd-user_9629184
pd-user_777792
pd-user_1477595
pd-user_5409998
pd-user_443059
pd-user_2147326
pd-user_1373861
pd-user_7296054
pd-user_5644912
pd-user_757908
pd-user_1131516
pd-user_7935283
pd-user_4903420
pd-user_3804427
pd-user_2291702
pd-user_6530234
pd-user_9198198
pd-user_1661476
pd-user_2883849
pd-user_9214809
pd-user_416454
pd-user_6763168
pd-user_1781957
pd-user_4595680
pd-user_9250278
pd-user_5736141
pd-user_8760325
pd-user_9835865
pd-user_4770542
pd-user_2379497
pd-user_7291637
pd-user_1849024
pd-user_5163371
pd-user_2383367
pd-user_9545193
pd-user_2734659
pd-user_8268718
pd-user_1117387
pd-user_3714197
pd-user_2266927
pd-user_8333194
pd-user_7498830
pd-user_2671257
pd-user_4835377
pd-user_4871080
pd-user_3579689
pd-user_4710379
pd-user_3692579
pd-user_8169161
pd-user_2843989
pd-user_1378918
pd-user_9488574
pd-user_6005949
pd-user_7314062
pd-user_85816
pd-user_9223226
pd-user_1448224
pd-user_6361980
pd-user_3572390
pd-user_4056102
pd-user_6103355
pd-user_1059314
pd-user_2567267
pd-user_2856486
pd-user_421828
pd-user_4809515
pd-user_8628101
pd-user_1465968
pd-user_1143546
pd-user_3143099
pd-user_9236720
pd-user_4505164
pd-user_4933838
pd-user_255466
pd-user_2314388
pd-user_4976111
pd-user_4949636
pd-user_3667708
pd-user_9617209
pd-user_3274810
pd-user_631172
pd-user_9910124
pd-user_6832983
pd-user_5453660
pd-user_1736702
pd-user_115259
pd-user_1613832
pd-user_9142091
pd-user_5030417
pd-user_5234796
pd-user_446896
pd-user_7060902
pd-user_8986619
pd-user_7053638
pd-user_6056811
pd-user_1856281
pd-user_3906775
pd-user_3072958
pd-user_3779119
pd-user_6770103
pd-user_210386
pd-user_3928391
pd-user_5511772
pd-user_5010518
pd-user_5262993
pd-user_8089933
pd-user_2191089
pd-user_6631147
pd-user_7791742
pd-user_7975207
pd-user_7361462
pd-user_9731041
pd-user_1040857
pd-user_6696236
pd-user_1321381
pd-user_3902984
pd-user_2901786
pd-user_1139542
pd-user_6681941
pd-user_1637577
pd-user_8676812
pd-user_2845798
pd-user_7302228
pd-user_1068954
pd-user_3644412
pd-user_3045782
pd-user_6492940
pd-user_5815047
pd-user_3046084
pd-user_3610070
pd-user_6853441
pd-user_7625241
pd-user_2339405
pd-user_6848731
pd-user_3067054
pd-user_5889094
pd-user_7316698
pd-user_8434416
pd-user_7040393
pd-user_6980669
pd-user_6611420
pd-user_8056738
pd-user_4772591
pd-user_2034637
pd-user_3433579
pd-user_3533621
pd-user_6983087
pd-user_8892886
pd-user_6715625
pd-user_99984
pd-user_3858462
pd-user_4434579
pd-user_407376
pd-user_3517187
pd-user_8763058
pd-user_8977710
pd-user_5916757
pd-user_9230022
pd-user_6358645
pd-user_4952402
pd-user_2977869
pd-user_6797574
pd-user_8309138
pd-user_9435538
pd-user_659522
pd-user_4741407
pd-user_3526993
pd-user_4771045
pd-user_8488218
pd-user_6267720
pd-user_1588614
pd-user_6979276
pd-user_5359950
pd-user_843401
pd-user_6467574
pd-user_6926724
pd-user_8419007
pd-user_519336
pd-user_9403
pd-user_8804380
pd-user_9102997
pd-user_8672181
pd-user_631848
pd-user_2509613
pd-user_3519485
pd-user_6395061
pd-user_5486902
pd-user_9629988
pd-user_7300406
pd-user_2374465
pd-user_3555328
pd-user_9030271
pd-user_447846
pd-user_3142609
pd-user_5468015
pd-user_9101669
pd-user_71861
pd-user_9401924
pd-user_2397898
pd-user_1422484
pd-user_1303970
pd-user_8491545
pd-user_5594802
pd-user_8960537
pd-user_7335384
pd-user_4245235
pd-user_3693625
pd-user_399272
pd-user_1080996
pd-user_7860883
pd-user_170755
pd-user_3715853
pd-user_7622015
pd-user_5004112
pd-user_7960928
pd-user_2258731
pd-user_7940869
pd-user_931266
pd-user_9799440
pd-user_8949566
pd-user_986578
pd-user_4919198
pd-user_2120501
pd-user_3100621
pd-user_7215336
pd-user_5043927
pd-user_1683445
pd-user_1599905
pd-user_4669017
pd-user_304927
pd-user_5771722
pd-user_3088146
pd-user_5451171
pd-user_5061729
pd-user_5959874
pd-user_8314215
pd-user_4272536
pd-user_337009
pd-user_7489233
pd-user_4212944
pd-user_7795136
pd-user_9960137
pd-user_9874725
pd-user_8032864
pd-user_1961328
pd-user_970647
pd-user_8641327
pd-user_6969590
pd-user_5321338
pd-user_2012422
pd-user_1555723
pd-user_8980067
pd-user_9544149
pd-user_980101
pd-user_6606575
pd-user_7498511
pd-user_2520998
pd-user_7167346
pd-user_9692208
pd-user_9755234
pd-user_2210628
pd-user_8865489
pd-user_9293183
pd-user_3423433
pd-user_3241928
pd-user_5706069
pd-user_1486021
pd-user_7904971
pd-user_9544987
pd-user_5723394
pd-user_8004940
pd-user_4695070
pd-user_9771099
pd-user_604261
pd-user_9516576
pd-user_3714728
pd-user_7540061
pd-user_7469389
pd-user_6311003
pd-user_4476667
pd-user_4969426
pd-user_8690
pd-user_1723243
pd-user_2615694
pd-user_5007373
pd-user_1928231
pd-user_4472428
pd-user_4293711
pd-user_6315746
pd-user_6289527
pd-user_9149314
pd-user_3397006
pd-user_9769572
pd-user_1337638
pd-user_3223943
pd-user_239293
pd-user_393869
pd-user_4866147
pd-user_6120555
pd-user_2255706
pd-user_1611540
pd-user_4873467
pd-user_2721210
pd-user_1322862
pd-user_6717483
pd-user_739904
pd-user_6162247
pd-user_5185785
pd-user_7295103
pd-user_2356555
pd-user_1604536
pd-user_2309300
pd-user_5448004
pd-user_5209592
pd-user_1329373
pd-user_9083067
pd-user_8474748
pd-user_918629
pd-user_5235743
pd-user_985301
pd-user_9195323
pd-user_590099
pd-user_8439690
pd-user_5952708
pd-user_4568328
pd-user_6307896
pd-user_8696971
pd-user_8914002
pd-user_4359857
pd-user_12324
pd-user_635510
pd-user_2268962
pd-user_6887925
pd-user_8528235
pd-user_4794112
pd-user_6072427
pd-user_5138228
pd-user_3342635
pd-user_4758273
pd-user_2758273
pd-user_5472872
pd-user_6924594
pd-user_6387540
pd-user_5115716
pd-user_8148688
pd-user_180051
pd-user_666523
pd-user_9191138
pd-user_9508208
pd-user_3351758
pd-user_8443634
pd-user_8889731
pd-user_8449435
pd-user_8473215
pd-user_1177458
pd-user_1189090
pd-user_3484726
pd-user_6682001
pd-user_5148246
pd-user_1824980
pd-user_1370141
pd-user_2488306
pd-user_2526450
pd-user_2051208
pd-user_8578313
pd-user_7523549
pd-user_4320803
pd-user_6694638
pd-user_7628338
pd-user_8659806
pd-user_923012
pd-user_1995279
pd-user_8659494
pd-user_7597057
pd-user_7895860
pd-user_298041
pd-user_8248444
pd-user_6532223
pd-user_1155467
pd-user_9594956
pd-user_3324545
pd-user_1175278
pd-user_7456479
pd-user_7365861
pd-user_9143456
pd-user_4868468
pd-user_4122259
pd-user_7157543
pd-user_6332034
pd-user_4105625
pd-user_3661215
pd-user_1677648
pd-user_7129832
pd-user_7217841
pd-user_9585761
pd-user_1204049
pd-user_9185561
pd-user_4387587
pd-user_1658172
pd-user_6899080
pd-user_884617
pd-user_4601651
pd-user_5505914
pd-user_3459850
pd-user_6297147
pd-user_4421380
pd-user_441711
pd-user_2057106
pd-user_8798344
pd-user_2853343
pd-user_5475146
pd-user_300051
pd-user_1623444
pd-user_6814031
pd-user_7537737
pd-user_4401038
pd-user_9395054
pd-user_7382325
pd-user_8886880
pd-user_6849110
pd-user_8280233
pd-user_3952073
pd-user_3117709
pd-user_7550127
pd-user_5498243
pd-user_2760725
pd-user_9672043
pd-user_8259251
pd-user_1232122
pd-user_6415446
pd-user_9950673
pd-user_2273229
pd-user_3350889
pd-user_2791040
pd-user_6566751
pd-user_2973243
pd-user_1809197
pd-user_920287
pd-user_712678
pd-user_7214118
pd-user_8526324
pd-user_3380758
pd-user_7295948
pd-user_5259455
pd-user_8021287
pd-user_409775
pd-user_1144382
pd-user_4899546
pd-user_1313274
pd-user_9766549
pd-user_6705137
pd-user_3930923
pd-user_5994440
pd-user_6184360
pd-user_4215567
pd-user_7159193
pd-user_5152582
pd-user_8683910
pd-user_6082509
pd-user_9781773
pd-user_3314386
pd-user_8370439
pd-user_1232677
pd-user_4347088
pd-user_2112441
pd-user_8291181
pd-user_2644009
pd-user_3830563
pd-user_132007
pd-user_4121116
pd-user_6603130
pd-user_1207400
pd-user_798239
pd-user_1859900
pd-user_3266248
pd-user_9523118
pd-user_392036
pd-user_5566827
pd-user_7995581
pd-user_6194475
pd-user_6115659
pd-user_4238778
pd-user_736495
pd-user_6507703
pd-user_8820149
pd-user_367170
pd-user_8458502
pd-user_92307
pd-user_2967533
pd-user_301354
pd-user_705808
pd-user_4338347
pd-user_251007
pd-user_2500896
pd-user_1036477
pd-user_9383610
pd-user_3458369
pd-user_2987480
pd-user_7445991
pd-user_16487
pd-user_2644891
pd-user_80170
pd-user_5004372
pd-user_6672848
pd-user_7556904
pd-user_5800996
pd-user_6589007
pd-user_7512925
pd-user_9032098
pd-user_9168210
pd-user_815246
pd-user_7647494
pd-user_8695837
pd-user_8711079
pd-user_9900503
pd-user_36503
pd-user_5712609
pd-user_3412857
pd-user_1508127
pd-user_2441080
pd-user_8936834
pd-user_5300076
pd-user_5253571
pd-user_5656162
pd-user_795568
pd-user_5277253
pd-user_1351575
pd-user_4365745
pd-user_8900420
pd-user_1275664
pd-user_1200576
pd-user_4941695
pd-user_3029068
pd-user_2391841
pd-user_7550962
pd-user_4771681
pd-user_7847558
pd-user_2709614
pd-user_9894082
pd-user_6911495
pd-user_7134715
pd-user_5225867
pd-user_403663
pd-user_3799026
pd-user_2599692
pd-user_2884668
pd-user_3669601
pd-user_6050929
pd-user_2844242
pd-user_7676582
pd-user_8942957
pd-user_4521204
pd-user_8225016
pd-user_1748315
pd-user_3708440
pd-user_8020014
pd-user_8847663
pd-user_8440590
pd-user_1065889
pd-user_4890013
pd-user_2076759
pd-user_4632686
pd-user_9803894
pd-user_4934600
pd-user_7859748
pd-user_4983926
pd-user_9282828
pd-user_2595912
pd-user_4840830
pd-user_3439934
pd-user_6322257
pd-user_7771099
pd-user_3958532
pd-user_5804265
pd-user_5161813
pd-user_7626978
pd-user_7801305
pd-user_4933533
pd-user_7615939
pd-user_6417691
pd-user_160981
pd-user_7346824
pd-user_9616276
pd-user_1641283
pd-user_9865414
pd-user_9981340
pd-user_8410292
pd-user_4184705
pd-user_1882552
pd-user_8765099
pd-user_7903523
pd-user_6256721
pd-user_8524900
pd-user_9415758
pd-user_9277332
pd-user_1576789
pd-user_4170877
pd-user_224125
pd-user_4190114
pd-user_559694
pd-user_8495695
pd-user_1008943
pd-user_4422641
pd-user_5909949
pd-user_5609599
pd-user_8256713
pd-user_1254940
pd-user_5367889
pd-user_6118322
pd-user_3455798
pd-user_8985068
pd-user_5695454
pd-user_7990366
pd-user_7889685
pd-user_9085647
pd-user_570889
pd-user_8261076
pd-user_1847019
pd-user_407378
pd-user_5635672
pd-user_689443
pd-user_2964159
pd-user_6466259
pd-user_9176550
pd-user_6685602
pd-user_2217090
pd-user_7116048
pd-user_4283592
pd-user_8863405
pd-user_295407
pd-user_3963352
pd-user_4763762
pd-user_8094399
pd-user_2780711
pd-user_8392064
pd-user_4225178
pd-user_1368386
pd-user_9570626
pd-user_6372565
pd-user_3525347
pd-user_255765
pd-user_7455118
pd-user_2309805
pd-user_9247154
pd-user_7376442
pd-user_9728451
pd-user_5528061
pd-user_933252
pd-user_8868848
pd-user_9491440
pd-user_8355217
pd-user_1156029
pd-user_9336368
pd-user_8708568
pd-user_9097719
pd-user_2968376
pd-user_5885125
pd-user_3206495
pd-user_9948824
pd-user_4351491
pd-user_9527571
pd-user_936271
pd-user_937248
pd-user_6375986
pd-user_9320169
pd-user_7766261
pd-user_4891534
pd-user_5151967
pd-user_1557118
pd-user_8550286
pd-user_1632875
pd-user_8761984
pd-user_2171491
pd-user_8672209
pd-user_3787773
pd-user_2579058
pd-user_854770
pd-user_6040205
pd-user_5202817
pd-user_2021210
pd-user_7615151
pd-user_7030774
pd-user_5837577
pd-user_2975712
pd-user_1365942
pd-user_9774346
pd-user_5406001
pd-user_8130071
pd-user_4932484
pd-user_5806067
pd-user_8775559
pd-user_5425866
pd-user_7989503
pd-user_8036915
pd-user_6048285
pd-user_6604873
pd-user_2205516
pd-user_1101968
pd-user_4162868
pd-user_7655419
pd-user_9976307
pd-user_4636630
pd-user_4860520
pd-user_6114145
pd-user_4209545
pd-user_3153040
pd-user_1139061
pd-user_3795240
pd-user_1160427
pd-user_3235468
pd-user_5660311
pd-user_3228771
pd-user_6838690
pd-user_3414252
pd-user_338190
pd-user_7913335
pd-user_764249
pd-user_3098834
pd-user_6480127
pd-user_60621
pd-user_1611639
pd-user_6198919
pd-user_2063079
pd-user_7426761
pd-user_6034620
pd-user_2901698
pd-user_7365615
pd-user_9771729
pd-user_2274565
pd-user_9198473
pd-user_4574218
pd-user_4640767
pd-user_716811
pd-user_6234206
pd-user_9607776
pd-user_1273628
pd-user_6405980
pd-user_1934700
pd-user_9511653
pd-user_3436843
pd-user_9129990
pd-user_9094642
pd-user_1062047
pd-user_8358532
pd-user_5985598
pd-user_2171888
pd-user_9798903
pd-user_422130
pd-user_1118392
pd-user_9747962
pd-user_809278
pd-user_2801447
pd-user_4509945
pd-user_1054799
pd-user_5220016
pd-user_882427
pd-user_9504087
pd-user_4017039
pd-user_1023754
pd-user_5343968
pd-user_4479812
pd-user_785726
pd-user_2887961
pd-user_4334023
pd-user_8063386
pd-user_3098919
pd-user_3364541
pd-user_3838467
pd-user_8254112
pd-user_3520742
pd-user_2589158
pd-user_5754484
pd-user_8932760
pd-user_1994766
pd-user_8138021
pd-user_9609204
pd-user_2244740
pd-user_5849461
pd-user_5415258
pd-user_1677131
pd-user_1586519
pd-user_6181583
pd-user_6192195
pd-user_2198147
pd-user_1871290
pd-user_7726925
pd-user_6377322
pd-user_9725377
pd-user_1607160
pd-user_5079713
pd-user_1604410
pd-user_1505261
pd-user_6053343
pd-user_9640349
pd-user_2583278
pd-user_1790863
pd-user_1974658
pd-user_6645144
pd-user_8136364
pd-user_3324602
pd-user_8850963
pd-user_9017072
pd-user_5310395
pd-user_8230463
pd-user_1818556
pd-user_3921720
pd-user_7291223
pd-user_9007371
pd-user_590739
pd-user_2392301
pd-user_97189
pd-user_6513113
pd-user_7105231
pd-user_4212627
pd-user_3708393
pd-user_9108407
pd-user_3105296
pd-user_7590271
pd-user_5674056
pd-user_6571747
pd-user_6507122
pd-user_4150506
pd-user_8651434
pd-user_6622983
pd-user_2182948
pd-user_7037150
pd-user_1890816
pd-user_8101327
pd-user_865682
pd-user_359985
pd-user_6090663
pd-user_7622120
pd-user_7728057
pd-user_8035011
pd-user_1241764
pd-user_5464426
pd-user_935054
pd-user_2190151
pd-user_8392723
pd-user_7121857
pd-user_7733991
pd-user_9515826
pd-user_4686818
pd-user_5719420
pd-user_8058118
pd-user_3332902
pd-user_5839592
pd-user_980778
pd-user_9850601
pd-user_2650838
pd-user_2108714
pd-user_758179
pd-user_9537385
pd-user_7960572
pd-user_4241722
pd-user_7218007
pd-user_2302687
pd-user_1158263
pd-user_1681321
pd-user_6569462
pd-user_1863776
pd-user_2869420
pd-user_512349
pd-user_3607339
pd-user_9869007
pd-user_6962654
pd-user_1479904
pd-user_8261579
pd-user_2082370
pd-user_5790253
pd-user_3399989
pd-user_2217450
pd-user_6169458
pd-user_5368250
pd-user_4021739
pd-user_5220825
pd-user_5580437
pd-user_8962628
pd-user_2215250
pd-user_3205060
pd-user_2400892
pd-user_7929864
pd-user_7932482
pd-user_4448883
pd-user_7084706
pd-user_5435815
pd-user_8243489
pd-user_9847028
pd-user_5887408
pd-user_511387
pd-user_8954308
pd-user_756252
pd-user_1162654
pd-user_3720811
pd-user_4839741
pd-user_3751900
pd-user_4959148
pd-user_2337307
pd-user_2498895
pd-user_7976592
pd-user_1822367
pd-user_8465912
pd-user_1206692
pd-user_6939432
pd-user_1089206
pd-user_2011681
pd-user_5188752
pd-user_3709633
pd-user_1154307
pd-user_9853595
pd-user_1149396
pd-user_1270396
pd-user_4004367
pd-user_8598606
pd-user_5778539
pd-user_6800110
pd-user_1599470
pd-user_8446238
pd-user_7953897
pd-user_9976964
pd-user_3934042
pd-user_643012
pd-user_4407992
pd-user_8460714
pd-user_1316748
pd-user_8434910
pd-user_7824422
pd-user_1969389
pd-user_5258543
pd-user_8165032
pd-user_4522660
pd-user_4407507
pd-user_4671517
pd-user_7013275
pd-user_1819229
pd-user_3241492
pd-user_6206173
pd-user_3311272
pd-user_4205955
pd-user_7034604
pd-user_7750226
pd-user_2745526
pd-user_4988810
pd-user_5798328
pd-user_6173331
pd-user_8530203
pd-user_4356428
pd-user_2631043
pd-user_4915824
pd-user_3335497
pd-user_9615636
pd-user_3667620
pd-user_5637507
pd-user_3594521
pd-user_2867100
pd-user_5478851
pd-user_6314590
pd-user_9251684
pd-user_716152
pd-user_6398274
pd-user_9580639
pd-user_5843840
pd-user_1474008
pd-user_7301387
pd-user_6206322
pd-user_6487080
pd-user_1437370
pd-user_3523232
pd-user_4700985
pd-user_3496403
pd-user_9208512
pd-user_8163793
pd-user_5115435
pd-user_7203709
pd-user_9007719
pd-user_1695140
pd-user_7054497
pd-user_1036204
pd-user_4183720
pd-user_281856
pd-user_6428712
pd-user_852326
pd-user_5071156
pd-user_326626
pd-user_3607309
pd-user_2306237
pd-user_4938104
pd-user_7325044
pd-user_5965441
pd-user_5761272
pd-user_1542642
pd-user_7294632
pd-user_8226078
pd-user_7386261
pd-user_3676842
pd-user_744481
pd-user_2512654
pd-user_7773636
pd-user_7749397
pd-user_9197120
pd-user_8866020
pd-user_9561716
pd-user_3297594
pd-user_9041537
pd-user_3195361
pd-user_5764373
pd-user_7246989
pd-user_3215532
pd-user_9828290
pd-user_6836240
pd-user_6470493
pd-user_4433638
pd-user_4674115
pd-user_4965457
pd-user_6849420
pd-user_6845713
pd-user_1880399
pd-user_727750
pd-user_962879
pd-user_5556140
pd-user_1661182
pd-user_816175
pd-user_5042330
pd-user_9525418
pd-user_5880864
pd-user_5110996
pd-user_9878453
pd-user_9327780
pd-user_6844472
pd-user_3211492
pd-user_9883922
pd-user_5323436
pd-user_8917292
pd-user_3410508
pd-user_5427803
pd-user_2349721
pd-user_2172915
pd-user_1104409
pd-user_7446794
pd-user_1443726
pd-user_6436039
pd-user_5062160
pd-user_751725
pd-user_7009455
pd-user_3936605
pd-user_4977430
pd-user_1036385
pd-user_4485958
pd-user_773894
pd-user_1557409
pd-user_4842720
pd-user_401949
pd-user_3480416
pd-user_8197126
pd-user_8767878
pd-user_3768359
pd-user_1883789
pd-user_85587
pd-user_9257097
pd-user_9214327
pd-user_6732944
pd-user_4759066
pd-user_2112925
pd-user_4576789
pd-user_7415096
pd-user_535335
pd-user_8017803
pd-user_6134196
pd-user_6430841
pd-user_3296551
pd-user_5289339
pd-user_3893234
pd-user_4454479
pd-user_8947811
pd-user_2844357
pd-user_593449
pd-user_8881269
pd-user_44665
pd-user_2339024
pd-user_5152633
pd-user_7043308
pd-user_2232821
pd-user_4730650
pd-user_4491413
pd-user_7178609
pd-user_2808930
pd-user_1912907
pd-user_4051187
pd-user_194328
pd-user_7557837
pd-user_3097622
pd-user_4581069
pd-user_5444227
pd-user_6042334
pd-user_2449595
pd-user_6301182
pd-user_2906367
pd-user_1139141
pd-user_6561667
pd-user_6277034
pd-user_5223136
pd-user_3985728
pd-user_6840508
pd-user_8537079
pd-user_773427
pd-user_528712
pd-user_3847713
pd-user_277089
pd-user_9322068
pd-user_758866
pd-user_4277711
pd-user_3366519
pd-user_7786449
pd-user_1208930
pd-user_4374600
pd-user_7931400
pd-user_4016092
pd-user_9089065
pd-user_9492685
pd-user_7928213
pd-user_9084307
pd-user_7651608
pd-user_137244
pd-user_9209105
pd-user_2228641
pd-user_6105197
pd-user_2498206
pd-user_8489006
pd-user_2803525
pd-user_3611505
pd-user_524929
pd-user_6744270
pd-user_2670359
pd-user_1293786
pd-user_5127021
pd-user_6904922
pd-user_5054061
pd-user_5650037
pd-user_8089871
pd-user_9974468
pd-user_6485655
pd-user_5037135
pd-user_8942642
pd-user_3866757
pd-user_1951896
pd-user_6837684
pd-user_1378828
pd-user_2106810
pd-user_228377
pd-user_4543337
pd-user_5392762
pd-user_7459034
pd-user_2883645
pd-user_9733628
pd-user_6978479
pd-user_1431486
pd-user_8648572
pd-user_3708267
pd-user_3501009
pd-user_8967854
pd-user_4964087
pd-user_3106216
pd-user_3517591
pd-user_7874890
pd-user_4277363
pd-user_1065717
pd-user_9875373
pd-user_634763
pd-user_5817060
pd-user_7695949
pd-user_9008194
pd-user_897698
pd-user_8805430
pd-user_8542179
pd-user_6434336
pd-user_4089548
pd-user_2791857
pd-user_9580414
pd-user_7465551
pd-user_4965174
pd-user_3703034
pd-user_4725029
pd-user_3582284
pd-user_6665231
pd-user_5925104
pd-user_7033398
pd-user_6136106
pd-user_215804
pd-user_843546
pd-user_8912251
pd-user_5217401
pd-user_2988815
pd-user_5191686
pd-user_3909187
pd-user_765617
pd-user_7152822
pd-user_5021647
pd-user_606496
pd-user_3269443
pd-user_4267421
pd-user_6555962
pd-user_2893430
pd-user_5363553
pd-user_776729
pd-user_3318913
pd-user_48940
pd-user_9558389
pd-user_9808111
pd-user_3619954
pd-user_2632079
pd-user_8744709
pd-user_7129492
pd-user_3766708
pd-user_7998033
pd-user_5104343
pd-user_9695899
pd-user_3111523
pd-user_225884
pd-user_8962796
pd-user_3123347
pd-user_221801
pd-user_7091433
pd-user_6635537
pd-user_8524503
pd-user_4176858
pd-user_104343
pd-user_8085268
pd-user_3773217
pd-user_2721870
pd-user_8212372
pd-user_7851312
pd-user_4142681
pd-user_5549986
pd-user_7026208
pd-user_9884919
pd-user_8004400
pd-user_3885448
pd-user_2199669
pd-user_4648032
pd-user_4342947
pd-user_9483453
pd-user_7655751
pd-user_8210339
pd-user_2167709
pd-user_2045088
pd-user_8064655
pd-user_4287906
pd-user_9416694
pd-user_9967035
pd-user_1319558
pd-user_5070381
pd-user_6839123
pd-user_1299982
pd-user_6880361
pd-user_8336765
pd-user_1175837
pd-user_9549339
pd-user_5181715
pd-user_770556
pd-user_5722260
pd-user_4339026
pd-user_429038
pd-user_8424205
pd-user_4421407
pd-user_7176236
pd-user_8739087
pd-user_2712446
pd-user_5406949
pd-user_9887125
pd-user_3371818
pd-user_1169300
pd-user_6381734
pd-user_2059962
pd-user_6078285
pd-user_4653976
pd-user_1614930
pd-user_2230293
pd-user_8510888
pd-user_4909998
pd-user_6744427
pd-user_870632
pd-user_3812952
pd-user_7633029
pd-user_8502941
pd-user_3096115
pd-user_295923
pd-user_1328214
pd-user_4907701
pd-user_5000639
pd-user_6165189
pd-user_8318153
pd-user_8406701
pd-user_6919491
pd-user_7113534
pd-user_9688692
pd-user_4051184
pd-user_2579992
pd-user_3331095
pd-user_354048
pd-user_6784005
pd-user_8548328
pd-user_2230510
pd-user_2212651
pd-user_5351858
pd-user_6786777
pd-user_5876320
pd-user_4099173
pd-user_4661932
pd-user_6190332
pd-user_4129753
pd-user_3176073
pd-user_5012554
pd-user_5658343
pd-user_829428
pd-user_6746559
pd-user_5448610
pd-user_2150354
pd-user_2822532
pd-user_9939484
pd-user_878549
pd-user_375956
pd-user_7784205
pd-user_1529409
pd-user_3689598
pd-user_6267942
pd-user_6072150
pd-user_1619481
pd-user_8755452
pd-user_2599509
pd-user_732684
pd-user_3762376
pd-user_9879809
pd-user_7522402
pd-user_3462276
pd-user_2627479
pd-user_5538964
pd-user_5329616
pd-user_7865867
pd-user_6073092
pd-user_818294
pd-user_8357515
pd-user_716806
pd-user_1426239
pd-user_7408214
pd-user_9752050
pd-user_3984209
pd-user_9852280
pd-user_9750481
pd-user_4295572
pd-user_5062033
pd-user_5306226
pd-user_4540660
pd-user_3122347
pd-user_7518417
pd-user_5271656
pd-user_525928
pd-user_4733418
pd-user_3310539
pd-user_5141750
pd-user_4050399
pd-user_9787434
pd-user_1493202
pd-user_8919696
pd-user_1289523
pd-user_7123282
pd-user_3037160
pd-user_2260269
pd-user_2997426
pd-user_4729849
pd-user_9391281
pd-user_7527019
pd-user_5786946
pd-user_1913690
pd-user_1839276
pd-user_3828881
pd-user_239328
pd-user_5691209
pd-user_9900708
pd-user_3609140
pd-user_4600682
pd-user_1353249
pd-user_2372667
pd-user_6135482
pd-user_6651275
pd-user_5292919
pd-user_2993361
pd-user_7139932
pd-user_6922294
pd-user_803035
pd-user_4066381
pd-user_846645
pd-user_3926005
pd-user_3594841
pd-user_2413215
pd-user_9824672
pd-user_5090030
pd-user_7452065
pd-user_8757244
pd-user_7800055
pd-user_5975983
pd-user_3060251
pd-user_5501363
pd-user_3678470
pd-user_9879016
pd-user_3779957
pd-user_4647387
pd-user_4105627
pd-user_5717889
pd-user_1643903
pd-user_6856078
pd-user_9772503
pd-user_8621272
pd-user_7028425
pd-user_8962939
pd-user_7986863
pd-user_8549979
pd-user_2785693
pd-user_2739275
pd-user_8830732
pd-user_6305178
pd-user_2572067
pd-user_524914
pd-user_4754658
pd-user_6861226
pd-user_1032364
pd-user_3699444
pd-user_2821389
pd-user_5909733
pd-user_5429048
pd-user_6590148
pd-user_5867067
pd-user_3465638
pd-user_6859075
pd-user_2776020
pd-user_2927678
pd-user_5429308
pd-user_9442657
pd-user_9209773
pd-user_9296967
pd-user_6213425
pd-user_7660347
pd-user_8583579
pd-user_9525536
pd-user_3980675
pd-user_7938288
pd-user_9127802
pd-user_1429464
pd-user_4168991
pd-user_1118146
pd-user_6799584
pd-user_1313173
pd-user_2013632
pd-user_858111
pd-user_719382
pd-user_7053188
pd-user_430447
pd-user_137821
pd-user_5315868
pd-user_1744275
pd-user_7188937
pd-user_6197774
pd-user_4767255
pd-user_3948704
pd-user_990257
pd-user_4087189
pd-user_6174089
pd-user_8468369
pd-user_4803751
pd-user_8886125
pd-user_8681882
pd-user_7997572
pd-user_661340
pd-user_3248528
pd-user_7797960
pd-user_9571204
pd-user_1062965
pd-user_210424
pd-user_9876109
pd-user_6069360
pd-user_5535695
pd-user_4442204
pd-user_797321
pd-user_2536713
pd-user_3987064
pd-user_8567748
pd-user_8456104
pd-user_8999774
pd-user_5605769
pd-user_2509755
pd-user_4650064
pd-user_3846863
pd-user_6982994
pd-user_4342151
pd-user_5702296
pd-user_4638487
pd-user_8482565
pd-user_514532
pd-user_8716100
pd-user_7208891
pd-user_956607
pd-user_6905203
pd-user_5915979
pd-user_6000774
pd-user_3914522
pd-user_8423309
pd-user_3046238
pd-user_6863657
pd-user_5376508
pd-user_7468780
pd-user_9326220
pd-user_7137821
pd-user_7322410
pd-user_5522932
pd-user_2231567
pd-user_9904590
pd-user_3316781
pd-user_8532729
pd-user_9366956
pd-user_9590313
pd-user_5021855
pd-user_5118037
pd-user_7954326
pd-user_2755401
pd-user_3081540
pd-user_6887382
pd-user_3046739
pd-user_2404040
pd-user_9876495
pd-user_2486549
pd-user_6116513
pd-user_4803687
pd-user_5586304
pd-user_4241448
pd-user_1216116
pd-user_1362238
pd-user_2908353
pd-user_1698811
pd-user_7896031
pd-user_2584782
pd-user_6413092
pd-user_2828777
pd-user_534667
pd-user_4523944
pd-user_2825674
pd-user_1768429
pd-user_7019149
pd-user_2082608
pd-user_4481175
pd-user_2696971
pd-user_2123338
pd-user_2061241
pd-user_1564271
pd-user_8429673
pd-user_51010
pd-user_1686752
pd-user_2632604
pd-user_5366266
pd-user_9025675
pd-user_1430675
pd-user_8937523
pd-user_5063876
pd-user_3085321
pd-user_4246151
pd-user_6505592
pd-user_1015998
pd-user_6687159
pd-user_7349508
pd-user_2825057
pd-user_1325636
pd-user_639481
pd-user_3158803
pd-user_7127140
pd-user_9280555
pd-user_9104459
pd-user_6434751
pd-user_5705440
pd-user_5124780
pd-user_3692923
pd-user_927045
pd-user_4656974
pd-user_788726
pd-user_1890087
pd-user_4354026
pd-user_4911336
pd-user_2035181
pd-user_4081047
pd-user_1714126
pd-user_509633
pd-user_1116105
pd-user_5571214
pd-user_8433184
pd-user_5776568
pd-user_9190802
pd-user_853547
pd-user_4885821
pd-user_9937952
pd-user_5235444
pd-user_6412382
pd-user_3466365
pd-user_34308
pd-user_7703594
pd-user_6751228
pd-user_8428856
pd-user_731262
pd-user_5952785
pd-user_4329522
pd-user_6015114
pd-user_7918290
pd-user_2757800
pd-user_8260969
pd-user_6669220
pd-user_2350990
pd-user_7906938
pd-user_6630040
pd-user_805644
pd-user_268125
pd-user_6348802
pd-user_6761270
pd-user_9731251
pd-user_2696348
pd-user_4548421
pd-user_7419060
pd-user_4266211
pd-user_5921612
pd-user_5444259
pd-user_2662790
pd-user_2822392
pd-user_7773321
pd-user_3593397
pd-user_8155402
pd-user_6799810
pd-user_7087333
pd-user_8001097
pd-user_6244632
pd-user_4129380
pd-user_432226
pd-user_3122434
pd-user_2405997
pd-user_6738112
pd-user_3382468
pd-user_3371057
pd-user_935147
pd-user_2518422
pd-user_3319501
pd-user_6297014
pd-user_6439399
pd-user_198864
pd-user_990367
pd-user_436727
pd-user_4151838
pd-user_3902861
pd-user_4119939
pd-user_9943338
pd-user_1348460
pd-user_6995922
pd-user_8119976
pd-user_3681840
pd-user_2473354
pd-user_5023245
pd-user_766167
pd-user_9209373
pd-user_8594088
pd-user_7276425
pd-user_3392855
pd-user_4654629
pd-user_5045172
pd-user_7541697
pd-user_5843944
pd-user_1819742
pd-user_1443251
pd-user_3317631
pd-user_9011129
pd-user_8349219
pd-user_2894929
pd-user_5505251
pd-user_9036720
pd-user_1202056
pd-user_6371470
pd-user_3247266
pd-user_114960
pd-user_3641440
pd-user_2639727
pd-user_8382383
pd-user_4011988
pd-user_78749
pd-user_1538134
pd-user_3503874
pd-user_3218219
pd-user_8838830
pd-user_5378132
pd-user_2884231
pd-user_6011958
pd-user_2537546
pd-user_9083768
pd-user_7143253
pd-user_3943522
pd-user_6947037
pd-user_5699331
pd-user_6170396
pd-user_7582506
pd-user_4942954
pd-user_9488856
pd-user_8513590
pd-user_8536314
pd-user_6958907
pd-user_3753417
pd-user_2810812
pd-user_9846861
pd-user_4171746
pd-user_5040311
pd-user_2000226
pd-user_6007571
pd-user_7714261
pd-user_7583740
pd-user_1304186
pd-user_6480424
pd-user_9356568
pd-user_7632349
pd-user_4851927
pd-user_8218695
pd-user_7533114
pd-user_3337024
pd-user_2731511
pd-user_7641616
pd-user_4990607
pd-user_6323775
pd-user_2516047
pd-user_3382073
pd-user_5828728
pd-user_7380185
pd-user_3839255
pd-user_7146049
pd-user_6509353
pd-user_2655999
pd-user_2400239
pd-user_3411595
pd-user_6723884
pd-user_4589211
pd-user_9133496
pd-user_2829227
pd-user_5017986
pd-user_9955839
pd-user_7324674
pd-user_4349860
pd-user_6156277
pd-user_4746758
pd-user_9956755
pd-user_6177560
pd-user_1439141
pd-user_3502393
pd-user_1913863
pd-user_8362660
pd-user_8209276
pd-user_8089817
pd-user_1692513
pd-user_4081835
pd-user_3322568
pd-user_7429278
pd-user_9236162
pd-user_9638209
pd-user_7178538
pd-user_3706851
pd-user_5862911
pd-user_626283
pd-user_3843399
pd-user_6467875
pd-user_7153067
pd-user_7486726
pd-user_8358099
pd-user_5048033
pd-user_6208745
pd-user_421516
pd-user_6498018
pd-user_5094456
pd-user_1916205
pd-user_1857384
pd-user_6669460
pd-user_3194653
pd-user_1352717
pd-user_1859379
pd-user_4046882
pd-user_6710516
pd-user_6438770
pd-user_4092885
pd-user_4809944
pd-user_6301104
pd-user_3198967
pd-user_6557693
pd-user_1780971
pd-user_6151062
pd-user_9722258
pd-user_5184896
pd-user_572086
pd-user_8618226
pd-user_9978149
pd-user_1099199
pd-user_4023177
pd-user_1216253
pd-user_8480571
pd-user_6345053
pd-user_5450288
pd-user_6087688
pd-user_6603081
pd-user_289963
pd-user_7667631
pd-user_8837823
pd-user_5662101
pd-user_7423772
pd-user_9592564
pd-user_4882895
pd-user_5147564
pd-user_8839818
pd-user_1636023
pd-user_3424917
pd-user_2996523
pd-user_5579281
pd-user_8876183
pd-user_7693045
pd-user_2265244
pd-user_5452266
pd-user_9152236
pd-user_9113687
pd-user_4719174
pd-user_2847698
pd-user_4864226
pd-user_7444531
pd-user_8928008
pd-user_8285291
pd-user_820959
pd-user_4744490
pd-user_2140428
pd-user_2746032
pd-user_5992071
pd-user_1760614
pd-user_4716829
pd-user_7824501
pd-user_9229390
pd-user_8520686
pd-user_8468700
pd-user_20977
pd-user_961308
pd-user_2043601
pd-user_7443187
pd-user_7455772
pd-user_6159967
pd-user_4405394
pd-user_3095852
pd-user_1135911
pd-user_3831849
pd-user_9534034
pd-user_3833511
pd-user_2889632
pd-user_268914
pd-user_922176
pd-user_4993662
pd-user_4928238
pd-user_7977138
pd-user_9265423
pd-user_7723153
pd-user_507716
pd-user_584971
pd-user_4575578
pd-user_8924579
pd-user_7108872
pd-user_3902026
pd-user_4463663
pd-user_3232574
pd-user_7684659
pd-user_1403347
pd-user_827946
pd-user_7927874
pd-user_9674909
pd-user_5624107
pd-user_6886806
pd-user_5909192
pd-user_4308773
pd-user_2786843
pd-user_1240271
pd-user_9946745
pd-user_5856698
pd-user_2595281
pd-user_9324509
pd-user_7791852
pd-user_8291283
pd-user_3605654
pd-user_8196221
pd-user_9035433
pd-user_9758547
pd-user_5396706
pd-user_5230522
pd-user_3678057
pd-user_5930470
pd-user_4952194
pd-user_6924169
pd-user_7489540
pd-user_7476709
pd-user_9494942
pd-user_5937453
pd-user_4280625
pd-user_582202
pd-user_1355308
pd-user_3074756
pd-user_643510
pd-user_4988769
pd-user_1006862
pd-user_9733233
pd-user_5978248
pd-user_5609210
pd-user_7816746
pd-user_951770
pd-user_5382576
pd-user_6806771
pd-user_8126355
pd-user_8721462
pd-user_7105355
pd-user_9153379
pd-user_1685552
pd-user_7787682
pd-user_8132960
pd-user_2395160
pd-user_9978395
pd-user_3369397
pd-user_2264330
pd-user_3105154
pd-user_4068646
pd-user_3568703
pd-user_3364810
pd-user_8593976
pd-user_6600644
pd-user_3724568
pd-user_3712558
pd-user_3988710
pd-user_7894651
pd-user_9405919
pd-user_573757
pd-user_2501624
pd-user_5850955
pd-user_9410591
pd-user_1981967
pd-user_2181560
pd-user_44068
pd-user_735630
pd-user_7823928
pd-user_231418
pd-user_3714987
pd-user_2017823
pd-user_9214241
pd-user_8253812
pd-user_7130236
pd-user_6231601
pd-user_2700282
pd-user_9550799
pd-user_9989931
pd-user_2567737
pd-user_998813
pd-user_1685220
pd-user_4566400
pd-user_2361503
pd-user_2461447
pd-user_3060192
pd-user_4052141
pd-user_7498186
pd-user_9599785
pd-user_6425056
pd-user_7025527
pd-user_6297833
pd-user_177495
pd-user_429990
pd-user_4304361
pd-user_5028858
pd-user_1767470
pd-user_2637036
pd-user_4234199
pd-user_3629238
pd-user_8398270
pd-user_8458452
pd-user_8951664
pd-user_7530971
pd-user_2577552
pd-user_7237104
pd-user_6732978
pd-user_1220342
pd-user_6056210
pd-user_9919338
pd-user_3839064
pd-user_2603475
pd-user_2320233
pd-user_8161655
pd-user_1516283
pd-user_5070499
pd-user_4246983
pd-user_7745308
pd-user_7361082
pd-user_574325
pd-user_6441506
pd-user_756712
pd-user_8442515
pd-user_6582939
pd-user_1836080
pd-user_3301106
pd-user_2305788
pd-user_8778680
pd-user_7724332
pd-user_5821210
pd-user_4044836
pd-user_4887337
pd-user_6245578
pd-user_8467759
pd-user_3467549
pd-user_8205247
pd-user_7659702
pd-user_1475690
pd-user_8435686
pd-user_5214957
pd-user_9152221
pd-user_4146411
pd-user_190956
pd-user_6470474
pd-user_8207244
pd-user_7274277
pd-user_5753466
pd-user_279005
pd-user_126324
pd-user_6594414
pd-user_6848658
pd-user_7314219
pd-user_388680
pd-user_1283514
pd-user_4774395
pd-user_6919834
pd-user_3214746
pd-user_7303894
pd-user_2262881
pd-user_8012286
pd-user_462111
pd-user_276112
pd-user_4065908
pd-user_4446479
pd-user_3973752
pd-user_7377091
pd-user_2225801
pd-user_4067339
pd-user_5564823
pd-user_3780177
pd-user_4207512
pd-user_9562704
pd-user_3040721
pd-user_2128082
pd-user_4556385
pd-user_536754
pd-user_2941498
pd-user_9072920
pd-user_116399
pd-user_4204334
pd-user_5685053
pd-user_4385163
pd-user_1591178
pd-user_690856
pd-user_5547590
pd-user_182867
pd-user_1686754
pd-user_2927257
pd-user_9217084
pd-user_1789531
pd-user_4878889
pd-user_338509
pd-user_4944220
pd-user_4650297
pd-user_7567752
pd-user_8576932
pd-user_1964223
pd-user_5513326
pd-user_1405245
pd-user_833684
pd-user_8266848
pd-user_8011682
pd-user_903134
pd-user_5494216
pd-user_4565446
pd-user_4137920
pd-user_779460
pd-user_343727
pd-user_3811417
pd-user_863530
pd-user_7915105
pd-user_4296001
pd-user_7539648
pd-user_7576528
pd-user_2625538
pd-user_647003
pd-user_330282
pd-user_2119783
pd-user_485332
pd-user_3147731
pd-user_4323097
pd-user_3929632
pd-user_3864155
pd-user_9866201
pd-user_7514683
pd-user_9359306
pd-user_3425844
pd-user_6250499
pd-user_9766032
pd-user_2662118
pd-user_7475663
pd-user_7540683
pd-user_2214046
pd-user_6313766
pd-user_7578224
pd-user_1981238
pd-user_2674203
pd-user_100310
pd-user_377236
pd-user_6652217
pd-user_2876411
pd-user_5169344
pd-user_5650762
pd-user_5203749
pd-user_9793874
pd-user_88603
pd-user_311218
pd-user_8136091
pd-user_4992977
pd-user_5240967
pd-user_3604166
pd-user_4289117
pd-user_8145010
pd-user_4186790
pd-user_1980716
pd-user_109554
pd-user_1868773
pd-user_2120123
pd-user_8677171
pd-user_7923218
pd-user_6288104
pd-user_7482484
pd-user_5860931
pd-user_5638092
pd-user_7102017
pd-user_1021793
pd-user_4814365
pd-user_3619302
pd-user_6227735
pd-user_2071382
pd-user_5046905
pd-user_947079
pd-user_3496209
pd-user_4129311
pd-user_6541841
pd-user_2826699
pd-user_2893684
pd-user_2209880
pd-user_302164
pd-user_3581646
pd-user_3188392
pd-user_7914938
pd-user_3532081
pd-user_1785898
pd-user_7452636
pd-user_5117165
pd-user_4736090
pd-user_3967922
pd-user_5635738
pd-user_8706730
pd-user_7110906
pd-user_7282925
pd-user_4401487
pd-user_2284742
pd-user_4174395
pd-user_9714885
pd-user_8732495
pd-user_4477927
pd-user_1603120
pd-user_5172681
pd-user_4576852
pd-user_4140176
pd-user_3686639
pd-user_1333362
pd-user_2104321
pd-user_9409745
pd-user_5856767
pd-user_8044618
pd-user_8076429
pd-user_4596294
pd-user_6224880
pd-user_553537
pd-user_9804217
pd-user_7680273
pd-user_4140717
pd-user_8901889
pd-user_5986219
pd-user_3875626
pd-user_7686457
pd-user_970255
pd-user_8423223
pd-user_1465198
pd-user_929180
pd-user_2026958
pd-user_1162400
pd-user_683711
pd-user_8814365
pd-user_9859033
pd-user_2744894
pd-user_5993298
pd-user_5311769
pd-user_5496616
pd-user_6935055
pd-user_6027217
pd-user_86429
pd-user_1710823
pd-user_9060219
pd-user_7992275
pd-user_883953
pd-user_6369155
pd-user_4258457
pd-user_9672949
pd-user_4914205
pd-user_123537
pd-user_4701958
pd-user_7861838
pd-user_3189292
pd-user_3056902
pd-user_2742880
pd-user_2657449
pd-user_2016158
pd-user_1610123
pd-user_8053832
pd-user_8865259
pd-user_3959858
pd-user_609101
pd-user_575812
pd-user_2413476
pd-user_6228395
pd-user_2073613
pd-user_6928884
pd-user_5782965
pd-user_6712583
pd-user_7929344
pd-user_3181703
pd-user_2155622
pd-user_3880492
pd-user_559696
pd-user_2132805
pd-user_5960744
pd-user_6608894
pd-user_5969110
pd-user_5563698
pd-user_5411041
pd-user_5522399
pd-user_6068348
pd-user_6095597
pd-user_4603925
pd-user_4192074
pd-user_3297265
pd-user_8448850
pd-user_4288591
pd-user_8863113
pd-user_3767985
pd-user_2819444
pd-user_1005255
pd-user_9246741
pd-user_3223752
pd-user_6291915
pd-user_8357933
pd-user_3807231
pd-user_4632371
pd-user_1769191
pd-user_472973
pd-user_4808413
pd-user_1809310
pd-user_4416662
pd-user_3720605
pd-user_556475
pd-user_6474097
pd-user_5666551
pd-user_8187996
pd-user_540256
pd-user_220226
pd-user_4382587
pd-user_9915478
pd-user_6849003
pd-user_8850190
pd-user_431675
pd-user_5357443
pd-user_4755129
pd-user_1973268
pd-user_3429206
pd-user_7254226
pd-user_6687281
pd-user_7936444
pd-user_8287762
pd-user_9908203
pd-user_6857286
pd-user_9298809
pd-user_6924891
pd-user_8259088
pd-user_1293546
pd-user_9935493
pd-user_3615284
pd-user_8717608
pd-user_5744856
pd-user_4359215
pd-user_5125158
pd-user_2933214
pd-user_1537387
pd-user_4479421
pd-user_2117973
pd-user_18562
pd-user_330757
pd-user_590393
pd-user_7626058
pd-user_7834108
pd-user_2137612
pd-user_7831072
pd-user_3608961
pd-user_328478
pd-user_7857726
pd-user_6400460
pd-user_8135535
pd-user_335498
pd-user_3325590
pd-user_9100535
pd-user_3838670
pd-user_6673404
pd-user_4707352
pd-user_1541574
pd-user_7781675
pd-user_4388241
pd-user_5804791
pd-user_4929071
pd-user_9964080
pd-user_5896758
pd-user_2692155
pd-user_3092987
pd-user_3014681
pd-user_178188
pd-user_5946622
pd-user_8367100
pd-user_873842
pd-user_4309305
pd-user_594512
pd-user_5538197
pd-user_9085223
pd-user_8028115
pd-user_624360
pd-user_4527256
pd-user_7751513
pd-user_9115826
pd-user_9137140
pd-user_9968110
pd-user_2066624
pd-user_1999678
pd-user_1369853
pd-user_5635594
pd-user_9159531
pd-user_6138645
pd-user_369189
pd-user_6240225
pd-user_937546
pd-user_1807871
pd-user_7863253
pd-user_5276215
pd-user_8310151
pd-user_5847537
pd-user_4221497
pd-user_6903009
pd-user_4699796
pd-user_675685
pd-user_1970512
pd-user_9580357
pd-user_7212497
pd-user_6629990
pd-user_2050200
pd-user_5286661
pd-user_5316602
pd-user_1210048
pd-user_5755102
pd-user_5023453
pd-user_6590782
pd-user_534172
pd-user_7072187
pd-user_5174340
pd-user_493043
pd-user_4293705
pd-user_3679876
pd-user_3970826
pd-user_7693011
pd-user_3547583
pd-user_4578560
pd-user_6434624
pd-user_5329616
pd-user_8715865
pd-user_1589710
pd-user_5754062
pd-user_7630090
pd-user_4787613
pd-user_7912830
pd-user_7315994
pd-user_6607400
pd-user_1681080
pd-user_4105222
pd-user_9623203
pd-user_140141
pd-user_337792
pd-user_2273143
pd-user_498690
pd-user_8072063
pd-user_2873573
pd-user_9993819
pd-user_8960624
pd-user_4594513
pd-user_4307978
pd-user_3277695
pd-user_1284646
pd-user_3730261
pd-user_4383752
pd-user_5871051
pd-user_998371
pd-user_2441623
pd-user_7885771
pd-user_6475076
pd-user_5394515
pd-user_644616
pd-user_1773053
pd-user_2195476
pd-user_5054490
pd-user_4205971
pd-user_8536310
pd-user_4581221
pd-user_7492557
pd-user_2452556
pd-user_7428351
pd-user_548840
pd-user_7841783
pd-user_9639306
pd-user_7143184
pd-user_1961692
pd-user_9006612
pd-user_5003514
pd-user_6828306
pd-user_708793
pd-user_2789366
pd-user_3765057
pd-user_5921271
pd-user_654316
pd-user_9935179
pd-user_852395
pd-user_213025
pd-user_9780469
pd-user_8413569
pd-user_478838
pd-user_9970022
pd-user_62775
pd-user_7499512
pd-user_2234317
pd-user_3669547
pd-user_7780777
pd-user_5185782
pd-user_5219024
pd-user_6650299
pd-user_8254401
pd-user_6650784
pd-user_1982374
pd-user_7443574
pd-user_2453033
pd-user_3982065
pd-user_3016690
pd-user_4170989
pd-user_8553499
pd-user_2047650
pd-user_822768
pd-user_9753553
pd-user_9801543
pd-user_5316654
pd-user_8262610
pd-user_3453973
pd-user_9982662
pd-user_995779
pd-user_6655499
pd-user_259878
pd-user_8053622
pd-user_2483564
pd-user_9880837
pd-user_1895311
pd-user_1478306
pd-user_2360100
pd-user_9618963
pd-user_9118353
pd-user_2900131
pd-user_8199660
pd-user_3363554
pd-user_1161578
pd-user_6334763
pd-user_4762931
pd-user_8715346
pd-user_3641913
pd-user_8076311
pd-user_9382513
pd-user_5990787
pd-user_2741152
pd-user_8372083
pd-user_3152540
pd-user_3808152
pd-user_7096260
pd-user_9742612
pd-user_6908456
pd-user_4510898
pd-user_1507728
pd-user_7134248
pd-user_2909388
pd-user_6052462
pd-user_2332824
pd-user_7182375
pd-user_9099965
pd-user_8704724
pd-user_6093776
pd-user_9706912
pd-user_629754
pd-user_9906637
pd-user_9176425
pd-user_688529
pd-user_5113490
pd-user_1456345
pd-user_1528296
pd-user_4524178
pd-user_9403685
pd-user_8046214
pd-user_6995752
pd-user_1693464
pd-user_8931671
pd-user_1988810
pd-user_3963571
pd-user_8710418
pd-user_7897549
pd-user_7014107
pd-user_1500032
pd-user_7722570
pd-user_5210097
pd-user_9439528
pd-user_8743456
pd-user_6292786
pd-user_6656666
pd-user_3858515
pd-user_9563918
pd-user_285366
pd-user_3270442
pd-user_1793596
pd-user_341589
pd-user_8172427
pd-user_4337617
pd-user_7982609
pd-user_8623501
pd-user_3772978
pd-user_3425797
pd-user_2608921
pd-user_3298043
pd-user_9528854
pd-user_5608964
pd-user_6826718
pd-user_6971913
pd-user_7503419
pd-user_1664665
pd-user_3210185
pd-user_9904217
pd-user_287505
pd-user_7388100
pd-user_8568443
pd-user_4844342
pd-user_8994879
pd-user_781460
pd-user_6873403
pd-user_1314882
pd-user_715258
pd-user_2624647
pd-user_7290524
pd-user_6174046
pd-user_7827409
pd-user_4735573
pd-user_9154095
pd-user_2400287
pd-user_8744840
pd-user_2562166
pd-user_3558459
pd-user_3787819
pd-user_2618857
pd-user_8795290
pd-user_5957418
pd-user_7775008
pd-user_4976607
pd-user_9838962
pd-user_2941711
pd-user_3633400
pd-user_8053793
pd-user_2220758
pd-user_1551491
pd-user_7131238
pd-user_4191273
pd-user_7966107
pd-user_9962294
pd-user_179854
pd-user_947622
pd-user_5513922
pd-user_7132651
pd-user_2178142
pd-user_1105619
pd-user_6072776
pd-user_8734145
pd-user_9123556
pd-user_3708085
pd-user_5161515
pd-user_1338490
pd-user_8329073
pd-user_5535341
pd-user_3830507
pd-user_3107025
pd-user_4035561
pd-user_9628779
pd-user_1208713
pd-user_1179001
pd-user_6760598
pd-user_7301615
pd-user_3017539
pd-user_7633788
pd-user_3722147
pd-user_4925985
pd-user_8302478
pd-user_8017182
pd-user_1083007
pd-user_3338404
pd-user_1448104
pd-user_4809189
pd-user_2228835
pd-user_4914667
pd-user_6396263
pd-user_5717698
pd-user_975546
pd-user_6483259
pd-user_461113
pd-user_7333270
pd-user_3568972
pd-user_5410426
pd-user_4310396
pd-user_1804003
pd-user_2074820
pd-user_965037
pd-user_6510682
pd-user_681320
pd-user_2610707
pd-user_9272820
pd-user_4480583
pd-user_6100342
pd-user_6491883
pd-user_1930795
pd-user_8671604
pd-user_3071372
pd-user_4355935
pd-user_8006909
pd-user_7174238
pd-user_6082327
pd-user_5553487
pd-user_3715741
pd-user_536750
pd-user_8745043
pd-user_6573667
pd-user_9241726
pd-user_3447483
pd-user_7236473
pd-user_8374911
pd-user_2671537
pd-user_1394550
pd-user_7249641
pd-user_7948585
pd-user_9304723
pd-user_414392
pd-user_5637692
pd-user_1189003
pd-user_5896791
pd-user_7681115
pd-user_9664105
pd-user_725203
pd-user_3998434
pd-user_1554456
pd-user_3081666
pd-user_1915204
pd-user_792107
pd-user_9507777
pd-user_865781
pd-user_8811651
pd-user_9851379
pd-user_9937698
pd-user_3408503
pd-user_3509325
pd-user_5443939
pd-user_582908
pd-user_3565793
pd-user_5521869
pd-user_9872831
pd-user_9099639
pd-user_697506
pd-user_5973582
pd-user_8121223
pd-user_6225785
pd-user_7880922
pd-user_7371233
pd-user_2773409
pd-user_6224729
pd-user_7670250
pd-user_976136
pd-user_9881362
pd-user_1865693
pd-user_4878484
pd-user_2172268
pd-user_1681804
pd-user_9601831
pd-user_4400334
pd-user_7126673
pd-user_9647688
pd-user_8459733
pd-user_1349291
pd-user_2599973
pd-user_1853422
pd-user_4429078
pd-user_9744517
pd-user_7296715
pd-user_132301
pd-user_8636519
pd-user_2932287
pd-user_9286110
pd-user_7842907
pd-user_5224790
pd-user_3679621
pd-user_9659749
pd-user_2201272
pd-user_1418457
pd-user_4106175
pd-user_2057380
pd-user_3668738
pd-user_1851874
pd-user_6751043
pd-user_4633446
pd-user_9692247
pd-user_578484
pd-user_4799607
pd-user_2753043
pd-user_5528901
pd-user_9955745
pd-user_6749788
pd-user_8940063
pd-user_7256435
pd-user_1181244
pd-user_3238935
pd-user_6865812
pd-user_5239693
pd-user_343514
pd-user_102178
pd-user_5153537
pd-user_193981
pd-user_1987830
pd-user_9150959
pd-user_8339757
pd-user_850360
pd-user_9746913
pd-user_2197121
pd-user_5630238
pd-user_8347535
pd-user_9918540
pd-user_726273
pd-user_3563951
pd-user_6025022
pd-user_6577288
pd-user_9853903
pd-user_1541485
pd-user_3676039
pd-user_4883418
pd-user_700305
pd-user_5154048
pd-user_2202684
pd-user_4199712
pd-user_8810402
pd-user_7770727
pd-user_1715717
pd-user_845256
pd-user_822666
pd-user_2565501
pd-user_6828619
pd-user_9387526
pd-user_4316250
pd-user_3088371
pd-user_6970580
pd-user_1710564
pd-user_357006
pd-user_2715001
pd-user_8353380
pd-user_8033189
pd-user_7076140
pd-user_6318886
pd-user_6408118
pd-user_6354664
pd-user_360328
pd-user_7446427
pd-user_9700015
pd-user_6124904
pd-user_2050075
pd-user_4394445
pd-user_202753
pd-user_5555021
pd-user_3359947
pd-user_1618264
pd-user_49661
pd-user_2952782
pd-user_1913136
pd-user_5921428
pd-user_175084
pd-user_8205119
pd-user_9281178
pd-user_4680534
pd-user_6386178
pd-user_6278429
pd-user_754988
pd-user_1697293
pd-user_6672778
pd-user_8785230
pd-user_3652254
pd-user_1857790
pd-user_1228277
pd-user_9343212
pd-user_113995
pd-user_3345199
pd-user_1940596
pd-user_5965767
pd-user_311011
pd-user_1540428
pd-user_8952692
pd-user_7855391
pd-user_7289516
pd-user_5848168
pd-user_8297216
pd-user_9233474
pd-user_7480628
pd-user_7036738
pd-user_7512494
pd-user_7422312
pd-user_9365014
pd-user_5066703
pd-user_2864987
pd-user_2652840
pd-user_5431517
pd-user_2216578
pd-user_6343725
pd-user_8517088
pd-user_2153159
pd-user_1170270
pd-user_4342786
pd-user_7035764
pd-user_8599992
pd-user_6303081
pd-user_5298334
pd-user_2395313
pd-user_7021744
pd-user_6840684
pd-user_3616600
pd-user_8236756
pd-user_9253239
pd-user_2036388
pd-user_2426972
pd-user_1684127
pd-user_6222334
pd-user_3558947
pd-user_8284343
pd-user_8298014
pd-user_8792702
pd-user_1511799
pd-user_1255021
pd-user_450359
pd-user_6817268
pd-user_9160058
pd-user_5466846
pd-user_6795554
pd-user_2873112
pd-user_9040368
pd-user_874852
pd-user_4579456
pd-user_9288167
pd-user_9980752
pd-user_5637385
pd-user_6022837
pd-user_1941038
pd-user_6828952
pd-user_8313046
pd-user_3363428
pd-user_9203220
pd-user_1520203
pd-user_3283284
pd-user_7895644
pd-user_3491645
pd-user_8948660
pd-user_6341323
pd-user_7008152
pd-user_189273
pd-user_6090454
pd-user_6807295
pd-user_3891561
pd-user_147346
pd-user_1358993
pd-user_7257622
pd-user_3355488
pd-user_2977164
pd-user_3611671
pd-user_5245645
pd-user_6513787
pd-user_347220
pd-user_1659891
pd-user_7366227
pd-user_3009860
pd-user_2657180
pd-user_8052819
pd-user_7286457
pd-user_3676782
pd-user_5119131
pd-user_448924
pd-user_6174215
pd-user_5752009
pd-user_5971384
pd-user_8665247
pd-user_8462694
pd-user_7236764
pd-user_7363651
pd-user_5248038
pd-user_1111790
pd-user_8892643
pd-user_2169716
pd-user_9626297
pd-user_2288632
pd-user_7762482
pd-user_5865485
pd-user_1700185
pd-user_9424625
pd-user_7884512
pd-user_9331160
pd-user_759645
pd-user_7194482
pd-user_329685
pd-user_6204274
pd-user_217710
pd-user_4154423
pd-user_6083912
pd-user_9948019
pd-user_6825903
pd-user_5797822
pd-user_5951810
pd-user_6425248
pd-user_1077039
pd-user_9042573
pd-user_4962189
pd-user_4387465
pd-user_8306888
pd-user_3781890
pd-user_3461576
pd-user_8501424
pd-user_889546
pd-user_6914625
pd-user_8389967
pd-user_5265851
pd-user_6144372
pd-user_3249553
pd-user_5387359
pd-user_742051
pd-user_1977513
pd-user_2777613
pd-user_1018378
pd-user_2463715
pd-user_6952242
pd-user_8139945
pd-user_5004757
pd-user_340198
pd-user_3702173
pd-user_183571
pd-user_233037
pd-user_435849
pd-user_224633
pd-user_2382783
pd-user_5992622
pd-user_700013
pd-user_8476130
pd-user_6221679
pd-user_9698435
pd-user_8519206
pd-user_6159743
pd-user_3340042
pd-user_9405404
pd-user_1623063
pd-user_2190481
pd-user_6098885
pd-user_2125968
pd-user_8789878
pd-user_4979783
pd-user_5327891
pd-user_7598990
pd-user_3827418
pd-user_2165881
pd-user_8811677
pd-user_7330851
pd-user_7091974
pd-user_1294144
pd-user_4051769
pd-user_2435632
pd-user_7630877
pd-user_5317432
pd-user_8381303
pd-user_1028874
pd-user_2675626
pd-user_4540722
pd-user_9837820
pd-user_217660
pd-user_2826055
pd-user_6456223
pd-user_9856257
pd-user_9484748
pd-user_6461527
pd-user_7306003
pd-user_4580580
pd-user_1055058
pd-user_9955678
pd-user_938251
pd-user_8655798
pd-user_8703312
pd-user_6588967
pd-user_211862
pd-user_6764779
pd-user_8629480
pd-user_56472
pd-user_274382
pd-user_2345259
pd-user_4888542
pd-user_7724628
pd-user_5813243
pd-user_7741030
pd-user_9557409
pd-user_3220097
pd-user_9021957
pd-user_3627209
pd-user_103617
pd-user_4251541
pd-user_8072958
pd-user_4064296
pd-user_631485
pd-user_9826731
pd-user_62179
pd-user_5696747
pd-user_750754
pd-user_7067994
pd-user_452187
pd-user_9678810
pd-user_8781603
pd-user_9128512
pd-user_3176821
pd-user_2712773
pd-user_7601606
pd-user_2391683
pd-user_7912712
pd-user_8437674
pd-user_8821214
pd-user_1402960
pd-user_4061102
pd-user_8285776
pd-user_1039790
pd-user_6680103
pd-user_8005821
pd-user_4415123
pd-user_7262324
pd-user_4426942
pd-user_2750785
pd-user_4949878
pd-user_2071511
pd-user_2596736
pd-user_7497784
pd-user_1232175
pd-user_948822
pd-user_1114558
pd-user_9261034
pd-user_1782935
pd-user_3287014
pd-user_9110066
pd-user_6597169
pd-user_1310780
pd-user_8989797
pd-user_3287216
pd-user_1934396
pd-user_295463
pd-user_9215576
pd-user_1837633
pd-user_3688879
pd-user_2570606
pd-user_170962
pd-user_1111061
pd-user_4677604
pd-user_2205004
pd-user_4215552
pd-user_2068339
pd-user_4216110
pd-user_4075360
pd-user_4487143
pd-user_803975
pd-user_2446307
pd-user_6259303
pd-user_9857605
pd-user_6021017
pd-user_9333610
pd-user_5781083
pd-user_8828766
pd-user_341555
pd-user_3357571
pd-user_5729998
pd-user_2748266
pd-user_5097138
pd-user_7555153
pd-user_7674679
pd-user_1407246
pd-user_9813316
pd-user_6261983
pd-user_1314856
pd-user_2849295
pd-user_4154099
pd-user_3674016
pd-user_8979655
pd-user_3900312
pd-user_1240060
pd-user_6701960
pd-user_2742408
pd-user_5373655
pd-user_7576945
pd-user_5335406
pd-user_8489667
pd-user_8959217
pd-user_416530
pd-user_3412965
pd-user_79212
pd-user_7944962
pd-user_1269650
pd-user_8650123
pd-user_8297586
pd-user_6456418
pd-user_8765537
pd-user_649118
pd-user_4147518
pd-user_5819454
pd-user_3919601
pd-user_2980588
pd-user_6119578
pd-user_8401189
pd-user_8457253
pd-user_2007809
pd-user_74118
pd-user_9552869
pd-user_4509586
pd-user_5456109
pd-user_1614156
pd-user_6094704
pd-user_2710028
pd-user_547450
pd-user_3414690
pd-user_5611975
pd-user_8889147
pd-user_5117799
pd-user_1354525
pd-user_7664413
pd-user_5702550
pd-user_7987026
pd-user_3490116
pd-user_9722513
pd-user_8942765
pd-user_487788
pd-user_843812
pd-user_1652902
pd-user_9876264
pd-user_6041021
pd-user_122898
pd-user_7470036
pd-user_4569876
pd-user_4003029
pd-user_3607760
pd-user_8052493
pd-user_3950344
pd-user_4975839
pd-user_2343655
pd-user_6174549
pd-user_4312809
pd-user_8863608
pd-user_7135477
pd-user_4828807
pd-user_5664466
pd-user_6375547
pd-user_6894096
pd-user_1015676
pd-user_3270278
pd-user_3615235
pd-user_3018777
pd-user_7607166
pd-user_6002518
pd-user_13178
pd-user_9328446
pd-user_9810877
pd-user_2136310
pd-user_7533895
pd-user_7023349
pd-user_4706319
pd-user_934253
pd-user_5867404
pd-user_8042676
pd-user_3013292
pd-user_4190910
pd-user_6108328
pd-user_5790805
pd-user_2626864
pd-user_9178906
pd-user_8698702
pd-user_2602790
pd-user_7319811
pd-user_3854132
pd-user_5846511
pd-user_4832546
pd-user_7250844
pd-user_5202667
pd-user_6637955
pd-user_7775768
pd-user_9112572
pd-user_3087222
pd-user_4835525
pd-user_399792
pd-user_8680975
pd-user_5844263
pd-user_3020698
pd-user_9835793
pd-user_417557
pd-user_4187577
pd-user_4243853
pd-user_6916318
pd-user_1896278
pd-user_9335679
pd-user_3591556
pd-user_149976
pd-user_2893635
pd-user_8637687
pd-user_6403006
pd-user_1579195
pd-user_9874897
pd-user_3862775
pd-user_1284473
pd-user_7223298
pd-user_7401606
pd-user_9799036
pd-user_5215093
pd-user_756715
pd-user_1715208
pd-user_5999525
pd-user_8050859
pd-user_4023583
pd-user_9558584
pd-user_3742026
pd-user_8172613
pd-user_510335
pd-user_6725768
pd-user_9040338
pd-user_16842
pd-user_5405829
pd-user_4936121
pd-user_7695204
pd-user_8266920
pd-user_6606529
pd-user_9345752
pd-user_49224
pd-user_2830299
pd-user_8981730
pd-user_8328121
pd-user_8241977
pd-user_6222628
pd-user_7023810
pd-user_2965259
pd-user_3023440
pd-user_5523619
pd-user_5871455
pd-user_2219179
pd-user_9243303
pd-user_8543436
pd-user_4942381
pd-user_313248
pd-user_1029908
pd-user_3545532
pd-user_4563049
pd-user_2220166
pd-user_9151669
pd-user_4477012
pd-user_8012016
pd-user_1150394
pd-user_886886
pd-user_1585863
pd-user_9874733
pd-user_5810107
pd-user_2854486
pd-user_8603671
pd-user_4239936
pd-user_4257535
pd-user_424507
pd-user_9563431
pd-user_9648899
pd-user_1382208
pd-user_3642181
pd-user_3780813
pd-user_3948589
pd-user_5992404
pd-user_6057086
pd-user_1724067
pd-user_8273294
pd-user_862637
pd-user_4581959
pd-user_3424429
pd-user_3646388
pd-user_4558516
pd-user_9473768
pd-user_9015569
pd-user_7340401
pd-user_1543092
pd-user_1019396
pd-user_7435482
pd-user_7103639
pd-user_115420
pd-user_9936139
pd-user_7378139
pd-user_9419516
pd-user_7532770
pd-user_6896972
pd-user_1816804
pd-user_2329133
pd-user_1303509
pd-user_7060197
pd-user_1445180
pd-user_9189894
pd-user_8911581
pd-user_4258136
pd-user_1456516
pd-user_4237406
pd-user_6799281
pd-user_1446554
pd-user_5500947
pd-user_2318031
pd-user_1740400
pd-user_1539309
pd-user_3927756
pd-user_2020870
pd-user_2469229
pd-user_7879306
pd-user_1133086
pd-user_3838419
pd-user_6752651
pd-user_9096524
pd-user_6866270
pd-user_3714308
pd-user_8086045
pd-user_6615443
pd-user_4410067
pd-user_8787210
pd-user_7386955
pd-user_6459641
pd-user_7179386
pd-user_7235755
pd-user_3036309
pd-user_3688257
pd-user_5918256
pd-user_9124662
pd-user_2273493
pd-user_754390
pd-user_4118359
pd-user_8048468
pd-user_8648969
pd-user_245639
pd-user_6156906
pd-user_9261778
pd-user_7029131
pd-user_1822648
pd-user_6711274
pd-user_8722477
pd-user_2752871
pd-user_7947788
pd-user_9836124
pd-user_3408291
pd-user_5005184
pd-user_337417
pd-user_7555522
pd-user_3427270
pd-user_6464895
pd-user_5783234
pd-user_9146185
pd-user_2113107
pd-user_8778808
pd-user_9727910
pd-user_1011193
pd-user_1243587
pd-user_9088188
pd-user_5793915
pd-user_2841582
pd-user_9859964
pd-user_7790813
pd-user_2860460
pd-user_2317410
pd-user_2646314
pd-user_9694993
pd-user_5186008
pd-user_958231
pd-user_7080555
pd-user_7649099
pd-user_903226
pd-user_553224
pd-user_4106932
pd-user_8924783
pd-user_5131836
pd-user_1028034
pd-user_5423103
pd-user_4782174
pd-user_2717619
pd-user_4379742
pd-user_6430268
pd-user_1245698
pd-user_6804694
pd-user_6618977
pd-user_9578040
pd-user_7359098
pd-user_6802749
pd-user_5577409
pd-user_5218619
pd-user_3693159
pd-user_9462495
pd-user_2542246
pd-user_3537185
pd-user_1557700
pd-user_9523907
pd-user_4228523
pd-user_1019352
pd-user_8408772
pd-user_6958997
pd-user_2679170
pd-user_6271286
pd-user_9183265
pd-user_2947961
pd-user_4132435
pd-user_2038706
pd-user_9148680
pd-user_6224520
pd-user_9657501
pd-user_1977269
pd-user_850004
pd-user_2663208
pd-user_4467973
pd-user_8782307
pd-user_1962309
pd-user_3390519
pd-user_3830666
pd-user_9945663
pd-user_885791
pd-user_7903651
pd-user_6194006
pd-user_1977303
pd-user_4214544
pd-user_757699
pd-user_8660367
pd-user_5993036
pd-user_7660791
pd-user_4961723
pd-user_7134301
pd-user_7864361
pd-user_591114
pd-user_5497910
pd-user_2520531
pd-user_8639834
pd-user_5109749
pd-user_1643498
pd-user_2581610
pd-user_7379877
pd-user_1634486
pd-user_7286520
pd-user_9637083
pd-user_3126904
pd-user_1057895
pd-user_2277906
pd-user_3377322
pd-user_4097728
pd-user_6474892
pd-user_9311075
pd-user_6196797
pd-user_4800545
pd-user_1761990
pd-user_2265769
pd-user_8253598
pd-user_8018527
pd-user_7335017
pd-user_1073771
pd-user_278809
pd-user_9400744
pd-user_4418588
pd-user_7393121
pd-user_9529655
pd-user_2471265
pd-user_9869007
pd-user_5863923
pd-user_1240990
pd-user_3091435
pd-user_4438177
pd-user_5728700
pd-user_4264488
pd-user_4533619
pd-user_5566037
pd-user_5300663
pd-user_1575774
pd-user_7234158
pd-user_3539109
pd-user_8665439
pd-user_3238919
pd-user_1923376
pd-user_1009823
pd-user_3080941
pd-user_5040273
pd-user_6380513
pd-user_5860378
pd-user_5842692
pd-user_3260218
pd-user_7819324
pd-user_5643211
pd-user_1601163
pd-user_9257546
pd-user_2873595
pd-user_1529045
pd-user_131560
pd-user_266353
pd-user_932752
pd-user_7394745
pd-user_6233761
pd-user_1977317
pd-user_5379186
pd-user_8827787
pd-user_3581052
pd-user_5875810
pd-user_3021165
pd-user_7747444
pd-user_6098951
pd-user_2488925
pd-user_2451994
pd-user_4887412
pd-user_5052195
pd-user_4083817
pd-user_5148635
pd-user_7975160
pd-user_2205060
pd-user_4306866
pd-user_8589508
pd-user_8891962
pd-user_2871144
pd-user_5508500
pd-user_7043226
pd-user_585840
pd-user_7219603
pd-user_2449715
pd-user_4755913
pd-user_5442158
pd-user_142939
pd-user_1131706
pd-user_3697412
pd-user_970147
pd-user_6279836
pd-user_3931241
pd-user_8044358
pd-user_3261367
pd-user_3382480
pd-user_1144125
pd-user_1332376
pd-user_5870392
pd-user_4663170
pd-user_3887059
pd-user_4401021
pd-user_1128302
pd-user_4776608
pd-user_9003749
pd-user_6138521
pd-user_1550568
pd-user_9031756
pd-user_3623772
pd-user_3789014
pd-user_2102545
pd-user_6751816
pd-user_610843
pd-user_5285410
pd-user_8898051
pd-user_8092171
pd-user_9739291
pd-user_3972826
pd-user_2430496
pd-user_5023607
pd-user_7828839
pd-user_3030425
pd-user_1950059
pd-user_9919212
pd-user_2353742
pd-user_8599125
pd-user_4318141
pd-user_2371525
pd-user_9029167
pd-user_3446087
pd-user_231600
pd-user_6255381
pd-user_8869198
pd-user_6626506
pd-user_3358966
pd-user_966688
pd-user_7538586
pd-user_8309394
pd-user_3074859
pd-user_8609450
pd-user_1359295
pd-user_6014414
pd-user_9409712
pd-user_5407771
pd-user_4969752
pd-user_6919185
pd-user_8534169
pd-user_7001973
pd-user_9441105
pd-user_9052320
pd-user_9040378
pd-user_6516703
pd-user_1515929
pd-user_4316356
pd-user_326906
pd-user_6351902
pd-user_8449790
pd-user_7898804
pd-user_4984236
pd-user_1060816
pd-user_6836697
pd-user_8139936
pd-user_3716945
pd-user_204840
pd-user_577494
pd-user_2604899
pd-user_2250712
pd-user_6174780
pd-user_7408875
pd-user_5835896
pd-user_735899
pd-user_5252730
pd-user_6436254
pd-user_2817019
pd-user_4206321
pd-user_7647770
pd-user_5651895
pd-user_5660067
pd-user_5654561
pd-user_549119
pd-user_3553971
pd-user_6574127
pd-user_1018252
pd-user_7192506
pd-user_2021015
pd-user_7443626
pd-user_6585354
pd-user_1084045
pd-user_2427512
pd-user_9462645
pd-user_3892018
pd-user_132991
pd-user_5616214
pd-user_9177900
pd-user_3427150
pd-user_2275677
pd-user_6361433
pd-user_4022596
pd-user_5479687
pd-user_6284311
pd-user_2954866
pd-user_7677854
pd-user_8985926
pd-user_2017724
pd-user_8071859
pd-user_9533336
pd-user_5046970
pd-user_8484081
pd-user_2803169
pd-user_6322242
pd-user_4887164
pd-user_2271357
pd-user_5913866
pd-user_5049556
pd-user_1900613
pd-user_3757036
pd-user_7905510
pd-user_4944701
pd-user_2769434
pd-user_9889777
pd-user_2788327
pd-user_9929455
pd-user_7671343
pd-user_7066992
pd-user_3236954
pd-user_2714145
pd-user_2959700
pd-user_4754085
pd-user_9071713
pd-user_8129215
pd-user_7983202
pd-user_6229662
pd-user_7753392
pd-user_5531983
pd-user_647951
pd-user_7267580
pd-user_5896104
pd-user_4808586
pd-user_8328310
pd-user_8971202
pd-user_7204240
pd-user_7779065
pd-user_5238388
pd-user_9536576
pd-user_8955315
pd-user_125944
pd-user_7267777
pd-user_3253949
pd-user_7498497
pd-user_1300976
pd-user_8608237
pd-user_5793008
pd-user_2850382
pd-user_749361
pd-user_2675039
pd-user_7647393
pd-user_7961732
pd-user_7789680
pd-user_2784899
pd-user_1264037
pd-user_5972685
pd-user_7457203
pd-user_8810882
pd-user_3827717
pd-user_6320261
pd-user_3927308
pd-user_3788594
pd-user_7711242
pd-user_2332104
pd-user_162899
pd-user_868896
pd-user_267267
pd-user_919107
pd-user_2046398
pd-user_7934158
pd-user_1892247
pd-user_1220044
pd-user_472873
pd-user_2459960
pd-user_4020754
pd-user_6757234
pd-user_22745
pd-user_3507052
pd-user_7477075
pd-user_2353313
pd-user_909841
pd-user_5782187
pd-user_8303746
pd-user_8754841
pd-user_3186017
pd-user_6833184
pd-user_1386309
pd-user_379450
pd-user_814137
pd-user_5734719
pd-user_2107773
pd-user_5673236
pd-user_7110787
pd-user_3245867
pd-user_6208025
pd-user_5576582
pd-user_1567030
pd-user_7646862
pd-user_7476700
pd-user_5514270
pd-user_6130440
pd-user_9665382
pd-user_8351569
pd-user_8148949
pd-user_4763964
pd-user_6862719
pd-user_8354012
pd-user_4784734
pd-user_2445686
pd-user_6661047
pd-user_8414356
pd-user_5798109
pd-user_5735466
pd-user_6264280
pd-user_912061
pd-user_5827178
pd-user_8569848
pd-user_3103315
pd-user_5951028
pd-user_9710090
pd-user_4184368
pd-user_4193426
pd-user_4655922
pd-user_3535074
pd-user_2978446
pd-user_631054
pd-user_5811814
pd-user_2570648
pd-user_7262437
pd-user_8636677
pd-user_8243493
pd-user_3113097
pd-user_1211520
pd-user_2796130
pd-user_8639663
pd-user_3713228
pd-user_4531276
pd-user_1850652
pd-user_4728671
pd-user_5874000
pd-user_5169568
pd-user_6360580
pd-user_7531047
pd-user_4911431
pd-user_1530768
pd-user_9854026
pd-user_3570828
pd-user_9560898
pd-user_9051862
pd-user_5573934
pd-user_6470002
pd-user_3488871
pd-user_3825737
pd-user_4520080
pd-user_3614252
pd-user_4630876
pd-user_4198008
pd-user_6434502
pd-user_8684066
pd-user_6568542
pd-user_4819049
pd-user_667094
pd-user_4379086
pd-user_8223202
pd-user_8784787
pd-user_9384509
pd-user_3715009
pd-user_3006386
pd-user_6210021
pd-user_2118792
pd-user_3960001
pd-user_8395445
pd-user_943647
pd-user_8449717
pd-user_1024048
pd-user_6819766
pd-user_7302179
pd-user_4559112
pd-user_5090395
pd-user_379648
pd-user_4942167
pd-user_7365470
pd-user_415115
pd-user_6212247
pd-user_5798438
pd-user_7771781
pd-user_3179260
pd-user_9365760
pd-user_7978235
pd-user_5962642
pd-user_6814748
pd-user_1989520
pd-user_8716381
pd-user_6810285
pd-user_5581921
pd-user_3407352
pd-user_6681113
pd-user_4450220
pd-user_5406205
pd-user_1166400
pd-user_8072561
pd-user_6850073
pd-user_6861588
pd-user_2411365
pd-user_9961311
pd-user_8599415
pd-user_3614643
pd-user_9873972
pd-user_260076
pd-user_8681633
pd-user_6702193
pd-user_687367
pd-user_1760066
pd-user_572878
pd-user_2823297
pd-user_2056075
pd-user_1927330
pd-user_618259
pd-user_868421
pd-user_9705664
pd-user_4226817
pd-user_8919181
pd-user_8026858
pd-user_3308400
pd-user_5653554
pd-user_1795070
pd-user_2873416
pd-user_9943899
pd-user_8267902
pd-user_1789884
pd-user_5593028
pd-user_275591
pd-user_3370699
pd-user_8679265
pd-user_5931669
pd-user_9785711
pd-user_5263136
pd-user_6805909
pd-user_8967975
pd-user_3279385
pd-user_4657782
pd-user_8609886
pd-user_1351284
pd-user_8377891
pd-user_4317081
pd-user_9550776
pd-user_2168563
pd-user_2017369
pd-user_2941567
pd-user_5618526
pd-user_6479686
pd-user_3248860
pd-user_6145060
pd-user_3539234
pd-user_9294402
pd-user_5666566
pd-user_9124981
pd-user_7158815
pd-user_6263836
pd-user_389721
pd-user_3809854
pd-user_9128673
pd-user_7131650
pd-user_4207629
pd-user_1132197
pd-user_2708375
pd-user_864239
pd-user_8714180
pd-user_9199987
pd-user_4711516
pd-user_8943768
pd-user_1788573
pd-user_9891497
pd-user_9808016
pd-user_2183397
pd-user_9715939
pd-user_2997561
pd-user_8959865
pd-user_4287362
pd-user_3337285
pd-user_2851918
pd-user_217326
pd-user_7850193
pd-user_6809689
pd-user_9784215
pd-user_5440112
pd-user_4938103
pd-user_4608185
pd-user_8967751
pd-user_2852431
pd-user_5055406
pd-user_6244890
pd-user_3667484
pd-user_6572538
pd-user_1137101
pd-user_1670506
pd-user_7560158
pd-user_2982468
pd-user_8958319
pd-user_489508
pd-user_1198548
pd-user_1910190
pd-user_5975795
pd-user_5883286
pd-user_2612965
pd-user_8282831
pd-user_9961937
pd-user_2504526
pd-user_3021685
pd-user_8551801
pd-user_7154002
pd-user_761939
pd-user_2484703
pd-user_8651430
pd-user_3705740
pd-user_3590118
pd-user_6550782
pd-user_4193525
pd-user_3376268
pd-user_2388515
pd-user_1244697
pd-user_8762565
pd-user_901683
pd-user_1282553
pd-user_8517045
pd-user_9856581
pd-user_506491
pd-user_6684102
pd-user_9980581
pd-user_9226503
pd-user_6216156
pd-user_937524
pd-user_2110941
pd-user_8901417
pd-user_6069362
pd-user_1591406
pd-user_5218827
pd-user_2621084
pd-user_6427402
pd-user_7062725
pd-user_585394
pd-user_5146345
pd-user_1448452
pd-user_997513
pd-user_4660186
pd-user_5811974
pd-user_7559762
pd-user_1715131
pd-user_2011036
pd-user_1893594
pd-user_6884266
pd-user_5380246
pd-user_8692636
pd-user_8991689
pd-user_3540819
pd-user_2356357
pd-user_3763772
pd-user_2062674
pd-user_2670571
pd-user_3088579
pd-user_8131837
pd-user_9028394
pd-user_6647307
pd-user_1273157
pd-user_4764209
pd-user_1148542
pd-user_4423272
pd-user_1507917
pd-user_8201551
pd-user_6233343
pd-user_6498698
pd-user_4294231
pd-user_4697356
pd-user_4075450
pd-user_2897542
pd-user_4217952
pd-user_102595
pd-user_6780758
pd-user_3002671
pd-user_5179376
pd-user_3249981
pd-user_3270771
pd-user_5364714
pd-user_860741
pd-user_8129493
pd-user_99850
pd-user_4936225
pd-user_5355612
pd-user_9042696
pd-user_2043943
pd-user_1557114
pd-user_9569253
pd-user_6152612
pd-user_8451132
pd-user_1637489
pd-user_8024017
pd-user_9653631
pd-user_7403016
pd-user_9830513
pd-user_1758697
pd-user_8671769
pd-user_4979476
pd-user_6047026
pd-user_4489335
pd-user_248998
pd-user_5982080
pd-user_9872656
pd-user_9246545
pd-user_3404791
pd-user_9419550
pd-user_5347694
pd-user_1549934
pd-user_7918253
pd-user_9221221
pd-user_1009687
pd-user_3528303
pd-user_518451
pd-user_1508220
pd-user_4899128
pd-user_3939368
pd-user_4160581
pd-user_4183517
pd-user_3591907
pd-user_8959996
pd-user_5737698
pd-user_6578365
pd-user_9610137
pd-user_548830
pd-user_2189948
pd-user_2485502
pd-user_9949487
pd-user_6976015
pd-user_2440655
pd-user_4749141
pd-user_1348353
pd-user_6039315
pd-user_1866593
pd-user_2651922
pd-user_6307054
pd-user_6045806
pd-user_2459619
pd-user_3825706
pd-user_7297255
pd-user_6925217
pd-user_7012759
pd-user_9287378
pd-user_1642239
pd-user_8815312
pd-user_8188831
pd-user_5203964
pd-user_2997579
pd-user_3953916
pd-user_8424472
pd-user_4203674
pd-user_5508366
pd-user_4600149
pd-user_4152774
pd-user_5450370
pd-user_2240433
pd-user_6622407
pd-user_8473281
pd-user_1267219
pd-user_8100949
pd-user_9587369
pd-user_4690609
pd-user_5533518
pd-user_8403103
pd-user_9007995
pd-user_4303032
pd-user_2810052
pd-user_7501091
pd-user_8336643
pd-user_2309112
pd-user_6145808
pd-user_824615
pd-user_570085
pd-user_6999552
pd-user_366508
pd-user_678105
pd-user_5878799
pd-user_88146
pd-user_5970087
pd-user_4540305
pd-user_8757989
pd-user_8186382
pd-user_7613860
pd-user_6761013
pd-user_1090212
pd-user_3569418
pd-user_6634030
pd-user_7991579
pd-user_6199425
pd-user_9394440
pd-user_2985358
pd-user_3166948
pd-user_1555968
pd-user_8182156
pd-user_454691
pd-user_9100572
pd-user_3960671
pd-user_4162790
pd-user_5176505
pd-user_4767462
pd-user_6678975
pd-user_6359226
pd-user_6278412
pd-user_1318558
pd-user_7408714
pd-user_2814877
pd-user_3185029
pd-user_9671952
pd-user_2770923
pd-user_4561365
pd-user_1010503
pd-user_5194224
pd-user_9905023
pd-user_6561933
pd-user_943114
pd-user_8456383
pd-user_5099194
pd-user_9507183
pd-user_7114429
pd-user_6735321
pd-user_5897068
pd-user_5458571
pd-user_2953106
pd-user_4101142
pd-user_5611034
pd-user_4428845
pd-user_9218566
pd-user_2486610
pd-user_606037
pd-user_2321719
pd-user_1843562
pd-user_9381374
pd-user_6017863
pd-user_831201
pd-user_5460681
pd-user_9011042
pd-user_5519745
pd-user_9927643
pd-user_6293296
pd-user_4969971
pd-user_4630782
pd-user_6490018
pd-user_8257180
pd-user_2512194
pd-user_2026793
pd-user_7585489
pd-user_8668002
pd-user_2474344
pd-user_9388407
pd-user_6261563
pd-user_3403200
pd-user_2088912
pd-user_7642881
pd-user_3379243
pd-user_3802154
pd-user_6911451
pd-user_1674151
pd-user_218787
pd-user_7993755
pd-user_9173215
pd-user_1350395
pd-user_9796027
pd-user_1567407
pd-user_4170347
pd-user_6132079
pd-user_9105334
pd-user_1748168
pd-user_1863309
pd-user_601690
pd-user_5374707
pd-user_6747402
pd-user_759380
pd-user_1688205
pd-user_1530879
pd-user_981001
pd-user_9962341
pd-user_4458194
pd-user_2669629
pd-user_886439
pd-user_8242933
pd-user_4535290
pd-user_5117075
pd-user_1514151
pd-user_7963986
pd-user_1355345
pd-user_5295182
pd-user_681997
pd-user_8028822
pd-user_3384147
pd-user_491144
pd-user_3960015
pd-user_2907703
pd-user_9852252
pd-user_4858462
pd-user_6036627
pd-user_7773656
pd-user_3516261
pd-user_52534
pd-user_4080077
pd-user_2173445
pd-user_9397667
pd-user_2118018
pd-user_3606287
pd-user_9492153
pd-user_4498093
pd-user_427689
pd-user_4549166
pd-user_476299
pd-user_9273144
pd-user_1077812
pd-user_2293554
pd-user_2551473
pd-user_2543248
pd-user_111843
pd-user_3512158
pd-user_4696691
pd-user_7788783
pd-user_902842
pd-user_2365556
pd-user_5799851
pd-user_8347165
pd-user_8305793
pd-user_1118323
pd-user_3164349
pd-user_3062850
pd-user_4480744
pd-user_9696560
pd-user_4731919
pd-user_9901048
pd-user_9853999
pd-user_6915759
pd-user_7234467
pd-user_718674
pd-user_3259801
pd-user_4450283
pd-user_9490002
pd-user_9412233
pd-user_3456432
pd-user_415671
pd-user_3647367
pd-user_698003
pd-user_6671535
pd-user_439992
pd-user_8353084
pd-user_5216855
pd-user_9418890
pd-user_7407520
pd-user_3617243
pd-user_3421099
pd-user_6169477
pd-user_4118935
pd-user_51280
pd-user_2133939
pd-user_7453185
pd-user_2510231
pd-user_5312222
pd-user_8747836
pd-user_2550075
pd-user_7722236
pd-user_1214982
pd-user_109831
pd-user_6985390
pd-user_3065078
pd-user_5171146
pd-user_2983578
pd-user_5611917
pd-user_5893500
pd-user_703668
pd-user_2835925
pd-user_9279639
pd-user_7865510
pd-user_5781498
pd-user_2417971
pd-user_8567645
pd-user_6857513
pd-user_2275011
pd-user_212557
pd-user_8359184
pd-user_9311989
pd-user_9350570
pd-user_5268655
pd-user_6046394
pd-user_6066498
pd-user_5667503
pd-user_2914809
pd-user_9461450
pd-user_1683625
pd-user_375373
pd-user_6513261
pd-user_5299635
pd-user_5094585
pd-user_4065998
pd-user_9324674
pd-user_8894846
pd-user_8040647
pd-user_3054341
pd-user_9664148
pd-user_961776
pd-user_2026466
pd-user_30040
pd-user_5917667
pd-user_6906607
pd-user_8966289
pd-user_8226823
pd-user_3552543
pd-user_7787384
pd-user_6154258
pd-user_4385729
pd-user_3988950
pd-user_9586891
pd-user_9252761
pd-user_1863366
pd-user_3012940
pd-user_6253414
pd-user_5281595
pd-user_9678085
pd-user_3084398
pd-user_4291952
pd-user_229752
pd-user_1989230
pd-user_9258545
pd-user_1183724
pd-user_1753970
pd-user_5640314
pd-user_6875046
pd-user_5851468
pd-user_8921380
pd-user_4133712
pd-user_4692946
pd-user_8380864
pd-user_6578987
pd-user_9576497
pd-user_8200390
pd-user_5604377
pd-user_6625761
pd-user_5319390
pd-user_9901238
pd-user_4582260
pd-user_4508399
pd-user_5286606
pd-user_6427312
pd-user_7594345
pd-user_8749758
pd-user_167527
pd-user_4916974
pd-user_2243261
pd-user_5880747
pd-user_3221844
pd-user_5915836
pd-user_8794099
pd-user_4600312
pd-user_7919688
pd-user_3798586
pd-user_1904399
pd-user_6885584
pd-user_6597922
pd-user_2030552
pd-user_8357349
pd-user_8363096
pd-user_3548212
pd-user_2214123
pd-user_842150
pd-user_887528
pd-user_5632266
pd-user_4715994
pd-user_212211
pd-user_3825933
pd-user_2378292
pd-user_490117
pd-user_3015656
pd-user_4828949
pd-user_3479002
pd-user_6412264
pd-user_3579845
pd-user_4933435
pd-user_8683753
pd-user_253460
pd-user_7349436
pd-user_5034013
pd-user_5237068
pd-user_354722
pd-user_549963
pd-user_7228500
pd-user_6346395
pd-user_3565164
pd-user_1286787
pd-user_724765
pd-user_8311453
pd-user_6756376
pd-user_521154
pd-user_3387584
pd-user_4002768
pd-user_9880524
pd-user_3088462
pd-user_7517190
pd-user_6546130
pd-user_2215644
pd-user_4131576
pd-user_2329050
pd-user_4484666
pd-user_2291523
pd-user_9774942
pd-user_7789709
pd-user_9129238
pd-user_5757885
pd-user_1601950
pd-user_1056471
pd-user_3413893
pd-user_1497766
pd-user_6225190
pd-user_9607871
pd-user_8721294
pd-user_1722912
pd-user_55532
pd-user_6468540
pd-user_5448369
pd-user_4784462
pd-user_7473642
pd-user_5291690
pd-user_6296536
pd-user_7630995
pd-user_767493
pd-user_3643979
pd-user_7852835
pd-user_6021124
pd-user_5265701
pd-user_9195477
pd-user_6638607
pd-user_9035373
pd-user_9519390
pd-user_3302309
pd-user_4033103
pd-user_7760246
pd-user_6837359
pd-user_4852313
pd-user_442197
pd-user_6695828
pd-user_4567909
pd-user_3788469
pd-user_4782742
pd-user_6661730
pd-user_8476165
pd-user_5785422
pd-user_7519446
pd-user_8850166
pd-user_7654131
pd-user_3426212
pd-user_2148376
pd-user_2519349
pd-user_4141716
pd-user_7625643
pd-user_8248963
pd-user_3491706
pd-user_1409659
pd-user_4774613
pd-user_9715109
pd-user_9578278
pd-user_8086142
pd-user_9827024
pd-user_1599948
pd-user_956677
pd-user_797776
pd-user_7945090
pd-user_5526669
pd-user_1656806
pd-user_282758
pd-user_8810379
pd-user_788750
pd-user_3454969
pd-user_3400238
pd-user_5961717
pd-user_2212298
pd-user_641498
pd-user_9975939
pd-user_8277526
pd-user_9230265
pd-user_7788728
pd-user_4539767
pd-user_7502903
pd-user_922915
pd-user_231618
pd-user_3702995
pd-user_4265336
pd-user_6443394
pd-user_343210
pd-user_238538
pd-user_4645524
pd-user_8421635
pd-user_6567582
pd-user_1124528
pd-user_962361
pd-user_3663070
pd-user_3985053
pd-user_772495
pd-user_8614995
pd-user_8171749
pd-user_9388336
pd-user_5212241
pd-user_896897
pd-user_3078502
pd-user_2976409
pd-user_1911814
pd-user_9113264
pd-user_726025
pd-user_4522190
pd-user_5072769
pd-user_7627879
pd-user_2771869
pd-user_5872902
pd-user_1744253
pd-user_6500500
pd-user_9371604
pd-user_504687
pd-user_2349638
pd-user_2304947
pd-user_5091641
pd-user_8838016
pd-user_2231029
pd-user_8246338
pd-user_8856321
pd-user_4137393
pd-user_9493316
pd-user_7161907
pd-user_5713088
pd-user_6868653
pd-user_3449628
pd-user_5227036
pd-user_2410266
pd-user_7282738
pd-user_5474359
pd-user_1416450
pd-user_1313014
pd-user_1644060
pd-user_4539221
pd-user_4839852
pd-user_6685088
pd-user_4696652
pd-user_2457321
pd-user_7656280
pd-user_2101709
pd-user_4622500
pd-user_8755648
pd-user_7130558
pd-user_9875204
pd-user_5918614
pd-user_5193808
pd-user_7287322
pd-user_5470761
pd-user_803778
pd-user_4258071
pd-user_6669631
pd-user_9448588
pd-user_6759026
pd-user_1545740
pd-user_5584074
pd-user_1701172
pd-user_3195990
pd-user_3791701
pd-user_5059645
pd-user_4636256
pd-user_1759061
pd-user_751965
pd-user_1328518
pd-user_9719859
pd-user_7409985
pd-user_999678
pd-user_1521262
pd-user_2782304
pd-user_9251957
pd-user_6707595
pd-user_6159753
pd-user_6479630
pd-user_8218066
pd-user_239655
pd-user_9042988
pd-user_3302472
pd-user_5103040
pd-user_9328981
pd-user_7037648
pd-user_5720896
pd-user_5622344
pd-user_9417238
pd-user_5894827
pd-user_3374638
pd-user_2503570
pd-user_6427838
pd-user_8022907
pd-user_5317615
pd-user_8478908
pd-user_3332540
pd-user_4164250
pd-user_2617108
pd-user_2094571
pd-user_3602147
pd-user_6606165
pd-user_6812386
pd-user_1760320
pd-user_6750731
pd-user_1387311
pd-user_9334324
pd-user_1803113
pd-user_9760246
pd-user_4830283
pd-user_9224494
pd-user_8079466
pd-user_6345010
pd-user_9994084
pd-user_2661338
pd-user_2544511
pd-user_4041128
pd-user_7782319
pd-user_9727692
pd-user_8265914
pd-user_3186932
pd-user_3257751
pd-user_800603
pd-user_4984709
pd-user_1325963
pd-user_8258820
pd-user_8969501
pd-user_7455123
pd-user_804543
pd-user_2665299
pd-user_9873118
pd-user_3672940
pd-user_1489651
pd-user_4963169
pd-user_1495598
pd-user_1616392
pd-user_3239061
pd-user_5997551
pd-user_8517227
pd-user_3019924
pd-user_1695419
pd-user_3914149
pd-user_8234182
pd-user_1091590
pd-user_7621913
pd-user_5341126
pd-user_3073737
pd-user_7958419
pd-user_8202717
pd-user_7973943
pd-user_602142
pd-user_7152719
pd-user_1377253
pd-user_3096525
pd-user_4412277
pd-user_9161489
pd-user_22834
pd-user_9860782
pd-user_9638273
pd-user_1533981
pd-user_4976292
pd-user_9193668
pd-user_5300160
pd-user_6047584
pd-user_2659432
pd-user_9833475
pd-user_8832655
pd-user_5411175
pd-user_1701925
pd-user_6107658
pd-user_3532887
pd-user_8522839
pd-user_5876925
pd-user_9289471
pd-user_5478135
pd-user_8955388
pd-user_6561004
pd-user_9470361
pd-user_6097301
pd-user_5319947
pd-user_4672705
pd-user_8192938
pd-user_198640
pd-user_9756711
pd-user_5805040
pd-user_8194490
pd-user_8104952
pd-user_7257100
pd-user_4732624
pd-user_8374357
pd-user_9600782
pd-user_796614
pd-user_2244193
pd-user_150475
pd-user_7350081
pd-user_4493835
pd-user_3257981
pd-user_5022428
pd-user_4120111
pd-user_9120445
pd-user_3861840
pd-user_1424131
pd-user_4575112
pd-user_7344990
pd-user_3788507
pd-user_5799562
pd-user_825563
pd-user_1946744
pd-user_1487095
pd-user_1781461
pd-user_2111867
pd-user_8428597
pd-user_795259
pd-user_557867
pd-user_7236847
pd-user_9755615
pd-user_448256
pd-user_1442457
pd-user_7549031
pd-user_5136352
pd-user_1395729
pd-user_3367545
pd-user_2101426
pd-user_678511
pd-user_3333026
pd-user_3515907
pd-user_6295902
pd-user_7414697
pd-user_6328920
pd-user_8674175
pd-user_8355028
pd-user_3942432
pd-user_153370
pd-user_8575870
pd-user_5077251
pd-user_1646097
pd-user_1832111
pd-user_6639853
pd-user_6721481
pd-user_3883059
pd-user_6903943
pd-user_9479018
pd-user_3576797
pd-user_9961607
pd-user_3902592
pd-user_9215143
pd-user_3409658
pd-user_6528897
pd-user_5500516
pd-user_4878070
pd-user_2904652
pd-user_7719343
pd-user_3605422
pd-user_8489726
pd-user_5707571
pd-user_5666206
pd-user_8330199
pd-user_4187856
pd-user_9421366
pd-user_3431642
pd-user_3637419
pd-user_9019354
pd-user_239163
pd-user_112700
pd-user_8292117
pd-user_6104346
pd-user_3292020
pd-user_8308630
pd-user_2489904
pd-user_3287658
pd-user_4444755
pd-user_864804
pd-user_1888571
pd-user_6111440
pd-user_8430963
pd-user_9936958
pd-user_3049338
pd-user_2489397
pd-user_1343293
pd-user_9087116
pd-user_3371102
pd-user_8855203
pd-user_7813758
pd-user_6885620
pd-user_4999169
pd-user_4599069
pd-user_5805958
pd-user_8889538
pd-user_8433356
pd-user_1721075
pd-user_7093008
pd-user_5690412
pd-user_8592179
pd-user_3684436
pd-user_754519
pd-user_8831027
pd-user_3703904
pd-user_4125663
pd-user_7972540
pd-user_8748406
pd-user_9116299
pd-user_9432955
pd-user_8069144
pd-user_4566424
pd-user_6509627
pd-user_2374019
pd-user_3638962
pd-user_7164286
pd-user_997840
pd-user_3838329
pd-user_4978781
pd-user_4359387
pd-user_2262350
pd-user_5002198
pd-user_554074
pd-user_5998375
pd-user_6027061
pd-user_2348361
pd-user_4795077
pd-user_7097371
pd-user_5979759
pd-user_9303984
pd-user_2852178
pd-user_7439813
pd-user_4752525
pd-user_5507311
pd-user_4330723
pd-user_5552406
pd-user_579760
pd-user_145042
pd-user_211373
pd-user_70615
pd-user_7376682
pd-user_6060911
pd-user_7492338
pd-user_696353
pd-user_4783479
pd-user_365598
pd-user_8380773
pd-user_8506259
pd-user_5308852
pd-user_5006824
pd-user_2856467
pd-user_4067730
pd-user_6835838
pd-user_169819
pd-user_1825714
pd-user_9264220
pd-user_8044375
pd-user_4571323
pd-user_207937
pd-user_4170482
pd-user_6655175
pd-user_3452807
pd-user_5431734
pd-user_7087921
pd-user_5428032
pd-user_3751696
pd-user_8479602
pd-user_7018776
pd-user_5222846
pd-user_6156115
pd-user_4580712
pd-user_3129427
pd-user_6372008
pd-user_9851924
pd-user_7744867
pd-user_2261309
pd-user_1942977
pd-user_5157661
pd-user_8338107
pd-user_1258912
pd-user_3821998
pd-user_5508900
pd-user_8995933
pd-user_768442
pd-user_986909
pd-user_1799551
pd-user_9365449
pd-user_2714940
pd-user_3220362
pd-user_2577101
pd-user_1076157
pd-user_5932604
pd-user_2750552
pd-user_4386229
pd-user_7429925
pd-user_7347906
pd-user_1004343
pd-user_547444
pd-user_4188202
pd-user_7510820
pd-user_3373598
pd-user_3909625
pd-user_8256890
pd-user_3499701
pd-user_7943472
pd-user_1152033
pd-user_2245014
pd-user_7416572
pd-user_3626674
pd-user_1114073
pd-user_1614406
pd-user_5511141
pd-user_4104980
pd-user_5725206
pd-user_1296296
pd-user_2035317
pd-user_823401
pd-user_6255237
pd-user_2232061
pd-user_7148377
pd-user_6045143
pd-user_4693547
pd-user_1662484
pd-user_8971335
pd-user_187661
pd-user_7204732
pd-user_4188092
pd-user_8027739
pd-user_9155890
pd-user_5338726
pd-user_2905733
pd-user_9568078
pd-user_2711937
pd-user_6196660
pd-user_1911189
pd-user_2047307
pd-user_7185786
pd-user_3808288
pd-user_4930754
pd-user_8557646
pd-user_7837028
pd-user_3025346
pd-user_9466070
pd-user_3585955
pd-user_436078
pd-user_2553127
pd-user_377801
pd-user_2470715
pd-user_751141
pd-user_269161
pd-user_982650
pd-user_6690308
pd-user_3426189
pd-user_9043315
pd-user_2108827
pd-user_8904872
pd-user_7847555
pd-user_7536895
pd-user_4023318
pd-user_3213733
pd-user_5871118
pd-user_8971990
pd-user_908269
pd-user_4364622
pd-user_1894924
pd-user_8893366
pd-user_4782675
pd-user_9537335
pd-user_2056074
pd-user_9759858
pd-user_9180641
pd-user_7286975
pd-user_8326554
pd-user_39123
pd-user_6387669
pd-user_5524811
pd-user_8910351
pd-user_710653
pd-user_3935720
pd-user_4521913
pd-user_6907752
pd-user_6268497
pd-user_4404124
pd-user_1043199
pd-user_2402774
pd-user_1958310
pd-user_9667156
pd-user_2169157
pd-user_4291672
pd-user_4528500
pd-user_1490069
pd-user_3105032
pd-user_5099215
pd-user_5614921
pd-user_6043007
pd-user_526211
pd-user_8820145
pd-user_7275326
pd-user_3831468
pd-user_5392173
pd-user_4200176
pd-user_8706535
pd-user_1618439
pd-user_1764659
pd-user_4897461
pd-user_3059890
pd-user_9220552
pd-user_4563487
pd-user_8856149
pd-user_5937213
pd-user_6426699
pd-user_8906166
pd-user_1719031
pd-user_2090585
pd-user_5028147
pd-user_608053
pd-user_6105015
pd-user_3196372
pd-user_245469
pd-user_3281477
pd-user_2954025
pd-user_4702561
pd-user_3206998
pd-user_2687073
pd-user_336090
pd-user_3331798
pd-user_9844397
pd-user_1638575
pd-user_5431798
pd-user_5155788
pd-user_7486519
pd-user_9178103
pd-user_201985
pd-user_7315390
pd-user_100267
pd-user_3983957
pd-user_4336557
pd-user_8797467
pd-user_1809123
pd-user_1790187
pd-user_2301987
pd-user_8687532
pd-user_651651
pd-user_6270094
pd-user_3633385
pd-user_3000396
pd-user_8856071
pd-user_8168359
pd-user_4446586
pd-user_8769187
pd-user_4178409
pd-user_8500513
pd-user_2072163
pd-user_2581533
pd-user_3755492
pd-user_5429496
pd-user_3051216
pd-user_6383199
pd-user_9302113
pd-user_1516972
pd-user_7353423
pd-user_75179
pd-user_3141830
pd-user_2102158
pd-user_6528830
pd-user_6583386
pd-user_9851898
pd-user_2516134
pd-user_2827444
pd-user_845817
pd-user_8437022
pd-user_2677295
pd-user_1381504
pd-user_738470
pd-user_1843091
pd-user_2738068
pd-user_5617566
pd-user_5809298
pd-user_2383178
pd-user_5862809
pd-user_1887974
pd-user_7479337
pd-user_644833
pd-user_5546114
pd-user_4876363
pd-user_2760673
pd-user_9411011
pd-user_7844643
pd-user_1300536
pd-user_791159
pd-user_2569323
pd-user_4210987
pd-user_457208
pd-user_6116918
pd-user_1120028
pd-user_4306856
pd-user_5810308
pd-user_4857767
pd-user_3944790
pd-user_3466510
pd-user_8634616
pd-user_9358835
pd-user_8762254
pd-user_1900019
pd-user_3376810
pd-user_316798
pd-user_3009115
pd-user_905387
pd-user_8501643
pd-user_9854345
pd-user_3352769
pd-user_5794209
pd-user_7633337
pd-user_1483939
pd-user_785965
pd-user_7062192
pd-user_4834309
pd-user_8764509
pd-user_4718979
pd-user_8406995
pd-user_3392903
pd-user_9747706
pd-user_7417770
pd-user_8839810
pd-user_3985577
pd-user_1001898
pd-user_2378280
pd-user_7235699
pd-user_4329455
pd-user_2050037
pd-user_9700541
pd-user_8251823
pd-user_8340004
pd-user_2058368
pd-user_7289165
pd-user_9312389
pd-user_8035469
pd-user_2949572
pd-user_480237
pd-user_6347644
pd-user_98300
pd-user_2377678
pd-user_5564565
pd-user_4665411
pd-user_6341943
pd-user_3372747
pd-user_4660324
pd-user_9558045
pd-user_5335245
pd-user_9086615
pd-user_7516868
pd-user_2453221
pd-user_2697524
pd-user_5319656
pd-user_6744984
pd-user_9608557
pd-user_506861
pd-user_7840278
pd-user_1192533
pd-user_1144577
pd-user_2978229
pd-user_7139683
pd-user_8289397
pd-user_9712222
pd-user_8306002
pd-user_9063886
pd-user_1424468
pd-user_3356720
pd-user_6900579
pd-user_9891208
pd-user_7499537
pd-user_9659753
pd-user_4226938
pd-user_9112112
pd-user_7648433
pd-user_1951054
pd-user_5796324
pd-user_7475687
pd-user_6135356
pd-user_464757
pd-user_2126546
pd-user_6726385
pd-user_5897748
pd-user_5433608
pd-user_4602404
pd-user_1014200
pd-user_3688057
pd-user_784767
pd-user_8201420
pd-user_6358789
pd-user_8331020
pd-user_760593
pd-user_9260990
pd-user_3892888
pd-user_4128374
pd-user_6738349
pd-user_5316821
pd-user_5979990
pd-user_2459349
pd-user_3088505
pd-user_1897789
pd-user_7575040
pd-user_727323
pd-user_8719687
pd-user_4440851
pd-user_1306276
pd-user_7960792
pd-user_2575379
pd-user_9350895
pd-user_5947836
pd-user_8230292
pd-user_7947268
pd-user_4307287
pd-user_5891969
pd-user_3516535
pd-user_2045123
pd-user_5802310
pd-user_5247403
pd-user_2232672
pd-user_4156515
pd-user_6994922
pd-user_9112082
pd-user_370189
pd-user_8680301
pd-user_2701194
pd-user_4444244
pd-user_4403841
pd-user_8896800
pd-user_3925014
pd-user_7021537
pd-user_229155
pd-user_6996474
pd-user_3033548
pd-user_3168783
pd-user_3003221
pd-user_7340115
pd-user_456616
pd-user_1749959
pd-user_2716885
pd-user_3170389
pd-user_6274949
pd-user_6620963
pd-user_4072756
pd-user_8070677
pd-user_9886239
pd-user_9206562
pd-user_7621625
pd-user_9321040
pd-user_8848686
pd-user_1492860
pd-user_3943484
pd-user_4625721
pd-user_6114487
pd-user_1650238
pd-user_642630
pd-user_8477877
pd-user_5948422
pd-user_6737031
pd-user_9600062
pd-user_8648781
pd-user_9220000
pd-user_3202892
pd-user_5844158
pd-user_6712307
pd-user_3374160
pd-user_6655843
pd-user_4140060
pd-user_9065746
pd-user_5558994
pd-user_1836990
pd-user_5608911
pd-user_79416
pd-user_303441
pd-user_7995256
pd-user_4118889
pd-user_2733726
pd-user_5005379
pd-user_5907062
pd-user_2376762
pd-user_7326799
pd-user_4954409
pd-user_7041567
pd-user_2029324
pd-user_4539417
pd-user_5647366
pd-user_1779738
pd-user_5948684
pd-user_3934315
pd-user_7747071
pd-user_7382699
pd-user_3914265
pd-user_1512393
pd-user_564564
pd-user_8547636
pd-user_2284195
pd-user_1528580
pd-user_8566170
pd-user_152268
pd-user_4086749
pd-user_5556114
pd-user_212562
pd-user_8803046
pd-user_7455757
pd-user_9034045
pd-user_76312
pd-user_6875809
pd-user_6655925
pd-user_6548450
pd-user_5664126
pd-user_9650855
pd-user_4826856
pd-user_175922
pd-user_2297168
pd-user_7370647
pd-user_5324593
pd-user_2169034
pd-user_3963955
pd-user_792992
pd-user_3746502
pd-user_9661472
pd-user_7977735
pd-user_1709667
pd-user_2603709
pd-user_3392693
pd-user_9158373
pd-user_8317416
pd-user_9941080
pd-user_4203749
pd-user_2743167
pd-user_4972483
pd-user_1267612
pd-user_7799490
pd-user_7687286
pd-user_5008469
pd-user_4312476
pd-user_1830387
pd-user_1457834
pd-user_8824989
pd-user_2242721
pd-user_8211340
pd-user_1422527
pd-user_539217
pd-user_1839690
pd-user_1988657
pd-user_6254867
pd-user_1598411
pd-user_9636574
pd-user_2304632
pd-user_9860166
pd-user_8593
pd-user_1286962
pd-user_685654
pd-user_986654
pd-user_9271795
pd-user_2703053
pd-user_669642
pd-user_6245057
pd-user_8126158
pd-user_4795319
pd-user_4959754
pd-user_8300954
pd-user_5958958
pd-user_6158069
pd-user_330742
pd-user_9397554
pd-user_9629793
pd-user_4894340
pd-user_4849130
pd-user_9689682
pd-user_1161160
pd-user_4144434
pd-user_8247224
pd-user_6931192
pd-user_6313378
pd-user_682242
pd-user_8630329
pd-user_1576938
pd-user_9980190
pd-user_8295632
pd-user_2695683
pd-user_6335543
pd-user_3629254
pd-user_6483470
pd-user_268473
pd-user_2611161
pd-user_5896891
pd-user_1852331
pd-user_521454
pd-user_5805469
pd-user_3484214
pd-user_6922684
pd-user_9686645
pd-user_1457899
pd-user_753226
pd-user_1540076
pd-user_8498284
pd-user_2531090
pd-user_4718864
pd-user_3942615
pd-user_8129360
pd-user_398509
pd-user_2919745
pd-user_5982104
pd-user_3240357
pd-user_6661897
pd-user_3458152
pd-user_6892209
pd-user_8553071
pd-user_4322007
pd-user_2316189
pd-user_4768611
pd-user_5417945
pd-user_9008588
pd-user_193314
pd-user_4976146
pd-user_4572665
pd-user_9594528
pd-user_5271445
pd-user_5362039
pd-user_6886067
pd-user_4259337
pd-user_2024453
pd-user_1442644
pd-user_1061233
pd-user_9198687
pd-user_9422852
pd-user_9488487
pd-user_9090386
pd-user_8189568
pd-user_5236609
pd-user_1907045
pd-user_6338126
pd-user_9389468
pd-user_6503664
pd-user_7958963
pd-user_5198351
pd-user_7444911
pd-user_3552625
pd-user_8402927
pd-user_3164943
pd-user_6364210
pd-user_3003959
pd-user_3612074
pd-user_7518281
pd-user_1967530
pd-user_3782947
pd-user_3899038
pd-user_5035212
pd-user_6751261
pd-user_4477997
pd-user_4712264
pd-user_5006609
pd-user_4581736
pd-user_1948607
pd-user_6248941
pd-user_7341707
pd-user_6332986
pd-user_220452
pd-user_927118
pd-user_4360437
pd-user_9277929
pd-user_233887
pd-user_1240297
pd-user_8635895
pd-user_2896678
pd-user_617351
pd-user_577164
pd-user_9444004
pd-user_5816039
pd-user_1411787
pd-user_8295808
pd-user_2798315
pd-user_1389400
pd-user_8471767
pd-user_1428354
pd-user_2834427
pd-user_4265444
pd-user_584194
pd-user_5924936
pd-user_8456101
pd-user_9620773
pd-user_5586836
pd-user_6798692
pd-user_3867904
pd-user_7088374
pd-user_3090505
pd-user_4357749
pd-user_281096
pd-user_3056504
pd-user_7083316
pd-user_3280810
pd-user_6333673
pd-user_3061347
pd-user_4621408
pd-user_9454380
pd-user_3926528
pd-user_3674223
pd-user_242492
pd-user_8492740
pd-user_9173291
pd-user_4649069
pd-user_3552909
pd-user_2709498
pd-user_1525170
pd-user_1295983
pd-user_8425092
pd-user_1738524
pd-user_232167
pd-user_8245560
pd-user_26474
pd-user_4542787
pd-user_8820156
pd-user_8333587
pd-user_902930
pd-user_5391872
pd-user_6521822
pd-user_2288318
pd-user_9036833
pd-user_8484804
pd-user_5922816
pd-user_9901272
pd-user_6894044
pd-user_304595
pd-user_3506587
pd-user_5920645
pd-user_6571336
pd-user_3288010
pd-user_7382444
pd-user_7249010
pd-user_9741974
pd-user_1421507
pd-user_3912522
pd-user_3084973
pd-user_514439
pd-user_6161409
pd-user_2037741
pd-user_9763047
pd-user_819509
pd-user_4231672
pd-user_3585981
pd-user_2472947
pd-user_9520943
pd-user_9942358
pd-user_7855487
pd-user_301375
pd-user_9893336
pd-user_8300814
pd-user_3842622
pd-user_5748251
pd-user_9029668
pd-user_3966762
pd-user_22320
pd-user_4910320
pd-user_8154365
pd-user_8482911
pd-user_7182788
pd-user_3113240
pd-user_2230597
pd-user_8551977
pd-user_8216698
pd-user_852360
pd-user_4824507
pd-user_2212836
pd-user_4632011
pd-user_5471344
pd-user_6651993
pd-user_4053120
pd-user_7317343
pd-user_3931624
pd-user_2305682
pd-user_1400088
pd-user_8406851
pd-user_243489
pd-user_2821524
pd-user_1144523
pd-user_1855219
pd-user_1571647
pd-user_2178678
pd-user_2225837
pd-user_2548776
pd-user_212710
pd-user_4272436
pd-user_4507660
pd-user_2943999
pd-user_9174980
pd-user_307222
pd-user_1591708
pd-user_3887980
pd-user_6997705
pd-user_2053484
pd-user_5944611
pd-user_1411147
pd-user_6483099
pd-user_3479072
pd-user_4078820
pd-user_6998638
pd-user_4820177
pd-user_3659250
pd-user_1439604
pd-user_4679308
pd-user_9149924
pd-user_385017
pd-user_4386842
pd-user_8002215
pd-user_3375278
pd-user_1466381
pd-user_5531490
pd-user_5975854
pd-user_6129915
pd-user_1215974
pd-user_9442036
pd-user_8011215
pd-user_7606847
pd-user_4024164
pd-user_3965025
pd-user_6172778
pd-user_5654951
pd-user_8948065
pd-user_1097336
pd-user_3360971
pd-user_6642088
pd-user_2112634
pd-user_3047193
pd-user_8727506
pd-user_2735229
pd-user_1014903
pd-user_6896055
pd-user_3086897
pd-user_4316211
pd-user_8065398
pd-user_120234
pd-user_3861485
pd-user_4190985
pd-user_2700762
pd-user_5025863
pd-user_6563111
pd-user_4641917
pd-user_7827799
pd-user_2286830
pd-user_7485884
pd-user_5677574
pd-user_6976189
pd-user_7865274
pd-user_1372310
pd-user_2298521
pd-user_196179
pd-user_6645124
pd-user_1371912
pd-user_3728065
pd-user_1735839
pd-user_4977922
pd-user_5420864
pd-user_1039063
pd-user_7034294
pd-user_6063585
pd-user_2750236
pd-user_2997601
pd-user_884215
pd-user_6475547
pd-user_977326
pd-user_4392556
pd-user_9866746
pd-user_6748246
pd-user_4836955
pd-user_483010
pd-user_2835127
pd-user_3021757
pd-user_2525160
pd-user_6062448
pd-user_9333509
pd-user_8009931
pd-user_3732433
pd-user_8001723
pd-user_2569300
pd-user_7241435
pd-user_6914020
pd-user_2921286
pd-user_5221004
pd-user_9371463
pd-user_5223775
pd-user_7413652
pd-user_2684282
pd-user_6379838
pd-user_1825230
pd-user_3367344
pd-user_6991700
pd-user_6607464
pd-user_5142075
pd-user_9948138
pd-user_942622
pd-user_9768333
pd-user_3948124
pd-user_2157211
pd-user_894999
pd-user_9976806
pd-user_1720182
pd-user_4735273
pd-user_6466586
pd-user_3025402
pd-user_7503503
pd-user_493892
pd-user_7245650
pd-user_8349638
pd-user_2098796
pd-user_5343137
pd-user_4082331
pd-user_5829632
pd-user_6203782
pd-user_6051602
pd-user_5067733
pd-user_5262520
pd-user_4888667
pd-user_6147338
pd-user_9967991
pd-user_211271
pd-user_6217808
pd-user_9265074
pd-user_9732571
pd-user_5998841
pd-user_4423669
pd-user_8426414
pd-user_2499488
pd-user_3901404
pd-user_6503267
pd-user_7560042
pd-user_723368
pd-user_9874830
pd-user_5615341
pd-user_4849382
pd-user_7861025
pd-user_3637419
pd-user_7389593
pd-user_7234694
pd-user_1831332
pd-user_3722805
pd-user_3772640
pd-user_7382787
pd-user_9135276
pd-user_1499574
pd-user_8128797
pd-user_4358906
pd-user_7724967
pd-user_4314897
pd-user_2989153
pd-user_5495036
pd-user_7030513
pd-user_4399030
pd-user_4893757
pd-user_4183103
pd-user_2436295
pd-user_3661943
pd-user_901003
pd-user_25871
pd-user_602283
pd-user_2801676
pd-user_7622577
pd-user_6376024
pd-user_8764536
pd-user_1493276
pd-user_1191982
pd-user_7456827
pd-user_4959836
pd-user_6088760
pd-user_8508672
pd-user_4969125
pd-user_1150484
pd-user_8574539
pd-user_3523819
pd-user_1156533
pd-user_7476315
pd-user_77535
pd-user_1374873
pd-user_8483348
pd-user_903079
pd-user_2657532
pd-user_5309913
pd-user_4704888
pd-user_6268255
pd-user_5333744
pd-user_168824
pd-user_3193157
pd-user_5848727
pd-user_417019
pd-user_8417289
pd-user_7414415
pd-user_1252767
pd-user_2317605
pd-user_4926148
pd-user_6932637
pd-user_4384976
pd-user_4608064
pd-user_6973101
pd-user_6380163
pd-user_9277482
pd-user_3531234
pd-user_4427565
pd-user_2258613
pd-user_7212876
pd-user_3559250
pd-user_9855324
pd-user_4851508
pd-user_8147746
pd-user_3808484
pd-user_1086640
pd-user_9999734
pd-user_1487258
pd-user_8610241
pd-user_3909962
pd-user_8375143
pd-user_9523228
pd-user_7325825
pd-user_8592048
pd-user_4929965
pd-user_1030930
pd-user_4394157
pd-user_9334354
pd-user_1713821
pd-user_3048565
pd-user_4596514
pd-user_7413844
pd-user_882537
pd-user_9690766
pd-user_9583930
pd-user_867110
pd-user_9785568
pd-user_2891881
pd-user_7123211
pd-user_7709061
pd-user_3909660
pd-user_3540953
pd-user_5617455
pd-user_296377
pd-user_1814898
pd-user_4442163
pd-user_9731666
pd-user_4865000
pd-user_6063409
pd-user_944346
pd-user_3529823
pd-user_424479
pd-user_983162
pd-user_901863
pd-user_2471636
pd-user_6641441
pd-user_6068088
pd-user_3621844
pd-user_2682715
pd-user_5814787
pd-user_7502290
pd-user_3878420
pd-user_39513
pd-user_6993281
pd-user_2519139
pd-user_8830476
pd-user_6186956
pd-user_8304496
pd-user_5481443
pd-user_1775444
pd-user_4150756
pd-user_6703841
pd-user_2955186
pd-user_3157892
pd-user_8735957
pd-user_2499951
pd-user_3111198
pd-user_8537325
pd-user_614274
pd-user_149589
pd-user_386438
pd-user_4010112
pd-user_1591589
pd-user_8568918
pd-user_6251385
pd-user_3456557
pd-user_9938497
pd-user_2555244
pd-user_4038045
pd-user_4913540
pd-user_8555690
pd-user_5367264
pd-user_5891926
pd-user_9229195
pd-user_7162666
pd-user_2919925
pd-user_3517528
pd-user_9642295
pd-user_5540952
pd-user_2157267
pd-user_5985751
pd-user_1532859
pd-user_1329331
pd-user_308749
pd-user_8435643
pd-user_8282668
pd-user_4771093
pd-user_257049
pd-user_5883117
pd-user_9564201
pd-user_5628828
pd-user_2181071
pd-user_6113548
pd-user_3463190
pd-user_4985051
pd-user_4309696
pd-user_1461503
pd-user_7716591
pd-user_9554553
pd-user_1107652
pd-user_6327311
pd-user_6416667
pd-user_4763138
pd-user_4228756
pd-user_1225612
pd-user_7908327
pd-user_6367448
pd-user_2434966
pd-user_8425126
pd-user_9612882
pd-user_7832910
pd-user_9629896
pd-user_3791926
pd-user_4259585
pd-user_3870880
pd-user_2745200
pd-user_9697098
pd-user_9028559
pd-user_159255
pd-user_9515458
pd-user_3211042
pd-user_4551048
pd-user_9271141
pd-user_4632022
pd-user_81921
pd-user_1769560
pd-user_2096233
pd-user_5654711
pd-user_5223031
pd-user_3660536
pd-user_9340738
pd-user_187328
pd-user_6719963
pd-user_1175746
pd-user_2749024
pd-user_5284944
pd-user_6396595
pd-user_5062324
pd-user_8835481
pd-user_5425264
pd-user_1168224
pd-user_85758
pd-user_9103719
pd-user_233645
pd-user_8867766
pd-user_9297781
pd-user_9848459
pd-user_326692
pd-user_8080390
pd-user_3758438
pd-user_5036603
pd-user_8207720
pd-user_1789847
pd-user_9891774
pd-user_5651787
pd-user_5951446
pd-user_7982211
pd-user_1133184
pd-user_2269147
pd-user_7907263
pd-user_2379035
pd-user_9647429
pd-user_7657497
pd-user_7780571
pd-user_4850803
pd-user_2307922
pd-user_4332913
pd-user_7958544
pd-user_7406883
pd-user_8056549
pd-user_546019
pd-user_297474
pd-user_6886456
pd-user_4466970
pd-user_2416396
pd-user_4338986
pd-user_6248361
pd-user_5241894
pd-user_7506745
pd-user_335870
pd-user_9678202
pd-user_8093694
pd-user_54938
pd-user_3650365
pd-user_2010686
pd-user_50692
pd-user_9256150
pd-user_5230757
pd-user_7287986
pd-user_6096001
pd-user_8164414
pd-user_6183666
pd-user_2574815
pd-user_5404769
pd-user_8304410
pd-user_1655219
pd-user_216922
pd-user_9929334
pd-user_2146521
pd-user_747600
pd-user_1905428
pd-user_3263437
pd-user_7135713
pd-user_3066628
pd-user_9263084
pd-user_2544598
pd-user_5163416
pd-user_2165802
pd-user_7405548
pd-user_2952836
pd-user_507522
pd-user_6438657
pd-user_7683342
pd-user_8373475
pd-user_6827061
pd-user_812945
pd-user_8491741
pd-user_8096086
pd-user_858882
pd-user_5916623
pd-user_6604741
pd-user_4783216
pd-user_7951511
pd-user_2482206
pd-user_2557453
pd-user_181787
pd-user_7760852
pd-user_2076040
pd-user_4876235
pd-user_3602552
pd-user_1882057
pd-user_9766710
pd-user_8119673
pd-user_4745198
pd-user_2592342
pd-user_4913497
pd-user_9528258
pd-user_8219459
pd-user_3272154
pd-user_879258
pd-user_749596
pd-user_5631581
pd-user_9951255
pd-user_7634710
pd-user_6183585
pd-user_7514556
pd-user_6424712
pd-user_3770119
pd-user_7051225
pd-user_1014585
pd-user_5964993
pd-user_8540517
pd-user_4469690
pd-user_6039255
pd-user_5983227
pd-user_7746582
pd-user_4246893
pd-user_2871284
pd-user_3078860
pd-user_9824111
pd-user_6176336
pd-user_1459408
pd-user_2636783
pd-user_8357358
pd-user_6950921
pd-user_3667693
pd-user_4749675
pd-user_5781092
pd-user_4282497
pd-user_8409049
pd-user_2699735
pd-user_8591176
pd-user_4461150
pd-user_8976710
pd-user_4753430
pd-user_9190756
pd-user_7180100
pd-user_616909
pd-user_6337402
pd-user_6067226
pd-user_9295820
pd-user_3657328
pd-user_5429609
pd-user_1635241
pd-user_7256011
pd-user_1327695
pd-user_308988
pd-user_6937657
pd-user_2178541
pd-user_7934583
pd-user_499523
pd-user_7660811
pd-user_4601582
pd-user_5014875
pd-user_6069674
pd-user_956435
pd-user_2558738
pd-user_3222685
pd-user_8586347
pd-user_52678
pd-user_475925
pd-user_8941504
pd-user_8982946
pd-user_9094458
pd-user_4925387
pd-user_3206764
pd-user_9676919
pd-user_650552
pd-user_5861115
pd-user_2948609
pd-user_5716905
pd-user_8276113
pd-user_6160899
pd-user_7009267
pd-user_5873246
pd-user_5986538
pd-user_8996664
pd-user_5190987
pd-user_124668
pd-user_458982
pd-user_3032933
pd-user_8130511
pd-user_1065629
pd-user_2218370
pd-user_9641014
pd-user_7236752
pd-user_2206364
pd-user_3334477
pd-user_618087
pd-user_9740677
pd-user_1565056
pd-user_4386941
pd-user_8362084
pd-user_8129555
pd-user_7597309
pd-user_5515632
pd-user_8391540
pd-user_1165964
pd-user_2110874
pd-user_5616820
pd-user_9044846
pd-user_8464852
pd-user_4964380
pd-user_4824554
pd-user_9552885
pd-user_6483254
pd-user_6905563
pd-user_348452
pd-user_5775370
pd-user_3785467
pd-user_3933397
pd-user_8401723
pd-user_1776468
pd-user_9788493
pd-user_1855654
pd-user_6287625
pd-user_5464554
pd-user_6466936
pd-user_4801089
pd-user_3390726
pd-user_1314030
pd-user_2617287
pd-user_3924752
pd-user_4852178
pd-user_127642
pd-user_1032742
pd-user_2243179
pd-user_680086
pd-user_2016373
pd-user_8896034
pd-user_9128601
pd-user_3183326
pd-user_6599684
pd-user_6882215
pd-user_4814984
pd-user_3760800
pd-user_1049595
pd-user_4013467
pd-user_8857144
pd-user_3678210
pd-user_1357978
pd-user_5093510
pd-user_7633620
pd-user_7460052
pd-user_5772617
pd-user_4923621
pd-user_7345523
pd-user_4724985
pd-user_1640175
pd-user_5139157
pd-user_1375004
pd-user_5612887
pd-user_5312594
pd-user_6335724
pd-user_9663071
pd-user_4729069
pd-user_147825
pd-user_3277059
pd-user_9135369
pd-user_2425750
pd-user_2197032
pd-user_7020629
pd-user_6189823
pd-user_4232940
pd-user_9207815
pd-user_222225
pd-user_9920701
pd-user_260342
pd-user_7516720
pd-user_778094
pd-user_8200056
pd-user_3893975
pd-user_3419764
pd-user_9645245
pd-user_8778395
pd-user_7510165
pd-user_1985278
pd-user_9460205
pd-user_1356023
pd-user_4778576
pd-user_7056700
pd-user_2261363
pd-user_3134789
pd-user_7780038
pd-user_8487198
pd-user_5924312
pd-user_7541936
pd-user_5894313
pd-user_7342601
pd-user_6005024
pd-user_8218137
pd-user_3273840
pd-user_9573347
pd-user_3323764
pd-user_9795782
pd-user_5770105
pd-user_4104395
pd-user_4468364
pd-user_3224435
pd-user_3307109
pd-user_2732807
pd-user_3052309
pd-user_7108328
pd-user_6389991
pd-user_7035430
pd-user_2201183
pd-user_4647059
pd-user_4474188
pd-user_2311602
pd-user_5877598
pd-user_1387833
pd-user_6439850
pd-user_1633207
pd-user_970013
pd-user_2426771
pd-user_1261562
pd-user_3072847
pd-user_78492
pd-user_7381057
pd-user_2327770
pd-user_298716
pd-user_242913
pd-user_7411969
pd-user_2994431
pd-user_5792907
pd-user_9542
pd-user_1647188
pd-user_467898
pd-user_9291703
pd-user_490570
pd-user_5450185
pd-user_3527694
pd-user_1293529
pd-user_9246384
pd-user_5045446
pd-user_5418349
pd-user_9593976
pd-user_939004
pd-user_8047088
pd-user_5189758
pd-user_765408
pd-user_2593625
pd-user_6801297
pd-user_9651700
pd-user_8126474
pd-user_4769406
pd-user_3190696
pd-user_4539988
pd-user_4376799
pd-user_2164401
pd-user_1832982
pd-user_6527697
pd-user_4904128
pd-user_4724795
pd-user_5055169
pd-user_7538813
pd-user_7527068
pd-user_4245407
pd-user_6510144
pd-user_6719478
pd-user_8469450
pd-user_485158
pd-user_3717047
pd-user_93055
pd-user_8464648
pd-user_1382159
pd-user_8489634
pd-user_9095047
pd-user_9218706
pd-user_4777708
pd-user_6948442
pd-user_4878481
pd-user_711981
pd-user_2016072
pd-user_6600262
pd-user_821027
pd-user_9901114
pd-user_2758970
pd-user_5889868
pd-user_6598806
pd-user_4517232
pd-user_6575068
pd-user_1773823
pd-user_5172275
pd-user_2886434
pd-user_6836752
pd-user_4830068
pd-user_3228770
pd-user_4165519
pd-user_1480537
pd-user_3077438
pd-user_1081860
pd-user_1184992
pd-user_8241554
pd-user_5790859
pd-user_7055179
pd-user_3826606
pd-user_2149300
pd-user_4143617
pd-user_7890272
pd-user_56100
pd-user_7078272
pd-user_6688696
pd-user_4386335
pd-user_6753382
pd-user_2029679
pd-user_7017892
pd-user_5388525
pd-user_971432
pd-user_8501091
pd-user_3750388
pd-user_1727817
pd-user_7402995
pd-user_9761482
pd-user_2393554
pd-user_925922
pd-user_9290325
pd-user_5808161
pd-user_8353632
pd-user_4449248
pd-user_8917792
pd-user_6941117
pd-user_3055860
pd-user_1684103
pd-user_4922674
pd-user_2105083
pd-user_5555670
pd-user_2288187
pd-user_781659
pd-user_573336
pd-user_6493344
pd-user_5086853
pd-user_8316386
pd-user_4372368
pd-user_9690310
pd-user_5186733
pd-user_5665793
pd-user_4944347
pd-user_2593127
pd-user_5794504
pd-user_4072994
pd-user_5147062
pd-user_5160444
pd-user_7282784
pd-user_3115749
pd-user_9415979
pd-user_9462654
pd-user_4489539
pd-user_3648602
pd-user_6354880
pd-user_5871973
pd-user_8419121
pd-user_5783712
pd-user_7122339
pd-user_5120206
pd-user_6817514
pd-user_3957209
pd-user_3319340
pd-user_9520667
pd-user_579458
pd-user_6704143
pd-user_9544162
pd-user_7685087
pd-user_8343287
pd-user_2245350
pd-user_4740934
pd-user_4768837
pd-user_57500
pd-user_2431563
pd-user_3003236
pd-user_916845
pd-user_6425111
pd-user_3441071
pd-user_7365142
pd-user_8477728
pd-user_8788968
pd-user_628519
pd-user_6805181
pd-user_1188085
pd-user_1180546
pd-user_6442659
pd-user_8710027
pd-user_4398912
pd-user_250846
pd-user_8730219
pd-user_8421016
pd-user_8249816
pd-user_3960442
pd-user_232128
pd-user_5978691
pd-user_9473904
pd-user_4138910
pd-user_3438783
pd-user_1463231
pd-user_3959920
pd-user_5309294
pd-user_6211872
pd-user_2184032
pd-user_5958590
pd-user_6722359
pd-user_6084130
pd-user_5595344
pd-user_6190786
pd-user_9026813
pd-user_532905
pd-user_512892
pd-user_8030846
pd-user_4189162
pd-user_4879125
pd-user_776340
pd-user_3811140
pd-user_9008030
pd-user_5143194
pd-user_7674201
pd-user_980323
pd-user_7985571
pd-user_2575314
pd-user_1726341
pd-user_7321863
pd-user_8197715
pd-user_8248665
pd-user_9283146
pd-user_7343458
pd-user_3727571
pd-user_2452225
pd-user_172012
pd-user_658574
pd-user_5944192
pd-user_1739189
pd-user_5689664
pd-user_726710
pd-user_9594906
pd-user_1306549
pd-user_135188
pd-user_2292679
pd-user_9387408
pd-user_8635779
pd-user_7177093
pd-user_9136449
pd-user_4147898
pd-user_7963803
pd-user_2076997
pd-user_2427711
pd-user_4980614
pd-user_963635
pd-user_727694
pd-user_2663094
pd-user_6084554
pd-user_5091688
pd-user_4342060
pd-user_7172305
pd-user_7782945
pd-user_8028120
pd-user_7322269
pd-user_5291123
pd-user_9276468
pd-user_2442350
pd-user_1135700
pd-user_2895772
pd-user_1851082
pd-user_9380397
pd-user_5588990
pd-user_5816521
pd-user_5639704
pd-user_6341467
pd-user_636052
pd-user_6146946
pd-user_8803108
pd-user_6562431
pd-user_8219751
pd-user_1596807
pd-user_5879658
pd-user_1802845
pd-user_9155753
pd-user_5695899
pd-user_9165597
pd-user_9581777
pd-user_1285695
pd-user_684341
pd-user_1271001
pd-user_2206723
pd-user_2948997
pd-user_2782657
pd-user_2773984
pd-user_324519
pd-user_5733785
pd-user_9235252
pd-user_2997002
pd-user_4209803
pd-user_5845204
pd-user_4904537
pd-user_1878026
pd-user_7192736
pd-user_8800271
pd-user_6264469
pd-user_9963564
pd-user_7860362
pd-user_3371008
pd-user_4445415
pd-user_5457320
pd-user_9920998
pd-user_6444032
pd-user_6901954
pd-user_2267209
pd-user_1483052
pd-user_1822747
pd-user_72030
pd-user_5027909
pd-user_6024586
pd-user_5130219
pd-user_3658130
pd-user_933708
pd-user_5381503
pd-user_8205211
pd-user_9314958
pd-user_3284784
pd-user_6522481
pd-user_722576
pd-user_1770748
pd-user_8866502
pd-user_9406558
pd-user_6633079
pd-user_465136
pd-user_6848981
pd-user_9562666
pd-user_7893512
pd-user_9676193
pd-user_6257755
pd-user_6091577
pd-user_5537685
pd-user_207860
pd-user_9099257
pd-user_1718838
pd-user_4371707
pd-user_1256914
pd-user_858422
pd-user_3773707
pd-user_3514247
pd-user_8128660
pd-user_5717069
pd-user_8113556
pd-user_6946431
pd-user_3748840
pd-user_9032774
pd-user_6598288
pd-user_6237925
pd-user_1347622
pd-user_9663170
pd-user_1934170
pd-user_9831739
pd-user_5153207
pd-user_9642032
pd-user_8590019
pd-user_3104903
pd-user_6541886
pd-user_2109615
pd-user_4652137
pd-user_5105630
pd-user_651704
pd-user_9656419
pd-user_5720591
pd-user_408474
pd-user_5972870
pd-user_594027
pd-user_1466652
pd-user_7117817
pd-user_346209
pd-user_4567107
pd-user_8456555
pd-user_318118
pd-user_7711678
pd-user_8001279
pd-user_864206
pd-user_7858840
pd-user_3581184
pd-user_1058201
pd-user_906113
pd-user_7370495
pd-user_8924838
pd-user_3890183
pd-user_9334911
pd-user_4343968
pd-user_3308983
pd-user_9348392
pd-user_6840395
pd-user_6307806
pd-user_3578010
pd-user_6422616
pd-user_2172287
pd-user_6768929
pd-user_7634691
pd-user_4473062
pd-user_4226676
pd-user_5476308
pd-user_3505646
pd-user_9973230
pd-user_6983449
pd-user_2606622
pd-user_9805722
pd-user_1544941
pd-user_3883409
pd-user_5664908
pd-user_3848177
pd-user_978361
pd-user_1178363
pd-user_2289818
pd-user_4899971
pd-user_6264553
pd-user_4545596
pd-user_4686143
pd-user_4264343
pd-user_3104233
pd-user_4681540
pd-user_351196
pd-user_8485186
pd-user_5319772
pd-user_3467718
pd-user_2439969
pd-user_5799030
pd-user_2829565
pd-user_6143701
pd-user_1932472
pd-user_5674777
pd-user_3617713
pd-user_6976660
pd-user_8942595
pd-user_5094187
pd-user_3706
pd-user_2375564
pd-user_5137435
pd-user_6738394
pd-user_6791038
pd-user_7006926
pd-user_8366228
pd-user_2228783
pd-user_2042158
pd-user_4905035
pd-user_5298252
pd-user_2451666
pd-user_5022906
pd-user_9781144
pd-user_72172
pd-user_49022
pd-user_1461494
pd-user_6952558
pd-user_9119654
pd-user_2396486
pd-user_6094477
pd-user_8831194
pd-user_1615095
pd-user_7059709
pd-user_1462322
pd-user_6308476
pd-user_3186893
pd-user_1581749
pd-user_817423
pd-user_4735956
pd-user_531452
pd-user_9588778
pd-user_6527125
pd-user_6478357
pd-user_2213395
pd-user_9148860
pd-user_9931083
pd-user_2074338
pd-user_3134023
pd-user_2075224
pd-user_8269891
pd-user_5879790
pd-user_9096978
pd-user_7435386
pd-user_5053377
pd-user_3873328
pd-user_4000716
pd-user_3499326
pd-user_3830222
pd-user_3835589
pd-user_553981
pd-user_3510682
pd-user_1944963
pd-user_6526732
pd-user_7635535
pd-user_5895983
pd-user_1218315
pd-user_5457804
pd-user_5538586
pd-user_8968164
pd-user_605977
pd-user_5782527
pd-user_9483854
pd-user_2568767
pd-user_3426434
pd-user_5794657
pd-user_6435132
pd-user_5019214
pd-user_291748
pd-user_757447
pd-user_3589516
pd-user_5988765
pd-user_7644928
pd-user_9303636
pd-user_4286479
pd-user_4817030
pd-user_4335805
pd-user_3257325
pd-user_5180448
pd-user_9965228
pd-user_4222024
pd-user_2654823
pd-user_5603452
pd-user_207219
pd-user_9282769
pd-user_1360869
pd-user_7342390
pd-user_2237899
pd-user_931403
pd-user_5276048
pd-user_7567347
pd-user_2646880
pd-user_259487
pd-user_5455999
pd-user_9659520
pd-user_2573851
pd-user_4934241
pd-user_7620425
pd-user_2772508
pd-user_9185687
pd-user_5893550
pd-user_8948711
pd-user_4982420
pd-user_8456715
pd-user_1129260
pd-user_1712867
pd-user_3820806
pd-user_1828303
pd-user_296440
pd-user_9005840
pd-user_5190770
pd-user_1815558
pd-user_4917547
pd-user_8113543
pd-user_2171882
pd-user_5315028
pd-user_3512794
pd-user_161243
pd-user_8771237
pd-user_8807263
pd-user_5091678
pd-user_891576
pd-user_4487629
pd-user_8191029
pd-user_1373645
pd-user_7524333
pd-user_4611904
pd-user_4220190
pd-user_138303
pd-user_2622223
pd-user_3453384
pd-user_4240032
pd-user_4954573
pd-user_3693343
pd-user_2862746
pd-user_2250152
pd-user_7305768
pd-user_9214345
pd-user_4610760
pd-user_8227547
pd-user_4333656
pd-user_8971006
pd-user_5558810
pd-user_8994939
pd-user_7201285
pd-user_5531669
pd-user_6261320
pd-user_9699148
pd-user_2544140
pd-user_6904655
pd-user_5235109
pd-user_5430847
pd-user_4253397
pd-user_8489414
pd-user_258419
pd-user_1136524
pd-user_8118191
pd-user_2410091
pd-user_1634462
pd-user_1755421
pd-user_9817435
pd-user_406332
pd-user_9955850
pd-user_4578580
pd-user_546718
pd-user_1222076
pd-user_1418501
pd-user_547840
pd-user_6575970
pd-user_9046272
pd-user_3570721
pd-user_3746239
pd-user_4473282
pd-user_3697929
pd-user_8326755
pd-user_4884412
pd-user_4375082
pd-user_1917656
pd-user_4024299
pd-user_20198
pd-user_7406878
pd-user_2949192
pd-user_9248419
pd-user_9366338
pd-user_3829904
pd-user_4431421
pd-user_9875183
pd-user_1827401
pd-user_5446369
pd-user_974857
pd-user_454661
pd-user_714052
pd-user_663226
pd-user_4616058
pd-user_7332840
pd-user_5239140
pd-user_3448220
pd-user_3091422
pd-user_371084
pd-user_8791148
pd-user_2537024
pd-user_5250752
pd-user_8999983
pd-user_6837001
pd-user_979577
pd-user_2280333
pd-user_9937695
pd-user_4995056
pd-user_9443172
pd-user_7621415
pd-user_403749
pd-user_5397964
pd-user_7368933
pd-user_9828790
pd-user_5480688
pd-user_2129530
pd-user_3523599
pd-user_7639244
pd-user_4377091
pd-user_1449934
pd-user_9401154
pd-user_1576929
pd-user_7079995
pd-user_7752861
pd-user_526049
pd-user_7622735
pd-user_1679040
pd-user_5625405
pd-user_3133883
pd-user_1247559
pd-user_6070333
pd-user_8832310
pd-user_1781413
pd-user_5793657
pd-user_7413376
pd-user_9777829
pd-user_4382418
pd-user_2595531
pd-user_5425094
pd-user_3639902
pd-user_4682714
pd-user_1010260
pd-user_3009302
pd-user_7583829
pd-user_4314536
pd-user_5331640
pd-user_1379837
pd-user_1495341
pd-user_2358467
pd-user_4959767
pd-user_8185685
pd-user_113858
pd-user_7401291
pd-user_6545615
pd-user_3746437
pd-user_6501174
pd-user_1900610
pd-user_8747741
pd-user_956800
pd-user_8238410
pd-user_4808868
pd-user_5265760
pd-user_9048877
pd-user_3422494
pd-user_1287044
pd-user_8426180
pd-user_8352521
pd-user_77836
pd-user_9012001
pd-user_7141734
pd-user_1624945
pd-user_4895534
pd-user_99531
pd-user_3981808
pd-user_9528246
pd-user_6175178
pd-user_1854668
pd-user_4951891
pd-user_947950
pd-user_7123577
pd-user_3414999
pd-user_8808984
pd-user_397460
pd-user_3354294
pd-user_4318764
pd-user_3735680
pd-user_8699387
pd-user_1962661
pd-user_275040
pd-user_3583253
pd-user_4183108
pd-user_6235611
pd-user_1184958
pd-user_8194601
pd-user_8596574
pd-user_1105001
pd-user_521026
pd-user_3631080
pd-user_4781121
pd-user_3184133
pd-user_2461643
pd-user_3138509
pd-user_1985482
pd-user_6283325
pd-user_1180789
pd-user_3031416
pd-user_3500568
pd-user_5368925
pd-user_3989349
pd-user_9897909
pd-user_7235876
pd-user_3528872
pd-user_293187
pd-user_1309165
pd-user_2191746
pd-user_2663689
pd-user_7165775
pd-user_5908627
pd-user_3915564
pd-user_7670235
pd-user_2708427
pd-user_2153334
pd-user_9165646
pd-user_5878692
pd-user_9512410
pd-user_9853700
pd-user_8635384
pd-user_1381375
pd-user_5071758
pd-user_4248631
pd-user_1303671
pd-user_6057718
pd-user_1100095
pd-user_2219577
pd-user_4971995
pd-user_239217
pd-user_3731478
pd-user_4919957
pd-user_9887645
pd-user_3409951
pd-user_1783236
pd-user_9371940
pd-user_3717450
pd-user_5108453
pd-user_5420430
pd-user_6687198
pd-user_7357475
pd-user_1833875
pd-user_4341824
pd-user_2025207
pd-user_6024941
pd-user_6164358
pd-user_9020904
pd-user_939565
pd-user_2897227
pd-user_1764839
pd-user_5723788
pd-user_3121680
pd-user_6080113
pd-user_1259829
pd-user_2132901
pd-user_5930237
pd-user_1824521
pd-user_5634845
pd-user_3505689
pd-user_5374574
pd-user_9775813
pd-user_4072871
pd-user_6434914
pd-user_8959340
pd-user_2344918
pd-user_417693
pd-user_6700599
pd-user_8857072
pd-user_9885409
pd-user_4140980
pd-user_2038198
pd-user_2860677
pd-user_2004161
pd-user_4011719
pd-user_9875044
pd-user_9073329
pd-user_3460041
pd-user_906524
pd-user_6311241
pd-user_5749083
pd-user_8735055
pd-user_6271371
pd-user_8105230
pd-user_4746750
pd-user_7252791
pd-user_7481167
pd-user_9721387
pd-user_9522063
pd-user_2273524
pd-user_6110656
pd-user_673659
pd-user_3365272
pd-user_4575583
pd-user_7263908
pd-user_409573
pd-user_4922867
pd-user_4608615
pd-user_1751540
pd-user_7939288
pd-user_677701
pd-user_1827020
pd-user_5673488
pd-user_6728248
pd-user_8166261
pd-user_4172824
pd-user_1275211
pd-user_3754608
pd-user_6406100
pd-user_2797256
pd-user_1369497
pd-user_8773982
pd-user_4755602
pd-user_8580875
pd-user_9355927
pd-user_680513
pd-user_7776283
pd-user_6636902
pd-user_1268931
pd-user_4168303
pd-user_3121122
pd-user_8600439
pd-user_8817137
pd-user_5105249
pd-user_9012655
pd-user_2621523
pd-user_9557337
pd-user_4195450
pd-user_6400902
pd-user_949638
pd-user_399748
pd-user_515492
pd-user_8195349
pd-user_4950289
pd-user_9845379
pd-user_2326305
pd-user_2048941
pd-user_4402261
pd-user_5188119
pd-user_3507779
pd-user_8606458
pd-user_5752925
pd-user_3897772
pd-user_1230839
pd-user_7633253
pd-user_349864
pd-user_265116
pd-user_1259336
pd-user_4271106
pd-user_1843122
pd-user_6896627
pd-user_5122187
pd-user_9504935
pd-user_1037085
pd-user_6801794
pd-user_28952
pd-user_7598813
pd-user_721330
pd-user_1961563
pd-user_5237259
pd-user_3521593
pd-user_5984477
pd-user_6675997
pd-user_9399042
pd-user_1659201
pd-user_6911375
pd-user_8997622
pd-user_6056448
pd-user_7204501
pd-user_6291906
pd-user_1394747
pd-user_1634115
pd-user_8164309
pd-user_2176955
pd-user_6524262
pd-user_1244737
pd-user_7836975
pd-user_4550188
pd-user_8379811
pd-user_3839767
pd-user_5004454
pd-user_7910285
pd-user_4721170
pd-user_663740
pd-user_1582975
pd-user_5008032
pd-user_9279131
pd-user_1627273
pd-user_1013601
pd-user_4371603
pd-user_945386
pd-user_466825
pd-user_806676
pd-user_1786425
pd-user_3169673
pd-user_8782422
pd-user_7671651
pd-user_1178890
pd-user_3890395
pd-user_4479512
pd-user_3505924
pd-user_9303520
pd-user_1620583
pd-user_5095143
pd-user_7058622
pd-user_1348923
pd-user_2576741
pd-user_611158
pd-user_162320
pd-user_9900641
pd-user_280436
pd-user_6040359
pd-user_1525432
pd-user_1110937
pd-user_649788
pd-user_9782608
pd-user_5405374
pd-user_1733723
pd-user_454894
pd-user_1889269
pd-user_8208192
pd-user_8309651
pd-user_3879257
pd-user_2791214
pd-user_7243466
pd-user_1333821
pd-user_939756
pd-user_5616497
pd-user_8684355
pd-user_5710977
pd-user_7578426
pd-user_3231820
pd-user_3774085
pd-user_960821
pd-user_8308256
pd-user_4638910
pd-user_5706787
pd-user_7841916
pd-user_7345408
pd-user_5966486
pd-user_7778646
pd-user_8844091
pd-user_3170213
pd-user_8857531
pd-user_42369
pd-user_4760029
pd-user_2557243
pd-user_2831627
pd-user_2230100
pd-user_4733553
pd-user_9533653
pd-user_2411920
pd-user_7237480
pd-user_6427029
pd-user_22224
pd-user_7143971
pd-user_8716438
pd-user_3903023
pd-user_8609378
pd-user_7674274
pd-user_5210124
pd-user_3945220
pd-user_480559
pd-user_2641955
pd-user_6319054
pd-user_7582135
pd-user_9813524
pd-user_4484051
pd-user_8895856
pd-user_8938079
pd-user_5430630
pd-user_2172477
pd-user_8912141
pd-user_2981315
pd-user_6849528
pd-user_4890003
pd-user_6418123
pd-user_8102160
pd-user_3907439
pd-user_535808
pd-user_5966047
pd-user_7089927
pd-user_8307315
pd-user_2797199
pd-user_8143540
pd-user_2332825
pd-user_6213964
pd-user_357961
pd-user_2679728
pd-user_6516604
pd-user_4768848
pd-user_1876240
pd-user_1275054
pd-user_9486122
pd-user_8705051
pd-user_1739155
pd-user_3029903
pd-user_1676948
pd-user_6943588
pd-user_6122423
pd-user_2480830
pd-user_8204818
pd-user_1323219
pd-user_4952235
pd-user_4688926
pd-user_704870
pd-user_5048863
pd-user_1140410
pd-user_600946
pd-user_995048
pd-user_5729025
pd-user_1699655
pd-user_5821307
pd-user_4323427
pd-user_6216556
pd-user_425865
pd-user_2919223
pd-user_9325190
pd-user_5760958
pd-user_3965514
pd-user_2934949
pd-user_498662
pd-user_939898
pd-user_4161414
pd-user_3695919
pd-user_4714583
pd-user_5910389
pd-user_2405775
pd-user_6087098
pd-user_5197419
pd-user_2340636
pd-user_6521577
pd-user_5460999
pd-user_6352672
pd-user_6028048
pd-user_8204072
pd-user_2622393
pd-user_7014083
pd-user_9460486
pd-user_8896446
pd-user_1096082
pd-user_5160166
pd-user_2451240
pd-user_1204873
pd-user_7020880
pd-user_4614795
pd-user_2062124
pd-user_3914082
pd-user_6160464
pd-user_6927048
pd-user_3769095
pd-user_4912954
pd-user_2839273
pd-user_796563
pd-user_330373
pd-user_9751476
pd-user_9498257
pd-user_5513104
pd-user_1882750
pd-user_9152555
pd-user_9913715
pd-user_6096668
pd-user_1618281
pd-user_5320413
pd-user_3063259
pd-user_6003584
pd-user_9673209
pd-user_3678630
pd-user_4335558
pd-user_2141150
pd-user_9971690
pd-user_4507808
pd-user_4258910
pd-user_2078611
pd-user_9914585
pd-user_9373553
pd-user_2378575
pd-user_3372281
pd-user_1456486
pd-user_877861
pd-user_9229823
pd-user_2874793
pd-user_5760102
pd-user_6615675
pd-user_1980039
pd-user_3875886
pd-user_6640372
pd-user_1947118
pd-user_2577546
pd-user_2782119
pd-user_9249412
pd-user_2453875
pd-user_775803
pd-user_126923
pd-user_8528512
pd-user_9794517
pd-user_7623328
pd-user_8543089
pd-user_1671044
pd-user_6880042
pd-user_5695574
pd-user_5178458
pd-user_8051319
pd-user_6450282
pd-user_1358650
pd-user_7649011
pd-user_8492427
pd-user_9303183
pd-user_1682131
pd-user_6413346
pd-user_8305997
pd-user_8459369
pd-user_4972727
pd-user_731873
pd-user_253159
pd-user_4340691
pd-user_4879675
pd-user_4936619
pd-user_1572986
pd-user_3779921
pd-user_8378194
pd-user_7454564
pd-user_6346813
pd-user_1423366
pd-user_4617374
pd-user_137981
pd-user_2368362
pd-user_2628564
pd-user_3172936
pd-user_8152116
pd-user_5315159
pd-user_7958591
pd-user_85495
pd-user_6586860
pd-user_233294
pd-user_3520144
pd-user_4367664
pd-user_328329
pd-user_3234872
pd-user_2081137
pd-user_1923594
pd-user_7774016
pd-user_123665
pd-user_2436305
pd-user_9382152
pd-user_6615970
pd-user_5539239
pd-user_9728658
pd-user_5891603
pd-user_436431
pd-user_2855572
pd-user_1028054
pd-user_8716819
pd-user_4858351
pd-user_7989448
pd-user_8060152
pd-user_8830668
pd-user_4741464
pd-user_4690431
pd-user_7175067
pd-user_7015578
pd-user_7586466
pd-user_892149
pd-user_2359344
pd-user_5518268
pd-user_3145597
pd-user_1401558
pd-user_3817008
pd-user_3682735
pd-user_7913027
pd-user_4208745
pd-user_7611382
pd-user_2105345
pd-user_2440096
pd-user_5677871
pd-user_7520768
pd-user_7521536
pd-user_7679795
pd-user_9118313
pd-user_4143652
pd-user_4752478
pd-user_5851543
pd-user_6979290
pd-user_7378415
pd-user_6360274
pd-user_8806980
pd-user_2665991
pd-user_3306121
pd-user_7924548
pd-user_9198526
pd-user_2016431
pd-user_2335393
pd-user_472345
pd-user_4759407
pd-user_1639971
pd-user_7495059
pd-user_4397035
pd-user_5379512
pd-user_5915381
pd-user_4276757
pd-user_9661572
pd-user_3070233
pd-user_1371016
pd-user_3783663
pd-user_3210242
pd-user_6336669
pd-user_9325812
pd-user_4209249
pd-user_1822229
pd-user_3585348
pd-user_615327
pd-user_2331371
pd-user_823952
pd-user_7726056
pd-user_7712330
pd-user_8218032
pd-user_5809813
pd-user_6739509
pd-user_8631637
pd-user_1946769
pd-user_6973430
pd-user_9216061
pd-user_7722540
pd-user_5244500
pd-user_1073394
pd-user_8461987
pd-user_7250278
pd-user_4407856
pd-user_7561324
pd-user_6456180
pd-user_6449257
pd-user_233766
pd-user_6261634
pd-user_7274198
pd-user_6775789
pd-user_8729420
pd-user_521875
pd-user_1813188
pd-user_3212618
pd-user_4924257
pd-user_5880922
pd-user_7317285
pd-user_291740
pd-user_6949070
pd-user_961600
pd-user_2602504
pd-user_487647
pd-user_7128143
pd-user_2065759
pd-user_4620549
pd-user_3561204
pd-user_4035354
pd-user_3851058
pd-user_4661789
pd-user_1482061
pd-user_6194414
pd-user_1865173
pd-user_2933666
pd-user_3266489
pd-user_2683992
pd-user_7706103
pd-user_7893618
pd-user_8637156
pd-user_2263804
pd-user_8599962
pd-user_8019669
pd-user_6175889
pd-user_5983705
pd-user_4245359
pd-user_3433814
pd-user_33004
pd-user_1301025
pd-user_8434507
pd-user_5078828
pd-user_8512348
pd-user_4068556
pd-user_445894
pd-user_8667885
pd-user_5412102
pd-user_2096483
pd-user_9289253
pd-user_6121500
pd-user_4452711
pd-user_5170560
pd-user_9349159
pd-user_1720077
pd-user_7525082
pd-user_3213302
pd-user_5426167
pd-user_2331424
pd-user_2395765
pd-user_4149111
pd-user_8409461
pd-user_9244461
pd-user_3568037
pd-user_6678405
pd-user_8194406
pd-user_728691
pd-user_7457508
pd-user_6979401
pd-user_8806449
pd-user_8379157
pd-user_7988814
pd-user_8843497
pd-user_4537781
pd-user_7722725
pd-user_5365395
pd-user_2991100
pd-user_2337523
pd-user_5827722
pd-user_3571479
pd-user_5551782
pd-user_1781545
pd-user_5241324
pd-user_2324301
pd-user_5098583
pd-user_5490432
pd-user_5665389
pd-user_2590163
pd-user_2609723
pd-user_6900081
pd-user_8323605
pd-user_5710311
pd-user_7555260
pd-user_8295440
pd-user_9838613
pd-user_1506347
pd-user_2831046
pd-user_774619
pd-user_215158
pd-user_8715792
pd-user_6442025
pd-user_6973684
pd-user_2285776
pd-user_2764354
pd-user_3300295
pd-user_383918
pd-user_9721067
pd-user_2562562
pd-user_8725752
pd-user_389000
pd-user_2271887
pd-user_3519046
pd-user_3939614
pd-user_1359105
pd-user_8964583
pd-user_446140
pd-user_5859573
pd-user_7258841
pd-user_6372605
pd-user_8247423
pd-user_1624952
pd-user_5558779
pd-user_4814101
pd-user_927919
pd-user_1612699
pd-user_2841667
pd-user_9730278
pd-user_1981222
pd-user_8964786
pd-user_2473567
pd-user_5491415
pd-user_3972573
pd-user_5003878
pd-user_6705568
pd-user_854551
pd-user_7661492
pd-user_108407
pd-user_5827085
pd-user_5060845
pd-user_5527343
pd-user_6713986
pd-user_122311
pd-user_3910192
pd-user_4872606
pd-user_1351227
pd-user_4032076
pd-user_6175320
pd-user_7551533
pd-user_9636836
pd-user_5753073
pd-user_8999158
pd-user_2257524
pd-user_9992777
pd-user_1016278
pd-user_4812823
pd-user_751200
pd-user_7715489
pd-user_687820
pd-user_4577074
pd-user_7348732
pd-user_2029444
pd-user_4878032
pd-user_8095146
pd-user_3837146
pd-user_5080952
pd-user_388337
pd-user_3475756
pd-user_4793220
pd-user_295109
pd-user_3416177
pd-user_645009
pd-user_4637782
pd-user_5110190
pd-user_6938523
pd-user_2606607
pd-user_8162783
pd-user_456892
pd-user_7445891
pd-user_9818024
pd-user_413766
pd-user_7723883
pd-user_7678433
pd-user_340102
pd-user_5266437
pd-user_6928513
pd-user_4622781
pd-user_9600011
pd-user_7198793
pd-user_1645848
pd-user_2413066
pd-user_3865888
pd-user_1977610
pd-user_6338191
pd-user_1023790
pd-user_8760427
pd-user_1137544
pd-user_9561376
pd-user_2499541
pd-user_7639623
pd-user_7494904
pd-user_6939244
pd-user_8187604
pd-user_7156344
pd-user_5138
pd-user_8663864
pd-user_7519373
pd-user_2474052
pd-user_1059933
pd-user_2912062
pd-user_7307682
pd-user_9682026
pd-user_7146737
pd-user_8876921
pd-user_2670588
pd-user_1886436
pd-user_6849489
pd-user_6395611
pd-user_6121003
pd-user_5508765
pd-user_5404393
pd-user_7250988
pd-user_3604895
pd-user_586261
pd-user_8716372
pd-user_1905340
pd-user_9579010
pd-user_5904979
pd-user_7446598
pd-user_3893107
pd-user_7337631
pd-user_9899419
pd-user_1893247
pd-user_2608809
pd-user_9301445
pd-user_8490209
pd-user_4766927
pd-user_4790757
pd-user_7070029
pd-user_3652672
pd-user_2577063
pd-user_368799
pd-user_3116814
pd-user_4331369
pd-user_3311006
pd-user_8400086
pd-user_160361
pd-user_193446
pd-user_4329721
pd-user_1584462
pd-user_4856554
pd-user_6912831
pd-user_6712711
pd-user_8631677
pd-user_3184956
pd-user_405601
pd-user_7503070
pd-user_303480
pd-user_7318380
pd-user_9101140
pd-user_8355099
pd-user_2375224
pd-user_5619641
pd-user_3308740
pd-user_5548047
pd-user_9155240
pd-user_6441196
pd-user_5640354
pd-user_1006417
pd-user_6454423
pd-user_7907743
pd-user_2860445
pd-user_5852923
pd-user_2349484
pd-user_635026
pd-user_9854531
pd-user_5691975
pd-user_8313715
pd-user_3641267
pd-user_7843130
pd-user_9699056
pd-user_768415
pd-user_434962
pd-user_839321
pd-user_5746057
pd-user_846382
pd-user_6760589
pd-user_9481739
pd-user_227975
pd-user_4098113
pd-user_6628767
pd-user_7834017
pd-user_5255356
pd-user_7829547
pd-user_4008914
pd-user_2020860
pd-user_9193459
pd-user_3777341
pd-user_9433773
pd-user_1922266
pd-user_8516699
pd-user_6190884
pd-user_9980970
pd-user_8827136
pd-user_6006763
pd-user_371156
pd-user_3513670
pd-user_4633971
pd-user_6768690
pd-user_7736402
pd-user_3228388
pd-user_3459700
pd-user_8281515
pd-user_2427045
pd-user_9447503
pd-user_2213769
pd-user_8522208
pd-user_9031430
pd-user_2713617
pd-user_658489
pd-user_8201182
pd-user_4899926
pd-user_9636515
pd-user_889228
pd-user_4834892
pd-user_7797635
pd-user_8126271
pd-user_9176927
pd-user_5690103
pd-user_9924292
pd-user_9545853
pd-user_9265711
pd-user_4920883
pd-user_3688136
pd-user_3358804
pd-user_763969
pd-user_7873988
pd-user_6193345
pd-user_6417363
pd-user_1184699
pd-user_5075415
pd-user_6471737
pd-user_535027
pd-user_3372664
pd-user_9345810
pd-user_5348300
pd-user_1288328
pd-user_7518120
pd-user_5236241
pd-user_6397733
pd-user_554014
pd-user_1857263
pd-user_3277788
pd-user_3182174
pd-user_5761552
pd-user_3872622
pd-user_1344205
pd-user_9286435
pd-user_8861034
pd-user_395724
pd-user_9523564
pd-user_6031938
pd-user_610892
pd-user_8869440
pd-user_8450796
pd-user_162197
pd-user_4077165
pd-user_7226142
pd-user_2277989
pd-user_6396702
pd-user_6011126
pd-user_7024111
pd-user_9510869
pd-user_8947414
pd-user_9293046
pd-user_3219316
pd-user_3818834
pd-user_4016130
pd-user_8414722
pd-user_9191378
pd-user_9558674
pd-user_38733
pd-user_2361445
pd-user_6686161
pd-user_857402
pd-user_3233409
pd-user_8726984
pd-user_9140228
pd-user_6723108
pd-user_3727202
pd-user_4676517
pd-user_1649055
pd-user_6811148
pd-user_5258168
pd-user_9413562
pd-user_9055426
pd-user_2224866
pd-user_4143359
pd-user_4386046
pd-user_1897129
pd-user_9723009
pd-user_3803223
pd-user_8341886
pd-user_869242
pd-user_7954476
pd-user_8357330
pd-user_5225853
pd-user_8988849
pd-user_6848837
pd-user_9891192
pd-user_8452896
pd-user_8193640
pd-user_9154812
pd-user_5970414
pd-user_3814983
pd-user_317652
pd-user_745491
pd-user_9362151
pd-user_8350733
pd-user_9847028
pd-user_5728866
pd-user_8819720
pd-user_1393266
pd-user_8321771
pd-user_3810677
pd-user_9053802
pd-user_8648537
pd-user_117598
pd-user_2490838
pd-user_2561916
pd-user_2391978
pd-user_4528659
pd-user_5653458
pd-user_281080
pd-user_9537307
pd-user_1420596
pd-user_1426930
pd-user_4856227
pd-user_681802
pd-user_2598294
pd-user_2625693
pd-user_8784760
pd-user_3316973
pd-user_8515887
pd-user_5344190
pd-user_4200886
pd-user_3873959
pd-user_6898911
pd-user_5898854
pd-user_4810402
pd-user_8414890
pd-user_157991
pd-user_4938631
pd-user_6065552
pd-user_5921439
pd-user_1897526
pd-user_403003
pd-user_5297554
pd-user_7615715
pd-user_6767221
pd-user_4585924
pd-user_2548300
pd-user_4026534
pd-user_1054989
pd-user_6376282
pd-user_6420458
pd-user_2152302
pd-user_3230931
pd-user_4803496
pd-user_9803836
pd-user_2567471
pd-user_249822
pd-user_3593921
pd-user_376162
pd-user_706627
pd-user_8235291
pd-user_3168638
pd-user_6131285
pd-user_3404143
pd-user_3729235
pd-user_9938506
pd-user_7343904
pd-user_4015842
pd-user_9075924
pd-user_3952376
pd-user_2189154
pd-user_9691334
pd-user_1128987
pd-user_9300823
pd-user_5960771
pd-user_2428219
pd-user_5742723
pd-user_6876773
pd-user_1707124
pd-user_271753
pd-user_7450216
pd-user_9085039
pd-user_170546
pd-user_9151208
pd-user_4851983
pd-user_8446923
pd-user_418413
pd-user_3301545
pd-user_5726925
pd-user_7450064
pd-user_5454977
pd-user_1451048
pd-user_6170263
pd-user_6413223
pd-user_2263064
pd-user_6256680
pd-user_9397106
pd-user_2200054
pd-user_2614134
pd-user_1217278
pd-user_5033693
pd-user_1467253
pd-user_8173881
pd-user_1422466
pd-user_1717958
pd-user_1513986
pd-user_4548896
pd-user_1061046
pd-user_621261
pd-user_1508861
pd-user_4395354
pd-user_8333841
pd-user_9434999
pd-user_5320783
pd-user_5989540
pd-user_2149217
pd-user_3332099
pd-user_2936396
pd-user_3728545
pd-user_3328310
pd-user_6488179
pd-user_2091909
pd-user_872258
pd-user_4369590
pd-user_1857090
pd-user_6442085
pd-user_922903
pd-user_6552320
pd-user_8334737
pd-user_5697515
pd-user_6764951
pd-user_6763349
pd-user_1017603
pd-user_247482
pd-user_5808498
pd-user_698200
pd-user_1148634
pd-user_1643388
pd-user_5671243
pd-user_2780171
pd-user_9127488
pd-user_7185533
pd-user_7001499
pd-user_7627296
pd-user_4512971
pd-user_7044367
pd-user_832581
pd-user_2839490
pd-user_2196677
pd-user_9561303
pd-user_4310605
pd-user_4381736
pd-user_6744943
pd-user_8723092
pd-user_4927641
pd-user_360060
pd-user_6402560
pd-user_7635645
pd-user_6193364
pd-user_7740421
pd-user_7437873
pd-user_5377169
pd-user_9702983
pd-user_8690518
pd-user_3224040
pd-user_1067335
pd-user_3942673
pd-user_6257649
pd-user_4544014
pd-user_3372597
pd-user_417143
pd-user_5355960
pd-user_5307186
pd-user_2668869
pd-user_3416649
pd-user_2716861
pd-user_2894088
pd-user_8492238
pd-user_3635076
pd-user_3306477
pd-user_2624935
pd-user_6666742
pd-user_4456960
pd-user_626510
pd-user_8684038
pd-user_863345
pd-user_3210187
pd-user_1944685
pd-user_8946177
pd-user_9108669
pd-user_6210597
pd-user_5074989
pd-user_9825891
pd-user_766537
pd-user_6084967
pd-user_1652777
pd-user_6844501
pd-user_2609075
pd-user_5505248
pd-user_8842621
pd-user_2195870
pd-user_4471663
pd-user_5347035
pd-user_3321844
pd-user_1285482
pd-user_3145401
pd-user_7751711
pd-user_8836390
pd-user_8291045
pd-user_6487462
pd-user_1635804
pd-user_8421727
pd-user_4248143
pd-user_3233547
pd-user_1174322
pd-user_9910780
pd-user_1513804
pd-user_6216709
pd-user_5754759
pd-user_1970092
pd-user_4768212
pd-user_1585656
pd-user_6096277
pd-user_3253830
pd-user_1775904
pd-user_3768111
pd-user_2842026
pd-user_7292094
pd-user_4800797
pd-user_8273183
pd-user_3088586
pd-user_2980320
pd-user_6293776
pd-user_6222281
pd-user_4009276
pd-user_7638362
pd-user_6680479
pd-user_572907
pd-user_7713411
pd-user_7786724
pd-user_1443309
pd-user_785748
pd-user_2085046
pd-user_5090647
pd-user_8428240
pd-user_5760362
pd-user_4978337
pd-user_7531398
pd-user_8614489
pd-user_5299657
pd-user_2328419
pd-user_2807956
pd-user_7334616
pd-user_7646559
pd-user_9078533
pd-user_4408261
pd-user_4452433
pd-user_4428421
pd-user_6526725
pd-user_8447579
pd-user_9417878
pd-user_8567868
pd-user_6720711
pd-user_2602844
pd-user_2548667
pd-user_7960313
pd-user_4789732
pd-user_2104140
pd-user_3077345
pd-user_1740658
pd-user_8887124
pd-user_2292007
pd-user_2720068
pd-user_3979352
pd-user_4304937
pd-user_5652412
pd-user_8110950
pd-user_2624782
pd-user_214577
pd-user_3966381
pd-user_3274897
pd-user_56050
pd-user_4773976
pd-user_9876655
pd-user_4583664
pd-user_6148352
pd-user_4665060
pd-user_8369777
pd-user_1783411
pd-user_7886414
pd-user_3811192
pd-user_2162761
pd-user_4872730
pd-user_408389
pd-user_7215452
pd-user_2089205
pd-user_7254410
pd-user_3256501
pd-user_815716
pd-user_2790400
pd-user_2821219
pd-user_7191836
pd-user_6378346
pd-user_3108767
pd-user_4803697
pd-user_2660353
pd-user_1982427
pd-user_2134976
pd-user_5564098
pd-user_473794
pd-user_707602
pd-user_7604066
pd-user_6152907
pd-user_8820751
pd-user_3002567
pd-user_4728572
pd-user_8246678
pd-user_717779
pd-user_3519504
pd-user_3924799
pd-user_5659497
pd-user_4570173
pd-user_51493
pd-user_5103723
pd-user_9322416
pd-user_1248645
pd-user_4032459
pd-user_8010550
pd-user_7571831
pd-user_4763854
pd-user_8410977
pd-user_8583763
pd-user_9569907
pd-user_791290
pd-user_4838043
pd-user_404716
pd-user_3600080
pd-user_15435
pd-user_4393265
pd-user_7789037
pd-user_2510564
pd-user_8423437
pd-user_3808318
pd-user_2351745
pd-user_9861680
pd-user_6713495
pd-user_8078370
pd-user_6469211
pd-user_6431516
pd-user_604884
pd-user_756129
pd-user_6640454
pd-user_882076
pd-user_2907357
pd-user_6179279
pd-user_9526752
pd-user_5921370
pd-user_9376011
pd-user_4375087
pd-user_8335951
pd-user_4225573
pd-user_6347882
pd-user_5589535
pd-user_8077088
pd-user_3047201
pd-user_6343516
pd-user_2428253
pd-user_167050
pd-user_2113004
pd-user_5637775
pd-user_843234
pd-user_3253129
pd-user_2831229
pd-user_3994521
pd-user_9901776
pd-user_7370060
pd-user_3091267
pd-user_6733161
pd-user_3111558
pd-user_975666
pd-user_1190060
pd-user_422369
pd-user_3670799
pd-user_678778
pd-user_4645187
pd-user_6925446
pd-user_4450878
pd-user_7685155
pd-user_8619884
pd-user_9885004
pd-user_6536969
pd-user_8925628
pd-user_7265347
pd-user_9707984
pd-user_7498777
pd-user_5920045
pd-user_5550132
pd-user_210101
pd-user_7754322
pd-user_1085736
pd-user_9639855
pd-user_5201490
pd-user_7158086
pd-user_6780302
pd-user_2222989
pd-user_2871062
pd-user_8324959
pd-user_2353818
pd-user_9098589
pd-user_9776213
pd-user_4784479
pd-user_4788422
pd-user_3143100
pd-user_115028
pd-user_8126674
pd-user_7268685
pd-user_1405817
pd-user_9087781
pd-user_4221478
pd-user_4316123
pd-user_7419203
pd-user_8879757
pd-user_6159491
pd-user_2730992
pd-user_6024708
pd-user_9829080
pd-user_9626596
pd-user_9733337
pd-user_9955389
pd-user_4898767
pd-user_763230
pd-user_3955541
pd-user_3310940
pd-user_5452212
pd-user_8058676
pd-user_9921497
pd-user_9148602
pd-user_225971
pd-user_4513424
pd-user_7210364
pd-user_1206608
pd-user_5157143
pd-user_5689906
pd-user_4836322
pd-user_8822780
pd-user_7966743
pd-user_2838638
pd-user_3989413
pd-user_8003320
pd-user_3491815
pd-user_9420582
pd-user_3760819
pd-user_3717421
pd-user_9591694
pd-user_7604623
pd-user_1461377
pd-user_3217423
pd-user_9631346
pd-user_3237841
pd-user_5995189
pd-user_3921176
pd-user_2195722
pd-user_262863
pd-user_4220242
pd-user_978230
pd-user_1325647
pd-user_8485900
pd-user_7165805
pd-user_1115639
pd-user_1332438
pd-user_1345683
pd-user_4727241
pd-user_8532839
pd-user_2755172
pd-user_4734406
pd-user_6208788
pd-user_2293868
pd-user_1807249
pd-user_960056
pd-user_6673006
pd-user_1593323
pd-user_5460763
pd-user_5913788
pd-user_1742761
pd-user_3415940
pd-user_1096974
pd-user_3964522
pd-user_5954045
pd-user_1216732
pd-user_9207783
pd-user_2300539
pd-user_1194292
pd-user_2176255
pd-user_2092943
pd-user_596258
pd-user_5926461
pd-user_9157067
pd-user_2441644
pd-user_7211740
pd-user_4674621
pd-user_5355337
pd-user_2740605
pd-user_8898695
pd-user_4845611
pd-user_6195120
pd-user_5612738
pd-user_6257661
pd-user_1242310
pd-user_8883999
pd-user_6087679
pd-user_8646873
pd-user_8272042
pd-user_484127
pd-user_302100
pd-user_2686514
pd-user_5685232
pd-user_8976797
pd-user_1028128
pd-user_1867144
pd-user_6046286
pd-user_5736006
pd-user_8871002
pd-user_3771804
pd-user_4431486
pd-user_1522774
pd-user_6918335
pd-user_4011164
pd-user_6401598
pd-user_6367440
pd-user_7712537
pd-user_6259744
pd-user_4283552
pd-user_5337839
pd-user_3400267
pd-user_840908
pd-user_3643787
pd-user_8787254
pd-user_3507535
pd-user_772274
pd-user_2198953
pd-user_3291531
pd-user_3287548
pd-user_7769477
pd-user_1068694
pd-user_2434765
pd-user_9871352
pd-user_6581355
pd-user_4792811
pd-user_1180582
pd-user_8310690
pd-user_2895070
pd-user_4567970
pd-user_66610
pd-user_501561
pd-user_5502788
pd-user_3176778
pd-user_3306571
pd-user_4345441
pd-user_3038521
pd-user_5215094
pd-user_1274182
pd-user_6736604
pd-user_984467
pd-user_3739456
pd-user_6335832
pd-user_7524349
pd-user_4683281
pd-user_5410616
pd-user_9720850
pd-user_8550087
pd-user_275045
pd-user_9800750
pd-user_9929308
pd-user_1591721
pd-user_8876327
pd-user_4101248
pd-user_9678138
pd-user_2637578
pd-user_26347
pd-user_5355229
pd-user_7214925
pd-user_517727
pd-user_3270913
pd-user_6062468
pd-user_2623464
pd-user_2329073
pd-user_3216546
pd-user_3217439
pd-user_2821713
pd-user_9811397
pd-user_2968092
pd-user_2083479
pd-user_2335775
pd-user_6506886
pd-user_5895653
pd-user_346645
pd-user_9697704
pd-user_5590284
pd-user_4175615
pd-user_123998
pd-user_1188462
pd-user_6883631
pd-user_1439998
pd-user_5219290
pd-user_2995840
pd-user_8348039
pd-user_1937522
pd-user_8497936
pd-user_3928731
pd-user_5432969
pd-user_905202
pd-user_6120171
pd-user_2673183
pd-user_2137570
pd-user_5931235
pd-user_6860945
pd-user_5147035
pd-user_4305368
pd-user_372172
pd-user_1862144
pd-user_4454412
pd-user_1010590
pd-user_368191
pd-user_1459097
pd-user_6663577
pd-user_7059665
pd-user_8632700
pd-user_702575
pd-user_5176582
pd-user_9503309
pd-user_9114508
pd-user_8461924
pd-user_5310130
pd-user_6448221
pd-user_5015144
pd-user_4315361
pd-user_7137016
pd-user_7844185
pd-user_9409983
pd-user_488752
pd-user_9423568
pd-user_6018082
pd-user_1923939
pd-user_451128
pd-user_362602
pd-user_6725244
pd-user_9968284
pd-user_4447686
pd-user_7732518
pd-user_4817585
pd-user_5942659
pd-user_9076836
pd-user_1797170
pd-user_7697529
pd-user_8342612
pd-user_9975758
pd-user_7590486
pd-user_4815124
pd-user_7204200
pd-user_6194712
pd-user_2702451
pd-user_2721384
pd-user_1438605
pd-user_7524747
pd-user_8725797
pd-user_6396583
pd-user_4129363
pd-user_2656620
pd-user_8179788
pd-user_529904
pd-user_2850638
pd-user_8662716
pd-user_7993799
pd-user_1778949
pd-user_7572112
pd-user_6534871
pd-user_1404819
pd-user_7595091
pd-user_1724319
pd-user_1470309
pd-user_8146510
pd-user_3306988
pd-user_2847696
pd-user_7566259
pd-user_2417400
pd-user_140043
pd-user_1581172
pd-user_2947753
pd-user_1528311
pd-user_6632679
pd-user_5678411
pd-user_4371718
pd-user_6726748
pd-user_7859135
pd-user_4944453
pd-user_9706907
pd-user_4783106
pd-user_8439372
pd-user_1949653
pd-user_2053388
pd-user_7165383
pd-user_20356
pd-user_6450199
pd-user_8338629
pd-user_6800269
pd-user_4571600
pd-user_4533580
pd-user_58152
pd-user_7277496
pd-user_4228133
pd-user_1700992
pd-user_7274605
pd-user_7877269
pd-user_8603611
pd-user_3831507
pd-user_5965123
pd-user_2096483
pd-user_6173029
pd-user_1116587
pd-user_3110811
pd-user_2864712
pd-user_3367417
pd-user_7176045
pd-user_5317375
pd-user_5569333
pd-user_1343326
pd-user_5935476
pd-user_1068122
pd-user_3388857
pd-user_9349741
pd-user_3112317
pd-user_7649030
pd-user_986646
pd-user_8604737
pd-user_1713268
pd-user_6445288
pd-user_6356963
pd-user_5144216
pd-user_6217066
pd-user_7594205
pd-user_9218867
pd-user_1500724
pd-user_3924781
pd-user_2440818
pd-user_2097988
pd-user_373106
pd-user_1426540
pd-user_2022785
pd-user_1244255
pd-user_3307434
pd-user_5653811
pd-user_3281663
pd-user_6169624
pd-user_4553923
pd-user_5789336
pd-user_4808725
pd-user_9589446
pd-user_2633569
pd-user_4328321
pd-user_3781409
pd-user_9361057
pd-user_3612681
pd-user_8018397
pd-user_3955147
pd-user_9398890
pd-user_9529532
pd-user_1630827
pd-user_3341924
pd-user_7527256
pd-user_9864635
pd-user_7325657
pd-user_7402351
pd-user_5371666
pd-user_8262798
pd-user_5634527
pd-user_3085563
pd-user_8138296
pd-user_8285285
pd-user_3153532
pd-user_9571302
pd-user_7787821
pd-user_7826219
pd-user_341923
pd-user_5828676
pd-user_1057719
pd-user_4541639
pd-user_8875558
pd-user_6871795
pd-user_9694035
pd-user_4540882
pd-user_9873671
pd-user_1046213
pd-user_7538293
pd-user_2432234
pd-user_9123732
pd-user_1802094
pd-user_9342149
pd-user_2719250
pd-user_650663
pd-user_7145728
pd-user_3539786
pd-user_3204041
pd-user_8555957
pd-user_3927857
pd-user_6591927
pd-user_4362792
pd-user_889893
pd-user_2104465
pd-user_89168
pd-user_1826217
pd-user_929569
pd-user_1639978
pd-user_5696634
pd-user_5375946
pd-user_2149763
pd-user_8704099
pd-user_9869972
pd-user_2843095
pd-user_376160
pd-user_9832951
pd-user_1625887
pd-user_5557608
pd-user_1220784
pd-user_9474601
pd-user_4305365
pd-user_4780298
pd-user_2389948
pd-user_4625709
pd-user_4445224
pd-user_5487988
pd-user_5620327
pd-user_1436692
pd-user_4225299
pd-user_8042644
pd-user_466621
pd-user_677589
pd-user_1759877
pd-user_6142197
pd-user_490464
pd-user_1317181
pd-user_7310951
pd-user_1373676
pd-user_9563719
pd-user_9552830
pd-user_2343275
pd-user_6782807
pd-user_8438056
pd-user_7774709
pd-user_5953808
pd-user_5900542
pd-user_9186503
pd-user_9862423
pd-user_9146707
pd-user_642894
pd-user_1403356
pd-user_7064878
pd-user_3343318
pd-user_5751206
pd-user_9850869
pd-user_626508
pd-user_5540110
pd-user_9626086
pd-user_7359121
pd-user_4881938
pd-user_4409923
pd-user_104402
pd-user_3327552
pd-user_328792
pd-user_4919583
pd-user_1443706
pd-user_3014513
pd-user_8384831
pd-user_1773498
pd-user_6246811
pd-user_7409962
pd-user_8096987
pd-user_1411173
pd-user_5385156
pd-user_6065958
pd-user_310848
pd-user_6421018
pd-user_1865162
pd-user_3131397
pd-user_5959325
pd-user_1293576
pd-user_4229180
pd-user_9198540
pd-user_4233694
pd-user_7693424
pd-user_4251654
pd-user_4705938
pd-user_2989341
pd-user_3683085
pd-user_5877967
pd-user_3099197
pd-user_7377574
pd-user_1297738
pd-user_9896578
pd-user_4454154
pd-user_6746792
pd-user_7369487
pd-user_3574166
pd-user_6675734
pd-user_876624
pd-user_1922280
pd-user_7194174
pd-user_4766039
pd-user_6809461
pd-user_2249860
pd-user_3085998
pd-user_4443220
pd-user_9059112
pd-user_8630681
pd-user_2296651
pd-user_5557129
pd-user_3023966
pd-user_3136827
pd-user_9793395
pd-user_6532648
pd-user_5572103
pd-user_2029389
pd-user_383268
pd-user_7716905
pd-user_5064304
pd-user_5926050
pd-user_1805414
pd-user_3711378
pd-user_6050495
pd-user_1632221
pd-user_9378109
pd-user_2067591
pd-user_1314076
pd-user_8598498
pd-user_5321472
pd-user_7334349
pd-user_172997
pd-user_3138547
pd-user_2342764
pd-user_398871
pd-user_1568066
pd-user_5677912
pd-user_3427726
pd-user_8374445
pd-user_519417
pd-user_6799148
pd-user_2935025
pd-user_6398312
pd-user_9949642
pd-user_3552782
pd-user_5017326
pd-user_2722456
pd-user_7905428
pd-user_9856909
pd-user_6273718
pd-user_5000430
pd-user_842128
pd-user_1263831
pd-user_6636839
pd-user_9371353
pd-user_7821915
pd-user_225781
pd-user_9099787
pd-user_6569976
pd-user_1646399
pd-user_6669929
pd-user_2072956
pd-user_4956934
pd-user_8654387
pd-user_1802620
pd-user_81596
pd-user_1192350
pd-user_4014426
pd-user_3174433
pd-user_5206293
pd-user_5967389
pd-user_2854536
pd-user_5940740
pd-user_5135057
pd-user_4786613
pd-user_1677629
pd-user_5557223
pd-user_6242773
pd-user_3662726
pd-user_6454555
pd-user_9824343
pd-user_4095302
pd-user_7886519
pd-user_6028946
pd-user_6257765
pd-user_7074547
pd-user_7142515
pd-user_8749991
pd-user_8212151
pd-user_9046792
pd-user_2186093
pd-user_5452103
pd-user_415995
pd-user_1799842
pd-user_3296843
pd-user_2969797
pd-user_9721597
pd-user_2231404
pd-user_1623224
pd-user_8129592
pd-user_777592
pd-user_6077731
pd-user_9418771
pd-user_5967309
pd-user_2538866
pd-user_2458530
pd-user_7262602
pd-user_1123443
pd-user_2903129
pd-user_6764187
pd-user_5537362
pd-user_9953607
pd-user_6389520
pd-user_1513639
pd-user_8690510
pd-user_300883
pd-user_8516175
pd-user_2605319
pd-user_2996097
pd-user_7014469
pd-user_7530129
pd-user_1453421
pd-user_6960934
pd-user_3948785
pd-user_4126279
pd-user_5147362
pd-user_6191459
pd-user_6346563
pd-user_9387544
pd-user_4575066
pd-user_4429281
pd-user_537943
pd-user_162524
pd-user_736567
pd-user_6269813
pd-user_3002789
pd-user_9516186
pd-user_1375344
pd-user_2536150
pd-user_3684306
pd-user_3689567
pd-user_9671865
pd-user_1892218
pd-user_8102144
pd-user_7592386
pd-user_5660974
pd-user_5363191
pd-user_1081184
pd-user_8695101
pd-user_9010740
pd-user_3935983
pd-user_2864600
pd-user_3592350
pd-user_610594
pd-user_7150010
pd-user_7853767
pd-user_2878814
pd-user_1116622
pd-user_7121094
pd-user_8827069
pd-user_9248729
pd-user_7945401
pd-user_2828412
pd-user_4246730
pd-user_80193
pd-user_4935086
pd-user_7102592
pd-user_1715818
pd-user_9493193
pd-user_7712011
pd-user_1135610
pd-user_3508200
pd-user_2793315
pd-user_5677811
pd-user_7159400
pd-user_3883069
pd-user_7593366
pd-user_514424
pd-user_9695220
pd-user_7286346
pd-user_8302
pd-user_8032066
pd-user_4090560
pd-user_9663549
pd-user_4607851
pd-user_8598209
pd-user_4568917
pd-user_2382201
pd-user_6123444
pd-user_8873357
pd-user_2620952
pd-user_9257719
pd-user_5192639
pd-user_5450538
pd-user_5765872
pd-user_6378073
pd-user_5823743
pd-user_2639940
pd-user_4629182
pd-user_8850433
pd-user_3272360
pd-user_5405046
pd-user_1682476
pd-user_6231605
pd-user_6856784
pd-user_4007539
pd-user_3884016
pd-user_958167
pd-user_9206923
pd-user_7436034
pd-user_5207770
pd-user_833574
pd-user_9728427
pd-user_1707255
pd-user_8908185
pd-user_9084093
pd-user_6384950
pd-user_2177273
pd-user_6561130
pd-user_4377538
pd-user_8741307
pd-user_1532549
pd-user_6659348
pd-user_9610616
pd-user_1514054
pd-user_4285867
pd-user_5979393
pd-user_4475644
pd-user_7342590
pd-user_8445476
pd-user_5457036
pd-user_9546591
pd-user_8651804
pd-user_3504799
pd-user_1459824
pd-user_6015359
pd-user_733497
pd-user_7042392
pd-user_2748959
pd-user_7612811
pd-user_3302771
pd-user_1242779
pd-user_6401005
pd-user_4968384
pd-user_4951964
pd-user_1027379
pd-user_1994287
pd-user_2445882
pd-user_4583215
pd-user_7533348
pd-user_9770208
pd-user_6206952
pd-user_5847891
pd-user_7762385
pd-user_9049948
pd-user_3284647
pd-user_9855101
pd-user_7724162
pd-user_5927437
pd-user_6527153
pd-user_7405077
pd-user_2011369
pd-user_264160
pd-user_8367792
pd-user_612862
pd-user_6342663
pd-user_9652319
pd-user_9990495
pd-user_7238148
pd-user_7660214
pd-user_6726568
pd-user_416435
pd-user_8171883
pd-user_7154814
pd-user_3651743
pd-user_5497040
pd-user_2827647
pd-user_5484213
pd-user_1887076
pd-user_3390966
pd-user_5723206
pd-user_2853122
pd-user_5734488
pd-user_5096126
pd-user_6492877
pd-user_8815276
pd-user_4799404
pd-user_268558
pd-user_3392383
pd-user_6477938
pd-user_5913120
pd-user_5432535
pd-user_333392
pd-user_3710336
pd-user_6094357
pd-user_9908908
pd-user_7386605
pd-user_5642737
pd-user_9788505
pd-user_8541934
pd-user_4043300
pd-user_9532964
pd-user_3485458
pd-user_2690468
pd-user_8320520
pd-user_2876970
pd-user_7407049
pd-user_6027197
pd-user_2473226
pd-user_5345605
pd-user_126423
pd-user_3773505
pd-user_5332919
pd-user_8839565
pd-user_5634374
pd-user_7659976
pd-user_7118573
pd-user_8431268
pd-user_3697756
pd-user_6794159
pd-user_538406
pd-user_3270988
pd-user_335909
pd-user_2418231
pd-user_3369407
pd-user_2835975
pd-user_3425855
pd-user_4390420
pd-user_1319473
pd-user_2323741
pd-user_8347430
pd-user_1400452
pd-user_4313762
pd-user_1975693
pd-user_5339173
pd-user_5071964
pd-user_601421
pd-user_9251646
pd-user_6517413
pd-user_6457961
pd-user_258646
pd-user_5856985
pd-user_7079354
pd-user_4459590
pd-user_6764236
pd-user_5835366
pd-user_9092855
pd-user_159256
pd-user_1673148
pd-user_5116073
pd-user_1502148
pd-user_9950881
pd-user_1894969
pd-user_4034180
pd-user_710042
pd-user_12325
pd-user_8429717
pd-user_9155750
pd-user_904175
pd-user_5891388
pd-user_5387877
pd-user_9478893
pd-user_3825566
pd-user_9025191
pd-user_3786975
pd-user_5845884
pd-user_9930801
pd-user_6579505
pd-user_1668221
pd-user_7941762
pd-user_6831199
pd-user_9322516
pd-user_2835735
pd-user_9335895
pd-user_7208450
pd-user_5103046
pd-user_8432477
pd-user_8310799
pd-user_6406645
pd-user_8942182
pd-user_3507532
pd-user_862877
pd-user_2577186
pd-user_840213
pd-user_6985600
pd-user_7385326
pd-user_8555574
pd-user_843799
pd-user_2456632
pd-user_7823765
pd-user_9825512
pd-user_7201778
pd-user_8895281
pd-user_1925595
pd-user_3728702
pd-user_6063200
pd-user_4601302
pd-user_225290
pd-user_3851459
pd-user_538363
pd-user_9312530
pd-user_4437799
pd-user_6376786
pd-user_3571803
pd-user_5817083
pd-user_4662663
pd-user_6516046
pd-user_793862
pd-user_69315
pd-user_6069024
pd-user_6066745
pd-user_1987439
pd-user_9689541
pd-user_6870136
pd-user_8943611
pd-user_8033927
pd-user_5180331
pd-user_4833992
pd-user_2363806
pd-user_1501116
pd-user_8880727
pd-user_9831829
pd-user_1829491
pd-user_9919722
pd-user_9850581
pd-user_1572291
pd-user_956206
pd-user_6951136
pd-user_6281783
pd-user_4233960
pd-user_6802413
pd-user_2765245
pd-user_1261604
pd-user_1193744
pd-user_9530216
pd-user_5727298
pd-user_2361576
pd-user_8701134
pd-user_7543388
pd-user_6673665
pd-user_7742570
pd-user_251191
pd-user_3582596
pd-user_7760678
pd-user_8607524
pd-user_9639335
pd-user_6103420
pd-user_4032269
pd-user_4821848
pd-user_3258797
pd-user_1602031
pd-user_8388250
pd-user_7104237
pd-user_5635550
pd-user_9456085
pd-user_6839998
pd-user_3109681
pd-user_3304398
pd-user_2443051
pd-user_2308813
pd-user_1838616
pd-user_7678972
pd-user_3028983
pd-user_7754761
pd-user_1498865
pd-user_7138446
pd-user_4720281
pd-user_807616
pd-user_2373087
pd-user_1840603
pd-user_1372313
pd-user_3258645
pd-user_7487192
pd-user_491908
pd-user_6101014
pd-user_3145850
pd-user_3758878
pd-user_1715554
pd-user_6782730
pd-user_7579011
pd-user_3865007
pd-user_7472225
pd-user_355509
pd-user_6570325
pd-user_2580240
pd-user_5738183
pd-user_1225557
pd-user_121616
pd-user_7124450
pd-user_6243341
pd-user_2339894
pd-user_5435735
pd-user_7611688
pd-user_44570
pd-user_8345722
pd-user_5467718
pd-user_9994977
pd-user_6824506
pd-user_1156452
pd-user_3888065
pd-user_8658547
pd-user_7860476
pd-user_3959852
pd-user_822580
pd-user_1925033
pd-user_7092165
pd-user_227508
pd-user_6872013
pd-user_9132329
pd-user_3770746
pd-user_6602074
pd-user_3483510
pd-user_5372791
pd-user_5667972
pd-user_4376745
pd-user_6882664
pd-user_7694450
pd-user_4445413
pd-user_7261950
pd-user_5623801
pd-user_7129196
pd-user_2096624
pd-user_4042881
pd-user_2918747
pd-user_6852319
pd-user_2946170
pd-user_845945
pd-user_6693526
pd-user_6241095
pd-user_1307705
pd-user_8043688
pd-user_1674023
pd-user_6476710
pd-user_5103650
pd-user_5369242
pd-user_9248789
pd-user_3380913
pd-user_3204348
pd-user_9168086
pd-user_1766208
pd-user_5943496
pd-user_693850
pd-user_4211262
pd-user_954439
pd-user_9471663
pd-user_6901868
pd-user_7024252
pd-user_4759872
pd-user_6538774
pd-user_7601740
pd-user_3293647
pd-user_4286935
pd-user_2364388
pd-user_1740653
pd-user_1934447
pd-user_131197
pd-user_5435253
pd-user_3856269
pd-user_1787609
pd-user_6141718
pd-user_8180671
pd-user_6628958
pd-user_2849080
pd-user_2490941
pd-user_9079012
pd-user_7176267
pd-user_4963928
pd-user_7947975
pd-user_4653604
pd-user_2990519
pd-user_7889953
pd-user_7762628
pd-user_5163594
pd-user_1574249
pd-user_6992674
pd-user_34233
pd-user_1237540
pd-user_3165067
pd-user_2341422
pd-user_2453434
pd-user_8608793
pd-user_7186278
pd-user_5177962
pd-user_3108720
pd-user_3213200
pd-user_6263941
pd-user_1817161
pd-user_257038
pd-user_8067673
pd-user_2784359
pd-user_5723285
pd-user_5118126
pd-user_893017
pd-user_4757662
pd-user_6361225
pd-user_5358868
pd-user_1603543
pd-user_6602345
pd-user_7978073
pd-user_2077429
pd-user_5489703
pd-user_6868241
pd-user_6655436
pd-user_1738017
pd-user_4289274
pd-user_5264340
pd-user_5736104
pd-user_6500015
pd-user_1643209
pd-user_5818124
pd-user_5964589
pd-user_807535
pd-user_1818425
pd-user_1131245
pd-user_5364836
pd-user_7361069
pd-user_3471297
pd-user_7418820
pd-user_4701325
pd-user_2483415
pd-user_8714854
pd-user_6726521
pd-user_6396823
pd-user_7758188
pd-user_4941031
pd-user_9006236
pd-user_2776844
pd-user_9680095
pd-user_78419
pd-user_3066879
pd-user_551198
pd-user_2217639
pd-user_8671808
pd-user_5709797
pd-user_6366453
pd-user_5955009
pd-user_7411169
pd-user_5164414
pd-user_2120048
pd-user_5210857
pd-user_9252266
pd-user_484318
pd-user_4238055
pd-user_5957824
pd-user_2937392
pd-user_4806650
pd-user_3302717
pd-user_1464426
pd-user_5216064
pd-user_3593447
pd-user_5028373
pd-user_5981348
pd-user_6990766
pd-user_584461
pd-user_5071538
pd-user_6554837
pd-user_3721494
pd-user_7017516
pd-user_8710324
pd-user_1725779
pd-user_1724113
pd-user_8526698
pd-user_4826482
pd-user_6238071
pd-user_4409663
pd-user_1754136
pd-user_638097
pd-user_2881305
pd-user_3461052
pd-user_5652474
pd-user_6804999
pd-user_3085240
pd-user_2883091
pd-user_3490611
pd-user_9453262
pd-user_3875678
pd-user_4838478
pd-user_460446
pd-user_3277677
pd-user_1813946
pd-user_3186597
pd-user_5372
pd-user_626560
pd-user_7949897
pd-user_2685480
pd-user_9988332
pd-user_1251488
pd-user_6881413
pd-user_9592699
pd-user_8855520
pd-user_2066641
pd-user_7781108
pd-user_7219461
pd-user_3328595
pd-user_9554977
pd-user_8903444
pd-user_6791624
pd-user_4478945
pd-user_3095314
pd-user_5163974
pd-user_5422271
pd-user_2961404
pd-user_4791528
pd-user_6542616
pd-user_6209132
pd-user_5472122
pd-user_9733464
pd-user_123322
pd-user_4206100
pd-user_9249152
pd-user_1749137
pd-user_1030495
pd-user_4253869
pd-user_6363918
pd-user_7394917
pd-user_9963325
pd-user_5032310
pd-user_3065013
pd-user_2874019
pd-user_2424046
pd-user_5893786
pd-user_2340562
pd-user_8724327
pd-user_9908761
pd-user_8850022
pd-user_7099321
pd-user_2880845
pd-user_2276451
pd-user_2138936
pd-user_3393551
pd-user_4008313
pd-user_5218777
pd-user_6422622
pd-user_5761842
pd-user_4081707
pd-user_9540726
pd-user_2341427
pd-user_4717530
pd-user_6821683
pd-user_200284
pd-user_1589407
pd-user_9805720
pd-user_2178376
pd-user_663051
pd-user_4426333
pd-user_6359934
pd-user_3598917
pd-user_7092587
pd-user_6349283
pd-user_9390421
pd-user_4970593
pd-user_2157135
pd-user_6761181
pd-user_5539393
pd-user_8212515
pd-user_6635991
pd-user_3805854
pd-user_3692941
pd-user_8246257
pd-user_4657709
pd-user_9332635
pd-user_1603492
pd-user_8228569
pd-user_7628386
pd-user_9505669
pd-user_9736433
pd-user_1483917
pd-user_8907922
pd-user_7205246
pd-user_70848
pd-user_8216077
pd-user_2182340
pd-user_7543669
pd-user_1453884
pd-user_9609382
pd-user_2708984
pd-user_7571387
pd-user_1492669
pd-user_9251104
pd-user_3609295
pd-user_9689400
pd-user_3948041
pd-user_4845211
pd-user_259780
pd-user_5711674
pd-user_2479272
pd-user_9524199
pd-user_9397855
pd-user_7250059
pd-user_4291287
pd-user_5768005
pd-user_5465429
pd-user_7299406
pd-user_6382994
pd-user_7881514
pd-user_3450269
pd-user_6525658
pd-user_494666
pd-user_8326393
pd-user_7500603
pd-user_7381252
pd-user_9635052
pd-user_3636764
pd-user_1872505
pd-user_1484522
pd-user_8767942
pd-user_1003164
pd-user_1560610
pd-user_9314151
pd-user_1992451
pd-user_8339038
pd-user_9455713
pd-user_6029630
pd-user_2730383
pd-user_385657
pd-user_2337548
pd-user_8467006
pd-user_1866433
pd-user_5808601
pd-user_13848
pd-user_6613802
pd-user_2815225
pd-user_6728551
pd-user_3847184
pd-user_4375218
pd-user_103780
pd-user_3563695
pd-user_586522
pd-user_260954
pd-user_9370191
pd-user_996372
pd-user_9633791
pd-user_555527
pd-user_2587534
pd-user_3579303
pd-user_2985598
pd-user_3364101
pd-user_9197892
pd-user_5313076
pd-user_2241271
pd-user_9506212
pd-user_7334053
pd-user_4130221
pd-user_9501045
pd-user_665975
pd-user_1281755
pd-user_8532303
pd-user_266280
pd-user_7180750
pd-user_8684787
pd-user_2399676
pd-user_7114986
pd-user_1966782
pd-user_930477
pd-user_797826
pd-user_5579428
pd-user_7371382
pd-user_6946782
pd-user_1553463
pd-user_3707061
pd-user_8455802
pd-user_5141472
pd-user_8036594
pd-user_7300306
pd-user_2180493
pd-user_134985
pd-user_5047804
pd-user_1448265
pd-user_8635683
pd-user_9429089
pd-user_6674080
pd-user_6084158
pd-user_8776225
pd-user_687370
pd-user_6574098
pd-user_6671950
pd-user_5086452
pd-user_9174653
pd-user_779595
pd-user_7884011
pd-user_6588885
pd-user_9339134
pd-user_3166067
pd-user_3700502
pd-user_5717558
pd-user_7176598
pd-user_3173397
pd-user_1569315
pd-user_4533635
pd-user_9361989
pd-user_2186156
pd-user_8960445
pd-user_7314897
pd-user_2360075
pd-user_6558338
pd-user_1103222
pd-user_1651103
pd-user_8730478
pd-user_7496344
pd-user_6214079
pd-user_423954
pd-user_8151311
pd-user_1245863
pd-user_1556875
pd-user_8422013
pd-user_65714
pd-user_63791
pd-user_6793501
pd-user_9988911
pd-user_8307834
pd-user_758534
pd-user_1695251
pd-user_4165276
pd-user_7704565
pd-user_5519185
pd-user_7335053
pd-user_6326621
pd-user_1149809
pd-user_5259115
pd-user_6099420
pd-user_5295099
pd-user_5080439
pd-user_1803545
pd-user_293934
pd-user_4574886
pd-user_4202311
pd-user_6832928
pd-user_6028410
pd-user_9156646
pd-user_789734
pd-user_628940
pd-user_5013587
pd-user_594528
pd-user_699043
pd-user_5122350
pd-user_5767436
pd-user_2438562
pd-user_7671725
pd-user_5845893
pd-user_2056631
pd-user_8974007
pd-user_4836095
pd-user_5319442
pd-user_3797357
pd-user_5068177
pd-user_3428546
pd-user_7932427
pd-user_8379105
pd-user_8358089
pd-user_6937782
pd-user_7785963
pd-user_5261471
pd-user_9773496
pd-user_5906395
pd-user_4194529
pd-user_4842271
pd-user_8059485
pd-user_9584284
pd-user_2469616
pd-user_7145280
pd-user_6276287
pd-user_2573977
pd-user_3826339
pd-user_1151399
pd-user_1574726
pd-user_7333536
pd-user_4403212
pd-user_3484639
pd-user_1253574
pd-user_8898732
pd-user_9685933
pd-user_9239901
pd-user_6409138
pd-user_6157595
pd-user_2777317
pd-user_6797152
pd-user_3787603
pd-user_3829715
pd-user_6563747
pd-user_8124249
pd-user_208034
pd-user_8283666
pd-user_7571998
pd-user_2159351
pd-user_1409742
pd-user_2464509
pd-user_4209214
pd-user_6417689
pd-user_5268204
pd-user_9161349
pd-user_8658148
pd-user_6258458
pd-user_9592789
pd-user_1689797
pd-user_6626573
pd-user_2003115
pd-user_1659586
pd-user_7953610
pd-user_7318304
pd-user_3586437
pd-user_7232619
pd-user_1801871
pd-user_4844401
pd-user_8902983
pd-user_7644143
pd-user_8694103
pd-user_2567218
pd-user_8587934
pd-user_7639330
pd-user_2223285
pd-user_9666848
pd-user_7411825
pd-user_7445241
pd-user_6516617
pd-user_5296247
pd-user_2388742
pd-user_6503428
pd-user_7319944
pd-user_7020267
pd-user_8465029
pd-user_7155322
pd-user_3351682
pd-user_4689245
pd-user_2365381
pd-user_1520741
pd-user_6929090
pd-user_5045765
pd-user_4147100
pd-user_7186073
pd-user_2579101
pd-user_6809936
pd-user_1092407
pd-user_8224761
pd-user_3824462
pd-user_7879315
pd-user_7025236
pd-user_6013187
pd-user_3457864
pd-user_5706848
pd-user_2351450
pd-user_780147
pd-user_829926
pd-user_2018078
pd-user_5212351
pd-user_3135541
pd-user_8100545
pd-user_9909377
pd-user_3468710
pd-user_1704243
pd-user_3661621
pd-user_7548564
pd-user_1643788
pd-user_2100444
pd-user_1089160
pd-user_6551325
pd-user_5869091
pd-user_3315811
pd-user_189784
pd-user_3915823
pd-user_9772027
pd-user_3578067
pd-user_9084576
pd-user_5553571
pd-user_6144012
pd-user_178460
pd-user_1985887
pd-user_8755255
pd-user_7827700
pd-user_4738679
pd-user_4835623
pd-user_6637219
pd-user_166426
pd-user_9645373
pd-user_5564355
pd-user_8761941
pd-user_199009
pd-user_4760106
pd-user_6992667
pd-user_1734028
pd-user_1555426
pd-user_853508
pd-user_1306995
pd-user_5293055
pd-user_9345701
pd-user_7599089
pd-user_9545867
pd-user_208779
pd-user_7293928
pd-user_2182415
pd-user_827617
pd-user_7180867
pd-user_4917328
pd-user_1072430
pd-user_9430266
pd-user_425610
pd-user_8787695
pd-user_5833992
pd-user_8760191
pd-user_1750543
pd-user_4617191
pd-user_8198259
pd-user_4173103
pd-user_2389097
pd-user_4953547
pd-user_3213625
pd-user_7577822
pd-user_1251752
pd-user_490799
pd-user_3890948
pd-user_6569396
pd-user_5171646
pd-user_3304291
pd-user_7507633
pd-user_3262919
pd-user_1639628
pd-user_6649334
pd-user_4307399
pd-user_9431081
pd-user_7767278
pd-user_2354623
pd-user_8057355
pd-user_9934986
pd-user_6689594
pd-user_6934074
pd-user_9169946
pd-user_6506193
pd-user_2531526
pd-user_6316519
pd-user_1195233
pd-user_5380507
pd-user_676864
pd-user_5268142
pd-user_6734386
pd-user_1961224
pd-user_2296998
pd-user_4216660
pd-user_5070424
pd-user_335876
pd-user_3277814
pd-user_3352382
pd-user_5764507
pd-user_6465622
pd-user_5499828
pd-user_3003781
pd-user_5146091
pd-user_3467845
pd-user_6223705
pd-user_6471551
pd-user_8278066
pd-user_9041790
pd-user_88016
pd-user_5041579
pd-user_6483923
pd-user_3951140
pd-user_8758732
pd-user_1766546
pd-user_2349501
pd-user_9585014
pd-user_7905070
pd-user_9681448
pd-user_6954926
pd-user_826860
pd-user_9071282
pd-user_4447723
pd-user_8673031
pd-user_731239
pd-user_1019895
pd-user_1847331
pd-user_3884087
pd-user_772676
pd-user_6383637
pd-user_7371905
pd-user_2028580
pd-user_6811478
pd-user_5632631
pd-user_5891028
pd-user_846402
pd-user_5418393
pd-user_4912230
pd-user_2600000
pd-user_3277835
pd-user_6042009
pd-user_3347594
pd-user_894039
pd-user_2359570
pd-user_4883956
pd-user_9060955
pd-user_8702155
pd-user_3135180
pd-user_9290863
pd-user_571077
pd-user_3552922
pd-user_364659
pd-user_9153160
pd-user_6772242
pd-user_9475687
pd-user_2494148
pd-user_4244330
pd-user_4082344
pd-user_5743304
pd-user_6912989
pd-user_609954
pd-user_9590578
pd-user_8477053
pd-user_7087456
pd-user_1635572
pd-user_4479769
pd-user_2608361
pd-user_4296884
pd-user_8673314
pd-user_7368135
pd-user_9547596
pd-user_8957566
pd-user_4851992
pd-user_8352290
pd-user_7175979
pd-user_8867274
pd-user_499730
pd-user_8208888
pd-user_281124
pd-user_7253520
pd-user_9403596
pd-user_1186918
pd-user_7800093
pd-user_5262691
pd-user_9770876
pd-user_6878884
pd-user_9660973
pd-user_4367423
pd-user_5673325
pd-user_3236104
pd-user_8875782
pd-user_103858
pd-user_560184
pd-user_2797626
pd-user_1654424
pd-user_5065315
pd-user_9139756
pd-user_4715274
pd-user_4963249
pd-user_8207922
pd-user_1047071
pd-user_4452707
pd-user_6186726
pd-user_4268427
pd-user_3005537
pd-user_1671427
pd-user_6315323
pd-user_4201430
pd-user_7630058
pd-user_9636841
pd-user_5155608
pd-user_1356245
pd-user_7499720
pd-user_8693966
pd-user_3609533
pd-user_6785321
pd-user_3601759
pd-user_3016789
pd-user_9700175
pd-user_3693996
pd-user_4534848
pd-user_5236738
pd-user_6956862
pd-user_5437232
pd-user_6523287
pd-user_4038485
pd-user_8695529
pd-user_9590594
pd-user_3415563
pd-user_3111187
pd-user_8974715
pd-user_4399315
pd-user_8087665
pd-user_3268791
pd-user_697745
pd-user_4594080
pd-user_6647117
pd-user_8114359
pd-user_9665794
pd-user_5919080
pd-user_2318388
pd-user_6732017
pd-user_986828
pd-user_6451774
pd-user_6371388
pd-user_6647309
pd-user_7731077
pd-user_1713341
pd-user_4397373
pd-user_9394355
pd-user_5708380
pd-user_3179814
pd-user_9033306
pd-user_2748072
pd-user_6894965
pd-user_6943900
pd-user_8255141
pd-user_4605322
pd-user_1465763
pd-user_2320166
pd-user_6243845
pd-user_2448870
pd-user_2319854
pd-user_2590143
pd-user_4561150
pd-user_8387266
pd-user_4907649
pd-user_6236988
pd-user_5511817
pd-user_2438087
pd-user_5668513
pd-user_8521457
pd-user_8860531
pd-user_3007894
pd-user_9493358
pd-user_2922700
pd-user_7926724
pd-user_6194479
pd-user_6909003
pd-user_1442644
pd-user_7814943
pd-user_4594206
pd-user_7408373
pd-user_555314
pd-user_4692219
pd-user_2223611
pd-user_3582176
pd-user_8049464
pd-user_4805323
pd-user_2146790
pd-user_1038933
pd-user_8150835
pd-user_9947614
pd-user_730783
pd-user_1914610
pd-user_7171551
pd-user_8722045
pd-user_8788283
pd-user_1210441
pd-user_9067720
pd-user_6408153
pd-user_8000626
pd-user_8010410
pd-user_1093658
pd-user_4668503
pd-user_7456711
pd-user_2105121
pd-user_1400765
pd-user_1113980
pd-user_1203178
pd-user_163994
pd-user_8512280
pd-user_8360112
pd-user_4089892
pd-user_5214397
pd-user_8503800
pd-user_2732487
pd-user_8396584
pd-user_5879257
pd-user_1841372
pd-user_4881568
pd-user_3548804
pd-user_7894936
pd-user_7635444
pd-user_322499
pd-user_382226
pd-user_54381
pd-user_9576543
pd-user_6736761
pd-user_5500206
pd-user_2603899
pd-user_5401159
pd-user_6690993
pd-user_7519145
pd-user_7332198
pd-user_7008299
pd-user_6256962
pd-user_7393964
pd-user_639149
pd-user_9007288
pd-user_8482469
pd-user_4598264
pd-user_3576914
pd-user_5817355
pd-user_1256911
pd-user_1512590
pd-user_6261438
pd-user_1379279
pd-user_9142145
pd-user_5081676
pd-user_7962016
pd-user_9813062
pd-user_2970787
pd-user_2199759
pd-user_7551398
pd-user_1428702
pd-user_6144738
pd-user_939230
pd-user_8419569
pd-user_4593522
pd-user_3192837
pd-user_9999770
pd-user_5215238
pd-user_4964322
pd-user_6617453
pd-user_4872672
pd-user_529049
pd-user_4140626
pd-user_1907795
pd-user_2822298
pd-user_7832904
pd-user_9459722
pd-user_6472587
pd-user_6917401
pd-user_9920128
pd-user_2849458
pd-user_7153662
pd-user_643559
pd-user_6376935
pd-user_8129952
pd-user_7287756
pd-user_6882880
pd-user_652574
pd-user_2835387
pd-user_8084112
pd-user_1936654
pd-user_874616
pd-user_6522143
pd-user_7940340
pd-user_3320876
pd-user_9357707
pd-user_3733449
pd-user_5778821
pd-user_309027
pd-user_2307365
pd-user_4883837
pd-user_2435675
pd-user_8810333
pd-user_2427710
pd-user_5145977
pd-user_811268
pd-user_2012334
pd-user_2636636
pd-user_7975752
pd-user_503190
pd-user_6771161
pd-user_3543123
pd-user_187760
pd-user_3578612
pd-user_6348687
pd-user_5863720
pd-user_9860501
pd-user_5904423
pd-user_7329778
pd-user_9273193
pd-user_6851956
pd-user_4605701
pd-user_1241522
pd-user_6432871
pd-user_3282989
pd-user_5454175
pd-user_5587978
pd-user_616659
pd-user_3300915
pd-user_2710965
pd-user_812455
pd-user_3088740
pd-user_4863778
pd-user_5422717
pd-user_8168900
pd-user_9529500
pd-user_8642284
pd-user_6631228
pd-user_1398663
pd-user_7734971
pd-user_614513
pd-user_1882849
pd-user_7024890
pd-user_4126577
pd-user_9694749
pd-user_9846696
pd-user_7200433
pd-user_3631078
pd-user_7911098
pd-user_8190630
pd-user_4628203
pd-user_9440246
pd-user_8538788
pd-user_4064165
pd-user_4002662
pd-user_7961046
pd-user_1674024
pd-user_9110399
pd-user_4684559
pd-user_3000715
pd-user_8500614
pd-user_1531821
pd-user_5517784
pd-user_3222270
pd-user_490097
pd-user_27158
pd-user_7155340
pd-user_4799573
pd-user_8793195
pd-user_9013305
pd-user_4428186
pd-user_487736
pd-user_5072387
pd-user_390402
pd-user_5887918
pd-user_4503291
pd-user_6577417
pd-user_7569732
pd-user_9972177
pd-user_9644369
pd-user_3619111
pd-user_4011095
pd-user_5716634
pd-user_5794503
pd-user_7264663
pd-user_9487531
pd-user_774002
pd-user_4359517
pd-user_3128794
pd-user_3580455
pd-user_3271186
pd-user_8625196
pd-user_5789399
pd-user_1317318
pd-user_2948873
pd-user_1251632
pd-user_9457175
pd-user_588068
pd-user_3623103
pd-user_9603606
pd-user_5999511
pd-user_6002579
pd-user_28668
pd-user_8959712
pd-user_5147648
pd-user_814146
pd-user_5679112
pd-user_9919074
pd-user_8701246
pd-user_2650146
pd-user_3863391
pd-user_6477373
pd-user_2907752
pd-user_5975879
pd-user_8880651
pd-user_8746742
pd-user_1036528
pd-user_7414102
pd-user_4765032
pd-user_1112147
pd-user_3628439
pd-user_5811764
pd-user_6712809
pd-user_9944877
pd-user_5110933
pd-user_4622211
pd-user_7396997
pd-user_358836
pd-user_2239038
pd-user_3644005
pd-user_6772593
pd-user_7484657
pd-user_4066614
pd-user_3464557
pd-user_7417523
pd-user_271191
pd-user_5040384
pd-user_5827757
pd-user_7110125
pd-user_2727613
pd-user_7739474
pd-user_7793751
pd-user_8936810
pd-user_9465216
pd-user_5854650
pd-user_2995766
pd-user_8584793
pd-user_4093186
pd-user_1354365
pd-user_6273583
pd-user_4043448
pd-user_6917099
pd-user_1511404
pd-user_5238985
pd-user_3038464
pd-user_6426152
pd-user_6087003
pd-user_2314649
pd-user_9985965
pd-user_65765
pd-user_6980892
pd-user_6879000
pd-user_2436590
pd-user_8387861
pd-user_5538011
pd-user_2219785
pd-user_8851719
pd-user_9459614
pd-user_586359
pd-user_5268637
pd-user_316579
pd-user_6765794
pd-user_9516725
pd-user_50249
pd-user_3447810
pd-user_1722934
pd-user_6241945
pd-user_5008954
pd-user_2261304
pd-user_7231770
pd-user_3783679
pd-user_6557712
pd-user_1084063
pd-user_7121768
pd-user_2800309
pd-user_1482338
pd-user_4408424
pd-user_5151230
pd-user_931887
pd-user_9644966
pd-user_7053345
pd-user_6992293
pd-user_4438970
pd-user_1969365
pd-user_6945832
pd-user_2009765
pd-user_8558511
pd-user_4958836
pd-user_7990166
pd-user_8779089
pd-user_3312547
pd-user_9314121
pd-user_4427032
pd-user_8537620
pd-user_2293324
pd-user_2850365
pd-user_6733455
pd-user_7138770
pd-user_8866011
pd-user_8840244
pd-user_7190427
pd-user_5160143
pd-user_2697040
pd-user_6973181
pd-user_3574988
pd-user_4704249
pd-user_2543384
pd-user_9319485
pd-user_5729910
pd-user_9111474
pd-user_9855520
pd-user_7050953
pd-user_4375265
pd-user_117891
pd-user_614328
pd-user_3132922
pd-user_7379506
pd-user_9714144
pd-user_5425208
pd-user_162931
pd-user_1845851
pd-user_7695064
pd-user_4748183
pd-user_1764640
pd-user_2858515
pd-user_2021900
pd-user_434233
pd-user_4027310
pd-user_8082913
pd-user_510558
pd-user_9647870
pd-user_1995830
pd-user_1740699
pd-user_7639574
pd-user_3032648
pd-user_132526
pd-user_6965383
pd-user_540079
pd-user_9183243
pd-user_8141354
pd-user_9045281
pd-user_7158774
pd-user_9927021
pd-user_1919636
pd-user_3660606
pd-user_9744958
pd-user_8386149
pd-user_9278515
pd-user_4942075
pd-user_5707228
pd-user_4382778
pd-user_2373416
pd-user_2176565
pd-user_1948518
pd-user_4324158
pd-user_9492089
pd-user_9584713
pd-user_9023513
pd-user_9400718
pd-user_7712066
pd-user_3942062
pd-user_905696
pd-user_8804424
pd-user_4963540
pd-user_6631914
pd-user_4389154
pd-user_4574422
pd-user_6614333
pd-user_7149677
pd-user_3958020
pd-user_2619816
pd-user_9137410
pd-user_9607325
pd-user_3615285
pd-user_7994607
pd-user_8585493
pd-user_1286204
pd-user_8928783
pd-user_8922775
pd-user_7265141
pd-user_510153
pd-user_2350721
pd-user_6113566
pd-user_8897586
pd-user_2591049
pd-user_9890797
pd-user_8712709
pd-user_2646697
pd-user_3487489
pd-user_4980045
pd-user_2149574
pd-user_1086227
pd-user_6315487
pd-user_7163343
pd-user_403381
pd-user_152539
pd-user_5671995
pd-user_8051697
pd-user_6052285
pd-user_2126314
pd-user_356157
pd-user_2989211
pd-user_8007819
pd-user_4260829
pd-user_4896320
pd-user_8132400
pd-user_2562084
pd-user_6319593
pd-user_1580828
pd-user_8059343
pd-user_5178861
pd-user_9316267
pd-user_1708516
pd-user_3690004
pd-user_773603
pd-user_7250378
pd-user_5321369
pd-user_8668510
pd-user_1866807
pd-user_1841139
pd-user_357675
pd-user_2336035
pd-user_9870106
pd-user_375552
pd-user_6900019
pd-user_3826423
pd-user_1680213
pd-user_9471056
pd-user_647657
pd-user_936004
pd-user_2728828
pd-user_8622782
pd-user_3069612
pd-user_9277399
pd-user_2133212
pd-user_5408239
pd-user_753447
pd-user_6638185
pd-user_4172171
pd-user_5985397
pd-user_9528396
pd-user_3824593
pd-user_604445
pd-user_6325643
pd-user_6371422
pd-user_7031981
pd-user_6328670
pd-user_7666458
pd-user_2943853
pd-user_7048739
pd-user_8117667
pd-user_6662773
pd-user_8849006
pd-user_4562927
pd-user_7695985
pd-user_3093426
pd-user_7171457
pd-user_4597455
pd-user_9462908
pd-user_6472283
pd-user_6061337
pd-user_939334
pd-user_8903739
pd-user_6163399
pd-user_625602
pd-user_8410235
pd-user_3828340
pd-user_5511592
pd-user_372746
pd-user_8240907
pd-user_9622610
pd-user_9671783
pd-user_1474656
pd-user_253462
pd-user_4070594
pd-user_445388
pd-user_577888
pd-user_2721989
pd-user_7285986
pd-user_62706
pd-user_3040643
pd-user_502927
pd-user_8522667
pd-user_3486023
pd-user_2615390
pd-user_542875
pd-user_1792946
pd-user_5878563
pd-user_7200143
pd-user_3422111
pd-user_3232824
pd-user_7823075
pd-user_1022603
pd-user_9445514
pd-user_2574008
pd-user_4392356
pd-user_698345
pd-user_3621267
pd-user_6689047
pd-user_8985926
pd-user_709952
pd-user_1120979
pd-user_4720983
pd-user_8612105
pd-user_6064057
pd-user_2858303
pd-user_6986445
pd-user_3351953
pd-user_8866860
pd-user_2277895
pd-user_6325614
pd-user_7243762
pd-user_8874851
pd-user_1649599
pd-user_2597402
pd-user_677432
pd-user_6786525
pd-user_2726773
pd-user_1982244
pd-user_2320188
pd-user_5436079
pd-user_1618555
pd-user_4413451
pd-user_8226452
pd-user_7674854
pd-user_8244065
pd-user_3504470
pd-user_7499469
pd-user_2678308
pd-user_8392582
pd-user_1586398
pd-user_2299052
pd-user_7304697
pd-user_3647644
pd-user_3858669
pd-user_328811
pd-user_2899614
pd-user_3005530
pd-user_3367718
pd-user_3160415
pd-user_6822408
pd-user_7425043
pd-user_7306838
pd-user_546344
pd-user_3162086
pd-user_3785934
pd-user_5861547
pd-user_4868330
pd-user_9333689
pd-user_3776377
pd-user_3268572
pd-user_7083558
pd-user_7981517
pd-user_1753317
pd-user_8258348
pd-user_5975236
pd-user_3235256
pd-user_7759875
pd-user_9805550
pd-user_8641640
pd-user_7549230
pd-user_5071576
pd-user_6140908
pd-user_6168080
pd-user_2005554
pd-user_1996864
pd-user_7984664
pd-user_4368314
pd-user_4612831
pd-user_4926295
pd-user_2723865
pd-user_1122152
pd-user_5631620
pd-user_4340417
pd-user_8459968
pd-user_7486410
pd-user_6659530
pd-user_4265431
pd-user_9891343
pd-user_5196827
pd-user_8587459
pd-user_4876717
pd-user_9175002
pd-user_4072832
pd-user_2627516
pd-user_7603979
pd-user_730564
pd-user_430117
pd-user_5640196
pd-user_1914197
pd-user_4685240
pd-user_8286271
pd-user_249299
pd-user_4817011
pd-user_2031265
pd-user_2775924
pd-user_5310042
pd-user_5284233
pd-user_7226321
pd-user_3967614
pd-user_5491003
pd-user_9410308
pd-user_666607
pd-user_3365170
pd-user_1511294
pd-user_8469044
pd-user_6916180
pd-user_9263494
pd-user_3520250
pd-user_1694167
pd-user_7586933
pd-user_1587385
pd-user_472966
pd-user_9598158
pd-user_2238226
pd-user_783975
pd-user_518445
pd-user_4406509
pd-user_4322692
pd-user_9242582
pd-user_2643980
pd-user_890088
pd-user_7214023
pd-user_432273
pd-user_418543
pd-user_5742577
pd-user_4391254
pd-user_4993606
pd-user_3776170
pd-user_3741643
pd-user_3056710
pd-user_8826600
pd-user_7183522
pd-user_1760423
pd-user_1763493
pd-user_670971
pd-user_4740831
pd-user_7799213
pd-user_9145866
pd-user_1958729
pd-user_8706672
pd-user_6959190
pd-user_2086800
pd-user_9875008
pd-user_6583086
pd-user_9763801
pd-user_4791171
pd-user_7820354
pd-user_3616035
pd-user_1162759
pd-user_892477
pd-user_7392813
pd-user_5839230
pd-user_3142826
pd-user_1627524
pd-user_820382
pd-user_3724560
pd-user_4469353
pd-user_8016935
pd-user_6202746
pd-user_5758730
pd-user_5577125
pd-user_373103
pd-user_4560570
pd-user_6086182
pd-user_2338850
pd-user_4961
pd-user_3812148
pd-user_5435668
pd-user_5476247
pd-user_4981305
pd-user_2732414
pd-user_3792019
pd-user_4623844
pd-user_1188770
pd-user_9346339
pd-user_4395882
pd-user_5800194
pd-user_5123640
pd-user_4661047
pd-user_2436376
pd-user_5945592
pd-user_6293245
pd-user_3203349
pd-user_9720162
pd-user_7761110
pd-user_4486007
pd-user_2001205
pd-user_7657236
pd-user_6547537
pd-user_8041909
pd-user_9084049
pd-user_6245172
pd-user_1151817
pd-user_746456
pd-user_4241964
pd-user_655248
pd-user_1133893
pd-user_3460596
pd-user_8445733
pd-user_5453380
pd-user_7081756
pd-user_899301
pd-user_3848518
pd-user_1186746
pd-user_8306110
pd-user_9431896
pd-user_2794093
pd-user_5932821
pd-user_3724316
pd-user_2975987
pd-user_9172722
pd-user_5694924
pd-user_361860
pd-user_9415204
pd-user_9597656
pd-user_6419572
pd-user_5158683
pd-user_2025448
pd-user_1914913
pd-user_2509572
pd-user_302549
pd-user_3138910
pd-user_4987101
pd-user_2390188
pd-user_4007871
pd-user_5929110
pd-user_7036400
pd-user_4057577
pd-user_66039
pd-user_7601928
pd-user_8155934
pd-user_5084168
pd-user_1963801
pd-user_3291148
pd-user_1160422
pd-user_6234730
pd-user_5499489
pd-user_4529885
pd-user_1128485
pd-user_9359549
pd-user_7113382
pd-user_5891162
pd-user_5168388
pd-user_2388107
pd-user_2039329
pd-user_8926371
pd-user_4414070
pd-user_5562571
pd-user_4088653
pd-user_1297632
pd-user_6748910
pd-user_488151
pd-user_536536
pd-user_7567676
pd-user_7487690
pd-user_8094168
pd-user_8909361
pd-user_9433804
pd-user_5957086
pd-user_459082
pd-user_9563535
pd-user_5015601
pd-user_6500990
pd-user_4812501
pd-user_3147657
pd-user_9622431
pd-user_3058265
pd-user_5098943
pd-user_6894656
pd-user_5926990
pd-user_8586990
pd-user_6991527
pd-user_4390223
pd-user_5855825
pd-user_4621436
pd-user_1321290
pd-user_866893
pd-user_2850814
pd-user_7682481
pd-user_5440280
pd-user_6082274
pd-user_4106572
pd-user_375749
pd-user_5928463
pd-user_6140703
pd-user_780497
pd-user_6054367
pd-user_2165984
pd-user_7827816
pd-user_1537975
pd-user_8100607
pd-user_3139668
pd-user_7844550
pd-user_2041356
pd-user_921732
pd-user_8764679
pd-user_993677
pd-user_8283392
pd-user_7831767
pd-user_4627637
pd-user_4125671
pd-user_7120582
pd-user_9657673
pd-user_9300555
pd-user_6487374
pd-user_8244840
pd-user_6306879
pd-user_613908
pd-user_5679928
pd-user_5639878
pd-user_1790057
pd-user_1494668
pd-user_9179728
pd-user_2976583
pd-user_3391920
pd-user_233529
pd-user_7138213
pd-user_1147145
pd-user_3073876
pd-user_3216627
pd-user_7146613
pd-user_3210405
pd-user_448569
pd-user_48359
pd-user_189169
pd-user_2469507
pd-user_3988388
pd-user_3357772
pd-user_890970
pd-user_8763193
pd-user_6752794
pd-user_5156069
pd-user_9481874
pd-user_1321033
pd-user_5839313
pd-user_6252937
pd-user_9183754
pd-user_3111253
pd-user_9815260
pd-user_1999174
pd-user_2294331
pd-user_4718437
pd-user_2218411
pd-user_6753649
pd-user_2943190
pd-user_8725214
pd-user_1001286
pd-user_3435851
pd-user_9506074
pd-user_3684953
pd-user_7779253
pd-user_3522956
pd-user_5007754
pd-user_7347568
pd-user_9237855
pd-user_7363246
pd-user_6838562
pd-user_3460045
pd-user_854845
pd-user_5417236
pd-user_5853937
pd-user_3896251
pd-user_8636181
pd-user_58847
pd-user_8290714
pd-user_9272049
pd-user_5093759
pd-user_7777011
pd-user_1422800
pd-user_2858288
pd-user_4173245
pd-user_2228325
pd-user_9294602
pd-user_4270349
pd-user_907613
pd-user_8036550
pd-user_3753886
pd-user_6294006
pd-user_527162
pd-user_395142
pd-user_8511603
pd-user_7627309
pd-user_1525489
pd-user_7925983
pd-user_77578
pd-user_3675720
pd-user_7278543
pd-user_8713291
pd-user_4289656
pd-user_2635184
pd-user_807245
pd-user_8747082
pd-user_256521
pd-user_1517327
pd-user_9186486
pd-user_4980630
pd-user_790587
pd-user_1102878
pd-user_1021557
pd-user_2730544
pd-user_3642706
pd-user_3090252
pd-user_4301544
pd-user_7192385
pd-user_9076190
pd-user_4014772
pd-user_2692069
pd-user_2930105
pd-user_5148935
pd-user_1594816
pd-user_3921839
pd-user_3545993
pd-user_9917883
pd-user_3582370
pd-user_1399791
pd-user_7962083
pd-user_3695640
pd-user_521275
pd-user_7231516
pd-user_7319858
pd-user_9110955
pd-user_2701168
pd-user_9246637
pd-user_154034
pd-user_7206782
pd-user_7997947
pd-user_6299483
pd-user_5329250
pd-user_794333
pd-user_1450612
pd-user_4879505
pd-user_8959959
pd-user_525524
pd-user_6472197
pd-user_287654
pd-user_7514348
pd-user_7115794
pd-user_8315313
pd-user_7959748
pd-user_7933839
pd-user_7288873
pd-user_4040313
pd-user_6694699
pd-user_5416452
pd-user_4823067
pd-user_3633726
pd-user_1667572
pd-user_5486033
pd-user_6172682
pd-user_9208421
pd-user_3085810
pd-user_4988795
pd-user_4573403
pd-user_9430111
pd-user_8383311
pd-user_8378515
pd-user_2469705
pd-user_4256121
pd-user_1251483
pd-user_6106661
pd-user_4985321
pd-user_4733230
pd-user_119598
pd-user_5377764
pd-user_6631558
pd-user_9377673
pd-user_5599688
pd-user_2730915
pd-user_6912832
pd-user_2436938
pd-user_1415749
pd-user_9521820
pd-user_2397915
pd-user_4412817
pd-user_1890078
pd-user_8004353
pd-user_4436284
pd-user_3624167
pd-user_4123541
pd-user_9219222
pd-user_3782816
pd-user_9143539
pd-user_8703692
pd-user_3353163
pd-user_9667941
pd-user_8079159
pd-user_723822
pd-user_3201794
pd-user_390427
pd-user_9323631
pd-user_7737295
pd-user_8427351
pd-user_6251316
pd-user_7634680
pd-user_6670826
pd-user_9571683
pd-user_6132244
pd-user_317919
pd-user_671444
pd-user_1608457
pd-user_1722461
pd-user_3725164
pd-user_19278
pd-user_8838116
pd-user_3492900
pd-user_5367675
pd-user_7644287
pd-user_788653
pd-user_9940491
pd-user_1082180
pd-user_9928657
pd-user_4533994
pd-user_3082685
pd-user_869937
pd-user_6791251
pd-user_6893126
pd-user_5723366
pd-user_2323006
pd-user_7229651
pd-user_3572822
pd-user_9563986
pd-user_9015312
pd-user_5150815
pd-user_6397096
pd-user_3027145
pd-user_5877175
pd-user_7084345
pd-user_2599508
pd-user_6218601
pd-user_2061657
pd-user_7059534
pd-user_9911947
pd-user_4878063
pd-user_2039102
pd-user_7152783
pd-user_4621484
pd-user_1468787
pd-user_4712296
pd-user_1811675
pd-user_6881373
pd-user_4668029
pd-user_5297028
pd-user_1240056
pd-user_7917274
pd-user_3192336
pd-user_2893560
pd-user_7128815
pd-user_3714419
pd-user_3033170
pd-user_926687
pd-user_1226537
pd-user_982457
pd-user_243041
pd-user_7526841
pd-user_1587535
pd-user_5848867
pd-user_41544
pd-user_4767819
pd-user_2460164
pd-user_2692309
pd-user_4670180
pd-user_6479762
pd-user_1848526
pd-user_1381290
pd-user_8701193
pd-user_3771974
pd-user_520026
pd-user_9093243
pd-user_1294759
pd-user_833238
pd-user_2440724
pd-user_7081180
pd-user_5147156
pd-user_4676743
pd-user_3182706
pd-user_3403561
pd-user_4917439
pd-user_4557803
pd-user_1184833
pd-user_7920251
pd-user_4512346
pd-user_4313025
pd-user_2920384
pd-user_3025774
pd-user_8059323
pd-user_9256981
pd-user_7246672
pd-user_4127721
pd-user_1987337
pd-user_2005762
pd-user_7858048
pd-user_8923400
pd-user_2069497
pd-user_1854710
pd-user_6137147
pd-user_4717293
pd-user_8514797
pd-user_6848995
pd-user_549540
pd-user_1078656
pd-user_541685
pd-user_1273662
pd-user_4784625
pd-user_3665215
pd-user_3790159
pd-user_6132670
pd-user_9148414
pd-user_7761083
pd-user_3311718
pd-user_2502813
pd-user_5991739
pd-user_5464354
pd-user_3780731
pd-user_5440673
pd-user_3681163
pd-user_5304307
pd-user_4725844
pd-user_6118348
pd-user_3856004
pd-user_1254738
pd-user_6977872
pd-user_3144809
pd-user_5713367
pd-user_2920496
pd-user_4032596
pd-user_4802562
pd-user_5000898
pd-user_6014482
pd-user_9191415
pd-user_6212751
pd-user_2128127
pd-user_5727683
pd-user_2762190
pd-user_3116461
pd-user_7886381
pd-user_7930219
pd-user_3314821
pd-user_9875418
pd-user_5626461
pd-user_8025905
pd-user_412995
pd-user_5439580
pd-user_1161592
pd-user_8896735
pd-user_8259660
pd-user_1265836
pd-user_4991930
pd-user_6893917
pd-user_4638882
pd-user_3199313
pd-user_6576948
pd-user_3279718
pd-user_4111497
pd-user_2951295
pd-user_857589
pd-user_5359529
pd-user_5434906
pd-user_157189
pd-user_8055692
pd-user_7857806
pd-user_5326030
pd-user_4131920
pd-user_7267018
pd-user_3038803
pd-user_3946530
pd-user_4104798
pd-user_8884609
pd-user_4429642
pd-user_5797020
pd-user_5062682
pd-user_9319464
pd-user_6141572
pd-user_8528727
pd-user_6905455
pd-user_5098600
pd-user_3646232
pd-user_7377573
pd-user_6209605
pd-user_3926907
pd-user_9117912
pd-user_8054182
pd-user_2273786
pd-user_2125678
pd-user_580045
pd-user_4656797
pd-user_767703
pd-user_7943684
pd-user_602728
pd-user_5513136
pd-user_214990
pd-user_861444
pd-user_7350002
pd-user_418660
pd-user_8625828
pd-user_1351125
pd-user_4094925
pd-user_9340308
pd-user_2948777
pd-user_3551618
pd-user_5610889
pd-user_7476380
pd-user_5749113
pd-user_3745728
pd-user_663813
pd-user_6559835
pd-user_6154922
pd-user_760656
pd-user_2253118
pd-user_8713473
pd-user_6213625
pd-user_3914414
pd-user_1668395
pd-user_9847573
pd-user_8688666
pd-user_4553355
pd-user_3857849
pd-user_9600150
pd-user_2933294
pd-user_4589772
pd-user_767444
pd-user_8114958
pd-user_1807078
pd-user_721724
pd-user_9537003
pd-user_7144209
pd-user_9163648
pd-user_2533739
pd-user_3314238
pd-user_9243311
pd-user_7236297
pd-user_4472497
pd-user_708379
pd-user_9841950
pd-user_8829231
pd-user_7780701
pd-user_6396022
pd-user_1949532
pd-user_2566617
pd-user_1663380
pd-user_3332887
pd-user_9688750
pd-user_8076045
pd-user_2437018
pd-user_6285965
pd-user_2073461
pd-user_2292755
pd-user_926089
pd-user_2515892
pd-user_4333018
pd-user_3702385
pd-user_7903018
pd-user_6148389
pd-user_6008928
pd-user_1489380
pd-user_8596935
pd-user_4670909
pd-user_7787112
pd-user_6126694
pd-user_3642140
pd-user_8539101
pd-user_4834414
pd-user_2871024
pd-user_715938
pd-user_4451955
pd-user_3524616
pd-user_8006918
pd-user_8740305
pd-user_7465173
pd-user_3843409
pd-user_6619798
pd-user_129571
pd-user_270407
pd-user_7182424
pd-user_4198006
pd-user_7026083
pd-user_7163178
pd-user_566735
pd-user_3777201
pd-user_5217825
pd-user_5777630
pd-user_5497943
pd-user_363275
pd-user_6764921
pd-user_1308114
pd-user_4253505
pd-user_5552498
pd-user_2405219
pd-user_3380537
pd-user_2239077
pd-user_2736485
pd-user_3572215
pd-user_2290202
pd-user_5163044
pd-user_678015
pd-user_4506387
pd-user_5329545
pd-user_1074690
pd-user_2078562
pd-user_2301463
pd-user_11396
pd-user_273898
pd-user_9445833
pd-user_5791233
pd-user_6612427
pd-user_5113048
pd-user_7523259
pd-user_104336
pd-user_6788473
pd-user_7291287
pd-user_3075896
pd-user_270303
pd-user_3828784
pd-user_6136549
pd-user_5239788
pd-user_3176226
pd-user_4261163
pd-user_7538064
pd-user_3589580
pd-user_9495336
pd-user_8892536
pd-user_8939373
pd-user_9843759
pd-user_1326318
pd-user_3671924
pd-user_9765770
pd-user_4614207
pd-user_7132546
pd-user_1044976
pd-user_7048545
pd-user_6918770
pd-user_6304622
pd-user_3872938
pd-user_1634730
pd-user_1881972
pd-user_5573077
pd-user_2124687
pd-user_6428912
pd-user_8249139
pd-user_6463448
pd-user_5739834
pd-user_7482749
pd-user_9177299
pd-user_631131
pd-user_8262269
pd-user_5342375
pd-user_4174678
pd-user_5310042
pd-user_4636849
pd-user_3617097
pd-user_4427399
pd-user_6495281
pd-user_9493455
pd-user_5351502
pd-user_5977522
pd-user_3323689
pd-user_4205625
pd-user_6128332
pd-user_8725020
pd-user_5755472
pd-user_7128697
pd-user_1676527
pd-user_1119886
pd-user_3114014
pd-user_1550035
pd-user_3847130
pd-user_3507333
pd-user_9120802
pd-user_9299272
pd-user_5112893
pd-user_1382161
pd-user_9672760
pd-user_2297969
pd-user_6676275
pd-user_7317343
pd-user_676541
pd-user_2591179
pd-user_9680941
pd-user_2811606
pd-user_7998069
pd-user_8735628
pd-user_6352845
pd-user_6311156
pd-user_9414086
pd-user_4899806
pd-user_9140212
pd-user_7073469
pd-user_1724395
pd-user_3848965
pd-user_3608525
pd-user_506952
pd-user_6443622
pd-user_1246939
pd-user_7143878
pd-user_2986650
pd-user_2087170
pd-user_3060223
pd-user_95920
pd-user_8429118
pd-user_5795952
pd-user_2699888
pd-user_2951807
pd-user_6747157
pd-user_6137575
pd-user_4271471
pd-user_3282456
pd-user_9106782
pd-user_1424600
pd-user_1673857
pd-user_6755087
pd-user_3497448
pd-user_8431716
pd-user_8940585
pd-user_8578028
pd-user_4423264
pd-user_5441203
pd-user_2450349
pd-user_1260491
pd-user_7576089
pd-user_1346198
pd-user_3164471
pd-user_6184037
pd-user_6377785
pd-user_4238873
pd-user_5845113
pd-user_7389284
pd-user_3050346
pd-user_397159
pd-user_5912395
pd-user_5572941
pd-user_2507373
pd-user_9953962
pd-user_9433193
pd-user_1030287
pd-user_3689234
pd-user_515893
pd-user_7108403
pd-user_1608306
pd-user_1253431
pd-user_1615096
pd-user_5199084
pd-user_3585161
pd-user_3490897
pd-user_2062113
pd-user_4264956
pd-user_3602701
pd-user_6646460
pd-user_5685026
pd-user_770442
pd-user_2592725
pd-user_7416235
pd-user_7949671
pd-user_7332090
pd-user_3331406
pd-user_5110001
pd-user_9984696
pd-user_310729
pd-user_9322500
pd-user_7686942
pd-user_107706
pd-user_8452356
pd-user_9983110
pd-user_9009308
pd-user_2957324
pd-user_4899899
pd-user_8055640
pd-user_5253921
pd-user_9556881
pd-user_7050797
pd-user_1810615
pd-user_6727356
pd-user_7004872
pd-user_5802933
pd-user_3684096
pd-user_2428799
pd-user_6945678
pd-user_5449829
pd-user_4156277
pd-user_5951046
pd-user_2318145
pd-user_5086872
pd-user_509931
pd-user_4864113
pd-user_5347819
pd-user_1523840
pd-user_3702
pd-user_4852094
pd-user_2636144
pd-user_2668049
pd-user_6362301
pd-user_6131561
pd-user_9696343
pd-user_8148298
pd-user_4738221
pd-user_3286813
pd-user_195775
pd-user_9176678
pd-user_1533781
pd-user_8415764
pd-user_1231560
pd-user_2131738
pd-user_8218161
pd-user_9524992
pd-user_9452421
pd-user_3755209
pd-user_4219008
pd-user_2570390
pd-user_2583809
pd-user_2345085
pd-user_5208949
pd-user_3898196
pd-user_5258040
pd-user_8081237
pd-user_5628084
pd-user_2261162
pd-user_1740288
pd-user_2158785
pd-user_4133253
pd-user_7008335
pd-user_1079248
pd-user_9180344
pd-user_407572
pd-user_6904177
pd-user_5714994
pd-user_7719578
pd-user_1202854
pd-user_9903345
pd-user_6297722
pd-user_8614123
pd-user_4977515
pd-user_3338558
pd-user_6212128
pd-user_9533
pd-user_503834
pd-user_4077282
pd-user_9673379
pd-user_908041
pd-user_6939182
pd-user_4953920
pd-user_8630632
pd-user_1713258
pd-user_4871288
pd-user_9548252
pd-user_6860848
pd-user_2190949
pd-user_951408
pd-user_1036429
pd-user_3424660
pd-user_6943672
pd-user_5629904
pd-user_665038
pd-user_4592094
pd-user_1870047
pd-user_8578635
pd-user_9714015
pd-user_1577233
pd-user_1082472
pd-user_3562553
pd-user_3927824
pd-user_4104941
pd-user_5261879
pd-user_8760177
pd-user_188466
pd-user_4031910
pd-user_4067093
pd-user_9372223
pd-user_6184975
pd-user_3816033
pd-user_7228466
pd-user_8248418
pd-user_1680874
pd-user_3232730
pd-user_421235
pd-user_9382037
pd-user_116581
pd-user_2009151
pd-user_5466967
pd-user_8946947
pd-user_7407078
pd-user_2927359
pd-user_9734890
pd-user_6991061
pd-user_417266
pd-user_8954840
pd-user_4979573
pd-user_1067776
pd-user_4371368
pd-user_5750731
pd-user_8558316
pd-user_1227739
pd-user_1340444
pd-user_5606247
pd-user_5717179
pd-user_837659
pd-user_7688676
pd-user_3415519
pd-user_855432
pd-user_3502189
pd-user_1230508
pd-user_2899430
pd-user_7520921
pd-user_2118286
pd-user_5117748
pd-user_5217077
pd-user_1185975
pd-user_5386494
pd-user_9527155
pd-user_9833018
pd-user_7597118
pd-user_7698400
pd-user_4351708
pd-user_8639624
pd-user_8216361
pd-user_9546973
pd-user_3904698
pd-user_8569755
pd-user_1375516
pd-user_7145600
pd-user_4374674
pd-user_1658478
pd-user_7637972
pd-user_3106550
pd-user_809725
pd-user_3819914
pd-user_7268480
pd-user_1394411
pd-user_3110408
pd-user_6293108
pd-user_8783683
pd-user_8176091
pd-user_840481
pd-user_9677711
pd-user_8146558
pd-user_8469581
pd-user_3351765
pd-user_2746474
pd-user_6970963
pd-user_2332852
pd-user_5464341
pd-user_8767557
pd-user_6837061
pd-user_3964787
pd-user_3677591
pd-user_9511037
pd-user_381753
pd-user_2856570
pd-user_2245077
pd-user_610046
pd-user_3397925
pd-user_2951281
pd-user_6920575
pd-user_6075190
pd-user_8575196
pd-user_7066286
pd-user_155841
pd-user_2414103
pd-user_4119653
pd-user_1633681
pd-user_5182405
pd-user_3770178
pd-user_6017125
pd-user_476096
pd-user_4321098
pd-user_4901697
pd-user_4992654
pd-user_8378218
pd-user_3041362
pd-user_8975000
pd-user_1903197
pd-user_3182764
pd-user_2765702
pd-user_8426646
pd-user_6193513
pd-user_8345305
pd-user_5008174
pd-user_9027333
pd-user_8900641
pd-user_5047000
pd-user_7102593
pd-user_7213448
pd-user_1704979
pd-user_9600758
pd-user_3389475
pd-user_9908074
pd-user_3171044
pd-user_2608805
pd-user_2833614
pd-user_9159806
pd-user_6555245
pd-user_9409338
pd-user_3623370
pd-user_3947310
pd-user_9113880
pd-user_8918291
pd-user_3259199
pd-user_4762798
pd-user_9994740
pd-user_5052962
pd-user_7821868
pd-user_8886162
pd-user_3583488
pd-user_2088958
pd-user_6058742
pd-user_1651450
pd-user_6427096
pd-user_8746127
pd-user_8341580
pd-user_8888894
pd-user_6373588
pd-user_928480
pd-user_7108088
pd-user_1001295
pd-user_6778244
pd-user_5284802
pd-user_6113208
pd-user_6285998
pd-user_5692880
pd-user_9894324
pd-user_9607147
pd-user_7783551
pd-user_1384268
pd-user_924649
pd-user_3633981
pd-user_771193
pd-user_7297820
pd-user_6171645
pd-user_3002550
pd-user_6978730
pd-user_5006580
pd-user_3233648
pd-user_9038740
pd-user_8887509
pd-user_3048568
pd-user_8352951
pd-user_4908542
pd-user_3982592
pd-user_6390038
pd-user_3081625
pd-user_1841870
pd-user_1730351
pd-user_5292771
pd-user_3835334
pd-user_9370388
pd-user_8262799
pd-user_9619367
pd-user_7789267
pd-user_6667711
pd-user_1426606
pd-user_2042370
pd-user_3105645
pd-user_910282
pd-user_8555504
pd-user_8356457
pd-user_9590388
pd-user_6370987
pd-user_4019686
pd-user_2608363
pd-user_8266977
pd-user_9824771
pd-user_4998612
pd-user_4225818
pd-user_3141290
pd-user_8340229
pd-user_1342627
pd-user_5060914
pd-user_6572645
pd-user_163368
pd-user_7086222
pd-user_7363198
pd-user_1718432
pd-user_1913589
pd-user_1512138
pd-user_6160950
pd-user_8958650
pd-user_9942717
pd-user_6583991
pd-user_2088348
pd-user_6719523
pd-user_1810604
pd-user_5012535
pd-user_9164068
pd-user_7576293
pd-user_1375573
pd-user_9951754
pd-user_348692
pd-user_7862875
pd-user_2680237
pd-user_4842642
pd-user_8460048
pd-user_5308578
pd-user_4092573
pd-user_2800508
pd-user_3414446
pd-user_7499466
pd-user_19638
pd-user_4530885
pd-user_3589202
pd-user_8086225
pd-user_7713414
pd-user_7161942
pd-user_7499508
pd-user_7864753
pd-user_9169719
pd-user_1213312
pd-user_3300927
pd-user_2737554
pd-user_3342100
pd-user_7791083
pd-user_1954357
pd-user_8015210
pd-user_8253916
pd-user_2474971
pd-user_2946729
pd-user_9151648
pd-user_5790765
pd-user_338012
pd-user_1114087
pd-user_4363502
pd-user_6130516
pd-user_9463651
pd-user_8735188
pd-user_9426596
pd-user_1269839
pd-user_6898768
pd-user_9246898
pd-user_7485136
pd-user_9741953
pd-user_9689539
pd-user_1576996
pd-user_7971202
pd-user_9115760
pd-user_5764320
pd-user_104066
pd-user_2257016
pd-user_7582817
pd-user_5713115
pd-user_1220013
pd-user_280997
pd-user_1953853
pd-user_6373039
pd-user_919600
pd-user_1855027
pd-user_1627378
pd-user_4225161
pd-user_61482
pd-user_4373860
pd-user_7526104
pd-user_6161894
pd-user_3079310
pd-user_7851162
pd-user_9883870
pd-user_7533705
pd-user_3633384
pd-user_9141207
pd-user_1882076
pd-user_719032
pd-user_3568980
pd-user_7581862
pd-user_427466
pd-user_3350228
pd-user_9056558
pd-user_5959751
pd-user_6957536
pd-user_7858189
pd-user_2494346
pd-user_1564798
pd-user_6200447
pd-user_2328861
pd-user_7406903
pd-user_9852212
pd-user_5324424
pd-user_4253425
pd-user_7815964
pd-user_4805853
pd-user_8979348
pd-user_5778407
pd-user_3003674
pd-user_4628070
pd-user_1641537
pd-user_3108013
pd-user_805219
pd-user_9752604
pd-user_1256902
pd-user_6519864
pd-user_4371555
pd-user_4384514
pd-user_4724772
pd-user_4619372
pd-user_4450910
pd-user_796685
pd-user_5455034
pd-user_2655948
pd-user_8605121
pd-user_4525800
pd-user_9951418
pd-user_9493588
pd-user_4175485
pd-user_599165
pd-user_4430102
pd-user_3161266
pd-user_90515
pd-user_2434123
pd-user_868067
pd-user_864719
pd-user_5019343
pd-user_562045
pd-user_5601227
pd-user_9819507
pd-user_411341
pd-user_9693902
pd-user_1469427
pd-user_6580871
pd-user_6422922
pd-user_9741943
pd-user_8484209
pd-user_4750399
pd-user_8352550
pd-user_5319745
pd-user_2319957
pd-user_4011258
pd-user_4178018
pd-user_9298917
pd-user_6457922
pd-user_9690816
pd-user_1125664
pd-user_469670
pd-user_2865634
pd-user_5993816
pd-user_5280879
pd-user_4745529
pd-user_8199630
pd-user_2751256
pd-user_3274072
pd-user_7466540
pd-user_1292169
pd-user_5771545
pd-user_5940274
pd-user_4357258
pd-user_899778
pd-user_4136674
pd-user_2311897
pd-user_2991585
pd-user_1579330
pd-user_5699196
pd-user_4907166
pd-user_1386726
pd-user_6311426
pd-user_1937723
pd-user_7506427
pd-user_5585130
pd-user_8380669
pd-user_3631994
pd-user_8091352
pd-user_1397951
pd-user_8951563
pd-user_6391943
pd-user_4959983
pd-user_4353102
pd-user_1996537
pd-user_4949447
pd-user_2874848
pd-user_45933
pd-user_5737400
pd-user_2398216
pd-user_9251826
pd-user_1441043
pd-user_3139006
pd-user_9209019
pd-user_3531766
pd-user_8550612
pd-user_9346180
pd-user_3510269
pd-user_8115629
pd-user_4973957
pd-user_8014860
pd-user_4727890
pd-user_3967020
pd-user_6133446
pd-user_5919219
pd-user_4583613
pd-user_355147
pd-user_4999239
pd-user_3697846
pd-user_8486816
pd-user_4306710
pd-user_3080615
pd-user_9823002
pd-user_1255615
pd-user_8214539
pd-user_8306741
pd-user_4780945
pd-user_1598470
pd-user_3298518
pd-user_4508167
pd-user_9478604
pd-user_4141210
pd-user_3817359
pd-user_1864074
pd-user_6077636
pd-user_4602804
pd-user_9925363
pd-user_5118188
pd-user_7408108
pd-user_5042731
pd-user_9613643
pd-user_2713755
pd-user_4187499
pd-user_2025119
pd-user_5066633
pd-user_9883247
pd-user_3058955
pd-user_9408566
pd-user_7043760
pd-user_5227060
pd-user_1300837
pd-user_534937
pd-user_1212325
pd-user_4106246
pd-user_3602096
pd-user_2161684
pd-user_3047138
pd-user_8112198
pd-user_6086730
pd-user_7233365
pd-user_7579411
pd-user_226445
pd-user_2912753
pd-user_2933529
pd-user_2855740
pd-user_9067253
pd-user_2609120
pd-user_7665885
pd-user_2394453
pd-user_1428251
pd-user_6818348
pd-user_7579648
pd-user_6652758
pd-user_5384155
pd-user_1113675
pd-user_9864114
pd-user_3338746
pd-user_6842248
pd-user_7943380
pd-user_9053661
pd-user_9311696
pd-user_4960556
pd-user_5380671
pd-user_8760896
pd-user_8546437
pd-user_9597033
pd-user_6623222
pd-user_1469070
pd-user_3481513
pd-user_6328417
pd-user_7940387
pd-user_6291267
pd-user_9589004
pd-user_1120298
pd-user_3576903
pd-user_3884106
pd-user_4028493
pd-user_8684593
pd-user_5499829
pd-user_2125423
pd-user_7800075
pd-user_1799457
pd-user_4200779
pd-user_8082364
pd-user_5177359
pd-user_874227
pd-user_9774881
pd-user_5332648
pd-user_4694016
pd-user_51171
pd-user_7953271
pd-user_1453469
pd-user_8774021
pd-user_5899515
pd-user_9092417
pd-user_126275
pd-user_8066029
pd-user_2778425
pd-user_6530091
pd-user_9056712
pd-user_6760949
pd-user_1874722
pd-user_7514003
pd-user_6747852
pd-user_2400817
pd-user_5076871
pd-user_9471379
pd-user_2687017
pd-user_2724210
pd-user_9006495
pd-user_867400
pd-user_3680385
pd-user_7653921
pd-user_3284197
pd-user_7350640
pd-user_9496519
pd-user_8787631
pd-user_2586640
pd-user_6359963
pd-user_5812766
pd-user_8096732
pd-user_7563024
pd-user_6238509
pd-user_6454078
pd-user_2244948
pd-user_4395609
pd-user_3266340
pd-user_8455319
pd-user_9476189
pd-user_5920538
pd-user_4632653
pd-user_430924
pd-user_7486518
pd-user_8852649
pd-user_460316
pd-user_7102513
pd-user_238203
pd-user_7740488
pd-user_6533591
pd-user_2890899
pd-user_285109
pd-user_5383513
pd-user_1520826
pd-user_8425986
pd-user_8225015
pd-user_5812318
pd-user_7837281
pd-user_6899415
pd-user_3008557
pd-user_3417085
pd-user_1300504
pd-user_7142287
pd-user_3300814
pd-user_5179170
pd-user_938766
pd-user_7921645
pd-user_9494711
pd-user_7865405
pd-user_3832642
pd-user_509567
pd-user_1328287
pd-user_8217393
pd-user_9452378
pd-user_1624500
pd-user_965396
pd-user_2196219
pd-user_9928968
pd-user_3461761
pd-user_2647295
pd-user_5747664
pd-user_5569064
pd-user_5893621
pd-user_7062631
pd-user_402017
pd-user_4858755
pd-user_9117119
pd-user_9562846
pd-user_1164064
pd-user_4368096
pd-user_836759
pd-user_5513257
pd-user_7353218
pd-user_2573931
pd-user_3523997
pd-user_4980842
pd-user_6959811
pd-user_5965692
pd-user_1647702
pd-user_5188941
pd-user_2676920
pd-user_547967
pd-user_9471211
pd-user_7665667
pd-user_4149982
pd-user_3785972
pd-user_3628114
pd-user_5570079
pd-user_9052740
pd-user_2586367
pd-user_4948510
pd-user_1399844
pd-user_1853883
pd-user_4409523
pd-user_6876122
pd-user_4833488
pd-user_5948186
pd-user_5905473
pd-user_5049698
pd-user_2777239
pd-user_7520008
pd-user_9617603
pd-user_6762745
pd-user_5017842
pd-user_269071
pd-user_7543757
pd-user_1331279
pd-user_335797
pd-user_5465352
pd-user_5211122
pd-user_3837657
pd-user_5130191
pd-user_2692397
pd-user_4970579
pd-user_3960969
pd-user_1680773
pd-user_3703271
pd-user_9956150
pd-user_1997960
pd-user_3474137
pd-user_5897727
pd-user_786716
pd-user_7285773
pd-user_5172836
pd-user_8990356
pd-user_3052176
pd-user_8152168
pd-user_9061858
pd-user_5239832
pd-user_1384329
pd-user_2241520
pd-user_5722060
pd-user_2058086
pd-user_8723812
pd-user_7928190
pd-user_6240022
pd-user_5295319
pd-user_1758915
pd-user_5025930
pd-user_9170792
pd-user_2828875
pd-user_5163633
pd-user_9693895
pd-user_1985668
pd-user_5440461
pd-user_6863211
pd-user_4581410
pd-user_6019115
pd-user_6043069
pd-user_6902782
pd-user_6263743
pd-user_9191551
pd-user_8341364
pd-user_515514
pd-user_7734922
pd-user_2683316
pd-user_8449085
pd-user_8272864
pd-user_1605679
pd-user_4025492
pd-user_7128097
pd-user_3826264
pd-user_3997282
pd-user_3858191
pd-user_3031132
pd-user_9505532
pd-user_8728424
pd-user_4747967
pd-user_3329067
pd-user_980684
pd-user_5257212
pd-user_3932301
pd-user_1939549
pd-user_4784297
pd-user_9752902
pd-user_8243491
pd-user_5200277
pd-user_4754666
pd-user_6004170
pd-user_1940765
pd-user_3216001
pd-user_8619479
pd-user_5667520
pd-user_1885732
pd-user_1834805
pd-user_6884454
pd-user_9818840
pd-user_6335935
pd-user_3822476
pd-user_6746841
pd-user_9698146
pd-user_6760343
pd-user_7426790
pd-user_4047311
pd-user_3890300
pd-user_9274416
pd-user_2983825
pd-user_9977769
pd-user_9022104
pd-user_994222
pd-user_9866295
pd-user_152628
pd-user_4903687
pd-user_1908662
pd-user_4524665
pd-user_4193083
pd-user_4810111
pd-user_4603832
pd-user_2141503
pd-user_648378
pd-user_3559659
pd-user_8727608
pd-user_1494218
pd-user_2347648
pd-user_3487824
pd-user_775390
pd-user_1982569
pd-user_5374691
pd-user_7519120
pd-user_1743185
pd-user_7265169
pd-user_9394153
pd-user_2558252
pd-user_2268511
pd-user_7115912
pd-user_8572187
pd-user_7915689
pd-user_4748109
pd-user_7532551
pd-user_8882502
pd-user_5618736
pd-user_882918
pd-user_4802843
pd-user_7850041
pd-user_5022126
pd-user_8890641
pd-user_4665760
pd-user_8141867
pd-user_2792560
pd-user_1441758
pd-user_6834888
pd-user_2143490
pd-user_776519
pd-user_735355
pd-user_4090636
pd-user_173070
pd-user_5400269
pd-user_6286838
pd-user_8480232
pd-user_7290003
pd-user_4152323
pd-user_3466511
pd-user_8504231
pd-user_7057855
pd-user_1607548
pd-user_5902023
pd-user_3383528
pd-user_8825326
pd-user_3635709
pd-user_3836792
pd-user_5964720
pd-user_6640844
pd-user_6341889
pd-user_1715318
pd-user_5950947
pd-user_5554261
pd-user_6227693
pd-user_804683
pd-user_105177
pd-user_903403
pd-user_4150682
pd-user_3231890
pd-user_9143581
pd-user_4966462
pd-user_5272115
pd-user_8509634
pd-user_9708392
pd-user_9497382
pd-user_3018672
pd-user_6157658
pd-user_2903645
pd-user_5551592
pd-user_8289255
pd-user_3587359
pd-user_289698
pd-user_2653159
pd-user_179453
pd-user_7569399
pd-user_6446460
pd-user_7929082
pd-user_4591266
pd-user_2224022
pd-user_9622576
pd-user_1534798
pd-user_5317563
pd-user_4473639
pd-user_6260882
pd-user_3439530
pd-user_7020348
pd-user_5541470
pd-user_8311495
pd-user_2293201
pd-user_2878915
pd-user_850041
pd-user_9315456
pd-user_8250682
pd-user_811570
pd-user_6547796
pd-user_3005891
pd-user_1135069
pd-user_3997929
pd-user_8368169
pd-user_1521996
pd-user_9228005
pd-user_7879266
pd-user_989105
pd-user_9722308
pd-user_711644
pd-user_4840453
pd-user_5167522
pd-user_5706373
pd-user_7954785
pd-user_9442276
pd-user_7622671
pd-user_8047399
pd-user_7345368
pd-user_137779
pd-user_7743029
pd-user_2298555
pd-user_6643702
pd-user_6042381
pd-user_5099038
pd-user_5622598
pd-user_1807473
pd-user_4104831
pd-user_5409877
pd-user_3145516
pd-user_8248905
pd-user_7252035
pd-user_9049396
pd-user_3435092
pd-user_1572297
pd-user_202587
pd-user_4990770
pd-user_868597
pd-user_734747
pd-user_4277706
pd-user_3128469
pd-user_1996622
pd-user_6135946
pd-user_5046045
pd-user_7310633
pd-user_4087109
pd-user_1573308
pd-user_2113583
pd-user_3798494
pd-user_7071902
pd-user_1453929
pd-user_2187965
pd-user_9002996
pd-user_4251865
pd-user_6786753
pd-user_6052841
pd-user_7830218
pd-user_749288
pd-user_9734985
pd-user_2793181
pd-user_4040988
pd-user_1369859
pd-user_3268433
pd-user_8314340
pd-user_542847
pd-user_1922994
pd-user_4055432
pd-user_2996270
pd-user_2343035
pd-user_8078698
pd-user_5090701
pd-user_1093476
pd-user_515917
pd-user_439481
pd-user_5559484
pd-user_1445862
pd-user_5437766
pd-user_5891580
pd-user_832522
pd-user_4131478
pd-user_6581473
pd-user_1383212
pd-user_8309970
pd-user_7780041
pd-user_2925415
pd-user_4520190
pd-user_6771574
pd-user_9142672
pd-user_8297312
pd-user_6508022
pd-user_583534
pd-user_5368510
pd-user_5427960
pd-user_9590987
pd-user_3105836
pd-user_1252943
pd-user_7510238
pd-user_9189921
pd-user_7891481
pd-user_8929054
pd-user_1729228
pd-user_5050292
pd-user_8949799
pd-user_5729916
pd-user_2799790
pd-user_2057390
pd-user_2196400
pd-user_6807990
pd-user_7405661
pd-user_632919
pd-user_6238562
pd-user_7017994
pd-user_1634318
pd-user_3342633
pd-user_585923
pd-user_7920632
pd-user_6688389
pd-user_1134673
pd-user_2019588
pd-user_1968850
pd-user_8452919
pd-user_1471098
pd-user_5212491
pd-user_8798273
pd-user_3900736
pd-user_4129996
pd-user_7873857
pd-user_9571622
pd-user_6369998
pd-user_450229
pd-user_1409915
pd-user_9464001
pd-user_3518178
pd-user_9510784
pd-user_4455093
pd-user_2023979
pd-user_5398975
pd-user_5693961
pd-user_1769375
pd-user_113841
pd-user_3487354
pd-user_7646132
pd-user_3097569
pd-user_9634074
pd-user_9706805
pd-user_3919949
pd-user_1771764
pd-user_7613454
pd-user_2566129
pd-user_6911039
pd-user_119687
pd-user_2291107
pd-user_1648155
pd-user_1078371
pd-user_2480267
pd-user_2397256
pd-user_9819594
pd-user_8890776
pd-user_2861244
pd-user_9334290
pd-user_4057368
pd-user_3607245
pd-user_1351186
pd-user_7860716
pd-user_589058
pd-user_5617012
pd-user_1390908
pd-user_6828439
pd-user_6616155
pd-user_3779707
pd-user_2363312
pd-user_2587817
pd-user_3213571
pd-user_716694
pd-user_7592019
pd-user_1019079
pd-user_1395335
pd-user_838427
pd-user_4709823
pd-user_5711756
pd-user_8897910
pd-user_9467595
pd-user_8124311
pd-user_6278816
pd-user_3149313
pd-user_1443251
pd-user_4359622
pd-user_6662447
pd-user_4966977
pd-user_1231881
pd-user_6746556
pd-user_7415598
pd-user_8671230
pd-user_7326832
pd-user_8747220
pd-user_8362138
pd-user_4322234
pd-user_1868166
pd-user_8977743
pd-user_5941225
pd-user_6253067
pd-user_2532086
pd-user_4080431
pd-user_6957417
pd-user_8186263
pd-user_2926456
pd-user_2022729
pd-user_5752857
pd-user_8831022
pd-user_3434688
pd-user_5040564
pd-user_9736119
pd-user_810695
pd-user_4445239
pd-user_590602
pd-user_6299110
pd-user_2721746
pd-user_9464904
pd-user_495283
pd-user_9982251
pd-user_3744726
pd-user_8860824
pd-user_9655246
pd-user_1405324
pd-user_9018795
pd-user_2473136
pd-user_9068979
pd-user_8001085
pd-user_9982568
pd-user_6892864
pd-user_5894434
pd-user_2322930
pd-user_7448182
pd-user_535864
pd-user_9036132
pd-user_7311670
pd-user_8748809
pd-user_6900080
pd-user_7068917
pd-user_154218
pd-user_1007044
pd-user_5214967
pd-user_1765506
pd-user_540205
pd-user_9251538
pd-user_3016019
pd-user_3056364
pd-user_2973054
pd-user_3308481
pd-user_2091982
pd-user_6126326
pd-user_3118814
pd-user_5289247
pd-user_8517346
pd-user_1824963
pd-user_6587527
pd-user_1608794
pd-user_2945924
pd-user_9810472
pd-user_907884
pd-user_2623356
pd-user_6562490
pd-user_1929209
pd-user_5418094
pd-user_9257464
pd-user_3837013
pd-user_853150
pd-user_8549956
pd-user_175458
pd-user_9795093
pd-user_3974308
pd-user_9970823
pd-user_6016806
pd-user_4998416
pd-user_3373982
pd-user_6987229
pd-user_2239917
pd-user_3476700
pd-user_9928456
pd-user_6877679
pd-user_2583525
pd-user_667350
pd-user_6909990
pd-user_6976503
pd-user_3730144
pd-user_2148343
pd-user_4836623
pd-user_3374918
pd-user_4218099
pd-user_5172218
pd-user_1537811
pd-user_1492474
pd-user_3865505
pd-user_2969026
pd-user_8744030
pd-user_3757472
pd-user_2028916
pd-user_3476472
pd-user_4130540
pd-user_830013
pd-user_2691604
pd-user_6021135
pd-user_2828261
pd-user_8763439
pd-user_1888860
pd-user_5498661
pd-user_4909218
pd-user_2162038
pd-user_4988729
pd-user_2014464
pd-user_4703165
pd-user_2748696
pd-user_9735047
pd-user_2149416
pd-user_8532706
pd-user_3099204
pd-user_2978480
pd-user_3329921
pd-user_3059737
pd-user_8637657
pd-user_9804512
pd-user_5962035
pd-user_8370674
pd-user_6413866
pd-user_5337202
pd-user_3484249
pd-user_7091551
pd-user_3190854
pd-user_9066028
pd-user_8841441
pd-user_5322149
pd-user_8921069
pd-user_3541536
pd-user_3997240
pd-user_7335827
pd-user_1584283
pd-user_2137985
pd-user_8819288
pd-user_2682129
pd-user_7235448
pd-user_1281289
pd-user_1644503
pd-user_8039934
pd-user_2022829
pd-user_8450549
pd-user_402124
pd-user_6721710
pd-user_8265670
pd-user_5582114
pd-user_8357076
pd-user_4698675
pd-user_6840691
pd-user_3069189
pd-user_3990747
pd-user_4283020
pd-user_5053146
pd-user_7636838
pd-user_7970212
pd-user_6733155
pd-user_1795969
pd-user_5496518
pd-user_2521364
pd-user_5234871
pd-user_3020394
pd-user_6962327
pd-user_9530248
pd-user_9715872
pd-user_9723563
pd-user_6936761
pd-user_8275595
pd-user_8386256
pd-user_2546688
pd-user_1972087
pd-user_1197658
pd-user_4756199
pd-user_2720855
pd-user_9548028
pd-user_5188131
pd-user_4195105
pd-user_7604557
pd-user_4651812
pd-user_4361281
pd-user_3945528
pd-user_6947921
pd-user_8415361
pd-user_2638819
pd-user_3148528
pd-user_5844895
pd-user_1964114
pd-user_3266871
pd-user_8996300
pd-user_6181570
pd-user_2790119
pd-user_3623288
pd-user_1129108
pd-user_2193649
pd-user_6083417
pd-user_3063830
pd-user_4487871
pd-user_2630192
pd-user_7500241
pd-user_720094
pd-user_4133982
pd-user_2746808
pd-user_1474189
pd-user_5006843
pd-user_5994182
pd-user_4250805
pd-user_1474184
pd-user_2263287
pd-user_8358565
pd-user_6791714
pd-user_5341223
pd-user_4895064
pd-user_1698133
pd-user_3982932
pd-user_3891874
pd-user_8239225
pd-user_3492557
pd-user_3992397
pd-user_5847284
pd-user_504640
pd-user_8732067
pd-user_9642138
pd-user_4581681
pd-user_7449728
pd-user_2188549
pd-user_7980506
pd-user_5346944
pd-user_5367626
pd-user_4974505
pd-user_7090428
pd-user_9244465
pd-user_2207243
pd-user_2940468
pd-user_5746923
pd-user_1885975
pd-user_9839521
pd-user_578180
pd-user_9947399
pd-user_4953809
pd-user_3779314
pd-user_7062286
pd-user_6238744
pd-user_7348776
pd-user_1587879
pd-user_6180647
pd-user_624603
pd-user_2933974
pd-user_8203027
pd-user_4970839
pd-user_5321418
pd-user_8645298
pd-user_2163800
pd-user_3398046
pd-user_2122738
pd-user_4531814
pd-user_5475047
pd-user_5671056
pd-user_3138508
pd-user_8561843
pd-user_5127904
pd-user_3263294
pd-user_5047107
pd-user_1528251
pd-user_9889983
pd-user_1390174
pd-user_6647396
pd-user_5572453
pd-user_5317843
pd-user_2490394
pd-user_2206478
pd-user_7516933
pd-user_2289180
pd-user_5012835
pd-user_494628
pd-user_5066620
pd-user_9294333
pd-user_2281568
pd-user_4062886
pd-user_135363
pd-user_2089434
pd-user_9417758
pd-user_7611452
pd-user_5415428
pd-user_3470818
pd-user_9056661
pd-user_5638474
pd-user_7545538
pd-user_4811811
pd-user_8876142
pd-user_7221799
pd-user_6401676
pd-user_7163533
pd-user_157885
pd-user_8735965
pd-user_573409
pd-user_4139811
pd-user_354609
pd-user_2063293
pd-user_7391265
pd-user_8442011
pd-user_5927825
pd-user_8677502
pd-user_5050886
pd-user_3592044
pd-user_3798190
pd-user_780986
pd-user_5057071
pd-user_410617
pd-user_4662154
pd-user_3822971
pd-user_676266
pd-user_2709495
pd-user_5148040
pd-user_1241729
pd-user_1513975
pd-user_4609277
pd-user_8004550
pd-user_9405417
pd-user_4520055
pd-user_9341109
pd-user_5117768
pd-user_725542
pd-user_4047177
pd-user_9124505
pd-user_6179355
pd-user_1041233
pd-user_138101
pd-user_5649048
pd-user_7302461
pd-user_8116254
pd-user_3986120
pd-user_3421415
pd-user_813589
pd-user_9680863
pd-user_9298596
pd-user_7793431
pd-user_1369695
pd-user_8062856
pd-user_1341175
pd-user_7385097
pd-user_3561654
pd-user_5899677
pd-user_1076560
pd-user_4181600
pd-user_7967622
pd-user_1979268
pd-user_1358452
pd-user_7811859
pd-user_7207426
pd-user_6066517
pd-user_8720097
pd-user_9369664
pd-user_5599160
pd-user_4481393
pd-user_6349687
pd-user_5903285
pd-user_3201529
pd-user_2834970
pd-user_9418641
pd-user_6272963
pd-user_9866754
pd-user_518798
pd-user_8962648
pd-user_1006654
pd-user_838517
pd-user_259651
pd-user_605708
pd-user_7316560
pd-user_8083201
pd-user_5301519
pd-user_1732506
pd-user_3415849
pd-user_1401990
pd-user_8447767
pd-user_2907690
pd-user_109188
pd-user_2658995
pd-user_5680182
pd-user_2250983
pd-user_5386712
pd-user_5508982
pd-user_9197139
pd-user_6510848
pd-user_9849552
pd-user_3511712
pd-user_2498210
pd-user_9695546
pd-user_7124874
pd-user_9157190
pd-user_7078621
pd-user_5745299
pd-user_6830172
pd-user_1968042
pd-user_132978
pd-user_8180807
pd-user_6160988
pd-user_2104441
pd-user_9131371
pd-user_9673183
pd-user_8012222
pd-user_2107753
pd-user_1253794
pd-user_6861133
pd-user_5847840
pd-user_6015658
pd-user_6653146
pd-user_5276923
pd-user_7665931
pd-user_4596784
pd-user_5873565
pd-user_2300332
pd-user_5030211
pd-user_934989
pd-user_3025960
pd-user_8468983
pd-user_3966509
pd-user_2111377
pd-user_366180
pd-user_9091495
pd-user_4660752
pd-user_8946686
pd-user_9354127
pd-user_7733547
pd-user_6163035
pd-user_1015463
pd-user_3637906
pd-user_3466682
pd-user_8384425
pd-user_6764624
pd-user_306855
pd-user_7467674
pd-user_249112
pd-user_9503478
pd-user_1282988
pd-user_4569410
pd-user_2754817
pd-user_6926212
pd-user_8916760
pd-user_1532526
pd-user_1079699
pd-user_5017779
pd-user_958884
pd-user_2996364
pd-user_5253519
pd-user_788468
pd-user_8971621
pd-user_4090862
pd-user_7780030
pd-user_639696
pd-user_7168273
pd-user_7321978
pd-user_3820875
pd-user_4090436
pd-user_6815486
pd-user_7291748
pd-user_2964243
pd-user_9153595
pd-user_6123586
pd-user_2735836
pd-user_7604867
pd-user_8966197
pd-user_2406561
pd-user_8665017
pd-user_4375679
pd-user_472413
pd-user_9149773
pd-user_1151002
pd-user_139056
pd-user_5629645
pd-user_8447250
pd-user_8155953
pd-user_5352254
pd-user_892370
pd-user_515458
pd-user_3442307
pd-user_772503
pd-user_5845142
pd-user_1014495
pd-user_6816542
pd-user_4256833
pd-user_1220225
pd-user_3849890
pd-user_132018
pd-user_6655859
pd-user_2386813
pd-user_9049367
pd-user_1697195
pd-user_8409901
pd-user_5496738
pd-user_1646621
pd-user_1918719
pd-user_7082739
pd-user_9055163
pd-user_4006296
pd-user_9819969
pd-user_3271179
pd-user_8091645
pd-user_3620621
pd-user_3841030
pd-user_1360603
pd-user_7340550
pd-user_2648428
pd-user_5983297
pd-user_8698814
pd-user_1029706
pd-user_2820662
pd-user_9824060
pd-user_1394675
pd-user_3405852
pd-user_5937804
pd-user_9082692
pd-user_8716884
pd-user_9759714
pd-user_84625
pd-user_2485345
pd-user_1741177
pd-user_5010741
pd-user_2944747
pd-user_8422185
pd-user_306274
pd-user_1361156
pd-user_6848456
pd-user_2031098
pd-user_4510089
pd-user_4387382
pd-user_7042169
pd-user_4954421
pd-user_5717484
pd-user_4926094
pd-user_7420548
pd-user_2731558
pd-user_8768822
pd-user_4455564
pd-user_4616870
pd-user_4617388
pd-user_6733836
pd-user_1541656
pd-user_3289277
pd-user_8045598
pd-user_3064133
pd-user_1155312
pd-user_3377049
pd-user_6960909
pd-user_479866
pd-user_7794429
pd-user_8395633
pd-user_3165471
pd-user_4954629
pd-user_8942064
pd-user_7732731
pd-user_1528043
pd-user_3483584
pd-user_3716551
pd-user_940206
pd-user_1172549
pd-user_2947527
pd-user_1919388
pd-user_6903429
pd-user_275172
pd-user_1631222
pd-user_3872715
pd-user_5016754
pd-user_2657281
pd-user_1501310
pd-user_2335634
pd-user_1816796
pd-user_1901288
pd-user_348292
pd-user_265081
pd-user_1503763
pd-user_8011019
pd-user_8451808
pd-user_2273498
pd-user_8462753
pd-user_2739695
pd-user_5582066
pd-user_510113
pd-user_5055346
pd-user_7518937
pd-user_6675676
pd-user_4926579
pd-user_9818935
pd-user_3980497
pd-user_7207681
pd-user_1721493
pd-user_7596536
pd-user_7092459
pd-user_5887220
pd-user_6971988
pd-user_9584546
pd-user_3290691
pd-user_7747499
pd-user_382230
pd-user_6525059
pd-user_9702235
pd-user_4899742
pd-user_3781081
pd-user_6332350
pd-user_3494875
pd-user_2495624
pd-user_9661110
pd-user_4122715
pd-user_3564618
pd-user_3353959
pd-user_7037217
pd-user_6216294
pd-user_1025632
pd-user_509684
pd-user_5810253
pd-user_5379157
pd-user_7566063
pd-user_8005342
pd-user_9997622
pd-user_9514632
pd-user_709648
pd-user_4299099
pd-user_3170061
pd-user_4358257
pd-user_1223578
pd-user_7847316
pd-user_7988280
pd-user_8979361
pd-user_4773825
pd-user_7201152
pd-user_811613
pd-user_203991
pd-user_3303834
pd-user_807159
pd-user_7643481
pd-user_9409363
pd-user_1921995
pd-user_2606115
pd-user_3453499
pd-user_6809467
pd-user_1258612
pd-user_2234849
pd-user_8616403
pd-user_2163553
pd-user_1089515
pd-user_3586628
pd-user_4681953
pd-user_7911092
pd-user_3358650
pd-user_2546802
pd-user_9419196
pd-user_8236897
pd-user_8486
pd-user_2570431
pd-user_5127166
pd-user_1356731
pd-user_3190377
pd-user_2871716
pd-user_9915278
pd-user_6700964
pd-user_6021975
pd-user_7935542
pd-user_338474
pd-user_5194554
pd-user_2945336
pd-user_875825
pd-user_3133186
pd-user_4439195
pd-user_6923127
pd-user_1823887
pd-user_7535443
pd-user_7656584
pd-user_4814505
pd-user_7432631
pd-user_8525284
pd-user_8086368
pd-user_7849845
pd-user_7216398
pd-user_2735842
pd-user_2812826
pd-user_6129394
pd-user_6652844
pd-user_9317138
pd-user_8321713
pd-user_2020840
pd-user_2935034
pd-user_7136362
pd-user_8737741
pd-user_4216235
pd-user_1205566
pd-user_3452859
pd-user_8989480
pd-user_6421306
pd-user_4773704
pd-user_989600
pd-user_7181525
pd-user_4280255
pd-user_6943195
pd-user_7928369
pd-user_759199
pd-user_5653625
pd-user_6041966
pd-user_1448989
pd-user_2023166
pd-user_2698716
pd-user_8518868
pd-user_2006954
pd-user_2821754
pd-user_3161185
pd-user_7700485
pd-user_5250512
pd-user_9204830
pd-user_2191127
pd-user_8618308
pd-user_4102239
pd-user_5416021
pd-user_3196089
pd-user_4734137
pd-user_1678244
pd-user_6332192
pd-user_208941
pd-user_9067288
pd-user_3275928
pd-user_4249658
pd-user_931903
pd-user_1754734
pd-user_1863366
pd-user_9285436
pd-user_1585518
pd-user_5242841
pd-user_4619286
pd-user_4284521
pd-user_3056060
pd-user_6502377
pd-user_5272537
pd-user_6429739
pd-user_937197
pd-user_9714168
pd-user_1621324
pd-user_5092442
pd-user_8719493
pd-user_4862726
pd-user_1050886
pd-user_4711497
pd-user_4303553
pd-user_1380658
pd-user_9047327
pd-user_3286020
pd-user_2670782
pd-user_7493431
pd-user_3781619
pd-user_6943648
pd-user_4494218
pd-user_5409860
pd-user_1627682
pd-user_746028
pd-user_9885287
pd-user_7855939
pd-user_8398476
pd-user_5687907
pd-user_9830618
pd-user_1633290
pd-user_564063
pd-user_6722652
pd-user_7416290
pd-user_8162085
pd-user_1474283
pd-user_8070054
pd-user_633352
pd-user_4252972
pd-user_222384
pd-user_4104633
pd-user_6719166
pd-user_1890257
pd-user_1383240
pd-user_2733714
pd-user_112829
pd-user_4059247
pd-user_5331349
pd-user_563425
pd-user_2601637
pd-user_3090726
pd-user_4955465
pd-user_5781028
pd-user_7744393
pd-user_2073928
pd-user_262605
pd-user_4810340
pd-user_6653182
pd-user_1513432
pd-user_8561756
pd-user_9752288
pd-user_3217549
pd-user_3169009
pd-user_8176985
pd-user_214097
pd-user_8084279
pd-user_896158
pd-user_5392610
pd-user_9750716
pd-user_7426014
pd-user_4170147
pd-user_4007260
pd-user_3888832
pd-user_2086467
pd-user_5488806
pd-user_502507
pd-user_2568094
pd-user_3177224
pd-user_1827371
pd-user_1713049
pd-user_2645880
pd-user_285121
pd-user_9038147
pd-user_7377404
pd-user_6791377
pd-user_7652909
pd-user_8819149
pd-user_1678025
pd-user_2973243
pd-user_4847194
pd-user_7289702
pd-user_3024288
pd-user_2033226
pd-user_2497941
pd-user_929147
pd-user_3315120
pd-user_9275897
pd-user_3820418
pd-user_4001489
pd-user_7944347
pd-user_293337
pd-user_4644123
pd-user_598414
pd-user_4966789
pd-user_898438
pd-user_1402411
pd-user_3166754
pd-user_8734164
pd-user_2376130
pd-user_9703447
pd-user_7816072
pd-user_6428747
pd-user_7717067
pd-user_6422467
pd-user_5233368
pd-user_1571033
pd-user_9509917
pd-user_2293433
pd-user_8807972
pd-user_8100749
pd-user_3334919
pd-user_410002
pd-user_314661
pd-user_4104894
pd-user_6704620
pd-user_3696503
pd-user_7854364
pd-user_2883692
pd-user_2541219
pd-user_2985852
pd-user_6007886
pd-user_2087108
pd-user_1662774
pd-user_5557723
pd-user_4852386
pd-user_393802
pd-user_1196764
pd-user_2229918
pd-user_9890509
pd-user_5259115
pd-user_837080
pd-user_4807545
pd-user_4869709
pd-user_7968730
pd-user_5092749
pd-user_9049457
pd-user_9759705
pd-user_1451927
pd-user_6305551
pd-user_1135189
pd-user_409368
pd-user_3334683
pd-user_2728190
pd-user_2946444
pd-user_1314420
pd-user_2222452
pd-user_264620
pd-user_6465743
pd-user_5881308
pd-user_975309
pd-user_4484269
pd-user_6849273
pd-user_6258186
pd-user_9203903
pd-user_4585859
pd-user_580109
pd-user_8406372
pd-user_424840
pd-user_9400443
pd-user_5073422
pd-user_4391785
pd-user_6596746
pd-user_3987153
pd-user_5350803
pd-user_3695088
pd-user_4336130
pd-user_123391
pd-user_6339983
pd-user_7432315
pd-user_1554253
pd-user_2979719
pd-user_605213
pd-user_5613791
pd-user_9575347
pd-user_4334890
pd-user_3934201
pd-user_9895313
pd-user_567399
pd-user_2589658
pd-user_9555554
pd-user_203889
pd-user_1877837
pd-user_5522395
pd-user_5730697
pd-user_9467497
pd-user_2281101
pd-user_245822
pd-user_1922025
pd-user_8826753
pd-user_2812073
pd-user_4817405
pd-user_8547461
pd-user_2303780
pd-user_946236
pd-user_6058817
pd-user_5762492
pd-user_2283421
pd-user_7725067
pd-user_772528
pd-user_7423540
pd-user_7266436
pd-user_9484061
pd-user_8702294
pd-user_1910942
pd-user_6349253
pd-user_3466973
pd-user_4918747
pd-user_2166528
pd-user_4755072
pd-user_5829406
pd-user_3070363
pd-user_2279158
pd-user_4929824
pd-user_4354791
pd-user_8979896
pd-user_7554978
pd-user_3327891
pd-user_5374485
pd-user_3963223
pd-user_7528546
pd-user_1765203
pd-user_7249067
pd-user_4716968
pd-user_1771796
pd-user_3463599
pd-user_8641825
pd-user_7469944
pd-user_9156597
pd-user_5283163
pd-user_7161363
pd-user_8439780
pd-user_7435201
pd-user_5954771
pd-user_1208998
pd-user_8711548
pd-user_3793889
pd-user_2118588
pd-user_2673013
pd-user_2965161
pd-user_3761027
pd-user_36323
pd-user_9003821
pd-user_7740835
pd-user_9170343
pd-user_1071142
pd-user_9126924
pd-user_4139662
pd-user_7626184
pd-user_5729895
pd-user_3200368
pd-user_8858940
pd-user_2920035
pd-user_3005628
pd-user_6340930
pd-user_2679557
pd-user_6783008
pd-user_7393914
pd-user_5310972
pd-user_2108775
pd-user_2204823
pd-user_7092011
pd-user_3151314
pd-user_8497616
pd-user_6102518
pd-user_4750935
pd-user_1439759
pd-user_9987264
pd-user_582742
pd-user_7143168
pd-user_1973463
pd-user_8701480
pd-user_1520191
pd-user_2384901
pd-user_5689401
pd-user_7153339
pd-user_2361635
pd-user_173170
pd-user_3913992
pd-user_3664894
pd-user_6952791
pd-user_211131
pd-user_7207216
pd-user_6182668
pd-user_5580527
pd-user_5256137
pd-user_6490687
pd-user_9322494
pd-user_7078613
pd-user_2232762
pd-user_3920215
pd-user_2821093
pd-user_5584445
pd-user_8030060
pd-user_8104134
pd-user_1220145
pd-user_7107129
pd-user_7378919
pd-user_376140
pd-user_5649814
pd-user_1043394
pd-user_9681929
pd-user_5360607
pd-user_3070235
pd-user_7173092
pd-user_7669008
pd-user_7577697
pd-user_7973165
pd-user_7450769
pd-user_155977
pd-user_2006503
pd-user_5797256
pd-user_7467779
pd-user_9253392
pd-user_3766297
pd-user_2818973
pd-user_5139210
pd-user_8798178
pd-user_6609212
pd-user_508943
pd-user_1812126
pd-user_3777167
pd-user_445481
pd-user_8692114
pd-user_4130311
pd-user_6289874
pd-user_7588211
pd-user_7217506
pd-user_8592947
pd-user_1394361
pd-user_2669647
pd-user_7024339
pd-user_1529279
pd-user_5028134
pd-user_4856066
pd-user_1425992
pd-user_8785964
pd-user_3664410
pd-user_6364440
pd-user_3581930
pd-user_6635477
pd-user_4231248
pd-user_9888885
pd-user_619153
pd-user_1418067
pd-user_1447244
pd-user_9037699
pd-user_5292006
pd-user_1177684
pd-user_1932117
pd-user_4602270
pd-user_5285532
pd-user_7146765
pd-user_7684250
pd-user_6903287
pd-user_4773199
pd-user_3737324
pd-user_9039267
pd-user_6873153
pd-user_3305341
pd-user_4127635
pd-user_2134100
pd-user_2647192
pd-user_6435138
pd-user_5038524
pd-user_6339409
pd-user_5057076
pd-user_847664
pd-user_8010098
pd-user_3430457
pd-user_506448
pd-user_940259
pd-user_9157446
pd-user_7770484
pd-user_8412717
pd-user_3531377
pd-user_1100234
pd-user_1595926
pd-user_1349971
pd-user_8397533
pd-user_6161889
pd-user_7858736
pd-user_8549089
pd-user_3351508
pd-user_5928480
pd-user_1012366
pd-user_4235968
pd-user_4673966
pd-user_8268103
pd-user_8708933
pd-user_3704907
pd-user_4326480
pd-user_348329
pd-user_129342
pd-user_7143740
pd-user_3244958
pd-user_2450225
pd-user_9026274
pd-user_5865490
pd-user_1896030
pd-user_3032365
pd-user_3964369
pd-user_1019868
pd-user_4541149
pd-user_4110916
pd-user_3982734
pd-user_7248972
pd-user_8110825
pd-user_7023204
pd-user_2673631
pd-user_8431555
pd-user_9666575
pd-user_5266801
pd-user_1669051
pd-user_6701227
pd-user_455251
pd-user_5999668
pd-user_4646372
pd-user_4542150
pd-user_9240896
pd-user_6414698
pd-user_7111495
pd-user_1569910
pd-user_7516362
pd-user_7100668
pd-user_4743366
pd-user_90407
pd-user_8264996
pd-user_5008272
pd-user_8980580
pd-user_6982680
pd-user_4162583
pd-user_2643859
pd-user_7086344
pd-user_9305447
pd-user_4510109
pd-user_9023017
pd-user_1537815
pd-user_357993
pd-user_7078388
pd-user_6888516
pd-user_9134059
pd-user_4880006
pd-user_3345487
pd-user_3094166
pd-user_2539356
pd-user_5513695
pd-user_2721926
pd-user_4536110
pd-user_6198520
pd-user_6683219
pd-user_7414163
pd-user_6427470
pd-user_285239
pd-user_3613347
pd-user_1923459
pd-user_5256835
pd-user_5034970
pd-user_4931805
pd-user_4344716
pd-user_7524610
pd-user_9205343
pd-user_2013916
pd-user_8886795
pd-user_5643050
pd-user_820795
pd-user_3229099
pd-user_5091630
pd-user_6403682
pd-user_5436967
pd-user_7812057
pd-user_959004
pd-user_5823368
pd-user_2441436
pd-user_5783546
pd-user_1314896
pd-user_1732931
pd-user_7609334
pd-user_1372549
pd-user_9222413
pd-user_1105278
pd-user_1781495
pd-user_2389775
pd-user_881963
pd-user_9724604
pd-user_3463486
pd-user_9819074
pd-user_9117158
pd-user_9393386
pd-user_1637677
pd-user_693366
pd-user_7091570
pd-user_7718521
pd-user_582330
pd-user_6352650
pd-user_9579474
pd-user_6862681
pd-user_5831594
pd-user_9056484
pd-user_7683637
pd-user_3633602
pd-user_3185091
pd-user_623702
pd-user_7994034
pd-user_183147
pd-user_7831828
pd-user_3571832
pd-user_3381570
pd-user_4686560
pd-user_7660165
pd-user_3522136
pd-user_2263235
pd-user_9888832
pd-user_6984658
pd-user_7910498
pd-user_4680110
pd-user_9488284
pd-user_270310
pd-user_1672593
pd-user_4272375
pd-user_7710339
pd-user_401740
pd-user_7811020
pd-user_7492117
pd-user_2807687
pd-user_9410426
pd-user_2013402
pd-user_2049673
pd-user_8547687
pd-user_5527988
pd-user_2150988
pd-user_7346278
pd-user_5312696
pd-user_1789736
pd-user_9665403
pd-user_4763352
pd-user_6302024
pd-user_7696738
pd-user_1176016
pd-user_5511131
pd-user_5243380
pd-user_5112140
pd-user_3425480
pd-user_1681475
pd-user_5237910
pd-user_6405834
pd-user_8619717
pd-user_5681194
pd-user_4483238
pd-user_8893489
pd-user_2049035
pd-user_1008974
pd-user_2894288
pd-user_2409092
pd-user_8156105
pd-user_3173093
pd-user_8558384
pd-user_710210
pd-user_1770473
pd-user_2969873
pd-user_563412
pd-user_2848424
pd-user_5047469
pd-user_6625116
pd-user_872175
pd-user_2564533
pd-user_9956344
pd-user_1071776
pd-user_7850402
pd-user_5921337
pd-user_7084940
pd-user_4897466
pd-user_9106572
pd-user_6068192
pd-user_6980843
pd-user_5269771
pd-user_2549863
pd-user_9802414
pd-user_8351006
pd-user_4591703
pd-user_6783103
pd-user_2065306
pd-user_4418688
pd-user_9702686
pd-user_7335217
pd-user_7539879
pd-user_6480160
pd-user_4995568
pd-user_6849893
pd-user_1594403
pd-user_4645587
pd-user_6931161
pd-user_4986726
pd-user_119548
pd-user_4731088
pd-user_2180944
pd-user_3143822
pd-user_8894834
pd-user_4069049
pd-user_4307887
pd-user_3671319
pd-user_6964784
pd-user_6951778
pd-user_2982791
pd-user_446842
pd-user_4704831
pd-user_9898254
pd-user_8954180
pd-user_2033133
pd-user_8878639
pd-user_2686102
pd-user_1944917
pd-user_577362
pd-user_1956879
pd-user_2226710
pd-user_6168631
pd-user_3312878
pd-user_2938557
pd-user_7407309
pd-user_9936631
pd-user_8859300
pd-user_5082054
pd-user_899337
pd-user_3318647
pd-user_4722196
pd-user_9660288
pd-user_4195553
pd-user_7239411
pd-user_5212926
pd-user_6717525
pd-user_1228942
pd-user_2434258
pd-user_2497756
pd-user_1292481
pd-user_294229
pd-user_2928972
pd-user_3385525
pd-user_5683884
pd-user_7681731
pd-user_9579242
pd-user_1330379
pd-user_7741843
pd-user_987980
pd-user_2619590
pd-user_8600982
pd-user_9790488
pd-user_5229722
pd-user_2214949
pd-user_7537839
pd-user_7020063
pd-user_9915651
pd-user_2077330
pd-user_9053541
pd-user_6643591
pd-user_1936495
pd-user_4836155
pd-user_9745990
pd-user_4686438
pd-user_8297627
pd-user_1784903
pd-user_8887064
pd-user_4504302
pd-user_3241511
pd-user_6420397
pd-user_5040182
pd-user_4497193
pd-user_9289156
pd-user_9228339
pd-user_878234
pd-user_690796
pd-user_9638371
pd-user_1810874
pd-user_860234
pd-user_9358718
pd-user_916028
pd-user_8540122
pd-user_1932303
pd-user_3636485
pd-user_2936296
pd-user_1607296
pd-user_1808974
pd-user_7026758
pd-user_8578630
pd-user_2938784
pd-user_9747798
pd-user_6590445
pd-user_1667896
pd-user_6998712
pd-user_8670119
pd-user_4932787
pd-user_2386997
pd-user_7814925
pd-user_8272775
pd-user_4039429
pd-user_5660403
pd-user_9414597
pd-user_2751319
pd-user_2608165
pd-user_9090112
pd-user_1546017
pd-user_6088502
pd-user_1873784
pd-user_4700230
pd-user_389257
pd-user_2400506
pd-user_8657216
pd-user_7611712
pd-user_6521162
pd-user_6424685
pd-user_7381561
pd-user_9959256
pd-user_3987386
pd-user_938525
pd-user_4391063
pd-user_9641870
pd-user_9555226
pd-user_9107955
pd-user_7773106
pd-user_7305367
pd-user_7324578
pd-user_3080078
pd-user_9839578
pd-user_9426721
pd-user_7157670
pd-user_6929549
pd-user_5726614
pd-user_8847776
pd-user_603270
pd-user_1293704
pd-user_8156593
pd-user_1651487
pd-user_5474683
pd-user_6922394
pd-user_3822034
pd-user_4983072
pd-user_6748089
pd-user_3289069
pd-user_4815479
pd-user_354498
pd-user_3383266
pd-user_1444268
pd-user_2641501
pd-user_7564556
pd-user_6765597
pd-user_4636202
pd-user_3167910
pd-user_9750778
pd-user_5040970
pd-user_8197123
pd-user_5812874
pd-user_1441957
pd-user_193255
pd-user_1870598
pd-user_397792
pd-user_3681541
pd-user_4017820
pd-user_5913743
pd-user_2634946
pd-user_5285768
pd-user_8558341
pd-user_141064
pd-user_8359100
pd-user_2940570
pd-user_6491679
pd-user_5707523
pd-user_8957878
pd-user_2005493
pd-user_2435131
pd-user_2053954
pd-user_7471052
pd-user_1435223
pd-user_2701186
pd-user_9564732
pd-user_5864264
pd-user_3015645
pd-user_2887447
pd-user_16942
pd-user_493069
pd-user_6769678
pd-user_7323136
pd-user_8488926
pd-user_3928484
pd-user_4298764
pd-user_9314050
pd-user_9248091
pd-user_7318058
pd-user_8224465
pd-user_3129024
pd-user_8261797
pd-user_9187292
pd-user_7565460
pd-user_26762
pd-user_6659965
pd-user_5792082
pd-user_9951015
pd-user_3701128
pd-user_8122478
pd-user_2271731
pd-user_4075584
pd-user_2974147
pd-user_1261450
pd-user_7759453
pd-user_2168046
pd-user_5595892
pd-user_7546298
pd-user_8341517
pd-user_5795091
pd-user_6530532
pd-user_9434417
pd-user_7734283
pd-user_1063421
pd-user_7403738
pd-user_8567046
pd-user_2845849
pd-user_6476008
pd-user_2047579
pd-user_9272293
pd-user_6392052
pd-user_5934114
pd-user_4119275
pd-user_1360432
pd-user_8639989
pd-user_759278
pd-user_8219478
pd-user_9373895
pd-user_3745538
pd-user_3812835
pd-user_9083163
pd-user_3737186
pd-user_9654888
pd-user_6092935
pd-user_9521260
pd-user_2261181
pd-user_6610849
pd-user_558222
pd-user_7892297
pd-user_7386768
pd-user_6810564
pd-user_593352
pd-user_1863728
pd-user_1961464
pd-user_313694
pd-user_291772
pd-user_3073896
pd-user_9563516
pd-user_1943026
pd-user_3586273
pd-user_9318388
pd-user_7216640
pd-user_5923942
pd-user_3142743
pd-user_8632340
pd-user_3388061
pd-user_7582064
pd-user_7754842
pd-user_6250275
pd-user_1887943
pd-user_4447040
pd-user_4993216
pd-user_1786927
pd-user_5602601
pd-user_2012433
pd-user_910020
pd-user_4955445
pd-user_6997560
pd-user_5203295
pd-user_8442910
pd-user_3753105
pd-user_3386827
pd-user_2675276
pd-user_3719687
pd-user_3469282
pd-user_2970077
pd-user_4041494
pd-user_3994898
pd-user_8986295
pd-user_3210481
pd-user_2614400
pd-user_9249524
pd-user_2870876
pd-user_3808396
pd-user_8933023
pd-user_8821625
pd-user_2809419
pd-user_815074
pd-user_6830338
pd-user_7340724
pd-user_7908157
pd-user_7809657
pd-user_1910369
pd-user_8116187
pd-user_4828098
pd-user_9130016
pd-user_890946
pd-user_7415311
pd-user_8131776
pd-user_9620527
pd-user_9408869
pd-user_390252
pd-user_3571460
pd-user_875742
pd-user_8950620
pd-user_1506777
pd-user_1078155
pd-user_4957680
pd-user_7966046
pd-user_9544828
pd-user_4722634
pd-user_203112
pd-user_1243871
pd-user_373720
pd-user_3749349
pd-user_1377824
pd-user_6612698
pd-user_3347992
pd-user_7864547
pd-user_7812470
pd-user_615837
pd-user_4966525
pd-user_6074377
pd-user_4253576
pd-user_2581014
pd-user_1978916
pd-user_4110268
pd-user_7476143
pd-user_2687559
pd-user_7666897
pd-user_9507312
pd-user_1043416
pd-user_1743720
pd-user_2735879
pd-user_5234504
pd-user_857029
pd-user_2431632
pd-user_2673384
pd-user_7846010
pd-user_97765
pd-user_7092999
pd-user_1717857
pd-user_5366117
pd-user_469123
pd-user_4648933
pd-user_9150891
pd-user_5335817
pd-user_6467013
pd-user_3470463
pd-user_5679765
pd-user_3512115
pd-user_8068570
pd-user_6191240
pd-user_9840718
pd-user_1307612
pd-user_9197652
pd-user_5295861
pd-user_2899662
pd-user_9110588
pd-user_8728337
pd-user_8682416
pd-user_8849816
pd-user_5570570
pd-user_8042065
pd-user_2719790
pd-user_402466
pd-user_8891664
pd-user_1886584
pd-user_5708054
pd-user_3945980
pd-user_341756
pd-user_3338758
pd-user_8825088
pd-user_1852360
pd-user_2925877
pd-user_6430152
pd-user_824607
pd-user_9804478
pd-user_668392
pd-user_8642192
pd-user_6339481
pd-user_7064511
pd-user_2908093
pd-user_9247874
pd-user_2522618
pd-user_6012504
pd-user_4563121
pd-user_8881492
pd-user_3041477
pd-user_8040695
pd-user_3323683
pd-user_5515766
pd-user_4380778
pd-user_2369281
pd-user_5736229
pd-user_344643
pd-user_8074715
pd-user_9228576
pd-user_7313545
pd-user_8759177
pd-user_2771687
pd-user_7837397
pd-user_3884668
pd-user_899418
pd-user_1855876
pd-user_2892
pd-user_113642
pd-user_6704852
pd-user_4969193
pd-user_7043217
pd-user_5412742
pd-user_2902841
pd-user_5896796
pd-user_1101534
pd-user_4957848
pd-user_287205
pd-user_7919149
pd-user_3048443
pd-user_9460799
pd-user_9084387
pd-user_3763465
pd-user_394997
pd-user_6583708
pd-user_5766283
pd-user_8840868
pd-user_1163434
pd-user_942489
pd-user_4201713
pd-user_8010257
pd-user_7182091
pd-user_4092958
pd-user_4493285
pd-user_2484450
pd-user_9318517
pd-user_4149599
pd-user_3220851
pd-user_4210206
pd-user_7974005
pd-user_1771664
pd-user_1929161
pd-user_8552177
pd-user_5466791
pd-user_41040
pd-user_2161760
pd-user_907948
pd-user_3471042
pd-user_1919506
pd-user_3357278
pd-user_8629433
pd-user_7598673
pd-user_6977944
pd-user_9102946
pd-user_2319266
pd-user_4025548
pd-user_7528388
pd-user_5331828
pd-user_3558943
pd-user_7984662
pd-user_3439809
pd-user_5014566
pd-user_2707267
pd-user_126535
pd-user_2453633
pd-user_1313821
pd-user_3226958
pd-user_8030989
pd-user_9722353
pd-user_2542912
pd-user_8603681
pd-user_2094137
pd-user_4941264
pd-user_7403649
pd-user_1185393
pd-user_1265050
pd-user_3924936
pd-user_9441086
pd-user_9044585
pd-user_2228048
pd-user_4907487
pd-user_9459183
pd-user_6636238
pd-user_6986695
pd-user_8514562
pd-user_4593932
pd-user_2192462
pd-user_2559148
pd-user_7081128
pd-user_5329085
pd-user_6109589
pd-user_4762087
pd-user_5831429
pd-user_3786916
pd-user_4001369
pd-user_796654
pd-user_8578899
pd-user_8547957
pd-user_976129
pd-user_3170890
pd-user_3908492
pd-user_5852967
pd-user_6249390
pd-user_5458657
pd-user_2535613
pd-user_496174
pd-user_6308517
pd-user_5580908
pd-user_1914366
pd-user_8223962
pd-user_548982
pd-user_377085
pd-user_9530707
pd-user_9896481
pd-user_8184061
pd-user_7720583
pd-user_931325
pd-user_6869512
pd-user_9890357
pd-user_8616778
pd-user_9327227
pd-user_4412384
pd-user_156238
pd-user_91906
pd-user_2325044
pd-user_7792011
pd-user_4496005
pd-user_7974419
pd-user_4265515
pd-user_4781025
pd-user_9444834
pd-user_4527881
pd-user_2955633
pd-user_7661799
pd-user_4331092
pd-user_2773186
pd-user_9374019
pd-user_2469761
pd-user_7701616
pd-user_9780842
pd-user_6996364
pd-user_7479260
pd-user_335319
pd-user_6519786
pd-user_7005241
pd-user_8424939
pd-user_4032380
pd-user_6687338
pd-user_3445613
pd-user_739804
pd-user_981952
pd-user_4968007
pd-user_9547958
pd-user_873653
pd-user_332219
pd-user_2372930
pd-user_4795378
pd-user_9611751
pd-user_364077
pd-user_6468408
pd-user_6741765
pd-user_5345754
pd-user_4972719
pd-user_1087138
pd-user_3512809
pd-user_5941168
pd-user_6212314
pd-user_4579177
pd-user_3709595
pd-user_1166644
pd-user_6328141
pd-user_1217058
pd-user_9185741
pd-user_1757974
pd-user_6205997
pd-user_9718620
pd-user_6065994
pd-user_2155389
pd-user_6483442
pd-user_5603790
pd-user_8672554
pd-user_6108778
pd-user_7371617
pd-user_405364
pd-user_2671259
pd-user_8515239
pd-user_3557928
pd-user_7010972
pd-user_1735720
pd-user_9261776
pd-user_5096425
pd-user_839028
pd-user_5535455
pd-user_3541486
pd-user_1639838
pd-user_1929958
pd-user_8897446
pd-user_2785300
pd-user_7123222
pd-user_5343795
pd-user_8191090
pd-user_7417715
pd-user_4274778
pd-user_3205770
pd-user_8199390
pd-user_5208002
pd-user_1559269
pd-user_278743
pd-user_8236968
pd-user_8381635
pd-user_8076024
pd-user_3332286
pd-user_8512432
pd-user_8333494
pd-user_6528977
pd-user_632072
pd-user_2475816
pd-user_5226775
pd-user_3235027
pd-user_1780435
pd-user_1537527
pd-user_683276
pd-user_7979388
pd-user_3095057
pd-user_5005850
pd-user_8764457
pd-user_8500226
pd-user_3610216
pd-user_838033
pd-user_1528831
pd-user_7030547
pd-user_2774553
pd-user_5468799
pd-user_9587707
pd-user_8415416
pd-user_4615461
pd-user_1044769
pd-user_2654369
pd-user_6319412
pd-user_583813
pd-user_7148273
pd-user_3750333
pd-user_5513344
pd-user_3231136
pd-user_6559496
pd-user_7568646
pd-user_5324463
pd-user_995689
pd-user_4750114
pd-user_6615925
pd-user_3006058
pd-user_9407588
pd-user_1849636
pd-user_85285
pd-user_5932074
pd-user_7143780
pd-user_9836990
pd-user_3513110
pd-user_8857680
pd-user_5233998
pd-user_8972254
pd-user_45642
pd-user_4692051
pd-user_5896001
pd-user_6817310
pd-user_5081550
pd-user_7291473
pd-user_6332379
pd-user_5287720
pd-user_1275752
pd-user_8971948
pd-user_6918736
pd-user_3361043
pd-user_9160735
pd-user_7780404
pd-user_9553835
pd-user_403828
pd-user_7972418
pd-user_4341630
pd-user_2257425
pd-user_8539734
pd-user_1152770
pd-user_6689716
pd-user_6769536
pd-user_3111553
pd-user_9565690
pd-user_3770945
pd-user_4304165
pd-user_8947794
pd-user_4664990
pd-user_8455168
pd-user_969297
pd-user_9549887
pd-user_8233148
pd-user_7720316
pd-user_2356012
pd-user_6773746
pd-user_1023954
pd-user_7713177
pd-user_8305983
pd-user_6148086
pd-user_8359611
pd-user_7289983
pd-user_6462264
pd-user_6636853
pd-user_74007
pd-user_5018795
pd-user_6879358
pd-user_6698015
pd-user_3743051
pd-user_6707126
pd-user_1211170
pd-user_5591395
pd-user_5591896
pd-user_2057642
pd-user_3518975
pd-user_5421368
pd-user_1784167
pd-user_1722190
pd-user_5459944
pd-user_3408651
pd-user_3653431
pd-user_9856763
pd-user_5772880
pd-user_6202273
pd-user_3150530
pd-user_8367908
pd-user_440022
pd-user_2024254
pd-user_3080427
pd-user_8039979
pd-user_3286702
pd-user_452836
pd-user_2851913
pd-user_8406099
pd-user_6077582
pd-user_7730574
pd-user_136593
pd-user_7209028
pd-user_4674727
pd-user_5514540
pd-user_3100256
pd-user_4889267
pd-user_133891
pd-user_5808857
pd-user_3516999
pd-user_4827346
pd-user_9733746
pd-user_4124284
pd-user_3071522
pd-user_2395131
pd-user_6298543
pd-user_6947316
pd-user_9681596
pd-user_1336782
pd-user_7641177
pd-user_6569062
pd-user_1649972
pd-user_4206887
pd-user_6384933
pd-user_906975
pd-user_8580622
pd-user_9822422
pd-user_8813107
pd-user_2445139
pd-user_5489296
pd-user_1333019
pd-user_3569356
pd-user_5789621
pd-user_7592817
pd-user_1832093
pd-user_7419530
pd-user_4456117
pd-user_2656844
pd-user_4192710
pd-user_9174328
pd-user_3350228
pd-user_3108977
pd-user_6553331
pd-user_5153456
pd-user_2228333
pd-user_4269943
pd-user_1237823
pd-user_9950199
pd-user_5895928
pd-user_2405247
pd-user_7825597
pd-user_8417264
pd-user_1463525
pd-user_3657673
pd-user_708189
pd-user_3666898
pd-user_5814459
pd-user_9393473
pd-user_8616041
pd-user_669900
pd-user_7826723
pd-user_6649603
pd-user_8288197
pd-user_43094
pd-user_6063075
pd-user_9794660
pd-user_6732490
pd-user_6607008
pd-user_4867527
pd-user_9421157
pd-user_8336643
pd-user_2379222
pd-user_7226565
pd-user_6363559
pd-user_8314966
pd-user_3089244
pd-user_3376390
pd-user_1145269
pd-user_3219524
pd-user_1550898
pd-user_5129838
pd-user_7381951
pd-user_7446532
pd-user_7981637
pd-user_9749419
pd-user_8170345
pd-user_8923271
pd-user_9881017
pd-user_6164400
pd-user_4010237
pd-user_3466668
pd-user_5409017
pd-user_8534335
pd-user_978202
pd-user_3769438
pd-user_3444676
pd-user_4276962
pd-user_4744178
pd-user_5454984
pd-user_4442305
pd-user_5365998
pd-user_3293865
pd-user_9827076
pd-user_9440442
pd-user_8215196
pd-user_8372495
pd-user_3226
pd-user_767950
pd-user_9981217
pd-user_7396497
pd-user_5899556
pd-user_1390890
pd-user_4275853
pd-user_1801292
pd-user_9821449
pd-user_1759053
pd-user_8351395
pd-user_1473645
pd-user_395965
pd-user_6379103
pd-user_4002114
pd-user_9609735
pd-user_1072700
pd-user_3693732
pd-user_6077441
pd-user_6794555
pd-user_6592553
pd-user_5093975
pd-user_6105306
pd-user_1511449
pd-user_1889689
pd-user_7946649
pd-user_9485535
pd-user_7878260
pd-user_7848447
pd-user_5114412
pd-user_1152334
pd-user_3384631
pd-user_254414
pd-user_9788688
pd-user_294017
pd-user_3756916
pd-user_9004110
pd-user_573283
pd-user_2159590
pd-user_7958550
pd-user_3895695
pd-user_8981660
pd-user_3776494
pd-user_1629519
pd-user_4383492
pd-user_6178467
pd-user_3989708
pd-user_3445641
pd-user_1879767
pd-user_1277200
pd-user_7969736
pd-user_7805600
pd-user_4410417
pd-user_5930507
pd-user_3529878
pd-user_7229441
pd-user_7048340
pd-user_1611048
pd-user_5742911
pd-user_7625700
pd-user_4464733
pd-user_1980295
pd-user_9648384
pd-user_167112
pd-user_1802410
pd-user_5072802
pd-user_1980628
pd-user_6400295
pd-user_3678972
pd-user_1743971
pd-user_9320751
pd-user_1038867
pd-user_6981566
pd-user_6945270
pd-user_5485708
pd-user_2999133
pd-user_7523761
pd-user_1231685
pd-user_5217088
pd-user_8309123
pd-user_5067557
pd-user_5257789
pd-user_158102
pd-user_7679014
pd-user_398354
pd-user_408575
pd-user_5552419
pd-user_2191490
pd-user_9915557
pd-user_6035768
pd-user_2366687
pd-user_7412245
pd-user_3256796
pd-user_5651538
pd-user_5996063
pd-user_706956
pd-user_6159773
pd-user_6061030
pd-user_115056
pd-user_4266514
pd-user_3562483
pd-user_6329855
pd-user_5291545
pd-user_1288605
pd-user_1796226
pd-user_5636665
pd-user_6791504
pd-user_4138025
pd-user_9126505
pd-user_3685463
pd-user_9096040
pd-user_4870808
pd-user_4150343
pd-user_2422751
pd-user_7912749
pd-user_1920441
pd-user_1397871
pd-user_6076125
pd-user_8902349
pd-user_1410095
pd-user_6673940
pd-user_6657951
pd-user_4378412
pd-user_251480
pd-user_9332091
pd-user_9204729
pd-user_9538528
pd-user_667073
pd-user_5047949
pd-user_2889027
pd-user_2143188
pd-user_5232416
pd-user_6371927
pd-user_190309
pd-user_167607
pd-user_6912518
pd-user_4074270
pd-user_8936661
pd-user_1122743
pd-user_5313433
pd-user_7903869
pd-user_9594065
pd-user_1350882
pd-user_8226308
pd-user_5586309
pd-user_8433569
pd-user_8319551
pd-user_4488967
pd-user_8356694
pd-user_463542
pd-user_2009766
pd-user_7512343
pd-user_2460818
pd-user_610103
pd-user_7791863
pd-user_7981541
pd-user_9906727
pd-user_3047404
pd-user_4856617
pd-user_4078720
pd-user_1352277
pd-user_4786692
pd-user_5116110
pd-user_7886198
pd-user_4193113
pd-user_1762001
pd-user_1588046
pd-user_8569099
pd-user_3865627
pd-user_9554454
pd-user_3554590
pd-user_815415
pd-user_2086230
pd-user_9301656
pd-user_6385316
pd-user_1739131
pd-user_483387
pd-user_1917515
pd-user_2140529
pd-user_1979422
pd-user_4297949
pd-user_2465676
pd-user_8191805
pd-user_5010512
pd-user_2274899
pd-user_700986
pd-user_4133735
pd-user_2701901
pd-user_7880802
pd-user_9028936
pd-user_993346
pd-user_5535716
pd-user_159049
pd-user_116127
pd-user_9793213
pd-user_5800608
pd-user_79972
pd-user_905660
pd-user_55000
pd-user_8036305
pd-user_40892
pd-user_3889087
pd-user_2930793
pd-user_7953800
pd-user_413090
pd-user_7916722
pd-user_5140589
pd-user_8705976
pd-user_9757545
pd-user_9599773
pd-user_3708867
pd-user_4354516
pd-user_3413079
pd-user_4126034
pd-user_6030542
pd-user_5570345
pd-user_2121236
pd-user_1906959
pd-user_1852459
pd-user_3861872
pd-user_1923988
pd-user_3733053
pd-user_7023643
pd-user_6052516
pd-user_2758826
pd-user_9109610
pd-user_6079590
pd-user_4352536
pd-user_2615343
pd-user_2655926
pd-user_8518088
pd-user_9918375
pd-user_8953566
pd-user_1111152
pd-user_6843006
pd-user_3770584
pd-user_1583252
pd-user_9302856
pd-user_6008722
pd-user_3358931
pd-user_8929320
pd-user_8417180
pd-user_3213074
pd-user_4126558
pd-user_7169811
pd-user_7453575
pd-user_1221655
pd-user_8820341
pd-user_3730765
pd-user_2457141
pd-user_2394781
pd-user_9423111
pd-user_4293807
pd-user_7258462
pd-user_1453237
pd-user_4050457
pd-user_1684105
pd-user_2307493
pd-user_9719209
pd-user_8339590
pd-user_2765837
pd-user_501673
pd-user_4765243
pd-user_6610508
pd-user_8946660
pd-user_6692826
pd-user_8350769
pd-user_4371145
pd-user_4755283
pd-user_3377583
pd-user_3179820
pd-user_3208454
pd-user_7813964
pd-user_3870048
pd-user_7997197
pd-user_9099933
pd-user_3217897
pd-user_5952554
pd-user_3132655
pd-user_7908726
pd-user_7786447
pd-user_7049501
pd-user_3546189
pd-user_5556909
pd-user_1683635
pd-user_211386
pd-user_173850
pd-user_4281151
pd-user_5144613
pd-user_5293228
pd-user_2822157
pd-user_9217236
pd-user_9983989
pd-user_5311584
pd-user_4453723
pd-user_6413015
pd-user_8789969
pd-user_6478917
pd-user_3021302
pd-user_8854743
pd-user_6463012
pd-user_5460614
pd-user_1698477
pd-user_8250077
pd-user_1252908
pd-user_8073250
pd-user_1289937
pd-user_9748609
pd-user_5877858
pd-user_7035544
pd-user_5133339
pd-user_3421178
pd-user_9547563
pd-user_6797175
pd-user_6143101
pd-user_3777812
pd-user_6528603
pd-user_4664703
pd-user_2541098
pd-user_3427614
pd-user_870490
pd-user_5769272
pd-user_2026923
pd-user_4613923
pd-user_3201468
pd-user_4148527
pd-user_9559154
pd-user_2713340
pd-user_5923885
pd-user_2453597
pd-user_6080547
pd-user_735464
pd-user_2771676
pd-user_7927981
pd-user_1817992
pd-user_9760194
pd-user_5972715
pd-user_6065430
pd-user_6977104
pd-user_9482510
pd-user_9430737
pd-user_2657363
pd-user_44506
pd-user_663686
pd-user_6152467
pd-user_6162666
pd-user_8026091
pd-user_8390027
pd-user_4724141
pd-user_9854564
pd-user_8743186
pd-user_9368325
pd-user_6699215
pd-user_4069920
pd-user_2883564
pd-user_6419729
pd-user_5035598
pd-user_6112179
pd-user_4237340
pd-user_7569123
pd-user_8196238
pd-user_3542647
pd-user_2579957
pd-user_5114987
pd-user_5859695
pd-user_1007208
pd-user_6257318
pd-user_2630836
pd-user_1393105
pd-user_5490248
pd-user_4493134
pd-user_2335963
pd-user_181047
pd-user_4350394
pd-user_5709790
pd-user_4560461
pd-user_9335008
pd-user_3785088
pd-user_4106869
pd-user_6536627
pd-user_5407515
pd-user_7302249
pd-user_9672838
pd-user_5749136
pd-user_5301511
pd-user_7079881
pd-user_614970
pd-user_6075420
pd-user_4034573
pd-user_1569446
pd-user_1464478
pd-user_887053
pd-user_3487530
pd-user_5552597
pd-user_3560162
pd-user_64961
pd-user_5207455
pd-user_8805307
pd-user_9208277
pd-user_6378069
pd-user_8188909
pd-user_3645839
pd-user_5100943
pd-user_2032496
pd-user_8755173
pd-user_8326595
pd-user_5231650
pd-user_4983089
pd-user_9066306
pd-user_9692883
pd-user_2066371
pd-user_362983
pd-user_3296433
pd-user_5539096
pd-user_2794024
pd-user_5651940
pd-user_9099828
pd-user_4127105
pd-user_6399205
pd-user_509261
pd-user_413313
pd-user_9349710
pd-user_8794133
pd-user_9261662
pd-user_7826994
pd-user_4271178
pd-user_3164081
pd-user_3559742
pd-user_6218264
pd-user_6219728
pd-user_4099212
pd-user_7239489
pd-user_2731450
pd-user_9194221
pd-user_516079
pd-user_6621912
pd-user_4816920
pd-user_3533661
pd-user_9212429
pd-user_1552627
pd-user_9075117
pd-user_5420520
pd-user_9082111
pd-user_4389506
pd-user_2641841
pd-user_2554093
pd-user_8224968
pd-user_6966759
pd-user_9326211
pd-user_8877518
pd-user_7080533
pd-user_9378626
pd-user_9564345
pd-user_390740
pd-user_2280884
pd-user_6634570
pd-user_7205886
pd-user_8026135
pd-user_1839561
pd-user_1998927
pd-user_2465407
pd-user_6967181
pd-user_6689795
pd-user_9411100
pd-user_8981623
pd-user_6778645
pd-user_6859783
pd-user_1152196
pd-user_7966681
pd-user_7632626
pd-user_6323713
pd-user_1587320
pd-user_3296335
pd-user_3855910
pd-user_350410
pd-user_5564427
pd-user_7698030
pd-user_2144897
pd-user_9768234
pd-user_6535522
pd-user_7034867
pd-user_18168
pd-user_2529680
pd-user_5365661
pd-user_6006424
pd-user_2887471
pd-user_6088450
pd-user_2433907
pd-user_1987320
pd-user_6015862
pd-user_2463188
pd-user_1428520
pd-user_1593835
pd-user_3056365
pd-user_5027530
pd-user_9105881
pd-user_4836027
pd-user_6244075
pd-user_7916865
pd-user_4962042
pd-user_9110002
pd-user_8467464
pd-user_9918335
pd-user_9995714
pd-user_721038
pd-user_3507891
pd-user_9330460
pd-user_7763941
pd-user_5093992
pd-user_5945737
pd-user_5263524
pd-user_6199124
pd-user_5298321
pd-user_3542444
pd-user_478688
pd-user_1631483
pd-user_4964839
pd-user_7265829
pd-user_1545989
pd-user_8851070
pd-user_4542358
pd-user_1783840
pd-user_5874890
pd-user_7047915
pd-user_3184107
pd-user_125373
pd-user_5431161
pd-user_5902537
pd-user_6854494
pd-user_3471703
pd-user_1007106
pd-user_4128923
pd-user_3780188
pd-user_962326
pd-user_1441528
pd-user_7841063
pd-user_2438787
pd-user_6899378
pd-user_5149239
pd-user_9997461
pd-user_2543169
pd-user_8823149
pd-user_2231130
pd-user_9483021
pd-user_2866591
pd-user_9189671
pd-user_7179949
pd-user_3912942
pd-user_7204847
pd-user_3617658
pd-user_1826237
pd-user_2507577
pd-user_4839283
pd-user_5862540
pd-user_2551225
pd-user_8570487
pd-user_703181
pd-user_9782256
pd-user_8246101
pd-user_4463759
pd-user_3658381
pd-user_487332
pd-user_6801562
pd-user_6231725
pd-user_3208054
pd-user_1233983
pd-user_2537169
pd-user_1366855
pd-user_3917560
pd-user_2958744
pd-user_9397170
pd-user_8960038
pd-user_5818143
pd-user_309221
pd-user_2113794
pd-user_4158276
pd-user_39315
pd-user_3221452
pd-user_9418572
pd-user_8974991
pd-user_905556
pd-user_4307492
pd-user_7023116
pd-user_9477889
pd-user_5633811
pd-user_8677221
pd-user_2955205
pd-user_2901521
pd-user_8865526
pd-user_3161602
pd-user_6464368
pd-user_2828429
pd-user_9230766
pd-user_5504408
pd-user_7334371
pd-user_6298841
pd-user_7044998
pd-user_481765
pd-user_3541311
pd-user_7162912
pd-user_2861201
pd-user_3703392
pd-user_3870112
pd-user_1435751
pd-user_8030423
pd-user_1248176
pd-user_5109697
pd-user_328403
pd-user_3786199
pd-user_7145568
pd-user_6532778
pd-user_8698515
pd-user_5415068
pd-user_8490361
pd-user_8858305
pd-user_2249466
pd-user_7969678
pd-user_3194269
pd-user_8632103
pd-user_5190386
pd-user_7915279
pd-user_8778603
pd-user_6820815
pd-user_7165727
pd-user_5826280
pd-user_2859109
pd-user_6455123
pd-user_8331066
pd-user_971954
pd-user_4085494
pd-user_7778817
pd-user_3318440
pd-user_3298060
pd-user_8613747
pd-user_7832467
pd-user_7124776
pd-user_2955432
pd-user_9190022
pd-user_1454332
pd-user_965182
pd-user_3630763
pd-user_2708312
pd-user_614423
pd-user_3377055
pd-user_6460443
pd-user_6883131
pd-user_4346330
pd-user_2057277
pd-user_8880143
pd-user_322248
pd-user_1775552
pd-user_549704
pd-user_5431817
pd-user_6678243
pd-user_1358644
pd-user_282448
pd-user_4449884
pd-user_2616512
pd-user_5730834
pd-user_6989152
pd-user_5793493
pd-user_2181816
pd-user_5091694
pd-user_5716492
pd-user_5654447
pd-user_5773750
pd-user_3826609
pd-user_1994487
pd-user_5866627
pd-user_6821678
pd-user_6560602
pd-user_662805
pd-user_4232277
pd-user_1735003
pd-user_1243982
pd-user_4821577
pd-user_9499635
pd-user_1232147
pd-user_8515666
pd-user_505234
pd-user_4706804
pd-user_7465178
pd-user_9253278
pd-user_2626339
pd-user_4376078
pd-user_2116208
pd-user_4893417
pd-user_3679871
pd-user_2350191
pd-user_8101535
pd-user_6329181
pd-user_5888036
pd-user_10740
pd-user_1361761
pd-user_5662220
pd-user_5681291
pd-user_2433753
pd-user_2362343
pd-user_7230848
pd-user_6979745
pd-user_2992204
pd-user_9754669
pd-user_9167409
pd-user_9278014
pd-user_180670
pd-user_6981783
pd-user_9491579
pd-user_5250178
pd-user_5808582
pd-user_6452718
pd-user_97332
pd-user_4262036
pd-user_7883143
pd-user_7047102
pd-user_9611141
pd-user_4336307
pd-user_8171451
pd-user_1962484
pd-user_977912
pd-user_7630583
pd-user_8574883
pd-user_4449096
pd-user_3979001
pd-user_9478394
pd-user_9843787
pd-user_2574295
pd-user_9168904
pd-user_1696826
pd-user_7122277
pd-user_5831222
pd-user_7411216
pd-user_1054302
pd-user_5187654
pd-user_3260772
pd-user_6598156
pd-user_6560944
pd-user_2423259
pd-user_6039098
pd-user_4830509
pd-user_9576540
pd-user_6267879
pd-user_6792323
pd-user_3014268
pd-user_7856716
pd-user_4012325
pd-user_4370474
pd-user_8290206
pd-user_3230400
pd-user_3968285
pd-user_2395618
pd-user_5347571
pd-user_7487768
pd-user_3288767
pd-user_892982
pd-user_2960262
pd-user_5925741
pd-user_6327935
pd-user_9569189
pd-user_7922112
pd-user_6584495
pd-user_3310718
pd-user_8116276
pd-user_3398392
pd-user_7866155
pd-user_7079006
pd-user_8036021
pd-user_6462723
pd-user_9018791
pd-user_1678188
pd-user_6702111
pd-user_4331630
pd-user_9773816
pd-user_6244287
pd-user_9247155
pd-user_3762044
pd-user_2818642
pd-user_6369486
pd-user_1100027
pd-user_6343343
pd-user_5244974
pd-user_6782424
pd-user_5706147
pd-user_9810747
pd-user_3562288
pd-user_3781079
pd-user_1665254
pd-user_6414316
pd-user_4611274
pd-user_6073304
pd-user_1480837
pd-user_1796892
pd-user_6892327
pd-user_308647
pd-user_3871790
pd-user_2681521
pd-user_697810
pd-user_3667420
pd-user_424538
pd-user_3723362
pd-user_5129585
pd-user_6369596
pd-user_4152881
pd-user_9641356
pd-user_6490464
pd-user_6833503
pd-user_6919509
pd-user_1586493
pd-user_1500967
pd-user_7477236
pd-user_6595196
pd-user_7040718
pd-user_2224116
pd-user_1458603
pd-user_7681108
pd-user_3813580
pd-user_9491385
pd-user_4104610
pd-user_121833
pd-user_6653422
pd-user_5539874
pd-user_7697231
pd-user_2040624
pd-user_1053944
pd-user_4438002
pd-user_1178492
pd-user_8214464
pd-user_6246429
pd-user_9000071
pd-user_6387913
pd-user_4419169
pd-user_6195037
pd-user_8772849
pd-user_2777688
pd-user_4648384
pd-user_7164755
pd-user_6258816
pd-user_2147608
pd-user_7198181
pd-user_6971334
pd-user_7883265
pd-user_2296118
pd-user_8176049
pd-user_2692848
pd-user_8283481
pd-user_5846723
pd-user_5564391
pd-user_4529572
pd-user_3916651
pd-user_2985181
pd-user_5113658
pd-user_862174
pd-user_10673
pd-user_1182153
pd-user_9823302
pd-user_3346857
pd-user_42162
pd-user_9610319
pd-user_2276589
pd-user_1065289
pd-user_7209332
pd-user_4188998
pd-user_220477
pd-user_9580565
pd-user_1185729
pd-user_1943361
pd-user_774012
pd-user_9696229
pd-user_7770222
pd-user_5356508
pd-user_8781007
pd-user_4348545
pd-user_847921
pd-user_7852567
pd-user_5504154
pd-user_6277290
pd-user_3801769
pd-user_1753416
pd-user_2877406
pd-user_8971863
pd-user_1408584
pd-user_3612325
pd-user_2202786
pd-user_3052336
pd-user_8618996
pd-user_3799301
pd-user_399711
pd-user_8345683
pd-user_405270
pd-user_2535493
pd-user_8968101
pd-user_9897464
pd-user_5877351
pd-user_6306040
pd-user_1466497
pd-user_1650132
pd-user_6322407
pd-user_3229175
pd-user_4687179
pd-user_421743
pd-user_1629077
pd-user_7772982
pd-user_8547688
pd-user_6084218
pd-user_5919102
pd-user_1343085
pd-user_5716998
pd-user_2412452
pd-user_5392089
pd-user_4951475
pd-user_3456499
pd-user_9324511
pd-user_274788
pd-user_974984
pd-user_6362848
pd-user_236241
pd-user_6233082
pd-user_6214068
pd-user_7139651
pd-user_9134820
pd-user_3802553
pd-user_3367639
pd-user_5899747
pd-user_9117732
pd-user_8016901
pd-user_2092660
pd-user_2734022
pd-user_8337423
pd-user_7934763
pd-user_1161293
pd-user_8055127
pd-user_9635232
pd-user_1171207
pd-user_4148586
pd-user_9256849
pd-user_4701605
pd-user_2393046
pd-user_7106963
pd-user_6049233
pd-user_6791011
pd-user_6557757
pd-user_3354784
pd-user_3758351
pd-user_879603
pd-user_2620110
pd-user_4498049
pd-user_8091738
pd-user_5984789
pd-user_5131541
pd-user_2237884
pd-user_3440337
pd-user_100608
pd-user_686496
pd-user_6314338
pd-user_7743944
pd-user_8761435
pd-user_141568
pd-user_4928372
pd-user_3205072
pd-user_5970953
pd-user_469346
pd-user_5817798
pd-user_9018697
pd-user_7957545
pd-user_7031221
pd-user_4159199
pd-user_5748532
pd-user_8078350
pd-user_9296636
pd-user_8145260
pd-user_4910185
pd-user_8400895
pd-user_1502485
pd-user_3260863
pd-user_5772458
pd-user_8155962
pd-user_630309
pd-user_3356838
pd-user_2253887
pd-user_6093376
pd-user_5946424
pd-user_3239921
pd-user_8687523
pd-user_3147850
pd-user_8748528
pd-user_9384674
pd-user_2072330
pd-user_3186209
pd-user_5732384
pd-user_4013963
pd-user_5524224
pd-user_6280920
pd-user_1811338
pd-user_4549842
pd-user_89070
pd-user_731520
pd-user_4212334
pd-user_885674
pd-user_1651016
pd-user_989689
pd-user_4432885
pd-user_8498626
pd-user_7684586
pd-user_3102084
pd-user_9150364
pd-user_4203837
pd-user_5310588
pd-user_3394569
pd-user_7619833
pd-user_6173021
pd-user_8419617
pd-user_973666
pd-user_5406919
pd-user_7300194
pd-user_1306298
pd-user_7274106
pd-user_4654600
pd-user_9060464
pd-user_6417946
pd-user_3995195
pd-user_4152670
pd-user_4431414
pd-user_1049452
pd-user_2766210
pd-user_253928
pd-user_4717223
pd-user_9172012
pd-user_7602111
pd-user_9926056
pd-user_7657440
pd-user_6261028
pd-user_5237036
pd-user_3784872
pd-user_7532488
pd-user_6399554
pd-user_543547
pd-user_8922774
pd-user_1213163
pd-user_7609363
pd-user_737326
pd-user_6817814
pd-user_9306511
pd-user_5491464
pd-user_7303946
pd-user_5612614
pd-user_407346
pd-user_1845948
pd-user_7361864
pd-user_3311810
pd-user_3343240
pd-user_3651319
pd-user_9458951
pd-user_7561618
pd-user_9162367
pd-user_6305963
pd-user_7514386
pd-user_7473845
pd-user_1489240
pd-user_4376388
pd-user_1579361
pd-user_3587470
pd-user_4103273
pd-user_4640022
pd-user_7762400
pd-user_4865528
pd-user_9755308
pd-user_2433129
pd-user_4810113
pd-user_5940578
pd-user_7870518
pd-user_5619437
pd-user_3662007
pd-user_7119593
pd-user_8405949
pd-user_7598097
pd-user_4423471
pd-user_2130101
pd-user_4701468
pd-user_8172169
pd-user_39501
pd-user_9137170
pd-user_2489341
pd-user_217730
pd-user_3597761
pd-user_7655083
pd-user_3136652
pd-user_1003250
pd-user_5392780
pd-user_8671629
pd-user_8715213
pd-user_7085799
pd-user_811560
pd-user_4890160
pd-user_3334287
pd-user_5176802
pd-user_5624878
pd-user_5816506
pd-user_6254174
pd-user_8001169
pd-user_6775426
pd-user_9476636
pd-user_8512887
pd-user_4663190
pd-user_5416947
pd-user_9361347
pd-user_9808564
pd-user_1793949
pd-user_8427771
pd-user_4657779
pd-user_6893424
pd-user_1970018
pd-user_3135092
pd-user_7883458
pd-user_6164395
pd-user_5955602
pd-user_8711869
pd-user_4262906
pd-user_4796667
pd-user_3312343
pd-user_2346941
pd-user_737667
pd-user_8808584
pd-user_4598346
pd-user_8629788
pd-user_4282484
pd-user_8920450
pd-user_2210316
pd-user_5060315
pd-user_2509882
pd-user_3235218
pd-user_4828856
pd-user_453665
pd-user_6440581
pd-user_7016403
pd-user_5080570
pd-user_6600207
pd-user_1870120
pd-user_6674442
pd-user_8489596
pd-user_9648356
pd-user_6912638
pd-user_1389909
pd-user_982835
pd-user_5776568
pd-user_3090183
pd-user_4808314
pd-user_785200
pd-user_7838286
pd-user_3498400
pd-user_4873315
pd-user_7433390
pd-user_7743895
pd-user_7522423
pd-user_7452078
pd-user_1980237
pd-user_1048776
pd-user_5647646
pd-user_8862253
pd-user_7629030
pd-user_7241823
pd-user_9260971
pd-user_5283580
pd-user_1331991
pd-user_6784775
pd-user_800132
pd-user_6591650
pd-user_5220316
pd-user_8798848
pd-user_9373666
pd-user_1076152
pd-user_2416750
pd-user_239972
pd-user_7396837
pd-user_2567869
pd-user_3611011
pd-user_9402013
pd-user_518903
pd-user_7585062
pd-user_3990674
pd-user_4993535
pd-user_364331
pd-user_7149903
pd-user_2346936
pd-user_8680665
pd-user_14879
pd-user_2845668
pd-user_3377678
pd-user_7774409
pd-user_8393954
pd-user_911652
pd-user_919223
pd-user_6756752
pd-user_7407875
pd-user_8173110
pd-user_471876
pd-user_1316683
pd-user_1603708
pd-user_6920186
pd-user_4016797
pd-user_1753684
pd-user_5314972
pd-user_9649865
pd-user_5834317
pd-user_706054
pd-user_1113870
pd-user_9468309
pd-user_4089324
pd-user_1463300
pd-user_2890098
pd-user_327313
pd-user_3832735
pd-user_8116665
pd-user_8479955
pd-user_4019466
pd-user_5367686
pd-user_2513563
pd-user_825338
pd-user_738108
pd-user_1866002
pd-user_2451511
pd-user_3129354
pd-user_4440397
pd-user_185561
pd-user_2135033
pd-user_5255615
pd-user_4172594
pd-user_5113293
pd-user_9744672
pd-user_1773040
pd-user_2613352
pd-user_7335531
pd-user_2525325
pd-user_4948591
pd-user_6544817
pd-user_2716303
pd-user_8272409
pd-user_6375254
pd-user_2781743
pd-user_9695181
pd-user_8797702
pd-user_2013415
pd-user_8205876
pd-user_3213263
pd-user_2173568
pd-user_2998694
pd-user_3443817
pd-user_5712414
pd-user_2624210
pd-user_5552266
pd-user_2782868
pd-user_1697171
pd-user_202535
pd-user_6452023
pd-user_2191691
pd-user_4661487
pd-user_2108976
pd-user_1558244
pd-user_9219751
pd-user_9671097
pd-user_9544939
pd-user_3286967
pd-user_4318230
pd-user_4056602
pd-user_7522005
pd-user_9735060
pd-user_302820
pd-user_9803456
pd-user_6017972
pd-user_5721364
pd-user_975802
pd-user_7013177
pd-user_6521312
pd-user_7003910
pd-user_6287483
pd-user_9189752
pd-user_3423912
pd-user_3543954
pd-user_1865380
pd-user_9717534
pd-user_9013116
pd-user_4731051
pd-user_2837492
pd-user_3574246
pd-user_8312248
pd-user_3471880
pd-user_9496447
pd-user_5492879
pd-user_4877121
pd-user_3803947
pd-user_1081995
pd-user_4088212
pd-user_5363887
pd-user_2912744
pd-user_1724846
pd-user_9575947
pd-user_401018
pd-user_6548593
pd-user_875736
pd-user_4353598
pd-user_634995
pd-user_3601595
pd-user_3555198
pd-user_2407355
pd-user_8090903
pd-user_4527346
pd-user_5588281
pd-user_4672956
pd-user_9830882
pd-user_8732812
pd-user_4948797
pd-user_6365618
pd-user_277536
pd-user_6284092
pd-user_2135232
pd-user_4215776
pd-user_19225
pd-user_1431881
pd-user_7469181
pd-user_148202
pd-user_4141455
pd-user_5991849
pd-user_8461778
pd-user_441983
pd-user_3963783
pd-user_1529599
pd-user_5173340
pd-user_6984093
pd-user_2127824
pd-user_7340114
pd-user_2413003
pd-user_6076873
pd-user_2590224
pd-user_7976986
pd-user_7297461
pd-user_9888653
pd-user_9409301
pd-user_7240551
pd-user_4169583
pd-user_8286525
pd-user_4359883
pd-user_6991062
pd-user_9655319
pd-user_4896509
pd-user_1193389
pd-user_9990818
pd-user_746050
pd-user_3514732
pd-user_4430377
pd-user_7688525
pd-user_4922085
pd-user_3836399
pd-user_2408967
pd-user_7501797
pd-user_4620153
pd-user_8547141
pd-user_7552321
pd-user_7153432
pd-user_7275351
pd-user_9951844
pd-user_470740
pd-user_8510504
pd-user_567882
pd-user_2966719
pd-user_392622
pd-user_1757298
pd-user_6747364
pd-user_776753
pd-user_6634703
pd-user_4213496
pd-user_4096810
pd-user_750595
pd-user_8738021
pd-user_9469062
pd-user_8636752
pd-user_2334651
pd-user_2508501
pd-user_8666228
pd-user_8452943
pd-user_8539180
pd-user_118972
pd-user_3745418
pd-user_4795010
pd-user_1724690
pd-user_6332142
pd-user_7839412
pd-user_8082845
pd-user_1465021
pd-user_2423125
pd-user_193590
pd-user_319033
pd-user_6377124
pd-user_798655
pd-user_7320211
pd-user_190561
pd-user_6743539
pd-user_5180782
pd-user_3251409
pd-user_6695533
pd-user_4185242
pd-user_6090799
pd-user_9678645
pd-user_6268391
pd-user_8061134
pd-user_419341
pd-user_181514
pd-user_3534109
pd-user_9160786
pd-user_8451931
pd-user_1198295
pd-user_1618606
pd-user_8829349
pd-user_8121868
pd-user_704491
pd-user_9062114
pd-user_6807763
pd-user_4979499
pd-user_3928253
pd-user_8154627
pd-user_5155007
pd-user_2948647
pd-user_7038395
pd-user_8613353
pd-user_4105914
pd-user_3751538
pd-user_5779550
pd-user_1364978
pd-user_6966457
pd-user_9913710
pd-user_5619689
pd-user_9193596
pd-user_8232877
pd-user_6348083
pd-user_858296
pd-user_4484659
pd-user_3470481
pd-user_7623342
pd-user_3711137
pd-user_1269648
pd-user_8500004
pd-user_7238090
pd-user_795600
pd-user_7634137
pd-user_396825
pd-user_3032109
pd-user_8274517
pd-user_1612887
pd-user_6865275
pd-user_5059174
pd-user_9772531
pd-user_4499746
pd-user_5971651
pd-user_9869103
pd-user_3173514
pd-user_7603631
pd-user_8874935
pd-user_2652747
pd-user_3520540
pd-user_9544932
pd-user_5899741
pd-user_7050118
pd-user_7688768
pd-user_7015873
pd-user_8089171
pd-user_2772416
pd-user_5677337
pd-user_3544170
pd-user_3116835
pd-user_3234958
pd-user_2526547
pd-user_6154541
pd-user_50933
pd-user_231752
pd-user_8282245
pd-user_3131710
pd-user_8610353
pd-user_1239129
pd-user_8015545
pd-user_452798
pd-user_4777586
pd-user_1082572
pd-user_7293905
pd-user_719519
pd-user_379318
pd-user_7913530
pd-user_2128894
pd-user_5505563
pd-user_3202140
pd-user_6191715
pd-user_3230155
pd-user_2084285
pd-user_4082154
pd-user_9939863
pd-user_8113290
pd-user_6167458
pd-user_8837740
pd-user_6723262
pd-user_5794094
pd-user_3116018
pd-user_4411535
pd-user_6119784
pd-user_8433316
pd-user_3618501
pd-user_7029789
pd-user_8869083
pd-user_1171503
pd-user_6327218
pd-user_3896673
pd-user_6560864
pd-user_500431
pd-user_7316118
pd-user_7785970
pd-user_6681832
pd-user_9961594
pd-user_5252751
pd-user_889485
pd-user_7856320
pd-user_2223019
pd-user_8982692
pd-user_5130583
pd-user_8839674
pd-user_3274121
pd-user_4970576
pd-user_7898159
pd-user_6012719
pd-user_8228060
pd-user_3516074
pd-user_1601427
pd-user_4195287
pd-user_5930296
pd-user_468227
pd-user_5895163
pd-user_4916097
pd-user_5292335
pd-user_9627697
pd-user_613428
pd-user_5533876
pd-user_9614008
pd-user_1199906
pd-user_455054
pd-user_6240182
pd-user_6460573
pd-user_4642162
pd-user_5903848
pd-user_2265970
pd-user_9693917
pd-user_4335645
pd-user_1239690
pd-user_5289962
pd-user_6846000
pd-user_3662220
pd-user_6214923
pd-user_7730105
pd-user_9549062
pd-user_8642007
pd-user_2211629
pd-user_461808
pd-user_855339
pd-user_8177254
pd-user_6161864
pd-user_3693151
pd-user_4458073
pd-user_6143226
pd-user_1794605
pd-user_2482267
pd-user_3167124
pd-user_4240608
pd-user_2297287
pd-user_7869083
pd-user_864105
pd-user_615302
pd-user_9258329
pd-user_4340301
pd-user_9129206
pd-user_9431279
pd-user_6194522
pd-user_2363775
pd-user_3206856
pd-user_8153647
pd-user_6259893
pd-user_7226607
pd-user_5183952
pd-user_5343354
pd-user_8140174
pd-user_1068764
pd-user_9796479
pd-user_3777004
pd-user_3560501
pd-user_5082830
pd-user_4293594
pd-user_9088485
pd-user_8766528
pd-user_4450964
pd-user_5376087
pd-user_6740444
pd-user_2982827
pd-user_9975263
pd-user_1203276
pd-user_4870105
pd-user_5680671
pd-user_3299302
pd-user_1639880
pd-user_2365945
pd-user_3898236
pd-user_2625560
pd-user_3843498
pd-user_6547032
pd-user_5304921
pd-user_6267920
pd-user_2341762
pd-user_3939350
pd-user_3206219
pd-user_1337388
pd-user_7946209
pd-user_2343788
pd-user_6587117
pd-user_1086476
pd-user_9014053
pd-user_3131848
pd-user_6526776
pd-user_7013316
pd-user_9563674
pd-user_5648408
pd-user_4193244
pd-user_6979482
pd-user_2153695
pd-user_8950724
pd-user_2812492
pd-user_5070141
pd-user_1691766
pd-user_3644831
pd-user_7688691
pd-user_8336388
pd-user_3658214
pd-user_8284852
pd-user_5788587
pd-user_3840823
pd-user_5147576
pd-user_6865344
pd-user_9215304
pd-user_8881914
pd-user_5337913
pd-user_7573368
pd-user_4828941
pd-user_4910819
pd-user_5794245
pd-user_3293847
pd-user_5711485
pd-user_8201279
pd-user_3754813
pd-user_9145212
pd-user_1399355
pd-user_1617283
pd-user_4753480
pd-user_4919923
pd-user_6044593
pd-user_6787226
pd-user_6336815
pd-user_5471579
pd-user_4755129
pd-user_873531
pd-user_7342262
pd-user_3211967
pd-user_1345850
pd-user_8736776
pd-user_1570802
pd-user_3549361
pd-user_451431
pd-user_9529732
pd-user_6649193
pd-user_511929
pd-user_7011888
pd-user_5668684
pd-user_2381828
pd-user_1666680
pd-user_538672
pd-user_1518930
pd-user_7976741
pd-user_686018
pd-user_9228746
pd-user_5291915
pd-user_5282526
pd-user_4395544
pd-user_8154541
pd-user_3100022
pd-user_7423476
pd-user_8653008
pd-user_8261753
pd-user_278148
pd-user_499815
pd-user_5042880
pd-user_6280036
pd-user_2805587
pd-user_2081686
pd-user_6460364
pd-user_3235906
pd-user_9580310
pd-user_6571514
pd-user_9722469
pd-user_5740828
pd-user_2124784
pd-user_4415719
pd-user_5450559
pd-user_8831080
pd-user_7171142
pd-user_4573407
pd-user_7764356
pd-user_996747
pd-user_2634608
pd-user_8539922
pd-user_1282353
pd-user_5965477
pd-user_5531876
pd-user_6297153
pd-user_9726067
pd-user_529960
pd-user_9036197
pd-user_7298447
pd-user_452451
pd-user_9491141
pd-user_6440075
pd-user_9457713
pd-user_8345037
pd-user_3588501
pd-user_9813648
pd-user_5824101
pd-user_8105017
pd-user_618694
pd-user_3981727
pd-user_2527026
pd-user_5802230
pd-user_9853108
pd-user_4274486
pd-user_9759542
pd-user_2373913
pd-user_8214818
pd-user_6701039
pd-user_6842431
pd-user_5970806
pd-user_3931911
pd-user_7676204
pd-user_5609696
pd-user_4011067
pd-user_7820631
pd-user_7670226
pd-user_9367660
pd-user_4986643
pd-user_4349248
pd-user_8115957
pd-user_3187966
pd-user_1083152
pd-user_7594393
pd-user_9138336
pd-user_5870368
pd-user_3414130
pd-user_7080665
pd-user_5473820
pd-user_6642732
pd-user_6660399
pd-user_9197209
pd-user_2710171
pd-user_3183387
pd-user_2356483
pd-user_8132853
pd-user_1915234
pd-user_9792494
pd-user_5126312
pd-user_2807999
pd-user_3621375
pd-user_2721759
pd-user_1224004
pd-user_6923397
pd-user_4845258
pd-user_7264128
pd-user_8042017
pd-user_4134773
pd-user_6263944
pd-user_9588847
pd-user_8649301
pd-user_8789841
pd-user_8411081
pd-user_1511116
pd-user_2176376
pd-user_2380015
pd-user_4158539
pd-user_5918214
pd-user_6110580
pd-user_4627634
pd-user_9118826
pd-user_4548286
pd-user_5610270
pd-user_2245136
pd-user_9089198
pd-user_2809874
pd-user_8109966
pd-user_3708161
pd-user_1723508
pd-user_489646
pd-user_5540984
pd-user_491262
pd-user_9628934
pd-user_5886262
pd-user_8783962
pd-user_222540
pd-user_4135419
pd-user_2525692
pd-user_268998
pd-user_1990118
pd-user_952817
pd-user_111608
pd-user_8854305
pd-user_3458714
pd-user_2919088
pd-user_8948965
pd-user_7428067
pd-user_6483276
pd-user_5437665
pd-user_2631801
pd-user_46552
pd-user_5395159
pd-user_9638768
pd-user_2322118
pd-user_7285653
pd-user_4232173
pd-user_812043
pd-user_6899587
pd-user_3620464
pd-user_1821817
pd-user_6168610
pd-user_2158102
pd-user_8546440
pd-user_5438198
pd-user_5184945
pd-user_8119188
pd-user_6923778
pd-user_1444715
pd-user_8225576
pd-user_3846429
pd-user_7328137
pd-user_3961503
pd-user_9082299
pd-user_3330649
pd-user_9907571
pd-user_6769164
pd-user_5695515
pd-user_9118981
pd-user_7081321
pd-user_6120711
pd-user_6702210
pd-user_7522034
pd-user_3543470
pd-user_5724546
pd-user_3455955
pd-user_7155178
pd-user_9806110
pd-user_4302087
pd-user_2271790
pd-user_3347442
pd-user_482208
pd-user_1402459
pd-user_1160363
pd-user_3845105
pd-user_8782868
pd-user_1917618
pd-user_4985404
pd-user_7311710
pd-user_4067820
pd-user_8798672
pd-user_6321365
pd-user_6014951
pd-user_1521401
pd-user_6394775
pd-user_4844953
pd-user_9413129
pd-user_7719548
pd-user_7680224
pd-user_4713306
pd-user_5314978
pd-user_3863409
pd-user_3425231
pd-user_4911969
pd-user_5896739
pd-user_1466617
pd-user_4201038
pd-user_8720519
pd-user_8975293
pd-user_9847196
pd-user_2975253
pd-user_4122550
pd-user_4039151
pd-user_5769878
pd-user_5737075
pd-user_831235
pd-user_2729698
pd-user_6910832
pd-user_1724356
pd-user_63050
pd-user_1911110
pd-user_1706087
pd-user_6445961
pd-user_792964
pd-user_8362180
pd-user_8093026
pd-user_1315994
pd-user_713972
pd-user_1517116
pd-user_5353387
pd-user_1267556
pd-user_8384151
pd-user_6035569
pd-user_8839749
pd-user_9887059
pd-user_5605142
pd-user_1488617
pd-user_1487840
pd-user_7012921
pd-user_6649646
pd-user_404801
pd-user_2381970
pd-user_5679503
pd-user_9895220
pd-user_17755
pd-user_1664237
pd-user_8684375
pd-user_2139872
pd-user_5701302
pd-user_1877467
pd-user_760852
pd-user_2810198
pd-user_3894328
pd-user_5532784
pd-user_4630031
pd-user_1472903
pd-user_5779058
pd-user_9577582
pd-user_1228438
pd-user_3100726
pd-user_3285720
pd-user_2145039
pd-user_3619648
pd-user_8622653
pd-user_9880113
pd-user_9168618
pd-user_5598152
pd-user_1381304
pd-user_5939844
pd-user_3099823
pd-user_7668063
pd-user_3227026
pd-user_9848579
pd-user_706543
pd-user_5567185
pd-user_9320278
pd-user_667549
pd-user_5130220
pd-user_9085017
pd-user_8014039
pd-user_1842059
pd-user_4434511
pd-user_7176560
pd-user_1030895
pd-user_8749146
pd-user_1776375
pd-user_8317512
pd-user_7676425
pd-user_5009338
pd-user_8579492
pd-user_9236142
pd-user_4280650
pd-user_1612017
pd-user_8719291
pd-user_5192709
pd-user_5300217
pd-user_3430910
pd-user_6457068
pd-user_6462121
pd-user_844922
pd-user_4308433
pd-user_4684625
pd-user_9185429
pd-user_1625022
pd-user_7315067
pd-user_5926827
pd-user_6733752
pd-user_3537824
pd-user_4162825
pd-user_1111608
pd-user_9662105
pd-user_2153034
pd-user_7051658
pd-user_2774762
pd-user_1496298
pd-user_7361813
pd-user_5460503
pd-user_8825742
pd-user_7655165
pd-user_7337841
pd-user_3803966
pd-user_6441581
pd-user_4625046
pd-user_3578027
pd-user_872394
pd-user_966231
pd-user_7985075
pd-user_5845288
pd-user_7379724
pd-user_7413118
pd-user_6029535
pd-user_6087083
pd-user_1878523
pd-user_9357063
pd-user_9290853
pd-user_3485528
pd-user_2219078
pd-user_6854305
pd-user_7024998
pd-user_8965327
pd-user_4079653
pd-user_9623104
pd-user_137420
pd-user_9734800
pd-user_2687294
pd-user_9506589
pd-user_2556647
pd-user_6110584
pd-user_1389566
pd-user_6546732
pd-user_1403047
pd-user_3399691
pd-user_1911902
pd-user_2582824
pd-user_1696313
pd-user_6343852
pd-user_8385747
pd-user_9609966
pd-user_5605778
pd-user_5080743
pd-user_4278206
pd-user_1281358
pd-user_1105914
pd-user_8867107
pd-user_755621
pd-user_1706060
pd-user_6578716
pd-user_9192255
pd-user_5605790
pd-user_3905677
pd-user_3604827
pd-user_2870933
pd-user_9042348
pd-user_4906532
pd-user_5518076
pd-user_8668808
pd-user_9413153
pd-user_311928
pd-user_4965355
pd-user_892264
pd-user_3435931
pd-user_4985085
pd-user_9553969
pd-user_114290
pd-user_5616096
pd-user_1334512
pd-user_5439914
pd-user_8753323
pd-user_5315805
pd-user_3382881
pd-user_1368399
pd-user_335714
pd-user_8315014
pd-user_6018007
pd-user_7123713
pd-user_1376531
pd-user_328871
pd-user_8525052
pd-user_9119402
pd-user_910224
pd-user_436200
pd-user_8458746
pd-user_9273758
pd-user_8585392
pd-user_6062320
pd-user_9773458
pd-user_9010588
pd-user_5402629
pd-user_112371
pd-user_7243897
pd-user_5549627
pd-user_4569382
pd-user_3799599
pd-user_8020972
pd-user_9605653
pd-user_8243000
pd-user_7697332
pd-user_1776589
pd-user_585976
pd-user_6141718
pd-user_5692958
pd-user_227606
pd-user_1624963
pd-user_3105361
pd-user_7396199
pd-user_8228701
pd-user_4554527
pd-user_353911
pd-user_7842137
pd-user_4964647
pd-user_9464262
pd-user_3075902
pd-user_2899546
pd-user_9951405
pd-user_2459297
pd-user_297742
pd-user_9580069
pd-user_8956796
pd-user_9874682
pd-user_6384729
pd-user_8557073
pd-user_3830584
pd-user_7222834
pd-user_8777673
pd-user_8313732
pd-user_3998323
pd-user_4564595
pd-user_5623403
pd-user_4365646
pd-user_8909049
pd-user_2702367
pd-user_6338859
pd-user_8031078
pd-user_1005919
pd-user_8446313
pd-user_4572241
pd-user_6076774
pd-user_2517253
pd-user_5035498
pd-user_7873275
pd-user_9555249
pd-user_7390347
pd-user_935281
pd-user_2074891
pd-user_6353401
pd-user_2435935
pd-user_806647
pd-user_9040432
pd-user_3134839
pd-user_2751796
pd-user_6980777
pd-user_6454367
pd-user_8774702
pd-user_6933305
pd-user_6768432
pd-user_3190957
pd-user_1099698
pd-user_1955640
pd-user_5343016
pd-user_9853663
pd-user_8320657
pd-user_4259292
pd-user_2889888
pd-user_3434917
pd-user_4603898
pd-user_1744516
pd-user_9091562
pd-user_2378546
pd-user_5190055
pd-user_2650536
pd-user_8371826
pd-user_1621717
pd-user_3743893
pd-user_8932087
pd-user_6663029
pd-user_6375471
pd-user_8833960
pd-user_6477012
pd-user_4234695
pd-user_350919
pd-user_9013877
pd-user_3938975
pd-user_1668005
pd-user_247928
pd-user_6503642
pd-user_9541705
pd-user_5602314
pd-user_4328432
pd-user_3649773
pd-user_7356243
pd-user_8120061
pd-user_594429
pd-user_153579
pd-user_2402424
pd-user_6022058
pd-user_1011728
pd-user_5862485
pd-user_459059
pd-user_4087429
pd-user_5163174
pd-user_5842271
pd-user_6679125
pd-user_9946211
pd-user_9956727
pd-user_7396928
pd-user_6333852
pd-user_4775415
pd-user_7573553
pd-user_4818480
pd-user_7017663
pd-user_364465
pd-user_747486
pd-user_2811091
pd-user_4176643
pd-user_518597
pd-user_4213513
pd-user_6195044
pd-user_9375248
pd-user_8441358
pd-user_6294221
pd-user_1618696
pd-user_8528597
pd-user_6288310
pd-user_2112429
pd-user_9702590
pd-user_600022
pd-user_3328419
pd-user_507006
pd-user_1937447
pd-user_6801401
pd-user_3803918
pd-user_4635623
pd-user_792176
pd-user_7345417
pd-user_1144421
pd-user_4799656
pd-user_7226416
pd-user_393977
pd-user_438354
pd-user_6988193
pd-user_4286896
pd-user_7934023
pd-user_7752828
pd-user_5523609
pd-user_5665828
pd-user_3166244
pd-user_4258323
pd-user_993344
pd-user_5112709
pd-user_9496758
pd-user_6401173
pd-user_7928986
pd-user_9956016
pd-user_3530152
pd-user_9331875
pd-user_4317886
pd-user_8950480
pd-user_5867060
pd-user_5575813
pd-user_2494756
pd-user_3691821
pd-user_2435066
pd-user_8061098
pd-user_3785158
pd-user_1054816
pd-user_8858473
pd-user_7578536
pd-user_56001
pd-user_5855559
pd-user_3489020
pd-user_1572332
pd-user_5485632
pd-user_2620605
pd-user_998689
pd-user_2069044
pd-user_4758557
pd-user_3766225
pd-user_4655069
pd-user_1497376
pd-user_3023952
pd-user_3409711
pd-user_6435907
pd-user_6343104
pd-user_6797831
pd-user_6716538
pd-user_8362468
pd-user_6402595
pd-user_3760276
pd-user_7442200
pd-user_1782894
pd-user_7612385
pd-user_6824846
pd-user_2628772
pd-user_7005452
pd-user_7214629
pd-user_2677619
pd-user_6066518
pd-user_7867683
pd-user_7006883
pd-user_1709741
pd-user_9103684
pd-user_3883380
pd-user_2773634
pd-user_8764656
pd-user_6384504
pd-user_2066559
pd-user_8067991
pd-user_432999
pd-user_9856906
pd-user_2535943
pd-user_9782072
pd-user_245327
pd-user_7746960
pd-user_7900153
pd-user_7079171
pd-user_8905670
pd-user_9899219
pd-user_5763518
pd-user_5751955
pd-user_2196628
pd-user_1164191
pd-user_9989226
pd-user_9105221
pd-user_3714197
pd-user_1036666
pd-user_8545231
pd-user_43913
pd-user_1030856
pd-user_650529
pd-user_5129275
pd-user_5488545
pd-user_9142199
pd-user_6602222
pd-user_7918563
pd-user_789094
pd-user_993256
pd-user_1959292
pd-user_3338865
pd-user_9635283
pd-user_4446040
pd-user_9488220
pd-user_332732
pd-user_2532893
pd-user_3535421
pd-user_2118142
pd-user_9184006
pd-user_8317970
pd-user_1535253
pd-user_1283280
pd-user_2849737
pd-user_2093393
pd-user_9544538
pd-user_6049171
pd-user_5076977
pd-user_3231673
pd-user_5478718
pd-user_3483150
pd-user_4253874
pd-user_4250982
pd-user_9190468
pd-user_6870790
pd-user_6148824
pd-user_2544028
pd-user_9674000
pd-user_4001853
pd-user_9672655
pd-user_9937027
pd-user_485658
pd-user_8830524
pd-user_9226701
pd-user_359309
pd-user_7403814
pd-user_5907269
pd-user_8434437
pd-user_8777066
pd-user_2855463
pd-user_3945605
pd-user_7861913
pd-user_4830232
pd-user_2368856
pd-user_8876968
pd-user_3504421
pd-user_8130359
pd-user_8448052
pd-user_5830798
pd-user_9623099
pd-user_5459595
pd-user_8937947
pd-user_170045
pd-user_6587013
pd-user_7236814
pd-user_6202500
pd-user_6705149
pd-user_6550863
pd-user_7744461
pd-user_4464138
pd-user_161336
pd-user_5768286
pd-user_7515522
pd-user_1569606
pd-user_3568678
pd-user_5560790
pd-user_3472670
pd-user_1693206
pd-user_805135
pd-user_8064615
pd-user_1176140
pd-user_2076302
pd-user_3617961
pd-user_4103641
pd-user_1002099
pd-user_8966439
pd-user_1020390
pd-user_39672
pd-user_3584815
pd-user_2330467
pd-user_6046946
pd-user_6669682
pd-user_5957053
pd-user_7488877
pd-user_9882808
pd-user_5221791
pd-user_5892763
pd-user_595667
pd-user_3058880
pd-user_5852262
pd-user_6719285
pd-user_5681136
pd-user_3843314
pd-user_1028545
pd-user_9716223
pd-user_9712142
pd-user_6157991
pd-user_1447884
pd-user_7118490
pd-user_8732028
pd-user_8445859
pd-user_163453
pd-user_192401
pd-user_3380936
pd-user_7961692
pd-user_3602905
pd-user_1063000
pd-user_6492123
pd-user_9480537
pd-user_7055441
pd-user_1801498
pd-user_3290819
pd-user_9834873
pd-user_8420107
pd-user_1301540
pd-user_2189530
pd-user_1005991
pd-user_9119505
pd-user_1091530
pd-user_2294404
pd-user_9696577
pd-user_116343
pd-user_2591457
pd-user_9531100
pd-user_8837768
pd-user_6620143
pd-user_9580970
pd-user_7200212
pd-user_1261189
pd-user_9153808
pd-user_3637328
pd-user_8574802
pd-user_9338744
pd-user_9633106
pd-user_2432646
pd-user_8052504
pd-user_4350211
pd-user_1741435
pd-user_1596943
pd-user_2663477
pd-user_6656771
pd-user_6076378
pd-user_7939295
pd-user_9854107
pd-user_6971427
pd-user_5682842
pd-user_3285580
pd-user_8868909
pd-user_3934603
pd-user_172306
pd-user_1580759
pd-user_650105
pd-user_2335161
pd-user_9085013
pd-user_93059
pd-user_9369552
pd-user_3552904
pd-user_2167973
pd-user_9111022
pd-user_502570
pd-user_1771362
pd-user_5027832
pd-user_2101535
pd-user_3851090
pd-user_3337950
pd-user_2726116
pd-user_6855645
pd-user_4453606
pd-user_256797
pd-user_4321095
pd-user_2311866
pd-user_828896
pd-user_3887696
pd-user_6440680
pd-user_1127548
pd-user_4369781
pd-user_6149430
pd-user_9055058
pd-user_2132270
pd-user_2486917
pd-user_6973156
pd-user_8907818
pd-user_2590967
pd-user_2819186
pd-user_8802936
pd-user_149504
pd-user_5230467
pd-user_9487012
pd-user_1514216
pd-user_4239492
pd-user_6199582
pd-user_5355057
pd-user_5461239
pd-user_9034303
pd-user_7802662
pd-user_9744080
pd-user_1948082
pd-user_9843444
pd-user_7642141
pd-user_5069131
pd-user_4143437
pd-user_4307069
pd-user_5068109
pd-user_9915063
pd-user_2212725
pd-user_3583082
pd-user_6729027
pd-user_6528582
pd-user_4856419
pd-user_3034057
pd-user_4370815
pd-user_6542679
pd-user_262908
pd-user_2199931
pd-user_2057690
pd-user_1071364
pd-user_4323042
pd-user_9610838
pd-user_6760859
pd-user_9806136
pd-user_4760021
pd-user_3955522
pd-user_3574847
pd-user_7310133
pd-user_8786032
pd-user_7878827
pd-user_5999911
pd-user_7486367
pd-user_3197719
pd-user_7183732
pd-user_7119835
pd-user_1678248
pd-user_5833047
pd-user_2293972
pd-user_5733651
pd-user_5103869
pd-user_509005
pd-user_921980
pd-user_8160041
pd-user_889026
pd-user_7800405
pd-user_5205200
pd-user_9148989
pd-user_3336678
pd-user_5869327
pd-user_2012567
pd-user_8438935
pd-user_6104324
pd-user_6765424
pd-user_802744
pd-user_1220092
pd-user_2586887
pd-user_3018696
pd-user_5824316
pd-user_3290912
pd-user_8829193
pd-user_5555369
pd-user_8499535
pd-user_5398414
pd-user_1550928
pd-user_6059625
pd-user_1057220
pd-user_6893827
pd-user_3492295
pd-user_9072622
pd-user_4695482
pd-user_2584802
pd-user_6712717
pd-user_6876218
pd-user_3915495
pd-user_6518380
pd-user_577151
pd-user_5880693
pd-user_743222
pd-user_4231690
pd-user_3190495
pd-user_2926067
pd-user_3938329
pd-user_3717296
pd-user_162762
pd-user_9282297
pd-user_4490656
pd-user_5987428
pd-user_9827610
pd-user_4624127
pd-user_6506931
pd-user_8143981
pd-user_8485493
pd-user_388392
pd-user_66026
pd-user_999288
pd-user_4632125
pd-user_747337
pd-user_9870777
pd-user_6949585
pd-user_1606165
pd-user_4535482
pd-user_344723
pd-user_99645
pd-user_6420018
pd-user_594715
pd-user_2850164
pd-user_7785904
pd-user_7612553
pd-user_6072863
pd-user_3967457
pd-user_4062614
pd-user_339355
pd-user_7629708
pd-user_9515731
pd-user_1691507
pd-user_7294727
pd-user_7114811
pd-user_5999325
pd-user_4427915
pd-user_1073715
pd-user_2248254
pd-user_6936742
pd-user_8253542
pd-user_3083703
pd-user_9445132
pd-user_9713619
pd-user_9369110
pd-user_6401387
pd-user_2665199
pd-user_6049970
pd-user_1979571
pd-user_9909027
pd-user_7508831
pd-user_3314929
pd-user_6100949
pd-user_2133683
pd-user_4357569
pd-user_5073249
pd-user_5959728
pd-user_9165298
pd-user_953804
pd-user_7147824
pd-user_3546931
pd-user_8175009
pd-user_6399987
pd-user_7633456
pd-user_1794875
pd-user_5204456
pd-user_4590618
pd-user_1168823
pd-user_7102019
pd-user_9684970
pd-user_4100250
pd-user_5375977
pd-user_2760589
pd-user_4097947
pd-user_9085083
pd-user_3522172
pd-user_3112285
pd-user_8681527
pd-user_5164650
pd-user_3203530
pd-user_6547043
pd-user_8509617
pd-user_8977744
pd-user_9476341
pd-user_5421841
pd-user_210171
pd-user_9579522
pd-user_9217964
pd-user_3462689
pd-user_9912528
pd-user_5983010
pd-user_9536138
pd-user_4777539
pd-user_5000264
pd-user_9754492
pd-user_8459131
pd-user_1048073
pd-user_1948475
pd-user_3579852
pd-user_1570568
pd-user_2222104
pd-user_1981084
pd-user_7869381
pd-user_4011443
pd-user_6552500
pd-user_2534224
pd-user_1098801
pd-user_8805909
pd-user_5040974
pd-user_8677638
pd-user_7278691
pd-user_9718991
pd-user_8445803
pd-user_8524569
pd-user_8487969
pd-user_1329336
pd-user_6796288
pd-user_9324004
pd-user_7416889
pd-user_5731671
pd-user_5734300
pd-user_61603
pd-user_1085608
pd-user_4905054
pd-user_2857976
pd-user_6580758
pd-user_6068207
pd-user_5843352
pd-user_1066314
pd-user_6267733
pd-user_4665184
pd-user_5372477
pd-user_7201569
pd-user_551779
pd-user_1519812
pd-user_7526643
pd-user_6362129
pd-user_3456428
pd-user_8381019
pd-user_5024836
pd-user_5879224
pd-user_9333221
pd-user_4623453
pd-user_759716
pd-user_539759
pd-user_2572783
pd-user_4161057
pd-user_9744786
pd-user_4527399
pd-user_7099281
pd-user_4444195
pd-user_9398918
pd-user_4128151
pd-user_8062845
pd-user_8660392
pd-user_186129
pd-user_7767199
pd-user_4751911
pd-user_9390589
pd-user_8100992
pd-user_5956453
pd-user_1074908
pd-user_9703774
pd-user_6108123
pd-user_7923996
pd-user_8790692
pd-user_4001247
pd-user_6637987
pd-user_4749869
pd-user_3740863
pd-user_8522439
pd-user_9199531
pd-user_7324608
pd-user_6974733
pd-user_6817797
pd-user_4221998
pd-user_5275813
pd-user_4597926
pd-user_9448475
pd-user_3885479
pd-user_2249406
pd-user_7505473
pd-user_3958890
pd-user_996072
pd-user_7811258
pd-user_2012077
pd-user_3095904
pd-user_1873138
pd-user_343470
pd-user_5688388
pd-user_6062412
pd-user_5923696
pd-user_1866444
pd-user_700458
pd-user_6732988
pd-user_3007079
pd-user_2926945
pd-user_6686795
pd-user_4968239
pd-user_1166529
pd-user_3858762
pd-user_9159123
pd-user_2724877
pd-user_2713411
pd-user_2244705
pd-user_8818463
pd-user_4242139
pd-user_8813591
pd-user_1693370
pd-user_5864165
pd-user_3841593
pd-user_9436593
pd-user_3480569
pd-user_4588133
pd-user_1099151
pd-user_7293170
pd-user_5171939
pd-user_633610
pd-user_3382215
pd-user_5490382
pd-user_3321748
pd-user_3756675
pd-user_3448084
pd-user_1968485
pd-user_6492378
pd-user_97310
pd-user_3628377
pd-user_4559598
pd-user_2795810
pd-user_37160
pd-user_7315122
pd-user_4316515
pd-user_4939536
pd-user_3992499
pd-user_1179073
pd-user_2179140
pd-user_6874955
pd-user_6545144
pd-user_3652861
pd-user_1091867
pd-user_556424
pd-user_9774693
pd-user_3995423
pd-user_2153606
pd-user_6614546
pd-user_290396
pd-user_3204229
pd-user_3253220
pd-user_2161774
pd-user_2425126
pd-user_6461935
pd-user_1398370
pd-user_5491983
pd-user_9573076
pd-user_1355530
pd-user_5398522
pd-user_2857602
pd-user_1259282
pd-user_194193
pd-user_2866631
pd-user_7381828
pd-user_8666700
pd-user_4221434
pd-user_1324182
pd-user_5106146
pd-user_3139001
pd-user_813824
pd-user_8693941
pd-user_6335923
pd-user_9411545
pd-user_1388324
pd-user_8369128
pd-user_1149219
pd-user_7931684
pd-user_946518
pd-user_1891864
pd-user_1134240
pd-user_6407906
pd-user_2461700
pd-user_5311734
pd-user_2326670
pd-user_9933378
pd-user_8431078
pd-user_2079137
pd-user_1924942
pd-user_572976
pd-user_8201946
pd-user_1395028
pd-user_4695469
pd-user_4008128
pd-user_9259929
pd-user_6189356
pd-user_9245003
pd-user_122155
pd-user_1265326
pd-user_2176086
pd-user_2679057
pd-user_6827815
pd-user_2312883
pd-user_1445579
pd-user_6664921
pd-user_554078
pd-user_2489974
pd-user_7396266
pd-user_8412621
pd-user_311836
pd-user_7734580
pd-user_275142
pd-user_8604519
pd-user_5741744
pd-user_9713574
pd-user_7979658
pd-user_9546688
pd-user_2167285
pd-user_1351323
pd-user_956932
pd-user_1465005
pd-user_6599100
pd-user_9526077
pd-user_3316676
pd-user_5615556
pd-user_8750642
pd-user_1987948
pd-user_7860864
pd-user_6621034
pd-user_5590187
pd-user_662548
pd-user_5577276
pd-user_4544964
pd-user_650627
pd-user_5740406
pd-user_972651
pd-user_3121020
pd-user_5435751
pd-user_9909732
pd-user_7089579
pd-user_7583640
pd-user_3864750
pd-user_5333911
pd-user_6069117
pd-user_9078158
pd-user_1311319
pd-user_2041076
pd-user_470358
pd-user_309149
pd-user_2601579
pd-user_1956750
pd-user_5083317
pd-user_5889697
pd-user_4115083
pd-user_3295735
pd-user_7279674
pd-user_8222631
pd-user_654132
pd-user_52780
pd-user_4670872
pd-user_1059079
pd-user_7175296
pd-user_2234328
pd-user_4689524
pd-user_9731211
pd-user_549407
pd-user_3724066
pd-user_3960116
pd-user_1619490
pd-user_7289417
pd-user_4809644
pd-user_2316905
pd-user_2824754
pd-user_5100987
pd-user_70525
pd-user_718612
pd-user_5852288
pd-user_352598
pd-user_3285211
pd-user_2303587
pd-user_8307761
pd-user_5745388
pd-user_3127699
pd-user_5688432
pd-user_1274526
pd-user_1450025
pd-user_2192479
pd-user_4907242
pd-user_2229833
pd-user_1224991
pd-user_1949877
pd-user_6348549
pd-user_4645840
pd-user_1705670
pd-user_3405722
pd-user_7301535
pd-user_5753741
pd-user_5424478
pd-user_7737724
pd-user_710818
pd-user_7326403
pd-user_2928179
pd-user_249378
pd-user_8064755
pd-user_2690683
pd-user_5882418
pd-user_7011325
pd-user_5061800
pd-user_5860496
pd-user_7681433
pd-user_9082472
pd-user_9605888
pd-user_295319
pd-user_9537613
pd-user_7903213
pd-user_8757698
pd-user_177124
pd-user_5752624
pd-user_4013557
pd-user_2445409
pd-user_6614988
pd-user_5543235
pd-user_3525483
pd-user_5711122
pd-user_2067688
pd-user_7241831
pd-user_1183814
pd-user_5226566
pd-user_1238417
pd-user_4053622
pd-user_2439590
pd-user_3970363
pd-user_833356
pd-user_9504858
pd-user_9554982
pd-user_1659052
pd-user_2266923
pd-user_4417183
pd-user_8103991
pd-user_6595694
pd-user_6690872
pd-user_8494424
pd-user_9082625
pd-user_9416422
pd-user_9512127
pd-user_2779881
pd-user_776598
pd-user_6916010
pd-user_3254110
pd-user_4007227
pd-user_3276470
pd-user_7154198
pd-user_2744696
pd-user_358250
pd-user_2234000
pd-user_2296316
pd-user_5374107
pd-user_8716617
pd-user_7765538
pd-user_4191170
pd-user_219092
pd-user_2551420
pd-user_3089631
pd-user_8248814
pd-user_343627
pd-user_483889
pd-user_5281246
pd-user_7674393
pd-user_8851038
pd-user_7972910
pd-user_9347841
pd-user_8313917
pd-user_9819184
pd-user_8695397
pd-user_2854352
pd-user_3502107
pd-user_3275013
pd-user_7474115
pd-user_6105094
pd-user_4505294
pd-user_9169416
pd-user_2724097
pd-user_7328973
pd-user_3077145
pd-user_4833797
pd-user_1111268
pd-user_8836881
pd-user_5004374
pd-user_815549
pd-user_1401227
pd-user_5848180
pd-user_5805539
pd-user_3794200
pd-user_7412773
pd-user_6996746
pd-user_6668778
pd-user_7915213
pd-user_7699751
pd-user_13033
pd-user_4930989
pd-user_3858955
pd-user_5878522
pd-user_9132586
pd-user_1178288
pd-user_2552201
pd-user_8628452
pd-user_4500142
pd-user_2425387
pd-user_7312585
pd-user_7162843
pd-user_8052256
pd-user_9253027
pd-user_8344338
pd-user_7481162
pd-user_5210476
pd-user_8950286
pd-user_6822765
pd-user_2604532
pd-user_2573431
pd-user_7480115
pd-user_507623
pd-user_4540028
pd-user_6274073
pd-user_7193836
pd-user_2968850
pd-user_9152928
pd-user_2116055
pd-user_8702670
pd-user_6797099
pd-user_6576094
pd-user_6973590
pd-user_7831628
pd-user_2929042
pd-user_3136917
pd-user_772474
pd-user_6698046
pd-user_7444787
pd-user_4957993
pd-user_475332
pd-user_320575
pd-user_8835763
pd-user_969972
pd-user_5517143
pd-user_7070765
pd-user_5495788
pd-user_8223567
pd-user_6527474
pd-user_202649
pd-user_4697967
pd-user_6741505
pd-user_5309925
pd-user_6949108
pd-user_1731868
pd-user_1855050
pd-user_8742386
pd-user_3449211
pd-user_5785646
pd-user_1001078
pd-user_2634044
pd-user_6062137
pd-user_6190754
pd-user_4045129
pd-user_4419568
pd-user_412705
pd-user_5800672
pd-user_8366547
pd-user_8207249
pd-user_6937797
pd-user_7718374
pd-user_1439052
pd-user_6419157
pd-user_4894055
pd-user_7255860
pd-user_763994
pd-user_1098538
pd-user_5874874
pd-user_3879659
pd-user_4368822
pd-user_5521526
pd-user_4137479
pd-user_3799389
pd-user_3722086
pd-user_4130492
pd-user_4268093
pd-user_1439850
pd-user_5225886
pd-user_339143
pd-user_8810727
pd-user_2791895
pd-user_663616
pd-user_5677924
pd-user_7360551
pd-user_8845042
pd-user_7180031
pd-user_348176
pd-user_6458274
pd-user_7300951
pd-user_8349432
pd-user_5183549
pd-user_8621878
pd-user_6593296
pd-user_1390454
pd-user_3716026
pd-user_7386256
pd-user_6317417
pd-user_3440237
pd-user_5860003
pd-user_2178725
pd-user_3224263
pd-user_5633428
pd-user_4868322
pd-user_3986364
pd-user_3730976
pd-user_2679901
pd-user_1276101
pd-user_7182224
pd-user_9964306
pd-user_1103478
pd-user_586059
pd-user_3279490
pd-user_426513
pd-user_4079391
pd-user_6866232
pd-user_3445474
pd-user_2175803
pd-user_6554568
pd-user_7701810
pd-user_186714
pd-user_6123216
pd-user_6058064
pd-user_7873874
pd-user_1238529
pd-user_6615505
pd-user_8814584
pd-user_3341871
pd-user_28472
pd-user_5554098
pd-user_2265766
pd-user_3106365
pd-user_7743890
pd-user_5097623
pd-user_446352
pd-user_6411609
pd-user_1131361
pd-user_253545
pd-user_7407882
pd-user_1734150
pd-user_7981253
pd-user_9689057
pd-user_2606890
pd-user_4695609
pd-user_2066709
pd-user_4239957
pd-user_486740
pd-user_3819227
pd-user_9155359
pd-user_8075415
pd-user_141011
pd-user_1909724
pd-user_5989796
pd-user_542794
pd-user_201208
pd-user_8649045
pd-user_9196156
pd-user_762502
pd-user_7358809
pd-user_3978630
pd-user_3405513
pd-user_2309718
pd-user_783135
pd-user_3309782
pd-user_1995793
pd-user_3217089
pd-user_8551824
pd-user_4596900
pd-user_6172820
pd-user_349806
pd-user_9888515
pd-user_2046563
pd-user_6381583
pd-user_2495319
pd-user_4229341
pd-user_9038388
pd-user_748726
pd-user_3083370
pd-user_9223227
pd-user_4673979
pd-user_9090900
pd-user_1127619
pd-user_4418290
pd-user_2209812
pd-user_4839482
pd-user_3632449
pd-user_9898731
pd-user_1642259
pd-user_2122777
pd-user_8860474
pd-user_911065
pd-user_2531010
pd-user_639904
pd-user_4183547
pd-user_9979153
pd-user_6674013
pd-user_6385313
pd-user_8390841
pd-user_6001045
pd-user_5230331
pd-user_8668073
pd-user_1282706
pd-user_657319
pd-user_28765
pd-user_4492457
pd-user_9683018
pd-user_3911566
pd-user_9415913
pd-user_1648693
pd-user_9433074
pd-user_5739030
pd-user_3469668
pd-user_5023057
pd-user_7282092
pd-user_5524191
pd-user_4865215
pd-user_7355724
pd-user_6795256
pd-user_5182413
pd-user_7037943
pd-user_438287
pd-user_8346237
pd-user_3740475
pd-user_3435489
pd-user_401665
pd-user_4047983
pd-user_3761873
pd-user_1222699
pd-user_6652562
pd-user_3161728
pd-user_8583123
pd-user_6214072
pd-user_2001579
pd-user_835727
pd-user_389285
pd-user_2485350
pd-user_2906941
pd-user_8541973
pd-user_3632138
pd-user_651540
pd-user_1793552
pd-user_3861506
pd-user_4502710
pd-user_92604
pd-user_4649452
pd-user_3201488
pd-user_9298680
pd-user_1798109
pd-user_9665105
pd-user_1431394
pd-user_337572
pd-user_5453009
pd-user_3743166
pd-user_7951618
pd-user_6780967
pd-user_1470535
pd-user_1551986
pd-user_8372677
pd-user_5394073
pd-user_7392682
pd-user_51318
pd-user_7378567
pd-user_5494082
pd-user_9996919
pd-user_4697930
pd-user_871196
pd-user_728808
pd-user_3245655
pd-user_4740716
pd-user_1414102
pd-user_8541681
pd-user_1673214
pd-user_9237829
pd-user_4989438
pd-user_6539949
pd-user_3871364
pd-user_8627389
pd-user_6577529
pd-user_9692804
pd-user_3523512
pd-user_7318910
pd-user_1912512
pd-user_1014650
pd-user_2532592
pd-user_6500084
pd-user_3503394
pd-user_4221559
pd-user_7632529
pd-user_2353552
pd-user_5942398
pd-user_4593274
pd-user_3331587
pd-user_9548772
pd-user_7555858
pd-user_1749878
pd-user_448245
pd-user_8647987
pd-user_3091356
pd-user_2036936
pd-user_2229995
pd-user_1700591
pd-user_598019
pd-user_20202
pd-user_8402823
pd-user_5141773
pd-user_4765340
pd-user_3868966
pd-user_3091317
pd-user_3849390
pd-user_857685
pd-user_7188191
pd-user_50013
pd-user_4138333
pd-user_8830384
pd-user_611060
pd-user_2027357
pd-user_3344667
pd-user_3034715
pd-user_1605017
pd-user_2047149
pd-user_7573723
pd-user_2047114
pd-user_6128092
pd-user_5661164
pd-user_8912848
pd-user_5788302
pd-user_4598752
pd-user_5236890
pd-user_7664459
pd-user_3406949
pd-user_7628616
pd-user_4589366
pd-user_2512410
pd-user_2104552
pd-user_2991573
pd-user_7427437
pd-user_5373858
pd-user_1097341
pd-user_8624221
pd-user_2561656
pd-user_6893214
pd-user_2263175
pd-user_8335561
pd-user_925597
pd-user_9749026
pd-user_1956449
pd-user_4150046
pd-user_316799
pd-user_7090743
pd-user_174192
pd-user_9511682
pd-user_7843869
pd-user_5528053
pd-user_6987106
pd-user_71590
pd-user_7341787
pd-user_8397481
pd-user_4334309
pd-user_4626898
pd-user_5082637
pd-user_1461147
pd-user_7258252
pd-user_7166410
pd-user_7396596
pd-user_8260471
pd-user_2220496
pd-user_5735387
pd-user_6193906
pd-user_4759380
pd-user_2873312
pd-user_1920284
pd-user_7251357
pd-user_3070997
pd-user_574502
pd-user_3338206
pd-user_4690918
pd-user_9315997
pd-user_6446844
pd-user_1145052
pd-user_5615918
pd-user_2435023
pd-user_593663
pd-user_4695265
pd-user_1482308
pd-user_3681675
pd-user_7915712
pd-user_1161075
pd-user_3307006
pd-user_5154668
pd-user_9488605
pd-user_4650645
pd-user_1225681
pd-user_3159619
pd-user_4009744
pd-user_5952270
pd-user_51093
pd-user_6526031
pd-user_1275502
pd-user_5482541
pd-user_3005439
pd-user_5524738
pd-user_9492391
pd-user_7472991
pd-user_9699758
pd-user_6449805
pd-user_9222434
pd-user_4067280
pd-user_9486398
pd-user_2549964
pd-user_2791304
pd-user_7238086
pd-user_8569208
pd-user_7507806
pd-user_3009574
pd-user_3241903
pd-user_2754156
pd-user_5754634
pd-user_7656942
pd-user_555748
pd-user_2200355
pd-user_8144006
pd-user_7202965
pd-user_4334301
pd-user_5551059
pd-user_4367883
pd-user_7765591
pd-user_6192538
pd-user_7996118
pd-user_871365
pd-user_2428775
pd-user_1542464
pd-user_6632474
pd-user_2392767
pd-user_6492297
pd-user_9184299
pd-user_6766034
pd-user_4442960
pd-user_975480
pd-user_3668922
pd-user_9404751
pd-user_6760816
pd-user_468823
pd-user_5101974
pd-user_8714377
pd-user_7149914
pd-user_5178500
pd-user_5968026
pd-user_2519870
pd-user_9309308
pd-user_7620938
pd-user_5056115
pd-user_9833929
pd-user_2757355
pd-user_4706212
pd-user_5619938
pd-user_8757554
pd-user_7169262
pd-user_7296117
pd-user_4144489
pd-user_3821997
pd-user_72346
pd-user_955190
pd-user_7514519
pd-user_7512841
pd-user_1137496
pd-user_392829
pd-user_6309905
pd-user_5036387
pd-user_9620483
pd-user_3771494
pd-user_1120568
pd-user_1720280
pd-user_1896402
pd-user_5644217
pd-user_9180582
pd-user_4898613
pd-user_1859767
pd-user_9372436
pd-user_9878980
pd-user_1879440
pd-user_7736424
pd-user_7832287
pd-user_9706745
pd-user_5262724
pd-user_6978323
pd-user_4488171
pd-user_6769036
pd-user_7908519
pd-user_1888759
pd-user_982162
pd-user_857510
pd-user_6046322
pd-user_7708490
pd-user_148502
pd-user_1491673
pd-user_7719767
pd-user_3133338
pd-user_5282109
pd-user_7947267
pd-user_7890076
pd-user_7328448
pd-user_2438018
pd-user_3899653
pd-user_1602744
pd-user_8115773
pd-user_2874771
pd-user_9894661
pd-user_4225127
pd-user_186404
pd-user_6793495
pd-user_2062100
pd-user_5624138
pd-user_6836036
pd-user_1733144
pd-user_9926202
pd-user_4678988
pd-user_6199423
pd-user_2603412
pd-user_2976538
pd-user_877413
pd-user_352562
pd-user_7426765
pd-user_4341330
pd-user_1393896
pd-user_7503117
pd-user_1134673
pd-user_9468725
pd-user_9550370
pd-user_9540626
pd-user_3001269
pd-user_465113
pd-user_5139349
pd-user_8299361
pd-user_1164768
pd-user_4378452
pd-user_6350525
pd-user_1061806
pd-user_5009594
pd-user_6442149
pd-user_4412976
pd-user_929491
pd-user_6864487
pd-user_1315345
pd-user_6477962
pd-user_7181391
pd-user_786676
pd-user_3621328
pd-user_7821336
pd-user_8037868
pd-user_5678165
pd-user_7780394
pd-user_7463724
pd-user_810954
pd-user_2683407
pd-user_3532342
pd-user_9965917
pd-user_8820049
pd-user_2416191
pd-user_281083
pd-user_5064494
pd-user_9139870
pd-user_3702975
pd-user_3498402
pd-user_4871843
pd-user_112762
pd-user_5249483
pd-user_6075036
pd-user_3792504
pd-user_891551
pd-user_3288095
pd-user_2603515
pd-user_2184361
pd-user_3961641
pd-user_7339821
pd-user_5854406
pd-user_9811541
pd-user_9798793
pd-user_7531712
pd-user_413160
pd-user_9729021
pd-user_9550088
pd-user_5550063
pd-user_8912169
pd-user_2446553
pd-user_5551138
pd-user_3560821
pd-user_7494022
pd-user_221241
pd-user_179426
pd-user_1909429
pd-user_7828337
pd-user_185812
pd-user_3580989
pd-user_1832136
pd-user_222616
pd-user_8768337
pd-user_3846954
pd-user_6344705
pd-user_4752821
pd-user_9869050
pd-user_8586355
pd-user_6640249
pd-user_7062981
pd-user_1119723
pd-user_5599995
pd-user_5740609
pd-user_8171633
pd-user_2416636
pd-user_7110219
pd-user_9303346
pd-user_920536
pd-user_2034977
pd-user_3856100
pd-user_9123102
pd-user_4795448
pd-user_5260466
pd-user_2245649
pd-user_5077520
pd-user_2194081
pd-user_6745704
pd-user_4495810
pd-user_3404596
pd-user_8348363
pd-user_5525551
pd-user_1907130
pd-user_8429824
pd-user_6883644
pd-user_3925443
pd-user_1194089
pd-user_6358363
pd-user_852766
pd-user_6825964
pd-user_3106953
pd-user_5956556
pd-user_4871723
pd-user_8522310
pd-user_8337114
pd-user_1885980
pd-user_3976341
pd-user_8191163
pd-user_1082892
pd-user_2342561
pd-user_2533616
pd-user_2443791
pd-user_7174222
pd-user_6643387
pd-user_4603483
pd-user_5608178
pd-user_4527217
pd-user_8561405
pd-user_4200159
pd-user_883150
pd-user_9037786
pd-user_6564366
pd-user_9444916
pd-user_4443242
pd-user_3323194
pd-user_1111977
pd-user_3864942
pd-user_3596528
pd-user_7428377
pd-user_2972846
pd-user_5490479
pd-user_4301605
pd-user_1323137
pd-user_1119405
pd-user_7633528
pd-user_9716176
pd-user_2458668
pd-user_7804693
pd-user_20866
pd-user_3655054
pd-user_1643583
pd-user_5222037
pd-user_1820063
pd-user_3374458
pd-user_7771000
pd-user_1380509
pd-user_3241458
pd-user_9202576
pd-user_223680
pd-user_9024502
pd-user_4975707
pd-user_3502029
pd-user_8326123
pd-user_4131178
pd-user_6551476
pd-user_6269150
pd-user_8679269
pd-user_9276530
pd-user_4778938
pd-user_6829940
pd-user_6994640
pd-user_2904145
pd-user_628403
pd-user_1041610
pd-user_3500018
pd-user_7523379
pd-user_6883872
pd-user_3330205
pd-user_9510505
pd-user_8445772
pd-user_2061499
pd-user_9543760
pd-user_7603840
pd-user_4634407
pd-user_7959561
pd-user_4776575
pd-user_7608942
pd-user_7993192
pd-user_2451977
pd-user_9675884
pd-user_8062684
pd-user_9784415
pd-user_3896151
pd-user_5736408
pd-user_1414939
pd-user_547466
pd-user_9072396
pd-user_2572637
pd-user_4761981
pd-user_9433125
pd-user_6665200
pd-user_5321418
pd-user_5799141
pd-user_3126506
pd-user_5612196
pd-user_4123376
pd-user_976474
pd-user_8060594
pd-user_5917425
pd-user_5772471
pd-user_1065317
pd-user_8531042
pd-user_9486982
pd-user_4174088
pd-user_1789343
pd-user_7897944
pd-user_9602680
pd-user_8965047
pd-user_28807
pd-user_2262312
pd-user_8065161
pd-user_9315164
pd-user_5577042
pd-user_8228468
pd-user_6212512
pd-user_702471
pd-user_5885777
pd-user_7762987
pd-user_8042814
pd-user_6903893
pd-user_1929728
pd-user_9813880
pd-user_7058456
pd-user_8226908
pd-user_7007621
pd-user_365497
pd-user_6911102
pd-user_3049214
pd-user_9818297
pd-user_8472405
pd-user_4148707
pd-user_5531168
pd-user_9523973
pd-user_3913983
pd-user_3011100
pd-user_9815101
pd-user_770409
pd-user_73408
pd-user_189705
pd-user_1286524
pd-user_2183506
pd-user_7443163
pd-user_7827979
pd-user_5136434
pd-user_8124168
pd-user_2556973
pd-user_2963032
pd-user_6080745
pd-user_1509693
pd-user_3812647
pd-user_4135006
pd-user_7308045
pd-user_7972351
pd-user_3862335
pd-user_2417504
pd-user_5263807
pd-user_2881276
pd-user_2890500
pd-user_9070756
pd-user_1889798
pd-user_3975835
pd-user_8543422
pd-user_7727114
pd-user_3211145
pd-user_1793445
pd-user_5781105
pd-user_4733563
pd-user_2576528
pd-user_5524278
pd-user_1916416
pd-user_9637533
pd-user_3615340
pd-user_4924908
pd-user_9302524
pd-user_9569297
pd-user_9929672
pd-user_7912273
pd-user_3731233
pd-user_5273697
pd-user_2212043
pd-user_1766744
pd-user_908933
pd-user_1394777
pd-user_9986856
pd-user_5898658
pd-user_9627431
pd-user_6895741
pd-user_2553196
pd-user_3086198
pd-user_346022
pd-user_4178975
pd-user_1809045
pd-user_2145019
pd-user_6733118
pd-user_9203110
pd-user_2763864
pd-user_2216191
pd-user_6421930
pd-user_9987498
pd-user_800486
pd-user_9401035
pd-user_1644197
pd-user_8261851
pd-user_7190173
pd-user_828804
pd-user_6161124
pd-user_6319662
pd-user_1992294
pd-user_1745382
pd-user_9372764
pd-user_5623709
pd-user_7549245
pd-user_6068266
pd-user_6590515
pd-user_7359965
pd-user_740739
pd-user_1354216
pd-user_6626645
pd-user_3203944
pd-user_5396888
pd-user_3610700
pd-user_1949871
pd-user_9037331
pd-user_967956
pd-user_851041
pd-user_6397954
pd-user_8062162
pd-user_4870974
pd-user_4836770
pd-user_7864746
pd-user_1280250
pd-user_3066486
pd-user_6740503
pd-user_477681
pd-user_5998985
pd-user_6353893
pd-user_4943734
pd-user_9788084
pd-user_362371
pd-user_128498
pd-user_2823567
pd-user_6239849
pd-user_1013075
pd-user_9600626
pd-user_5130276
pd-user_7435708
pd-user_9273743
pd-user_6576845
pd-user_4691882
pd-user_4578469
pd-user_2260811
pd-user_5491027
pd-user_5911571
pd-user_864837
pd-user_9263456
pd-user_4893849
pd-user_1942352
pd-user_38056
pd-user_2948175
pd-user_4957771
pd-user_4105630
pd-user_2033165
pd-user_7061585
pd-user_2901980
pd-user_2534412
pd-user_3997766
pd-user_2124435
pd-user_6688374
pd-user_6793806
pd-user_8782126
pd-user_2247943
pd-user_8876277
pd-user_7187401
pd-user_2874865
pd-user_6280154
pd-user_5102060
pd-user_9914477
pd-user_8483501
pd-user_4148581
pd-user_9720831
pd-user_108885
pd-user_6948358
pd-user_9509790
pd-user_4992023
pd-user_740892
pd-user_5504293
pd-user_3184865
pd-user_6025591
pd-user_2157959
pd-user_2699074
pd-user_7313029
pd-user_3042134
pd-user_330429
pd-user_8371656
pd-user_785253
pd-user_1093433
pd-user_8344715
pd-user_4559114
pd-user_5947226
pd-user_1867853
pd-user_957231
pd-user_8980649
pd-user_3579646
pd-user_1465533
pd-user_495000
pd-user_5330150
pd-user_4167907
pd-user_5362571
pd-user_8563396
pd-user_534192
pd-user_423551
pd-user_9473782
pd-user_3336254
pd-user_8360318
pd-user_2739825
pd-user_8006239
pd-user_199303
pd-user_1244492
pd-user_4382720
pd-user_8820019
pd-user_6491759
pd-user_9639696
pd-user_432068
pd-user_7409963
pd-user_7982887
pd-user_3487589
pd-user_6177964
pd-user_7494163
pd-user_3928363
pd-user_7104723
pd-user_9229129
pd-user_3672656
pd-user_6643881
pd-user_2731477
pd-user_7816785
pd-user_5510083
pd-user_1610359
pd-user_6269543
pd-user_3530486
pd-user_2169120
pd-user_5243434
pd-user_8699591
pd-user_887922
pd-user_4979871
pd-user_4224567
pd-user_2961778
pd-user_4293007
pd-user_471276
pd-user_8386355
pd-user_4396400
pd-user_8022161
pd-user_1639572
pd-user_1190103
pd-user_3710531
pd-user_4359207
pd-user_9197872
pd-user_1085404
pd-user_1022867
pd-user_1431090
pd-user_3953295
pd-user_5123116
pd-user_229903
pd-user_7422997
pd-user_1611529
pd-user_6029254
pd-user_1822767
pd-user_9097298
pd-user_1230676
pd-user_5167324
pd-user_7082220
pd-user_3025703
pd-user_9512504
pd-user_5738696
pd-user_5577851
pd-user_2533694
pd-user_4493742
pd-user_2724634
pd-user_9308126
pd-user_9120798
pd-user_9504372
pd-user_7780195
pd-user_5995025
pd-user_5970167
pd-user_3371682
pd-user_3298306
pd-user_8961778
pd-user_7069724
pd-user_7681149
pd-user_8960188
pd-user_487472
pd-user_1890068
pd-user_6035454
pd-user_6764400
pd-user_3141543
pd-user_3859398
pd-user_4971255
pd-user_8519676
pd-user_9573220
pd-user_7807213
pd-user_2203984
pd-user_3134059
pd-user_6615176
pd-user_9395645
pd-user_7573134
pd-user_7826897
pd-user_7326456
pd-user_9313705
pd-user_4214759
pd-user_329236
pd-user_4242342
pd-user_5852037
pd-user_9967169
pd-user_5235007
pd-user_7940253
pd-user_5033811
pd-user_408605
pd-user_7264603
pd-user_3387298
pd-user_1261712
pd-user_3026586
pd-user_250760
pd-user_8018380
pd-user_2358012
pd-user_9167497
pd-user_2003213
pd-user_3277207
pd-user_2653776
pd-user_357132
pd-user_7173141
pd-user_4188536
pd-user_3661919
pd-user_4153667
pd-user_4954650
pd-user_7762911
pd-user_3347427
pd-user_3652535
pd-user_1344640
pd-user_3920319
pd-user_9390892
pd-user_7276692
pd-user_9596268
pd-user_7975965
pd-user_3702098
pd-user_5719575
pd-user_162141
pd-user_1719314
pd-user_7949232
pd-user_977012
pd-user_2322574
pd-user_5285173
pd-user_6430506
pd-user_7701833
pd-user_7415933
pd-user_7732709
pd-user_7288448
pd-user_8712291
pd-user_4790521
pd-user_5683083
pd-user_6385147
pd-user_1127527
pd-user_5209898
pd-user_5880825
pd-user_3071276
pd-user_7817711
pd-user_4813799
pd-user_4229879
pd-user_2697198
pd-user_281723
pd-user_8551160
pd-user_9122245
pd-user_773902
pd-user_6334476
pd-user_4068627
pd-user_6577041
pd-user_4789743
pd-user_9936693
pd-user_9149934
pd-user_2061263
pd-user_5436197
pd-user_6832719
pd-user_9846892
pd-user_8958122
pd-user_3794738
pd-user_9397626
pd-user_1235254
pd-user_6098025
pd-user_1285699
pd-user_4031508
pd-user_1021230
pd-user_4783122
pd-user_1314678
pd-user_5474351
pd-user_7287062
pd-user_3219343
pd-user_1903680
pd-user_854304
pd-user_8864230
pd-user_6807407
pd-user_2433817
pd-user_7746006
pd-user_1332568
pd-user_7909463
pd-user_3446905
pd-user_4512107
pd-user_7148437
pd-user_8176343
pd-user_8052832
pd-user_2379139
pd-user_1293209
pd-user_7583563
pd-user_7482820
pd-user_1828426
pd-user_5389607
pd-user_7580517
pd-user_9153398
pd-user_8062672
pd-user_3775241
pd-user_3083970
pd-user_4244717
pd-user_5785869
pd-user_4700521
pd-user_4007207
pd-user_2713147
pd-user_9270220
pd-user_5654675
pd-user_2508648
pd-user_5178947
pd-user_2800959
pd-user_3287368
pd-user_9320614
pd-user_7101820
pd-user_2649566
pd-user_4920234
pd-user_5856397
pd-user_5478291
pd-user_9403879
pd-user_5951380
pd-user_3264197
pd-user_1018321
pd-user_1609634
pd-user_7544330
pd-user_1457756
pd-user_2033862
pd-user_9285755
pd-user_1204434
pd-user_1041050
pd-user_2956505
pd-user_1813379
pd-user_8819482
pd-user_4419790
pd-user_9384191
pd-user_7496024
pd-user_8603894
pd-user_9728644
pd-user_1332695
pd-user_1420372
pd-user_8158812
pd-user_4129891
pd-user_1382823
pd-user_325496
pd-user_5916954
pd-user_6912766
pd-user_9079721
pd-user_8212134
pd-user_777579
pd-user_1175450
pd-user_4014492
pd-user_9136929
pd-user_2812234
pd-user_7566726
pd-user_6466017
pd-user_132933
pd-user_7018353
pd-user_2784487
pd-user_3854546
pd-user_4634918
pd-user_1792622
pd-user_4559692
pd-user_2054566
pd-user_2526171
pd-user_5235833
pd-user_2369964
pd-user_6455781
pd-user_8522800
pd-user_1920399
pd-user_2272229
pd-user_9878731
pd-user_5855540
pd-user_4775598
pd-user_538555
pd-user_403540
pd-user_5848152
pd-user_1558959
pd-user_7804200
pd-user_2688817
pd-user_814700
pd-user_610885
pd-user_134332
pd-user_5480272
pd-user_6115852
pd-user_9986258
pd-user_2484553
pd-user_2196473
pd-user_2262702
pd-user_5971171
pd-user_9044534
pd-user_6777844
pd-user_7315116
pd-user_2703341
pd-user_7187042
pd-user_6902650
pd-user_4693683
pd-user_9854001
pd-user_3362535
pd-user_5682585
pd-user_9082818
pd-user_6103533
pd-user_2591694
pd-user_3231434
pd-user_6490526
pd-user_3019365
pd-user_75885
pd-user_2254936
pd-user_252382
pd-user_3689275
pd-user_300734
pd-user_8941236
pd-user_8369246
pd-user_1337007
pd-user_5358601
pd-user_45296
pd-user_2983553
pd-user_858977
pd-user_4211886
pd-user_3692404
pd-user_964089
pd-user_9288919
pd-user_6325468
pd-user_465633
pd-user_5640623
pd-user_1610497
pd-user_1942430
pd-user_2017039
pd-user_555200
pd-user_8574520
pd-user_3155973
pd-user_7328308
pd-user_3324231
pd-user_3548783
pd-user_4163494
pd-user_7534080
pd-user_8303763
pd-user_4479774
pd-user_5439780
pd-user_8915577
pd-user_4808471
pd-user_7630748
pd-user_3585339
pd-user_9936355
pd-user_455513
pd-user_1186729
pd-user_8809480
pd-user_1526110
pd-user_172361
pd-user_7127787
pd-user_5944834
pd-user_2433835
pd-user_6065753
pd-user_895164
pd-user_169307
pd-user_46406
pd-user_1066995
pd-user_7826133
pd-user_1090885
pd-user_8258215
pd-user_5544202
pd-user_3847582
pd-user_2516526
pd-user_5405989
pd-user_2133028
pd-user_7443747
pd-user_7188205
pd-user_1290891
pd-user_3881301
pd-user_5258374
pd-user_3798591
pd-user_2249992
pd-user_7390757
pd-user_5604784
pd-user_9221937
pd-user_7191037
pd-user_8590382
pd-user_7165520
pd-user_4215902
pd-user_2418910
pd-user_8283636
pd-user_4303443
pd-user_165525
pd-user_705999
pd-user_6510469
pd-user_310090
pd-user_5546133
pd-user_6459205
pd-user_5311401
pd-user_1837627
pd-user_5789163
pd-user_4131351
pd-user_6265894
pd-user_9209756
pd-user_1196958
pd-user_2297828
pd-user_5869592
pd-user_2815272
pd-user_4495583
pd-user_7639425
pd-user_2169609
pd-user_3354875
pd-user_4726093
pd-user_3889312
pd-user_3732970
pd-user_6594607
pd-user_2408846
pd-user_2798116
pd-user_3439898
pd-user_4129064
pd-user_6365114
pd-user_3386986
pd-user_2448506
pd-user_4788129
pd-user_847202
pd-user_303005
pd-user_250085
pd-user_9617994
pd-user_4971971
pd-user_3226671
pd-user_5405985
pd-user_200520
pd-user_2855874
pd-user_4020112
pd-user_1964280
pd-user_6140052
pd-user_4884751
pd-user_3350013
pd-user_9350028
pd-user_194065
pd-user_2696754
pd-user_6607542
pd-user_5712420
pd-user_4265014
pd-user_2377940
pd-user_2286993
pd-user_454510
pd-user_7096464
pd-user_8205316
pd-user_1322257
pd-user_363109
pd-user_1771250
pd-user_3247559
pd-user_2027398
pd-user_4692139
pd-user_3071444
pd-user_3264207
pd-user_8316838
pd-user_945541
pd-user_9767977
pd-user_6024566
pd-user_7206186
pd-user_8663389
pd-user_2065905
pd-user_925881
pd-user_9817716
pd-user_7474635
pd-user_8916272
pd-user_3526155
pd-user_696163
pd-user_10916
pd-user_7177423
pd-user_9613482
pd-user_3262857
pd-user_3289811
pd-user_3689487
pd-user_4734659
pd-user_9954655
pd-user_7040973
pd-user_5830934
pd-user_5390766
pd-user_9007118
pd-user_3880125
pd-user_9139648
pd-user_8967792
pd-user_9171614
pd-user_1889490
pd-user_690339
pd-user_3007318
pd-user_1837644
pd-user_4952484
pd-user_1487717
pd-user_312591
pd-user_9942476
pd-user_4735897
pd-user_5422103
pd-user_5814639
pd-user_829877
pd-user_5451999
pd-user_846075
pd-user_7982937
pd-user_6912457
pd-user_650677
pd-user_8928094
pd-user_1096015
pd-user_2427930
pd-user_4219118
pd-user_1163225
pd-user_4602573
pd-user_2979734
pd-user_2613940
pd-user_5359263
pd-user_8014353
pd-user_7213856
pd-user_424851
pd-user_3350104
pd-user_7469815
pd-user_2815593
pd-user_4380025
pd-user_9356751
pd-user_269110
pd-user_2320126
pd-user_2110816
pd-user_722760
pd-user_8786056
pd-user_9971915
pd-user_5115235
pd-user_157613
pd-user_9114148
pd-user_2522451
pd-user_9821163
pd-user_4486812
pd-user_9116669
pd-user_7642121
pd-user_8098448
pd-user_7130677
pd-user_5207814
pd-user_2088508
pd-user_848357
pd-user_1258517
pd-user_9890463
pd-user_2330171
pd-user_3775322
pd-user_4876248
pd-user_5610841
pd-user_7885507
pd-user_7896865
pd-user_117567
pd-user_5787421
pd-user_2202833
pd-user_2015763
pd-user_3858940
pd-user_8089824
pd-user_8938512
pd-user_9192471
pd-user_5736078
pd-user_2003464
pd-user_33248
pd-user_896417
pd-user_1197273
pd-user_6545988
pd-user_8663672
pd-user_3311925
pd-user_4585669
pd-user_2347715
pd-user_9208462
pd-user_8895707
pd-user_5692089
pd-user_6587487
pd-user_1674471
pd-user_8015969
pd-user_2244899
pd-user_9263916
pd-user_9928750
pd-user_627868
pd-user_3265926
pd-user_2635512
pd-user_808698
pd-user_8748630
pd-user_6744612
pd-user_1884464
pd-user_6360440
pd-user_4968719
pd-user_4499920
pd-user_1052490
pd-user_9899119
pd-user_310473
pd-user_1098863
pd-user_4583802
pd-user_5619989
pd-user_6198000
pd-user_7808825
pd-user_4743711
pd-user_4706595
pd-user_987918
pd-user_2084619
pd-user_5025652
pd-user_1166406
pd-user_5616607
pd-user_3294223
pd-user_7003872
pd-user_3842495
pd-user_3890940
pd-user_3001094
pd-user_2903885
pd-user_6547976
pd-user_3776157
pd-user_4881483
pd-user_4122496
pd-user_9545892
pd-user_21034
pd-user_3620396
pd-user_5864528
pd-user_5639496
pd-user_1009349
pd-user_849364
pd-user_3898478
pd-user_8654117
pd-user_2623909
pd-user_3010376
pd-user_246504
pd-user_3873631
pd-user_2345012
pd-user_7028270
pd-user_2370682
pd-user_9345052
pd-user_3491399
pd-user_39823
pd-user_445346
pd-user_1327274
pd-user_1575328
pd-user_6206658
pd-user_6961810
pd-user_7973650
pd-user_4727154
pd-user_4729742
pd-user_1436750
pd-user_1892739
pd-user_1793599
pd-user_9172845
pd-user_7424535
pd-user_2111293
pd-user_8353625
pd-user_3100302
pd-user_5973140
pd-user_176188
pd-user_3616206
pd-user_7816314
pd-user_1632977
pd-user_5450025
pd-user_1731915
pd-user_6742202
pd-user_1199932
pd-user_3000741
pd-user_9874880
pd-user_1377539
pd-user_380532
pd-user_1239734
pd-user_4702250
pd-user_106713
pd-user_8158237
pd-user_7379756
pd-user_7681683
pd-user_8880088
pd-user_9928003
pd-user_5426129
pd-user_5870715
pd-user_2712880
pd-user_6798786
pd-user_7774227
pd-user_5641478
pd-user_9107364
pd-user_3779976
pd-user_2847947
pd-user_7005868
pd-user_575506
pd-user_6955642
pd-user_8673986
pd-user_7169714
pd-user_4746340
pd-user_1834248
pd-user_3364763
pd-user_6213341
pd-user_1187515
pd-user_5589219
pd-user_7456645
pd-user_2828655
pd-user_1389802
pd-user_8242389
pd-user_7018474
pd-user_1061666
pd-user_2627026
pd-user_1142460
pd-user_4369847
pd-user_299470
pd-user_8232628
pd-user_4936053
pd-user_8407457
pd-user_2132018
pd-user_7924493
pd-user_1554116
pd-user_447463
pd-user_7650726
pd-user_2568039
pd-user_5895239
pd-user_713203
pd-user_3276215
pd-user_583261
pd-user_1952270
pd-user_1055674
pd-user_5237023
pd-user_677100
pd-user_133382
pd-user_4745598
pd-user_8752038
pd-user_1532172
pd-user_2057293
pd-user_9046233
pd-user_2753994
pd-user_3455413
pd-user_6956456
pd-user_7174586
pd-user_1475268
pd-user_9238960
pd-user_972888
pd-user_9881880
pd-user_5948563
pd-user_2413424
pd-user_9153742
pd-user_8250843
pd-user_2434598
pd-user_8015766
pd-user_6778591
pd-user_7679452
pd-user_9312499
pd-user_8261229
pd-user_48256
pd-user_7540810
pd-user_5702128
pd-user_8472550
pd-user_7801427
pd-user_5415618
pd-user_8201461
pd-user_6976357
pd-user_3757136
pd-user_6103584
pd-user_3273571
pd-user_7840787
pd-user_1580161
pd-user_7811788
pd-user_2198824
pd-user_6363850
pd-user_9476143
pd-user_7026722
pd-user_5410019
pd-user_3837780
pd-user_9324513
pd-user_1447233
pd-user_7322714
pd-user_1637306
pd-user_7416762
pd-user_8592796
pd-user_4209073
pd-user_724118
pd-user_7484424
pd-user_8959030
pd-user_6879285
pd-user_3824579
pd-user_6868289
pd-user_3209032
pd-user_7556318
pd-user_9878115
pd-user_4687235
pd-user_4532881
pd-user_7295413
pd-user_5763227
pd-user_3718354
pd-user_7188674
pd-user_3500755
pd-user_1866364
pd-user_1800316
pd-user_2554532
pd-user_2250578
pd-user_1219377
pd-user_7323840
pd-user_9608706
pd-user_1023980
pd-user_6589409
pd-user_8396757
pd-user_3093645
pd-user_1468157
pd-user_5417574
pd-user_6456006
pd-user_8736196
pd-user_9276660
pd-user_55474
pd-user_3295139
pd-user_6087398
pd-user_4402386
pd-user_6284221
pd-user_9797913
pd-user_8395716
pd-user_6477595
pd-user_6038988
pd-user_8789598
pd-user_951352
pd-user_7507053
pd-user_6801376
pd-user_926485
pd-user_4106081
pd-user_1859390
pd-user_7315351
pd-user_7600761
pd-user_9478877
pd-user_5759360
pd-user_1077719
pd-user_3155101
pd-user_9925799
pd-user_6986748
pd-user_266898
pd-user_8143415
pd-user_18799
pd-user_7133381
pd-user_3807234
pd-user_3574011
pd-user_940120
pd-user_5376951
pd-user_317863
pd-user_3366516
pd-user_4185786
pd-user_8221946
pd-user_6399257
pd-user_7303687
pd-user_2701824
pd-user_2820951
pd-user_787082
pd-user_6006833
pd-user_6929494
pd-user_8608566
pd-user_6615469
pd-user_7635934
pd-user_5600115
pd-user_7148115
pd-user_6641442
pd-user_1366897
pd-user_1492421
pd-user_5395274
pd-user_9407308
pd-user_3862086
pd-user_7513723
pd-user_7664104
pd-user_9418347
pd-user_3502148
pd-user_9493961
pd-user_6293602
pd-user_716946
pd-user_2301680
pd-user_457410
pd-user_7707236
pd-user_9841132
pd-user_2554916
pd-user_889935
pd-user_1689432
pd-user_5679677
pd-user_2975857
pd-user_3258993
pd-user_3883386
pd-user_7543505
pd-user_826180
pd-user_2065186
pd-user_8010407
pd-user_3294162
pd-user_842437
pd-user_8372341
pd-user_812948
pd-user_1675618
pd-user_3156892
pd-user_4538395
pd-user_3165355
pd-user_1617913
pd-user_9443613
pd-user_7442128
pd-user_1163395
pd-user_9717293
pd-user_158514
pd-user_8774339
pd-user_1853153
pd-user_7379787
pd-user_7524876
pd-user_2382749
pd-user_2242681
pd-user_4879249
pd-user_4327870
pd-user_266563
pd-user_7849975
pd-user_8664263
pd-user_4019427
pd-user_6094340
pd-user_7960225
pd-user_342788
pd-user_2048105
pd-user_1802607
pd-user_2463141
pd-user_9297275
pd-user_4688386
pd-user_3332673
pd-user_756629
pd-user_9916709
pd-user_3425738
pd-user_1851933
pd-user_3376509
pd-user_4540250
pd-user_7947834
pd-user_1375877
pd-user_6377856
pd-user_8443502
pd-user_7850614
pd-user_6828535
pd-user_4831915
pd-user_6576566
pd-user_5268762
pd-user_1452828
pd-user_9616207
pd-user_7935432
pd-user_7194537
pd-user_4081703
pd-user_7968721
pd-user_4474630
pd-user_3151857
pd-user_2508133
pd-user_9767431
pd-user_164659
pd-user_2294704
pd-user_6000102
pd-user_8378435
pd-user_35742
pd-user_3036481
pd-user_7704529
pd-user_4438096
pd-user_17404
pd-user_5896948
pd-user_3277649
pd-user_2624554
pd-user_6831408
pd-user_8593633
pd-user_9690089
pd-user_1542127
pd-user_1466941
pd-user_3663778
pd-user_179827
pd-user_5938729
pd-user_9828275
pd-user_9681608
pd-user_1921053
pd-user_2602175
pd-user_9383078
pd-user_7366289
pd-user_9123386
pd-user_2664232
pd-user_8514040
pd-user_4093960
pd-user_9408425
pd-user_1822252
pd-user_5302572
pd-user_4401527
pd-user_2138960
pd-user_4754398
pd-user_7591169
pd-user_5257033
pd-user_4882756
pd-user_6304514
pd-user_3872905
pd-user_2532461
pd-user_1232902
pd-user_7428939
pd-user_4547590
pd-user_8509094
pd-user_503256
pd-user_2104898
pd-user_3834163
pd-user_8028048
pd-user_136029
pd-user_4693539
pd-user_9293421
pd-user_1006573
pd-user_6204458
pd-user_6668088
pd-user_8328047
pd-user_3767399
pd-user_6371747
pd-user_6117454
pd-user_2785553
pd-user_5440158
pd-user_8335516
pd-user_5276037
pd-user_4260538
pd-user_9151394
pd-user_6865342
pd-user_1156084
pd-user_4693674
pd-user_4901265
pd-user_1101675
pd-user_1340090
pd-user_2577916
pd-user_2077636
pd-user_4142091
pd-user_1570094
pd-user_6096675
pd-user_6690626
pd-user_4985517
pd-user_282295
pd-user_8027194
pd-user_8128085
pd-user_6208581
pd-user_6618318
pd-user_7159462
pd-user_9678866
pd-user_4902543
pd-user_4982093
pd-user_7056570
pd-user_6191922
pd-user_4535300
pd-user_8923983
pd-user_5015797
pd-user_5664030
pd-user_7114040
pd-user_373057
pd-user_3343745
pd-user_5056192
pd-user_7460751
pd-user_4381325
pd-user_5082550
pd-user_9757347
pd-user_318323
pd-user_2214237
pd-user_8524663
pd-user_7732151
pd-user_276863
pd-user_5106372
pd-user_2690275
pd-user_9474438
pd-user_5627374
pd-user_4058986
pd-user_645124
pd-user_741736
pd-user_9752448
pd-user_7706290
pd-user_7138002
pd-user_7056555
pd-user_1948400
pd-user_1296186
pd-user_4020504
pd-user_3875893
pd-user_2339486
pd-user_1503737
pd-user_1441307
pd-user_7534147
pd-user_875312
pd-user_2640618
pd-user_2416894
pd-user_470646
pd-user_9683666
pd-user_9334195
pd-user_4164962
pd-user_9069264
pd-user_3161121
pd-user_3317565
pd-user_9643611
pd-user_8088724
pd-user_2382216
pd-user_8076132
pd-user_9547919
pd-user_5966699
pd-user_8480188
pd-user_7372623
pd-user_8687277
pd-user_6537056
pd-user_1243585
pd-user_5238760
pd-user_3157836
pd-user_6351840
pd-user_3968319
pd-user_3733077
pd-user_3809896
pd-user_2619547
pd-user_1223119
pd-user_3487712
pd-user_8379983
pd-user_6182763
pd-user_991050
pd-user_2805304
pd-user_4436433
pd-user_3396116
pd-user_8580447
pd-user_7110234
pd-user_129399
pd-user_9048471
pd-user_8301667
pd-user_6345972
pd-user_3079203
pd-user_9285399
pd-user_5972168
pd-user_8529057
pd-user_4647818
pd-user_3093055
pd-user_9950389
pd-user_8059989
pd-user_1438859
pd-user_8341883
pd-user_1425913
pd-user_6739927
pd-user_907515
pd-user_3735756
pd-user_6206695
pd-user_8511404
pd-user_8375769
pd-user_5374927
pd-user_5388011
pd-user_5427262
pd-user_1239474
pd-user_4334032
pd-user_6907951
pd-user_229695
pd-user_9756407
pd-user_6377236
pd-user_5797647
pd-user_3010453
pd-user_7469149
pd-user_8907581
pd-user_2713657
pd-user_2178900
pd-user_2139035
pd-user_8534145
pd-user_9331316
pd-user_6894221
pd-user_6615804
pd-user_129787
pd-user_9975830
pd-user_4655961
pd-user_3499847
pd-user_7234072
pd-user_288916
pd-user_6136800
pd-user_3644661
pd-user_1814307
pd-user_9645001
pd-user_4943173
pd-user_3846978
pd-user_6432565
pd-user_9186740
pd-user_8757425
pd-user_9442266
pd-user_4029627
pd-user_2887330
pd-user_4220711
pd-user_2650784
pd-user_6500794
pd-user_2542111
pd-user_1313555
pd-user_7635455
pd-user_2368483
pd-user_31701
pd-user_9991664
pd-user_108117
pd-user_4032276
pd-user_4983528
pd-user_7215544
pd-user_9169241
pd-user_7077775
pd-user_2906992
pd-user_1408709
pd-user_3166497
pd-user_7724557
pd-user_3355135
pd-user_1653537
pd-user_8016848
pd-user_5059079
pd-user_2515099
pd-user_266883
pd-user_1842881
pd-user_6896472
pd-user_8671509
pd-user_387981
pd-user_4659114
pd-user_3303622
pd-user_6623858
pd-user_3841424
pd-user_2916672
pd-user_4492097
pd-user_1098216
pd-user_2712508
pd-user_1502519
pd-user_8450799
pd-user_3786981
pd-user_6208082
pd-user_1053854
pd-user_4189842
pd-user_9514445
pd-user_1692172
pd-user_1051031
pd-user_7829443
pd-user_7944000
pd-user_656199
pd-user_7789767
pd-user_6227415
pd-user_597193
pd-user_4372293
pd-user_303156
pd-user_7384883
pd-user_7131654
pd-user_5814237
pd-user_6076954
pd-user_8660368
pd-user_6984502
pd-user_9253432
pd-user_5045583
pd-user_7717759
pd-user_6327036
pd-user_7606884
pd-user_7714726
pd-user_5436190
pd-user_7341634
pd-user_4851364
pd-user_3602050
pd-user_5226710
pd-user_280436
pd-user_6266591
pd-user_8114930
pd-user_5736874
pd-user_6102830
pd-user_8413066
pd-user_2166198
pd-user_9929230
pd-user_7348309
pd-user_6819666
pd-user_8371062
pd-user_8206549
pd-user_5203716
pd-user_1213115
pd-user_1572989
pd-user_1395679
pd-user_7322556
pd-user_5419410
pd-user_7807480
pd-user_8804048
pd-user_5438209
pd-user_6803337
pd-user_3750257
pd-user_8816977
pd-user_7596846
pd-user_2577656
pd-user_3564382
pd-user_4663183
pd-user_2179712
pd-user_1816666
pd-user_5415388
pd-user_4539224
pd-user_5423531
pd-user_7890828
pd-user_4084391
pd-user_5529958
pd-user_3919265
pd-user_263267
pd-user_8895289
pd-user_7328107
pd-user_1339733
pd-user_1652609
pd-user_6270734
pd-user_2398913
pd-user_9993347
pd-user_897198
pd-user_9086866
pd-user_4407468
pd-user_7676326
pd-user_3820560
pd-user_3596508
pd-user_4370044
pd-user_7585955
pd-user_268622
pd-user_9167846
pd-user_9708118
pd-user_4841215
pd-user_563364
pd-user_4547872
pd-user_2210310
pd-user_5071358
pd-user_3062808
pd-user_694948
pd-user_3857904
pd-user_4058030
pd-user_2728113
pd-user_7787338
pd-user_3532131
pd-user_8875710
pd-user_6710464
pd-user_695578
pd-user_2596683
pd-user_4787676
pd-user_3741055
pd-user_4953780
pd-user_5409656
pd-user_4488700
pd-user_2428374
pd-user_7702355
pd-user_729357
pd-user_3801699
pd-user_3771633
pd-user_1058331
pd-user_4553336
pd-user_7547375
pd-user_7949788
pd-user_4941579
pd-user_3667006
pd-user_7032001
pd-user_8217523
pd-user_542188
pd-user_2626574
pd-user_8370689
pd-user_2280508
pd-user_2434129
pd-user_2840990
pd-user_9785876
pd-user_5643380
pd-user_3738845
pd-user_8118720
pd-user_9669879
pd-user_2351281
pd-user_3511193
pd-user_3939436
pd-user_897527
pd-user_2846062
pd-user_432606
pd-user_8476080
pd-user_5684803
pd-user_3845156
pd-user_3923420
pd-user_6009360
pd-user_4353342
pd-user_8634845
pd-user_7830883
pd-user_5877241
pd-user_6523164
pd-user_26134
pd-user_1969287
pd-user_6311055
pd-user_7989632
pd-user_8611655
pd-user_6803089
pd-user_8697756
pd-user_9131767
pd-user_6540158
pd-user_9377772
pd-user_9408375
pd-user_6885473
pd-user_5755940
pd-user_3550661
pd-user_1280457
pd-user_71274
pd-user_4858640
pd-user_908118
pd-user_3051925
pd-user_3728692
pd-user_4915572
pd-user_1312491
pd-user_4248170
pd-user_8958630
pd-user_6711396
pd-user_3020488
pd-user_3737702
pd-user_4115740
pd-user_9341281
pd-user_3603521
pd-user_7515084
pd-user_9499628
pd-user_7542963
pd-user_7433749
pd-user_9175900
pd-user_2762592
pd-user_1598712
pd-user_4839036
pd-user_799100
pd-user_1738464
pd-user_3629248
pd-user_8449862
pd-user_5624537
pd-user_3362540
pd-user_6163877
pd-user_8321212
pd-user_1972518
pd-user_7643533
pd-user_5918883
pd-user_4670160
pd-user_4739872
pd-user_1233376
pd-user_1600165
pd-user_499849
pd-user_1926402
pd-user_4097226
pd-user_9468351
pd-user_1539637
pd-user_9662611
pd-user_5892056
pd-user_1307635
pd-user_5777131
pd-user_6160208
pd-user_6545592
pd-user_8848599
pd-user_3720315
pd-user_8534059
pd-user_5110797
[2026-06-28 07:43:13,059] main-instance/INFO/locust.runners: Got quit message from master, shutting down...
pd-user_1210947
pd-user_633420
pd-user_7262929
pd-user_6137636
pd-user_9617111
pd-user_9084143
pd-user_7312261
pd-user_4265650
pd-user_8082239
pd-user_9642380
pd-user_7813990
test stop
[2026-06-28 07:43:13,102] main-instance/INFO/locust.main: Shutting down (exit code 0)
