+ '[' '' = true ']'
+ exec /usr/bin/rpk redpanda start --smp 2 --memory 4G --kafka-addr internal://0.0.0.0:9092,external://0.0.0.0:19092 --advertise-kafka-addr internal://redpanda:9092,external://localhost:19092
WARNING: This is a setup for development purposes only; in this mode your clusters may run unrealistically fast and data can be corrupted any time your computer shuts down uncleanly.
We'd love to hear about your experience with Redpanda:
https://redpanda.com/feedback
Starting redpanda...
Running:
/opt/redpanda/bin/redpanda redpanda --redpanda-cfg /etc/redpanda/redpanda.yaml --reserve-memory=0M --overprovisioned --unsafe-bypass-fsync=true --memory=4G --lock-memory=false --smp=2


Welcome to the Redpanda community!

Documentation: https://docs.redpanda.com - Product documentation site
GitHub Discussion: https://github.com/redpanda-data/redpanda/discussions - Longer, more involved discussions
GitHub Issues: https://github.com/redpanda-data/redpanda/issues - Report and track issues with the codebase
Support: https://support.redpanda.com - Contact the support team privately
Product Feedback: https://redpanda.com/feedback - Let us know how we can improve your experience
Slack: https://redpanda.com/slack - Chat about all things Redpanda. Join the conversation!
Twitter: https://twitter.com/redpandadata - All the latest Redpanda news!


INFO  2026-06-28 07:41:08,364 seastar - Reactor backend: linux-aio
WARN  2026-06-28 07:41:08,368 seastar - Creation of perf_event based stall detector failed: falling back to posix timer: std::__1::system_error (error system:1, perf_event_open() failed: Operation not permitted)
WARN  2026-06-28 07:41:08,368 cpu_profiler - Creation of perf_event based cpu profiler failed: falling back to posix timer: perf_event_open() failed: Operation not permitted
INFO  2026-06-28 07:41:08,369 [shard 0:main] io - IO queue was unable to find a suitable maximum request length, the search was cut-off early at: 16MB
INFO  2026-06-28 07:41:08,369 [shard 0:main] io - IO queue was unable to find a suitable maximum request length, the search was cut-off early at: 16MB
WARN  2026-06-28 07:41:08,372 seastar - Creation of perf_event based stall detector failed: falling back to posix timer: std::__1::system_error (error system:1, perf_event_open() failed: Operation not permitted)
WARN  2026-06-28 07:41:08,372 cpu_profiler - Creation of perf_event based cpu profiler failed: falling back to posix timer: perf_event_open() failed: Operation not permitted
INFO  2026-06-28 07:41:08,375 [shard 0:main] main - application.cc:317 - Redpanda v26.1.11 - 746d652d90d67db556badd87a519a197463f5566
INFO  2026-06-28 07:41:08,375 [shard 0:main] main - application.cc:318 - Command line: /opt/redpanda/bin/redpanda --redpanda-cfg /etc/redpanda/redpanda.yaml --reserve-memory=0M --overprovisioned --unsafe-bypass-fsync=true --memory=4G --lock-memory=false --smp=2
INFO  2026-06-28 07:41:08,375 [shard 0:main] main - application.cc:326 - kernel=6.1.0-49-cloud-amd64, nodename=29584275215e, machine=x86_64
INFO  2026-06-28 07:41:08,375 [shard 0:main] main - application_config.cc:138 - System resources: { cpus: 2, available memory: 4.000GiB, reserved memory: 0.000bytes}
INFO  2026-06-28 07:41:08,375 [shard 0:main] main - application_config.cc:146 - File handle limit: 1024/524288
WARN  2026-06-28 07:41:08,379 [shard 0:main] config - config_store.h:87 - Unknown property auto_create_topics_enabled for node config store
WARN  2026-06-28 07:41:08,379 [shard 0:main] config - config_store.h:87 - Unknown property fetch_reads_debounce_timeout for node config store
WARN  2026-06-28 07:41:08,379 [shard 0:main] config - config_store.h:87 - Unknown property group_initial_rebalance_delay for node config store
WARN  2026-06-28 07:41:08,379 [shard 0:main] config - config_store.h:87 - Unknown property group_topic_partitions for node config store
WARN  2026-06-28 07:41:08,379 [shard 0:main] config - config_store.h:87 - Unknown property log_segment_size_min for node config store
WARN  2026-06-28 07:41:08,379 [shard 0:main] config - config_store.h:87 - Unknown property storage_min_free_bytes for node config store
WARN  2026-06-28 07:41:08,379 [shard 0:main] config - config_store.h:87 - Unknown property topic_partitions_per_shard for node config store
WARN  2026-06-28 07:41:08,379 [shard 0:main] config - config_store.h:87 - Unknown property write_caching_default for node config store
WARN  2026-06-28 07:41:08,380 [shard 1:main] config - config_store.h:87 - Unknown property auto_create_topics_enabled for node config store
WARN  2026-06-28 07:41:08,380 [shard 1:main] config - config_store.h:87 - Unknown property fetch_reads_debounce_timeout for node config store
WARN  2026-06-28 07:41:08,380 [shard 1:main] config - config_store.h:87 - Unknown property group_initial_rebalance_delay for node config store
WARN  2026-06-28 07:41:08,380 [shard 1:main] config - config_store.h:87 - Unknown property group_topic_partitions for node config store
WARN  2026-06-28 07:41:08,380 [shard 1:main] config - config_store.h:87 - Unknown property log_segment_size_min for node config store
WARN  2026-06-28 07:41:08,380 [shard 1:main] config - config_store.h:87 - Unknown property storage_min_free_bytes for node config store
WARN  2026-06-28 07:41:08,380 [shard 1:main] config - config_store.h:87 - Unknown property topic_partitions_per_shard for node config store
WARN  2026-06-28 07:41:08,380 [shard 1:main] config - config_store.h:87 - Unknown property write_caching_default for node config store
WARN  2026-06-28 07:41:08,381 [shard 0:main] config - config_store.h:87 - Unknown property auto_create_topics_enabled for node config store
WARN  2026-06-28 07:41:08,381 [shard 0:main] config - config_store.h:87 - Unknown property fetch_reads_debounce_timeout for node config store
WARN  2026-06-28 07:41:08,381 [shard 0:main] config - config_store.h:87 - Unknown property group_initial_rebalance_delay for node config store
WARN  2026-06-28 07:41:08,381 [shard 0:main] config - config_store.h:87 - Unknown property group_topic_partitions for node config store
WARN  2026-06-28 07:41:08,381 [shard 0:main] config - config_store.h:87 - Unknown property log_segment_size_min for node config store
WARN  2026-06-28 07:41:08,381 [shard 0:main] config - config_store.h:87 - Unknown property storage_min_free_bytes for node config store
WARN  2026-06-28 07:41:08,381 [shard 0:main] config - config_store.h:87 - Unknown property topic_partitions_per_shard for node config store
WARN  2026-06-28 07:41:08,381 [shard 0:main] config - config_store.h:87 - Unknown property write_caching_default for node config store
INFO  2026-06-28 07:41:08,382 [shard 0:main] ossl-library-context-service - ossl_context_service.cc:283 - OpenSSL Context loaded and ready
INFO  2026-06-28 07:41:08,382 [shard 1:main] ossl-library-context-service - ossl_context_service.cc:283 - OpenSSL Context loaded and ready
INFO  2026-06-28 07:41:08,382 [shard 0:main] cluster - config_manager.cc:506 - Can't load config cache: std::__1::__fs::filesystem::filesystem_error (error system:2, filesystem error: open failed: No such file or directory ["/var/lib/redpanda/data/config_cache.yaml"])
INFO  2026-06-28 07:41:08,382 [shard 0:main] cluster - config_manager.cc:446 - Can't load config bootstrap file: std::__1::__fs::filesystem::filesystem_error (error system:2, filesystem error: open failed: No such file or directory ["/etc/redpanda/.bootstrap.yaml"])
WARN  2026-06-28 07:41:08,383 [shard 0:main] config - config_store.h:87 - Unknown property data_directory for cluster config store
WARN  2026-06-28 07:41:08,383 [shard 0:main] config - config_store.h:87 - Unknown property seed_servers for cluster config store
WARN  2026-06-28 07:41:08,383 [shard 0:main] config - config_store.h:87 - Unknown property rpc_server for cluster config store
WARN  2026-06-28 07:41:08,383 [shard 0:main] config - config_store.h:87 - Unknown property kafka_api for cluster config store
WARN  2026-06-28 07:41:08,383 [shard 0:main] config - config_store.h:87 - Unknown property admin for cluster config store
WARN  2026-06-28 07:41:08,383 [shard 0:main] config - config_store.h:87 - Unknown property advertised_rpc_api for cluster config store
WARN  2026-06-28 07:41:08,383 [shard 0:main] config - config_store.h:87 - Unknown property advertised_kafka_api for cluster config store
WARN  2026-06-28 07:41:08,383 [shard 0:main] config - config_store.h:87 - Unknown property developer_mode for cluster config store
WARN  2026-06-28 07:41:08,383 [shard 1:main] config - config_store.h:87 - Unknown property data_directory for cluster config store
WARN  2026-06-28 07:41:08,383 [shard 1:main] config - config_store.h:87 - Unknown property seed_servers for cluster config store
WARN  2026-06-28 07:41:08,383 [shard 1:main] config - config_store.h:87 - Unknown property rpc_server for cluster config store
WARN  2026-06-28 07:41:08,383 [shard 1:main] config - config_store.h:87 - Unknown property kafka_api for cluster config store
WARN  2026-06-28 07:41:08,383 [shard 1:main] config - config_store.h:87 - Unknown property admin for cluster config store
WARN  2026-06-28 07:41:08,383 [shard 1:main] config - config_store.h:87 - Unknown property advertised_rpc_api for cluster config store
WARN  2026-06-28 07:41:08,383 [shard 1:main] config - config_store.h:87 - Unknown property advertised_kafka_api for cluster config store
WARN  2026-06-28 07:41:08,383 [shard 1:main] config - config_store.h:87 - Unknown property developer_mode for cluster config store
WARN  2026-06-28 07:41:08,383 [shard 0:main] config - config_store.h:87 - Unknown property data_directory for cluster config store
WARN  2026-06-28 07:41:08,383 [shard 0:main] config - config_store.h:87 - Unknown property seed_servers for cluster config store
WARN  2026-06-28 07:41:08,383 [shard 0:main] config - config_store.h:87 - Unknown property rpc_server for cluster config store
WARN  2026-06-28 07:41:08,383 [shard 0:main] config - config_store.h:87 - Unknown property kafka_api for cluster config store
WARN  2026-06-28 07:41:08,383 [shard 0:main] config - config_store.h:87 - Unknown property admin for cluster config store
WARN  2026-06-28 07:41:08,383 [shard 0:main] config - config_store.h:87 - Unknown property advertised_rpc_api for cluster config store
WARN  2026-06-28 07:41:08,383 [shard 0:main] config - config_store.h:87 - Unknown property advertised_kafka_api for cluster config store
WARN  2026-06-28 07:41:08,383 [shard 0:main] config - config_store.h:87 - Unknown property developer_mode for cluster config store
INFO  2026-06-28 07:41:08,383 [shard 0:main] main - application.cc:748 - Cluster configuration properties:
INFO  2026-06-28 07:41:08,383 [shard 0:main] main - application.cc:749 - (use `rpk cluster config edit` to change)
INFO  2026-06-28 07:41:08,384 [shard 0:main] main - application.cc:740 - redpanda.abort_index_segment_size:50000	- Capacity (in number of txns) of an abort index segment. Each partition tracks the aborted transaction offset ranges to help service client requests.If the number transactions increase beyond this threshold, they are flushed to disk to easy memory pressure.Then they're loaded on demand. This configuration controls the maximum number of aborted transactions  before they are flushed to disk.
INFO  2026-06-28 07:41:08,384 [shard 0:main] main - application.cc:740 - redpanda.abort_timed_out_transactions_interval_ms:10000ms	- Interval, in milliseconds, at which Redpanda looks for inactive transactions and aborts them.
INFO  2026-06-28 07:41:08,384 [shard 0:main] main - application.cc:740 - redpanda.admin_api_require_auth:0	- Whether Admin API clients must provide HTTP basic authentication headers.
INFO  2026-06-28 07:41:08,384 [shard 0:main] main - application.cc:740 - redpanda.aggregate_metrics:0	- Enable aggregation of metrics returned by the `/metrics` endpoint. Aggregation can simplify monitoring by providing summarized data instead of raw, per-instance metrics. Metric aggregation is performed by summing the values of samples by labels and is done when it makes sense by the shard and/or partition labels.
INFO  2026-06-28 07:41:08,384 [shard 0:main] main - application.cc:740 - redpanda.alive_timeout_ms:5000ms	- The amount of time since the last broker status heartbeat. After this time, a broker is considered offline and not alive.
INFO  2026-06-28 07:41:08,384 [shard 0:main] main - application.cc:740 - redpanda.append_chunk_size:16384	- Size of direct write operations to disk in bytes. A larger chunk size can improve performance for write-heavy workloads, but increase latency for these writes as more data is collected before each write operation. A smaller chunk size can decrease write latency, but potentially increase the number of disk I/O operations.
INFO  2026-06-28 07:41:08,384 [shard 0:main] main - application.cc:740 - redpanda.audit_client_max_buffer_size:16777216	- Defines the number of bytes allocated by the internal audit client for audit messages. When changing this, you must disable audit logging and then re-enable it for the change to take effect. Consider increasing this if your system generates a very large number of audit records in a short amount of time.
INFO  2026-06-28 07:41:08,384 [shard 0:main] main - application.cc:740 - redpanda.audit_enabled:0	- Enables or disables audit logging. When you set this to true, Redpanda checks for an existing topic named `_redpanda.audit_log`. If none is found, Redpanda automatically creates one for you.
INFO  2026-06-28 07:41:08,384 [shard 0:main] main - application.cc:740 - redpanda.audit_enabled_event_types:{management, authenticate, admin}	- List of strings in JSON style identifying the event types to include in the audit log. This may include any of the following: `management, produce, consume, describe, heartbeat, authenticate, schema_registry, admin`.
INFO  2026-06-28 07:41:08,384 [shard 0:main] main - application.cc:740 - redpanda.audit_excluded_principals:{}	- List of user principals to exclude from auditing.
INFO  2026-06-28 07:41:08,384 [shard 0:main] main - application.cc:740 - redpanda.audit_excluded_topics:{}	- List of topics to exclude from auditing.
INFO  2026-06-28 07:41:08,384 [shard 0:main] main - application.cc:740 - redpanda.audit_failure_policy:reject	- Defines the policy for rejecting audit log messages when the audit log queue is full. If set to 'permit', then new audit messages are dropped and the operation is permitted.  If set to 'reject', then the operation is rejected.
INFO  2026-06-28 07:41:08,384 [shard 0:main] main - application.cc:740 - redpanda.audit_log_num_partitions:12	- Defines the number of partitions used by a newly-created audit topic. This configuration applies only to the audit log topic and may be different from the cluster or other topic configurations. This cannot be altered for existing audit log topics.
INFO  2026-06-28 07:41:08,384 [shard 0:main] main - application.cc:740 - redpanda.audit_log_replication_factor:{nullopt}	- Defines the replication factor for a newly-created audit log topic. This configuration applies only to the audit log topic and may be different from the cluster or other topic configurations. This cannot be altered for existing audit log topics. Setting this value is optional. If a value is not provided, Redpanda will use the value specified for `internal_topic_replication_factor`.
INFO  2026-06-28 07:41:08,384 [shard 0:main] main - application.cc:740 - redpanda.audit_queue_drain_interval_ms:500ms	- Interval, in milliseconds, at which Redpanda flushes the queued audit log messages to the audit log topic. Longer intervals may help prevent duplicate messages, especially in high throughput scenarios, but they also increase the risk of data loss during shutdowns where the queue is lost.
INFO  2026-06-28 07:41:08,384 [shard 0:main] main - application.cc:740 - redpanda.audit_queue_max_buffer_size_per_shard:1048576	- Defines the maximum amount of memory in bytes used by the audit buffer in each shard. Once this size is reached, requests to log additional audit messages will return a non-retryable error. Limiting the buffer size per shard helps prevent any single shard from consuming excessive memory due to audit log messages.
INFO  2026-06-28 07:41:08,384 [shard 0:main] main - application.cc:740 - redpanda.audit_use_rpc:1	- Produce audit log messages using internal Redpanda RPCs. When disabled, produce audit log messages using a Kafka client instead.
INFO  2026-06-28 07:41:08,384 [shard 0:main] main - application.cc:740 - redpanda.auto_create_topics_enabled:1	- Allow automatic topic creation. To prevent excess topics, this property is not supported on Redpanda Cloud BYOC and Dedicated clusters. You should explicitly manage topic creation for these Redpanda Cloud clusters. If you produce to a topic that doesn't exist, the topic will be created with defaults if this property is enabled.
INFO  2026-06-28 07:41:08,384 [shard 0:main] main - application.cc:740 - redpanda.cloud_storage_access_key:{nullopt}	- AWS or GCP access key. This access key is part of the credentials that Redpanda requires to authenticate with object storage services for Tiered Storage. This access key is used with the <<cloud_storage_secret_key>> to form the complete credentials required for authentication. To authenticate using IAM roles, see cloud_storage_credentials_source.
INFO  2026-06-28 07:41:08,384 [shard 0:main] main - application.cc:740 - redpanda.cloud_storage_api_endpoint:{nullopt}	- Optional API endpoint. - AWS: When blank, this is automatically generated using <<cloud_storage_region,region>> and <<cloud_storage_bucket,bucket>>. Otherwise, this uses the value assigned. - GCP: Uses `storage.googleapis.com`.
INFO  2026-06-28 07:41:08,384 [shard 0:main] main - application.cc:740 - redpanda.cloud_storage_api_endpoint_port:443	- TLS port override.
INFO  2026-06-28 07:41:08,384 [shard 0:main] main - application.cc:740 - redpanda.cloud_storage_attempt_cluster_restore_on_bootstrap:0	- When set to `true`, Redpanda automatically retrieves cluster metadata from a specified object storage bucket at the cluster's first startup. This option is ideal for orchestrated deployments, such as Kubernetes. Ensure any previous cluster linked to the bucket is fully decommissioned to prevent conflicts between Tiered Storage subsystems.
INFO  2026-06-28 07:41:08,384 [shard 0:main] main - application.cc:740 - redpanda.cloud_storage_azure_adls_endpoint:{nullopt}	- Azure Data Lake Storage v2 endpoint override. Use when hierarchical namespaces are enabled on your storage account and you have set up a custom endpoint.
INFO  2026-06-28 07:41:08,384 [shard 0:main] main - application.cc:740 - redpanda.cloud_storage_azure_adls_port:{nullopt}	- Azure Data Lake Storage v2 port override. See also `cloud_storage_azure_adls_endpoint`. Use when Hierarchical Namespaces are enabled on your storage account and you have set up a custom endpoint.
INFO  2026-06-28 07:41:08,384 [shard 0:main] main - application.cc:740 - redpanda.cloud_storage_azure_container:{nullopt}	- The name of the Azure container to use with Tiered Storage. If `null`, the property is disabled. The container must belong to cloud_storage_azure_storage_account.
INFO  2026-06-28 07:41:08,384 [shard 0:main] main - application.cc:740 - redpanda.cloud_storage_azure_hierarchical_namespace_enabled:{nullopt}	- Whether or not an Azure hierarchical namespace is enabled on the `cloud_storage_azure_storage_account`. If this property is not set, ´cloud_storage_azure_shared_key` must be set, and each node tries to determine at startup if a hierarchical namespace is enabled. Setting this property to `true` disables the check and treats a hierarchical namespace as active. Setting to `false` disables the check and treats a hierarchical namespace as not active.
INFO  2026-06-28 07:41:08,384 [shard 0:main] main - application.cc:740 - redpanda.cloud_storage_azure_managed_identity_id:{nullopt}	- The managed identity ID to use for access to the Azure storage account. To use Azure managed identities, you must set `cloud_storage_credentials_source` to `azure_vm_instance_metadata`.
INFO  2026-06-28 07:41:08,384 [shard 0:main] main - application.cc:740 - redpanda.cloud_storage_azure_shared_key:{nullopt}	- The shared key to be used for Azure Shared Key authentication with the Azure storage account configured by `cloud_storage_azure_storage_account`.  If `null`, the property is disabled. Redpanda expects this key string to be Base64 encoded.
INFO  2026-06-28 07:41:08,384 [shard 0:main] main - application.cc:740 - redpanda.cloud_storage_azure_storage_account:{nullopt}	- The name of the Azure storage account to use with Tiered Storage. If `null`, the property is disabled.
INFO  2026-06-28 07:41:08,384 [shard 0:main] main - application.cc:740 - redpanda.cloud_storage_backend:unknown	- Optional object storage backend variant used to select API capabilities. If not supplied, this will be inferred from other configuration properties.
INFO  2026-06-28 07:41:08,384 [shard 0:main] main - application.cc:740 - redpanda.cloud_storage_background_jobs_quota:5000	- The total number of requests the object storage background jobs can make during one background housekeeping run. This is a per-shard limit. Adjusting this limit can optimize object storage traffic and impact shard performance.
INFO  2026-06-28 07:41:08,384 [shard 0:main] main - application.cc:740 - redpanda.cloud_storage_bucket:{nullopt}	- AWS or GCP bucket or container that should be used to store data.
INFO  2026-06-28 07:41:08,384 [shard 0:main] main - application.cc:740 - redpanda.cloud_storage_cache_check_interval:5000ms	- Minimum interval between Tiered Storage cache trims, measured in milliseconds. This setting dictates the cooldown period after a cache trim operation before another trim can occur. If a cache fetch operation requests a trim but the interval since the last trim has not yet passed, the trim will be postponed until this cooldown expires. Adjusting this interval helps manage the balance between cache size and retrieval performance.
INFO  2026-06-28 07:41:08,384 [shard 0:main] main - application.cc:740 - redpanda.cloud_storage_cache_chunk_size:16777216	- Size of chunks of segments downloaded into object storage cache. Reduces space usage by only downloading the necessary chunk from a segment.
INFO  2026-06-28 07:41:08,384 [shard 0:main] main - application.cc:740 - redpanda.cloud_storage_cache_max_objects:100000	- Maximum number of objects that may be held in the Tiered Storage cache.  This applies simultaneously with `cloud_storage_cache_size`, and whichever limit is hit first will trigger trimming of the cache.
INFO  2026-06-28 07:41:08,384 [shard 0:main] main - application.cc:740 - redpanda.cloud_storage_cache_num_buckets:0	- Divide the object storage cache across the specified number of buckets. This only works for objects with randomized prefixes. The names are not changed when the value is set to zero.
INFO  2026-06-28 07:41:08,384 [shard 0:main] main - application.cc:740 - redpanda.cloud_storage_cache_size:0	- Maximum size of object storage cache. If both this property and cloud_storage_cache_size_percent are set, Redpanda uses the minimum of the two.
INFO  2026-06-28 07:41:08,384 [shard 0:main] main - application.cc:740 - redpanda.cloud_storage_cache_size_percent:{20}	- Maximum size of the cloud cache as a percentage of unreserved disk space disk_reservation_percent. The default value for this option is tuned for a shared disk configuration. Consider increasing the value if using a dedicated cache disk. The property <<cloud_storage_cache_size,`cloud_storage_cache_size`>> controls the same limit expressed as a fixed number of bytes. If both `cloud_storage_cache_size` and `cloud_storage_cache_size_percent` are set, Redpanda uses the minimum of the two.
INFO  2026-06-28 07:41:08,384 [shard 0:main] main - application.cc:740 - redpanda.cloud_storage_cache_trim_carryover_bytes:0	- The cache performs a recursive directory inspection during the cache trim. The information obtained during the inspection can be carried over to the next trim operation. This parameter sets a limit on the memory occupied by objects that can be carried over from one trim to next, and allows cache to quickly unblock readers before starting the directory inspection (deprecated)
INFO  2026-06-28 07:41:08,384 [shard 0:main] main - application.cc:740 - redpanda.cloud_storage_cache_trim_threshold_percent_objects:{nullopt}	- Trim is triggered when the cache reaches this percent of the maximum object count. If this is unset, the default behavioris to start trim when the cache is about 100% full.
INFO  2026-06-28 07:41:08,384 [shard 0:main] main - application.cc:740 - redpanda.cloud_storage_cache_trim_threshold_percent_size:{nullopt}	- Trim is triggered when the cache reaches this percent of the maximum cache size. If this is unset, the default behavioris to start trim when the cache is about 100% full.
INFO  2026-06-28 07:41:08,384 [shard 0:main] main - application.cc:740 - redpanda.cloud_storage_cache_trim_walk_concurrency:1	- The maximum number of concurrent tasks launched for directory walk during cache trimming. A higher number allows cache trimming to run faster but can cause latency spikes due to increased pressure on I/O subsystem and syscall threads.
INFO  2026-06-28 07:41:08,384 [shard 0:main] main - application.cc:740 - redpanda.cloud_storage_chunk_eviction_strategy:eager	- Selects a strategy for evicting unused cache chunks.
INFO  2026-06-28 07:41:08,384 [shard 0:main] main - application.cc:740 - redpanda.cloud_storage_chunk_prefetch:0	- Number of chunks to prefetch ahead of every downloaded chunk
INFO  2026-06-28 07:41:08,384 [shard 0:main] main - application.cc:740 - redpanda.cloud_storage_client_lease_timeout_ms:900000ms	- Maximum time to hold a cloud storage client lease (ms), after which any outstanding connection is immediately closed.
INFO  2026-06-28 07:41:08,384 [shard 0:main] main - application.cc:740 - redpanda.cloud_storage_cluster_metadata_num_consumer_groups_per_upload:1000	- Number of groups to upload in a single snapshot object during consumer offsets upload. Setting a lower value will mean a larger number of smaller snapshots are uploaded.
INFO  2026-06-28 07:41:08,384 [shard 0:main] main - application.cc:740 - redpanda.cloud_storage_cluster_metadata_retries:5	- Number of attempts metadata operations may be retried.
INFO  2026-06-28 07:41:08,384 [shard 0:main] main - application.cc:740 - redpanda.cloud_storage_cluster_metadata_upload_interval_ms:3600000ms	- Time interval to wait between cluster metadata uploads.
INFO  2026-06-28 07:41:08,384 [shard 0:main] main - application.cc:740 - redpanda.cloud_storage_cluster_metadata_upload_timeout_ms:60000ms	- Timeout for cluster metadata uploads.
INFO  2026-06-28 07:41:08,384 [shard 0:main] main - application.cc:740 - redpanda.cloud_storage_cluster_name:{nullopt}	- Optional unique name to disambiguate this cluster's metadata in object storage (e.g. for Whole Cluster Restore) when multiple clusters share a bucket. Must be unique within the bucket, 1-64 chars, [A-Za-z0-9_-]. Do not change once set.
INFO  2026-06-28 07:41:08,384 [shard 0:main] main - application.cc:740 - redpanda.cloud_storage_credentials_host:{nullopt}	- The hostname to connect to for retrieving role based credentials. Derived from cloud_storage_credentials_source if not set. Only required when using IAM role based access. To authenticate using access keys, see `cloud_storage_access_key`.
INFO  2026-06-28 07:41:08,384 [shard 0:main] main - application.cc:740 - redpanda.cloud_storage_credentials_source:config_file	- The source of credentials used to authenticate to object storage services. Required for cluster provider authentication with IAM roles. To authenticate using access keys, see cloud_storage_access_key`. Accepted values: `config_file`, `aws_instance_metadata`, `sts, gcp_instance_metadata`, `azure_vm_instance_metadata`, `azure_aks_oidc_federation` 
INFO  2026-06-28 07:41:08,384 [shard 0:main] main - application.cc:740 - redpanda.cloud_storage_crl_file:{nullopt}	- Path to certificate revocation list for `cloud_storage_trust_file`.
INFO  2026-06-28 07:41:08,384 [shard 0:main] main - application.cc:740 - redpanda.cloud_storage_disable_archival_stm_rw_fence:0	- Disable concurrency control mechanism in the Tiered-Storage. This could potentially break the metadata consistency and shouldn't be used in production systems. It should only be used for testing.
INFO  2026-06-28 07:41:08,384 [shard 0:main] main - application.cc:740 - redpanda.cloud_storage_disable_archiver_manager:1	- Use legacy upload mode and do not start archiver_manager.
INFO  2026-06-28 07:41:08,384 [shard 0:main] main - application.cc:740 - redpanda.cloud_storage_disable_chunk_reads:0	- Disable chunk reads and switch back to legacy mode where full segments are downloaded.
INFO  2026-06-28 07:41:08,384 [shard 0:main] main - application.cc:740 - redpanda.cloud_storage_disable_read_replica_loop_for_tests:0	- Begins the read replica sync loop in tiered-storage-enabled topic partitions. The property exists to simplify testing and shouldn't be set in production.
INFO  2026-06-28 07:41:08,384 [shard 0:main] main - application.cc:740 - redpanda.cloud_storage_disable_remote_labels_for_tests:0	- If 'true', Redpanda disables remote labels and falls back on the hash-based object naming scheme for new topics. This property exists to simplify testing and shouldn't be set in production.
INFO  2026-06-28 07:41:08,384 [shard 0:main] main - application.cc:740 - redpanda.cloud_storage_disable_tls:0	- Disable TLS for all object storage connections.
INFO  2026-06-28 07:41:08,384 [shard 0:main] main - application.cc:740 - redpanda.cloud_storage_disable_upload_consistency_checks:0	- Disable all upload consistency checks. This will allow redpanda to upload logs with gaps and replicate metadata with consistency violations. Normally, this options should be disabled.
INFO  2026-06-28 07:41:08,384 [shard 0:main] main - application.cc:740 - redpanda.cloud_storage_disable_upload_loop_for_tests:0	- Begins the upload loop in tiered-storage-enabled topic partitions. The property exists to simplify testing and shouldn't be set in production.
INFO  2026-06-28 07:41:08,384 [shard 0:main] main - application.cc:740 - redpanda.cloud_storage_enable_compacted_topic_reupload:1	- Enable re-uploading data for compacted topics
INFO  2026-06-28 07:41:08,384 [shard 0:main] main - application.cc:740 - redpanda.cloud_storage_enable_remote_allow_gaps:0	- Controls the eviction of locally-stored log segments when Tiered Storage uploads are paused. Set to `false` (default) to only evict data that has already been uploaded to cloud storage. If the retained data fills the local volume, Redpanda will throttle producers. Set to `true` to allow the eviction of locally-stored log segments, which may create gaps in offsets.
INFO  2026-06-28 07:41:08,384 [shard 0:main] main - application.cc:740 - redpanda.cloud_storage_enable_remote_read:0	- Default remote read config value for new topics
INFO  2026-06-28 07:41:08,384 [shard 0:main] main - application.cc:740 - redpanda.cloud_storage_enable_remote_write:0	- Default remote write value for new topics
INFO  2026-06-28 07:41:08,384 [shard 0:main] main - application.cc:740 - redpanda.cloud_storage_enable_scrubbing:0	- Enable scrubbing of cloud storage partitions. The scrubber validates the integrity of data and metadata uploaded to cloud storage.
INFO  2026-06-28 07:41:08,384 [shard 0:main] main - application.cc:740 - redpanda.cloud_storage_enable_segment_merging:1	- Enables adjacent segment merging. The segments are reuploaded if there is an opportunity for that and if it will improve the tiered-storage performance
INFO  2026-06-28 07:41:08,384 [shard 0:main] main - application.cc:740 - redpanda.cloud_storage_enable_segment_uploads:1	- Controls the upload of log segments to Tiered Storage. If set to false, this property temporarily pauses all log segment uploads from the Redpanda cluster. When the uploads are paused, the 'cloud_storage_enable_remote_allow_gaps' cluster configuration and 'redpanda.remote.allowgaps' topic properties control local retention behavior.
INFO  2026-06-28 07:41:08,384 [shard 0:main] main - application.cc:740 - redpanda.cloud_storage_enabled:0	- Enable object storage. Must be set to `true` to use Tiered Storage or Remote Read Replicas.
INFO  2026-06-28 07:41:08,384 [shard 0:main] main - application.cc:740 - redpanda.cloud_storage_full_scrub_interval_ms:43200000ms	- Time interval between a final scrub and the next.
INFO  2026-06-28 07:41:08,384 [shard 0:main] main - application.cc:740 - redpanda.cloud_storage_garbage_collect_timeout_ms:30000ms	- Timeout for running the cloud storage garbage collection (ms).
INFO  2026-06-28 07:41:08,384 [shard 0:main] main - application.cc:740 - redpanda.cloud_storage_gc_max_segments_per_run:300	- Maximum number of segments to delete per housekeeping run. Each segment maps to up to three object keys (data, index, tx manifest), so a value of 300 produces 600 to 900 deletes plus one per spillover manifest.
INFO  2026-06-28 07:41:08,384 [shard 0:main] main - application.cc:740 - redpanda.cloud_storage_graceful_transfer_timeout_ms:{5000ms}	- Time limit on waiting for uploads to complete before a leadership transfer.  If this is null, leadership transfers will proceed without waiting.
INFO  2026-06-28 07:41:08,384 [shard 0:main] main - application.cc:740 - redpanda.cloud_storage_housekeeping_interval_ms:300000ms	- Interval for cloud storage housekeeping tasks.
INFO  2026-06-28 07:41:08,384 [shard 0:main] main - application.cc:740 - redpanda.cloud_storage_hydrated_chunks_per_segment_ratio:0.7	- The maximum number of chunks per segment that can be hydrated at a time. Above this number, unused chunks will be trimmed.
INFO  2026-06-28 07:41:08,384 [shard 0:main] main - application.cc:740 - redpanda.cloud_storage_hydration_timeout_ms:600000ms	- Duration to wait for a hydration request to be fulfilled, if hydration is not completed within this time, the consumer will be notified with a timeout error.
INFO  2026-06-28 07:41:08,384 [shard 0:main] main - application.cc:740 - redpanda.cloud_storage_idle_threshold_rps:10	- The cloud storage request rate threshold for idle state detection. If the average request rate for the configured period is lower than this threshold the cloud storage is considered being idle.
INFO  2026-06-28 07:41:08,384 [shard 0:main] main - application.cc:740 - redpanda.cloud_storage_idle_timeout_ms:10000ms	- Timeout used to detect idle state of the cloud storage API. If the average cloud storage request rate is below this threshold for a configured amount of time the cloud storage is considered idle and the housekeeping jobs are started.
INFO  2026-06-28 07:41:08,384 [shard 0:main] main - application.cc:740 - redpanda.cloud_storage_initial_backoff_ms:100ms	- Initial backoff time for exponential backoff algorithm (ms)
INFO  2026-06-28 07:41:08,384 [shard 0:main] main - application.cc:740 - redpanda.cloud_storage_inventory_based_scrub_enabled:0	- Scrubber uses the latest cloud storage inventory report, if available, to check if the required objects exist in the bucket or container.
INFO  2026-06-28 07:41:08,384 [shard 0:main] main - application.cc:740 - redpanda.cloud_storage_inventory_id:redpanda_scrubber_inventory	- The name of the scheduled inventory job created by Redpanda to generate bucket or container inventory reports.
INFO  2026-06-28 07:41:08,384 [shard 0:main] main - application.cc:740 - redpanda.cloud_storage_inventory_max_hash_size_during_parse:67108864	- Maximum bytes of hashes which will be held in memory before writing data to disk during inventory report parsing. Affects the number of files written by inventory service to disk during report parsing, as when this limit is reached new files are written to disk.
INFO  2026-06-28 07:41:08,384 [shard 0:main] main - application.cc:740 - redpanda.cloud_storage_inventory_report_check_interval_ms:21600000ms	- Time interval between checks for a new inventory report in the cloud storage bucket or container.
INFO  2026-06-28 07:41:08,384 [shard 0:main] main - application.cc:740 - redpanda.cloud_storage_inventory_reports_prefix:redpanda_scrubber_inventory	- The prefix to the path in the cloud storage bucket or container where inventory reports will be placed.
INFO  2026-06-28 07:41:08,384 [shard 0:main] main - application.cc:740 - redpanda.cloud_storage_inventory_self_managed_report_config:0	- If enabled, Redpanda will not attempt to create the scheduled report configuration using cloud storage APIs. The scrubbing process will look for reports in the expected paths in the bucket or container, and use the latest report found. Primarily intended for use in testing and on backends where scheduled inventory reports are not supported.
INFO  2026-06-28 07:41:08,384 [shard 0:main] main - application.cc:740 - redpanda.cloud_storage_manifest_cache_size:1048576	- Amount of memory that can be used to handle tiered-storage metadata
INFO  2026-06-28 07:41:08,384 [shard 0:main] main - application.cc:740 - redpanda.cloud_storage_manifest_max_upload_interval_sec:{60s}	- Wait at least this long between partition manifest uploads. Actual time between uploads may be greater than this interval. If this property is not set, or null, metadata will be updated after each segment upload.
INFO  2026-06-28 07:41:08,384 [shard 0:main] main - application.cc:740 - redpanda.cloud_storage_manifest_upload_timeout_ms:30000ms	- Manifest upload timeout (ms).
INFO  2026-06-28 07:41:08,384 [shard 0:main] main - application.cc:740 - redpanda.cloud_storage_materialized_manifest_ttl_ms:10000ms	- The time interval that determines how long the materialized manifest can stay in cache under contention. This parameter is used for performance tuning. When the spillover manifest is materialized and stored in cache and the cache needs to evict it it will use 'cloud_storage_materialized_manifest_ttl_ms' value as a timeout. The cursor that uses the spillover manifest uses this value as a TTL interval after which it stops referencing the manifest making it available for eviction. This only affects spillover manifests under contention.
INFO  2026-06-28 07:41:08,384 [shard 0:main] main - application.cc:740 - redpanda.cloud_storage_max_concurrent_hydrations_per_shard:{nullopt}	- Maximum concurrent segment hydrations of remote data per CPU core.  If unset, value of `cloud_storage_max_connections / 2` is used, which means that half of available S3 bandwidth could be used to download data from S3. If the cloud storage cache is empty every new segment reader will require a download. This will lead to 1:1 mapping between number of partitions scanned by the fetch request and number of parallel downloads. If this value is too large the downloads can affect other workloads. In case of any problem caused by the tiered-storage reads this value can be lowered. This will only affect segment hydrations (downloads) but won't affect cached segments. If fetch request is reading from the tiered-storage cache its concurrency will only be limited by available memory.
INFO  2026-06-28 07:41:08,384 [shard 0:main] main - application.cc:740 - redpanda.cloud_storage_max_connection_idle_time_ms:5000ms	- Max https connection idle time (ms)
INFO  2026-06-28 07:41:08,384 [shard 0:main] main - application.cc:740 - redpanda.cloud_storage_max_connections:20	- Maximum simultaneous object storage connections per shard, applicable to upload and download activities.
INFO  2026-06-28 07:41:08,384 [shard 0:main] main - application.cc:740 - redpanda.cloud_storage_max_materialized_segments_per_shard:{nullopt}	- Maximum concurrent readers of remote data per CPU core.  If unset, value of `topic_partitions_per_shard` multiplied by 2 is used.
INFO  2026-06-28 07:41:08,384 [shard 0:main] main - application.cc:740 - redpanda.cloud_storage_max_partition_readers_per_shard:{nullopt}	- Maximum partition readers per shard (deprecated)
INFO  2026-06-28 07:41:08,384 [shard 0:main] main - application.cc:740 - redpanda.cloud_storage_max_segment_readers_per_shard:{nullopt}	- Maximum concurrent I/O cursors of materialized remote segments per CPU core.  If unset, value of `topic_partitions_per_shard` is used, i.e. one segment reader per partition if the shard is at its maximum partition capacity.  These readers are cachedacross Kafka consume requests and store a readahead buffer.
INFO  2026-06-28 07:41:08,384 [shard 0:main] main - application.cc:740 - redpanda.cloud_storage_max_segments_pending_deletion_per_partition:5000	- The per-partition limit for the number of segments pending deletion from the cloud. Segments can be deleted due to retention or compaction. If this limit is breached and deletion fails, then segments will be orphaned in the cloud and will have to be removed manually. Applies only the the in-memory manifest. Spillover manifests are not affected by this limit.
INFO  2026-06-28 07:41:08,384 [shard 0:main] main - application.cc:740 - redpanda.cloud_storage_max_throughput_per_shard:{1073741824}	- Max throughput used by tiered-storage per shard in bytes per second. This value is an upper bound of the throughput available to the tiered-storage subsystem. This parameter is intended to be used as a safeguard and in tests when we need to set precise throughput value independent of actual storage media. Please use 'cloud_storage_throughput_limit_percent' instead of this parameter in the production environment.
INFO  2026-06-28 07:41:08,384 [shard 0:main] main - application.cc:740 - redpanda.cloud_storage_metadata_sync_timeout_ms:10000ms	- Timeout for SI metadata synchronization.
INFO  2026-06-28 07:41:08,384 [shard 0:main] main - application.cc:740 - redpanda.cloud_storage_min_chunks_per_segment_threshold:5	- The minimum number of chunks per segment for trimming to be enabled. If the number of chunks in a segment is below this threshold, the segment is small enough that all chunks in it can be hydrated at any given time
INFO  2026-06-28 07:41:08,384 [shard 0:main] main - application.cc:740 - redpanda.cloud_storage_partial_scrub_interval_ms:3600000ms	- Time interval between two partial scrubs of the same partition.
INFO  2026-06-28 07:41:08,384 [shard 0:main] main - application.cc:740 - redpanda.cloud_storage_prefetch_segments_max:3	- Maximum number of small segments (size <= chunk size) to prefetch ahead during sequential reads. Set to 0 to disable cross-segment prefetch.
INFO  2026-06-28 07:41:08,384 [shard 0:main] main - application.cc:740 - redpanda.cloud_storage_readreplica_manifest_sync_timeout_ms:30000ms	- Timeout to check if new data is available for partition in S3 for read replica.
INFO  2026-06-28 07:41:08,384 [shard 0:main] main - application.cc:740 - redpanda.cloud_storage_recovery_temporary_retention_bytes_default:1073741824	- Retention in bytes for topics created during automated recovery
INFO  2026-06-28 07:41:08,384 [shard 0:main] main - application.cc:740 - redpanda.cloud_storage_recovery_topic_validation_depth:10	- Number of metadata segments to validate, from newest to oldest, when `cloud_storage_recovery_topic_validation_mode` is set to `check_manifest_and_segment_metadata`.
INFO  2026-06-28 07:41:08,384 [shard 0:main] main - application.cc:740 - redpanda.cloud_storage_recovery_topic_validation_mode:check_manifest_existence	- Validation performed before recovering a topic from object storage. In case of failure, the reason for the failure appears as `ERROR` lines in the Redpanda application log. For each topic, this reports errors for all partitions, but for each partition, only the first error is reported. This property accepts the following parameters: `no_check`: Skips the checks for topic recovery. `check_manifest_existence`:  Runs an existence check on each `partition_manifest`. Fails if there are connection issues to the object storage. `check_manifest_and_segment_metadata`: Downloads the manifest and runs a consistency check, comparing the metadata with the cloud storage objects. The process fails if metadata references any missing cloud storage objects.
INFO  2026-06-28 07:41:08,384 [shard 0:main] main - application.cc:740 - redpanda.cloud_storage_region:{nullopt}	- Cloud provider region that houses the bucket or container used for storage.
INFO  2026-06-28 07:41:08,384 [shard 0:main] main - application.cc:740 - redpanda.cloud_storage_roles_operation_timeout_ms:30000ms	- Timeout for IAM role related operations (ms)
INFO  2026-06-28 07:41:08,384 [shard 0:main] main - application.cc:740 - redpanda.cloud_storage_scrubbing_interval_jitter_ms:600000ms	- Jitter applied to the cloud storage scrubbing interval.
INFO  2026-06-28 07:41:08,384 [shard 0:main] main - application.cc:740 - redpanda.cloud_storage_secret_key:{nullopt}	- Cloud provider secret key.
INFO  2026-06-28 07:41:08,384 [shard 0:main] main - application.cc:740 - redpanda.cloud_storage_segment_max_upload_interval_sec:{3600s}	- Time that segment can be kept locally without uploading it to the remote storage (sec).
INFO  2026-06-28 07:41:08,384 [shard 0:main] main - application.cc:740 - redpanda.cloud_storage_segment_size_min:{nullopt}	- Smallest acceptable segment size in the cloud storage. Default: cloud_storage_segment_size_target/2
INFO  2026-06-28 07:41:08,384 [shard 0:main] main - application.cc:740 - redpanda.cloud_storage_segment_size_target:{nullopt}	- Desired segment size in the cloud storage. Default: segment.bytes
INFO  2026-06-28 07:41:08,384 [shard 0:main] main - application.cc:740 - redpanda.cloud_storage_segment_upload_timeout_ms:90000ms	- Log segment upload timeout (ms)
INFO  2026-06-28 07:41:08,384 [shard 0:main] main - application.cc:740 - redpanda.cloud_storage_spillover_manifest_max_segments:{nullopt}	- Maximum number of elements in the spillover manifest that can be offloaded to the cloud storage. This property is similar to 'cloud_storage_spillover_manifest_size' but it triggers spillover based on number of segments instead of the size of the manifest in bytes. The property exists to simplify testing and shouldn't be set in the production environment
INFO  2026-06-28 07:41:08,384 [shard 0:main] main - application.cc:740 - redpanda.cloud_storage_spillover_manifest_size:{65536}	- The size of the manifest which can be offloaded to the cloud. If the size of the local manifest stored in redpanda exceeds cloud_storage_spillover_manifest_size x2 the spillover mechanism will split the manifest into two parts and one of them will be uploaded to S3.
INFO  2026-06-28 07:41:08,384 [shard 0:main] main - application.cc:740 - redpanda.cloud_storage_throughput_limit_percent:{50}	- Max throughput used by tiered-storage per node expressed as a percentage of the disk bandwidth. If the server has several disks Redpanda will take into account only the one which is used to store tiered-storage cache. Note that even if the tiered-storage is allowed to use full bandwidth of the disk (100%) it won't necessary use it in full. The actual usage depend on your workload and the state of the tiered-storage cache. This parameter is a safeguard that prevents tiered-storage from using too many system resources and not a performance tuning knob.
INFO  2026-06-28 07:41:08,384 [shard 0:main] main - application.cc:740 - redpanda.cloud_storage_topic_purge_grace_period_ms:30000ms	- Grace period during which the purger will refuse to purge the topic.
INFO  2026-06-28 07:41:08,384 [shard 0:main] main - application.cc:740 - redpanda.cloud_storage_trust_file:{nullopt}	- Path to certificate that should be used to validate server certificate during TLS handshake.
INFO  2026-06-28 07:41:08,384 [shard 0:main] main - application.cc:740 - redpanda.cloud_storage_upload_ctrl_d_coeff:0	- derivative coefficient for upload PID controller.
INFO  2026-06-28 07:41:08,384 [shard 0:main] main - application.cc:740 - redpanda.cloud_storage_upload_ctrl_max_shares:1000	- maximum number of IO and CPU shares that archival upload can use
INFO  2026-06-28 07:41:08,384 [shard 0:main] main - application.cc:740 - redpanda.cloud_storage_upload_ctrl_min_shares:100	- minimum number of IO and CPU shares that archival upload can use
INFO  2026-06-28 07:41:08,384 [shard 0:main] main - application.cc:740 - redpanda.cloud_storage_upload_ctrl_p_coeff:-2	- proportional coefficient for upload PID controller
INFO  2026-06-28 07:41:08,384 [shard 0:main] main - application.cc:740 - redpanda.cloud_storage_upload_ctrl_update_interval_ms:60000ms	- 
INFO  2026-06-28 07:41:08,384 [shard 0:main] main - application.cc:740 - redpanda.cloud_storage_upload_loop_initial_backoff_ms:100ms	- Initial backoff interval when there is nothing to upload for a partition (ms).
INFO  2026-06-28 07:41:08,384 [shard 0:main] main - application.cc:740 - redpanda.cloud_storage_upload_loop_max_backoff_ms:10000ms	- Max backoff interval when there is nothing to upload for a partition (ms).
INFO  2026-06-28 07:41:08,384 [shard 0:main] main - application.cc:740 - redpanda.cloud_storage_url_style:{nullopt}	- Specifies the addressing style to use for Amazon S3 requests. This configuration determines how S3 bucket URLs are formatted. You can choose between: `virtual_host`, (for example, `<bucket-name>.s3.amazonaws.com`), `path`, (for example, `s3.amazonaws.com/<bucket-name>`), and `null`. Path style is supported for backward compatibility with legacy systems. When this property is not set or is `null`, the client tries to use `virtual_host` addressing. If the initial request fails, the client automatically tries the `path` style. If neither addressing style works, Redpanda terminates the startup, requiring manual configuration to proceed.
INFO  2026-06-28 07:41:08,384 [shard 0:main] main - application.cc:740 - redpanda.cloud_topics_allow_materialization_failure:0	- When enabled, the reconciler tolerates missing L0 extent objects (404 errors) during materialization. Failed extents are skipped, producing L1 state with empty offset ranges where deleted data was. Use this to recover partitions after accidental deletion of live extent objects.
INFO  2026-06-28 07:41:08,384 [shard 0:main] main - application.cc:740 - redpanda.cloud_topics_compaction_interval_ms:30000ms	- How often to trigger background compaction for cloud topics.
INFO  2026-06-28 07:41:08,384 [shard 0:main] main - application.cc:740 - redpanda.cloud_topics_compaction_key_map_memory:134217728	- Maximum number of bytes that may be used on each shard by cloud topics compaction key-offset maps.
INFO  2026-06-28 07:41:08,384 [shard 0:main] main - application.cc:740 - redpanda.cloud_topics_compaction_max_object_size:134217728	- Maximum size in bytes for L1 objects produced by cloud topics compaction.
INFO  2026-06-28 07:41:08,384 [shard 0:main] main - application.cc:740 - redpanda.cloud_topics_disable_level_zero_gc_for_tests:0	- Disables the level-zero garbage collector in cloud topics. This property exists to simplify testing and shouldn't be set in production.
INFO  2026-06-28 07:41:08,384 [shard 0:main] main - application.cc:740 - redpanda.cloud_topics_disable_metastore_flush_loop_for_tests:0	- Disables the metastore flush loop in cloud topics. The property exists to simplify testing of read replicas and shouldn't be set in production.
INFO  2026-06-28 07:41:08,384 [shard 0:main] main - application.cc:740 - redpanda.cloud_topics_disable_reconciliation_loop:0	- Disables the cloud topics reconciliation loop. Disabling the loop can negatively impact performance and stability of the cluster.
INFO  2026-06-28 07:41:08,384 [shard 0:main] main - application.cc:740 - redpanda.cloud_topics_enabled:0	- Enable cloud topics.
INFO  2026-06-28 07:41:08,384 [shard 0:main] main - application.cc:740 - redpanda.cloud_topics_epoch_service_epoch_increment_interval:600000ms	- The interval at which the cluster epoch is incremented.
INFO  2026-06-28 07:41:08,384 [shard 0:main] main - application.cc:740 - redpanda.cloud_topics_epoch_service_local_epoch_cache_duration:60000ms	- The local cache duration of a cluster wide epoch.
INFO  2026-06-28 07:41:08,384 [shard 0:main] main - application.cc:740 - redpanda.cloud_topics_epoch_service_max_same_epoch_duration:86400000ms	- The duration of time that a node can use the exact same epoch.
INFO  2026-06-28 07:41:08,384 [shard 0:main] main - application.cc:740 - redpanda.cloud_topics_fetch_debounce_enabled:1	- Enables fetch debouncing in cloud topics. This mechanism guarantees that the broker fetches every object only once improving the performance and lowering the cost.
INFO  2026-06-28 07:41:08,384 [shard 0:main] main - application.cc:740 - redpanda.cloud_topics_gc_health_check_interval:10000ms	- The interval at which the L0 garbage collector checks cluster health. GC will not proceed while the cluster is unhealthy.
INFO  2026-06-28 07:41:08,384 [shard 0:main] main - application.cc:740 - redpanda.cloud_topics_indexing_interval:4194304	- The byte interval at which index entries are created within long term storage objects for cloud topics. Index entries are stored in the object metadata and enable efficient seeking by offset or timestamp within a partition. Lower values produce more index entries (better seek granularity) at the cost of a larger footer.
INFO  2026-06-28 07:41:08,384 [shard 0:main] main - application.cc:740 - redpanda.cloud_topics_long_term_file_deletion_delay:3600000ms	- Delay before deleting stale long term files, allowing concurrent readers (e.g. read replica topics) to finish reading them before removal.
INFO  2026-06-28 07:41:08,384 [shard 0:main] main - application.cc:740 - redpanda.cloud_topics_long_term_flush_interval:600000ms	- Time interval at which long term storage metadata is flushed to object storage.
INFO  2026-06-28 07:41:08,384 [shard 0:main] main - application.cc:740 - redpanda.cloud_topics_long_term_garbage_collection_interval:300000ms	- Time interval after which data is garbage collected from long term storage.
INFO  2026-06-28 07:41:08,384 [shard 0:main] main - application.cc:740 - redpanda.cloud_topics_metastore_lsm_apply_timeout_ms:300000ms	- Timeout for applying a replicated write batch to the local LSM database. This may take longer than usual when L0 compaction is behind and writes are being throttled.
INFO  2026-06-28 07:41:08,384 [shard 0:main] main - application.cc:740 - redpanda.cloud_topics_metastore_replication_timeout_ms:30000ms	- Timeout for L1 metastore Raft replication and waiting for the STM to apply the replicated write batch.
INFO  2026-06-28 07:41:08,384 [shard 0:main] main - application.cc:740 - redpanda.cloud_topics_num_metastore_partitions:3	- Number of partitions for the cloud topics metastore topic, used to spread metastore load across the cluster. Higher values allow more parallel metadata operations but reduce the amount of work each partition can batch together. Only takes effect when the metastore topic is first created.
INFO  2026-06-28 07:41:08,384 [shard 0:main] main - application.cc:740 - redpanda.cloud_topics_parallel_fetch_enabled:1	- Enable parallel fetching in cloud topics. This mechanism improves the throughput by allowing the broker to download data needed by the fetch request using multiple shards.
INFO  2026-06-28 07:41:08,384 [shard 0:main] main - application.cc:740 - redpanda.cloud_topics_preregistered_object_ttl:3600000ms	- Time-to-live for pre-registered L1 objects before they are expired.
INFO  2026-06-28 07:41:08,384 [shard 0:main] main - application.cc:740 - redpanda.cloud_topics_produce_batching_size_threshold:4194304	- The size limit for the object size in cloud topics. When the amount of data on a shard reaches this limit, an upload is triggered.
INFO  2026-06-28 07:41:08,384 [shard 0:main] main - application.cc:740 - redpanda.cloud_topics_produce_cardinality_threshold:1000	- Threshold for the object cardinality in cloud topics. When the number of partitions in waiting for the upload reach this limit, an upload is triggered.
INFO  2026-06-28 07:41:08,384 [shard 0:main] main - application.cc:740 - redpanda.cloud_topics_produce_no_pid_concurrency:32	- Maximum number of concurrent raft replication requests for producers without a producer ID (idempotency disabled). Limits how many no-PID writes can proceed past the producer queue into raft simultaneously.
INFO  2026-06-28 07:41:08,384 [shard 0:main] main - application.cc:740 - redpanda.cloud_topics_produce_upload_interval:250ms	- Time interval after which the upload is triggered.
INFO  2026-06-28 07:41:08,384 [shard 0:main] main - application.cc:740 - redpanda.cloud_topics_produce_write_inflight_limit:1024	- Maximum number of in-flight write requests per shard in the cloud topics write pipeline. Requests that exceed this limit are queued until a slot becomes available.
INFO  2026-06-28 07:41:08,384 [shard 0:main] main - application.cc:740 - redpanda.cloud_topics_reconciliation_max_interval:10000ms	- Maximum reconciliation interval for adaptive scheduling.
INFO  2026-06-28 07:41:08,384 [shard 0:main] main - application.cc:740 - redpanda.cloud_topics_reconciliation_max_object_size:83886080	- Maximum size in bytes for L1 objects produced by the reconciler. With the default target fill ratio of 0.8, this gives an effective target object size of 64 MiB.
INFO  2026-06-28 07:41:08,384 [shard 0:main] main - application.cc:740 - redpanda.cloud_topics_reconciliation_min_interval:250ms	- Minimum reconciliation interval for adaptive scheduling. The reconciler will not run more frequently than this.
INFO  2026-06-28 07:41:08,384 [shard 0:main] main - application.cc:740 - redpanda.cloud_topics_reconciliation_parallelism:8	- Maximum number, per shard, of concurrent objects built by reconciliation
INFO  2026-06-28 07:41:08,384 [shard 0:main] main - application.cc:740 - redpanda.cloud_topics_reconciliation_slowdown_blend:0.4	- Blend factor for slowing down reconciliation (0.0 to 1.0). Higher values mean reconciliation lowers its frequency faster when trying to find a frequency that produces well-sized objects. Generally this should be lower than the speedup blend, because reconciliation has less opportunities to adapt its frequency when it runs less frequently.
INFO  2026-06-28 07:41:08,384 [shard 0:main] main - application.cc:740 - redpanda.cloud_topics_reconciliation_speedup_blend:0.9	- Blend factor for speeding up reconciliation (0.0 to 1.0). Higher values mean reconciliation increases its frequency faster when trying to find a frequency that produces well-sized objects.
INFO  2026-06-28 07:41:08,384 [shard 0:main] main - application.cc:740 - redpanda.cloud_topics_reconciliation_target_fill_ratio:0.8	- Target fill ratio for L1 objects. The reconciler adapts its interval to produce objects at approximately this fill level (0.0 to 1.0).
INFO  2026-06-28 07:41:08,384 [shard 0:main] main - application.cc:740 - redpanda.cloud_topics_short_term_gc_backoff_interval:60000ms	- The interval between invocations of the L0 garbage collection work loop when no progress is being made or errors are occurring.
INFO  2026-06-28 07:41:08,384 [shard 0:main] main - application.cc:740 - redpanda.cloud_topics_short_term_gc_interval:10000ms	- The interval between invocations of the L0 garbage collection work loop when progress is being made.
INFO  2026-06-28 07:41:08,384 [shard 0:main] main - application.cc:740 - redpanda.cloud_topics_short_term_gc_minimum_object_age:43200000ms	- The minimum age of an L0 object before it becomes eligible for garbage collection.
INFO  2026-06-28 07:41:08,384 [shard 0:main] main - application.cc:740 - redpanda.cloud_topics_upload_part_size:16777216	- The part size in bytes used for multipart uploads. The minimum of 5 MiB is the smallest non-terminal part size allowed by cloud object storage providers.
INFO  2026-06-28 07:41:08,384 [shard 0:main] main - application.cc:740 - redpanda.cluster_id:{nullopt}	- Cluster identifier.
INFO  2026-06-28 07:41:08,384 [shard 0:main] main - application.cc:740 - redpanda.compacted_log_segment_size:268435456	- Size (in bytes) for each compacted log segment.
INFO  2026-06-28 07:41:08,384 [shard 0:main] main - application.cc:740 - redpanda.compaction_ctrl_backlog_size:{nullopt}	- Target backlog size for compaction controller. If not set the max backlog size is configured to 80% of total disk space available.
INFO  2026-06-28 07:41:08,384 [shard 0:main] main - application.cc:740 - redpanda.compaction_ctrl_d_coeff:0.2	- Derivative coefficient for compaction PID controller.
INFO  2026-06-28 07:41:08,384 [shard 0:main] main - application.cc:740 - redpanda.compaction_ctrl_i_coeff:0	- Integral coefficient for compaction PID controller.
INFO  2026-06-28 07:41:08,384 [shard 0:main] main - application.cc:740 - redpanda.compaction_ctrl_max_shares:1000	- Maximum number of I/O and CPU shares that compaction process can use.
INFO  2026-06-28 07:41:08,384 [shard 0:main] main - application.cc:740 - redpanda.compaction_ctrl_min_shares:10	- Minimum number of I/O and CPU shares that compaction process can use.
INFO  2026-06-28 07:41:08,384 [shard 0:main] main - application.cc:740 - redpanda.compaction_ctrl_p_coeff:-12.5	- Proportional coefficient for compaction PID controller. This must be negative, because the compaction backlog should decrease when the number of compaction shares increases.
INFO  2026-06-28 07:41:08,384 [shard 0:main] main - application.cc:740 - redpanda.compaction_ctrl_update_interval_ms:30000ms	- 
INFO  2026-06-28 07:41:08,384 [shard 0:main] main - application.cc:740 - redpanda.consumer_group_lag_collection_interval_sec:60s	- How often Redpanda runs the collection loop when `enable_consumer_group_metrics` is set to `consumer_lag`. Updates will not be more frequent than `health_monitor_max_metadata_age`.
INFO  2026-06-28 07:41:08,384 [shard 0:main] main - application.cc:740 - redpanda.consumer_offsets_topic_batch_cache_enabled:0	- This property lets you enable the batch cache for the consumer offsets topic. By default, the cache for consumer offsets topic is disabled. Changing this property is not recommended in production systems, as it may affect performance. The change is applied only after the restart.
INFO  2026-06-28 07:41:08,384 [shard 0:main] main - application.cc:740 - redpanda.controller_backend_housekeeping_interval_ms:1000ms	- Interval between iterations of controller backend housekeeping loop.
INFO  2026-06-28 07:41:08,384 [shard 0:main] main - application.cc:740 - redpanda.controller_backend_reconciliation_concurrency:1024	- Maximum concurrent reconciliation operations the controller can run. Higher values can speed up cluster state changes but use more resources.
INFO  2026-06-28 07:41:08,384 [shard 0:main] main - application.cc:740 - redpanda.controller_log_accummulation_rps_capacity_acls_and_users_operations:{nullopt}	- Maximum capacity of rate limit accumulation in controller ACLs and users operations limit.
INFO  2026-06-28 07:41:08,384 [shard 0:main] main - application.cc:740 - redpanda.controller_log_accummulation_rps_capacity_configuration_operations:{nullopt}	- Maximum capacity of rate limit accumulation in controller configuration operations limit.
INFO  2026-06-28 07:41:08,384 [shard 0:main] main - application.cc:740 - redpanda.controller_log_accummulation_rps_capacity_move_operations:{nullopt}	- Maximum capacity of rate limit accumulation in controller move operations limit.
INFO  2026-06-28 07:41:08,384 [shard 0:main] main - application.cc:740 - redpanda.controller_log_accummulation_rps_capacity_node_management_operations:{nullopt}	- Maximum capacity of rate limit accumulation in controller node management operations limit.
INFO  2026-06-28 07:41:08,384 [shard 0:main] main - application.cc:740 - redpanda.controller_log_accummulation_rps_capacity_topic_operations:{nullopt}	- Maximum capacity of rate limit accumulationin controller topic operations limit
INFO  2026-06-28 07:41:08,384 [shard 0:main] main - application.cc:740 - redpanda.controller_log_learner_recovery_rate_enabled:0	- Whether the controller raft group (raft0) honors `raft_learner_recovery_rate`. When `false` (default) the controller log replicates to new learners without throttling. When `true`, controller-log recovery is subject to the same per-node recovery bucket as user partitions.
INFO  2026-06-28 07:41:08,384 [shard 0:main] main - application.cc:740 - redpanda.controller_snapshot_max_age_sec:60s	- Maximum amount of time before Redpanda attempts to create a controller snapshot after a new controller command appears.
INFO  2026-06-28 07:41:08,384 [shard 0:main] main - application.cc:740 - redpanda.core_balancing_continuous:1	- If set to `true`, move partitions between cores in runtime to maintain balanced partition distribution.
INFO  2026-06-28 07:41:08,384 [shard 0:main] main - application.cc:740 - redpanda.core_balancing_debounce_timeout:10000ms	- Interval, in milliseconds, between trigger and invocation of core balancing.
INFO  2026-06-28 07:41:08,384 [shard 0:main] main - application.cc:740 - redpanda.core_balancing_on_core_count_change:1	- If set to `true`, and if after a restart the number of cores changes, Redpanda will move partitions between cores to maintain balanced partition distribution.
INFO  2026-06-28 07:41:08,384 [shard 0:main] main - application.cc:740 - redpanda.cpu_profiler_enabled:0	- Enables CPU profiling for Redpanda.
INFO  2026-06-28 07:41:08,384 [shard 0:main] main - application.cc:740 - redpanda.cpu_profiler_sample_period_ms:100ms	- The sample period for the CPU profiler.
INFO  2026-06-28 07:41:08,384 [shard 0:main] main - application.cc:740 - redpanda.data_transforms_binary_max_size:10485760	- The maximum size for a deployable WebAssembly binary that the broker can store.
INFO  2026-06-28 07:41:08,384 [shard 0:main] main - application.cc:740 - redpanda.data_transforms_commit_interval_ms:3000ms	- The commit interval at which data transforms progress.
INFO  2026-06-28 07:41:08,384 [shard 0:main] main - application.cc:740 - redpanda.data_transforms_enabled:0	- Enables WebAssembly-powered data transforms directly in the broker. When `data_transforms_enabled` is set to `true`, Redpanda reserves memory for data transforms, even if no transform functions are currently deployed. This memory reservation ensures that adequate resources are available for transform functions when they are needed, but it also means that some memory is allocated regardless of usage.
INFO  2026-06-28 07:41:08,384 [shard 0:main] main - application.cc:740 - redpanda.data_transforms_logging_buffer_capacity_bytes:512000	- Buffer capacity for transform logs, per shard. Buffer occupancy is calculated as the total size of buffered log messages; that is, logs emitted but not yet produced.
INFO  2026-06-28 07:41:08,384 [shard 0:main] main - application.cc:740 - redpanda.data_transforms_logging_flush_interval_ms:500ms	- Flush interval for transform logs. When a timer expires, pending logs are collected and published to the `transform_logs` topic.
INFO  2026-06-28 07:41:08,384 [shard 0:main] main - application.cc:740 - redpanda.data_transforms_logging_line_max_bytes:1024	- Transform log lines truncate to this length. Truncation occurs after any character escaping.
INFO  2026-06-28 07:41:08,384 [shard 0:main] main - application.cc:740 - redpanda.data_transforms_per_core_memory_reservation:20971520	- The amount of memory to reserve per core for data transform (Wasm) virtual machines. Memory is reserved on boot. The maximum number of functions that can be deployed to a cluster is equal to `data_transforms_per_core_memory_reservation` / `data_transforms_per_function_memory_limit`.
INFO  2026-06-28 07:41:08,384 [shard 0:main] main - application.cc:740 - redpanda.data_transforms_per_function_memory_limit:2097152	- The amount of memory to give an instance of a data transform (Wasm) virtual machine. The maximum number of functions that can be deployed to a cluster is equal to `data_transforms_per_core_memory_reservation` / `data_transforms_per_function_memory_limit`.
INFO  2026-06-28 07:41:08,384 [shard 0:main] main - application.cc:740 - redpanda.data_transforms_read_buffer_memory_percentage:45	- The percentage of available memory in the transform subsystem to use for read buffers.
INFO  2026-06-28 07:41:08,384 [shard 0:main] main - application.cc:740 - redpanda.data_transforms_runtime_limit_ms:3000ms	- The maximum amount of runtime to start up a data transform, and the time it takes for a single record to be transformed.
INFO  2026-06-28 07:41:08,384 [shard 0:main] main - application.cc:740 - redpanda.data_transforms_write_buffer_memory_percentage:45	- The percentage of available memory in the transform subsystem to use for write buffers.
INFO  2026-06-28 07:41:08,384 [shard 0:main] main - application.cc:740 - redpanda.datalake_coordinator_snapshot_max_delay_secs:900s	- Maximum amount of time the coordinator waits to snapshot after a command appears in the log.
INFO  2026-06-28 07:41:08,384 [shard 0:main] main - application.cc:740 - redpanda.datalake_disk_space_monitor_enable:1	- Option to explicitly disable enforcement of datalake disk space usage
INFO  2026-06-28 07:41:08,384 [shard 0:main] main - application.cc:740 - redpanda.datalake_disk_usage_overage_coeff:2	- The datalake disk usage monitor reclaims the overage multiplied by this this coefficient to compensate for data that is written during the idle period between control loop invocations.
INFO  2026-06-28 07:41:08,384 [shard 0:main] main - application.cc:740 - redpanda.datalake_scheduler_block_size_bytes:4194304	- Size, in bytes, of each memory block reserved for record translation, as tracked by the datalake scheduler.
INFO  2026-06-28 07:41:08,384 [shard 0:main] main - application.cc:740 - redpanda.datalake_scheduler_disk_reservation_block_size:52428800	- The size, in bytes, of the block of disk reservation that the datalake manager will assign to each datalake scheduler when it runs out of local reservation.
INFO  2026-06-28 07:41:08,384 [shard 0:main] main - application.cc:740 - redpanda.datalake_scheduler_max_concurrent_translations:4	- The maximum number of translations that the datalake scheduler will allow to run at a given time. If a translation is requested but the number of running translations exceeds this value, the request will be put to sleep temporarily, polling until capacity becomes available.
INFO  2026-06-28 07:41:08,384 [shard 0:main] main - application.cc:740 - redpanda.datalake_scheduler_time_slice_ms:30000ms	- Time, in milliseconds, for a datalake translation as scheduled by the datalake scheduler. After a translation is scheduled, it will run until either a) the time specified has elapsed or b) all pending records on its source partition have been translated.
INFO  2026-06-28 07:41:08,384 [shard 0:main] main - application.cc:740 - redpanda.datalake_scratch_space_size_bytes:5368709120	- Size, in bytes, of the amount of scratch space datalake should use.
INFO  2026-06-28 07:41:08,384 [shard 0:main] main - application.cc:740 - redpanda.datalake_scratch_space_soft_limit_size_percent:80	- Size of the scratch space datalake soft limit expressed as a percentage of the datalake_scratch_space_size_bytes configuration value.
INFO  2026-06-28 07:41:08,384 [shard 0:main] main - application.cc:740 - redpanda.datalake_translator_flush_bytes:33554432	- Size, in bytes, of the amount of per translator data that may be flushed to disk before the translator will upload and remove its current on disk data.
INFO  2026-06-28 07:41:08,384 [shard 0:main] main - application.cc:740 - redpanda.debug_bundle_auto_removal_seconds:{nullopt}	- If set, how long debug bundles are kept in the debug bundle storage directory after they are created. If not set, debug bundles are kept indefinitely.
INFO  2026-06-28 07:41:08,384 [shard 0:main] main - application.cc:740 - redpanda.debug_bundle_storage_dir:{nullopt}	- Path to the debug bundle storage directory. Note: Changing this path does not clean up existing debug bundles. If not set, the debug bundle is stored in the Redpanda data directory specified in the redpanda.yaml broker configuration file.
INFO  2026-06-28 07:41:08,384 [shard 0:main] main - application.cc:740 - redpanda.debug_load_slice_warning_depth:{nullopt}	- The recursion depth after which debug logging is enabled automatically for the log reader.
INFO  2026-06-28 07:41:08,384 [shard 0:main] main - application.cc:740 - redpanda.default_leaders_preference:none	- Default settings for preferred location of topic partition leaders. It can be either "none" (no preference), or "racks:<rack1>,<rack2>,..." (prefer brokers with rack id from the list).
INFO  2026-06-28 07:41:08,384 [shard 0:main] main - application.cc:740 - redpanda.default_num_windows:10	- Default number of quota tracking windows.
INFO  2026-06-28 07:41:08,384 [shard 0:main] main - application.cc:740 - redpanda.default_redpanda_storage_mode:unset	- Default storage mode for newly-created topics. Determines how topic data is stored: `local` for broker-local storage only, `tiered` for both local and object storage, `cloud` for object-only storage using the Cloud Topics architecture, or `unset` to use legacy remote.read/write configs for backwards compatibility.
INFO  2026-06-28 07:41:08,384 [shard 0:main] main - application.cc:740 - redpanda.default_topic_partitions:1	- Default number of partitions per topic.
INFO  2026-06-28 07:41:08,384 [shard 0:main] main - application.cc:740 - redpanda.default_topic_replications:1	- Default replication factor for new topics.
INFO  2026-06-28 07:41:08,384 [shard 0:main] main - application.cc:740 - redpanda.default_window_sec:1000ms	- Default quota tracking window size in milliseconds.
INFO  2026-06-28 07:41:08,384 [shard 0:main] main - application.cc:740 - redpanda.delete_topic_enable:1	- Enable or disable topic deletion via the Kafka DeleteTopics API. When set to false, all topic deletion requests are rejected with error code 73 (TOPIC_DELETION_DISABLED). This is a cluster-wide safety setting that cannot be overridden by superusers. Topics in kafka_nodelete_topics are always protected regardless of this setting.
INFO  2026-06-28 07:41:08,385 [shard 0:main] main - application.cc:740 - redpanda.development_feature_property_testing_only:0	- Development feature property for testing only.
INFO  2026-06-28 07:41:08,385 [shard 0:main] main - application.cc:740 - redpanda.disable_batch_cache:0	- Disable batch cache in log manager.
INFO  2026-06-28 07:41:08,385 [shard 0:main] main - application.cc:740 - redpanda.disable_cluster_recovery_loop_for_tests:0	- Disables the cluster recovery loop. This property is used to simplify testing and should not be set in production.
INFO  2026-06-28 07:41:08,385 [shard 0:main] main - application.cc:740 - redpanda.disable_metrics:0	- Disable registering the metrics exposed on the internal `/metrics` endpoint.
INFO  2026-06-28 07:41:08,385 [shard 0:main] main - application.cc:740 - redpanda.disable_public_metrics:0	- Disable registering the metrics exposed on the `/public_metrics` endpoint.
INFO  2026-06-28 07:41:08,385 [shard 0:main] main - application.cc:740 - redpanda.disk_reservation_percent:25	- The percentage of total disk capacity that Redpanda will avoid using. This applies both when cloud cache and log data share a disk, as well as when cloud cache uses a dedicated disk. It is recommended to not run disks near capacity to avoid blocking I/O due to low disk space, as well as avoiding performance issues associated with SSD garbage collection.
INFO  2026-06-28 07:41:08,385 [shard 0:main] main - application.cc:740 - redpanda.election_timeout_ms:1500ms	- Election timeout expressed in milliseconds.
INFO  2026-06-28 07:41:08,385 [shard 0:main] main - application.cc:740 - redpanda.enable_auto_rebalance_on_node_add:0	- Enable automatic partition rebalancing when new nodes are added
INFO  2026-06-28 07:41:08,385 [shard 0:main] main - application.cc:740 - redpanda.enable_cluster_metadata_upload_loop:1	- Enables cluster metadata uploads. Required for whole cluster restore.
INFO  2026-06-28 07:41:08,385 [shard 0:main] main - application.cc:740 - redpanda.enable_consumer_group_metrics:{group, partition}	- List of enabled consumer group metrics. Accepted Values: `group`, `partition`, `consumer_lag`
INFO  2026-06-28 07:41:08,385 [shard 0:main] main - application.cc:740 - redpanda.enable_controller_log_rate_limiting:0	- Limits the write rate for the controller log.
INFO  2026-06-28 07:41:08,385 [shard 0:main] main - application.cc:740 - redpanda.enable_developmental_unrecoverable_data_corrupting_features:	- Development features should never be enabled in a production cluster, or any cluster where stability, data loss, or the ability to upgrade are a concern. To enable experimental features, set the value of this configuration option to the current unix epoch expressed in seconds. The value must be within one hour of the current time on the broker.Once experimental features are enabled they cannot be disabled.
INFO  2026-06-28 07:41:08,385 [shard 0:main] main - application.cc:740 - redpanda.enable_host_metrics:1	- Enable exporting of some host metrics like /proc/diskstats, /proc/snmp and /proc/net/netstat
INFO  2026-06-28 07:41:08,385 [shard 0:main] main - application.cc:740 - redpanda.enable_idempotence:1	- Enable idempotent producers.
INFO  2026-06-28 07:41:08,385 [shard 0:main] main - application.cc:740 - redpanda.enable_leader_balancer:1	- Enable automatic leadership rebalancing.
INFO  2026-06-28 07:41:08,385 [shard 0:main] main - application.cc:740 - redpanda.enable_metrics_reporter:1	- Enable the cluster metrics reporter. If `true`, the metrics reporter collects and exports to Redpanda Data a set of customer usage metrics at the interval set by `metrics_reporter_report_interval`. The cluster metrics of the metrics reporter are different from the monitoring metrics. * The metrics reporter exports customer usage metrics for consumption by Redpanda Data.* Monitoring metrics are exported for consumption by Redpanda users.
INFO  2026-06-28 07:41:08,385 [shard 0:main] main - application.cc:740 - redpanda.enable_mpx_extensions:0	- Enable Redpanda extensions for MPX.
INFO  2026-06-28 07:41:08,385 [shard 0:main] main - application.cc:740 - redpanda.enable_pid_file:1	- Enable PID file. You should not need to change.
INFO  2026-06-28 07:41:08,385 [shard 0:main] main - application.cc:740 - redpanda.enable_rack_awareness:0	- Enable rack-aware replica assignment.
INFO  2026-06-28 07:41:08,385 [shard 0:main] main - application.cc:740 - redpanda.enable_sasl:0	- Enable SASL authentication for Kafka connections. Authorization is required to modify this property. See also `kafka_enable_authorization`.
INFO  2026-06-28 07:41:08,385 [shard 0:main] main - application.cc:740 - redpanda.enable_schema_id_validation:none	- Mode to enable server-side schema ID validation. Accepted Values: * `none`: Schema validation is disabled (no schema ID checks are done). Associated topic properties cannot be modified. * `redpanda`: Schema validation is enabled. Only Redpanda topic properties are accepted. * `compat`: Schema validation is enabled. Both Redpanda and compatible topic properties are accepted.
INFO  2026-06-28 07:41:08,385 [shard 0:main] main - application.cc:740 - redpanda.enable_shadow_linking:0	- Enable creating Shadow Links from this cluster to a remote source cluster for data replication.
INFO  2026-06-28 07:41:08,385 [shard 0:main] main - application.cc:740 - redpanda.enable_transactions:1	- Enable transactions (atomic writes).
INFO  2026-06-28 07:41:08,385 [shard 0:main] main - application.cc:740 - redpanda.enable_usage:0	- Enables the usage tracking mechanism, storing windowed history of kafka/cloud_storage metrics over time.
INFO  2026-06-28 07:41:08,385 [shard 0:main] main - application.cc:740 - redpanda.features_auto_enable:1	- Whether new feature flags auto-activate after upgrades (true) or must wait for manual activation via the Admin API (false).
INFO  2026-06-28 07:41:08,385 [shard 0:main] main - application.cc:740 - redpanda.features_auto_finalization:1	- Whether the cluster active logical version is advanced automatically once all nodes have been upgraded (true), or only in response to an explicit request via the Admin API (false). When false, the cluster remains able to downgrade to the previous version until finalization is requested. Setting this to false is an Enterprise feature and requires a valid license. Note: if upgrade was performed with this set to false and the cluster is ready to finalize, flipping this to true does not reliably trigger finalization. Leave this set to false and use the Admin API to finalize; once the upgrade is complete this can be set back to true to restore automatic finalization for future upgrades.
INFO  2026-06-28 07:41:08,385 [shard 0:main] main - application.cc:740 - redpanda.fetch_max_bytes:57671680	- Maximum number of bytes returned in a fetch request.
INFO  2026-06-28 07:41:08,385 [shard 0:main] main - application.cc:740 - redpanda.fetch_max_read_concurrency:1	- The maximum number of concurrent partition reads per fetch request on each shard. Setting this higher than the default can lead to partition starvation and unneeded memory usage.
INFO  2026-06-28 07:41:08,385 [shard 0:main] main - application.cc:740 - redpanda.fetch_pid_d_coeff:0	- Derivative coefficient for fetch PID controller.
INFO  2026-06-28 07:41:08,385 [shard 0:main] main - application.cc:740 - redpanda.fetch_pid_i_coeff:0.01	- Integral coefficient for fetch PID controller.
INFO  2026-06-28 07:41:08,385 [shard 0:main] main - application.cc:740 - redpanda.fetch_pid_max_debounce_ms:100ms	- The maximum debounce time the fetch PID controller will apply, in milliseconds.
INFO  2026-06-28 07:41:08,385 [shard 0:main] main - application.cc:740 - redpanda.fetch_pid_p_coeff:100	- Proportional coefficient for fetch PID controller.
INFO  2026-06-28 07:41:08,385 [shard 0:main] main - application.cc:740 - redpanda.fetch_pid_target_utilization_fraction:0.2	- A fraction, between 0 and 1, for the target reactor utilization of the fetch scheduling group.
INFO  2026-06-28 07:41:08,385 [shard 0:main] main - application.cc:740 - redpanda.fetch_read_strategy:non_polling	- The strategy used to fulfill fetch requests. * `polling`: If `fetch_reads_debounce_timeout` is set to its default value, then this acts exactly like `non_polling`; otherwise, it acts like `non_polling_with_debounce` (deprecated). * `non_polling`: The backend is signaled when a partition has new data, so Redpanda does not need to repeatedly read from every partition in the fetch. Redpanda Data recommends using this value for most workloads, because it can improve fetch latency and CPU utilization. * `non_polling_with_debounce`: This option behaves like `non_polling`, but it includes a debounce mechanism with a fixed delay specified by `fetch_reads_debounce_timeout` at the start of each fetch. By introducing this delay, Redpanda can accumulate more data before processing, leading to fewer fetch operations and returning larger amounts of data. Enabling this option reduces reactor utilization, but it may also increase end-to-end latency.
INFO  2026-06-28 07:41:08,385 [shard 0:main] main - application.cc:740 - redpanda.fetch_reads_debounce_timeout:10ms	- Time to wait for the next read in fetch requests when the requested minimum bytes was not reached.
INFO  2026-06-28 07:41:08,385 [shard 0:main] main - application.cc:740 - redpanda.fetch_session_eviction_timeout_ms:60000ms	- Time duration after which the inactive fetch session is removed from the fetch session cache. Fetch sessions are used to implement the incremental fetch requests where a consumer does not send all requested partitions to the server but the server tracks them for the consumer.
INFO  2026-06-28 07:41:08,385 [shard 0:main] main - application.cc:740 - redpanda.group_initial_rebalance_delay:0ms	- Delay added to the rebalance phase to wait for new members.
INFO  2026-06-28 07:41:08,385 [shard 0:main] main - application.cc:740 - redpanda.group_max_session_timeout_ms:300000ms	- The maximum allowed session timeout for registered consumers. Longer timeouts give consumers more time to process messages in between heartbeats at the cost of a longer time to detect failures.
INFO  2026-06-28 07:41:08,385 [shard 0:main] main - application.cc:740 - redpanda.group_min_session_timeout_ms:6000ms	- The minimum allowed session timeout for registered consumers. Shorter timeouts result in quicker failure detection at the cost of more frequent consumer heartbeating, which can overwhelm broker resources.
INFO  2026-06-28 07:41:08,385 [shard 0:main] main - application.cc:740 - redpanda.group_new_member_join_timeout:30000ms	- Timeout for new member joins.
INFO  2026-06-28 07:41:08,385 [shard 0:main] main - application.cc:740 - redpanda.group_offset_retention_check_ms:600000ms	- Frequency rate at which the system should check for expired group offsets.
INFO  2026-06-28 07:41:08,385 [shard 0:main] main - application.cc:740 - redpanda.group_offset_retention_sec:{604800s}	- Consumer group offset retention seconds. To disable offset retention, set this to null.
INFO  2026-06-28 07:41:08,385 [shard 0:main] main - application.cc:740 - redpanda.group_topic_partitions:3	- Number of partitions in the internal group membership topic.
INFO  2026-06-28 07:41:08,385 [shard 0:main] main - application.cc:740 - redpanda.health_manager_tick_interval:180000ms	- How often the health manager runs.
INFO  2026-06-28 07:41:08,385 [shard 0:main] main - application.cc:740 - redpanda.health_monitor_max_metadata_age:10000ms	- Maximum age of the metadata cached in the health monitor of a non-controller broker.
INFO  2026-06-28 07:41:08,385 [shard 0:main] main - application.cc:740 - redpanda.health_monitor_tick_interval:10000ms	- How often health monitor refresh cluster state
INFO  2026-06-28 07:41:08,385 [shard 0:main] main - application.cc:740 - redpanda.http_authentication:{BASIC}	- A list of supported HTTP authentication mechanisms. Accepted Values: `BASIC`, `OIDC`
INFO  2026-06-28 07:41:08,385 [shard 0:main] main - application.cc:740 - redpanda.iceberg_backlog_controller_i_coeff:0.005	- Integral coefficient for the Iceberg backlog controller. The error is integrated (accumulated) over time and the aggregated value contributes to the datalake translation priority with this coefficient.
INFO  2026-06-28 07:41:08,385 [shard 0:main] main - application.cc:740 - redpanda.iceberg_backlog_controller_p_coeff:1e-05	- Proportional coefficient for the Iceberg backlog controller. Number of shares assigned to the datalake scheduling group will be proportional to the backlog size error.
INFO  2026-06-28 07:41:08,385 [shard 0:main] main - application.cc:740 - redpanda.iceberg_catalog_base_location:redpanda-iceberg-catalog	- Base path for the cloud-storage-object-backed Iceberg filesystem catalog. After Iceberg is enabled, do not change this value.
INFO  2026-06-28 07:41:08,385 [shard 0:main] main - application.cc:740 - redpanda.iceberg_catalog_commit_interval_ms:60000ms	- The frequency at which the Iceberg coordinator commits topic files to the catalog. This is the interval between commit transactions across all topics monitored by the coordinator, not the interval between individual commits.
INFO  2026-06-28 07:41:08,385 [shard 0:main] main - application.cc:740 - redpanda.iceberg_catalog_type:object_storage	- Iceberg catalog type that Redpanda will use to commit table metadata updates. Supported types: 'rest', 'object_storage'
INFO  2026-06-28 07:41:08,385 [shard 0:main] main - application.cc:740 - redpanda.iceberg_default_catalog_namespace:{redpanda}	- The default namespace (database name) for Iceberg tables. All tables created by Redpanda will be placed in this namespace within the Iceberg catalog. Supports nested namespaces as an array of strings. IMPORTANT: This value must be configured before enabling Iceberg and must not be changed afterward. Changing it will cause Redpanda to lose track of existing tables.
INFO  2026-06-28 07:41:08,385 [shard 0:main] main - application.cc:740 - redpanda.iceberg_default_partition_spec:(hour(redpanda.timestamp))	- Default value for the redpanda.iceberg.partition.spec topic property that determines the partition spec for the Iceberg table corresponding to the topic. If this property is not set and AWS Glue is being used as the Iceberg REST catalog, the default value will be overridden by an empty partition spec, for compatibility with AWS Glue.
INFO  2026-06-28 07:41:08,385 [shard 0:main] main - application.cc:740 - redpanda.iceberg_delete:1	- Default value for the redpanda.iceberg.delete topic property that determines if the corresponding Iceberg table is deleted upon deleting the topic.
INFO  2026-06-28 07:41:08,385 [shard 0:main] main - application.cc:740 - redpanda.iceberg_disable_automatic_snapshot_expiry:0	- Whether to disable automatic Iceberg snapshot expiry. This may be useful if the Iceberg catalog expects to perform snapshot expiry on its own.
INFO  2026-06-28 07:41:08,385 [shard 0:main] main - application.cc:740 - redpanda.iceberg_disable_snapshot_tagging:0	- Whether to disable tagging of Iceberg snapshots. These tags are used to ensure that the snapshots that Redpanda writes are retained during snapshot removal, which in turn, helps Redpanda ensure exactly once delivery of records. Disabling tags is therefore not recommended, but may be useful if the Iceberg catalog does not support tags.
INFO  2026-06-28 07:41:08,385 [shard 0:main] main - application.cc:740 - redpanda.iceberg_dlq_table_suffix:~dlq	- Suffix appended to the Iceberg table name for the dead-letter queue (DLQ) table that stores invalid records when the invalid record action is set to `dlq_table`. Should be chosen in a way that avoids name collisions with other Iceberg tables. Important for catalogs which do not support ~ (tilde) in table names. Should not be changed after any DLQ tables have been created.
INFO  2026-06-28 07:41:08,385 [shard 0:main] main - application.cc:740 - redpanda.iceberg_enabled:0	- Enables the translation of topic data into Iceberg tables. Setting iceberg_enabled to true activates the feature at the cluster level, but each topic must also set the redpanda.iceberg.enabled topic-level property to true to use it. If iceberg_enabled is set to false, the feature is disabled for all topics in the cluster, overriding any topic-level settings.
INFO  2026-06-28 07:41:08,385 [shard 0:main] main - application.cc:740 - redpanda.iceberg_invalid_record_action:dlq_table	- Default value for the redpanda.iceberg.invalid.record.action topic property.
INFO  2026-06-28 07:41:08,385 [shard 0:main] main - application.cc:740 - redpanda.iceberg_latest_schema_cache_ttl_ms:300000ms	- The TTL for the cache in translation that stores the latest schema when using the `value_schema_latest` iceberg mode.
INFO  2026-06-28 07:41:08,385 [shard 0:main] main - application.cc:740 - redpanda.iceberg_rest_catalog_authentication_mode:none	- The authentication mode for client requests made to the Iceberg catalog. Choose from: `none`, `bearer`, `oauth2`, and `aws_sigv4`. In `bearer` mode, the token specified in `iceberg_rest_catalog_token` is used unconditonally, and no attempts are made to refresh the token. In `oauth2` mode, the credentials specified in `iceberg_rest_catalog_client_id` and `iceberg_rest_catalog_client_secret` are used to obtain a bearer token from the URI defined by `iceberg_rest_catalog_oauth2_server_uri`. In `aws_sigv4` mode, the same AWS credentials used for cloud storage (see `cloud_storage_region`, `cloud_storage_access_key`, `cloud_storage_secret_key`, and `cloud_storage_credentials_source`) are used to sign requests to AWS Glue catalog with SigV4.In `gcp` mode Redpanda will use VM metadata for authentication.
INFO  2026-06-28 07:41:08,385 [shard 0:main] main - application.cc:740 - redpanda.iceberg_rest_catalog_aws_access_key:{nullopt}	- AWS access key for Iceberg REST catalog SigV4 authentication. If not set, falls back to cloud_storage_access_key when using aws_sigv4 authentication mode.
INFO  2026-06-28 07:41:08,385 [shard 0:main] main - application.cc:740 - redpanda.iceberg_rest_catalog_aws_region:{nullopt}	- AWS region for Iceberg REST catalog SigV4 authentication. If not set, falls back to cloud_storage_region when using aws_sigv4 authentication mode.
INFO  2026-06-28 07:41:08,385 [shard 0:main] main - application.cc:740 - redpanda.iceberg_rest_catalog_aws_secret_key:{nullopt}	- AWS secret key for Iceberg REST catalog SigV4 authentication. If not set, falls back to cloud_storage_secret_key when using aws_sigv4 authentication mode.
INFO  2026-06-28 07:41:08,385 [shard 0:main] main - application.cc:740 - redpanda.iceberg_rest_catalog_aws_service_name:glue	- AWS service name for SigV4 signing when using aws_sigv4 authentication mode. Defaults to 'glue' for AWS Glue Data Catalog. Can be changed to support other AWS services that provide Iceberg REST catalog APIs.
INFO  2026-06-28 07:41:08,385 [shard 0:main] main - application.cc:740 - redpanda.iceberg_rest_catalog_base_location:{nullopt}	- Base URI for the Iceberg REST catalog. If unset, the REST catalog server determines the location. Some REST catalogs, like AWS Glue, require the client to set this. After Iceberg is enabled, do not change this value.
INFO  2026-06-28 07:41:08,385 [shard 0:main] main - application.cc:740 - redpanda.iceberg_rest_catalog_client_id:{nullopt}	- Iceberg REST catalog user ID. This ID is used to query the catalog API for the OAuth token. Required if catalog type is set to `rest` and `iceberg_rest_catalog_authentication_mode` is set to `oauth2`.
INFO  2026-06-28 07:41:08,385 [shard 0:main] main - application.cc:740 - redpanda.iceberg_rest_catalog_client_secret:{nullopt}	- Secret to authenticate against Iceberg REST catalog. Required if catalog type is set to `rest` and `iceberg_rest_catalog_authentication_mode` is set to `oauth2`.
INFO  2026-06-28 07:41:08,385 [shard 0:main] main - application.cc:740 - redpanda.iceberg_rest_catalog_credentials_host:{nullopt}	- The hostname to connect to for retrieving role based credentials for the Iceberg REST catalog. Derived from iceberg_rest_catalog_credentials_source if not set. Only required when using IAM role based access on AWS; does not apply to OAuth-based authentication schemes. Independent of cloud_storage_credentials_host.
INFO  2026-06-28 07:41:08,385 [shard 0:main] main - application.cc:740 - redpanda.iceberg_rest_catalog_credentials_source:{nullopt}	- Source of AWS credentials for Iceberg REST catalog SigV4 authentication. If not set, falls back to cloud_storage_credentials_source when using aws_sigv4 authentication mode. Accepted values: config_file, aws_instance_metadata, sts, gcp_instance_metadata, azure_vm_instance_metadata, azure_aks_oidc_federation.
INFO  2026-06-28 07:41:08,385 [shard 0:main] main - application.cc:740 - redpanda.iceberg_rest_catalog_crl:{nullopt}	- The contents of a certificate revocation list for `iceberg_rest_catalog_trust`. Takes precedence over `iceberg_rest_catalog_crl_file`.
INFO  2026-06-28 07:41:08,385 [shard 0:main] main - application.cc:740 - redpanda.iceberg_rest_catalog_crl_file:{nullopt}	- Path to certificate revocation list for `iceberg_rest_catalog_trust_file`.
INFO  2026-06-28 07:41:08,385 [shard 0:main] main - application.cc:740 - redpanda.iceberg_rest_catalog_endpoint:{nullopt}	- URL of Iceberg REST catalog endpoint
INFO  2026-06-28 07:41:08,385 [shard 0:main] main - application.cc:740 - redpanda.iceberg_rest_catalog_gcp_user_project:{nullopt}	- The GCP project that is billed for charges associated with Iceberg REST Catalog requests.
INFO  2026-06-28 07:41:08,385 [shard 0:main] main - application.cc:740 - redpanda.iceberg_rest_catalog_oauth2_scope:PRINCIPAL_ROLE:ALL	- The OAuth scope used to retrieve access tokens for Iceberg catalog authentication. Only meaningful when `iceberg_rest_catalog_authentication_mode` is set to `oauth2`
INFO  2026-06-28 07:41:08,385 [shard 0:main] main - application.cc:740 - redpanda.iceberg_rest_catalog_oauth2_server_uri:{nullopt}	- The OAuth URI used to retrieve access tokens for Iceberg catalog authentication. If left undefined, the deprecated Iceberg catalog endpoint `/v1/oauth/tokens` is used instead.
INFO  2026-06-28 07:41:08,385 [shard 0:main] main - application.cc:740 - redpanda.iceberg_rest_catalog_request_timeout_ms:10000ms	- Maximum length of time that Redpanda waits for a response from the REST catalog before aborting the request
INFO  2026-06-28 07:41:08,385 [shard 0:main] main - application.cc:740 - redpanda.iceberg_rest_catalog_token:{nullopt}	- Token used to access the REST Iceberg catalog. Required if `iceberg_rest_catalog_authentication_mode` is set to `bearer`.
INFO  2026-06-28 07:41:08,385 [shard 0:main] main - application.cc:740 - redpanda.iceberg_rest_catalog_trust:{nullopt}	- The contents of a certificate chain to trust for the REST Iceberg catalog. Takes precedence over `iceberg_rest_catalog_trust_file`.
INFO  2026-06-28 07:41:08,385 [shard 0:main] main - application.cc:740 - redpanda.iceberg_rest_catalog_trust_file:{nullopt}	- Path to a file containing a certificate chain to trust for the REST Iceberg catalog
INFO  2026-06-28 07:41:08,385 [shard 0:main] main - application.cc:740 - redpanda.iceberg_rest_catalog_warehouse:{nullopt}	- Warehouse to use for the Iceberg REST catalog. Redpanda will query the catalog for configurations specific to the warehouse, for example, using it to automatically configure the appropriate prefix.
INFO  2026-06-28 07:41:08,385 [shard 0:main] main - application.cc:740 - redpanda.iceberg_schema_case_insensitive:auto	- Schema field name comparison mode when matching Redpanda's schema against the one returned by the Iceberg catalog. Some catalogs (e.g. AWS Glue) return field names with inconsistent casing, requiring case-insensitive comparison. "auto" enables case-insensitive comparison when the catalog is AWS Glue, and exact comparison otherwise.
INFO  2026-06-28 07:41:08,385 [shard 0:main] main - application.cc:740 - redpanda.iceberg_target_backlog_size:104857600	- Total size of the datalake translation backlog that the backlog controller will try to maintain. When a backlog size is larger than the setpoint a backlog controller will increase the translation scheduling group priority.
INFO  2026-06-28 07:41:08,385 [shard 0:main] main - application.cc:740 - redpanda.iceberg_target_lag_ms:60000ms	- Default value for the redpanda.iceberg.target.lag.ms topic property, which controls how often data in an Iceberg table is refreshed with new data from the corresponding Redpanda topic. Redpanda attempts to commit all the data produced to the topic within the lag target in a best effort fashion, subject to resource availability.
INFO  2026-06-28 07:41:08,385 [shard 0:main] main - application.cc:740 - redpanda.iceberg_throttle_backlog_size_ratio:{nullopt}	- Ratio of total backlog size to disk space that triggers throttling for Iceberg producers. Set to `null` to disable throttling.
INFO  2026-06-28 07:41:08,385 [shard 0:main] main - application.cc:740 - redpanda.iceberg_topic_name_dot_replacement:{nullopt}	- Optional replacement string for dots in topic names when deriving Iceberg table names, useful when downstream systems do not permit dots in table names. The replacement string cannot contain dots. Be careful to avoid table name collisions caused by the replacement.If an Iceberg topic with dots in the name exists in the cluster, the value of this property should not be changed.
INFO  2026-06-28 07:41:08,385 [shard 0:main] main - application.cc:740 - redpanda.id_allocator_batch_size:1000	- The ID allocator allocates messages in batches (each batch is a one log record) and then serves requests from memory without touching the log until the batch is exhausted.
INFO  2026-06-28 07:41:08,385 [shard 0:main] main - application.cc:740 - redpanda.id_allocator_log_capacity:100	- Capacity of the `id_allocator` log in number of batches. After it reaches `id_allocator_stm`, it truncates the log's prefix.
INFO  2026-06-28 07:41:08,385 [shard 0:main] main - application.cc:740 - redpanda.initial_retention_local_target_bytes_default:{nullopt}	- Initial local retention size target for partitions of topics with Tiered Storage enabled. If no initial local target retention is configured all locally retained data will be delivered to learner when joining partition replica set.
INFO  2026-06-28 07:41:08,385 [shard 0:main] main - application.cc:740 - redpanda.initial_retention_local_target_ms_default:{nullopt}	- Initial local retention time target for partitions of topics with Tiered Storage enabled. If no initial local target retention is configured all locally retained data will be delivered to learner when joining partition replica set.
INFO  2026-06-28 07:41:08,385 [shard 0:main] main - application.cc:740 - redpanda.internal_rpc_request_timeout_ms:10000ms	- Default timeout for RPC requests between Redpanda nodes.
INFO  2026-06-28 07:41:08,385 [shard 0:main] main - application.cc:740 - redpanda.internal_topic_replication_factor:3	- Target replication factor for internal topics.
INFO  2026-06-28 07:41:08,385 [shard 0:main] main - application.cc:740 - redpanda.join_retry_timeout_ms:5000ms	- Time between cluster join retries in milliseconds.
INFO  2026-06-28 07:41:08,385 [shard 0:main] main - application.cc:740 - redpanda.kafka_batch_max_bytes:1048576	- Maximum size of a batch processed by the server. If the batch is compressed, the limit applies to the compressed batch size.
INFO  2026-06-28 07:41:08,385 [shard 0:main] main - application.cc:740 - redpanda.kafka_connection_rate_limit:{nullopt}	- Maximum connections per second for one core. If `null` (the default), then the number of connections per second is unlimited.
INFO  2026-06-28 07:41:08,385 [shard 0:main] main - application.cc:740 - redpanda.kafka_connection_rate_limit_overrides:{}	- Overrides the maximum connections per second for one core for the specified IP addresses (for example, `['127.0.0.1:90', '50.20.1.1:40']`)
INFO  2026-06-28 07:41:08,385 [shard 0:main] main - application.cc:740 - redpanda.kafka_connections_max:{nullopt}	- Maximum number of Kafka client connections per broker. If `null`, the property is disabled.
INFO  2026-06-28 07:41:08,385 [shard 0:main] main - application.cc:740 - redpanda.kafka_connections_max_overrides:{}	- A list of IP addresses for which Kafka client connection limits are overridden and don't apply. For example, `(['127.0.0.1:90', '50.20.1.1:40']).`
INFO  2026-06-28 07:41:08,385 [shard 0:main] main - application.cc:740 - redpanda.kafka_connections_max_per_ip:{nullopt}	- Maximum number of Kafka client connections per IP address, per broker. If `null`, the property is disabled.
INFO  2026-06-28 07:41:08,385 [shard 0:main] main - application.cc:740 - redpanda.kafka_enable_authorization:{nullopt}	- Flag to require authorization for Kafka connections. If `null`, the property is disabled, and authorization is instead enabled by enable_sasl. * `null`: Ignored. Authorization is enabled with `enable_sasl`: `true` * `true`: authorization is required. * `false`: authorization is disabled.
INFO  2026-06-28 07:41:08,385 [shard 0:main] main - application.cc:740 - redpanda.kafka_enable_describe_log_dirs_remote_storage:1	- Whether to include Tiered Storage as a special remote:// directory in `DescribeLogDirs Kafka` API requests.
INFO  2026-06-28 07:41:08,385 [shard 0:main] main - application.cc:740 - redpanda.kafka_enable_partition_reassignment:1	- Enable the Kafka partition reassignment API.
INFO  2026-06-28 07:41:08,385 [shard 0:main] main - application.cc:740 - redpanda.kafka_fetch_request_timeout_ms:5000ms	- Broker-side target for the duration of a single fetch request. The broker will try to complete fetches within the specified duration, even if it means returning less bytes in the fetch than are available.
INFO  2026-06-28 07:41:08,385 [shard 0:main] main - application.cc:740 - redpanda.kafka_group_recovery_timeout_ms:30000ms	- Kafka group recovery timeout.
INFO  2026-06-28 07:41:08,385 [shard 0:main] main - application.cc:740 - redpanda.kafka_max_bytes_per_fetch:67108864	- Limit fetch responses to this many bytes, even if the total of partition bytes limits is higher.
INFO  2026-06-28 07:41:08,385 [shard 0:main] main - application.cc:740 - redpanda.kafka_max_message_size_upper_limit_bytes:{104857600}	- Maximum allowed value for the `max.message.size` topic property. When set to `null`, then no limit is enforced.
INFO  2026-06-28 07:41:08,385 [shard 0:main] main - application.cc:740 - redpanda.kafka_memory_share_for_fetch:0.5	- The share of Kafka subsystem memory that can be used for fetch read buffers, as a fraction of the Kafka subsystem memory amount.
INFO  2026-06-28 07:41:08,385 [shard 0:main] main - application.cc:740 - redpanda.kafka_mtls_principal_mapping_rules:{nullopt}	- Principal mapping rules for mTLS authentication on the Kafka API. If `null`, the property is disabled.
INFO  2026-06-28 07:41:08,385 [shard 0:main] main - application.cc:740 - redpanda.kafka_nodelete_topics:{_redpanda.audit_log, __consumer_offsets, _schemas}	- A list of topics that are protected from deletion and configuration changes by Kafka clients. Set by default to a list of Redpanda internal topics.
INFO  2026-06-28 07:41:08,385 [shard 0:main] main - application.cc:740 - redpanda.kafka_noproduce_topics:{}	- A list of topics that are protected from being produced to by Kafka clients. Set by default to a list of Redpanda internal topics.
INFO  2026-06-28 07:41:08,385 [shard 0:main] main - application.cc:740 - redpanda.kafka_produce_batch_validation:relaxed	- Controls the level of validation performed on batches produced to Redpanda. When set to `legacy`, there is minimal validation performed on the produce path. When set to `relaxed`, full validation is performed on uncompressed batches and on compressed batches with the `max_timestamp` value left unset. When set to `strict`, full validation of uncompressed and compressed batches is performed. This should be the default in environments where producing clients are not trusted.
INFO  2026-06-28 07:41:08,385 [shard 0:main] main - application.cc:740 - redpanda.kafka_qdc_depth_alpha:0.8	- Smoothing factor for Kafka queue depth control depth tracking.
INFO  2026-06-28 07:41:08,385 [shard 0:main] main - application.cc:740 - redpanda.kafka_qdc_depth_update_ms:7000ms	- Update frequency for Kafka queue depth control.
INFO  2026-06-28 07:41:08,385 [shard 0:main] main - application.cc:740 - redpanda.kafka_qdc_enable:0	- Enable kafka queue depth control.
INFO  2026-06-28 07:41:08,385 [shard 0:main] main - application.cc:740 - redpanda.kafka_qdc_idle_depth:10	- Queue depth when idleness is detected in Kafka queue depth control.
INFO  2026-06-28 07:41:08,385 [shard 0:main] main - application.cc:740 - redpanda.kafka_qdc_latency_alpha:0.002	- Smoothing parameter for Kafka queue depth control latency tracking.
INFO  2026-06-28 07:41:08,385 [shard 0:main] main - application.cc:740 - redpanda.kafka_qdc_max_depth:100	- Maximum queue depth used in kafka queue depth control.
INFO  2026-06-28 07:41:08,385 [shard 0:main] main - application.cc:740 - redpanda.kafka_qdc_max_latency_ms:80ms	- Maximum latency threshold for Kafka queue depth control depth tracking.
INFO  2026-06-28 07:41:08,385 [shard 0:main] main - application.cc:740 - redpanda.kafka_qdc_min_depth:1	- Minimum queue depth used in Kafka queue depth control.
INFO  2026-06-28 07:41:08,385 [shard 0:main] main - application.cc:740 - redpanda.kafka_qdc_window_count:12	- Number of windows used in kafka queue depth control latency tracking.
INFO  2026-06-28 07:41:08,385 [shard 0:main] main - application.cc:740 - redpanda.kafka_qdc_window_size_ms:1500ms	- Window size for Kafka queue depth control latency tracking.
INFO  2026-06-28 07:41:08,385 [shard 0:main] main - application.cc:740 - redpanda.kafka_request_max_bytes:104857600	- Maximum size of a single request processed using the Kafka API.
INFO  2026-06-28 07:41:08,385 [shard 0:main] main - application.cc:740 - redpanda.kafka_rpc_server_stream_recv_buf:{nullopt}	- Maximum size of the user-space receive buffer. If `null`, this limit is not applied.
INFO  2026-06-28 07:41:08,385 [shard 0:main] main - application.cc:740 - redpanda.kafka_rpc_server_tcp_recv_buf:{nullopt}	- Size of the Kafka server TCP receive buffer. If `null`, the property is disabled.
INFO  2026-06-28 07:41:08,385 [shard 0:main] main - application.cc:740 - redpanda.kafka_rpc_server_tcp_send_buf:{nullopt}	- Size of the Kafka server TCP transmit buffer. If `null`, the property is disabled.
INFO  2026-06-28 07:41:08,385 [shard 0:main] main - application.cc:740 - redpanda.kafka_sasl_max_reauth_ms:{nullopt}	- The maximum time between Kafka client reauthentications. If a client has not reauthenticated a connection within this time frame, that connection is torn down. If this property is not set (or set to `null`), session expiry is disabled, and a connection could live long after the client's credentials are expired or revoked.
INFO  2026-06-28 07:41:08,385 [shard 0:main] main - application.cc:740 - redpanda.kafka_schema_id_validation_cache_capacity:128	- Per-shard capacity of the cache for validating schema IDs.
INFO  2026-06-28 07:41:08,385 [shard 0:main] main - application.cc:740 - redpanda.kafka_tcp_keepalive_probe_interval_seconds:60s	- TCP keepalive probe interval in seconds for Kafka connections. This describes the timeout between unacknowledged TCP keepalives. Refers to the TCP_KEEPINTVL socket option. When changed, applies to new connections only.
INFO  2026-06-28 07:41:08,385 [shard 0:main] main - application.cc:740 - redpanda.kafka_tcp_keepalive_probes:3	- TCP keepalive unacknowledged probes until the connection is considered dead for Kafka connections. Refers to the TCP_KEEPCNT socket option. When changed, applies to new connections only.
INFO  2026-06-28 07:41:08,385 [shard 0:main] main - application.cc:740 - redpanda.kafka_tcp_keepalive_timeout:120s	- TCP keepalive idle timeout in seconds for Kafka connections. This describes the timeout between TCP keepalive probes that the remote site successfully acknowledged. Refers to the TCP_KEEPIDLE socket option. When changed, applies to new connections only.
INFO  2026-06-28 07:41:08,385 [shard 0:main] main - application.cc:740 - redpanda.kafka_throughput_control:{}	- List of throughput control groups that define exclusions from node-wide throughput limits. Clients excluded from node-wide throughput limits are still potentially subject to client-specific throughput limits. For more information see https://docs.redpanda.com/current/reference/properties/cluster-properties/#kafka_throughput_control.
INFO  2026-06-28 07:41:08,385 [shard 0:main] main - application.cc:740 - redpanda.kafka_throughput_controlled_api_keys:{produce, fetch}	- List of Kafka API keys that are subject to cluster-wide and node-wide throughput limit control.
INFO  2026-06-28 07:41:08,385 [shard 0:main] main - application.cc:740 - redpanda.kafka_throughput_limit_node_in_bps:{nullopt}	- The maximum rate of all ingress Kafka API traffic for a node. Includes all Kafka API traffic (requests, responses, headers, fetched data, produced data, etc.). If `null`, the property is disabled, and traffic is not limited.
INFO  2026-06-28 07:41:08,385 [shard 0:main] main - application.cc:740 - redpanda.kafka_throughput_limit_node_out_bps:{nullopt}	- The maximum rate of all egress Kafka traffic for a node. Includes all Kafka API traffic (requests, responses, headers, fetched data, produced data, etc.). If `null`, the property is disabled, and traffic is not limited.
INFO  2026-06-28 07:41:08,385 [shard 0:main] main - application.cc:740 - redpanda.kafka_throughput_replenish_threshold:{nullopt}	- Threshold for refilling the token bucket as part of enforcing throughput limits. This threshold is evaluated with each request for data. When the number of tokens to replenish exceeds this threshold, then tokens are added to the token bucket. This ensures that the atomic is not being updated for the token count with each request. The range for this threshold is automatically clamped to the corresponding throughput limit for ingress and egress.
INFO  2026-06-28 07:41:08,385 [shard 0:main] main - application.cc:740 - redpanda.kafka_topics_max:{nullopt}	- Maximum number of Kafka user topics that can be created. If `null`, then no limit is enforced.
INFO  2026-06-28 07:41:08,385 [shard 0:main] main - application.cc:740 - redpanda.kvstore_flush_interval:10ms	- Key-value store flush interval (in milliseconds).
INFO  2026-06-28 07:41:08,385 [shard 0:main] main - application.cc:740 - redpanda.kvstore_max_segment_size:16777216	- Key-value maximum segment size (in bytes).
INFO  2026-06-28 07:41:08,385 [shard 0:main] main - application.cc:740 - redpanda.leader_balancer_idle_timeout:120000ms	- Leadership rebalancing idle timeout.
INFO  2026-06-28 07:41:08,385 [shard 0:main] main - application.cc:740 - redpanda.leader_balancer_mode:calibrated	- Mode of the leader balancer optimization strategy. `calibrated` uses a heuristic that balances leaders based on replica counts per shard. `random` randomly moves leaders to reduce load on heavily-loaded shards. Legacy values `greedy_balanced_shards` and `random_hill_climbing` are treated as `calibrated`.
INFO  2026-06-28 07:41:08,385 [shard 0:main] main - application.cc:740 - redpanda.leader_balancer_mute_timeout:300000ms	- Leadership rebalancing mute timeout.
INFO  2026-06-28 07:41:08,385 [shard 0:main] main - application.cc:740 - redpanda.leader_balancer_transfer_limit_per_shard:512	- Per shard limit for in-progress leadership transfers.
INFO  2026-06-28 07:41:08,385 [shard 0:main] main - application.cc:740 - redpanda.legacy_group_offset_retention_enabled:0	- Group offset retention is enabled by default starting in Redpanda version 23.1. To enable offset retention after upgrading from an older version, set this option to true.
INFO  2026-06-28 07:41:08,385 [shard 0:main] main - application.cc:740 - redpanda.legacy_permit_unsafe_log_operation:1	- Flag to enable a Redpanda cluster operator to use unsafe control characters within strings, such as consumer group names or user names. This flag applies only for Redpanda clusters that were originally on version 23.1 or earlier and have been upgraded to version 23.2 or later. Starting in version 23.2, newly-created Redpanda clusters ignore this property.
INFO  2026-06-28 07:41:08,385 [shard 0:main] main - application.cc:740 - redpanda.legacy_unsafe_log_warning_interval_sec:300s	- Period at which to log a warning about using unsafe strings containing control characters. If unsafe strings are permitted by `legacy_permit_unsafe_log_operation`, a warning will be logged at an interval specified by this property.
INFO  2026-06-28 07:41:08,385 [shard 0:main] main - application.cc:740 - redpanda.log_cleanup_policy:delete	- Default cleanup policy for topic logs. The topic property `cleanup.policy` overrides the value of `log_cleanup_policy` at the topic level.
INFO  2026-06-28 07:41:08,385 [shard 0:main] main - application.cc:740 - redpanda.log_compaction_interval_ms:10000ms	- How often to trigger background compaction.
INFO  2026-06-28 07:41:08,385 [shard 0:main] main - application.cc:740 - redpanda.log_compaction_max_priority_wait_ms:3600000ms	- Maximum time a priority partition (for example, __consumer_offsets) can wait for compaction before preempting regular compaction.
INFO  2026-06-28 07:41:08,385 [shard 0:main] main - application.cc:740 - redpanda.log_compaction_merge_max_ranges:{nullopt}	- The maximum number of ranges of segments that can be processed in a single round of adjacent segment compaction. If `null` (the default value), no maximum is imposed on the number of ranges that can be processed at once. A value below 1 effectively disables adjacent merge compaction.
INFO  2026-06-28 07:41:08,385 [shard 0:main] main - application.cc:740 - redpanda.log_compaction_merge_max_segments_per_range:{nullopt}	- The maximum number of segments that can be combined into a single segment during an adjacent merge operation. If `null` (the default value), no maximum is imposed on the number of segments that can be combined at once. A value below 2 effectively disables adjacent merge compaction.
INFO  2026-06-28 07:41:08,385 [shard 0:main] main - application.cc:740 - redpanda.log_compaction_pause_use_sliding_window:0	- Pause use of sliding window compaction. This should only be toggled to `true` when it is desired to force adjacent segment compaction. The memory reserved by `storage_compaction_key_map_memory` is not freed when this is set to `true`.
INFO  2026-06-28 07:41:08,385 [shard 0:main] main - application.cc:740 - redpanda.log_compaction_tx_batch_removal_enabled:1	- Enables removal of transactional control batches during compaction. These batches are removed according to a topic's configured delete.retention.ms, and only if the topic's cleanup.policy allows compaction.
INFO  2026-06-28 07:41:08,385 [shard 0:main] main - application.cc:740 - redpanda.log_compaction_use_sliding_window:1	- Use sliding window compaction.
INFO  2026-06-28 07:41:08,385 [shard 0:main] main - application.cc:740 - redpanda.log_compression_type:producer	- Default topic compression type. The topic property `compression.type` overrides the value of `log_compression_type` at the topic level.
INFO  2026-06-28 07:41:08,385 [shard 0:main] main - application.cc:740 - redpanda.log_disable_housekeeping_for_tests:0	- Disables the housekeeping loop for local storage. This property is used to simplify testing, and should not be set in production.
INFO  2026-06-28 07:41:08,385 [shard 0:main] main - application.cc:740 - redpanda.log_message_timestamp_after_max_ms:3600000ms	- The maximum allowable timestamp difference between the broker's timestamp and a record's timestamp. For topics with `message.timestamp.type` set to `CreateTime`, Redpanda rejects records that have timestamps later than the broker timestamp and exceed this difference. Redpanda ignores this property for topics with `message.timestamp.type` set to `AppendTime`. The topic property `message.timestamp.after.max.ms` overrides the value of `log_message_timestamp_after_max_ms` at the topic level.
INFO  2026-06-28 07:41:08,385 [shard 0:main] main - application.cc:740 - redpanda.log_message_timestamp_before_max_ms:9223372036854ms	- The maximum allowable timestamp difference between the broker's timestamp and a record's timestamp. For topics with `message.timestamp.type` set to `CreateTime`, Redpanda rejects records that have timestamps earlier than the broker timestamp and exceed this difference. Redpanda ignores this property for topics with `message.timestamp.type` set to `AppendTime`. The topic property `message.timestamp.before.max.ms` overrides the value of `log_message_timestamp_before_max_ms` at the topic level.
INFO  2026-06-28 07:41:08,385 [shard 0:main] main - application.cc:740 - redpanda.log_message_timestamp_type:CreateTime	- Default timestamp type for topic messages (CreateTime or LogAppendTime). The topic property `message.timestamp.type` overrides the value of `log_message_timestamp_type` at the topic level.
INFO  2026-06-28 07:41:08,385 [shard 0:main] main - application.cc:740 - redpanda.log_retention_ms:604800000ms	- The amount of time to keep a log file before deleting it (in milliseconds). If set to `-1`, no time limit is applied. This is a cluster-wide default when a topic does not set or disable `retention.ms`.
INFO  2026-06-28 07:41:08,385 [shard 0:main] main - application.cc:740 - redpanda.log_segment_ms:{1209600000ms}	- Default lifetime of log segments. If `null`, the property is disabled, and no default lifetime is set. Any value under 60 seconds (60000 ms) is rejected. This property can also be set in the Kafka API using the Kafka-compatible alias, `log.roll.ms`. The topic property `segment.ms` overrides the value of `log_segment_ms` at the topic level.
INFO  2026-06-28 07:41:08,385 [shard 0:main] main - application.cc:740 - redpanda.log_segment_ms_max:31536000000ms	- Upper bound on topic `segment.ms`: higher values will be clamped to this value.
INFO  2026-06-28 07:41:08,385 [shard 0:main] main - application.cc:740 - redpanda.log_segment_ms_min:600000ms	- Lower bound on topic `segment.ms`: lower values will be clamped to this value.
INFO  2026-06-28 07:41:08,385 [shard 0:main] main - application.cc:740 - redpanda.log_segment_size:134217728	- Default log segment size in bytes for topics which do not set segment.bytes
INFO  2026-06-28 07:41:08,385 [shard 0:main] main - application.cc:740 - redpanda.log_segment_size_jitter_percent:5	- Random variation to the segment size limit used for each partition.
INFO  2026-06-28 07:41:08,385 [shard 0:main] main - application.cc:740 - redpanda.log_segment_size_max:{nullopt}	- Upper bound on topic `segment.bytes`: higher values will be clamped to this limit.
INFO  2026-06-28 07:41:08,385 [shard 0:main] main - application.cc:740 - redpanda.log_segment_size_min:{1}	- Lower bound on topic `segment.bytes`: lower values will be clamped to this limit.
INFO  2026-06-28 07:41:08,385 [shard 0:main] main - application.cc:740 - redpanda.lz4_decompress_reusable_buffers_disabled:0	- Disable reusable preallocated buffers for LZ4 decompression.
INFO  2026-06-28 07:41:08,385 [shard 0:main] main - application.cc:740 - redpanda.max_compacted_log_segment_size:536870912	- Maximum compacted segment size after consolidation.
INFO  2026-06-28 07:41:08,385 [shard 0:main] main - application.cc:740 - redpanda.max_compaction_lag_ms:9223372036854ms	- For a compacted topic, the maximum time a message remains ineligible for compaction. The topic property `max.compaction.lag.ms` overrides this property.
INFO  2026-06-28 07:41:08,385 [shard 0:main] main - application.cc:740 - redpanda.max_concurrent_producer_ids:100000	- Maximum number of active producer sessions per shard. Each shard tracks producer IDs using an LRU (Least Recently Used) eviction policy. When the configured limit is exceeded, the least recently used producer IDs are evicted from the cache.
INFO  2026-06-28 07:41:08,385 [shard 0:main] main - application.cc:740 - redpanda.max_in_flight_pandaproxy_requests_per_shard:500	- Maximum number of in-flight HTTP requests to HTTP Proxy permitted per shard.  Any additional requests above this limit will be rejected with a 429 error.
INFO  2026-06-28 07:41:08,385 [shard 0:main] main - application.cc:740 - redpanda.max_in_flight_schema_registry_requests_per_shard:500	- Maximum number of in-flight HTTP requests to Schema Registry permitted per shard.  Any additional requests above this limit will be rejected with a 429 error.
INFO  2026-06-28 07:41:08,385 [shard 0:main] main - application.cc:740 - redpanda.max_kafka_throttle_delay_ms:30000ms	- Fail-safe maximum throttle delay on Kafka requests.
INFO  2026-06-28 07:41:08,385 [shard 0:main] main - application.cc:740 - redpanda.max_transactions_per_coordinator:10000	- Specifies the maximum number of active transaction sessions per coordinator. When the threshold is passed Redpanda terminates old sessions. When an idle producer corresponding to the terminated session wakes up and produces, it leads to its batches being rejected with invalid producer epoch or invalid_producer_id_mapping error (depends on the transaction execution phase).
INFO  2026-06-28 07:41:08,385 [shard 0:main] main - application.cc:740 - redpanda.members_backend_retry_ms:5000ms	- Time between members backend reconciliation loop retries.
INFO  2026-06-28 07:41:08,385 [shard 0:main] main - application.cc:740 - redpanda.memory_abort_on_alloc_failure:1	- If `true`, the Redpanda process will terminate immediately when an allocation cannot be satisfied due to memory exhaustion. If false, an exception is thrown.
INFO  2026-06-28 07:41:08,385 [shard 0:main] main - application.cc:740 - redpanda.memory_enable_memory_sampling:1	- When `true`, memory allocations are sampled and tracked. A sampled live set of allocations can then be retrieved from the Admin API. Additionally, Redpanda will periodically log the top-n allocation sites.
INFO  2026-06-28 07:41:08,385 [shard 0:main] main - application.cc:740 - redpanda.metadata_dissemination_interval_ms:3000ms	- Interval for metadata dissemination batching.
INFO  2026-06-28 07:41:08,385 [shard 0:main] main - application.cc:740 - redpanda.metadata_dissemination_retries:30	- Number of attempts to look up a topic's metadata-like shard before a request fails. This configuration controls the number of retries that request handlers perform when internal topic metadata (for topics like tx, consumer offsets, etc) is missing. These topics are usually created on demand when users try to use the cluster for the first time and it may take some time for the creation to happen and the metadata to propagate to all the brokers (particularly the broker handling the request). In the mean time Redpanda waits and retry. This configuration controls the number retries.
INFO  2026-06-28 07:41:08,385 [shard 0:main] main - application.cc:740 - redpanda.metadata_dissemination_retry_delay_ms:320ms	- Delay before retrying a topic lookup in a shard or other meta tables.
INFO  2026-06-28 07:41:08,385 [shard 0:main] main - application.cc:740 - redpanda.metrics_reporter_report_interval:86400000ms	- Cluster metrics reporter report interval.
INFO  2026-06-28 07:41:08,385 [shard 0:main] main - application.cc:740 - redpanda.metrics_reporter_tick_interval:60000ms	- Cluster metrics reporter tick interval.
INFO  2026-06-28 07:41:08,385 [shard 0:main] main - application.cc:740 - redpanda.metrics_reporter_url:https://m.rp.vectorized.io/v2	- URL of the cluster metrics reporter.
INFO  2026-06-28 07:41:08,385 [shard 0:main] main - application.cc:740 - redpanda.min_cleanable_dirty_ratio:{0.2}	- The minimum ratio between the number of bytes in "dirty" segments and the total number of bytes in closed segments that must be reached before a partition's log is eligible for compaction in a compact topic. The topic property `min.cleanable.dirty.ratio` overrides the value of `min_cleanable_dirty_ratio` at the topic level.
INFO  2026-06-28 07:41:08,385 [shard 0:main] main - application.cc:740 - redpanda.min_compaction_lag_ms:0ms	- For a compacted topic, the minimum time a message remains uncompacted in the log. The topic property `min.compaction.lag.ms` overrides this property.
INFO  2026-06-28 07:41:08,385 [shard 0:main] main - application.cc:740 - redpanda.minimum_topic_replications:1	- Minimum allowable replication factor for topics in this cluster. The set value must be positive, odd, and equal to or less than the number of available brokers. Changing this parameter only restricts newly-created topics. Redpanda returns an `INVALID_REPLICATION_FACTOR` error on any attempt to create a topic with a replication factor less than this property. If you change the `minimum_topic_replications` setting, the replication factor of existing topics remains unchanged. However, Redpanda will log a warning on start-up with a list of any topics that have fewer replicas than this minimum. For example, you might see a message such as `Topic X has a replication factor less than specified minimum: 1 < 3`.
INFO  2026-06-28 07:41:08,385 [shard 0:main] main - application.cc:740 - redpanda.nested_group_behavior:none	- Behavior for handling nested groups when extracting groups from authentication tokens.  Two options are available - none and suffix.  With none, the group is left alone (e.g. '/group/child/grandchild').  Suffix will extract the final component from the nested group (e.g. '/group' -> 'group' and '/group/child/grandchild' -> 'grandchild').
INFO  2026-06-28 07:41:08,385 [shard 0:main] main - application.cc:740 - redpanda.node_isolation_heartbeat_timeout:3000	- How long after the last heartbeat request a node will wait before considering itself to be isolated.
INFO  2026-06-28 07:41:08,385 [shard 0:main] main - application.cc:740 - redpanda.node_status_interval:100ms	- Time interval between two node status messages. Node status messages establish liveness status outside of the Raft protocol.
INFO  2026-06-28 07:41:08,385 [shard 0:main] main - application.cc:740 - redpanda.node_status_reconnect_max_backoff_ms:15000ms	- Maximum backoff (in milliseconds) to reconnect to an unresponsive peer during node status liveness checks.
INFO  2026-06-28 07:41:08,385 [shard 0:main] main - application.cc:740 - redpanda.oidc_clock_skew_tolerance:0s	- The amount of time (in seconds) to allow for when validating the expiry claim in the token.
INFO  2026-06-28 07:41:08,385 [shard 0:main] main - application.cc:740 - redpanda.oidc_discovery_url:https://auth.prd.cloud.redpanda.com/.well-known/openid-configuration	- The URL pointing to the well-known discovery endpoint for the OIDC provider.
INFO  2026-06-28 07:41:08,385 [shard 0:main] main - application.cc:740 - redpanda.oidc_group_claim_path:$.groups	- JSON path to extract groups from the JWT payload.
INFO  2026-06-28 07:41:08,385 [shard 0:main] main - application.cc:740 - redpanda.oidc_http_proxy_password:{nullopt}	- Password for HTTP Basic authentication to the OIDC forward proxy (oidc_http_proxy_url). Leave unset for an unauthenticated proxy. Both username and password must be set for credentials to be sent.
INFO  2026-06-28 07:41:08,385 [shard 0:main] main - application.cc:740 - redpanda.oidc_http_proxy_url:{nullopt}	- URL of the HTTP forward proxy used for OIDC discovery and JWKS fetches. Accepts http://host:port or https://host:port. When set, oidc_discovery_url must use https:// — plaintext OIDC origins cannot be routed through a forward proxy.
INFO  2026-06-28 07:41:08,385 [shard 0:main] main - application.cc:740 - redpanda.oidc_http_proxy_username:{nullopt}	- Username for HTTP Basic authentication to the OIDC forward proxy (oidc_http_proxy_url). Leave unset for an unauthenticated proxy. Both username and password must be set for credentials to be sent.
INFO  2026-06-28 07:41:08,385 [shard 0:main] main - application.cc:740 - redpanda.oidc_keys_refresh_interval:3600s	- The frequency of refreshing the JSON Web Keys (JWKS) used to validate access tokens.
INFO  2026-06-28 07:41:08,385 [shard 0:main] main - application.cc:740 - redpanda.oidc_principal_mapping:$.sub	- Rule for mapping JWT payload claim to a Redpanda user principal.
INFO  2026-06-28 07:41:08,385 [shard 0:main] main - application.cc:740 - redpanda.oidc_token_audience:redpanda	- A string representing the intended recipient of the token.
INFO  2026-06-28 07:41:08,385 [shard 0:main] main - application.cc:740 - redpanda.partition_autobalancing_concurrent_moves:50	- Number of partitions that can be reassigned at once.
INFO  2026-06-28 07:41:08,385 [shard 0:main] main - application.cc:740 - redpanda.partition_autobalancing_max_disk_usage_percent:80	- When the disk usage of a node exceeds this threshold, it triggers Redpanda to move partitions off of the node. This property applies only when partition_autobalancing_mode is set to `continuous`.
INFO  2026-06-28 07:41:08,385 [shard 0:main] main - application.cc:740 - redpanda.partition_autobalancing_min_size_threshold:{nullopt}	- Minimum size of partition that is going to be prioritized when rebalancing a cluster due to the disk size threshold being breached. This value is calculated automatically by default.
INFO  2026-06-28 07:41:08,385 [shard 0:main] main - application.cc:740 - redpanda.partition_autobalancing_mode:continuous	- Mode of partition balancing for a cluster. * `node_add`: partition balancing happens when a node is added. * `continuous`: partition balancing happens automatically to maintain optimal performance and availability, based on continuous monitoring for node changes (same as `node_add`) and also high disk usage. This option requires an Enterprise license, and it is customized by `partition_autobalancing_node_availability_timeout_sec` and `partition_autobalancing_max_disk_usage_percent` properties. * `off`: partition balancing is disabled. This option is not recommended for production clusters.
INFO  2026-06-28 07:41:08,385 [shard 0:main] main - application.cc:740 - redpanda.partition_autobalancing_movement_batch_size_bytes:5368709120	- Total size of partitions that autobalancer is going to move in one batch (deprecated, use partition_autobalancing_concurrent_moves to limit the autobalancer concurrency)
INFO  2026-06-28 07:41:08,385 [shard 0:main] main - application.cc:740 - redpanda.partition_autobalancing_node_autodecommission_timeout_sec:{nullopt}	- When a node is unavailable for at least this timeout duration, it triggers Redpanda to decommission the node. This property applies only when `partition_autobalancing_mode` is set to `continuous`.
INFO  2026-06-28 07:41:08,385 [shard 0:main] main - application.cc:740 - redpanda.partition_autobalancing_node_availability_timeout_sec:900s	- When a node is unavailable for at least this timeout duration, it triggers Redpanda to move partitions off of the node. This property applies only when `partition_autobalancing_mode` is set to `continuous`.
INFO  2026-06-28 07:41:08,385 [shard 0:main] main - application.cc:740 - redpanda.partition_autobalancing_tick_interval_ms:30000ms	- Partition autobalancer tick interval.
INFO  2026-06-28 07:41:08,385 [shard 0:main] main - application.cc:740 - redpanda.partition_autobalancing_tick_moves_drop_threshold:0.2	- If the number of scheduled tick moves drops by this ratio, a new tick is scheduled immediately. Valid values are (0, 1]. For example, with a value of 0.2 and 100 scheduled moves in a tick, a new tick is scheduled when the in-progress moves are fewer than 80.
INFO  2026-06-28 07:41:08,385 [shard 0:main] main - application.cc:740 - redpanda.partition_autobalancing_topic_aware:1	- If `true`, Redpanda prioritizes balancing a topic’s partition replica count evenly across all brokers while it’s balancing the cluster’s overall partition count. Because different topics in a cluster can have vastly different load profiles, this better distributes the workload of the most heavily-used topics evenly across brokers.
INFO  2026-06-28 07:41:08,385 [shard 0:main] main - application.cc:740 - redpanda.partition_manager_shutdown_watchdog_timeout:30000ms	- A threshold value to detect partitions which might have been stuck while shutting down. After this threshold, a watchdog in partition manager will log information about partition shutdown not making progress.
INFO  2026-06-28 07:41:08,385 [shard 0:main] main - application.cc:740 - redpanda.pp_sr_smp_max_non_local_requests:{nullopt}	- Maximum number of Cross-core(Inter-shard communication) requests pending in HTTP Proxy and Schema Registry seastar::smp group. (For more details, see the `seastar::smp_service_group` documentation).
INFO  2026-06-28 07:41:08,385 [shard 0:main] main - application.cc:740 - redpanda.quota_manager_gc_sec:30000ms	- Quota manager GC frequency in milliseconds.
INFO  2026-06-28 07:41:08,385 [shard 0:main] main - application.cc:740 - redpanda.raft_enable_longest_log_detection:1	- Enables an additional step in leader election where a candidate is allowed to wait for all the replies from the broker it requested votes from. This may introduce a small delay when recovering from failure, but it prevents truncation if any of the replicas have more data than the majority.
INFO  2026-06-28 07:41:08,385 [shard 0:main] main - application.cc:740 - redpanda.raft_enable_lw_heartbeat:1	- Enables Raft optimization of heartbeats.
INFO  2026-06-28 07:41:08,385 [shard 0:main] main - application.cc:740 - redpanda.raft_flush_timer_interval_ms:100ms	- Interval of checking partition against the `raft_replica_max_pending_flush_bytes`, deprecated started 24.1, use raft_replica_max_flush_delay_ms instead 
INFO  2026-06-28 07:41:08,385 [shard 0:main] main - application.cc:740 - redpanda.raft_heartbeat_disconnect_failures:3	- The number of failed heartbeats after which an unresponsive TCP connection is forcibly closed. To disable forced disconnection, set to 0.
INFO  2026-06-28 07:41:08,385 [shard 0:main] main - application.cc:740 - redpanda.raft_heartbeat_interval_ms:150ms	- Number of milliseconds for Raft leader heartbeats.
INFO  2026-06-28 07:41:08,385 [shard 0:main] main - application.cc:740 - redpanda.raft_heartbeat_timeout_ms:3000ms	- Raft heartbeat RPC (remote procedure call) timeout. Raft uses a heartbeat mechanism to maintain leadership authority and to trigger leader elections. The `raft_heartbeat_interval_ms` is a periodic heartbeat sent by the partition leader to all followers to declare its leadership. If a follower does not receive a heartbeat within the `raft_heartbeat_timeout_ms`, then it triggers an election to choose a new partition leader.
INFO  2026-06-28 07:41:08,385 [shard 0:main] main - application.cc:740 - redpanda.raft_io_timeout_ms:10000ms	- Raft I/O timeout.
INFO  2026-06-28 07:41:08,385 [shard 0:main] main - application.cc:740 - redpanda.raft_learner_recovery_rate:104857600	- Raft learner recovery rate limit. Throttles the rate of data communicated to nodes (learners) that need to catch up to leaders. This rate limit is placed on a node sending data to a recovering node. Each sending node is limited to this rate. The recovering node accepts data as fast as possible according to the combined limits of all healthy nodes in the cluster. For example, if two nodes are sending data to the recovering node, and `raft_learner_recovery_rate` is 100 MB/sec, then the recovering node will recover at a rate of 200 MB/sec.
INFO  2026-06-28 07:41:08,385 [shard 0:main] main - application.cc:740 - redpanda.raft_max_buffered_follower_append_entries_bytes_per_shard:0	- The total size of append entry requests that may be cached per shard, using Raft buffered protocol. When an entry is cached the leader can continue serving requests because the ordering of the cached requests cannot change. When the total size of cached requests reaches the set limit, back pressure is applied to throttle producers.
INFO  2026-06-28 07:41:08,385 [shard 0:main] main - application.cc:740 - redpanda.raft_max_inflight_follower_append_entries_requests_per_shard:1024	- The maximum number of append entry requests that may be sent from raft groups on a Seastar shard to the current node and are awaiting a reply. This property replaces raft_max_concurrent_append_requests_per_follower.
INFO  2026-06-28 07:41:08,385 [shard 0:main] main - application.cc:740 - redpanda.raft_max_recovery_memory:{nullopt}	- Maximum memory that can be used for reads in Raft recovery process by default 15% of total memory.
INFO  2026-06-28 07:41:08,385 [shard 0:main] main - application.cc:740 - redpanda.raft_recovery_concurrency_per_shard:64	- Number of partitions that may simultaneously recover data to a particular shard. This number is limited to avoid overwhelming nodes when they come back online after an outage.
INFO  2026-06-28 07:41:08,385 [shard 0:main] main - application.cc:740 - redpanda.raft_recovery_throttle_disable_dynamic_mode:0	- Disables cross shard sharing used to throttle recovery traffic. Should only be used to debug unexpected problems.
INFO  2026-06-28 07:41:08,385 [shard 0:main] main - application.cc:740 - redpanda.raft_replica_max_flush_delay_ms:100ms	- Maximum delay between two subsequent flushes. After this delay, the log is automatically force flushed.
INFO  2026-06-28 07:41:08,385 [shard 0:main] main - application.cc:740 - redpanda.raft_replica_max_pending_flush_bytes:{262144}	- Maximum number of bytes that are not flushed per partition. If the configured threshold is reached, the log is automatically flushed even if it has not been explicitly requested.
INFO  2026-06-28 07:41:08,385 [shard 0:main] main - application.cc:740 - redpanda.raft_replicate_batch_window_size:1048576	- Maximum size of requests cached for replication.
INFO  2026-06-28 07:41:08,385 [shard 0:main] main - application.cc:740 - redpanda.raft_smp_max_non_local_requests:{nullopt}	- Maximum number of Cross-core(Inter-shard communication) requests pending in Raft seastar::smp group. For details, refer to the `seastar::smp_service_group` documentation).
INFO  2026-06-28 07:41:08,385 [shard 0:main] main - application.cc:740 - redpanda.raft_timeout_now_timeout_ms:1000ms	- Timeout for Raft's timeout_now RPC. This RPC is used to force a follower to dispatch a round of votes immediately.
INFO  2026-06-28 07:41:08,385 [shard 0:main] main - application.cc:740 - redpanda.raft_transfer_leader_recovery_timeout_ms:10000ms	- Follower recovery timeout waiting period when transferring leadership.
INFO  2026-06-28 07:41:08,385 [shard 0:main] main - application.cc:740 - redpanda.readers_cache_eviction_timeout_ms:30000ms	- Duration after which inactive readers are evicted from cache.
INFO  2026-06-28 07:41:08,385 [shard 0:main] main - application.cc:740 - redpanda.readers_cache_target_max_size:200	- Maximum desired number of readers cached per NTP. This a soft limit, meaning that a number of readers in cache may temporarily increase as cleanup is performed in the background.
INFO  2026-06-28 07:41:08,385 [shard 0:main] main - application.cc:740 - redpanda.reclaim_batch_cache_min_free:67108864	- Minimum amount of free memory maintained by the batch cache background reclaimer.
INFO  2026-06-28 07:41:08,385 [shard 0:main] main - application.cc:740 - redpanda.reclaim_growth_window:3000ms	- Starting from the last point in time when memory was reclaimed from the batch cache, this is the duration during which the amount of memory to reclaim grows at a significant rate, based on heuristics about the amount of available memory.
INFO  2026-06-28 07:41:08,385 [shard 0:main] main - application.cc:740 - redpanda.reclaim_max_size:4194304	- Maximum batch cache reclaim size.
INFO  2026-06-28 07:41:08,385 [shard 0:main] main - application.cc:740 - redpanda.reclaim_min_size:131072	- Minimum batch cache reclaim size.
INFO  2026-06-28 07:41:08,385 [shard 0:main] main - application.cc:740 - redpanda.reclaim_stable_window:10000ms	- If the duration since the last time memory was reclaimed is longer than the amount of time specified in this property, the memory usage of the batch cache is considered stable, so only the minimum size (`reclaim_min_size`) is set to be reclaimed.
INFO  2026-06-28 07:41:08,385 [shard 0:main] main - application.cc:740 - redpanda.release_cache_on_segment_roll:0	- Flag for specifying whether or not to release cache when a full segment is rolled.
INFO  2026-06-28 07:41:08,385 [shard 0:main] main - application.cc:740 - redpanda.replicate_append_timeout_ms:3000ms	- Timeout for append entry requests issued while replicating entries.
INFO  2026-06-28 07:41:08,385 [shard 0:main] main - application.cc:740 - redpanda.retention_bytes:{nullopt}	- Default maximum number of bytes per partition on disk before triggering deletion of the oldest messages. If `null` (the default value), no limit is applied. The topic property `retention.bytes` overrides the value of `retention_bytes` at the topic level.
INFO  2026-06-28 07:41:08,385 [shard 0:main] main - application.cc:740 - redpanda.retention_local_strict:0	- Flag to allow Tiered Storage topics to expand to consumable retention policy limits. When this flag is enabled, non-local retention settings are used, and local retention settings are used to inform data removal policies in low-disk space scenarios.
INFO  2026-06-28 07:41:08,385 [shard 0:main] main - application.cc:740 - redpanda.retention_local_strict_override:1	- Trim log data when a cloud topic reaches its local retention limit. When this option is disabled Redpanda will allow partitions to grow past the local retention limit, and will be trimmed automatically as storage reaches the configured target size.
INFO  2026-06-28 07:41:08,385 [shard 0:main] main - application.cc:740 - redpanda.retention_local_target_bytes_default:{nullopt}	- Local retention size target for partitions of topics with object storage write enabled. If `null`, the property is disabled. This property can be overridden on a per-topic basis by setting `retention.local.target.bytes` in each topic enabled for Tiered Storage. Both `retention_local_target_bytes_default` and `retention_local_target_ms_default` can be set. The limit that is reached earlier is applied.
INFO  2026-06-28 07:41:08,385 [shard 0:main] main - application.cc:740 - redpanda.retention_local_target_capacity_bytes:{nullopt}	- The target capacity (in bytes) that log storage will try to use before additional retention rules take over to trim data to meet the target. When no target is specified, storage usage is unbounded. Redpanda Data recommends setting only one of `retention_local_target_capacity_bytes` or `retention_local_target_capacity_percent`. If both are set, the minimum of the two is used as the effective target capacity.
INFO  2026-06-28 07:41:08,385 [shard 0:main] main - application.cc:740 - redpanda.retention_local_target_capacity_percent:{80}	- The target capacity in percent of unreserved space (`disk_reservation_percent`) that log storage will try to use before additional retention rules will take over to trim data in order to meet the target. When no target is specified storage usage is unbounded. Redpanda Data recommends setting only one of `retention_local_target_capacity_bytes` or `retention_local_target_capacity_percent`. If both are set, the minimum of the two is used as the effective target capacity.
INFO  2026-06-28 07:41:08,385 [shard 0:main] main - application.cc:740 - redpanda.retention_local_target_ms_default:86400000ms	- Local retention time target for partitions of topics with object storage write enabled. This property can be overridden on a per-topic basis by setting `retention.local.target.ms` in each topic enabled for Tiered Storage. Both `retention_local_target_bytes_default` and `retention_local_target_ms_default` can be set. The limit that is reached first is applied.
INFO  2026-06-28 07:41:08,385 [shard 0:main] main - application.cc:740 - redpanda.retention_local_trim_interval:30000ms	- The period during which disk usage is checked for disk pressure, and data is optionally trimmed to meet the target.
INFO  2026-06-28 07:41:08,385 [shard 0:main] main - application.cc:740 - redpanda.retention_local_trim_overage_coeff:2	- The space management control loop reclaims the overage multiplied by this this coefficient to compensate for data that is written during the idle period between control loop invocations.
INFO  2026-06-28 07:41:08,385 [shard 0:main] main - application.cc:740 - redpanda.rpc_client_connections_per_peer:128	- The maximum number of connections a broker will open to each of its peers.
INFO  2026-06-28 07:41:08,385 [shard 0:main] main - application.cc:740 - redpanda.rpc_server_compress_replies:0	- Enable compression for internal RPC (remote procedure call) server replies.
INFO  2026-06-28 07:41:08,385 [shard 0:main] main - application.cc:740 - redpanda.rpc_server_listen_backlog:{nullopt}	- Maximum TCP connection queue length for Kafka server and internal RPC server. If `null` (the default value), no queue length is set.
INFO  2026-06-28 07:41:08,385 [shard 0:main] main - application.cc:740 - redpanda.rpc_server_tcp_recv_buf:{nullopt}	- Internal RPC TCP receive buffer size. If `null` (the default value), no buffer size is set by Redpanda.
INFO  2026-06-28 07:41:08,385 [shard 0:main] main - application.cc:740 - redpanda.rpc_server_tcp_send_buf:{nullopt}	- Internal RPC TCP send buffer size. If `null` (the default value), then no buffer size is set by Redpanda.
INFO  2026-06-28 07:41:08,385 [shard 0:main] main - application.cc:740 - redpanda.rpk_path:"/usr/bin/rpk"	- Path to RPK binary
INFO  2026-06-28 07:41:08,385 [shard 0:main] main - application.cc:740 - redpanda.rps_limit_acls_and_users_operations:1000	- Rate limit for controller ACLs and user's operations.
INFO  2026-06-28 07:41:08,385 [shard 0:main] main - application.cc:740 - redpanda.rps_limit_configuration_operations:1000	- Rate limit for controller configuration operations.
INFO  2026-06-28 07:41:08,386 [shard 0:main] main - application.cc:740 - redpanda.rps_limit_move_operations:1000	- Rate limit for controller move operations.
INFO  2026-06-28 07:41:08,386 [shard 0:main] main - application.cc:740 - redpanda.rps_limit_node_management_operations:1000	- Rate limit for controller node management operations.
INFO  2026-06-28 07:41:08,386 [shard 0:main] main - application.cc:740 - redpanda.rps_limit_topic_operations:1000	- Rate limit for controller topic operations.
INFO  2026-06-28 07:41:08,386 [shard 0:main] main - application.cc:740 - redpanda.sasl_kerberos_config:/etc/krb5.conf	- The location of the Kerberos `krb5.conf` file for Redpanda.
INFO  2026-06-28 07:41:08,386 [shard 0:main] main - application.cc:740 - redpanda.sasl_kerberos_keytab:/var/lib/redpanda/redpanda.keytab	- The location of the Kerberos keytab file for Redpanda.
INFO  2026-06-28 07:41:08,386 [shard 0:main] main - application.cc:740 - redpanda.sasl_kerberos_principal:redpanda	- The primary of the Kerberos Service Principal Name (SPN) for Redpanda.
INFO  2026-06-28 07:41:08,386 [shard 0:main] main - application.cc:740 - redpanda.sasl_kerberos_principal_mapping:{DEFAULT}	- Rules for mapping Kerberos principal names to Redpanda user principals.
INFO  2026-06-28 07:41:08,386 [shard 0:main] main - application.cc:740 - redpanda.sasl_mechanisms:{SCRAM}	- A list of supported SASL mechanisms, if no override is defined in `sasl_mechanisms_overrides` for each Kafka listener. Accepted values: `SCRAM`, `GSSAPI`, `OAUTHBEARER`, `PLAIN`.  Note that in order to enable PLAIN, you must also enable SCRAM.
INFO  2026-06-28 07:41:08,386 [shard 0:main] main - application.cc:740 - redpanda.sasl_mechanisms_overrides:{}	- A list of overrides for SASL mechanisms, defined by listener. SASL mechanisms defined here will replace the ones set in `sasl_mechanisms`. The same limitations apply as for `sasl_mechanisms`.
INFO  2026-06-28 07:41:08,386 [shard 0:main] main - application.cc:740 - redpanda.schema_registry_always_normalize:0	- Always normalize schemas. If set, this overrides the normalize parameter in API requests.
INFO  2026-06-28 07:41:08,386 [shard 0:main] main - application.cc:740 - redpanda.schema_registry_avro_use_named_references:	- 
INFO  2026-06-28 07:41:08,386 [shard 0:main] main - application.cc:740 - redpanda.schema_registry_enable_authorization:0	- Enable ACL-based authorization for Schema Registry requests. When true, uses ACL-based authorization instead of the default public/user/superuser authorization model. When false, uses the default authorization model. Requires authentication to be enabled via schema_registry_api.authn_method.
INFO  2026-06-28 07:41:08,386 [shard 0:main] main - application.cc:740 - redpanda.schema_registry_enable_qualified_subjects:0	- Enable parsing of qualified subject syntax (:.context:subject). When false, subjects are treated literally, as subjects in the default context. When true, qualified syntax is parsed to extract context and subject.
INFO  2026-06-28 07:41:08,386 [shard 0:main] main - application.cc:740 - redpanda.segment_appender_flush_timeout_ms:1000ms	- Maximum delay until buffered data is written.
INFO  2026-06-28 07:41:08,386 [shard 0:main] main - application.cc:740 - redpanda.segment_fallocation_step:33554432	- Size for segments fallocation.
INFO  2026-06-28 07:41:08,386 [shard 0:main] main - application.cc:740 - redpanda.space_management_enable:1	- Option to explicitly disable automatic disk space management. If this property was explicitly disabled while using v23.2, it will remain disabled following an upgrade.
INFO  2026-06-28 07:41:08,386 [shard 0:main] main - application.cc:740 - redpanda.space_management_enable_override:0	- Enable automatic space management. This option is ignored and deprecated in versions >= v23.3.
INFO  2026-06-28 07:41:08,386 [shard 0:main] main - application.cc:740 - redpanda.space_management_max_log_concurrency:20	- Maximum parallel logs inspected during space management process.
INFO  2026-06-28 07:41:08,386 [shard 0:main] main - application.cc:740 - redpanda.space_management_max_segment_concurrency:10	- Maximum parallel segments inspected during space management process.
INFO  2026-06-28 07:41:08,386 [shard 0:main] main - application.cc:740 - redpanda.storage_compaction_index_memory:134217728	- Maximum number of bytes that may be used on each shard by compaction index writers.
INFO  2026-06-28 07:41:08,386 [shard 0:main] main - application.cc:740 - redpanda.storage_compaction_key_map_memory:134217728	- Maximum number of bytes that may be used on each shard by compaction key-offset maps. Only applies when `log_compaction_use_sliding_window` is set to `true`.
INFO  2026-06-28 07:41:08,386 [shard 0:main] main - application.cc:740 - redpanda.storage_compaction_key_map_memory_limit_percent:12	- Limit on `storage_compaction_key_map_memory`, expressed as a percentage of memory per shard, that bounds the amount of memory used by compaction key-offset maps. Memory per shard is computed after `data_transforms_per_core_memory_reservation`, and only applies when `log_compaction_use_sliding_window` is set to `true`.
INFO  2026-06-28 07:41:08,386 [shard 0:main] main - application.cc:740 - redpanda.storage_ignore_cstore_hints:0	- When set, cstore hints are ignored and not used for data access (but are otherwise generated).
INFO  2026-06-28 07:41:08,386 [shard 0:main] main - application.cc:740 - redpanda.storage_ignore_timestamps_in_future_sec:{nullopt}	- The maximum number of seconds that a record's timestamp can be ahead of a Redpanda broker's clock and still be used when deciding whether to clean up the record for data retention. This property makes possible the timely cleanup of records from clients with clocks that are drastically unsynchronized relative to Redpanda. When determining whether to clean up a record with timestamp more than `storage_ignore_timestamps_in_future_sec` seconds ahead of the broker, Redpanda ignores the record's timestamp and instead uses a valid timestamp of another record in the same segment, or (if another record's valid timestamp is unavailable) the timestamp of when the segment file was last modified (mtime). By default, `storage_ignore_timestamps_in_future_sec` is disabled (null). To figure out whether to set `storage_ignore_timestamps_in_future_sec` for your system: . Look for logs with segments that are unexpectedly large and not being cleaned up. . In the logs, search for records with unsynchronized timestamps that are further into the future than tolerable by your data retention and storage settings. For example, timestamps 60 seconds or more into the future can be considered to be too unsynchronized. . If you find unsynchronized timestamps throughout your logs, determine the number of seconds that the timestamps are ahead of their actual time, and set `storage_ignore_timestamps_in_future_sec` to that value so data retention can proceed. . If you only find unsynchronized timestamps that are the result of transient behavior, you can disable `storage_ignore_timestamps_in_future_sec`.
INFO  2026-06-28 07:41:08,386 [shard 0:main] main - application.cc:740 - redpanda.storage_max_concurrent_replay:1024	- Maximum number of partitions' logs that will be replayed concurrently at startup, or flushed concurrently on shutdown.
INFO  2026-06-28 07:41:08,386 [shard 0:main] main - application.cc:740 - redpanda.storage_min_free_bytes:10485760	- Threshold of minimum bytes free space before rejecting producers.
INFO  2026-06-28 07:41:08,386 [shard 0:main] main - application.cc:740 - redpanda.storage_read_buffer_size:131072	- Size of each read buffer (one per in-flight read, per log segment).
INFO  2026-06-28 07:41:08,386 [shard 0:main] main - application.cc:740 - redpanda.storage_read_readahead_count:1	- How many additional reads to issue ahead of current read location.
INFO  2026-06-28 07:41:08,386 [shard 0:main] main - application.cc:740 - redpanda.storage_reserve_min_segments:2	- The number of segments per partition that the system will attempt to reserve disk capacity for. For example, if the maximum segment size is configured to be 100 MB, and the value of this option is 2, then in a system with 10 partitions Redpanda will attempt to reserve at least 2 GB of disk space.
INFO  2026-06-28 07:41:08,386 [shard 0:main] main - application.cc:740 - redpanda.storage_space_alert_free_threshold_bytes:0	- Threshold of minimum bytes free space before setting storage space alert.
INFO  2026-06-28 07:41:08,386 [shard 0:main] main - application.cc:740 - redpanda.storage_space_alert_free_threshold_percent:5	- Threshold of minimum percent free space before setting storage space alert.
INFO  2026-06-28 07:41:08,386 [shard 0:main] main - application.cc:740 - redpanda.storage_strict_data_init:0	- Requires that an empty file named `.redpanda_data_dir` be present in the broker configuration `data_directory`. If set to `true`, Redpanda will refuse to start if the file is not found in the data directory.
INFO  2026-06-28 07:41:08,386 [shard 0:main] main - application.cc:740 - redpanda.storage_target_replay_bytes:10737418240	- Target bytes to replay from disk on startup after clean shutdown: controls frequency of snapshots and checkpoints.
INFO  2026-06-28 07:41:08,386 [shard 0:main] main - application.cc:740 - redpanda.superusers:{}	- List of superuser usernames.
INFO  2026-06-28 07:41:08,386 [shard 0:main] main - application.cc:740 - redpanda.tls_certificate_name_format:legacy	- The format of the certificates's distinguished name to use for mTLS principal mapping.  Legacy format would appear as 'C=US,ST=California,L=San Francisco,O=Redpanda,CN=redpanda', while rfc2253 format would appear as 'CN=redpanda,O=Redpanda,L=San Francisco,ST=California,C=US'.
INFO  2026-06-28 07:41:08,386 [shard 0:main] main - application.cc:740 - redpanda.tls_enable_renegotiation:0	- TLS client-initiated renegotiation is considered unsafe and is by default disabled.  Only re-enable it if you are experiencing issues with your TLS-enabled client.  This option has no effect on TLSv1.3 connections as client-initiated renegotiation was removed.
INFO  2026-06-28 07:41:08,386 [shard 0:main] main - application.cc:740 - redpanda.tls_min_version:v1.2	- The minimum TLS version that Redpanda clusters support. This property prevents client applications from negotiating a downgrade to the TLS version when they make a connection to a Redpanda cluster.
INFO  2026-06-28 07:41:08,386 [shard 0:main] main - application.cc:740 - redpanda.tls_v1_2_cipher_suites:TLS_ECDHE_RSA_WITH_AES_128_GCM_SHA256:TLS_ECDHE_ECDSA_WITH_AES_128_GCM_SHA256:TLS_ECDHE_RSA_WITH_AES_256_GCM_SHA384:TLS_ECDHE_ECDSA_WITH_AES_256_GCM_SHA384:TLS_ECDHE_RSA_WITH_CHACHA20_POLY1305_SHA256:TLS_ECDHE_ECDSA_WITH_CHACHA20_POLY1305_SHA256	- Specifies the TLS 1.2 cipher suites available for external client connections as a colon-separated OpenSSL-compatible list. Configure this property to support legacy clients.
INFO  2026-06-28 07:41:08,386 [shard 0:main] main - application.cc:740 - redpanda.tls_v1_3_cipher_suites:TLS_AES_128_GCM_SHA256:TLS_AES_256_GCM_SHA384:TLS_CHACHA20_POLY1305_SHA256:TLS_AES_128_CCM_SHA256	- Specifies the TLS 1.3 cipher suites available for external client connections as a colon-separated OpenSSL-compatible list. Most deployments don't need to modify this setting. Configure this property only for specific organizational security policies.
INFO  2026-06-28 07:41:08,386 [shard 0:main] main - application.cc:740 - redpanda.tombstone_retention_ms:{nullopt}	- The retention time for tombstone records and transaction markers in a compacted topic.
INFO  2026-06-28 07:41:08,386 [shard 0:main] main - application.cc:740 - redpanda.topic_fds_per_partition:{5}	- File descriptors required per partition replica: topic creation is prevented if it would result in the ratio of file descriptor limit to partition replicas being lower than this value.
INFO  2026-06-28 07:41:08,386 [shard 0:main] main - application.cc:740 - redpanda.topic_label_aggregation_limit:{nullopt}	- When the number of topics exceeds this limit, the topic label in generated metrics will be aggregated. If `nullopt`, then there is no limit.
INFO  2026-06-28 07:41:08,386 [shard 0:main] main - application.cc:740 - redpanda.topic_memory_per_partition:{204800}	- Required memory in bytes per partition replica when creating or altering topics. The total size of the memory pool for partitions is the total memory available to Redpanda times topic_partitions_memory_allocation_percent, and then each partition created requires topic_memory_per_partition bytes from that pool. If insufficent memory is available, topic creation or alternation will fail.
INFO  2026-06-28 07:41:08,386 [shard 0:main] main - application.cc:740 - redpanda.topic_partitions_memory_allocation_percent:10	- Percentage of total memory to reserve for topic partitions. See topic_memory_per_partition for details.
INFO  2026-06-28 07:41:08,386 [shard 0:main] main - application.cc:740 - redpanda.topic_partitions_per_shard:1000	- Maximum partition replicas per shard: topic creation is prevented if it would result in the ratio of partition replicas to shards being higher than this value.
INFO  2026-06-28 07:41:08,386 [shard 0:main] main - application.cc:740 - redpanda.topic_partitions_reserve_shard0:0	- Reserved partition slots on shard (CPU core) 0 on each node.  If this is >= topic_partitions_per_shard, no data partitions will be scheduled on shard 0
INFO  2026-06-28 07:41:08,386 [shard 0:main] main - application.cc:740 - redpanda.transaction_coordinator_cleanup_policy:delete	- Cleanup policy for a transaction coordinator topic. Accepted Values: `compact`, `delete`, `["compact","delete"]`, `none`
INFO  2026-06-28 07:41:08,386 [shard 0:main] main - application.cc:740 - redpanda.transaction_coordinator_delete_retention_ms:604800000ms	- Delete segments older than this age. To ensure transaction state is retained as long as the longest-running transaction, make sure this is no less than `transactional_id_expiration_ms`.
INFO  2026-06-28 07:41:08,386 [shard 0:main] main - application.cc:740 - redpanda.transaction_coordinator_log_segment_size:1073741824	- The size (in bytes) each log segment should be.
INFO  2026-06-28 07:41:08,386 [shard 0:main] main - application.cc:740 - redpanda.transaction_coordinator_partitions:50	- Number of partitions for transactions coordinator.
INFO  2026-06-28 07:41:08,386 [shard 0:main] main - application.cc:740 - redpanda.transaction_max_timeout_ms:900000ms	- The maximum allowed timeout for transactions. If a client-requested transaction timeout exceeds this configuration, the broker returns an error during transactional producer initialization. This guardrail prevents hanging transactions from blocking consumer progress.
INFO  2026-06-28 07:41:08,386 [shard 0:main] main - application.cc:740 - redpanda.transactional_id_expiration_ms:604800000ms	- Expiration time of producer IDs. Measured starting from the time of the last write until now for a given ID. Producer IDs are automatically removed from memory when they expire, which helps manage memory usage. However, this natural cleanup may not be sufficient for workloads with high producer churn rates. For applications with long-running transactions, ensure this value accommodates your typical transaction lifetime to avoid premature producer ID expiration.
INFO  2026-06-28 07:41:08,386 [shard 0:main] main - application.cc:740 - redpanda.tx_log_stats_interval_s:10s	- How often to log per partition tx stats, works only with debug logging enabled.
INFO  2026-06-28 07:41:08,386 [shard 0:main] main - application.cc:740 - redpanda.tx_timeout_delay_ms:1000ms	- Delay before scheduling the next check for timed out transactions.
INFO  2026-06-28 07:41:08,386 [shard 0:main] main - application.cc:740 - redpanda.unsafe_enable_consumer_offsets_delete_retention:0	- Enables delete retention of consumer offsets topic. This is an internal-only configuration and should be enabled only after consulting with Redpanda support.
INFO  2026-06-28 07:41:08,386 [shard 0:main] main - application.cc:740 - redpanda.usage_disk_persistance_interval_sec:300s	- The interval in which all usage stats are written to disk.
INFO  2026-06-28 07:41:08,386 [shard 0:main] main - application.cc:740 - redpanda.usage_num_windows:24	- The number of windows to persist in memory and disk.
INFO  2026-06-28 07:41:08,386 [shard 0:main] main - application.cc:740 - redpanda.usage_window_width_interval_sec:3600s	- The width of a usage window, tracking cloud and kafka ingress/egress traffic each interval.
INFO  2026-06-28 07:41:08,386 [shard 0:main] main - application.cc:740 - redpanda.use_fetch_scheduler_group:1	- Use a separate scheduler group for fetch processing.
INFO  2026-06-28 07:41:08,386 [shard 0:main] main - application.cc:740 - redpanda.use_kafka_handler_scheduler_group:1	- Use separate scheduler group to handle parsing Kafka protocol requests
INFO  2026-06-28 07:41:08,386 [shard 0:main] main - application.cc:740 - redpanda.use_produce_scheduler_group:1	- Use a separate scheduler group for kafka produce requests processing.
INFO  2026-06-28 07:41:08,386 [shard 0:main] main - application.cc:740 - redpanda.virtual_cluster_min_producer_ids:18446744073709551615	- Minimum number of active producers per virtual cluster.
INFO  2026-06-28 07:41:08,386 [shard 0:main] main - application.cc:740 - redpanda.write_caching_default:true	- The default write caching mode to apply to user topics. Write caching acknowledges a message as soon as it is received and acknowledged on a majority of brokers, without waiting for it to be written to disk. With `acks=all`, this provides lower latency while still ensuring that a majority of brokers acknowledge the write. Fsyncs follow `raft_replica_max_pending_flush_bytes` and `raft_replica_max_flush_delay_ms`, whichever is reached first. The `write_caching_default` cluster property can be overridden with the `write.caching` topic property. Accepted values: * `true` * `false` * `disabled`: This takes precedence over topic overrides and disables write caching for the entire cluster.
INFO  2026-06-28 07:41:08,386 [shard 0:main] main - application.cc:740 - redpanda.zstd_decompress_workspace_bytes:8388608	- Size of the zstd decompression workspace.
INFO  2026-06-28 07:41:08,386 [shard 0:main] main - application.cc:752 - Node configuration properties:
INFO  2026-06-28 07:41:08,386 [shard 0:main] main - application.cc:753 - (use `rpk redpanda config set <cfg> <value>` to change)
INFO  2026-06-28 07:41:08,386 [shard 0:main] main - application.cc:740 - redpanda.admin:{{:{host: 0.0.0.0, port: 9644}}}	- Network address for the Admin API[] server.
INFO  2026-06-28 07:41:08,386 [shard 0:main] main - application.cc:740 - redpanda.admin_api_doc_dir:/usr/share/redpanda/admin-api-doc	- Path to the API specifications for the Admin API.
INFO  2026-06-28 07:41:08,386 [shard 0:main] main - application.cc:740 - redpanda.admin_api_tls:{}	- Specifies the TLS configuration for the HTTP Admin API.
INFO  2026-06-28 07:41:08,386 [shard 0:main] main - application.cc:740 - redpanda.advertised_kafka_api:{{internal:{host: redpanda, port: 9092}}, {external:{host: localhost, port: 19092}}}	- Address of Kafka API published to the clients
INFO  2026-06-28 07:41:08,386 [shard 0:main] main - application.cc:740 - redpanda.advertised_rpc_api:{{host: 127.0.0.1, port: 33145}}	- Address of RPC endpoint published to other cluster members
INFO  2026-06-28 07:41:08,386 [shard 0:main] main - application.cc:740 - redpanda.cloud_storage_cache_directory:{nullopt}	- Directory for archival cache. Should be present when `cloud_storage_enabled` is present
INFO  2026-06-28 07:41:08,386 [shard 0:main] main - application.cc:740 - redpanda.cloud_storage_inventory_hash_path_directory:{nullopt}	- Directory to store inventory report hashes for use by cloud storage scrubber
INFO  2026-06-28 07:41:08,386 [shard 0:main] main - application.cc:740 - redpanda.coproc_supervisor_server:	- 
INFO  2026-06-28 07:41:08,386 [shard 0:main] main - application.cc:740 - redpanda.crash_loop_limit:{5}	- A limit on the number of consecutive times a broker can crash within one hour before its crash-tracking logic is reset. This limit prevents a broker from getting stuck in an infinite cycle of crashes. For more information see https://docs.redpanda.com/current/reference/properties/broker-properties/#crash_loop_limit.
INFO  2026-06-28 07:41:08,386 [shard 0:main] main - application.cc:740 - redpanda.crash_loop_sleep_sec:{nullopt}	- The amount of time the broker sleeps before terminating the process when it reaches the number of consecutive times a broker can crash. For more information, see https://docs.redpanda.com/current/reference/properties/broker-properties/#crash_loop_limit.
INFO  2026-06-28 07:41:08,386 [shard 0:main] main - application.cc:740 - redpanda.dashboard_dir:	- 
INFO  2026-06-28 07:41:08,386 [shard 0:main] main - application.cc:740 - redpanda.data_directory:{data_directory="/var/lib/redpanda/data"}	- Path to the directory for storing Redpanda's streaming data files.
INFO  2026-06-28 07:41:08,386 [shard 0:main] main - application.cc:740 - redpanda.developer_mode:1	- Skips most of the checks performed at startup, not recomended for production use
INFO  2026-06-28 07:41:08,386 [shard 0:main] main - application.cc:740 - redpanda.emergency_disable_data_transforms:0	- Override the cluster property `data_transforms_enabled` and disable Wasm-powered data transforms. This is an emergency shutoff button.
INFO  2026-06-28 07:41:08,386 [shard 0:main] main - application.cc:740 - redpanda.empty_seed_starts_cluster:1	- Controls how a new cluster is formed. All brokers in a cluster must have the same value. See how the `empty_seed_starts_cluster` setting works with the `seed_servers` setting to form a cluster. For backward compatibility, `true` is the default. Redpanda recommends using `false` in production environments to prevent accidental cluster formation.
INFO  2026-06-28 07:41:08,386 [shard 0:main] main - application.cc:740 - redpanda.enable_central_config:	- 
INFO  2026-06-28 07:41:08,386 [shard 0:main] main - application.cc:740 - redpanda.fips_mode:disabled	- Controls whether Redpanda starts in FIPS mode.  This property allows for three values: `disabled` - Redpanda does not start in FIPS mode. `permissive` - Redpanda performs the same check as enabled, but a warning is logged, and Redpanda continues to run. Redpanda loads the OpenSSL FIPS provider into the OpenSSL library. After this completes, Redpanda is operating in FIPS mode, which means that the TLS cipher suites available to users are limited to the TLSv1.2 and TLSv1.3 NIST-approved cryptographic methods. `enabled` - Redpanda verifies that the operating system is enabled for FIPS by checking `/proc/sys/crypto/fips_enabled`. If the file does not exist or does not return `1`, Redpanda immediately exits.
INFO  2026-06-28 07:41:08,386 [shard 0:main] main - application.cc:740 - redpanda.kafka_api:{{internal:{host: 0.0.0.0, port: 9092}:{nullopt}}, {external:{host: 0.0.0.0, port: 19092}:{nullopt}}}	- IP address and port of the Kafka API endpoint that handles requests.
INFO  2026-06-28 07:41:08,386 [shard 0:main] main - application.cc:740 - redpanda.kafka_api_tls:{}	- Transport Layer Security (TLS) configuration for the Kafka API endpoint.
INFO  2026-06-28 07:41:08,386 [shard 0:main] main - application.cc:740 - redpanda.memory_allocation_warning_threshold:{131073}	- Threshold for log messages that contain a larger memory allocation than specified.
INFO  2026-06-28 07:41:08,386 [shard 0:main] main - application.cc:740 - redpanda.node_id:{nullopt}	- A number that uniquely identifies the broker within the cluster. If `null` (the default value), Redpanda automatically assigns an ID. If set, it must be non-negative value. The `node_id` property must not be changed after a broker joins the cluster.
INFO  2026-06-28 07:41:08,386 [shard 0:main] main - application.cc:740 - redpanda.node_id_overrides:{}	- List of node ID and UUID overrides to be applied at broker startup. Each entry includes the current UUID and desired ID and UUID. Each entry applies to a given node if and only if 'current' matches that node's current UUID.
INFO  2026-06-28 07:41:08,386 [shard 0:main] main - application.cc:740 - redpanda.openssl_config_file:{nullopt}	- Path to the configuration file used by OpenSSL to properly load the FIPS-compliant module.
INFO  2026-06-28 07:41:08,386 [shard 0:main] main - application.cc:740 - redpanda.openssl_module_directory:{nullopt}	- Path to the directory that contains the OpenSSL FIPS-compliant module. The filename that Redpanda looks for is `fips.so`.
INFO  2026-06-28 07:41:08,386 [shard 0:main] main - application.cc:740 - redpanda.rack:{nullopt}	- A label that identifies a failure zone. Apply the same label to all brokers in the same failure zone. When `enable_rack_awareness` is set to `true` at the cluster level, the system uses the rack labels to spread partition replicas across different failure zones.
INFO  2026-06-28 07:41:08,386 [shard 0:main] main - application.cc:740 - redpanda.recovery_mode_enabled:0	- If `true`, start Redpanda in recovery mode, where user partitions are not loaded and only administrative operations are allowed.
INFO  2026-06-28 07:41:08,386 [shard 0:main] main - application.cc:740 - redpanda.rpc_server:{host: 0.0.0.0, port: 33145}	- IP address and port for the Remote Procedure Call (RPC) server.
INFO  2026-06-28 07:41:08,386 [shard 0:main] main - application.cc:740 - redpanda.rpc_server_tls:{ enabled: 0 key/cert files: {nullopt} ca file: {nullopt} crl file: {nullopt} client_auth_required: 0 }	- TLS configuration for the RPC server.
INFO  2026-06-28 07:41:08,386 [shard 0:main] main - application.cc:740 - redpanda.seed_servers:{}	- List of the seed servers used to join current cluster. If the `seed_servers` list is empty the node will be a cluster root and it will form a new cluster. When `empty_seed_starts_cluster` is `true`, Redpanda enables one broker with an empty `seed_servers` list to initiate a new cluster. The broker with an empty `seed_servers` becomes the cluster root, to which other brokers must connect to join the cluster.  Brokers looking to join the cluster should have their `seed_servers` populated with the cluster root's address, facilitating their connection to the cluster. Only one broker, the designated cluster root, should have an empty `seed_servers` list during the initial cluster bootstrapping. This ensures a single initiation point for cluster formation. When `empty_seed_starts_cluster` is `false`, Redpanda requires all brokers to start with a known set of brokers listed in `seed_servers`. The `seed_servers` list must not be empty and should be identical across these initial seed brokers, containing the addresses of all seed brokers. Brokers not included in the `seed_servers` list use it to discover and join the cluster, allowing for expansion beyond the foundational members. The `seed_servers` list must be consistent across all seed brokers to prevent cluster fragmentation and ensure stable cluster formation.
INFO  2026-06-28 07:41:08,386 [shard 0:main] main - application.cc:740 - redpanda.storage_failure_injection_config_path:{nullopt}	- Path to the configuration file used for low level storage failure injection.
INFO  2026-06-28 07:41:08,386 [shard 0:main] main - application.cc:740 - redpanda.storage_failure_injection_enabled:0	- If `true`, inject low level storage failures on the write path. Do _not_ use for production instances.
INFO  2026-06-28 07:41:08,386 [shard 0:main] main - application.cc:740 - redpanda.upgrade_override_checks:0	- Whether to violate safety checks when starting a Redpanda version newer than the cluster's consensus version.
INFO  2026-06-28 07:41:08,386 [shard 0:main] main - application.cc:740 - redpanda.verbose_logging_timeout_sec_max:{nullopt}	- Maximum duration in seconds for verbose (`TRACE` or `DEBUG`) logging. Values configured above this will be clamped. If null (the default) there is no limit. Can be overridden in the Admin API on a per-request basis.
INFO  2026-06-28 07:41:08,386 [shard 0:main] main - application.cc:740 - pandaproxy.advertised_pandaproxy_api:{}	- Network address for the HTTP Proxy API server to publish to clients.
INFO  2026-06-28 07:41:08,386 [shard 0:main] main - application.cc:740 - pandaproxy.api_doc_dir:/usr/share/redpanda/proxy-api-doc	- Path to the API specifications for the HTTP Proxy API.
INFO  2026-06-28 07:41:08,386 [shard 0:main] main - application.cc:740 - pandaproxy.client_cache_max_size:10	- The maximum number of Kafka client connections that Redpanda can cache in the LRU (least recently used) cache. The LRU cache helps optimize resource utilization by keeping the most recently used clients in memory, facilitating quicker reconnections for frequent clients while limiting memory usage.
INFO  2026-06-28 07:41:08,386 [shard 0:main] main - application.cc:740 - pandaproxy.client_keep_alive:300000ms	- Time, in milliseconds, that an idle client connection may remain open to the HTTP Proxy API.
INFO  2026-06-28 07:41:08,386 [shard 0:main] main - application.cc:740 - pandaproxy.consumer_instance_timeout_ms:300000ms	- How long to wait for an idle consumer before removing it. A consumer is considered idle when it's not making requests or heartbeats.
INFO  2026-06-28 07:41:08,386 [shard 0:main] main - application.cc:740 - pandaproxy.pandaproxy_api:{{:{host: 0.0.0.0, port: 8082}:<nullopt>}}	- Rest API listen address and port
INFO  2026-06-28 07:41:08,386 [shard 0:main] main - application.cc:740 - pandaproxy.pandaproxy_api_tls:{}	- TLS configuration for Pandaproxy api.
INFO  2026-06-28 07:41:08,386 [shard 0:main] main - application.cc:740 - pandaproxy_client.broker_tls:{ enabled: 0 key/cert files: {nullopt} ca file: {nullopt} crl file: {nullopt} client_auth_required: 0 }	- TLS configuration for the Kafka API servers to which the HTTP Proxy client should connect.
INFO  2026-06-28 07:41:08,386 [shard 0:main] main - application.cc:740 - pandaproxy_client.brokers:{{host: 0.0.0.0, port: 9092}}	- Network addresses of the Kafka API servers to which the HTTP Proxy client should connect.
INFO  2026-06-28 07:41:08,386 [shard 0:main] main - application.cc:740 - pandaproxy_client.client_identifier:{pandaproxy_client}	- Custom identifier to include in the Kafka request header for the HTTP Proxy client. This identifier can help debug or monitor client activities.
INFO  2026-06-28 07:41:08,386 [shard 0:main] main - application.cc:740 - pandaproxy_client.consumer_heartbeat_interval_ms:500ms	- Interval (in milliseconds) for consumer heartbeats.
INFO  2026-06-28 07:41:08,386 [shard 0:main] main - application.cc:740 - pandaproxy_client.consumer_rebalance_timeout_ms:2000ms	- Timeout (in milliseconds) for consumer rebalance.
INFO  2026-06-28 07:41:08,386 [shard 0:main] main - application.cc:740 - pandaproxy_client.consumer_request_max_bytes:1048576	- Maximum bytes to fetch per request.
INFO  2026-06-28 07:41:08,386 [shard 0:main] main - application.cc:740 - pandaproxy_client.consumer_request_min_bytes:1	- Minimum bytes to fetch per request.
INFO  2026-06-28 07:41:08,386 [shard 0:main] main - application.cc:740 - pandaproxy_client.consumer_request_timeout_ms:100ms	- Interval (in milliseconds) for consumer request timeout.
INFO  2026-06-28 07:41:08,386 [shard 0:main] main - application.cc:740 - pandaproxy_client.consumer_session_timeout_ms:300000ms	- Timeout (in milliseconds) for consumer session.
INFO  2026-06-28 07:41:08,386 [shard 0:main] main - application.cc:740 - pandaproxy_client.produce_ack_level:-1	- Number of acknowledgments the producer requires the leader to have received before considering a request complete.
INFO  2026-06-28 07:41:08,386 [shard 0:main] main - application.cc:740 - pandaproxy_client.produce_batch_delay_ms:100ms	- Delay (in milliseconds) to wait before sending batch.
INFO  2026-06-28 07:41:08,386 [shard 0:main] main - application.cc:740 - pandaproxy_client.produce_batch_record_count:1000	- Number of records to batch before sending to broker.
INFO  2026-06-28 07:41:08,386 [shard 0:main] main - application.cc:740 - pandaproxy_client.produce_batch_size_bytes:1048576	- Number of bytes to batch before sending to broker.
INFO  2026-06-28 07:41:08,386 [shard 0:main] main - application.cc:740 - pandaproxy_client.produce_compression_type:none	- Enable or disable compression by the Kafka client. Specify `none` to disable compression or one of the supported types [gzip, snappy, lz4, zstd].
INFO  2026-06-28 07:41:08,386 [shard 0:main] main - application.cc:740 - pandaproxy_client.produce_shutdown_delay_ms:0ms	- Delay (in milliseconds) to allow for final flush of buffers before shutting down.
INFO  2026-06-28 07:41:08,386 [shard 0:main] main - application.cc:740 - pandaproxy_client.retries:5	- Number of times to retry a request to a broker.
INFO  2026-06-28 07:41:08,386 [shard 0:main] main - application.cc:740 - pandaproxy_client.retry_base_backoff_ms:100ms	- Delay (in milliseconds) for initial retry backoff.
INFO  2026-06-28 07:41:08,386 [shard 0:main] main - application.cc:740 - pandaproxy_client.sasl_mechanism:	- The SASL mechanism to use when the HTTP Proxy client connects to the Kafka API. These credentials are used when the HTTP Proxy API listener has `authentication_method: none` but the cluster requires authenticated access to the Kafka API. Starting in Redpanda 25.2, ephemeral credentials for HTTP Proxy are removed. If your HTTP Proxy listeners use `authentication_method: none`, you must configure these SASL properties for HTTP Proxy to authenticate with the Kafka API. For more information, see https://docs.redpanda.com/current/manage/security/authentication/
INFO  2026-06-28 07:41:08,386 [shard 0:main] main - application.cc:740 - pandaproxy_client.scram_password:	- Password to use for SCRAM authentication mechanisms when the HTTP Proxy client connects to the Kafka API. This property is required when the HTTP Proxy API listener has `authentication_method: none` but the cluster requires authenticated access to the Kafka API. Starting in Redpanda 25.2, ephemeral credentials for HTTP Proxy are removed. You must configure this property if your HTTP Proxy listeners use `authentication_method: none`.
INFO  2026-06-28 07:41:08,386 [shard 0:main] main - application.cc:740 - pandaproxy_client.scram_username:	- Username to use for SCRAM authentication mechanisms when the HTTP Proxy client connects to the Kafka API. This property is required when the HTTP Proxy API listener has `authentication_method: none` but the cluster requires authenticated access to the Kafka API. Starting in Redpanda 25.2, ephemeral credentials for HTTP Proxy are removed. You must configure this property if your HTTP Proxy listeners use `authentication_method: none`.
INFO  2026-06-28 07:41:08,386 [shard 0:main] main - application.cc:740 - schema_registry.api_doc_dir:/usr/share/redpanda/proxy-api-doc	- API doc directory
INFO  2026-06-28 07:41:08,386 [shard 0:main] main - application.cc:740 - schema_registry.mode_mutability:1	- Enable modifications to the read-only `mode` of the Schema Registry.When set to `true`, the entire Schema Registry or its subjects can be switched to `READONLY` or `READWRITE`. This property is useful for preventing unwanted changes to the entire Schema Registry or specific subjects.
INFO  2026-06-28 07:41:08,386 [shard 0:main] main - application.cc:740 - schema_registry.schema_registry_api:{{:{host: 0.0.0.0, port: 8081}:<nullopt>}}	- Schema Registry API listener address and port
INFO  2026-06-28 07:41:08,386 [shard 0:main] main - application.cc:740 - schema_registry.schema_registry_api_tls:{}	- TLS configuration for Schema Registry API.
INFO  2026-06-28 07:41:08,386 [shard 0:main] main - application.cc:740 - schema_registry.schema_registry_replication_factor:{nullopt}	- Replication factor for internal `_schemas` topic.  If unset, defaults to `default_topic_replication`.
INFO  2026-06-28 07:41:08,386 [shard 0:main] main - application.cc:740 - schema_registry_client.broker_tls:{ enabled: 0 key/cert files: {nullopt} ca file: {nullopt} crl file: {nullopt} client_auth_required: 0 }	- TLS configuration for the Kafka API servers to which the HTTP Proxy client should connect.
INFO  2026-06-28 07:41:08,386 [shard 0:main] main - application.cc:740 - schema_registry_client.brokers:{{host: 0.0.0.0, port: 9092}}	- Network addresses of the Kafka API servers to which the HTTP Proxy client should connect.
INFO  2026-06-28 07:41:08,386 [shard 0:main] main - application.cc:740 - schema_registry_client.client_identifier:{schema_registry_client}	- Custom identifier to include in the Kafka request header for the HTTP Proxy client. This identifier can help debug or monitor client activities.
INFO  2026-06-28 07:41:08,386 [shard 0:main] main - application.cc:740 - schema_registry_client.consumer_heartbeat_interval_ms:500ms	- Interval (in milliseconds) for consumer heartbeats.
INFO  2026-06-28 07:41:08,386 [shard 0:main] main - application.cc:740 - schema_registry_client.consumer_rebalance_timeout_ms:2000ms	- Timeout (in milliseconds) for consumer rebalance.
INFO  2026-06-28 07:41:08,386 [shard 0:main] main - application.cc:740 - schema_registry_client.consumer_request_max_bytes:1048576	- Maximum bytes to fetch per request.
INFO  2026-06-28 07:41:08,386 [shard 0:main] main - application.cc:740 - schema_registry_client.consumer_request_min_bytes:1	- Minimum bytes to fetch per request.
INFO  2026-06-28 07:41:08,386 [shard 0:main] main - application.cc:740 - schema_registry_client.consumer_request_timeout_ms:100ms	- Interval (in milliseconds) for consumer request timeout.
INFO  2026-06-28 07:41:08,386 [shard 0:main] main - application.cc:740 - schema_registry_client.consumer_session_timeout_ms:10000ms	- Timeout (in milliseconds) for consumer session.
INFO  2026-06-28 07:41:08,386 [shard 0:main] main - application.cc:740 - schema_registry_client.produce_ack_level:-1	- Number of acknowledgments the producer requires the leader to have received before considering a request complete.
INFO  2026-06-28 07:41:08,386 [shard 0:main] main - application.cc:740 - schema_registry_client.produce_batch_delay_ms:0ms	- Delay (in milliseconds) to wait before sending batch.
INFO  2026-06-28 07:41:08,386 [shard 0:main] main - application.cc:740 - schema_registry_client.produce_batch_record_count:0	- Number of records to batch before sending to broker.
INFO  2026-06-28 07:41:08,386 [shard 0:main] main - application.cc:740 - schema_registry_client.produce_batch_size_bytes:0	- Number of bytes to batch before sending to broker.
INFO  2026-06-28 07:41:08,386 [shard 0:main] main - application.cc:740 - schema_registry_client.produce_compression_type:none	- Enable or disable compression by the Kafka client. Specify `none` to disable compression or one of the supported types [gzip, snappy, lz4, zstd].
INFO  2026-06-28 07:41:08,386 [shard 0:main] main - application.cc:740 - schema_registry_client.produce_shutdown_delay_ms:0ms	- Delay (in milliseconds) to allow for final flush of buffers before shutting down.
INFO  2026-06-28 07:41:08,386 [shard 0:main] main - application.cc:740 - schema_registry_client.retries:5	- Number of times to retry a request to a broker.
INFO  2026-06-28 07:41:08,386 [shard 0:main] main - application.cc:740 - schema_registry_client.retry_base_backoff_ms:100ms	- Delay (in milliseconds) for initial retry backoff.
INFO  2026-06-28 07:41:08,386 [shard 0:main] main - application.cc:740 - schema_registry_client.sasl_mechanism:	- The SASL mechanism to use when the HTTP Proxy client connects to the Kafka API. These credentials are used when the HTTP Proxy API listener has `authentication_method: none` but the cluster requires authenticated access to the Kafka API. Starting in Redpanda 25.2, ephemeral credentials for HTTP Proxy are removed. If your HTTP Proxy listeners use `authentication_method: none`, you must configure these SASL properties for HTTP Proxy to authenticate with the Kafka API. For more information, see https://docs.redpanda.com/current/manage/security/authentication/
INFO  2026-06-28 07:41:08,386 [shard 0:main] main - application.cc:740 - schema_registry_client.scram_password:	- Password to use for SCRAM authentication mechanisms when the HTTP Proxy client connects to the Kafka API. This property is required when the HTTP Proxy API listener has `authentication_method: none` but the cluster requires authenticated access to the Kafka API. Starting in Redpanda 25.2, ephemeral credentials for HTTP Proxy are removed. You must configure this property if your HTTP Proxy listeners use `authentication_method: none`.
INFO  2026-06-28 07:41:08,386 [shard 0:main] main - application.cc:740 - schema_registry_client.scram_username:	- Username to use for SCRAM authentication mechanisms when the HTTP Proxy client connects to the Kafka API. This property is required when the HTTP Proxy API listener has `authentication_method: none` but the cluster requires authenticated access to the Kafka API. Starting in Redpanda 25.2, ephemeral credentials for HTTP Proxy are removed. You must configure this property if your HTTP Proxy listeners use `authentication_method: none`.
INFO  2026-06-28 07:41:08,386 [shard 0:main] main - application.cc:740 - audit_log_client.broker_tls:{ enabled: 0 key/cert files: {nullopt} ca file: {nullopt} crl file: {nullopt} client_auth_required: 0 }	- TLS configuration for the Kafka API servers to which the HTTP Proxy client should connect.
INFO  2026-06-28 07:41:08,386 [shard 0:main] main - application.cc:740 - audit_log_client.brokers:{{host: 0.0.0.0, port: 9092}}	- Network addresses of the Kafka API servers to which the HTTP Proxy client should connect.
INFO  2026-06-28 07:41:08,386 [shard 0:main] main - application.cc:740 - audit_log_client.client_identifier:{audit_log_client}	- Custom identifier to include in the Kafka request header for the HTTP Proxy client. This identifier can help debug or monitor client activities.
INFO  2026-06-28 07:41:08,386 [shard 0:main] main - application.cc:740 - audit_log_client.consumer_heartbeat_interval_ms:500ms	- Interval (in milliseconds) for consumer heartbeats.
INFO  2026-06-28 07:41:08,386 [shard 0:main] main - application.cc:740 - audit_log_client.consumer_rebalance_timeout_ms:2000ms	- Timeout (in milliseconds) for consumer rebalance.
INFO  2026-06-28 07:41:08,386 [shard 0:main] main - application.cc:740 - audit_log_client.consumer_request_max_bytes:1048576	- Maximum bytes to fetch per request.
INFO  2026-06-28 07:41:08,386 [shard 0:main] main - application.cc:740 - audit_log_client.consumer_request_min_bytes:1	- Minimum bytes to fetch per request.
INFO  2026-06-28 07:41:08,386 [shard 0:main] main - application.cc:740 - audit_log_client.consumer_request_timeout_ms:100ms	- Interval (in milliseconds) for consumer request timeout.
INFO  2026-06-28 07:41:08,386 [shard 0:main] main - application.cc:740 - audit_log_client.consumer_session_timeout_ms:10000ms	- Timeout (in milliseconds) for consumer session.
INFO  2026-06-28 07:41:08,386 [shard 0:main] main - application.cc:740 - audit_log_client.produce_ack_level:1	- Number of acknowledgments the producer requires the leader to have received before considering a request complete.
INFO  2026-06-28 07:41:08,386 [shard 0:main] main - application.cc:740 - audit_log_client.produce_batch_delay_ms:0ms	- Delay (in milliseconds) to wait before sending batch.
INFO  2026-06-28 07:41:08,386 [shard 0:main] main - application.cc:740 - audit_log_client.produce_batch_record_count:0	- Number of records to batch before sending to broker.
INFO  2026-06-28 07:41:08,386 [shard 0:main] main - application.cc:740 - audit_log_client.produce_batch_size_bytes:0	- Number of bytes to batch before sending to broker.
INFO  2026-06-28 07:41:08,386 [shard 0:main] main - application.cc:740 - audit_log_client.produce_compression_type:zstd	- Enable or disable compression by the Kafka client. Specify `none` to disable compression or one of the supported types [gzip, snappy, lz4, zstd].
INFO  2026-06-28 07:41:08,386 [shard 0:main] main - application.cc:740 - audit_log_client.produce_shutdown_delay_ms:3000ms	- Delay (in milliseconds) to allow for final flush of buffers before shutting down.
INFO  2026-06-28 07:41:08,386 [shard 0:main] main - application.cc:740 - audit_log_client.retries:5	- Number of times to retry a request to a broker.
INFO  2026-06-28 07:41:08,386 [shard 0:main] main - application.cc:740 - audit_log_client.retry_base_backoff_ms:100ms	- Delay (in milliseconds) for initial retry backoff.
INFO  2026-06-28 07:41:08,386 [shard 0:main] main - application.cc:740 - audit_log_client.sasl_mechanism:	- The SASL mechanism to use when the HTTP Proxy client connects to the Kafka API. These credentials are used when the HTTP Proxy API listener has `authentication_method: none` but the cluster requires authenticated access to the Kafka API. Starting in Redpanda 25.2, ephemeral credentials for HTTP Proxy are removed. If your HTTP Proxy listeners use `authentication_method: none`, you must configure these SASL properties for HTTP Proxy to authenticate with the Kafka API. For more information, see https://docs.redpanda.com/current/manage/security/authentication/
INFO  2026-06-28 07:41:08,386 [shard 0:main] main - application.cc:740 - audit_log_client.scram_password:	- Password to use for SCRAM authentication mechanisms when the HTTP Proxy client connects to the Kafka API. This property is required when the HTTP Proxy API listener has `authentication_method: none` but the cluster requires authenticated access to the Kafka API. Starting in Redpanda 25.2, ephemeral credentials for HTTP Proxy are removed. You must configure this property if your HTTP Proxy listeners use `authentication_method: none`.
INFO  2026-06-28 07:41:08,386 [shard 0:main] main - application.cc:740 - audit_log_client.scram_username:	- Username to use for SCRAM authentication mechanisms when the HTTP Proxy client connects to the Kafka API. This property is required when the HTTP Proxy API listener has `authentication_method: none` but the cluster requires authenticated access to the Kafka API. Starting in Redpanda 25.2, ephemeral credentials for HTTP Proxy are removed. You must configure this property if your HTTP Proxy listeners use `authentication_method: none`.
INFO  2026-06-28 07:41:08,387 [shard 0:main] crash_tracker - recorder.cc:71 - Creating crash report directory /var/lib/redpanda/data/crash_reports
INFO  2026-06-28 07:41:08,389 [shard 0:main] seastar - Enabling heap profiler - using 3000037 bytes sampling rate
INFO  2026-06-28 07:41:08,390 [shard 1:main] seastar - Enabling heap profiler - using 3000037 bytes sampling rate
INFO  2026-06-28 07:41:08,390 [shard 0:main] main - application.cc:414 - Setting abort_on_allocation_failure (abort on OOM): true
INFO  2026-06-28 07:41:08,393 [shard 0:main] syschecks - Writing pid file "/var/lib/redpanda/data/pid.lock"
INFO  2026-06-28 07:41:08,395 [shard 0:main] main - Per shard memory group allocations: total memory: 2.000GiB, total memory minus pre-share reservations: 1.425GiB, chunk cache: 251.586MiB, kafka: 503.172MiB, rpc: 335.448MiB, recovery: 167.724MiB, tiered storage: 167.724MiB, admin: 33.545MiB, data transforms: 0.000bytes, compaction: 128.000MiB, cloud topics compaction: 128.000MiB, cloud topics reconciler: 128.000MiB, datalake: 0.000bytes, partitions: 204.800MiB
INFO  2026-06-28 07:41:08,395 [shard 0:main] storage - api.cc:70 - Checking `/var/lib/redpanda/data` for supported filesystems
INFO  2026-06-28 07:41:08,396 [shard 0:main] syschecks - Detected file system type is ext2
WARN  2026-06-28 07:41:08,396 [shard 0:main] syschecks - Path: `/var/lib/redpanda/data' is on ext4, not XFS. This will probably work, but Redpanda is only tested on XFS and XFS is recommended for best performance.
INFO  2026-06-28 07:41:08,396 [shard 0:main] cloud_io - cache_service.cc:2022 - Creating cache directory "/var/lib/redpanda/data/cloud_storage_cache"
INFO  2026-06-28 07:41:08,415 [shard 0:main] rpc - server.cc:44 - Creating net::server for internal_rpc with config {{://0.0.0.0:33145:PLAINTEXT}, max_service_memory_per_core: 351743000, metrics_enabled:true, listen_backlog:{nullopt}, tcp_recv_buf:{nullopt}, tcp_send_buf:{nullopt}, stream_recv_buf:{nullopt}}
INFO  2026-06-28 07:41:08,415 [shard 1:main] rpc - server.cc:44 - Creating net::server for internal_rpc with config {{://0.0.0.0:33145:PLAINTEXT}, max_service_memory_per_core: 351743000, metrics_enabled:true, listen_backlog:{nullopt}, tcp_recv_buf:{nullopt}, tcp_send_buf:{nullopt}, stream_recv_buf:{nullopt}}
INFO  2026-06-28 07:41:08,418 [shard 0:main] features - feature_table.cc:506 - Activating features from bootstrap version 17
INFO  2026-06-28 07:41:08,418 [shard 0:main] main - application_bootstrap.cc:337 - Generated new UUID for node: 19b0dcf3-695f-4483-b215-f78da119d5b9
INFO  2026-06-28 07:41:08,428 [shard 0:main] storage - segment.cc:849 - Creating new segment /var/lib/redpanda/data/redpanda/kvstore/0_0/0-0-v1.log
INFO  2026-06-28 07:41:08,432 [shard 0:main] main - application_bootstrap.cc:386 - Started RPC server listening at {host: 0.0.0.0, port: 33145}
INFO  2026-06-28 07:41:08,432 [shard 0:main] main - application_bootstrap.cc:514 - Starting Redpanda with node_id 0, cluster UUID {nullopt}
INFO  2026-06-28 07:41:08,433 [shard 0:main] raft - coordinated_recovery_throttle.cc:157 - Starting recovery throttle, rate: 104857600
INFO  2026-06-28 07:41:08,433 [shard 1:main] raft - coordinated_recovery_throttle.cc:157 - Starting recovery throttle, rate: 104857600
INFO  2026-06-28 07:41:08,433 [shard 0:main] cluster - producer_state_manager.cc:45 - Started producer state manager
INFO  2026-06-28 07:41:08,433 [shard 1:main] cluster - producer_state_manager.cc:45 - Started producer state manager
INFO  2026-06-28 07:41:08,433 [shard 0:main] main - application_services.cc:324 - Partition manager started
INFO  2026-06-28 07:41:08,434 [shard 0:main] main - application_services.cc:414 - Archiver service setup, cloud_storage_enabled: false, legacy_upload_mode_enabled: true
INFO  2026-06-28 07:41:08,435 [shard 0:main] resource_mgmt - storage.cc:204 - Setting new target log data size 5.773GiB. Disk size 9.621GiB reservation percent 25 target percent {80} bytes {nullopt}
INFO  2026-06-28 07:41:08,435 [shard 0:main] kafka - server.cc:44 - Creating net::server for kafka_rpc with config {{internal://0.0.0.0:9092:PLAINTEXT}{external://0.0.0.0:19092:PLAINTEXT}, max_service_memory_per_core: 527614500, metrics_enabled:true, listen_backlog:{nullopt}, tcp_recv_buf:{nullopt}, tcp_send_buf:{nullopt}, stream_recv_buf:{nullopt}}
INFO  2026-06-28 07:41:08,436 [shard 1:main] kafka - server.cc:44 - Creating net::server for kafka_rpc with config {{internal://0.0.0.0:9092:PLAINTEXT}{external://0.0.0.0:19092:PLAINTEXT}, max_service_memory_per_core: 527614500, metrics_enabled:true, listen_backlog:{nullopt}, tcp_recv_buf:{nullopt}, tcp_send_buf:{nullopt}, stream_recv_buf:{nullopt}}
INFO  2026-06-28 07:41:08,438 [shard 0:main] main - host_metrics_watcher.cc:149 - Setting up host metrics exporter, data_directory: /var/lib/redpanda/data, cache_directory: /var/lib/redpanda/data/cloud_storage_cache
INFO  2026-06-28 07:41:08,438 [shard 0:main] main - host_metrics_watcher.cc:540 - Resolved data directory '/var/lib/redpanda/data' to device 'sda1' (underlying disk 'sda')
INFO  2026-06-28 07:41:08,438 [shard 0:main] main - host_metrics_watcher.cc:540 - Resolved cache directory '/var/lib/redpanda/data/cloud_storage_cache' to device 'sda1' (underlying disk 'sda')
INFO  2026-06-28 07:41:08,438 [shard 0:main] main - host_metrics_watcher.cc:614 - Monitoring diskstats for devices: sda, sda1
INFO  2026-06-28 07:41:08,438 [shard 0:main] main - host_metrics_watcher.cc:230 - Setting up diskstats metrics for 'sda1' (disklabel, prefix='', data_disk=true, cache_disk=true)
INFO  2026-06-28 07:41:08,438 [shard 0:main] main - host_metrics_watcher.cc:230 - Setting up diskstats metrics for 'sda' (disklabel, prefix='underlying_', data_disk=true, cache_disk=true)
INFO  2026-06-28 07:41:08,438 [shard 0:main] main - host_metrics_watcher.cc:729 - Setting up IO queue config metrics for device 'sda1' (disk='sda', mountpoint='', id=0, data_disk=1, cache_disk=1)
INFO  2026-06-28 07:41:08,450 [shard 0:clus] cluster - controller.cc:1332 - persisted initial configuration invariants: { version: 0, node_id: 0, core_count: 2 }
INFO  2026-06-28 07:41:08,450 [shard 0:clus] cluster - raft0_utils.h:33 - Current node is a cluster founder
INFO  2026-06-28 07:41:08,463 [shard 0:clus] raft - [group_id:0, {redpanda/controller/0}] compaction_coordinator.cc:59 - compaction coordinator started
INFO  2026-06-28 07:41:08,463 [shard 0:rs  ] raft - [group_id:0, {redpanda/controller/0}] consensus.cc:1472 - Starting with voted_for {id: -2147483648, revision: -9223372036854775808} term 0 initial_state true
INFO  2026-06-28 07:41:08,486 [shard 0:rs  ] raft - [group_id:0, {redpanda/controller/0}] consensus.cc:1528 - Current log offsets: {start_offset:-9223372036854775808, committed_offset:-9223372036854775808, committed_offset_term:-9223372036854775808, dirty_offset:-9223372036854775808, dirty_offset_term:-9223372036854775808}, read bootstrap state: data_seen 0 config_seen 0 eol false commit 0 term 0 prev_idx 0 prev_term 0 config_tracker -9223372036854775808 commit_base_tracker -9223372036854775808 configurations []
INFO  2026-06-28 07:41:08,486 [shard 0:rs  ] raft - [group_id:0, {redpanda/controller/0}] consensus.cc:1555 - Truncating configurations at -9223372036854775808
INFO  2026-06-28 07:41:08,508 [shard 0:rs  ] raft - [group_id:0, {redpanda/controller/0}] consensus.cc:938 - starting pre-vote leader election, current term: 0, leadership transfer: false
INFO  2026-06-28 07:41:08,519 [shard 0:main] raft - [group_id:0, {redpanda/controller/0}] consensus.cc:1670 - started raft, log offsets: {start_offset:-9223372036854775808, committed_offset:-9223372036854775808, committed_offset_term:-9223372036854775808, dirty_offset:-9223372036854775808, dirty_offset_term:-9223372036854775808}, term: 0, configuration: {current: {voters: {{id: 0, revision: 0}}, learners: {}}, old:{nullopt}, revision: 0, update: {nullopt}, version: 6}}
INFO  2026-06-28 07:41:08,520 [shard 0:clus] cluster - drain_manager.cc:21 - Drain manager starting
INFO  2026-06-28 07:41:08,521 [shard 1:clus] cluster - drain_manager.cc:21 - Drain manager starting
INFO  2026-06-28 07:41:08,521 [shard 0:clus] cluster - members_manager.cc:98 - starting  members manager with founding brokers: [{id: 0, kafka_advertised_listeners: {{internal:{host: redpanda, port: 9092}}, {external:{host: localhost, port: 19092}}}, rpc_address: {host: 127.0.0.1, port: 33145}, rack: {nullopt}, properties: {cores 2, mem_available 4294967296, disk_available 9, in_fips_mode disabled}}]
INFO  2026-06-28 07:41:08,521 [shard 0:clus] cluster - controller.cc:657 - Controller log replay starting (to offset -9223372036854775808)
INFO  2026-06-28 07:41:08,521 [shard 0:clus] cluster - controller.cc:668 - Controller log replay complete.
INFO  2026-06-28 07:41:08,530 [shard 0:rs  ] raft - [group_id:0, {redpanda/controller/0}] vote_stm.cc:428 - becoming the leader term:1
INFO  2026-06-28 07:41:08,530 [shard 0:rs  ] storage - segment.cc:849 - Creating new segment /var/lib/redpanda/data/redpanda/controller/0_0/0-1-v1.log
INFO  2026-06-28 07:41:08,555 [shard 0:rs  ] raft - [group_id:0, {redpanda/controller/0}] vote_stm.cc:443 - became the leader term: 1
INFO  2026-06-28 07:41:08,621 [shard 0:clus] cluster - controller.cc:1132 - Creating cluster UUID 0316cf15-b2fb-4c3e-a489-96ec69d2b816
INFO  2026-06-28 07:41:08,622 [shard 0:clus] cluster - bootstrap_backend.cc:92 - Applying update to bootstrap_manager
INFO  2026-06-28 07:41:08,622 [shard 0:clus] cluster - members_manager.cc:860 - initializing cluster state with initial brokers [{id: 0, kafka_advertised_listeners: {{internal:{host: redpanda, port: 9092}}, {external:{host: localhost, port: 19092}}}, rpc_address: {host: 127.0.0.1, port: 33145}, rack: {nullopt}, properties: {cores 2, mem_available 4294967296, disk_available 9, in_fips_mode disabled}}], and node UUID map: {{19b0dcf3-695f-4483-b215-f78da119d5b9 -> 0}} at offset: 1
INFO  2026-06-28 07:41:08,622 [shard 0:clus] cluster - members_table.cc:114 - setting initial nodes [{id: 0, kafka_advertised_listeners: {{internal:{host: redpanda, port: 9092}}, {external:{host: localhost, port: 19092}}}, rpc_address: {host: 127.0.0.1, port: 33145}, rack: {nullopt}, properties: {cores 2, mem_available 4294967296, disk_available 9, in_fips_mode disabled}}]
INFO  2026-06-28 07:41:08,622 [shard 1:clus] cluster - members_table.cc:114 - setting initial nodes [{id: 0, kafka_advertised_listeners: {{internal:{host: redpanda, port: 9092}}, {external:{host: localhost, port: 19092}}}, rpc_address: {host: 127.0.0.1, port: 33145}, rack: {nullopt}, properties: {cores 2, mem_available 4294967296, disk_available 9, in_fips_mode disabled}}]
INFO  2026-06-28 07:41:08,633 [shard 0:clus] features - feature_table.cc:506 - Activating features from bootstrap version 18
INFO  2026-06-28 07:41:08,634 [shard 0:clus] cluster - feature_backend.cc:149 - Saving feature_table_snapshot at version 18...
INFO  2026-06-28 07:41:08,656 [shard 0:clus] cluster - controller.cc:1140 - Cluster UUID created 0316cf15-b2fb-4c3e-a489-96ec69d2b816
INFO  2026-06-28 07:41:08,656 [shard 0:clus] cluster - shard_placement_table.cc:297 - enabling table persistence...
INFO  2026-06-28 07:41:08,667 [shard 0:clus] cluster - shard_balancer.cc:539 - detected core count change, triggering rebalance...
INFO  2026-06-28 07:41:08,667 [shard 0:clus] cluster - shard_balancer.cc:589 - after balancing 0 ntps were reassigned
INFO  2026-06-28 07:41:08,678 [shard 0:clus] cluster - controller_backend.cc:884 - Cleaning up orphan topic files. bootstrap_revision: -9223372036854775808
INFO  2026-06-28 07:41:08,679 [shard 0:clus] cluster - feature_manager.cc:103 - Starting...
INFO  2026-06-28 07:41:08,679 [shard 0:clus] cluster - feature_manager.cc:682 - Activating features after upgrade...
INFO  2026-06-28 07:41:08,679 [shard 0:clus] cluster - feature_manager.cc:691 - Activating feature broker_time_based_retention (logical version 18)
INFO  2026-06-28 07:41:08,679 [shard 0:clus] cluster - feature_manager.cc:691 - Activating feature validated_batch_timestamps (logical version 18)
INFO  2026-06-28 07:41:08,679 [shard 0:clus] cluster - metrics_reporter.cc:494 - Waiting to initialize cluster metrics ID...
INFO  2026-06-28 07:41:08,679 [shard 0:clus] cluster - partition_balancer_backend.cc:123 - partition balancer started
INFO  2026-06-28 07:41:08,679 [shard 0:clus] data-migrate - data_migration_backend.cc:122 - backend starting
INFO  2026-06-28 07:41:08,679 [shard 0:clus] data-migrate - data_migration_backend.cc:199 - backend not started as cloud_storage_api is not available
INFO  2026-06-28 07:41:08,679 [shard 0:main] cluster - leader_balancer.cc:113 - Leader balancer: controller leadership detected. Starting rebalancer in 30 seconds
INFO  2026-06-28 07:41:08,679 [shard 0:clus] cluster - config_manager.cc:160 - Importing property auto_create_topics_enabled:1
INFO  2026-06-28 07:41:08,679 [shard 0:clus] cluster - config_manager.cc:160 - Importing property topic_partitions_per_shard:1000
INFO  2026-06-28 07:41:08,679 [shard 0:clus] cluster - config_manager.cc:160 - Importing property storage_min_free_bytes:10485760
INFO  2026-06-28 07:41:08,679 [shard 0:clus] cluster - config_manager.cc:160 - Importing property group_initial_rebalance_delay:0ms
INFO  2026-06-28 07:41:08,679 [shard 0:clus] cluster - config_manager.cc:160 - Importing property write_caching_default:true
INFO  2026-06-28 07:41:08,679 [shard 0:clus] cluster - config_manager.cc:160 - Importing property fetch_reads_debounce_timeout:10ms
INFO  2026-06-28 07:41:08,679 [shard 0:clus] cluster - config_manager.cc:160 - Importing property log_segment_size_min:{1}
INFO  2026-06-28 07:41:08,679 [shard 0:clus] cluster - config_manager.cc:160 - Importing property group_topic_partitions:3
INFO  2026-06-28 07:41:08,682 [shard 0:clus] cluster - feature_backend.cc:149 - Saving feature_table_snapshot at version 18...
WARN  2026-06-28 07:41:08,682 [shard 0:main] admin_api_server - server.cc:772 - Insecure Admin API listener on 0.0.0.0:9644, consider enabling `admin_api_require_auth`
INFO  2026-06-28 07:41:08,682 [shard 0:main] admin_api_server - server.cc:561 - Started HTTP admin service listening at {{:{host: 0.0.0.0, port: 9644}}}
WARN  2026-06-28 07:41:08,682 [shard 1:main] admin_api_server - server.cc:772 - Insecure Admin API listener on 0.0.0.0:9644, consider enabling `admin_api_require_auth`
INFO  2026-06-28 07:41:08,682 [shard 1:main] admin_api_server - server.cc:561 - Started HTTP admin service listening at {{:{host: 0.0.0.0, port: 9644}}}
INFO  2026-06-28 07:41:08,682 [shard 0:main] resource_mgmt - storage.cc:73 - Starting disk space manager service (enabled)
INFO  2026-06-28 07:41:08,684 [shard 0:main] main - application_bootstrap.cc:558 - Started Pandaproxy listening at {{:{host: 0.0.0.0, port: 8082}:<nullopt>}}
INFO  2026-06-28 07:41:08,684 [shard 0:main] schemaregistry - api.cc:77 - Qualified subject parsing enabled: false
INFO  2026-06-28 07:41:08,690 [shard 0:main] main - application_bootstrap.cc:566 - Started Schema Registry listening at {{:{host: 0.0.0.0, port: 8081}:<nullopt>}}
INFO  2026-06-28 07:41:08,690 [shard 0:main] auditing - audit_log_manager.cc:179 - Audit log in RPC mode
INFO  2026-06-28 07:41:08,690 [shard 1:main] auditing - audit_log_manager.cc:179 - Audit log in RPC mode
INFO  2026-06-28 07:41:08,690 [shard 0:main] main - application_start.cc:271 - Waiting for cluster membership
INFO  2026-06-28 07:41:08,690 [shard 0:main] main - application_start.cc:289 - Waiting for Cluster ID to initialize...
INFO  2026-06-28 07:41:08,693 [shard 0:clus] cluster - metrics_reporter.cc:542 - Generated cluster metrics ID e058f494-4553-45ed-9671-73f356701533
INFO  2026-06-28 07:41:08,698 [shard 0:clus] cluster - config_manager.cc:132 - Completed bootstrap as leader
INFO  2026-06-28 07:41:08,698 [shard 0:clus] cluster - config_manager.cc:120 - Bootstrap complete (version 1)
INFO  2026-06-28 07:41:08,699 [shard 0:main] main - application_start.cc:300 - Started Kafka API server listening at {{internal:{host: 0.0.0.0, port: 9092}:{nullopt}}, {external:{host: 0.0.0.0, port: 19092}:{nullopt}}}
INFO  2026-06-28 07:41:08,699 [shard 0:main] shadow_link - service.cc:1077 - Starting cluster link service
INFO  2026-06-28 07:41:08,700 [shard 1:main] shadow_link - service.cc:1077 - Starting cluster link service
INFO  2026-06-28 07:41:08,700 [shard 0:main] main - application_bootstrap.cc:611 - Successfully started Redpanda!
INFO  2026-06-28 07:41:08,703 [shard 0:clus] cluster - metrics_reporter.cc:573 - Initialized cluster_id to e058f494-4553-45ed-9671-73f356701533
INFO  2026-06-28 07:41:10,407 [shard 1:kafk] cluster - topics_frontend.cc:1006 - Delete topics {}
INFO  2026-06-28 07:41:11,547 [shard 1:kafk] cluster - topics_frontend.cc:384 - Create topics [{configuration: { topic: {kafka/ad-stream-topic}, partition_count: 10, replication_factor: 1, is_migrated: false, topic_id: {nullopt}, properties: { compression: {nullopt}, cleanup_policy_bitflags: {nullopt}, compaction_strategy: {nullopt}, retention_bytes: {{nullopt}}, retention_duration_ms: {{nullopt}}, segment_size: {nullopt}, timestamp_type: {nullopt}, recovery_enabled: {nullopt}, shadow_indexing: {disabled}, read_replica: {nullopt}, read_replica_bucket: {nullopt}, remote_topic_namespace_override: {nullopt}, remote_topic_properties: {nullopt}, remote_topic_allow_gaps: {nullopt}, batch_max_bytes: {nullopt}, retention_local_target_bytes: {{nullopt}}, retention_local_target_ms: {{nullopt}}, remote_delete: true, segment_ms: {{nullopt}}, record_key_schema_id_validation: {nullopt}, record_key_schema_id_validation_compat: {nullopt}, record_key_subject_name_strategy: {nullopt}, record_key_subject_name_strategy_compat: {nullopt}, record_value_schema_id_validation: {nullopt}, record_value_schema_id_validation_compat: {nullopt}, record_value_subject_name_strategy: {nullopt}, record_value_subject_name_strategy_compat: {nullopt}, initial_retention_local_target_bytes: {{nullopt}}, initial_retention_local_target_ms: {{nullopt}}, mpx_virtual_cluster_id: {nullopt}, write_caching: {nullopt}, flush_ms: {nullopt}, flush_bytes: {nullopt}, remote_label: {nullopt}, iceberg_mode: disabled, leaders_preference: {nullopt}, delete_retention_ms: {disabled}, iceberg_delete: {nullopt}, iceberg_partition_spec: {nullopt}, iceberg_invalid_record_action: {nullopt}, iceberg_target_lag_ms: {nullopt}, min_cleanable_dirty_ratio: {{nullopt}}, min_compaction_lag_ms: {nullopt}, max_compaction_lag_ms: {nullopt}, message_timestamp_before_max_ms: {nullopt}, message_timestamp_after_max_ms: {nullopt}, redpanda_storage_mode: unset}}, custom_assignments: {}}]
INFO  2026-06-28 07:41:11,559 [shard 1:main] storage - segment.cc:849 - Creating new segment /var/lib/redpanda/data/redpanda/kvstore/1_0/0-0-v1.log
INFO  2026-06-28 07:41:11,584 [shard 0:main] raft - [group_id:2, {kafka/ad-stream-topic/1}] compaction_coordinator.cc:59 - compaction coordinator started
INFO  2026-06-28 07:41:11,585 [shard 0:rs  ] raft - [group_id:2, {kafka/ad-stream-topic/1}] consensus.cc:1472 - Starting with voted_for {id: -2147483648, revision: -9223372036854775808} term 0 initial_state true
INFO  2026-06-28 07:41:11,585 [shard 1:main] raft - [group_id:1, {kafka/ad-stream-topic/0}] compaction_coordinator.cc:59 - compaction coordinator started
INFO  2026-06-28 07:41:11,585 [shard 1:rs  ] raft - [group_id:1, {kafka/ad-stream-topic/0}] consensus.cc:1472 - Starting with voted_for {id: -2147483648, revision: -9223372036854775808} term 0 initial_state true
INFO  2026-06-28 07:41:11,585 [shard 0:main] raft - [group_id:4, {kafka/ad-stream-topic/3}] compaction_coordinator.cc:59 - compaction coordinator started
INFO  2026-06-28 07:41:11,585 [shard 0:main] raft - [group_id:6, {kafka/ad-stream-topic/5}] compaction_coordinator.cc:59 - compaction coordinator started
INFO  2026-06-28 07:41:11,585 [shard 0:main] raft - [group_id:8, {kafka/ad-stream-topic/7}] compaction_coordinator.cc:59 - compaction coordinator started
INFO  2026-06-28 07:41:11,586 [shard 0:main] raft - [group_id:10, {kafka/ad-stream-topic/9}] compaction_coordinator.cc:59 - compaction coordinator started
INFO  2026-06-28 07:41:11,586 [shard 0:rs  ] raft - [group_id:6, {kafka/ad-stream-topic/5}] consensus.cc:1472 - Starting with voted_for {id: -2147483648, revision: -9223372036854775808} term 0 initial_state true
INFO  2026-06-28 07:41:11,586 [shard 0:rs  ] raft - [group_id:8, {kafka/ad-stream-topic/7}] consensus.cc:1472 - Starting with voted_for {id: -2147483648, revision: -9223372036854775808} term 0 initial_state true
INFO  2026-06-28 07:41:11,586 [shard 0:rs  ] raft - [group_id:4, {kafka/ad-stream-topic/3}] consensus.cc:1472 - Starting with voted_for {id: -2147483648, revision: -9223372036854775808} term 0 initial_state true
INFO  2026-06-28 07:41:11,586 [shard 0:rs  ] raft - [group_id:10, {kafka/ad-stream-topic/9}] consensus.cc:1472 - Starting with voted_for {id: -2147483648, revision: -9223372036854775808} term 0 initial_state true
INFO  2026-06-28 07:41:11,586 [shard 1:main] raft - [group_id:3, {kafka/ad-stream-topic/2}] compaction_coordinator.cc:59 - compaction coordinator started
INFO  2026-06-28 07:41:11,586 [shard 1:main] raft - [group_id:5, {kafka/ad-stream-topic/4}] compaction_coordinator.cc:59 - compaction coordinator started
INFO  2026-06-28 07:41:11,588 [shard 1:rs  ] raft - [group_id:3, {kafka/ad-stream-topic/2}] consensus.cc:1472 - Starting with voted_for {id: -2147483648, revision: -9223372036854775808} term 0 initial_state true
INFO  2026-06-28 07:41:11,588 [shard 1:main] raft - [group_id:7, {kafka/ad-stream-topic/6}] compaction_coordinator.cc:59 - compaction coordinator started
INFO  2026-06-28 07:41:11,588 [shard 1:main] raft - [group_id:9, {kafka/ad-stream-topic/8}] compaction_coordinator.cc:59 - compaction coordinator started
INFO  2026-06-28 07:41:11,588 [shard 1:rs  ] raft - [group_id:7, {kafka/ad-stream-topic/6}] consensus.cc:1472 - Starting with voted_for {id: -2147483648, revision: -9223372036854775808} term 0 initial_state true
INFO  2026-06-28 07:41:11,588 [shard 1:rs  ] raft - [group_id:5, {kafka/ad-stream-topic/4}] consensus.cc:1472 - Starting with voted_for {id: -2147483648, revision: -9223372036854775808} term 0 initial_state true
INFO  2026-06-28 07:41:11,588 [shard 1:rs  ] raft - [group_id:9, {kafka/ad-stream-topic/8}] consensus.cc:1472 - Starting with voted_for {id: -2147483648, revision: -9223372036854775808} term 0 initial_state true
INFO  2026-06-28 07:41:11,607 [shard 0:rs  ] offset_translator - ntp: {kafka/ad-stream-topic/1} - offset_translator.cc:120 - resetting offset translation state
INFO  2026-06-28 07:41:11,607 [shard 0:rs  ] offset_translator - ntp: {kafka/ad-stream-topic/5} - offset_translator.cc:120 - resetting offset translation state
INFO  2026-06-28 07:41:11,607 [shard 0:rs  ] offset_translator - ntp: {kafka/ad-stream-topic/7} - offset_translator.cc:120 - resetting offset translation state
INFO  2026-06-28 07:41:11,607 [shard 0:rs  ] offset_translator - ntp: {kafka/ad-stream-topic/3} - offset_translator.cc:120 - resetting offset translation state
INFO  2026-06-28 07:41:11,607 [shard 0:rs  ] offset_translator - ntp: {kafka/ad-stream-topic/9} - offset_translator.cc:120 - resetting offset translation state
INFO  2026-06-28 07:41:11,607 [shard 1:rs  ] offset_translator - ntp: {kafka/ad-stream-topic/0} - offset_translator.cc:120 - resetting offset translation state
INFO  2026-06-28 07:41:11,607 [shard 1:rs  ] offset_translator - ntp: {kafka/ad-stream-topic/2} - offset_translator.cc:120 - resetting offset translation state
INFO  2026-06-28 07:41:11,607 [shard 1:rs  ] offset_translator - ntp: {kafka/ad-stream-topic/6} - offset_translator.cc:120 - resetting offset translation state
INFO  2026-06-28 07:41:11,607 [shard 1:rs  ] offset_translator - ntp: {kafka/ad-stream-topic/4} - offset_translator.cc:120 - resetting offset translation state
INFO  2026-06-28 07:41:11,607 [shard 1:rs  ] offset_translator - ntp: {kafka/ad-stream-topic/8} - offset_translator.cc:120 - resetting offset translation state
INFO  2026-06-28 07:41:11,630 [shard 1:rs  ] offset_translator - ntp: {kafka/ad-stream-topic/0} - offset_translator.cc:166 - started, state: {base offset/delta: -9223372036854775808/0, map size: 1, last delta: 0}, highest_known_offset: -9223372036854775808
INFO  2026-06-28 07:41:11,630 [shard 1:rs  ] offset_translator - ntp: {kafka/ad-stream-topic/2} - offset_translator.cc:166 - started, state: {base offset/delta: -9223372036854775808/0, map size: 1, last delta: 0}, highest_known_offset: -9223372036854775808
INFO  2026-06-28 07:41:11,630 [shard 0:rs  ] offset_translator - ntp: {kafka/ad-stream-topic/1} - offset_translator.cc:166 - started, state: {base offset/delta: -9223372036854775808/0, map size: 1, last delta: 0}, highest_known_offset: -9223372036854775808
INFO  2026-06-28 07:41:11,630 [shard 0:rs  ] offset_translator - ntp: {kafka/ad-stream-topic/5} - offset_translator.cc:166 - started, state: {base offset/delta: -9223372036854775808/0, map size: 1, last delta: 0}, highest_known_offset: -9223372036854775808
INFO  2026-06-28 07:41:11,630 [shard 0:rs  ] offset_translator - ntp: {kafka/ad-stream-topic/7} - offset_translator.cc:166 - started, state: {base offset/delta: -9223372036854775808/0, map size: 1, last delta: 0}, highest_known_offset: -9223372036854775808
INFO  2026-06-28 07:41:11,630 [shard 0:rs  ] offset_translator - ntp: {kafka/ad-stream-topic/3} - offset_translator.cc:166 - started, state: {base offset/delta: -9223372036854775808/0, map size: 1, last delta: 0}, highest_known_offset: -9223372036854775808
INFO  2026-06-28 07:41:11,630 [shard 0:rs  ] offset_translator - ntp: {kafka/ad-stream-topic/9} - offset_translator.cc:166 - started, state: {base offset/delta: -9223372036854775808/0, map size: 1, last delta: 0}, highest_known_offset: -9223372036854775808
INFO  2026-06-28 07:41:11,630 [shard 1:rs  ] offset_translator - ntp: {kafka/ad-stream-topic/6} - offset_translator.cc:166 - started, state: {base offset/delta: -9223372036854775808/0, map size: 1, last delta: 0}, highest_known_offset: -9223372036854775808
INFO  2026-06-28 07:41:11,630 [shard 1:rs  ] offset_translator - ntp: {kafka/ad-stream-topic/4} - offset_translator.cc:166 - started, state: {base offset/delta: -9223372036854775808/0, map size: 1, last delta: 0}, highest_known_offset: -9223372036854775808
INFO  2026-06-28 07:41:11,630 [shard 1:rs  ] offset_translator - ntp: {kafka/ad-stream-topic/8} - offset_translator.cc:166 - started, state: {base offset/delta: -9223372036854775808/0, map size: 1, last delta: 0}, highest_known_offset: -9223372036854775808
INFO  2026-06-28 07:41:11,630 [shard 0:rs  ] raft - [group_id:2, {kafka/ad-stream-topic/1}] consensus.cc:1528 - Current log offsets: {start_offset:-9223372036854775808, committed_offset:-9223372036854775808, committed_offset_term:-9223372036854775808, dirty_offset:-9223372036854775808, dirty_offset_term:-9223372036854775808}, read bootstrap state: data_seen 0 config_seen 0 eol false commit 0 term 0 prev_idx 0 prev_term 0 config_tracker -9223372036854775808 commit_base_tracker -9223372036854775808 configurations []
INFO  2026-06-28 07:41:11,630 [shard 0:rs  ] raft - [group_id:2, {kafka/ad-stream-topic/1}] consensus.cc:1555 - Truncating configurations at -9223372036854775808
INFO  2026-06-28 07:41:11,630 [shard 1:rs  ] raft - [group_id:1, {kafka/ad-stream-topic/0}] consensus.cc:1528 - Current log offsets: {start_offset:-9223372036854775808, committed_offset:-9223372036854775808, committed_offset_term:-9223372036854775808, dirty_offset:-9223372036854775808, dirty_offset_term:-9223372036854775808}, read bootstrap state: data_seen 0 config_seen 0 eol false commit 0 term 0 prev_idx 0 prev_term 0 config_tracker -9223372036854775808 commit_base_tracker -9223372036854775808 configurations []
INFO  2026-06-28 07:41:11,630 [shard 1:rs  ] raft - [group_id:1, {kafka/ad-stream-topic/0}] consensus.cc:1555 - Truncating configurations at -9223372036854775808
INFO  2026-06-28 07:41:11,630 [shard 0:rs  ] raft - [group_id:6, {kafka/ad-stream-topic/5}] consensus.cc:1528 - Current log offsets: {start_offset:-9223372036854775808, committed_offset:-9223372036854775808, committed_offset_term:-9223372036854775808, dirty_offset:-9223372036854775808, dirty_offset_term:-9223372036854775808}, read bootstrap state: data_seen 0 config_seen 0 eol false commit 0 term 0 prev_idx 0 prev_term 0 config_tracker -9223372036854775808 commit_base_tracker -9223372036854775808 configurations []
INFO  2026-06-28 07:41:11,630 [shard 0:rs  ] raft - [group_id:6, {kafka/ad-stream-topic/5}] consensus.cc:1555 - Truncating configurations at -9223372036854775808
INFO  2026-06-28 07:41:11,630 [shard 1:rs  ] raft - [group_id:3, {kafka/ad-stream-topic/2}] consensus.cc:1528 - Current log offsets: {start_offset:-9223372036854775808, committed_offset:-9223372036854775808, committed_offset_term:-9223372036854775808, dirty_offset:-9223372036854775808, dirty_offset_term:-9223372036854775808}, read bootstrap state: data_seen 0 config_seen 0 eol false commit 0 term 0 prev_idx 0 prev_term 0 config_tracker -9223372036854775808 commit_base_tracker -9223372036854775808 configurations []
INFO  2026-06-28 07:41:11,630 [shard 1:rs  ] raft - [group_id:3, {kafka/ad-stream-topic/2}] consensus.cc:1555 - Truncating configurations at -9223372036854775808
INFO  2026-06-28 07:41:11,630 [shard 0:rs  ] raft - [group_id:8, {kafka/ad-stream-topic/7}] consensus.cc:1528 - Current log offsets: {start_offset:-9223372036854775808, committed_offset:-9223372036854775808, committed_offset_term:-9223372036854775808, dirty_offset:-9223372036854775808, dirty_offset_term:-9223372036854775808}, read bootstrap state: data_seen 0 config_seen 0 eol false commit 0 term 0 prev_idx 0 prev_term 0 config_tracker -9223372036854775808 commit_base_tracker -9223372036854775808 configurations []
INFO  2026-06-28 07:41:11,630 [shard 0:rs  ] raft - [group_id:8, {kafka/ad-stream-topic/7}] consensus.cc:1555 - Truncating configurations at -9223372036854775808
INFO  2026-06-28 07:41:11,630 [shard 0:rs  ] raft - [group_id:4, {kafka/ad-stream-topic/3}] consensus.cc:1528 - Current log offsets: {start_offset:-9223372036854775808, committed_offset:-9223372036854775808, committed_offset_term:-9223372036854775808, dirty_offset:-9223372036854775808, dirty_offset_term:-9223372036854775808}, read bootstrap state: data_seen 0 config_seen 0 eol false commit 0 term 0 prev_idx 0 prev_term 0 config_tracker -9223372036854775808 commit_base_tracker -9223372036854775808 configurations []
INFO  2026-06-28 07:41:11,630 [shard 0:rs  ] raft - [group_id:4, {kafka/ad-stream-topic/3}] consensus.cc:1555 - Truncating configurations at -9223372036854775808
INFO  2026-06-28 07:41:11,630 [shard 1:rs  ] raft - [group_id:7, {kafka/ad-stream-topic/6}] consensus.cc:1528 - Current log offsets: {start_offset:-9223372036854775808, committed_offset:-9223372036854775808, committed_offset_term:-9223372036854775808, dirty_offset:-9223372036854775808, dirty_offset_term:-9223372036854775808}, read bootstrap state: data_seen 0 config_seen 0 eol false commit 0 term 0 prev_idx 0 prev_term 0 config_tracker -9223372036854775808 commit_base_tracker -9223372036854775808 configurations []
INFO  2026-06-28 07:41:11,630 [shard 1:rs  ] raft - [group_id:7, {kafka/ad-stream-topic/6}] consensus.cc:1555 - Truncating configurations at -9223372036854775808
INFO  2026-06-28 07:41:11,630 [shard 1:rs  ] raft - [group_id:5, {kafka/ad-stream-topic/4}] consensus.cc:1528 - Current log offsets: {start_offset:-9223372036854775808, committed_offset:-9223372036854775808, committed_offset_term:-9223372036854775808, dirty_offset:-9223372036854775808, dirty_offset_term:-9223372036854775808}, read bootstrap state: data_seen 0 config_seen 0 eol false commit 0 term 0 prev_idx 0 prev_term 0 config_tracker -9223372036854775808 commit_base_tracker -9223372036854775808 configurations []
INFO  2026-06-28 07:41:11,630 [shard 1:rs  ] raft - [group_id:5, {kafka/ad-stream-topic/4}] consensus.cc:1555 - Truncating configurations at -9223372036854775808
INFO  2026-06-28 07:41:11,630 [shard 0:rs  ] raft - [group_id:10, {kafka/ad-stream-topic/9}] consensus.cc:1528 - Current log offsets: {start_offset:-9223372036854775808, committed_offset:-9223372036854775808, committed_offset_term:-9223372036854775808, dirty_offset:-9223372036854775808, dirty_offset_term:-9223372036854775808}, read bootstrap state: data_seen 0 config_seen 0 eol false commit 0 term 0 prev_idx 0 prev_term 0 config_tracker -9223372036854775808 commit_base_tracker -9223372036854775808 configurations []
INFO  2026-06-28 07:41:11,630 [shard 1:rs  ] raft - [group_id:9, {kafka/ad-stream-topic/8}] consensus.cc:1528 - Current log offsets: {start_offset:-9223372036854775808, committed_offset:-9223372036854775808, committed_offset_term:-9223372036854775808, dirty_offset:-9223372036854775808, dirty_offset_term:-9223372036854775808}, read bootstrap state: data_seen 0 config_seen 0 eol false commit 0 term 0 prev_idx 0 prev_term 0 config_tracker -9223372036854775808 commit_base_tracker -9223372036854775808 configurations []
INFO  2026-06-28 07:41:11,630 [shard 1:rs  ] raft - [group_id:9, {kafka/ad-stream-topic/8}] consensus.cc:1555 - Truncating configurations at -9223372036854775808
INFO  2026-06-28 07:41:11,630 [shard 0:rs  ] raft - [group_id:10, {kafka/ad-stream-topic/9}] consensus.cc:1555 - Truncating configurations at -9223372036854775808
INFO  2026-06-28 07:41:11,652 [shard 1:rs  ] raft - [group_id:1, {kafka/ad-stream-topic/0}] consensus.cc:938 - starting pre-vote leader election, current term: 0, leadership transfer: false
INFO  2026-06-28 07:41:11,652 [shard 1:rs  ] raft - [group_id:3, {kafka/ad-stream-topic/2}] consensus.cc:938 - starting pre-vote leader election, current term: 0, leadership transfer: false
INFO  2026-06-28 07:41:11,652 [shard 1:rs  ] raft - [group_id:7, {kafka/ad-stream-topic/6}] consensus.cc:938 - starting pre-vote leader election, current term: 0, leadership transfer: false
INFO  2026-06-28 07:41:11,652 [shard 1:rs  ] raft - [group_id:5, {kafka/ad-stream-topic/4}] consensus.cc:938 - starting pre-vote leader election, current term: 0, leadership transfer: false
INFO  2026-06-28 07:41:11,652 [shard 1:rs  ] raft - [group_id:9, {kafka/ad-stream-topic/8}] consensus.cc:938 - starting pre-vote leader election, current term: 0, leadership transfer: false
INFO  2026-06-28 07:41:11,652 [shard 0:rs  ] raft - [group_id:2, {kafka/ad-stream-topic/1}] consensus.cc:938 - starting pre-vote leader election, current term: 0, leadership transfer: false
INFO  2026-06-28 07:41:11,652 [shard 0:rs  ] raft - [group_id:6, {kafka/ad-stream-topic/5}] consensus.cc:938 - starting pre-vote leader election, current term: 0, leadership transfer: false
INFO  2026-06-28 07:41:11,652 [shard 0:rs  ] raft - [group_id:8, {kafka/ad-stream-topic/7}] consensus.cc:938 - starting pre-vote leader election, current term: 0, leadership transfer: false
INFO  2026-06-28 07:41:11,652 [shard 0:rs  ] raft - [group_id:4, {kafka/ad-stream-topic/3}] consensus.cc:938 - starting pre-vote leader election, current term: 0, leadership transfer: false
INFO  2026-06-28 07:41:11,652 [shard 0:rs  ] raft - [group_id:10, {kafka/ad-stream-topic/9}] consensus.cc:938 - starting pre-vote leader election, current term: 0, leadership transfer: false
INFO  2026-06-28 07:41:11,674 [shard 0:main] raft - [group_id:2, {kafka/ad-stream-topic/1}] state_machine_manager.cc:309 - Applying 'skip_to_end' initial recovery policy for 'write_at_offset' state machine
INFO  2026-06-28 07:41:11,674 [shard 1:main] raft - [group_id:1, {kafka/ad-stream-topic/0}] state_machine_manager.cc:309 - Applying 'skip_to_end' initial recovery policy for 'write_at_offset' state machine
INFO  2026-06-28 07:41:11,674 [shard 1:main] raft - [group_id:1, {kafka/ad-stream-topic/0}] state_machine_manager.cc:354 - Setting next offset: 0 for: 'write_at_offset' state machine as a part of initial recovery policy.
INFO  2026-06-28 07:41:11,674 [shard 1:main] raft - [group_id:1, {kafka/ad-stream-topic/0}] state_machine_manager.cc:309 - Applying 'skip_to_end' initial recovery policy for 'partition_properties_stm' state machine
INFO  2026-06-28 07:41:11,674 [shard 1:main] raft - [group_id:1, {kafka/ad-stream-topic/0}] state_machine_manager.cc:354 - Setting next offset: 0 for: 'partition_properties_stm' state machine as a part of initial recovery policy.
INFO  2026-06-28 07:41:11,674 [shard 1:main] raft - [group_id:1, {kafka/ad-stream-topic/0}] state_machine_manager.cc:309 - Applying 'read_everything' initial recovery policy for 'rm_stm' state machine
INFO  2026-06-28 07:41:11,674 [shard 0:main] raft - [group_id:2, {kafka/ad-stream-topic/1}] state_machine_manager.cc:354 - Setting next offset: 0 for: 'write_at_offset' state machine as a part of initial recovery policy.
INFO  2026-06-28 07:41:11,674 [shard 0:main] raft - [group_id:2, {kafka/ad-stream-topic/1}] state_machine_manager.cc:309 - Applying 'skip_to_end' initial recovery policy for 'partition_properties_stm' state machine
INFO  2026-06-28 07:41:11,674 [shard 0:main] raft - [group_id:2, {kafka/ad-stream-topic/1}] state_machine_manager.cc:354 - Setting next offset: 0 for: 'partition_properties_stm' state machine as a part of initial recovery policy.
INFO  2026-06-28 07:41:11,674 [shard 1:main] raft - [group_id:1, {kafka/ad-stream-topic/0}] state_machine_manager.cc:309 - Applying 'read_everything' initial recovery policy for 'log_eviction_stm' state machine
INFO  2026-06-28 07:41:11,674 [shard 0:main] raft - [group_id:2, {kafka/ad-stream-topic/1}] state_machine_manager.cc:309 - Applying 'read_everything' initial recovery policy for 'rm_stm' state machine
INFO  2026-06-28 07:41:11,675 [shard 0:main] raft - [group_id:2, {kafka/ad-stream-topic/1}] state_machine_manager.cc:309 - Applying 'read_everything' initial recovery policy for 'log_eviction_stm' state machine
INFO  2026-06-28 07:41:11,675 [shard 1:main] raft - [group_id:3, {kafka/ad-stream-topic/2}] state_machine_manager.cc:309 - Applying 'skip_to_end' initial recovery policy for 'write_at_offset' state machine
INFO  2026-06-28 07:41:11,675 [shard 1:main] raft - [group_id:3, {kafka/ad-stream-topic/2}] state_machine_manager.cc:354 - Setting next offset: 0 for: 'write_at_offset' state machine as a part of initial recovery policy.
INFO  2026-06-28 07:41:11,675 [shard 1:main] raft - [group_id:3, {kafka/ad-stream-topic/2}] state_machine_manager.cc:309 - Applying 'skip_to_end' initial recovery policy for 'partition_properties_stm' state machine
INFO  2026-06-28 07:41:11,675 [shard 1:main] raft - [group_id:3, {kafka/ad-stream-topic/2}] state_machine_manager.cc:354 - Setting next offset: 0 for: 'partition_properties_stm' state machine as a part of initial recovery policy.
INFO  2026-06-28 07:41:11,675 [shard 1:main] raft - [group_id:3, {kafka/ad-stream-topic/2}] state_machine_manager.cc:309 - Applying 'read_everything' initial recovery policy for 'rm_stm' state machine
INFO  2026-06-28 07:41:11,675 [shard 1:main] raft - [group_id:3, {kafka/ad-stream-topic/2}] state_machine_manager.cc:309 - Applying 'read_everything' initial recovery policy for 'log_eviction_stm' state machine
INFO  2026-06-28 07:41:11,675 [shard 0:main] raft - [group_id:6, {kafka/ad-stream-topic/5}] state_machine_manager.cc:309 - Applying 'skip_to_end' initial recovery policy for 'write_at_offset' state machine
INFO  2026-06-28 07:41:11,675 [shard 0:main] raft - [group_id:6, {kafka/ad-stream-topic/5}] state_machine_manager.cc:354 - Setting next offset: 0 for: 'write_at_offset' state machine as a part of initial recovery policy.
INFO  2026-06-28 07:41:11,675 [shard 0:main] raft - [group_id:6, {kafka/ad-stream-topic/5}] state_machine_manager.cc:309 - Applying 'skip_to_end' initial recovery policy for 'partition_properties_stm' state machine
INFO  2026-06-28 07:41:11,675 [shard 0:main] raft - [group_id:6, {kafka/ad-stream-topic/5}] state_machine_manager.cc:354 - Setting next offset: 0 for: 'partition_properties_stm' state machine as a part of initial recovery policy.
INFO  2026-06-28 07:41:11,675 [shard 1:main] raft - [group_id:7, {kafka/ad-stream-topic/6}] state_machine_manager.cc:309 - Applying 'skip_to_end' initial recovery policy for 'write_at_offset' state machine
INFO  2026-06-28 07:41:11,675 [shard 0:main] raft - [group_id:6, {kafka/ad-stream-topic/5}] state_machine_manager.cc:309 - Applying 'read_everything' initial recovery policy for 'rm_stm' state machine
INFO  2026-06-28 07:41:11,675 [shard 0:main] raft - [group_id:6, {kafka/ad-stream-topic/5}] state_machine_manager.cc:309 - Applying 'read_everything' initial recovery policy for 'log_eviction_stm' state machine
INFO  2026-06-28 07:41:11,675 [shard 1:main] raft - [group_id:7, {kafka/ad-stream-topic/6}] state_machine_manager.cc:354 - Setting next offset: 0 for: 'write_at_offset' state machine as a part of initial recovery policy.
INFO  2026-06-28 07:41:11,675 [shard 1:main] raft - [group_id:7, {kafka/ad-stream-topic/6}] state_machine_manager.cc:309 - Applying 'skip_to_end' initial recovery policy for 'partition_properties_stm' state machine
INFO  2026-06-28 07:41:11,675 [shard 1:main] raft - [group_id:7, {kafka/ad-stream-topic/6}] state_machine_manager.cc:354 - Setting next offset: 0 for: 'partition_properties_stm' state machine as a part of initial recovery policy.
INFO  2026-06-28 07:41:11,675 [shard 1:main] raft - [group_id:7, {kafka/ad-stream-topic/6}] state_machine_manager.cc:309 - Applying 'read_everything' initial recovery policy for 'rm_stm' state machine
INFO  2026-06-28 07:41:11,675 [shard 1:main] raft - [group_id:7, {kafka/ad-stream-topic/6}] state_machine_manager.cc:309 - Applying 'read_everything' initial recovery policy for 'log_eviction_stm' state machine
INFO  2026-06-28 07:41:11,675 [shard 0:main] raft - [group_id:8, {kafka/ad-stream-topic/7}] state_machine_manager.cc:309 - Applying 'skip_to_end' initial recovery policy for 'write_at_offset' state machine
INFO  2026-06-28 07:41:11,675 [shard 1:main] raft - [group_id:5, {kafka/ad-stream-topic/4}] state_machine_manager.cc:309 - Applying 'skip_to_end' initial recovery policy for 'write_at_offset' state machine
INFO  2026-06-28 07:41:11,675 [shard 1:main] raft - [group_id:5, {kafka/ad-stream-topic/4}] state_machine_manager.cc:354 - Setting next offset: 0 for: 'write_at_offset' state machine as a part of initial recovery policy.
INFO  2026-06-28 07:41:11,675 [shard 1:main] raft - [group_id:5, {kafka/ad-stream-topic/4}] state_machine_manager.cc:309 - Applying 'skip_to_end' initial recovery policy for 'partition_properties_stm' state machine
INFO  2026-06-28 07:41:11,675 [shard 1:main] raft - [group_id:5, {kafka/ad-stream-topic/4}] state_machine_manager.cc:354 - Setting next offset: 0 for: 'partition_properties_stm' state machine as a part of initial recovery policy.
INFO  2026-06-28 07:41:11,675 [shard 1:main] raft - [group_id:5, {kafka/ad-stream-topic/4}] state_machine_manager.cc:309 - Applying 'read_everything' initial recovery policy for 'rm_stm' state machine
INFO  2026-06-28 07:41:11,675 [shard 1:main] raft - [group_id:5, {kafka/ad-stream-topic/4}] state_machine_manager.cc:309 - Applying 'read_everything' initial recovery policy for 'log_eviction_stm' state machine
INFO  2026-06-28 07:41:11,675 [shard 0:main] raft - [group_id:8, {kafka/ad-stream-topic/7}] state_machine_manager.cc:354 - Setting next offset: 0 for: 'write_at_offset' state machine as a part of initial recovery policy.
INFO  2026-06-28 07:41:11,675 [shard 0:main] raft - [group_id:8, {kafka/ad-stream-topic/7}] state_machine_manager.cc:309 - Applying 'skip_to_end' initial recovery policy for 'partition_properties_stm' state machine
INFO  2026-06-28 07:41:11,675 [shard 1:main] raft - [group_id:9, {kafka/ad-stream-topic/8}] state_machine_manager.cc:309 - Applying 'skip_to_end' initial recovery policy for 'write_at_offset' state machine
INFO  2026-06-28 07:41:11,675 [shard 1:main] raft - [group_id:9, {kafka/ad-stream-topic/8}] state_machine_manager.cc:354 - Setting next offset: 0 for: 'write_at_offset' state machine as a part of initial recovery policy.
INFO  2026-06-28 07:41:11,675 [shard 1:main] raft - [group_id:9, {kafka/ad-stream-topic/8}] state_machine_manager.cc:309 - Applying 'skip_to_end' initial recovery policy for 'partition_properties_stm' state machine
INFO  2026-06-28 07:41:11,675 [shard 1:main] raft - [group_id:9, {kafka/ad-stream-topic/8}] state_machine_manager.cc:354 - Setting next offset: 0 for: 'partition_properties_stm' state machine as a part of initial recovery policy.
INFO  2026-06-28 07:41:11,675 [shard 1:main] raft - [group_id:9, {kafka/ad-stream-topic/8}] state_machine_manager.cc:309 - Applying 'read_everything' initial recovery policy for 'rm_stm' state machine
INFO  2026-06-28 07:41:11,675 [shard 1:main] raft - [group_id:9, {kafka/ad-stream-topic/8}] state_machine_manager.cc:309 - Applying 'read_everything' initial recovery policy for 'log_eviction_stm' state machine
INFO  2026-06-28 07:41:11,675 [shard 0:main] raft - [group_id:8, {kafka/ad-stream-topic/7}] state_machine_manager.cc:354 - Setting next offset: 0 for: 'partition_properties_stm' state machine as a part of initial recovery policy.
INFO  2026-06-28 07:41:11,675 [shard 0:main] raft - [group_id:8, {kafka/ad-stream-topic/7}] state_machine_manager.cc:309 - Applying 'read_everything' initial recovery policy for 'rm_stm' state machine
INFO  2026-06-28 07:41:11,675 [shard 0:main] raft - [group_id:8, {kafka/ad-stream-topic/7}] state_machine_manager.cc:309 - Applying 'read_everything' initial recovery policy for 'log_eviction_stm' state machine
INFO  2026-06-28 07:41:11,675 [shard 0:main] raft - [group_id:4, {kafka/ad-stream-topic/3}] state_machine_manager.cc:309 - Applying 'skip_to_end' initial recovery policy for 'write_at_offset' state machine
INFO  2026-06-28 07:41:11,675 [shard 0:main] raft - [group_id:4, {kafka/ad-stream-topic/3}] state_machine_manager.cc:354 - Setting next offset: 0 for: 'write_at_offset' state machine as a part of initial recovery policy.
INFO  2026-06-28 07:41:11,675 [shard 0:main] raft - [group_id:4, {kafka/ad-stream-topic/3}] state_machine_manager.cc:309 - Applying 'skip_to_end' initial recovery policy for 'partition_properties_stm' state machine
INFO  2026-06-28 07:41:11,675 [shard 0:main] raft - [group_id:4, {kafka/ad-stream-topic/3}] state_machine_manager.cc:354 - Setting next offset: 0 for: 'partition_properties_stm' state machine as a part of initial recovery policy.
INFO  2026-06-28 07:41:11,675 [shard 0:main] raft - [group_id:4, {kafka/ad-stream-topic/3}] state_machine_manager.cc:309 - Applying 'read_everything' initial recovery policy for 'rm_stm' state machine
INFO  2026-06-28 07:41:11,675 [shard 0:main] raft - [group_id:4, {kafka/ad-stream-topic/3}] state_machine_manager.cc:309 - Applying 'read_everything' initial recovery policy for 'log_eviction_stm' state machine
INFO  2026-06-28 07:41:11,675 [shard 0:main] raft - [group_id:10, {kafka/ad-stream-topic/9}] state_machine_manager.cc:309 - Applying 'skip_to_end' initial recovery policy for 'write_at_offset' state machine
INFO  2026-06-28 07:41:11,675 [shard 0:main] raft - [group_id:10, {kafka/ad-stream-topic/9}] state_machine_manager.cc:354 - Setting next offset: 0 for: 'write_at_offset' state machine as a part of initial recovery policy.
INFO  2026-06-28 07:41:11,675 [shard 0:main] raft - [group_id:10, {kafka/ad-stream-topic/9}] state_machine_manager.cc:309 - Applying 'skip_to_end' initial recovery policy for 'partition_properties_stm' state machine
INFO  2026-06-28 07:41:11,675 [shard 0:main] raft - [group_id:10, {kafka/ad-stream-topic/9}] state_machine_manager.cc:354 - Setting next offset: 0 for: 'partition_properties_stm' state machine as a part of initial recovery policy.
INFO  2026-06-28 07:41:11,675 [shard 0:main] raft - [group_id:10, {kafka/ad-stream-topic/9}] state_machine_manager.cc:309 - Applying 'read_everything' initial recovery policy for 'rm_stm' state machine
INFO  2026-06-28 07:41:11,675 [shard 0:main] raft - [group_id:10, {kafka/ad-stream-topic/9}] state_machine_manager.cc:309 - Applying 'read_everything' initial recovery policy for 'log_eviction_stm' state machine
INFO  2026-06-28 07:41:11,679 [shard 0:main] raft - [group_id:2, {kafka/ad-stream-topic/1}] consensus.cc:1670 - started raft, log offsets: {start_offset:-9223372036854775808, committed_offset:-9223372036854775808, committed_offset_term:-9223372036854775808, dirty_offset:-9223372036854775808, dirty_offset_term:-9223372036854775808}, term: 0, configuration: {current: {voters: {{id: 0, revision: 7}}, learners: {}}, old:{nullopt}, revision: 7, update: {nullopt}, version: 6}}
INFO  2026-06-28 07:41:11,679 [shard 1:main] raft - [group_id:1, {kafka/ad-stream-topic/0}] consensus.cc:1670 - started raft, log offsets: {start_offset:-9223372036854775808, committed_offset:-9223372036854775808, committed_offset_term:-9223372036854775808, dirty_offset:-9223372036854775808, dirty_offset_term:-9223372036854775808}, term: 0, configuration: {current: {voters: {{id: 0, revision: 7}}, learners: {}}, old:{nullopt}, revision: 7, update: {nullopt}, version: 6}}
INFO  2026-06-28 07:41:11,679 [shard 1:main] raft - [group_id:3, {kafka/ad-stream-topic/2}] consensus.cc:1670 - started raft, log offsets: {start_offset:-9223372036854775808, committed_offset:-9223372036854775808, committed_offset_term:-9223372036854775808, dirty_offset:-9223372036854775808, dirty_offset_term:-9223372036854775808}, term: 0, configuration: {current: {voters: {{id: 0, revision: 7}}, learners: {}}, old:{nullopt}, revision: 7, update: {nullopt}, version: 6}}
INFO  2026-06-28 07:41:11,679 [shard 1:main] raft - [group_id:7, {kafka/ad-stream-topic/6}] consensus.cc:1670 - started raft, log offsets: {start_offset:-9223372036854775808, committed_offset:-9223372036854775808, committed_offset_term:-9223372036854775808, dirty_offset:-9223372036854775808, dirty_offset_term:-9223372036854775808}, term: 0, configuration: {current: {voters: {{id: 0, revision: 7}}, learners: {}}, old:{nullopt}, revision: 7, update: {nullopt}, version: 6}}
INFO  2026-06-28 07:41:11,679 [shard 1:main] raft - [group_id:5, {kafka/ad-stream-topic/4}] consensus.cc:1670 - started raft, log offsets: {start_offset:-9223372036854775808, committed_offset:-9223372036854775808, committed_offset_term:-9223372036854775808, dirty_offset:-9223372036854775808, dirty_offset_term:-9223372036854775808}, term: 0, configuration: {current: {voters: {{id: 0, revision: 7}}, learners: {}}, old:{nullopt}, revision: 7, update: {nullopt}, version: 6}}
INFO  2026-06-28 07:41:11,679 [shard 0:main] raft - [group_id:6, {kafka/ad-stream-topic/5}] consensus.cc:1670 - started raft, log offsets: {start_offset:-9223372036854775808, committed_offset:-9223372036854775808, committed_offset_term:-9223372036854775808, dirty_offset:-9223372036854775808, dirty_offset_term:-9223372036854775808}, term: 0, configuration: {current: {voters: {{id: 0, revision: 7}}, learners: {}}, old:{nullopt}, revision: 7, update: {nullopt}, version: 6}}
INFO  2026-06-28 07:41:11,679 [shard 0:main] raft - [group_id:8, {kafka/ad-stream-topic/7}] consensus.cc:1670 - started raft, log offsets: {start_offset:-9223372036854775808, committed_offset:-9223372036854775808, committed_offset_term:-9223372036854775808, dirty_offset:-9223372036854775808, dirty_offset_term:-9223372036854775808}, term: 0, configuration: {current: {voters: {{id: 0, revision: 7}}, learners: {}}, old:{nullopt}, revision: 7, update: {nullopt}, version: 6}}
INFO  2026-06-28 07:41:11,679 [shard 0:main] raft - [group_id:4, {kafka/ad-stream-topic/3}] consensus.cc:1670 - started raft, log offsets: {start_offset:-9223372036854775808, committed_offset:-9223372036854775808, committed_offset_term:-9223372036854775808, dirty_offset:-9223372036854775808, dirty_offset_term:-9223372036854775808}, term: 0, configuration: {current: {voters: {{id: 0, revision: 7}}, learners: {}}, old:{nullopt}, revision: 7, update: {nullopt}, version: 6}}
INFO  2026-06-28 07:41:11,679 [shard 0:main] raft - [group_id:10, {kafka/ad-stream-topic/9}] consensus.cc:1670 - started raft, log offsets: {start_offset:-9223372036854775808, committed_offset:-9223372036854775808, committed_offset_term:-9223372036854775808, dirty_offset:-9223372036854775808, dirty_offset_term:-9223372036854775808}, term: 0, configuration: {current: {voters: {{id: 0, revision: 7}}, learners: {}}, old:{nullopt}, revision: 7, update: {nullopt}, version: 6}}
INFO  2026-06-28 07:41:11,680 [shard 1:main] raft - [group_id:9, {kafka/ad-stream-topic/8}] consensus.cc:1670 - started raft, log offsets: {start_offset:-9223372036854775808, committed_offset:-9223372036854775808, committed_offset_term:-9223372036854775808, dirty_offset:-9223372036854775808, dirty_offset_term:-9223372036854775808}, term: 0, configuration: {current: {voters: {{id: 0, revision: 7}}, learners: {}}, old:{nullopt}, revision: 7, update: {nullopt}, version: 6}}
INFO  2026-06-28 07:41:11,680 [shard 0:clus] cluster - partition_balancer_planner.cc:449 - node 0: no disk report
INFO  2026-06-28 07:41:11,680 [shard 0:clus] cluster - partition_balancer_backend.cc:496 - last status: starting; violations: unavailable nodes: 0, full nodes: 0; nodes to rebalance count: 0; on demand rebalance requested: false; updates in progress: 0; action counts: reassignments: 0, cancellations: 0, node to auto decommission: {nullopt}, failed: 0; counts rebalancing finished: false, force refresh health report: false
INFO  2026-06-28 07:41:11,690 [shard 0:rs  ] raft - [group_id:2, {kafka/ad-stream-topic/1}] vote_stm.cc:428 - becoming the leader term:1
INFO  2026-06-28 07:41:11,690 [shard 0:rs  ] storage - segment.cc:849 - Creating new segment /var/lib/redpanda/data/kafka/ad-stream-topic/1_7/0-1-v1.log
INFO  2026-06-28 07:41:11,690 [shard 0:rs  ] raft - [group_id:6, {kafka/ad-stream-topic/5}] vote_stm.cc:428 - becoming the leader term:1
INFO  2026-06-28 07:41:11,690 [shard 0:rs  ] storage - segment.cc:849 - Creating new segment /var/lib/redpanda/data/kafka/ad-stream-topic/5_7/0-1-v1.log
INFO  2026-06-28 07:41:11,690 [shard 0:rs  ] raft - [group_id:8, {kafka/ad-stream-topic/7}] vote_stm.cc:428 - becoming the leader term:1
INFO  2026-06-28 07:41:11,690 [shard 0:rs  ] storage - segment.cc:849 - Creating new segment /var/lib/redpanda/data/kafka/ad-stream-topic/7_7/0-1-v1.log
INFO  2026-06-28 07:41:11,690 [shard 0:rs  ] raft - [group_id:4, {kafka/ad-stream-topic/3}] vote_stm.cc:428 - becoming the leader term:1
INFO  2026-06-28 07:41:11,690 [shard 0:rs  ] storage - segment.cc:849 - Creating new segment /var/lib/redpanda/data/kafka/ad-stream-topic/3_7/0-1-v1.log
INFO  2026-06-28 07:41:11,690 [shard 0:rs  ] raft - [group_id:10, {kafka/ad-stream-topic/9}] vote_stm.cc:428 - becoming the leader term:1
INFO  2026-06-28 07:41:11,690 [shard 0:rs  ] storage - segment.cc:849 - Creating new segment /var/lib/redpanda/data/kafka/ad-stream-topic/9_7/0-1-v1.log
INFO  2026-06-28 07:41:11,691 [shard 1:rs  ] raft - [group_id:1, {kafka/ad-stream-topic/0}] vote_stm.cc:428 - becoming the leader term:1
INFO  2026-06-28 07:41:11,692 [shard 1:rs  ] storage - segment.cc:849 - Creating new segment /var/lib/redpanda/data/kafka/ad-stream-topic/0_7/0-1-v1.log
INFO  2026-06-28 07:41:11,692 [shard 1:rs  ] raft - [group_id:3, {kafka/ad-stream-topic/2}] vote_stm.cc:428 - becoming the leader term:1
INFO  2026-06-28 07:41:11,692 [shard 1:rs  ] storage - segment.cc:849 - Creating new segment /var/lib/redpanda/data/kafka/ad-stream-topic/2_7/0-1-v1.log
INFO  2026-06-28 07:41:11,692 [shard 1:rs  ] raft - [group_id:7, {kafka/ad-stream-topic/6}] vote_stm.cc:428 - becoming the leader term:1
INFO  2026-06-28 07:41:11,692 [shard 1:rs  ] storage - segment.cc:849 - Creating new segment /var/lib/redpanda/data/kafka/ad-stream-topic/6_7/0-1-v1.log
INFO  2026-06-28 07:41:11,692 [shard 1:rs  ] raft - [group_id:5, {kafka/ad-stream-topic/4}] vote_stm.cc:428 - becoming the leader term:1
INFO  2026-06-28 07:41:11,692 [shard 1:rs  ] storage - segment.cc:849 - Creating new segment /var/lib/redpanda/data/kafka/ad-stream-topic/4_7/0-1-v1.log
INFO  2026-06-28 07:41:11,692 [shard 1:rs  ] raft - [group_id:9, {kafka/ad-stream-topic/8}] vote_stm.cc:428 - becoming the leader term:1
INFO  2026-06-28 07:41:11,692 [shard 1:rs  ] storage - segment.cc:849 - Creating new segment /var/lib/redpanda/data/kafka/ad-stream-topic/8_7/0-1-v1.log
INFO  2026-06-28 07:41:11,715 [shard 1:main] tx - [{kafka/ad-stream-topic/0}] - rm_stm.cc:117 - Setting bootstrap committed offset to: 0
INFO  2026-06-28 07:41:11,715 [shard 1:main] tx - [{kafka/ad-stream-topic/2}] - rm_stm.cc:117 - Setting bootstrap committed offset to: 0
INFO  2026-06-28 07:41:11,715 [shard 1:main] tx - [{kafka/ad-stream-topic/6}] - rm_stm.cc:117 - Setting bootstrap committed offset to: 0
INFO  2026-06-28 07:41:11,715 [shard 1:main] tx - [{kafka/ad-stream-topic/8}] - rm_stm.cc:117 - Setting bootstrap committed offset to: 0
INFO  2026-06-28 07:41:11,715 [shard 1:main] tx - [{kafka/ad-stream-topic/4}] - rm_stm.cc:117 - Setting bootstrap committed offset to: 0
INFO  2026-06-28 07:41:11,715 [shard 1:rs  ] raft - [group_id:1, {kafka/ad-stream-topic/0}] vote_stm.cc:443 - became the leader term: 1
INFO  2026-06-28 07:41:11,715 [shard 1:rs  ] raft - [group_id:3, {kafka/ad-stream-topic/2}] vote_stm.cc:443 - became the leader term: 1
INFO  2026-06-28 07:41:11,715 [shard 1:rs  ] raft - [group_id:7, {kafka/ad-stream-topic/6}] vote_stm.cc:443 - became the leader term: 1
INFO  2026-06-28 07:41:11,715 [shard 1:rs  ] raft - [group_id:9, {kafka/ad-stream-topic/8}] vote_stm.cc:443 - became the leader term: 1
INFO  2026-06-28 07:41:11,715 [shard 1:rs  ] raft - [group_id:5, {kafka/ad-stream-topic/4}] vote_stm.cc:443 - became the leader term: 1
INFO  2026-06-28 07:41:11,716 [shard 0:main] tx - [{kafka/ad-stream-topic/1}] - rm_stm.cc:117 - Setting bootstrap committed offset to: 0
INFO  2026-06-28 07:41:11,716 [shard 0:main] tx - [{kafka/ad-stream-topic/3}] - rm_stm.cc:117 - Setting bootstrap committed offset to: 0
INFO  2026-06-28 07:41:11,716 [shard 0:main] tx - [{kafka/ad-stream-topic/7}] - rm_stm.cc:117 - Setting bootstrap committed offset to: 0
INFO  2026-06-28 07:41:11,716 [shard 0:rs  ] raft - [group_id:2, {kafka/ad-stream-topic/1}] vote_stm.cc:443 - became the leader term: 1
INFO  2026-06-28 07:41:11,716 [shard 0:rs  ] raft - [group_id:4, {kafka/ad-stream-topic/3}] vote_stm.cc:443 - became the leader term: 1
INFO  2026-06-28 07:41:11,716 [shard 0:rs  ] raft - [group_id:8, {kafka/ad-stream-topic/7}] vote_stm.cc:443 - became the leader term: 1
INFO  2026-06-28 07:41:11,716 [shard 0:main] tx - [{kafka/ad-stream-topic/5}] - rm_stm.cc:117 - Setting bootstrap committed offset to: 0
INFO  2026-06-28 07:41:11,716 [shard 0:main] tx - [{kafka/ad-stream-topic/9}] - rm_stm.cc:117 - Setting bootstrap committed offset to: 0
INFO  2026-06-28 07:41:11,716 [shard 0:rs  ] raft - [group_id:6, {kafka/ad-stream-topic/5}] vote_stm.cc:443 - became the leader term: 1
INFO  2026-06-28 07:41:11,716 [shard 0:rs  ] raft - [group_id:10, {kafka/ad-stream-topic/9}] vote_stm.cc:443 - became the leader term: 1
INFO  2026-06-28 07:41:11,750 [shard 1:kafk] kafka - create_topics.cc:180 - Created topic(s) {{kafka/ad-stream-topic}} successfully
INFO  2026-06-28 07:41:41,680 [shard 0:clus] cluster - partition_balancer_planner.cc:449 - node 0: no disk report
INFO  2026-06-28 07:41:41,680 [shard 0:clus] cluster - partition_balancer_backend.cc:496 - last status: starting; violations: unavailable nodes: 0, full nodes: 0; nodes to rebalance count: 0; on demand rebalance requested: false; updates in progress: 0; action counts: reassignments: 0, cancellations: 0, node to auto decommission: {nullopt}, failed: 0; counts rebalancing finished: false, force refresh health report: false
INFO  2026-06-28 07:42:08,556 [shard 0:clus] cluster - controller_stm.cc:141 - created snapshot at offset 7 in 0 ms
INFO  2026-06-28 07:42:08,569 [shard 0:clus] storage - disk_log_impl.cc:3300 - Removing "/var/lib/redpanda/data/redpanda/controller/0_0/0-1-v1.log" (remove_prefix_full_segments, {offset_tracker:{term:1, base_offset:0, committed_offset:7, stable_offset:7, dirty_offset:7}, compacted_segment=0, finished_self_compaction=0, finished_windowed_compaction=0, generation=16, reader={/var/lib/redpanda/data/redpanda/controller/0_0/0-1-v1.log, (1925 bytes)}, writer={closed:false, fallocation_offset:33554432, stable_offset:1925, flushed_offset:1925, committed_offset:1925, inflight: 0, bytes_flush_pending:0}, cache={cache_size=8, dirty tracker: {min: -9223372036854775808, max: -9223372036854775808}}, compaction_index:nullopt, closed=0, tombstone=0, index={file:/var/lib/redpanda/data/redpanda/controller/0_0/0-1-v1.base_index, offsets:0, index:{header_bitflags:0, base_offset:0, max_offset:7, base_timestamp:{timestamp: 1782632468530}, max_timestamp:{timestamp: 1782632471548}, batch_timestamps_are_monotonic:1, with_offset:true, non_data_timestamps:0, broker_timestamp:{{timestamp: 1782632471548}}, num_compactible_records_appended:{7}, clean_compact_timestamp:{nullopt}, may_have_tombstone_records:1, self_compact_timestamp:{nullopt}, may_have_transaction_control_batches:1, may_have_transaction_data_or_fence_batches:1, index(1, 1, 1)}, step:32768, needs_persistence:1}})
